season,asof,location,replicate,Reff__FREE_med,Reff__FREE_q10,Reff__FREE_q90,eps1__FREE_med,eps1__FREE_q10,eps1__FREE_q90,phi1__FREE_med,phi1__FREE_q10,phi1__FREE_q90,mult__FREE_med,mult__FREE_q10,mult__FREE_q90,r__FREE_med,r__FREE_q10,r__FREE_q90,sbeta__FREE_med,sbeta__FREE_q10,sbeta__FREE_q90,sbeta_lo_frac,sbeta_hi_frac,sigma_first,sigma_last,absinc_last,month,stable,turn
2023-24,2023-09-23,Alaska,0,1.4385701417922974,0.8147246837615967,2.4384289979934692,0.5027276873588562,0.15965734869241716,0.8228132724761963,24.265668869018555,9.77534580230713,40.5998420715332,0.015776149928569794,0.0033436710946261883,0.04058121331036091,10.467214584350586,3.451270818710327,23.494441986083984,0.0999707467854023,0.011414493620395661,0.26283272504806526,0.0805,0.0009,0.11083363,0.12673383,0.09224671,09,True,False
2023-24,2023-09-23,Alaska,1,1.4583643674850464,0.8064565658569336,2.4357502460479736,0.4972790330648422,0.15561111271381378,0.8089101910591125,24.425158500671387,10.136824607849121,40.24855041503906,0.015578954480588436,0.003033258020877838,0.03870908543467522,10.509939670562744,3.5453061342239383,24.13537902832032,0.08689229562878609,0.010327198542654514,0.22717768400907518,0.0829,0.0016,0.11221535,0.11287329,0.08312141,09,True,False
2023-24,2023-09-23,Alaska,2,1.423971712589264,0.8461963534355164,2.394784474372864,0.47219254076480865,0.13569029420614243,0.785966157913208,24.8033447265625,10.678442573547365,41.796834564208986,0.015960226766765118,0.0020000000949949026,0.03961988165974617,10.357611656188965,3.4336814880371094,23.294527053833008,0.097821194678545,0.014380698092281818,0.23991373032331476,0.0723,0.0007,0.11025014,0.12045864,0.09068266,09,True,False
2023-24,2023-09-23,California,0,1.4179078936576843,0.8918407618999481,2.10747458934784,0.43261225521564484,0.1662289246916771,0.7306605577468872,25.67916488647461,11.138036918640138,37.575157165527344,0.0030522432643920183,0.0020000000949949026,0.005152037367224695,23.216506958007812,10.600354290008546,35.178504943847656,0.061441339552402496,0.006358550162985923,0.15527752041816711,0.0925,0.0,0.10926701,0.07911475,0.06542201,09,True,False
2023-24,2023-09-23,California,1,1.2546562552452087,0.8373784840106965,2.059611248970032,0.37062838673591614,0.102538225054741,0.7297293543815613,24.177475929260254,6.536307334899902,40.000205993652344,0.003224979853257537,0.0020000000949949026,0.005520877800881863,21.16028594970703,9.829187488555908,33.0265007019043,0.0624526534229517,0.004999999888241291,0.1717178076505661,0.1023,0.0,0.1107738,0.0855148,0.07033588,09,True,False
2023-24,2023-09-23,California,2,1.2103334069252014,0.8394313156604767,2.102149724960327,0.36663463711738586,0.07433384656906128,0.7532023310661317,22.725522994995117,8.137529945373535,39.27289962768555,0.0036297603510320187,0.0020000000949949026,0.006876735482364895,18.825206756591797,8.7791166305542,30.84456443786621,0.0668906420469284,0.0068282634019851685,0.17901804000139238,0.0921,0.0003,0.11002517,0.08977779,0.07199622,09,True,False
2023-24,2023-09-23,New York,0,1.2829198837280273,0.8094522058963776,2.0764009952545166,0.4660397469997406,0.12731214016675957,0.788883626461029,26.202678680419922,12.603189849853516,39.58391342163086,0.004365917528048158,0.0020537932869046926,0.00790687408298254,15.393943786621094,6.0469489097595215,28.62733268737793,0.07367755472660065,0.004999999888241291,0.2056516408920288,0.1102,0.0008,0.11064904,0.10651359,0.08064939,09,True,False
2023-24,2023-09-23,New York,1,1.244762659072876,0.7725200593471527,2.10412232875824,0.4237024337053299,0.10684225708246231,0.790084958076477,26.153078079223633,10.020540332794193,39.97269821166992,0.0040338849648833275,0.0020226736087352037,0.007285162340849638,15.038203239440918,5.935204982757568,28.25237464904785,0.06416479498147964,0.004999999888241291,0.17594897747039795,0.1105,0.0,0.11186284,0.09226167,0.07228098,09,True,False
2023-24,2023-09-23,New York,2,1.2542819380760193,0.8229291617870331,2.0756660223007217,0.42410731315612793,0.08463627099990845,0.8128408789634705,26.49417495727539,12.236970901489258,39.65580024719238,0.004082759842276573,0.0020000000949949026,0.007805586792528629,16.108370780944824,6.690290451049805,29.67954349517823,0.06620199233293533,0.006368905864655987,0.18450288474559784,0.0908,0.0,0.11015778,0.09395771,0.0759949,09,True,False
2023-24,2023-09-23,Pennsylvania,0,1.463428020477295,0.8365416288375855,2.4723655939102174,0.4739275127649307,0.13498955219984057,0.7844616115093231,26.731572151184082,11.21388053894043,44.62809295654297,0.01654214132577181,0.0030771738383919,0.045282136648893356,11.655252456665039,4.932335042953492,23.12960433959961,0.0871812254190445,0.008189877588301905,0.21521530449390416,0.0871,0.0,0.11241336,0.10683381,0.08087094,09,True,False
2023-24,2023-09-23,Pennsylvania,1,1.3578189611434937,0.7385960817337036,2.3189924955368046,0.4203651398420334,0.10930543392896652,0.7392832636833191,24.293100357055664,9.659708309173585,40.25554161071778,0.020564645528793335,0.004424231266602874,0.052028343081474304,12.934319496154785,5.0234733581542965,26.346176147460938,0.07791182398796082,0.008110969420522455,0.1878548264503479,0.0867,0.0,0.11082161,0.0984181,0.07723675,09,True,False
2023-24,2023-09-23,Pennsylvania,2,1.4200698137283325,0.6768037378787994,2.4028310775756836,0.49151675403118134,0.149669149518013,0.7924599647521973,22.48232078552246,7.645740127563477,39.620155334472656,0.01793878059834242,0.002335268771275879,0.06000960022211076,11.471609592437744,4.481651544570923,23.022876739501953,0.08072841912508011,0.006674612872302532,0.2110164910554886,0.0943,0.0,0.11345306,0.10583748,0.07988982,09,True,False
2023-24,2023-09-23,Vermont,0,1.1591130495071411,0.6485440611839295,2.341064691543579,0.525447428226471,0.15828901678323748,0.864239114522934,25.088821411132812,11.191596984863281,41.32011032104492,0.04455859214067459,0.004346081661060456,0.11777045503258707,1.312504768371582,0.10000000149011612,3.449929261207581,0.10831424593925476,0.011536910198628902,0.28911601305007945,0.0791,0.0026,0.11184716,0.13545536,0.09492153,09,True,False
2023-24,2023-09-23,Vermont,1,1.1686066389083862,0.6429375231266022,2.3259467601776125,0.5218125581741333,0.16686604619026185,0.8469352722167969,25.21137237548828,10.912634563446046,42.16080207824707,0.04436871036887169,0.006441960018128162,0.12414459884166718,1.3216522932052612,0.10000000149011612,3.4010717868804945,0.10637478530406952,0.01150490939617157,0.2806593954563141,0.0807,0.0023,0.11116496,0.13261326,0.09300422,09,True,False
2023-24,2023-09-23,Vermont,2,1.112538456916809,0.6290365874767303,2.2763636589050296,0.49895110726356506,0.15218477547168732,0.849500584602356,24.56399154663086,9.957359313964844,41.81797790527344,0.04148998111486435,0.006211460242047907,0.11277125030755997,1.4138041138648987,0.10000000149011612,3.56539604663849,0.09860031306743622,0.011784715671092273,0.2544942796230316,0.0792,0.0003,0.1118087,0.12100135,0.08659693,09,True,False
2023-24,2023-09-23,Wyoming,0,1.0034352540969849,0.6000000238418579,2.2846224784851077,0.6198853850364685,0.24928821325302125,0.9144737362861634,28.50442886352539,11.479875087738037,42.78511695861816,0.01906209159642458,0.0020000000949949026,0.0661264516413212,1.1648315787315369,0.10000000149011612,3.8011551141738895,0.11289995536208153,0.015513999387621887,0.2900721698999405,0.0687,0.0019,0.11260147,0.13546526,0.09173058,09,True,False
2023-24,2023-09-23,Wyoming,1,0.9934676289558411,0.6000000238418579,2.3201087474823,0.5816748440265656,0.23258729577064516,0.8896299183368683,28.148062705993652,11.425137710571292,42.573884201049815,0.019721828401088715,0.0020000000949949026,0.06814335435628892,1.1230838298797607,0.10000000149011612,3.4840176343917846,0.10028382018208504,0.0114330411888659,0.2745289891958237,0.0797,0.0007,0.10803519,0.12588105,0.08811627,09,True,False
2023-24,2023-09-23,Wyoming,2,1.02545166015625,0.6000000238418579,2.3489014148712157,0.594404548406601,0.23458055257797242,0.9009372711181641,28.934914588928223,12.314116096496583,43.38973884582519,0.019598140381276608,0.0020000000949949026,0.0701894409954548,1.1923492550849915,0.10000000149011612,3.9862294197082524,0.11681066453456879,0.017108015902340415,0.2866391032934189,0.0635,0.0026,0.11143178,0.13747473,0.09392999,09,True,False
2023-24,2023-09-30,Alaska,0,1.3374261856079102,0.793104350566864,2.328951120376587,0.47444969415664673,0.14858093857765198,0.8050766587257385,24.867733001708984,10.043794631958008,41.68903350830078,0.023490693420171738,0.005952232424169779,0.05243902653455734,11.234376907348633,4.165144920349121,24.677589416503906,0.09270907938480377,0.00765687692910433,0.23949913680553436,0.0908,0.0004,0.1113733,0.11696017,0.08771807,09,True,False
2023-24,2023-09-30,Alaska,1,1.4143117666244507,0.7852932810783386,2.4319201707839966,0.4900120049715042,0.14610344171524048,0.8185922384262087,24.807793617248535,9.879291534423828,39.934814453125,0.019878875464200974,0.004456673609092833,0.05026502646505835,10.627922058105469,3.993958258628846,22.863686180114748,0.09959130361676216,0.013182394206523895,0.2483540177345276,0.0729,0.0003,0.11086968,0.12227215,0.09139354,09,True,False
2023-24,2023-09-30,Alaska,2,1.4240875244140625,0.8280357718467712,2.4042816162109375,0.49519258737564087,0.13284479081630707,0.8062630295753479,25.652578353881836,10.98498010635376,41.49765396118164,0.02079334482550621,0.004316784907132389,0.04612324386835098,11.783019542694092,4.449839019775391,25.090187072753906,0.09385904669761658,0.014453096315264702,0.24874234199523926,0.0712,0.0008,0.11169374,0.12056587,0.09162455,09,True,False
2023-24,2023-09-30,California,0,1.2938411235809326,0.8029930889606476,2.0727241039276123,0.38944828510284424,0.09535066261887554,0.7348587512969971,26.538436889648438,10.386577129364014,39.84175491333008,0.003518716082908213,0.0020000000949949026,0.006108439061790705,20.98496723175049,11.03891706466675,32.50444412231445,0.0637652650475502,0.007784451777115469,0.1572110950946808,0.0862,0.0,0.10990717,0.08281464,0.06690881,09,True,False
2023-24,2023-09-30,California,1,1.2686197757720947,0.8161563277244568,2.3099424839019775,0.39522886276245117,0.09859883040189743,0.788917624950409,27.559463500976562,9.361765956878664,42.68473434448242,0.003259117715060711,0.0020000000949949026,0.005259137134999037,19.980880737304688,10.01183023452759,31.531753540039062,0.06266448646783829,0.006378408521413803,0.16499087810516366,0.0929,0.0,0.11107255,0.08594503,0.06734684,09,True,False
2023-24,2023-09-30,California,2,1.214923918247223,0.7486385822296143,2.0980043411254883,0.4008779227733612,0.09775623381137849,0.7551822066307068,23.8388729095459,7.418143129348755,37.354556274414065,0.003640416543930769,0.0020000000949949026,0.006846217438578606,19.815649032592773,10.030637550354005,30.58521976470948,0.06562136113643646,0.010359541326761252,0.1592762738466264,0.076,0.0,0.11040305,0.08516557,0.06921282,09,True,False
2023-24,2023-09-30,New York,0,1.601405143737793,0.9991063475608826,2.5,0.49862322211265564,0.15853402018547058,0.8063120245933533,23.417444229125977,12.474225330352786,39.74589538574219,0.005276391748338938,0.002374367555603385,0.01048685153946281,14.137162208557129,5.7041096687316895,25.535558700561523,0.08338277041912079,0.016047213040292267,0.1876109391450882,0.0574,0.0,0.11005989,0.08146269,0.06639274,09,True,False
2023-24,2023-09-30,New York,1,1.6125820875167847,0.9976052641868591,2.4705495595932008,0.5057297945022583,0.17912490665912628,0.8268130660057069,24.51729965209961,12.24079580307007,39.790863037109375,0.0052470373921096325,0.0023136687697842715,0.01066720113158226,12.393872261047363,4.884331703186035,23.45443782806397,0.08590466529130936,0.012872411869466305,0.20202672481536865,0.0705,0.0007,0.10957674,0.09210956,0.07489494,09,True,False
2023-24,2023-09-30,New York,2,1.4880541563034058,0.9700833022594452,2.4094815254211426,0.4624415338039398,0.15230107456445696,0.7881876230239868,23.952728271484375,11.111804008483887,41.4951286315918,0.005481668747961521,0.0020000000949949026,0.011048214510083199,12.313455581665039,5.078488922119141,23.69590702056885,0.07316388189792633,0.009181630611419678,0.18064148873090743,0.0752,0.0,0.11019978,0.08280601,0.06775236,09,True,False
2023-24,2023-09-30,Pennsylvania,0,1.2657935619354248,0.7135775685310364,2.1708611011505132,0.44244664907455444,0.10206770151853563,0.761267685890198,25.465654373168945,8.777349472045898,44.87000274658203,0.032317642122507095,0.008812269195914268,0.06272384524345398,12.068760871887207,5.652760457992554,22.341237068176273,0.0820140391588211,0.01124713197350502,0.1935035765171051,0.0764,0.0,0.11074894,0.1022168,0.07921814,09,True,False
2023-24,2023-09-30,Pennsylvania,1,1.2743183374404907,0.6522081851959228,2.1984827518463135,0.48779647052288055,0.21854495853185654,0.7703204154968262,24.00661849975586,9.091507148742677,40.49816131591797,0.03567556291818619,0.011638193484395742,0.06717171221971513,14.741881370544434,6.4492316246032715,25.52427864074707,0.07975634187459946,0.012676792498677975,0.19004243612289431,0.0727,0.0001,0.11058279,0.09965634,0.07639616,09,True,False
2023-24,2023-09-30,Pennsylvania,2,1.2826513051986694,0.704443222284317,2.264435696601868,0.48131412267684937,0.13380536288023,0.785707414150238,25.291126251220703,8.922484874725344,42.492645263671875,0.039801470935344696,0.011769046168774368,0.07384281605482101,13.94902515411377,6.025567531585693,24.095989227294922,0.09370629489421844,0.014642978087067604,0.2195196896791458,0.0652,0.0003,0.11067501,0.11197724,0.08467899,09,True,False
2023-24,2023-09-30,Vermont,0,1.1775282621383667,0.6612136960029602,2.2309005260467547,0.5274504721164703,0.1822975039482117,0.8401776969432833,24.536020278930664,12.042803764343262,40.593345642089844,0.04213038831949234,0.005496630445122719,0.10521493852138519,2.5437111854553223,0.5938193202018738,6.326723098754883,0.10103584825992584,0.01457669585943222,0.2682232290506366,0.0688,0.0026,0.11176818,0.12349736,0.09010652,09,True,False
2023-24,2023-09-30,Vermont,1,1.1412312984466553,0.6383076906204224,2.2941780328750614,0.4832272529602051,0.14753267467021944,0.8245400786399841,24.985915184020996,11.041275024414062,41.834537506103516,0.0498880073428154,0.005053598247468472,0.12136559337377549,2.7622257471084595,0.6052001237869263,6.933534479141237,0.11971015855669975,0.02036897148936987,0.2962973326444626,0.0579,0.0012,0.1111235,0.1402454,0.09930133,09,True,False
2023-24,2023-09-30,Vermont,2,1.1224668622016907,0.6550483107566833,2.2429919719696048,0.5084665417671204,0.16092856079339982,0.8359635710716248,23.71170425415039,11.269938087463379,39.95622634887695,0.05013534612953663,0.007718975190073252,0.11658270284533502,2.66971492767334,0.6335381865501405,6.825613498687756,0.10260378196835518,0.013985555619001389,0.2623673409223557,0.0762,0.0008,0.11012927,0.12431569,0.09023119,09,True,False
2023-24,2023-09-30,Wyoming,0,1.4427254796028137,0.7797175228595736,2.5,0.5889365673065186,0.21649983525276184,0.9006061315536501,21.28767490386963,11.771653175354004,36.45704536437992,0.02274118922650814,0.0026780120097100735,0.055149808526039124,3.920394539833069,0.21071834862232208,13.593001365661621,0.146368570625782,0.029338378831744196,0.32298147678375244,0.0427,0.0043,0.11465843,0.13902893,0.09555677,09,True,False
2023-24,2023-09-30,Wyoming,1,1.3685521483421326,0.7295307517051697,2.5,0.5548553168773651,0.22109444886446009,0.8722764253616333,21.647184371948242,11.168052673339844,38.03633117675781,0.021733948960900307,0.003822993254289031,0.053606756031513214,3.0991270542144775,0.15106349140405773,11.404708862304688,0.13261128962039948,0.023873886093497276,0.2991552948951721,0.0539,0.0,0.10978236,0.12936869,0.09142784,09,True,False
2023-24,2023-09-30,Wyoming,2,1.4999189376831055,0.8021736025810242,2.5,0.5598580837249756,0.2040074035525323,0.8872500658035278,22.81728172302246,12.404253959655762,36.6162223815918,0.02025335095822811,0.004223000304773452,0.05462208762764931,3.965991735458374,0.18688678741455078,11.569672584533691,0.14769919216632843,0.030082447454333305,0.31652310490608215,0.0478,0.0008,0.11093986,0.13167457,0.09100891,09,True,False
2023-24,2023-10-07,Alaska,0,1.3573402762413025,0.7542530775070191,2.361514568328858,0.4949401766061783,0.1873397141695023,0.8181428849697114,23.888964653015137,10.786584854125977,37.17893943786621,0.036381764337420464,0.011407167278230193,0.07318557947874073,11.567616939544678,4.630700349807739,22.665803909301765,0.09170738980174065,0.010110807605087757,0.23069469928741462,0.0804,0.0003,0.11231857,0.11650636,0.08666838,10,True,False
2023-24,2023-10-07,Alaska,1,1.396294116973877,0.8110408186912538,2.3586637496948244,0.47386951744556427,0.1502655997872353,0.7890358805656433,26.205608367919922,11.694472312927246,41.0334888458252,0.03627188503742218,0.010959249921143055,0.07623083889484406,12.162202835083008,4.752728080749511,24.065235137939453,0.09456844627857208,0.014654549770057201,0.22597326338291168,0.0627,0.0001,0.11302187,0.1163274,0.08906825,10,True,False
2023-24,2023-10-07,Alaska,2,1.4044915437698364,0.7738227486610413,2.3528852701187133,0.5179658532142639,0.1740757778286934,0.8161928653717041,25.176551818847656,10.639347076416016,38.974806213378905,0.03830879181623459,0.011816409137099982,0.07740647271275522,11.044126510620117,4.380579471588136,22.21263103485108,0.08852073550224304,0.00878040231764318,0.22261289060115816,0.0892,0.0,0.11156274,0.11163523,0.08397252,10,True,False
2023-24,2023-10-07,California,0,1.3124656677246094,0.7843650698661806,2.1475234031677246,0.42186152935028076,0.10211776942014694,0.7581857442855835,28.60178565979004,11.325932502746582,41.48074684143068,0.0035650974605232477,0.0020000000949949026,0.0061135646421462304,22.510713577270508,10.69072198867798,35.01051330566406,0.05801515281200409,0.009362456388771534,0.13923653513193138,0.0771,0.0,0.11025465,0.07350297,0.05935897,10,True,False
2023-24,2023-10-07,California,1,1.2797600030899048,0.8845829784870148,2.017641854286194,0.3734820485115051,0.07964432239532471,0.7056114673614502,31.370527267456055,13.891253471374512,45.78955268859864,0.003986574709415436,0.0020000000949949026,0.007620901335030794,21.1430606842041,10.673161506652832,32.12263488769531,0.06377523392438889,0.010340722277760506,0.15002284944057465,0.0745,0.0,0.11040074,0.07975836,0.06864514,10,True,False
2023-24,2023-10-07,California,2,1.4041523933410645,0.9042619526386263,2.202285957336426,0.42231637239456177,0.1251480132341385,0.7456942200660706,28.16908550262451,13.340048599243165,39.12318649291992,0.003360666800290346,0.0020000000949949026,0.005826998967677355,20.424055099487305,10.578260707855225,31.558094024658203,0.06396886706352234,0.0062260704115033256,0.158330474793911,0.0941,0.0,0.11010353,0.08249648,0.06695104,10,True,False
2023-24,2023-10-07,New York,0,1.3949445486068726,0.8384740948677063,2.2176499366760254,0.42286980152130127,0.12002787813544274,0.7558307170867923,24.93629264831543,9.413818645477297,37.76884078979492,0.004809777019545436,0.002024110872298479,0.00964440032839775,10.277741432189941,4.513492774963379,19.203046989440928,0.07703250646591187,0.009221287444233894,0.1906803086400032,0.0836,0.0,0.11287808,0.10969304,0.083572,10,True,False
2023-24,2023-10-07,New York,1,1.3199231624603271,0.8197500705718994,2.2058653831481934,0.423777773976326,0.11583910882472992,0.7665423572063448,23.685951232910156,8.698526382446289,40.04334259033203,0.004766491940245032,0.0020000000949949026,0.010146204754710201,11.725379943847656,5.336239814758301,21.401747894287112,0.07735716924071312,0.008210605941712856,0.20162046998739244,0.089,0.0,0.11226716,0.1098668,0.08490009,10,True,False
2023-24,2023-10-07,New York,2,1.3540233373641968,0.8201162278652192,2.2747743129730225,0.46070514619350433,0.11284173280000687,0.7897974848747253,26.405766487121582,11.457375526428223,42.39816665649414,0.0062698363326489925,0.002415133803151548,0.012877363618463285,10.887275695800781,4.565384387969971,21.673879241943364,0.093454759567976,0.015243420377373695,0.23430781066417694,0.0672,0.0007,0.10841337,0.12741109,0.09343408,10,True,False
2023-24,2023-10-07,Pennsylvania,0,1.041038155555725,0.6469567894935608,2.0044941663742066,0.36902716755867004,0.07453500181436541,0.7611957371234894,24.173738479614258,7.069050312042236,42.94375991821289,0.03904896602034569,0.013802004046738148,0.07142742723226547,14.177056789398193,6.506264686584473,23.65903091430664,0.0756167620420456,0.0062690888997167385,0.19008100032806396,0.0944,0.0001,0.11294597,0.09887874,0.07494939,10,True,False
2023-24,2023-10-07,Pennsylvania,1,1.1693124771118164,0.6386719346046448,2.115018367767334,0.4486703425645828,0.12100625783205032,0.7806901276111603,24.778639793395996,10.460926818847657,39.11931228637695,0.03692646510899067,0.012299195863306522,0.06767033934593202,15.973790168762207,7.660926818847657,28.193327331542974,0.07534264028072357,0.009412250388413673,0.18620194494724274,0.0828,0.0,0.10932871,0.09424166,0.07161278,10,True,False
2023-24,2023-10-07,Pennsylvania,2,1.3313877582550049,0.7104114890098572,2.2213821411132812,0.5080663561820984,0.200230211019516,0.8354756832122803,26.437036514282227,13.224498844146732,37.14387130737305,0.03476167470216751,0.012371661141514778,0.06581033766269684,17.21027183532715,7.584393644332886,31.386300468444823,0.0799708217382431,0.013421863969415427,0.19151604175567627,0.0679,0.0003,0.11282004,0.09598173,0.0758909,10,True,False
2023-24,2023-10-07,Vermont,0,1.0469608902931213,0.6094437599182129,2.134391665458679,0.4926362931728363,0.1603604406118393,0.8293501079082489,26.082528114318848,12.486115169525148,41.852097320556645,0.048447078093886375,0.002483086194843054,0.11445870473980906,2.2917187213897705,0.10000000149011612,5.9607412815094,0.09982912242412567,0.013127829134464265,0.24997057467699052,0.0759,0.0005,0.1133713,0.12611063,0.09199396,10,True,False
2023-24,2023-10-07,Vermont,1,0.9957469403743744,0.6028804600238801,2.081613779067993,0.46412789821624756,0.14573021680116655,0.8231732070446015,24.62736701965332,10.846796894073487,39.75287437438965,0.04888523928821087,0.0020000000949949026,0.12037213221192362,2.3810975551605225,0.10000000149011612,6.035210609436035,0.10514490306377411,0.016476307250559333,0.24742937088012695,0.0665,0.0012,0.10888857,0.1285969,0.09253722,10,True,False
2023-24,2023-10-07,Vermont,2,1.051118016242981,0.6070818305015564,2.102252268791199,0.46948567032814026,0.14601680487394336,0.8224533140659332,25.70600414276123,10.555777835845948,40.8932445526123,0.04892562888562679,0.0038452995242551024,0.11921098828315735,2.3390942811965942,0.10000000149011612,5.890794277191162,0.10668741539120674,0.016478797234594823,0.2564917415380478,0.0639,0.0006,0.11101579,0.13213258,0.09683708,10,True,False
2023-24,2023-10-07,Wyoming,0,1.5616158246994019,0.8573628664016724,2.5,0.5833118855953217,0.24037894308567048,0.8736836910247803,21.339181900024414,12.355453491210938,33.09153366088867,0.024893891997635365,0.0020000000949949026,0.06228538937866691,5.97596549987793,1.576968610286713,14.960556983947754,0.15012509375810623,0.03396725282073021,0.3305235505104065,0.044,0.0029,0.11324138,0.16230532,0.11131419,10,True,False
2023-24,2023-10-07,Wyoming,1,1.7553178071975708,0.9183937311172485,2.5,0.5631899833679199,0.237095046043396,0.8826594948768616,23.21614646911621,13.132068252563478,34.5040283203125,0.02478761039674282,0.0025307726114988335,0.06267116963863378,6.987689018249512,1.6278101086616517,19.920338249206555,0.1561158522963524,0.041875842958688736,0.31948792934417725,0.0325,0.0029,0.10974433,0.15606004,0.1049376,10,True,False
2023-24,2023-10-07,Wyoming,2,1.621599793434143,0.8654457271099091,2.5,0.5594595670700073,0.2440360188484192,0.8635116219520569,21.802024841308594,12.26281452178955,36.73585205078126,0.02230885624885559,0.003199802478775382,0.054803681746125224,7.207224130630493,1.7281302213668823,20.143294906616216,0.1578340381383896,0.03273674845695498,0.326316237449646,0.0429,0.0024,0.11134204,0.15863875,0.10802965,10,True,False
2023-24,2023-10-14,Alaska,0,1.2007489204406738,0.6951690793037415,2.2176311016082764,0.4932805597782135,0.15115094184875488,0.7893041372299194,22.32676124572754,8.514641857147218,37.757423400878906,0.05415979400277138,0.023737117648124695,0.10063567012548447,12.568132400512695,5.52174186706543,23.753864288330078,0.09110528975725174,0.010031421668827534,0.2274424135684967,0.0852,0.0,0.11456561,0.11470868,0.08834046,10,True,False
2023-24,2023-10-14,Alaska,1,1.333287537097931,0.7082133889198303,2.408292531967163,0.5207003355026245,0.17990614473819733,0.8103090524673462,25.71706199645996,10.218570709228516,39.07992172241211,0.05709453485906124,0.023574205115437508,0.10546881705522541,12.175722122192383,5.383946228027344,23.21498394012451,0.09095856547355652,0.01132622268050909,0.22016912698745728,0.0796,0.0004,0.11149825,0.11474907,0.084445,10,True,False
2023-24,2023-10-14,Alaska,2,1.305525541305542,0.7203899621963501,2.3226799964904785,0.4890203922986984,0.18507832288742065,0.7987499833106995,24.89667797088623,9.849457740783691,39.422061920166016,0.05635375156998634,0.022465880773961545,0.09881833717226983,13.373847007751465,5.7346954345703125,24.53280258178711,0.08745522797107697,0.014278998505324126,0.20465880334377293,0.0634,0.0002,0.11266851,0.1066754,0.08153387,10,True,False
2023-24,2023-10-14,California,0,1.4117764830589294,0.8432731449604035,2.309924840927124,0.4824351966381073,0.15802051573991777,0.7709000229835511,26.859256744384766,11.040109825134278,41.75953674316406,0.004589234013110399,0.0021095718257129192,0.009089310932904484,19.553011894226074,9.237159347534181,31.55266571044922,0.06316761299967766,0.010351179167628288,0.15339784026145936,0.0695,0.0,0.10916235,0.07956908,0.06471737,10,True,False
2023-24,2023-10-14,California,1,1.4112424850463867,0.9246845722198488,2.0945613145828257,0.37061992287635803,0.10638493523001673,0.674911230802536,27.97599983215332,12.785704612731934,42.20523872375488,0.0050089131109416485,0.0020364567171782255,0.009911840874701743,18.489192962646484,9.253537464141846,29.179414749145508,0.06245359964668751,0.008624020405113704,0.15809517353773123,0.0768,0.0,0.11121302,0.07903464,0.06448568,10,True,False
2023-24,2023-10-14,California,2,1.3009881973266602,0.9287001609802246,2.005375385284424,0.29540762305259705,0.05091763660311699,0.6729276776313782,25.63374137878418,10.126714706420898,41.70552062988281,0.004529670579358935,0.0020000000949949026,0.00904901884496212,19.63113021850586,10.092151641845703,29.568265914916992,0.06899353861808777,0.011179623194038868,0.15094038844108582,0.0705,0.0,0.11224114,0.07998534,0.06718778,10,True,False
2023-24,2023-10-14,New York,0,1.303350567817688,0.8208029508590698,2.1351780891418457,0.4439867436885834,0.10329428538680077,0.7895253896713257,28.69045352935791,14.941801834106448,42.09536590576172,0.005043346667662263,0.0020215041004121304,0.01023489469662309,13.156621932983398,5.71369743347168,25.783763885498047,0.07657328993082047,0.01157876513898373,0.17117845714092259,0.0689,0.0,0.11102988,0.08657568,0.06968096,10,True,False
2023-24,2023-10-14,New York,1,1.3008031845092773,0.7342684864997864,2.248221063613892,0.46525049209594727,0.13970604687929153,0.8281857311725618,27.24265193939209,11.718242073059082,38.40517387390137,0.005209693452343345,0.0020000000949949026,0.010357530787587166,11.803412437438965,5.263582277297974,22.471898269653323,0.09942145273089409,0.014640112407505512,0.24398131668567657,0.0674,0.0,0.11075802,0.11483168,0.0885366,10,True,False
2023-24,2023-10-14,New York,2,1.2723308801651,0.758802878856659,2.0549988746643066,0.47048911452293396,0.12939760088920593,0.8026971280574801,28.86434555053711,11.931393718719484,43.00986785888672,0.005398702807724476,0.0020849916851148013,0.010445124469697475,13.268330574035645,5.876179313659668,24.36448097229004,0.07894408702850342,0.010835248976945877,0.19592032879590998,0.0771,0.0,0.11106955,0.09564607,0.07711768,10,True,False
2023-24,2023-10-14,Pennsylvania,0,1.1381459832191467,0.6448578238487244,1.9576894640922553,0.484724223613739,0.1767079398036003,0.7753846347332001,25.732709884643555,11.570089912414552,38.5863151550293,0.04459508880972862,0.019691068679094315,0.07423489540815353,18.92666244506836,8.910523414611816,30.611169815063477,0.0709112212061882,0.008125876169651752,0.17820236086845398,0.0871,0.0002,0.10979841,0.09338034,0.07129827,10,True,False
2023-24,2023-10-14,Pennsylvania,1,1.0594027042388916,0.6503861546516418,1.8420292019844056,0.4194425791501999,0.14987001419067386,0.7300232648849487,26.17101287841797,7.695521831512451,39.14439735412598,0.05068957060575485,0.024727743305265903,0.08077144622802734,19.44180202484131,9.002192497253418,33.28900451660157,0.06927305459976196,0.011716227047145367,0.15502113103866577,0.0679,0.0,0.11108085,0.084026,0.06818287,10,True,False
2023-24,2023-10-14,Pennsylvania,2,0.8406191468238831,0.6125276386737823,1.791694509983063,0.39859840273857117,0.13945598900318146,0.7015178918838502,17.092927932739258,3.491616034507752,34.07185745239258,0.044789718464016914,0.01874365881085396,0.07244133055210114,17.593417167663574,8.66456127166748,27.60323143005371,0.07106868922710419,0.006014422979205847,0.18724511563777924,0.0947,0.0003,0.11218038,0.09550152,0.07134566,10,True,False
2023-24,2023-10-14,Vermont,0,1.0297932624816895,0.6078782916069031,2.0746744871139526,0.48723866045475006,0.17193035334348683,0.8205563426017761,27.763450622558594,12.198354721069336,41.883636474609375,0.04828226938843727,0.0020000000949949026,0.11909087747335434,2.4295670986175537,0.10000000149011612,6.174068546295167,0.09862030297517776,0.01519701573997737,0.2320450246334076,0.0684,0.0,0.11146283,0.11461938,0.08765468,10,True,False
2023-24,2023-10-14,Vermont,1,1.0001985430717468,0.6023378908634186,2.1132876873016357,0.5035403370857239,0.18110962212085724,0.8312621474266053,26.903383255004883,12.00560188293457,40.692562103271484,0.04505060985684395,0.0020000000949949026,0.10802050679922104,2.4948991537094116,0.10000000149011612,6.27751431465149,0.1028246209025383,0.018822525814175612,0.2440911591053009,0.0591,0.0001,0.11040685,0.12144699,0.08828895,10,True,False
2023-24,2023-10-14,Vermont,2,1.0070006847381592,0.6000000238418579,2.039234781265259,0.5050162672996521,0.1602994740009308,0.8389940798282625,27.49090003967285,11.794744682312013,41.41780471801758,0.04768678359687328,0.0020000000949949026,0.1218255177140236,2.601797342300415,0.10000000149011612,6.423705101013184,0.10052651911973953,0.018638253025710587,0.24159408211708083,0.063,0.0002,0.11070058,0.11945515,0.08704458,10,True,False
2023-24,2023-10-14,Wyoming,0,1.4325822591781616,0.7553286552429199,2.5,0.572059154510498,0.23858924061059952,0.8362059235572816,24.666879653930664,14.291800594329834,39.32843399047852,0.022005589678883553,0.0020000000949949026,0.06090591177344325,7.144629001617432,1.845929789543152,16.997039794921875,0.160139262676239,0.029548530094325547,0.37238133251667044,0.0491,0.009,0.1146628,0.18452409,0.11997595,10,True,False
2023-24,2023-10-14,Wyoming,1,1.3243398666381836,0.7064452171325684,2.447998929023744,0.5774723887443542,0.2211006134748459,0.8767750561237335,23.350008010864258,11.792327117919923,37.66509246826172,0.022008790634572506,0.0020000000949949026,0.062409766018390656,7.329267501831055,1.9139729738235474,17.40937614440918,0.13493435084819794,0.026150749996304512,0.3313254415988922,0.0505,0.0,0.11038055,0.16204316,0.11533701,10,True,False
2023-24,2023-10-14,Wyoming,2,1.436227798461914,0.7558732628822327,2.5,0.5568132400512695,0.2430170774459839,0.8434305191040039,23.673004150390625,12.87642822265625,37.56031036376953,0.02243483904749155,0.0020000000949949026,0.06673576682806015,7.1029253005981445,1.9153004884719849,19.822949790954592,0.13875003904104233,0.02701300196349621,0.3034824728965759,0.0469,0.0025,0.11208648,0.16217134,0.11105733,10,True,False
2023-24,2023-10-21,Alaska,0,1.1972023248672485,0.6980360150337219,2.069783067703247,0.4629812240600586,0.15391346216201784,0.7570797801017761,23.215639114379883,7.601701736450197,38.54778785705567,0.07797255739569664,0.036232080310583115,0.14014743268489838,15.07220458984375,7.075225353240967,26.982912826538097,0.0830729752779007,0.01231258437037468,0.1988383397459984,0.0713,0.0,0.11147338,0.10451521,0.08179082,10,True,False
2023-24,2023-10-21,Alaska,1,1.1968589425086975,0.7353359460830688,2.1418116092681885,0.450723797082901,0.13545021712779998,0.7731772899627688,23.95071029663086,9.511659622192383,39.57354431152344,0.07378926128149033,0.033487618714571,0.12391579523682601,13.785675525665283,6.283490467071533,25.64664001464844,0.08229127898812294,0.010014263913035393,0.19922869056463244,0.0812,0.0,0.11375204,0.10439058,0.07915886,10,True,False
2023-24,2023-10-21,Alaska,2,1.2399868369102478,0.7250892639160156,2.1578123569488525,0.4633653610944748,0.1581098034977913,0.7674809098243713,24.252243041992188,10.151219940185547,38.01407585144044,0.06432142853736877,0.028218505904078484,0.10972813516855241,15.287778854370117,6.750946283340454,27.595280647277832,0.07600665837526321,0.011671236716210842,0.1802787482738495,0.0725,0.0,0.11222982,0.09683656,0.07584896,10,True,False
2023-24,2023-10-21,California,0,1.3146822452545166,0.8196062088012696,2.194288730621338,0.378680557012558,0.0820961520075798,0.7258720695972443,28.302706718444824,11.834976196289064,40.52658042907715,0.005003276281058788,0.0020000000949949026,0.010990144684910774,15.502233505249023,8.146238613128663,24.367116928100586,0.06353547424077988,0.009851867333054543,0.13812726736068726,0.0709,0.0,0.1129293,0.07548475,0.06273706,10,True,False
2023-24,2023-10-21,California,1,1.279639720916748,0.8235970079898834,2.053321123123169,0.3349740505218506,0.06443579494953156,0.7173387408256531,27.332218170166016,10.753168392181397,39.94365692138672,0.004537988919764757,0.0020198046695441008,0.008589197415858507,18.534544944763184,9.367549228668214,28.82387351989746,0.05595957115292549,0.007740563666447997,0.13729941844940186,0.0869,0.0,0.11099678,0.07484718,0.0609954,10,True,False
2023-24,2023-10-21,California,2,1.2911978363990784,0.8133918046951294,2.0388195991516116,0.3716767430305481,0.0854171045124531,0.7230917811393741,28.74856185913086,12.775362968444824,41.170963287353516,0.005552546586841345,0.0020000000949949026,0.011898672208189964,15.603386402130127,7.9753000259399425,25.399481964111335,0.05752098932862282,0.009158742614090443,0.13561491668224335,0.0784,0.0,0.11169417,0.07189376,0.05989153,10,True,False
2023-24,2023-10-21,New York,0,1.314978003501892,0.7786171853542329,2.2220538139343264,0.4680587947368622,0.14529728442430498,0.7877446830272677,26.318172454833984,10.387390327453614,39.77189979553223,0.00659189885482192,0.0021694989409297705,0.013293937500566247,12.308568954467773,5.482204437255859,22.323409080505375,0.07962419837713242,0.009624296799302101,0.19448094367980973,0.0799,0.0,0.11206752,0.10427791,0.08249206,10,True,False
2023-24,2023-10-21,New York,1,1.3285894393920898,0.8017797470092773,2.2018842697143555,0.4488185942173004,0.1478014886379242,0.7521392941474916,25.862367630004883,11.786547088623047,38.43639183044434,0.006150467088446021,0.002009723102673888,0.013360687531530857,11.026973724365234,5.267593860626221,18.757734298706055,0.07684768363833427,0.011579212825745344,0.1898624449968338,0.0763,0.0,0.11053911,0.09962849,0.07651261,10,True,False
2023-24,2023-10-21,New York,2,1.2703110575675964,0.7653443217277527,2.219999313354492,0.44914866983890533,0.1640707105398178,0.760944414138794,25.678937911987305,9.532910346984863,41.84359130859375,0.00637791445478797,0.0024226796114817264,0.013085479848086834,12.522871971130371,5.588653087615967,25.47273826599121,0.08827272802591324,0.013441157713532452,0.20633596777915963,0.0668,0.0003,0.11091579,0.10937703,0.08508117,10,True,False
2023-24,2023-10-21,Pennsylvania,0,1.2255809307098389,0.6668913841247559,2.0533812046051025,0.490887850522995,0.1695466786623001,0.8090007305145264,29.458438873291016,9.839974403381348,42.120121002197266,0.0523163378238678,0.02757975645363331,0.08044400066137314,19.077229499816895,9.754772090911866,31.946693420410156,0.06690774112939835,0.01111300103366375,0.15390324592590332,0.0687,0.0,0.11177518,0.08262606,0.06600316,10,True,False
2023-24,2023-10-21,Pennsylvania,1,1.0460992455482483,0.6329237818717957,1.6671398997306826,0.3872687816619873,0.11484074220061313,0.6665968298912048,25.130599975585938,7.627401828765869,38.970428466796875,0.05035608075559139,0.02420041896402836,0.08002069741487505,20.28887176513672,9.995580673217773,33.76689147949219,0.06795229390263557,0.011947037372738124,0.165887600183487,0.0712,0.0,0.11092092,0.0870326,0.06733372,10,True,False
2023-24,2023-10-21,Pennsylvania,2,1.037792146205902,0.659277617931366,1.7947112321853638,0.3864118456840515,0.1018596410751343,0.6816257476806641,23.717885971069336,8.471068382263184,40.1007194519043,0.050017936155200005,0.025334622897207743,0.08144952356815338,17.40876007080078,9.253314971923828,27.90974998474121,0.06604050099849701,0.011501740664243698,0.16313318759202963,0.0727,0.0,0.11094322,0.08474384,0.06674598,10,True,False
2023-24,2023-10-21,Vermont,0,1.218462884426117,0.6809979677200317,2.2641074657440186,0.4963431656360626,0.1795426905155182,0.8095858097076416,23.0905818939209,11.444697380065918,37.87637710571289,0.05164778605103493,0.01061921818181873,0.11875396221876144,4.202549457550049,0.8577091693878174,11.128798484802246,0.1107793003320694,0.020798722840845586,0.24899908900260925,0.0505,0.0004,0.10870203,0.12292559,0.08933709,10,True,False
2023-24,2023-10-21,Vermont,1,1.264506220817566,0.6934146881103516,2.3080241680145264,0.5177097320556641,0.18210731446743011,0.8466935455799104,24.120014190673828,11.6427640914917,39.64351806640625,0.048119109123945236,0.009875292889773846,0.10881677269935608,4.053162097930908,0.7315619826316835,10.263069152832031,0.10532983019948006,0.016813648864626884,0.250338026881218,0.0579,0.0003,0.11098129,0.12225455,0.08901955,10,True,False
2023-24,2023-10-21,Vermont,2,1.2659314274787903,0.7162189424037934,2.386779308319092,0.5091396570205688,0.176827073097229,0.8413956761360168,23.89755153656006,12.498592376708984,37.729671478271484,0.044588860124349594,0.00912049226462841,0.10634162873029712,3.7755815982818604,0.6992504000663757,9.891338348388672,0.11034682020545006,0.017642440088093285,0.2601074159145356,0.0664,0.0012,0.11243873,0.12411462,0.09062873,10,True,False
2023-24,2023-10-21,Wyoming,0,1.2666771411895752,0.6747564673423767,2.3558852672576904,0.5464476048946381,0.23638121932744982,0.8329566717147827,22.93741226196289,11.26886100769043,36.80274963378906,0.021719321608543396,0.0020000000949949026,0.06470495462417603,8.856782913208008,3.0136336565017707,20.642398071289072,0.1393740326166153,0.02361031845211983,0.30115675926208496,0.056,0.0015,0.11243087,0.15621186,0.11252926,10,True,False
2023-24,2023-10-21,Wyoming,1,1.3480628728866577,0.6810078024864197,2.4473509311676027,0.5444737374782562,0.19621827602386474,0.8308850526809692,26.765873908996582,13.915805244445801,40.30277481079102,0.028660202398896217,0.0020000000949949026,0.07373556494712831,9.369423866271973,3.1537551879882812,19.124052047729496,0.15016834437847137,0.03776991739869118,0.3169719457626343,0.0382,0.0024,0.11198223,0.16693472,0.1204239,10,True,False
2023-24,2023-10-21,Wyoming,2,1.3017320036888123,0.6792768180370331,2.3753569364547733,0.570868194103241,0.24318946152925494,0.8654760658740998,24.061511993408203,13.309068584442139,34.790992736816406,0.023053505457937717,0.0020000000949949026,0.06655664667487145,8.095942497253418,2.734953165054322,19.241270065307617,0.14015039801597595,0.026306740008294586,0.3078495055437088,0.048,0.0006,0.11079889,0.15766014,0.11473228,10,True,False
2023-24,2023-10-28,Alaska,0,1.2203242778778076,0.7704868912696838,2.0020864009857178,0.39327290654182434,0.12267867475748062,0.7209569811820984,24.61967658996582,9.475830078125,39.29151916503906,0.08176646381616592,0.040469035506248474,0.13754130899906158,16.661087036132812,7.925739669799806,28.81374740600586,0.06123245880007744,0.006439982447773218,0.16049786508083344,0.0913,0.0,0.11038784,0.08455903,0.06785907,10,True,False
2023-24,2023-10-28,Alaska,1,1.1973559856414795,0.740193784236908,2.070783853530884,0.4007997512817383,0.12111979350447655,0.7337188124656677,23.990734100341797,9.068815612792969,38.19067306518556,0.0854872614145279,0.04288341850042343,0.1388876587152481,17.420769691467285,8.493263244628906,28.857494354248047,0.07178742438554764,0.010296203289180997,0.18002381920814514,0.0762,0.0,0.11063188,0.09144906,0.07417812,10,True,False
2023-24,2023-10-28,Alaska,2,1.1718661189079285,0.7266820669174194,2.1898152828216553,0.45376890897750854,0.13618691265583038,0.7759594917297363,23.94643497467041,8.853486919403077,40.418284606933604,0.08822838962078094,0.041680436581373215,0.1497342437505722,15.191425323486328,7.32943868637085,27.58626365661621,0.07356660068035126,0.009561690501868725,0.17878581583499908,0.0832,0.0,0.11024725,0.09385366,0.0749689,10,True,False
2023-24,2023-10-28,California,0,1.4098598957061768,0.9838035106658936,2.112870931625366,0.3563009202480316,0.08582461625337601,0.686791718006134,29.35003089904785,15.774916648864746,41.25288391113281,0.006907146889716387,0.002272949554026127,0.01400682982057333,18.26095199584961,9.314057350158691,29.920040512084963,0.06455546617507935,0.009302800707519055,0.15414080023765564,0.079,0.0,0.11251659,0.08008831,0.06701658,10,True,False
2023-24,2023-10-28,California,1,1.2720658779144287,0.8817110419273376,2.1924155950546265,0.35465672612190247,0.08655425161123276,0.6916134357452395,26.507936477661133,9.929914474487305,40.183895111083984,0.007567050401121378,0.002417710144072771,0.01645508222281933,15.489399909973145,8.383561134338379,23.818132400512695,0.06480622291564941,0.011755839083343756,0.15747211873531347,0.0694,0.0,0.11232214,0.07934577,0.06490972,10,True,False
2023-24,2023-10-28,California,2,1.3155546188354492,0.7970091938972473,2.218494415283203,0.40102216601371765,0.11600658297538757,0.748103678226471,27.262758255004883,11.82163143157959,40.376840209960946,0.007814905373379588,0.0026161947287619116,0.016029110178351402,16.55789566040039,8.689820289611816,26.516462707519533,0.06232360936701298,0.010665445681661374,0.14655225425958637,0.0717,0.0,0.11335111,0.07959686,0.06561978,10,True,False
2023-24,2023-10-28,New York,0,1.4024710655212402,0.9089829921722412,2.154160261154175,0.3996610939502716,0.12143128365278244,0.7175316691398621,27.625513076782227,14.540954399108887,39.984789276123045,0.008411205373704433,0.002437600865960121,0.017537275329232216,15.67971420288086,6.834503030776978,29.648212432861328,0.06935026124119759,0.009196937084197998,0.16696771681308747,0.0797,0.0,0.11088246,0.08534851,0.06830704,10,True,False
2023-24,2023-10-28,New York,1,1.3652384281158447,0.7854884266853333,2.2206042528152468,0.42831794917583466,0.1389361023902893,0.7279863357543945,27.096233367919922,11.290923118591309,40.114959716796875,0.009393931366503239,0.003276336984708906,0.01919840127229692,13.248410701751709,5.991033983230591,23.85441818237305,0.07471596077084541,0.009140474349260332,0.1815229833126068,0.0841,0.0,0.11217103,0.09379112,0.07539701,10,True,False
2023-24,2023-10-28,New York,2,1.306057333946228,0.8425336480140686,2.2021317005157472,0.4022557735443115,0.1065145991742611,0.7404680252075195,25.82999610900879,11.86754035949707,38.82969589233399,0.009784712456166744,0.002802377264015377,0.01955591924488545,11.653183937072754,5.731046056747438,20.27277183532715,0.06848060712218285,0.009920055605471143,0.1647762641310692,0.077,0.0,0.11398913,0.08551182,0.06904015,10,True,False
2023-24,2023-10-28,Pennsylvania,0,0.8138941526412964,0.6030629277229309,1.4514389038085938,0.4339803159236908,0.156465482711792,0.6588523030281068,15.848878860473633,5.986580276489258,32.521720123291026,0.052143869921565056,0.028473652340471747,0.07956778258085251,20.627004623413086,11.092851543426514,30.486932182312014,0.053916674107313156,0.011494964640587569,0.12236988171935083,0.0594,0.0,0.11065379,0.06515082,0.05083452,10,True,False
2023-24,2023-10-28,Pennsylvania,1,1.027647078037262,0.6399463415145874,1.7762973308563232,0.40391968190670013,0.1458525747060776,0.7194464802742004,24.0384521484375,9.108026027679445,39.86188888549805,0.058004435151815414,0.02866337187588215,0.09174709767103195,16.13029670715332,9.003690052032471,24.784820556640625,0.06751245260238647,0.011024662852287294,0.16653600335121155,0.0712,0.0,0.11083484,0.08554119,0.06698572,10,True,False
2023-24,2023-10-28,Pennsylvania,2,0.910471647977829,0.6186128795146942,1.7135206460952759,0.4226032495498657,0.14399680346250535,0.7006304860115051,19.06593132019043,6.61400957107544,35.65028457641603,0.05434878543019295,0.028799874149262904,0.0840070001780987,18.514284133911133,9.84452419281006,28.32792053222657,0.0707307830452919,0.010367827862501145,0.17268699407577515,0.0768,0.0,0.11251328,0.09017117,0.06979408,10,True,False
2023-24,2023-10-28,Vermont,0,1.0621855854988098,0.6155735731124878,2.106323719024658,0.4655424952507019,0.16715899109840396,0.7937219023704529,24.7678861618042,10.679623794555667,38.28834915161133,0.0486791655421257,0.0020000000949949026,0.1199800796806813,3.3652994632720947,0.10000000149011612,8.54886245727539,0.10113006457686424,0.017836389504373076,0.23849773406982422,0.0577,0.0001,0.1138716,0.12214188,0.09030902,10,True,False
2023-24,2023-10-28,Vermont,1,1.0948212146759033,0.6185175955295563,2.149982285499573,0.5151231586933136,0.18188883662223815,0.8294037759304047,25.75702476501465,11.265396976470948,39.935296630859376,0.04250606894493103,0.0033200427424162635,0.09728277847170833,3.1610463857650757,0.10000000149011612,8.217113685607913,0.10930999368429184,0.021560564450919632,0.2450983613729477,0.0536,0.0002,0.11299872,0.12568797,0.09219585,10,True,False
2023-24,2023-10-28,Vermont,2,1.0450252890586853,0.607875543832779,2.0399293899536133,0.49622371792793274,0.17224967777729033,0.8038031280040742,24.83805274963379,10.616781234741211,38.651695251464844,0.047473691403865814,0.003182556410320104,0.10946637541055682,3.244208335876465,0.10000000149011612,8.866011619567871,0.10443856567144394,0.01488974103704095,0.24769790619611745,0.0673,0.0014,0.11027415,0.12694758,0.09539253,10,True,False
2023-24,2023-10-28,Wyoming,0,1.1929237842559814,0.6000000238418579,2.4169974327087402,0.5741872191429138,0.2846192717552185,0.8670310974121094,25.8437442779541,13.985844612121582,38.41657638549805,0.011532269418239594,0.0020000000949949026,0.05503419525921345,5.9483256340026855,0.10000000149011612,14.783531188964844,0.17074455320835114,0.03856942430138588,0.3505535423755646,0.0405,0.0038,0.1115895,0.16028367,0.11092156,10,True,False
2023-24,2023-10-28,Wyoming,1,1.0782122611999512,0.6000000238418579,2.3575966358184814,0.49379590153694153,0.1898766577243805,0.8182826638221741,25.3493013381958,13.641939163208008,37.14529418945313,0.015277487225830555,0.0020000000949949026,0.06412059515714646,6.4881017208099365,0.10000000149011612,16.177461624145508,0.19789397716522217,0.04956283047795296,0.3632749617099762,0.0308,0.0057,0.11257558,0.17747553,0.12324342,10,True,False
2023-24,2023-10-28,Wyoming,2,1.0930867195129395,0.6000000238418579,2.3179399967193604,0.5494523644447327,0.249957075715065,0.8674279093742371,24.601469039916992,13.318184852600098,37.914579772949224,0.014715265482664108,0.0020000000949949026,0.06027175858616829,5.572516918182373,0.10000000149011612,12.812716388702398,0.19924908876419067,0.04374163933098316,0.3587650954723358,0.0366,0.002,0.11223666,0.17704135,0.12007262,10,True,False
2023-24,2023-11-04,Alaska,0,1.1404080390930176,0.668965756893158,1.9640282511711125,0.4380166828632355,0.11525332927703857,0.733323335647583,24.783486366271973,8.807354927062988,40.40372772216797,0.09596638008952141,0.04900846257805824,0.15935257822275167,18.43150520324707,9.5631573677063,29.819752311706566,0.07379336655139923,0.010469580069184303,0.17416702210903168,0.0765,0.0,0.11107131,0.09248737,0.07413628,11,False,False
2023-24,2023-11-04,Alaska,1,1.1979095935821533,0.6925840735435486,1.95746910572052,0.4053325653076172,0.09750597178936005,0.7520479500293733,27.057472229003906,11.307614994049072,39.34528923034669,0.10579463839530945,0.05245068669319153,0.17595897316932682,15.91700553894043,7.989128112792969,25.96854648590088,0.07520168274641037,0.011397695820778615,0.1750129222869873,0.0715,0.0,0.1128947,0.0934747,0.0747434,11,False,False
2023-24,2023-11-04,Alaska,2,1.15566885471344,0.7539529800415039,1.942423939704895,0.3663281500339508,0.0787840284407139,0.7098761796951294,26.644362449645996,10.20592622756958,40.09718704223633,0.1024048961699009,0.051642406359314934,0.165273454785347,16.465547561645508,8.47194528579712,28.03400993347168,0.05896377190947533,0.006931000389158726,0.14292413592338563,0.091,0.0,0.10952816,0.07615639,0.06295197,11,False,False
2023-24,2023-11-04,California,0,1.1931860446929932,0.6880335986614228,2.0381895542144775,0.4214686155319214,0.11999014019966125,0.6920825064182282,26.853052139282227,10.46889591217041,42.32489013671876,0.01975388638675213,0.006765098217874767,0.035995692014694214,19.084298133850098,9.779924392700195,30.427888870239258,0.07734537869691849,0.015143982134759426,0.16914553940296173,0.0622,0.0,0.10891546,0.09030319,0.07439409,11,False,False
2023-24,2023-11-04,California,1,1.3051435947418213,0.706691986322403,2.1838436126708984,0.4474199265241623,0.1407054364681244,0.7463670492172243,28.862826347351074,11.779129028320312,41.82487869262695,0.018805289641022682,0.005637579271569848,0.03690442442893982,16.378612518310547,8.49491491317749,26.739341735839844,0.07016000151634216,0.012868760339915753,0.17020157724618912,0.0642,0.0,0.1131385,0.08936865,0.07047724,11,False,False
2023-24,2023-11-04,California,2,1.3546781539916992,0.7971840500831604,2.172851324081421,0.3705786466598511,0.0850829415023327,0.6931661188602448,28.36899757385254,13.42387866973877,42.268795013427734,0.011054513975977898,0.0033679949818179017,0.022995675541460522,18.964862823486328,10.337003231048586,28.925548553466797,0.06566566601395607,0.012434022221714261,0.1486083880066872,0.0609,0.0,0.11145999,0.07693549,0.06306544,11,False,False
2023-24,2023-11-04,New York,0,1.3604799509048462,0.7540786266326904,2.321618914604187,0.48617684841156006,0.14714746922254573,0.7938953459262849,28.474853515625,11.833552360534668,42.29668426513673,0.01393232960253954,0.004196643363684416,0.02837093360722065,14.350123882293701,7.145934009552002,23.825504302978516,0.08150973170995712,0.014520742278546097,0.17944613397121434,0.0606,0.0,0.11045275,0.095547,0.07387369,11,False,False
2023-24,2023-11-04,New York,1,1.7198991179466248,0.9908599853515625,2.5,0.528859406709671,0.24655600041151046,0.8061898648738863,30.58726978302002,19.541475296020508,40.33536911010742,0.010904623661190271,0.0031210656743496656,0.022338549979031095,17.8734130859375,8.112941074371339,30.444483375549318,0.07614431530237198,0.011014873068779709,0.1898084282875061,0.0746,0.0,0.11156115,0.09431858,0.07200654,11,False,False
2023-24,2023-11-04,New York,2,1.3720207214355469,0.7422192811965942,2.234175443649292,0.4576295018196106,0.14782416969537737,0.7795018255710603,27.338797569274902,11.174636268615723,40.851253509521484,0.015299491584300995,0.004461371758952737,0.03093608096241951,12.853676795959473,6.5099616050720215,20.871374130249023,0.06976804882287979,0.012563123367726803,0.15321122109889984,0.0679,0.0,0.1142794,0.08206901,0.0655915,11,False,False
2023-24,2023-11-04,Pennsylvania,0,0.9619875550270081,0.672477662563324,1.4938198804855354,0.3112785816192627,0.07193145677447318,0.602018415927887,22.66409683227539,7.400867080688477,37.144520187377935,0.056590836495161057,0.030512608587741852,0.0860108733177185,16.603620529174805,9.270143508911133,26.39181900024414,0.05205737613141537,0.0073700277134776115,0.12589875310659412,0.0827,0.0,0.11058564,0.06784911,0.05684753,11,False,False
2023-24,2023-11-04,Pennsylvania,1,1.0578559637069702,0.6544310748577118,2.024054527282715,0.44347596168518066,0.12953691184520721,0.8133972883224487,27.80966567993164,9.520440101623535,40.751956939697266,0.05467512831091881,0.02968672476708889,0.08578953146934509,18.614587783813477,10.028969287872314,28.036359786987305,0.06666948646306992,0.007756947539746761,0.16590151041746157,0.0862,0.0,0.11343162,0.08538884,0.06586736,11,False,False
2023-24,2023-11-04,Pennsylvania,2,0.8283066153526306,0.6096718192100525,1.5514646768569946,0.4232119023799896,0.17581887394189835,0.6717487573623657,17.20517349243164,4.736992645263672,38.043701171875,0.05462891049683094,0.029116887599229813,0.0829794630408287,19.748528480529785,11.033143997192383,30.136796951293945,0.05335522070527077,0.0069317965302616415,0.13406170904636383,0.089,0.0,0.11208162,0.07049904,0.05555184,11,False,False
2023-24,2023-11-04,Vermont,0,0.9810640811920166,0.6000000238418579,1.9181283712387085,0.4927806556224823,0.18467137217521667,0.8035691380500793,27.03454875946045,11.577149391174316,40.921759414672856,0.04712660610675812,0.00218850753735751,0.10540594905614853,2.987391471862793,0.10000000149011612,8.450266933441167,0.11561527103185654,0.020290973596274867,0.25142401456832886,0.0551,0.0,0.11101015,0.12994615,0.09579871,11,False,False
2023-24,2023-11-04,Vermont,1,0.9877032041549683,0.600915253162384,2.043361306190491,0.4771515429019928,0.15560762584209442,0.8236051201820374,26.782854080200195,11.422546482086185,40.54259490966797,0.04713703319430351,0.002695702016353607,0.10493601113557816,3.7232136726379395,0.10000000149011612,10.22851848602295,0.10448399186134338,0.02022726908326152,0.2355300784111023,0.0533,0.0007,0.11139063,0.1207026,0.08776533,11,False,False
2023-24,2023-11-04,Vermont,2,0.9563935995101929,0.6000000238418579,1.9062968492507935,0.4376702606678009,0.12294499576091766,0.7891472280025483,25.87998390197754,11.780463218688965,40.15170669555664,0.04582194611430168,0.003715652041137221,0.10488753765821457,3.1652694940567017,0.10000000149011612,8.73233699798584,0.10803931951522827,0.022370606660842896,0.24030303955078125,0.0486,0.0,0.11128487,0.12131637,0.09030818,11,False,False
2023-24,2023-11-04,Wyoming,0,1.1483117938041687,0.6000000238418579,2.373413372039795,0.5352299511432648,0.2090051054954529,0.8278790771961212,27.308637619018555,14.235517692565919,38.872039794921875,0.014265008270740509,0.0020000000949949026,0.05487934462726118,8.459178447723389,1.9125448584556584,19.630319595336914,0.15824764221906662,0.04339894652366638,0.29647096991539,0.0314,0.0009,0.11108655,0.16280809,0.11133693,11,False,False
2023-24,2023-11-04,Wyoming,1,1.0913077592849731,0.6000000238418579,2.3394662857055666,0.5373057723045349,0.2043412134051323,0.8496994674205781,27.161864280700684,13.396498394012452,39.28030395507813,0.015430525876581669,0.0020000000949949026,0.05997344478964806,7.602186441421509,2.213442754745484,15.55639362335205,0.1732393205165863,0.04865381531417371,0.33130812644958496,0.0254,0.0018,0.1121873,0.18580034,0.12159698,11,False,False
2023-24,2023-11-04,Wyoming,2,1.0973544120788574,0.6000000238418579,2.3666513681411745,0.5303316712379456,0.1930231675505638,0.8667478501796723,27.31009578704834,15.74363660812378,39.58846473693848,0.01692092139273882,0.0020000000949949026,0.05549080334603788,8.504453659057617,1.958122897148133,17.964764022827154,0.19441242516040802,0.0483671646565199,0.3660615861415863,0.0306,0.0061,0.10890845,0.20473813,0.13015525,11,False,False
2023-24,2023-11-11,Alaska,0,1.0876362323760986,0.7068535089492798,1.7289310097694397,0.33156804740428925,0.06906836479902267,0.6808622479438782,23.63197135925293,8.9595365524292,38.51951484680176,0.113643117249012,0.05970427021384239,0.1827809363603592,17.80684471130371,9.330973625183105,28.22237777709961,0.06222628988325596,0.008056050166487694,0.1567558974027634,0.0841,0.0,0.11421102,0.08319529,0.06705341,11,False,False
2023-24,2023-11-11,Alaska,1,1.1537489891052246,0.7344071269035339,1.993762493133545,0.38247258961200714,0.09636969715356827,0.7228313684463501,27.333505630493164,11.63606700897217,40.127506256103516,0.11957238614559174,0.0633774533867836,0.1892322450876236,17.55951499938965,9.506279945373535,26.31304168701172,0.06072136387228966,0.009424700401723385,0.14690577983856212,0.0781,0.0,0.1140885,0.07859992,0.06468888,11,False,False
2023-24,2023-11-11,Alaska,2,1.1191297769546509,0.6922374963760376,1.9289339780807495,0.4003717452287674,0.1135900691151619,0.7421408355236053,25.739209175109863,9.88332462310791,39.49433135986328,0.11996138095855713,0.05843127742409706,0.19726288318634033,17.783447265625,9.457374668121338,26.38951301574707,0.06665749102830887,0.011118653789162639,0.1556563824415207,0.0678,0.0,0.11510548,0.08274955,0.0656813,11,False,False
2023-24,2023-11-11,California,0,1.178985357284546,0.6732513308525085,2.144644260406494,0.5187416076660156,0.19012337923049927,0.7719858288764954,24.096757888793945,10.997225761413574,38.67330551147461,0.03947831690311432,0.020261550322175026,0.06156977638602257,14.214688301086426,8.30587034225464,20.85574722290039,0.08007142692804337,0.012297562044113877,0.18464118242263794,0.0734,0.0,0.1111151,0.09403299,0.07062146,11,False,False
2023-24,2023-11-11,California,1,1.0582748055458069,0.6856296062469482,1.6250125169754028,0.4260037839412689,0.13182318210601807,0.709026575088501,19.96219253540039,10.28832597732544,33.28486671447756,0.040184833109378815,0.021427752636373042,0.06080317609012127,22.575264930725098,12.409189224243164,32.84486312866211,0.07645078748464584,0.013539452105760574,0.17432063817977905,0.0582,0.0,0.10889704,0.08440947,0.06427357,11,False,False
2023-24,2023-11-11,California,2,0.9936476349830627,0.6559754848480225,1.6543221473693848,0.47105905413627625,0.16625316739082338,0.7433432340621948,17.23691749572754,8.151294803619386,34.27205123901368,0.04770112410187721,0.026393657177686693,0.07321307063102722,26.144161224365234,14.997893333435059,36.153366851806645,0.08480601757764816,0.01413929928094152,0.20412902534008026,0.0695,0.0,0.11232703,0.09791274,0.07392711,11,False,False
2023-24,2023-11-11,New York,0,1.3074411749839783,0.8094784438610076,2.2015454769134526,0.41864463686943054,0.11869296655058861,0.7364217638969421,28.88794231414795,13.58481216430664,43.37805862426758,0.025282292626798153,0.009225340560078621,0.05109710991382599,12.253367900848389,6.342730236053468,19.370214462280273,0.08128166943788528,0.012064262572675944,0.20512989163398745,0.0733,0.0002,0.10884236,0.10296476,0.08117247,11,False,False
2023-24,2023-11-11,New York,1,1.3192338943481445,0.8025131225585938,2.176299571990967,0.4082712084054947,0.1194252222776413,0.7286967635154724,26.85814666748047,11.393463993072514,40.75212974548341,0.022199613973498344,0.008555866032838822,0.04068965017795563,12.577628135681152,6.503987884521485,19.584193420410166,0.0682775154709816,0.012262427248060703,0.15347447991371155,0.0676,0.0,0.11290543,0.0800096,0.06498322,11,False,False
2023-24,2023-11-11,New York,2,1.3870530128479004,0.7706081867218018,2.390650987625122,0.5306933522224426,0.2407568246126175,0.8150365352630615,28.26645278930664,14.637925148010254,38.6178035736084,0.02021809108555317,0.00750977685675025,0.03890400379896164,16.72418785095215,8.149111652374268,27.915970993041995,0.0699445903301239,0.011860062461346391,0.1602132350206375,0.0662,0.0,0.11206942,0.08444714,0.06633936,11,False,False
2023-24,2023-11-11,Pennsylvania,0,1.127577304840088,0.7028561234474182,1.8549740314483643,0.4025523364543915,0.14063985496759418,0.6724843978881836,24.828659057617188,10.22332592010498,40.032508850097656,0.05815455690026283,0.03254154659807682,0.08774382397532467,18.481481552124023,9.883004379272462,28.07987403869629,0.07722056284546852,0.014091062359511852,0.18777643144130707,0.0628,0.0,0.11197797,0.09151277,0.06982513,11,False,False
2023-24,2023-11-11,Pennsylvania,1,1.0759021043777466,0.7128317356109619,1.8427895307540894,0.39346662163734436,0.11815592646598816,0.7017769813537598,22.346111297607422,8.966435432434082,37.36579895019531,0.06012371554970741,0.034379969909787186,0.09366870671510696,19.498807907104492,11.150052070617676,28.210106277465833,0.06972362101078033,0.009267053473740827,0.16856062412261963,0.0786,0.0,0.11152022,0.08181472,0.06354239,11,False,False
2023-24,2023-11-11,Pennsylvania,2,0.9789299368858337,0.6882216930389404,1.4879233837127686,0.3587985038757324,0.1208309143781662,0.6150650382041931,16.54636573791504,6.466175079345703,33.08165740966797,0.06577185541391373,0.03554731607437134,0.10183839946985247,19.895889282226562,11.402718544006348,28.778050231933594,0.05753064528107643,0.008105792757123708,0.13322303742170338,0.0821,0.0,0.1098163,0.06565952,0.05180293,11,False,False
2023-24,2023-11-11,Vermont,0,1.0745719075202942,0.6397690176963806,2.0871198177337646,0.4847347140312195,0.18243452906608582,0.7779014706611633,22.903179168701172,10.522645950317383,36.06486892700195,0.047515153884887695,0.00995291629806161,0.09620465710759164,4.7447638511657715,0.8147587180137634,11.203228759765633,0.10608718544244766,0.020751121826469904,0.22521832585334778,0.0525,0.0,0.11160662,0.11947728,0.08681238,11,False,False
2023-24,2023-11-11,Vermont,1,1.1338613033294678,0.644484281539917,2.1254698753356935,0.47574862837791443,0.16955598145723347,0.7989267706871033,24.49578094482422,11.867191123962403,38.02579917907717,0.04540403559803963,0.008033669739961627,0.1031743586063385,4.931035041809082,0.9328429698944092,12.147420406341553,0.1002674326300621,0.0171755088493228,0.22188279032707214,0.0636,0.0,0.11146301,0.11887828,0.08479183,11,False,False
2023-24,2023-11-11,Vermont,2,1.139639973640442,0.6478468477725983,2.1537820339202893,0.47274400293827057,0.1577942967414856,0.7909153699874878,24.35108757019043,11.284165000915527,38.37849426269531,0.04706709831953049,0.011224614456295967,0.09775624424219131,4.153096675872803,0.689481544494629,10.95011558532716,0.1005813516676426,0.021634263917803764,0.21635448932647705,0.0479,0.0,0.11256919,0.11825154,0.08531113,11,False,False
2023-24,2023-11-11,Wyoming,0,1.3084672689437866,0.6842883825302124,2.5,0.5430871248245239,0.2367294430732727,0.8680593967437744,23.74165916442871,13.227601051330566,33.922393798828125,0.02044275403022766,0.005431440100073815,0.06440671533346176,8.964937210083008,2.3039016723632812,18.697538375854492,0.15779392421245575,0.03277541324496269,0.3388431668281555,0.0433,0.0074,0.11132791,0.20454784,0.1311103,11,False,False
2023-24,2023-11-11,Wyoming,1,1.2577095031738281,0.6924902200698853,2.3663182258605957,0.4817248284816742,0.13812002539634705,0.7897814810276031,24.873225212097168,14.57536554336548,36.135284423828125,0.02085694670677185,0.005810576118528847,0.06131163612008095,6.501969814300537,1.5150200605392456,14.046968460083008,0.1442420482635498,0.03720890358090401,0.31180381774902344,0.0285,0.0027,0.11135681,0.18013105,0.12020878,11,False,False
2023-24,2023-11-11,Wyoming,2,1.1821720600128174,0.6235725224018097,2.369858288764954,0.5612759292125702,0.2781256765127182,0.8264335989952087,22.464683532714844,11.466906547546387,34.280418395996094,0.025314265862107277,0.007472634455189111,0.07974355667829514,7.2750067710876465,1.9286709189414981,15.476385116577148,0.16492123901844025,0.033138103783130646,0.33746498823165894,0.0368,0.0044,0.11158828,0.20347778,0.12896316,11,False,False
2023-24,2023-11-18,Alaska,0,0.9436179995536804,0.6058076620101929,1.5679903030395508,0.4009741544723511,0.11108171194791794,0.6909973978996278,26.911340713500977,7.556283473968508,40.812217712402344,0.12170308828353882,0.05042636767029762,0.20947088301181802,16.98312759399414,8.94178981781006,26.783828735351562,0.06978418678045273,0.0114416572265327,0.15889332294464137,0.0672,0.0,0.11199319,0.07351091,0.06040786,11,False,False
2023-24,2023-11-18,Alaska,1,0.9333121180534363,0.6278102397918701,1.5112299919128418,0.376146137714386,0.11992450803518295,0.6658254861831665,23.401939392089844,4.690197944641113,42.16968345642091,0.11430216580629349,0.05155661329627037,0.18615895211696626,16.77478790283203,9.115333557128906,25.33321762084961,0.06072835251688957,0.011737994756549606,0.14346012026071556,0.0602,0.0,0.11139761,0.06630142,0.054911,11,False,False
2023-24,2023-11-18,Alaska,2,0.9658913910388947,0.6160731911659241,1.6558764100074768,0.39457979798316956,0.09871671348810196,0.7147348105907443,27.34369659423828,8.266776084899902,41.485286712646484,0.11305160447955132,0.04674366116523743,0.18270663917064667,18.175081253051758,9.083477973937988,28.646120262145995,0.07143878936767578,0.01576308161020279,0.15321055054664615,0.0532,0.0,0.11043921,0.07674239,0.06288644,11,False,False
2023-24,2023-11-18,California,0,1.0088930130004883,0.6804125189781189,1.691590988636017,0.4399544596672058,0.17823095023632052,0.6941551506519319,19.072237014770508,9.298303604125977,35.344895172119145,0.05817682296037674,0.03218955919146538,0.08483319282531743,19.843826293945312,11.296680736541749,29.640618515014655,0.06745846942067146,0.00989445298910141,0.16262355297803882,0.0772,0.0,0.11192851,0.08963614,0.07417463,11,False,False
2023-24,2023-11-18,California,1,1.135574221611023,0.7301340758800506,1.8257357358932498,0.40251629054546356,0.13207875043153763,0.7140228748321533,23.96341896057129,11.76073169708252,39.18500518798828,0.04976164735853672,0.02861817739903927,0.07432115077972412,20.93613338470459,11.261274242401123,31.30965194702149,0.06884241849184036,0.011659772135317326,0.15351463854312897,0.0677,0.0,0.11238124,0.08632989,0.07079164,11,False,False
2023-24,2023-11-18,California,2,1.381351351737976,0.834187924861908,2.2811106681823734,0.47542282938957214,0.17593643069267279,0.775637835264206,30.469491958618164,16.228946685791016,40.82120399475098,0.05135316401720047,0.029164090752601624,0.07890286669135094,23.099571228027344,12.647796630859375,34.02812576293945,0.06396157294511795,0.0073152222670614725,0.16338416337966918,0.0887,0.0,0.11265913,0.0829285,0.06659557,11,False,False
2023-24,2023-11-18,New York,0,1.2365851402282715,0.73428755402565,2.135554122924805,0.4194343090057373,0.13146924674510957,0.7350066125392914,27.76148509979248,13.350379943847656,40.03476524353028,0.029849329963326454,0.013230365328490734,0.05090003460645676,15.118493556976318,8.178669929504395,24.48426628112793,0.0738031268119812,0.010789236053824425,0.17391440123319638,0.0767,0.0,0.10972644,0.09318256,0.07283223,11,False,False
2023-24,2023-11-18,New York,1,1.2126535177230835,0.7417980432510376,2.1162075996398926,0.40949198603630066,0.12760616838932037,0.7377847194671631,27.805877685546875,13.64922971725464,40.92728080749512,0.03577646240592003,0.0159439817070961,0.06126093417406083,14.861140727996826,7.603926181793213,25.018083190917977,0.07154129445552826,0.011905200779438019,0.16992204785346984,0.0701,0.0,0.10995898,0.08973738,0.07309205,11,False,False
2023-24,2023-11-18,New York,2,1.3162230253219604,0.8264493584632874,2.063096761703491,0.3698034733533859,0.1170552432537079,0.6760458946228027,28.075395584106445,12.404067993164062,41.84148406982422,0.02329150028526783,0.009903623536229134,0.04097363576292992,16.653801918029785,8.72996644973755,25.37609024047852,0.07399383187294006,0.01211562193930149,0.17336727678775787,0.0694,0.0,0.11039732,0.09144383,0.07644272,11,False,False
2023-24,2023-11-18,Pennsylvania,0,0.9847859144210815,0.6813144743442535,1.5355010032653809,0.34882792830467224,0.09671305269002918,0.6445376873016357,20.10124397277832,8.647503852844238,36.79916191101075,0.06053966283798218,0.03511766344308853,0.08927655220031738,21.021499633789062,12.35682306289673,30.558208274841316,0.05775877833366394,0.007362738065421585,0.13826365768909454,0.0895,0.0,0.10988201,0.07642076,0.06464592,11,False,False
2023-24,2023-11-18,Pennsylvania,1,1.0621734857559204,0.6784594357013704,1.836200475692749,0.4073127806186676,0.12175440713763237,0.7078699469566345,24.693683624267578,11.64847011566162,38.83330154418945,0.06414076685905457,0.036845292523503305,0.09485804289579391,19.82211208343506,11.524343490600586,29.182204246521003,0.06122234836220741,0.008001412265002728,0.15917437225580217,0.0837,0.0,0.10945886,0.0828939,0.06779519,11,False,False
2023-24,2023-11-18,Pennsylvania,2,1.0856061577796936,0.6709818959236146,2.056520700454712,0.4553748071193695,0.14694271236658096,0.7719453275203705,25.34213161468506,9.949135780334473,40.86811447143555,0.06282860413193703,0.034298958256840706,0.09193694218993187,17.830923080444336,10.193694114685059,27.276607513427734,0.06560646742582321,0.013024381920695306,0.15108644664287574,0.06,0.0,0.11123222,0.08217081,0.06669777,11,False,False
2023-24,2023-11-18,Vermont,0,1.2692174911499023,0.7384823143482209,2.215787410736084,0.4769016206264496,0.170891672372818,0.7986327350139619,24.078990936279297,12.176299095153809,36.36848449707031,0.05002830736339092,0.011339185759425163,0.10602740943431854,6.021142244338989,1.7148457169532778,13.372583580017093,0.10433920845389366,0.02078559808433056,0.20997193902730946,0.0518,0.0,0.11011643,0.1141187,0.08839871,11,False,False
2023-24,2023-11-18,Vermont,1,1.254646897315979,0.7512497305870056,2.2745838165283203,0.4781922698020935,0.18844468891620636,0.77736833691597,24.335658073425293,12.052417755126953,36.476415252685555,0.04142897576093674,0.010004520416259766,0.09178566187620163,6.105910778045654,1.6628690719604495,14.607988834381105,0.09622786194086075,0.016299278102815153,0.21081003546714783,0.0654,0.0,0.11270711,0.10993403,0.08646765,11,False,False
2023-24,2023-11-18,Vermont,2,1.2228128910064697,0.6972516775131226,2.2742629051208496,0.5067479610443115,0.21617569625377658,0.7925726830959321,23.77379608154297,12.309269905090334,37.35788116455078,0.04669177532196045,0.009144674986600876,0.10330059081315997,5.755512237548828,1.7214400768280032,12.409227371215826,0.09727700054645538,0.019229203462600708,0.21058297306299215,0.0578,0.0001,0.11125148,0.11471583,0.08619522,11,False,False
2023-24,2023-11-18,Wyoming,0,1.2724342346191406,0.6692298054695129,2.450924563407899,0.5628632307052612,0.2699296057224274,0.8296488583087923,24.843477249145508,13.088379859924316,38.47854995727539,0.03890829160809517,0.0036861069966107607,0.10272879526019098,7.61067271232605,2.682774066925049,14.973273277282715,0.1369248628616333,0.03305407986044885,0.288468599319458,0.0382,0.0018,0.11286928,0.15750414,0.11045509,11,False,False
2023-24,2023-11-18,Wyoming,1,1.2694190740585327,0.7122840046882629,2.4282682657241836,0.532099038362503,0.23565272986888885,0.8050065040588379,23.347654342651367,12.793225288391113,36.52887535095215,0.0317288301885128,0.008635281119495635,0.07933981716632843,9.086240768432617,2.9592371940612794,19.61270523071289,0.1484697461128235,0.03190870210528374,0.32911223769187936,0.0391,0.0012,0.10975985,0.16898575,0.12031843,11,False,False
2023-24,2023-11-18,Wyoming,2,1.3095089197158813,0.6874449014663696,2.4878252744674687,0.5769942402839661,0.25647096037864686,0.8440109670162201,24.099931716918945,14.463971424102784,35.31169776916504,0.02789309248328209,0.007911774329841137,0.06403475999832153,8.505146980285645,3.0171780347824106,15.243552207946777,0.14597488939762115,0.03358153998851776,0.29364418089389804,0.0364,0.0004,0.11023616,0.16198225,0.11619766,11,False,False
2023-24,2023-11-25,Alaska,0,0.7945654392242432,0.6000000238418579,1.4128670692443848,0.43416300415992737,0.1764976531267166,0.6983410656452179,21.39256191253662,4.543867015838624,39.89933547973633,0.1341337189078331,0.06078311800956726,0.21367505341768267,19.942920684814453,10.608139991760254,29.43335056304932,0.06572330743074417,0.011529062874615194,0.14781254529953003,0.0672,0.0,0.11051658,0.07499991,0.05693921,11,False,False
2023-24,2023-11-25,Alaska,1,0.9274095892906189,0.614945524930954,1.4688267707824707,0.371395006775856,0.08527142331004144,0.659834623336792,28.096177101135254,8.402910518646241,42.449832916259766,0.12203958630561829,0.054583421722054486,0.21286221891641618,18.752333641052246,9.75341510772705,28.641939163208008,0.0748024471104145,0.017873654142022133,0.15603751540184022,0.0458,0.0001,0.11124051,0.08197142,0.06523981,11,False,False
2023-24,2023-11-25,Alaska,2,0.9580721259117126,0.6214315891265869,1.6726438403129582,0.3974161148071289,0.10459704026579858,0.7666184782981875,30.40477180480957,8.791711616516116,43.62912864685059,0.12409186363220215,0.057268847525119786,0.20660791993141175,16.730295181274414,9.405366992950439,26.899932861328125,0.06977754831314087,0.01689577754586935,0.14627526551485062,0.0435,0.0,0.11161711,0.07708748,0.06287713,11,False,False
2023-24,2023-11-25,California,0,1.0112131834030151,0.6981768786907196,1.612721562385559,0.38507717847824097,0.12761516869068146,0.6664407253265381,23.98516845703125,10.41430540084839,39.1175724029541,0.05149975046515465,0.029078399762511253,0.07737035974860192,22.566686630249023,13.297909355163574,32.538719177246094,0.060785651206970215,0.009887496009469032,0.1366434842348099,0.073,0.0,0.11117984,0.07084623,0.05935832,11,False,False
2023-24,2023-11-25,California,1,1.1166939735412598,0.6301466822624207,2.104858636856079,0.4912801682949066,0.16457381993532183,0.7857075810432435,28.349483489990234,11.805709266662598,42.767824554443365,0.05797712504863739,0.03131644316017628,0.08848537504673004,18.480358123779297,10.301043510437012,27.991709899902354,0.07889765128493309,0.013957330118864778,0.1753098964691162,0.0613,0.0,0.11033473,0.09050518,0.07116726,11,False,False
2023-24,2023-11-25,California,2,0.8155080676078796,0.6081684172153473,1.392401099205017,0.487047404050827,0.20034195482730865,0.7053044438362122,17.347743034362793,9.01261339187622,34.148144149780286,0.062176674604415894,0.03651924803853035,0.09117013588547707,23.154544830322266,13.39971923828125,33.59704322814942,0.06076115742325783,0.01025679046288133,0.1368956953287125,0.0733,0.0,0.11030086,0.07218855,0.0595291,11,False,False
2023-24,2023-11-25,New York,0,1.1868387460708618,0.7567413389682771,2.078430652618408,0.40506958961486816,0.14699643850326538,0.7328184247016907,27.631072998046875,12.50218677520752,41.1408889770508,0.04324897937476635,0.0213877197355032,0.06960900127887726,15.912213325500488,8.21385669708252,25.790082931518555,0.0660785660147667,0.010226267389953136,0.1584642082452774,0.0722,0.0,0.11146232,0.08323329,0.06639664,11,False,False
2023-24,2023-11-25,New York,1,1.062674343585968,0.6459679007530212,1.873136067390442,0.4527570903301239,0.16489651799201965,0.7440953850746155,24.65420150756836,11.774918746948245,39.25608406066895,0.042384035885334015,0.02095896173268557,0.06588147580623627,16.13524627685547,9.039303016662597,24.96881103515625,0.06439042836427689,0.010377376340329647,0.15598605573177338,0.0719,0.0,0.11121486,0.08042777,0.06521451,11,False,False
2023-24,2023-11-25,New York,2,1.0028643012046814,0.6600119471549988,1.5659983515739442,0.37387071549892426,0.12433606684207918,0.6625393927097321,22.636452674865723,10.991650390625002,36.94531402587891,0.042903535068035126,0.02236893903464079,0.06771360337734222,15.841217994689941,8.745105934143066,26.07708740234375,0.06053520180284977,0.009634235128760342,0.1379813551902771,0.0765,0.0,0.11211572,0.07587097,0.06167078,11,False,False
2023-24,2023-11-25,Pennsylvania,0,1.1445186138153076,0.823280668258667,1.5992031097412116,0.2574954032897949,0.038998737186193504,0.5770006775856018,28.79098129272461,15.374879837036133,42.55187225341797,0.0641009584069252,0.035772863775491714,0.09610588848590851,22.31038761138916,13.231181144714355,31.71491813659668,0.04669024422764778,0.00752703519538045,0.10802198946475983,0.0799,0.0,0.11153376,0.05853706,0.05031206,11,False,False
2023-24,2023-11-25,Pennsylvania,1,0.9403523802757263,0.6343978881835938,1.4889009356498726,0.404013529419899,0.13066218793392181,0.6557113528251648,19.2705135345459,9.773905754089355,35.14581298828125,0.06728340685367584,0.03952040523290634,0.09850722551345825,22.1107120513916,13.173095321655273,31.00407600402832,0.05040641129016876,0.007500302512198687,0.12135767936706543,0.0801,0.0,0.11227963,0.06387804,0.05123881,11,False,False
2023-24,2023-11-25,Pennsylvania,2,1.064569354057312,0.7590267062187195,1.5390633344650269,0.2771500498056412,0.06411147862672806,0.5715315937995911,23.722549438476562,11.835438442230227,38.45538330078125,0.06786377727985382,0.03974410705268383,0.10013314411044123,23.960975646972656,14.708544731140137,33.04616928100586,0.043325213715434074,0.008482088614255192,0.09959590882062913,0.0724,0.0,0.10946989,0.05442765,0.0470427,11,False,False
2023-24,2023-11-25,Vermont,0,1.0708001852035522,0.6696585059165955,1.9647552490234381,0.4265167862176895,0.13294032216072083,0.7596877932548524,24.43889617919922,11.20342197418213,38.107757568359375,0.04502261243760586,0.005649692378938198,0.09709811955690385,6.924433708190918,2.141348361968994,14.61890459060669,0.09192521125078201,0.01387177435681224,0.21505171805620193,0.0695,0.0,0.11173129,0.11268717,0.08676111,11,False,False
2023-24,2023-11-25,Vermont,1,1.1370645761489868,0.6810988366603852,2.074026274681094,0.4749620258808136,0.18728609383106232,0.757068943977356,26.153841018676758,11.879770469665528,39.46483612060547,0.04535161145031452,0.005223050247877836,0.09830403327941896,5.552426338195801,1.7986476421356201,11.971155166625977,0.09049937501549721,0.015710565075278286,0.20045071840286255,0.0603,0.0,0.11309943,0.10958247,0.08292365,11,False,False
2023-24,2023-11-25,Vermont,2,1.0948890447616577,0.6686319708824158,1.9734573125839237,0.4652062952518463,0.1869268611073494,0.7449420094490051,25.200743675231934,11.593301773071289,39.88569526672364,0.03878411650657654,0.005115101439878345,0.08424958884716034,6.727812767028809,2.124934196472168,14.702514839172364,0.09034140408039093,0.016884979046881205,0.199873848259449,0.0547,0.0002,0.11180792,0.10662195,0.08495929,11,False,False
2023-24,2023-11-25,Wyoming,0,1.340831696987152,0.7482096552848816,2.4949262142181396,0.5334891080856323,0.25550058484077454,0.8031838655471802,25.309460639953613,14.308094024658203,37.62245178222656,0.05308447778224945,0.019476361572742462,0.10970791652798653,7.675188064575195,3.1239748001098633,13.764863109588624,0.14806565642356873,0.03518280014395714,0.30211544334888457,0.0362,0.0002,0.11127653,0.16028177,0.11565393,11,False,False
2023-24,2023-11-25,Wyoming,1,1.3725506067276,0.7871708869934082,2.4505566120147706,0.5413523316383362,0.25789115428924564,0.821821391582489,24.824010848999023,13.86688232421875,36.70827026367188,0.04713789001107216,0.01722642406821251,0.11062449067831043,10.29761028289795,4.1011762619018555,19.65190887451172,0.13288460671901703,0.03206491842865944,0.28534305393695847,0.0418,0.0,0.11209575,0.14368072,0.10586594,11,False,False
2023-24,2023-11-25,Wyoming,2,1.3199729919433594,0.7024898529052734,2.416908025741577,0.5539840459823608,0.2652114927768707,0.8259924650192261,23.7126522064209,13.296359062194824,34.92987251281738,0.04876471683382988,0.016603976488113403,0.11126094311475754,9.88361930847168,3.6511375188827517,20.090452194213867,0.1553637683391571,0.0401407815515995,0.3062718659639359,0.028,0.0034,0.11161646,0.16704824,0.11847778,11,False,False
2023-24,2023-12-02,Alaska,0,0.9496839642524719,0.639519602060318,1.4806498289108276,0.3415774703025818,0.07339890897274018,0.6418134570121765,26.544532775878906,9.213659286499023,42.99325180053711,0.13932424783706665,0.06611723452806473,0.21982812881469727,17.855714797973633,9.955024909973146,27.160036087036133,0.07358139753341675,0.01858673430979252,0.15038736164569855,0.0427,0.0,0.11096916,0.08682963,0.06814768,12,False,False
2023-24,2023-12-02,Alaska,1,0.920219212770462,0.6228569149971008,1.4698069095611572,0.3829270303249359,0.10778539925813677,0.66485196352005,25.596169471740723,9.176922416687011,42.6203727722168,0.13096649944782257,0.06960219144821167,0.2146996259689331,18.19034194946289,10.175352096557617,26.762655067443855,0.06158391758799553,0.013486011885106564,0.1315174400806427,0.0553,0.0,0.11277926,0.07301246,0.05563784,12,False,False
2023-24,2023-12-02,Alaska,2,0.9261121153831482,0.6371200084686279,1.5313585996627808,0.3723439574241638,0.09055815488100052,0.66546231508255,25.835006713867188,9.490453720092773,41.22316551208496,0.1399775892496109,0.06888160854578018,0.22627305835485462,18.445629119873047,10.632167339324955,27.53704833984375,0.06486357748508453,0.012902267277240753,0.135983918607235,0.0616,0.0,0.11183757,0.07623467,0.06009879,12,False,False
2023-24,2023-12-02,California,0,1.0202836990356445,0.6920912563800812,1.4556682109832764,0.3178686201572418,0.07836555242538457,0.6173301935195923,24.101707458496094,11.112212181091309,40.01723442077637,0.06822140514850616,0.039258908852934836,0.10357212275266647,22.828418731689453,14.50097637176514,32.106729125976564,0.05478942580521107,0.010155953373759985,0.12929148674011234,0.0713,0.0,0.11050475,0.06870713,0.05679425,12,False,False
2023-24,2023-12-02,California,1,1.0730080604553223,0.7569589614868164,1.4696891069412237,0.2813733369112015,0.06605609506368637,0.5687238156795502,24.01781177520752,9.924136352539064,39.029385375976574,0.05964386835694313,0.036056723445653915,0.0857919454574585,19.46968650817871,12.353622722625733,26.65010375976563,0.042868636548519135,0.007321570534259081,0.10123051702976228,0.0817,0.0,0.10885973,0.0531962,0.04611298,12,False,False
2023-24,2023-12-02,California,2,1.0990594625473022,0.7425544261932373,1.6993071079254152,0.3170815259218216,0.07003696262836456,0.6603480815887451,27.020305633544922,12.459094047546387,42.649639511108404,0.06078502908349037,0.03533406183123589,0.0903647340834141,21.07499885559082,13.797111511230469,29.3887264251709,0.04993336834013462,0.008911673538386823,0.11124543845653534,0.0749,0.0,0.11163196,0.06154275,0.05259937,12,False,False
2023-24,2023-12-02,New York,0,1.1103269457817078,0.7652590274810791,1.5764800310134888,0.2982986569404602,0.07106321305036545,0.6067349970340731,23.33653450012207,12.259466171264648,37.29483413696289,0.04869871586561203,0.026706268824636937,0.07443914264440538,16.0883731842041,9.146205902099611,23.990516662597656,0.05231323838233948,0.004999999888241291,0.1365247368812561,0.1051,0.0,0.11343347,0.07046349,0.05943146,12,False,False
2023-24,2023-12-02,New York,1,1.139994502067566,0.7494113683700562,1.887268304824829,0.3367696702480316,0.06997848898172379,0.7117374122142793,24.7884578704834,12.528417110443115,38.15645446777344,0.04991157166659832,0.027475090697407722,0.07891194522380832,12.243636131286621,7.081112194061279,18.256044387817383,0.06044507026672363,0.009923423640429974,0.15018790960311892,0.0767,0.0,0.11052785,0.07558185,0.06194833,12,False,False
2023-24,2023-12-02,New York,2,1.1049084663391113,0.7272052824497223,1.9646869897842407,0.4274495840072632,0.13593696057796478,0.7372493147850037,24.55194854736328,13.973451614379883,37.66421546936036,0.0502048060297966,0.026625998318195343,0.07837660610675812,16.341978073120117,9.353079509735108,24.248043060302734,0.05826055258512497,0.009314155206084251,0.13544567972421648,0.0752,0.0,0.11119511,0.07091438,0.05635141,12,False,False
2023-24,2023-12-02,Pennsylvania,0,1.096700668334961,0.7616150975227356,1.6293444395065313,0.31744246184825897,0.0718122810125351,0.6387895941734314,23.441271781921387,12.755204963684083,37.223325729370124,0.06892244517803192,0.04060274921357632,0.0993945300579071,22.381041526794434,13.46133451461792,31.41914939880371,0.05039089173078537,0.009821372665464881,0.11582662910223014,0.0697,0.0,0.11265969,0.06030201,0.05104914,12,False,False
2023-24,2023-12-02,Pennsylvania,1,1.084432601928711,0.7537895619869233,1.7188156843185425,0.34336307644844055,0.09775050878524781,0.6424562931060791,22.378182411193848,11.75559139251709,38.411852645874035,0.06087171286344528,0.03670134209096432,0.08814477175474167,22.132689476013184,14.224582862854005,30.56248664855957,0.05010604485869408,0.01083944430574775,0.10410013794898987,0.0633,0.0,0.11177941,0.05667847,0.0489539,12,False,False
2023-24,2023-12-02,Pennsylvania,2,1.1205956935882568,0.8016574382781982,1.6461359024047861,0.2994791269302368,0.0685971908271313,0.5964271008968355,24.81487274169922,14.016378402709961,38.0427043914795,0.0697384886443615,0.04098522737622261,0.10421113669872284,24.530296325683594,15.03801155090332,33.536720275878906,0.04714737460017204,0.01091150464490056,0.09817312285304071,0.0581,0.0,0.11035155,0.05492168,0.04759226,12,False,False
2023-24,2023-12-02,Vermont,0,1.0117764472961426,0.6167915463447571,1.955386757850647,0.4751758873462677,0.2099856585264206,0.7642123103141785,25.888928413391113,10.842796325683594,40.45734748840333,0.04917576536536217,0.006536342715844519,0.11050556600093842,6.406092643737793,2.402676820755005,12.624569416046146,0.09287214279174805,0.017869385145604613,0.2047574520111084,0.0509,0.0,0.11125918,0.10529861,0.08183553,12,False,False
2023-24,2023-12-02,Vermont,1,0.995936244726181,0.6211208403110504,1.9229369163513184,0.4749298691749573,0.19596286118030548,0.7619119882583618,25.42403793334961,11.34244890213013,40.04962158203125,0.04653892107307911,0.0020000000949949026,0.10520839318633081,8.015539646148682,2.7690397262573248,16.38680076599121,0.0879860632121563,0.01647623963654042,0.20128712952136993,0.0553,0.0,0.10982688,0.10304006,0.07877365,12,False,False
2023-24,2023-12-02,Vermont,2,0.9888364374637604,0.6000000238418579,1.8638168573379517,0.4772275984287262,0.17942463755607607,0.774959546327591,24.49745750427246,9.47662000656128,38.8954948425293,0.04773343354463577,0.006952641531825066,0.10077293962240219,7.307938814163208,2.517060089111328,14.993408775329595,0.09579512476921082,0.018289878591895105,0.2100418657064438,0.0534,0.0,0.11106069,0.10646362,0.08117422,12,False,False
2023-24,2023-12-02,Wyoming,0,1.224184513092041,0.6581664681434631,2.383172678947449,0.5371185541152954,0.24405204802751543,0.8043878793716432,23.899765014648438,11.399051570892338,38.39341735839844,0.051770927384495735,0.0209790600463748,0.11291971355676653,10.74237060546875,4.71861367225647,19.686870574951172,0.12514648586511612,0.025304323062300682,0.26771999001503,0.0498,0.0002,0.1100711,0.14530102,0.10630611,12,False,False
2023-24,2023-12-02,Wyoming,1,1.2364518642425537,0.6801187336444855,2.3619700193405153,0.5105736553668976,0.25957491993904114,0.7731078982353211,24.37518882751465,12.36222906112671,38.078765869140625,0.049351081252098083,0.019566498696804047,0.10558618605136871,11.725603580474854,5.134840965270996,19.99373569488526,0.13122113049030304,0.029398826882243156,0.2673906087875366,0.0432,0.0,0.10999176,0.14793557,0.10985324,12,False,False
2023-24,2023-12-02,Wyoming,2,1.2549265623092651,0.6600872278213501,2.450247240066529,0.5246796011924744,0.23842699825763702,0.8066733598709107,26.879352569580078,14.415352821350098,39.28187522888184,0.05066397041082382,0.019880730658769608,0.10411484688520437,10.959771633148193,4.48183650970459,19.942459106445312,0.17208899557590485,0.03213341906666756,0.3713183969259262,0.0467,0.0111,0.11239946,0.19193894,0.13144516,12,False,False
2023-24,2023-12-09,Alaska,0,0.9365328252315521,0.6293190598487854,1.5295980572700503,0.35571029782295227,0.10269022732973099,0.6383996605873108,26.653210639953613,10.16947889328003,41.9485408782959,0.1431543380022049,0.0705936498939991,0.2304692417383194,19.104740142822266,11.39743595123291,28.05838108062744,0.06937962397933006,0.016129303723573685,0.14444241225719465,0.05,0.0,0.11097822,0.07936763,0.0635695,12,False,False
2023-24,2023-12-09,Alaska,1,0.9499433636665344,0.6560806632041931,1.5492417216300964,0.3452516198158264,0.0944689951837063,0.6476871371269226,24.765928268432617,7.428050994873047,42.77444686889648,0.1341252252459526,0.06899380683898926,0.21347340941429138,17.80319595336914,10.095663070678713,27.541247367858887,0.05987708643078804,0.014742998406291008,0.12398701906204224,0.0481,0.0,0.11060013,0.069272,0.05785344,12,False,False
2023-24,2023-12-09,Alaska,2,0.9279069006443024,0.6293693780899048,1.4414913296699525,0.3446779400110245,0.08648449182510376,0.6369091868400575,23.337430953979492,7.153383207321169,42.95202140808106,0.12499570101499557,0.0620458409190178,0.20597957074642181,19.4655179977417,11.16372299194336,28.575312232971193,0.061112742871046066,0.011979872081428767,0.13477292656898499,0.0614,0.0,0.11142511,0.07238292,0.05941328,12,False,False
2023-24,2023-12-09,California,0,0.9036263823509216,0.6330713629722595,1.441184639930725,0.4202037453651428,0.13373856246471405,0.6739305853843689,20.035633087158203,9.157302951812746,38.12154006958008,0.07593443244695663,0.04392806068062782,0.1098264053463936,23.053726196289062,14.908024787902832,31.150251388549805,0.05391058698296547,0.010698863305151463,0.11918272674083716,0.0651,0.0,0.11169986,0.06462553,0.05344674,12,False,False
2023-24,2023-12-09,California,1,0.9824814200401306,0.6865028142929077,1.328506588935852,0.30096468329429626,0.07832258939743042,0.5839654207229614,20.455005645751953,9.42263126373291,37.16038513183594,0.06899139657616615,0.041652132570743565,0.09937072545289993,26.438554763793945,16.746856689453125,35.84438705444336,0.046470414847135544,0.009170477185398342,0.1026470884680748,0.0656,0.0,0.11240985,0.05601991,0.04765203,12,False,False
2023-24,2023-12-09,California,2,0.9668201208114624,0.6762931883335114,1.3422499895095825,0.31895631551742554,0.078211210668087,0.6014773190021517,21.304410934448242,10.975878715515137,35.83501091003419,0.06483213230967522,0.04014940559864044,0.09154869616031647,26.361644744873047,17.22685432434082,35.05357971191407,0.047861725091934204,0.009382267482578754,0.10676030069589615,0.0726,0.0,0.11402631,0.05727023,0.05008448,12,False,False
2023-24,2023-12-09,New York,0,1.1198380589485168,0.7467107176780701,1.6597652435302734,0.33273132145404816,0.07217737585306169,0.6502755880355835,23.58153533935547,11.770591259002686,39.016365432739256,0.05698707327246666,0.03286728262901306,0.08768564313650132,17.072851181030273,9.867480182647707,26.300633239746094,0.05792141705751419,0.011433476582169533,0.12780219316482544,0.0619,0.0,0.11088866,0.07201838,0.06104423,12,False,False
2023-24,2023-12-09,New York,1,1.2222461104393005,0.7438342094421386,1.9136184334754944,0.34690141677856445,0.060939615219831475,0.6925031483173371,29.29424285888672,14.491827964782717,44.62989807128906,0.05764046497642994,0.03332865238189697,0.0878349021077156,17.901885986328125,10.582012176513672,27.424939918518067,0.06035769358277321,0.012001033872365952,0.1317294478416443,0.057,0.0,0.1120081,0.07332816,0.06223083,12,False,False
2023-24,2023-12-09,New York,2,1.068623125553131,0.6702766239643096,1.834793210029602,0.41504940390586853,0.1096745826303959,0.7317524492740632,21.921232223510742,11.402866649627686,38.90144348144531,0.05237465351819992,0.029898115620017054,0.07952442914247514,16.56564235687256,9.977273559570312,24.68060302734375,0.062400367110967636,0.009647835418581965,0.15162875056266795,0.0737,0.0,0.11299396,0.07882416,0.06330301,12,False,False
2023-24,2023-12-09,Pennsylvania,0,1.0181819200515747,0.6730022668838501,1.5458668947219851,0.36260563135147095,0.10610820278525353,0.6575419485569003,22.214208602905273,11.541234970092773,40.1456184387207,0.07424909621477127,0.04513294138014317,0.11175108700990677,22.733640670776367,13.758651733398438,33.16121292114258,0.051239779219031334,0.010372272413223986,0.11374286562204362,0.0676,0.0,0.11250767,0.06297549,0.0532482,12,False,False
2023-24,2023-12-09,Pennsylvania,1,1.1163160800933838,0.8744744658470154,1.3878715276718139,0.20472053438425064,0.03259859792888165,0.44152534008026123,23.382266998291016,10.992610359191895,38.52256622314454,0.06964171305298805,0.04473115876317024,0.09748260527849198,25.82966709136963,16.721599006652834,35.23838386535645,0.040798092260956764,0.008463938720524311,0.08829093649983408,0.0718,0.0,0.11213429,0.05095444,0.04584664,12,False,False
2023-24,2023-12-09,Pennsylvania,2,1.0969125032424927,0.8504440605640412,1.4325350522994995,0.21996516734361649,0.04246613532304766,0.45554721653461455,23.763479232788086,12.502872467041016,39.11493110656738,0.07905807718634605,0.05094762146472931,0.10824395418167115,25.919750213623047,16.579146957397462,35.72102737426758,0.0396918598562479,0.009008618816733363,0.08551831990480428,0.0662,0.0,0.11058431,0.04874518,0.04348446,12,False,False
2023-24,2023-12-09,Vermont,0,1.067574918270111,0.6530086994171143,2.015817642211914,0.45065563917160034,0.14760762453079224,0.7444204449653626,24.779699325561523,12.211427688598633,39.850669860839844,0.057129597291350365,0.01390354335308075,0.11419650912284851,7.9152610301971436,3.153444838523865,14.964470863342285,0.08825256675481796,0.015722492709755898,0.1927027404308319,0.0612,0.0,0.11136446,0.10499803,0.0789485,12,False,False
2023-24,2023-12-09,Vermont,1,1.0308186411857605,0.6387887179851532,1.9628719091415405,0.4776528775691986,0.1813183218240738,0.7459847927093506,24.86348533630371,12.081085681915283,39.057298278808595,0.0564337894320488,0.012794033903628588,0.117752230912447,8.164351463317871,3.1970155000686646,15.68878221511841,0.08851239085197449,0.016959641128778458,0.18760096579790123,0.0621,0.0,0.11120079,0.10407864,0.07913543,12,False,False
2023-24,2023-12-09,Vermont,2,1.0762587785720825,0.6458526253700256,1.9610590934753425,0.43055252730846405,0.13956719636917114,0.7359833717346191,24.974262237548828,12.457434272766115,39.039737701416016,0.05330170318484306,0.014930959325283766,0.11058849394321442,7.858893394470215,3.1031980514526367,14.818935680389405,0.09229553490877151,0.017185140401124954,0.1991235077381135,0.0562,0.0,0.11045134,0.1084524,0.07989243,12,False,False
2023-24,2023-12-09,Wyoming,0,1.1389724016189575,0.6431739330291748,2.215096950531006,0.5382073819637299,0.1999036952853203,0.8198512256145477,24.084375381469727,11.865769386291504,38.53086853027344,0.0827663466334343,0.036392051726579666,0.16393157392740249,10.567168235778809,4.628901720046998,18.36201286315918,0.13460136950016022,0.02775178663432598,0.28029102087020874,0.0458,0.0021,0.11144547,0.15968956,0.11233362,12,False,False
2023-24,2023-12-09,Wyoming,1,1.1634117364883423,0.6476386189460754,2.298285698890687,0.5507451891899109,0.2648893594741822,0.8117071390151978,24.145471572875977,12.582168579101562,37.09320068359376,0.06941583007574081,0.030487345345318318,0.13778505474329,11.165202617645264,4.652798652648926,20.233613967895508,0.1377701461315155,0.03067556992173195,0.2831320762634278,0.0422,0.0004,0.11216602,0.16075093,0.11406902,12,False,False
2023-24,2023-12-09,Wyoming,2,1.1827419996261597,0.6905476331710816,2.2620277404785156,0.4938700497150421,0.2069084197282791,0.7813300669193268,23.193456649780273,11.46692714691162,37.96771240234375,0.07498157024383545,0.03298287093639374,0.15231898427009583,9.539064407348633,4.313429355621338,16.302413940429688,0.13586921244859695,0.03168902546167374,0.2849915027618408,0.042,0.0004,0.11276179,0.15945598,0.11544735,12,False,False
2023-24,2023-12-16,Alaska,0,0.846312016248703,0.6000000238418579,1.3159887433052064,0.3371236175298691,0.08604950010776521,0.613655948638916,27.523134231567383,8.487112045288086,43.652931213378906,0.1486240178346634,0.07174057438969614,0.24215167611837388,18.45811653137207,9.869646453857422,27.998353958129883,0.0682980865240097,0.015682771801948547,0.14330154657363892,0.0497,0.0,0.11452729,0.07681476,0.06280259,12,False,False
2023-24,2023-12-16,Alaska,1,0.8103700280189514,0.6012977957725525,1.2427380084991455,0.3212509751319885,0.06922859698534012,0.588573157787323,23.630712509155273,6.9937350273132335,41.20735549926758,0.15033668279647827,0.07065135985612869,0.23623116314411163,19.21233558654785,9.977184295654297,30.23520221710206,0.0640450231730938,0.013849502429366112,0.13329361826181413,0.0484,0.0,0.1114422,0.0703289,0.05766542,12,False,False
2023-24,2023-12-16,Alaska,2,0.8340544104576111,0.6000000238418579,1.3223596811294556,0.34313058853149414,0.10137473568320278,0.6263143479824067,23.558753967285156,5.880893707275391,41.837772369384766,0.13707610964775085,0.061459485441446304,0.22504397481679922,18.009199142456055,9.694633483886719,27.13006019592285,0.05946415290236473,0.011987828649580479,0.1312900334596634,0.0567,0.0,0.11205247,0.06841512,0.05603733,12,False,False
2023-24,2023-12-16,California,0,0.9896672368049622,0.7061241388320922,1.3201601982116702,0.2682361304759979,0.05665532164275647,0.5789665997028351,22.032249450683594,10.159725189208984,39.185484695434575,0.08000463992357254,0.048761483281850815,0.11178199872374536,23.007339477539062,15.051810836791992,31.76279067993164,0.045315613970160484,0.00886251125484705,0.10548743531107904,0.0732,0.0,0.11297423,0.05697473,0.04948898,12,False,False
2023-24,2023-12-16,California,1,0.9998384714126587,0.7126221656799316,1.289503812789917,0.24368204176425934,0.04051287695765496,0.5338523030281068,21.834623336791992,10.55871629714966,38.28081817626954,0.07066793739795685,0.043581592664122586,0.1000594735145569,24.965654373168945,15.745341873168945,34.16496315002441,0.04714147374033928,0.01088566891849041,0.09852643087506294,0.0557,0.0,0.11128017,0.05481648,0.0470547,12,False,False
2023-24,2023-12-16,California,2,0.9633606970310211,0.6722378015518189,1.2892385244369506,0.2937502861022949,0.06454524397850037,0.5940354108810425,22.0218448638916,10.854677677154543,38.248538970947266,0.08257662504911423,0.05053536593914032,0.11598771065473557,23.385645866394043,15.313981056213379,31.92658042907715,0.05279640480875969,0.009911421779543165,0.12688282728195194,0.0688,0.0,0.11190016,0.06650973,0.05509522,12,False,False
2023-24,2023-12-16,New York,0,1.0601956248283386,0.6923732101917267,1.5395270586013794,0.33285388350486755,0.07587779834866525,0.660606759786606,23.639371871948242,12.09527587890625,40.21394729614258,0.06964347511529922,0.04024446755647659,0.10207686200737955,19.965105056762695,11.854978847503663,30.038650512695312,0.04990246146917343,0.0073621454648673534,0.11909270808100703,0.0821,0.0,0.11430042,0.06357032,0.0535507,12,False,False
2023-24,2023-12-16,New York,1,1.0754839181900024,0.6809920072555542,1.6445156335830688,0.3575304448604584,0.11473513543605807,0.6840671300888062,24.96014404296875,12.404213905334473,41.40439224243164,0.07263553142547607,0.03909514769911767,0.11217746362090111,18.024900436401367,10.933898735046387,26.23794937133789,0.05437326431274414,0.009134285431355239,0.1283334642648697,0.073,0.0,0.11093221,0.06805072,0.0572186,12,False,False
2023-24,2023-12-16,New York,2,0.9878205060958862,0.6676661252975464,1.4390154123306276,0.38006940484046936,0.11438368260860443,0.6738768219947815,21.559860229492188,12.120875358581543,35.81113395690918,0.06757941842079163,0.03964766412973404,0.10152455419301987,21.188581466674805,12.739102649688721,30.077014923095703,0.048835065215826035,0.006375569850206375,0.11678680032491684,0.0893,0.0,0.11268825,0.06267255,0.05228644,12,False,False
2023-24,2023-12-16,Pennsylvania,0,1.130015254020691,0.8346830725669862,1.5675311088562012,0.25617262721061707,0.06022481992840767,0.5214818716049194,28.178911209106445,14.013440895080567,42.58063201904297,0.08702901750802994,0.05480125546455383,0.12328064888715745,25.292146682739258,16.108224868774414,34.85276794433594,0.04053546115756035,0.009580445475876331,0.08978035300970078,0.0688,0.0,0.11083502,0.04881351,0.04267228,12,False,False
2023-24,2023-12-16,Pennsylvania,1,1.0648292303085327,0.7446033954620361,1.5495707750320438,0.3084638714790344,0.0746147409081459,0.6142668128013611,25.066680908203125,13.784859752655029,39.435582733154305,0.07976039499044418,0.04813794754445553,0.11730111986398697,22.023012161254883,14.335124301910401,30.242410278320314,0.043179791420698166,0.00851406343281269,0.09972592443227768,0.072,0.0,0.11256849,0.05424287,0.04691285,12,False,False
2023-24,2023-12-16,Pennsylvania,2,1.1060414910316467,0.7943965792655945,1.4527279138565063,0.23499087989330292,0.04045283421874046,0.5232720375061035,26.27011489868164,13.35082721710205,41.481955337524425,0.07818421721458435,0.049925483763217926,0.11146441102027893,24.891216278076172,16.412873840332033,33.308375167846684,0.04142997786402702,0.008825776167213917,0.09141932427883148,0.0642,0.0,0.10963038,0.05035571,0.04408671,12,False,False
2023-24,2023-12-16,Vermont,0,0.9467231631278992,0.6138026297092438,1.7316566705703735,0.45047345757484436,0.16221895813941956,0.729954218864441,22.823530197143555,10.778801918029785,38.475364685058594,0.06660178303718567,0.02238467149436474,0.13599998205900193,8.967209815979004,3.8427507877349854,16.304187774658203,0.08431273698806763,0.016017738170921808,0.18177509009838108,0.0569,0.0,0.11242794,0.09792247,0.0780444,12,False,False
2023-24,2023-12-16,Vermont,1,1.0084752440452576,0.6492690920829773,1.7101287841796875,0.42293450236320496,0.12874040305614473,0.7215174794197083,24.23320198059082,11.343450546264648,38.68744316101074,0.05112484656274319,0.01641625575721264,0.1046014279127121,8.444719314575195,3.636446237564087,15.412434577941895,0.08206050097942352,0.016347989439964294,0.1877383127808571,0.0592,0.0,0.11206193,0.10162428,0.08033588,12,False,False
2023-24,2023-12-16,Vermont,2,0.9786868095397949,0.6408834755420685,1.8088940382003784,0.43812695145606995,0.14655131697654725,0.71733216047287,24.39444351196289,12.891555786132812,37.996158599853516,0.052405405789613724,0.017860270850360398,0.09987066686153412,9.216058731079102,3.899473881721497,16.655263710021973,0.08216523751616478,0.017399008944630624,0.17620932012796403,0.0515,0.0,0.11042359,0.09809338,0.07790671,12,False,False
2023-24,2023-12-16,Wyoming,0,1.158114731311798,0.6682211458683014,2.1629390716552734,0.46554386615753174,0.14853328466415405,0.7699768543243408,26.722335815429688,14.514674282073974,39.43136138916016,0.08752872422337532,0.041886827722191815,0.16551543623209,11.235815048217773,5.438642501831055,18.935180282592775,0.11265899986028671,0.02284824289381504,0.24084560573101044,0.0511,0.0,0.11168976,0.13293472,0.09864398,12,False,False
2023-24,2023-12-16,Wyoming,1,0.9933587312698364,0.6215687990188599,2.040292239189148,0.5284038782119751,0.23860013484954834,0.8036725521087646,23.24110984802246,12.790963172912598,37.16452674865723,0.07822202891111374,0.03775449357926846,0.14636877179145816,12.38438892364502,5.829512357711792,20.09551811218262,0.11118139326572418,0.025274484604597098,0.23031853735446933,0.0428,0.0001,0.11182213,0.13058886,0.09740512,12,False,False
2023-24,2023-12-16,Wyoming,2,0.9965901970863342,0.6103056073188782,2.0403242111206055,0.5105137228965759,0.19199077188968658,0.7780082821846008,24.02342414855957,13.82205867767334,36.84996566772461,0.10038484632968903,0.04513048008084297,0.19707900285720828,10.760966300964355,5.27564001083374,17.975327873229983,0.12255918234586716,0.028411565348505974,0.2500834703445435,0.0369,0.0,0.11192571,0.13902419,0.10554451,12,False,False
2023-24,2023-12-23,Alaska,0,0.7720142006874084,0.6000000238418579,1.1393142580986024,0.3185614049434662,0.08889899179339408,0.5795275628566743,21.311098098754883,4.718321132659914,42.984527587890625,0.1463208869099617,0.06851339936256409,0.23078406006097793,18.460411071777344,10.632555484771729,26.81096935272217,0.06366784870624542,0.014234997145831586,0.12796393781900406,0.0492,0.0,0.11390548,0.06733097,0.05180329,12,False,False
2023-24,2023-12-23,Alaska,1,0.7792360186576843,0.6000000238418579,1.2016420364379883,0.3603178858757019,0.11378200426697732,0.6246036648750306,21.82413387298584,3.8081286907196055,43.30530242919922,0.13361846655607224,0.06265989616513253,0.2132868230342865,17.791184425354004,10.234228229522705,26.433239555358888,0.06489970535039902,0.014732559304684402,0.13966359198093414,0.0514,0.0,0.11167268,0.0714251,0.05437967,12,False,False
2023-24,2023-12-23,Alaska,2,0.7894093692302704,0.6000000238418579,1.2386976480484009,0.3153941035270691,0.0702928900718689,0.6097939431667329,26.07554817199707,5.739019870758057,44.78833618164063,0.13382314145565033,0.06406867280602456,0.2131048455834389,18.001367568969727,10.103979301452636,26.390940856933597,0.06830079108476639,0.018157800100743776,0.13376669585704803,0.0382,0.0,0.1115905,0.07120399,0.05655248,12,False,False
2023-24,2023-12-23,California,0,1.0586695075035095,0.7205086350440979,1.3349685430526734,0.2613087594509125,0.03844430670142174,0.6197478771209717,22.928719520568848,12.046890735626222,38.485172271728516,0.09995508193969727,0.06354320794343948,0.13826978206634521,24.94120979309082,17.02732753753662,33.291805267333984,0.05054730549454689,0.013425628002732993,0.10816651061177254,0.0455,0.0,0.11293158,0.05994494,0.04928896,12,False,False
2023-24,2023-12-23,California,1,1.0313221216201782,0.7780039191246033,1.2836188912391666,0.2597760856151581,0.0628029927611351,0.5334262847900391,21.109780311584473,12.384193992614746,33.99269104003906,0.08616595715284348,0.051499176770448685,0.12640606909990312,25.029953002929688,16.5774133682251,33.59807586669922,0.04000182822346687,0.007683316245675087,0.08853929489850998,0.0814,0.0,0.1124353,0.04859151,0.04191341,12,False,False
2023-24,2023-12-23,California,2,1.0993709564208984,0.825434684753418,1.426754355430603,0.23735079169273376,0.05296295396983624,0.5082883834838867,25.656034469604492,14.229394912719727,38.872802734375,0.0840730294585228,0.05053351372480393,0.11710074543952942,28.555770874023438,18.534069061279297,35.92186737060547,0.04133552685379982,0.009429211728274822,0.08963015675544739,0.0574,0.0,0.11142358,0.04907793,0.04347517,12,False,False
2023-24,2023-12-23,New York,0,1.0734636783599854,0.7840515971183777,1.456876516342163,0.26016905903816223,0.056911442428827314,0.5606357693672183,24.986574172973633,13.407687187194824,38.83286666870117,0.0862920917570591,0.05264827609062195,0.12747811228036882,17.801111221313477,11.42917013168335,24.59453010559082,0.04270666465163231,0.006664950121194127,0.10611392408609392,0.0903,0.0,0.11294654,0.05587223,0.04881443,12,False,False
2023-24,2023-12-23,New York,1,1.0627481937408447,0.7612534165382385,1.386388897895813,0.26538944244384766,0.05539216101169586,0.5740874946117402,22.700345039367676,11.668559455871582,38.325138092041016,0.07176573574542999,0.042269185185432434,0.10517675578594207,19.03009033203125,12.297832584381103,26.16984748840332,0.04428684525191784,0.006752283312380314,0.10525649785995483,0.0871,0.0,0.1135603,0.05656308,0.04891066,12,False,False
2023-24,2023-12-23,New York,2,1.0790157914161682,0.7063327372074127,1.5194943070411684,0.3013410121202469,0.07613416016101837,0.628781795501709,25.617941856384277,12.996479034423828,40.99883270263672,0.07706855237483978,0.043194517493247986,0.11576449871063238,19.101943969726562,12.43470573425293,26.47633934020996,0.048622796311974525,0.00784365739673376,0.11999644339084625,0.0811,0.0,0.1113172,0.0630893,0.05354048,12,False,False
2023-24,2023-12-23,Pennsylvania,0,1.1331022381782532,0.8122753500938416,1.585615634918213,0.27314433455467224,0.055210603773593915,0.5537962138652802,25.757278442382812,14.980867099761964,40.58485908508301,0.10050052776932716,0.0625756911933422,0.1401151016354561,25.13699722290039,16.823702812194824,33.20767059326172,0.03647611290216446,0.008172386698424816,0.07924489676952362,0.0691,0.0,0.11183722,0.04360782,0.03833482,12,False,False
2023-24,2023-12-23,Pennsylvania,1,1.1628252267837524,0.9243311822414398,1.5222373127937319,0.20767127722501755,0.04215566888451577,0.4472772002220154,26.45133876800537,14.413222599029542,41.25485725402832,0.09330513328313828,0.058246494829654695,0.12918577641248705,24.119196891784668,15.979883480072022,32.96138381958008,0.03592297248542309,0.008629885315895081,0.0782734677195549,0.0629,0.0,0.11123408,0.04264995,0.03811407,12,False,False
2023-24,2023-12-23,Pennsylvania,2,1.117899775505066,0.8256258964538574,1.445259940624237,0.25566525757312775,0.0625297874212265,0.5224648714065552,24.40010643005371,13.730245590209961,39.53311042785645,0.08967406302690506,0.05711820796132088,0.1261136680841446,23.61871910095215,16.05193958282471,31.559599494934083,0.03633781149983406,0.009088353812694556,0.07678841799497604,0.059,0.0,0.11253724,0.04252282,0.03718127,12,False,False
2023-24,2023-12-23,Vermont,0,0.9788662493228912,0.648545503616333,1.586829435825348,0.3990497291088104,0.13698003292083744,0.6701003313064575,24.20371913909912,13.26537618637085,38.79212875366211,0.05639742687344551,0.022940276190638542,0.10525789856910706,9.787513732910156,4.395266342163086,18.152151107788086,0.07668835669755936,0.014448329433798791,0.16808189451694489,0.0562,0.0,0.11340665,0.09082376,0.07292889,12,False,False
2023-24,2023-12-23,Vermont,1,0.968541294336319,0.6378557085990906,1.6255128383636475,0.4287640005350113,0.16331104934215546,0.6878257811069489,24.17494010925293,12.932767868041992,38.125732421875,0.0675329640507698,0.027171627804636955,0.1286766678094864,9.003436088562012,3.9715528011322023,15.736038875579835,0.07372577488422394,0.014702886343002326,0.1607210338115692,0.0541,0.0,0.11250217,0.08819086,0.07068207,12,False,False
2023-24,2023-12-23,Vermont,2,1.014845848083496,0.6537377357482911,1.809076964855194,0.39421769976615906,0.09087122976779938,0.7131097316741943,23.905256271362305,12.406333541870119,38.72123336791992,0.05689778923988342,0.021818723529577255,0.10595936328172684,9.668219566345215,4.361372947692871,17.013385391235353,0.0752306655049324,0.014949967525899412,0.16338327527046204,0.0556,0.0,0.1132103,0.0908071,0.07272608,12,False,False
2023-24,2023-12-23,Wyoming,0,1.0982975959777832,0.6230146884918213,2.187547206878662,0.4935251772403717,0.1993125081062317,0.7481772303581238,26.914091110229492,13.231445312500002,43.30489730834961,0.07109734043478966,0.03436165936291218,0.13856014609336853,13.444221496582031,6.586479616165161,21.592397689819336,0.10866750776767731,0.021024659276008606,0.22866575419902802,0.0477,0.0,0.11334504,0.12332581,0.08957246,12,False,False
2023-24,2023-12-23,Wyoming,1,1.0307992100715637,0.6000000238418579,2.0530192852020264,0.4751384109258652,0.18172234892845157,0.7482300400733948,26.921056747436523,12.697072982788086,42.01026153564453,0.09025497734546661,0.038640644401311874,0.1740012720227242,10.965471267700195,5.580127000808716,18.01359901428224,0.12723586708307266,0.03087798207998276,0.25684927105903627,0.0366,0.0,0.10994108,0.13522877,0.0990905,12,False,False
2023-24,2023-12-23,Wyoming,2,0.9552037119865417,0.6000000238418579,2.0362486839294434,0.5110095739364624,0.21590648591518402,0.7710920572280884,24.99744415283203,13.592508316040039,40.068641662597656,0.08448825031518936,0.0367422491312027,0.16876663416624071,12.253368377685547,6.020487308502197,20.124755668640145,0.11247888207435608,0.029488366656005384,0.21799135059118271,0.0366,0.0,0.11084768,0.12062205,0.09141557,12,False,False
2023-24,2023-12-30,Alaska,0,0.904003381729126,0.6307957410812378,1.3795791864395142,0.3160383999347687,0.09198804944753647,0.5835617363452912,26.35649871826172,11.04853630065918,43.053535842895506,0.16002775728702545,0.08414150774478912,0.24795739352703094,18.441627502441406,10.260115909576417,27.663732528686523,0.06178713031113148,0.015253333933651449,0.12468211352825165,0.0449,0.0,0.11234089,0.0697358,0.05436163,12,False,False
2023-24,2023-12-30,Alaska,1,0.8438650369644165,0.6074816584587097,1.2925081253051758,0.35542207956314087,0.11394189298152925,0.6034720718860628,22.126461029052734,9.242553901672366,39.75376586914063,0.1619039922952652,0.08267528042197228,0.2572733163833618,18.399598121643066,10.229043006896973,27.628120422363285,0.06429509818553925,0.014512022957205772,0.13128318935632707,0.048,0.0,0.11232904,0.07060837,0.05440762,12,False,False
2023-24,2023-12-30,Alaska,2,0.87935870885849,0.6287345290184022,1.3102001786231998,0.3407382220029831,0.10945471972227099,0.5726394534111025,24.910393714904785,10.808877944946289,41.08920402526856,0.1552218496799469,0.08011925965547563,0.24509726464748383,17.346407890319824,9.719176864624023,25.750335693359375,0.06497117504477501,0.015302109532058242,0.13276221454143528,0.0532,0.0,0.11520607,0.07489069,0.05651956,12,False,False
2023-24,2023-12-30,California,0,0.9927011430263519,0.6952900886535645,1.3645471334457397,0.2930174767971039,0.06732740625739099,0.5834877967834473,24.219938278198242,13.405064582824707,40.43273162841797,0.10363029316067696,0.0650886595249176,0.13953907787799835,23.60375213623047,16.060796356201173,31.07214298248292,0.0392991378903389,0.009285700507462025,0.08658107593655587,0.0642,0.0,0.11250499,0.04834019,0.04296516,12,False,False
2023-24,2023-12-30,California,1,1.088093638420105,0.7664307296276093,1.5141578912734985,0.23920133709907532,0.04075778909027578,0.5386232733726501,29.148441314697266,15.224081230163575,44.52887725830078,0.09966123849153519,0.06125023700296879,0.14102761447429657,28.18132781982422,19.282139396667482,36.795378875732425,0.04110415652394295,0.00923570049926639,0.09074970334768295,0.0669,0.0,0.11198063,0.05045194,0.04450053,12,False,False
2023-24,2023-12-30,California,2,1.0911878943443298,0.8116473078727723,1.3901878595352173,0.20336595177650452,0.03149208016693592,0.49450316131114963,27.647308349609375,12.670306396484374,43.68006172180178,0.09414451941847801,0.05790146440267563,0.1365322768688202,26.098194122314453,17.85573806762695,34.5644416809082,0.03685331717133522,0.008143962826579811,0.07856120392680169,0.0661,0.0,0.11192424,0.04372834,0.03916351,12,False,False
2023-24,2023-12-30,New York,0,1.1230436563491821,0.7806395113468171,1.742865252494812,0.288865864276886,0.059836510196328165,0.6060010969638825,28.198257446289062,14.74122953414917,44.93095016479492,0.09938600659370422,0.05609356537461282,0.15149158239364624,21.024337768554688,13.1254243850708,28.920295143127444,0.044356390833854675,0.007435411214828491,0.09625321626663208,0.078,0.0,0.11135922,0.05382786,0.04534476,12,False,False
2023-24,2023-12-30,New York,1,1.0903220176696777,0.7555593848228455,1.3782730460166934,0.2345283478498459,0.029508044943213463,0.5700570940971379,22.349815368652344,9.085203170776367,38.52031707763672,0.10479625687003136,0.0641357310116291,0.14817911386489874,21.72608757019043,13.845048332214356,29.581912994384766,0.040377479046583176,0.007845343090593815,0.09335247427225113,0.0772,0.0,0.11152725,0.05075588,0.04339072,12,False,False
2023-24,2023-12-30,New York,2,1.0447158813476562,0.756183385848999,1.5366321086883545,0.31064948439598083,0.0718398466706276,0.6172324776649476,22.565876007080078,11.712234210968017,40.20414352416992,0.09497719258069992,0.05902455374598504,0.13878565132617954,18.83013153076172,11.611021041870117,26.101896286010742,0.043878160417079926,0.007747243624180555,0.10099529474973679,0.0776,0.0,0.11145487,0.05447369,0.04602299,12,False,False
2023-24,2023-12-30,Pennsylvania,0,1.0685166716575623,0.8503443717956543,1.3094666600227358,0.2250848114490509,0.051146022975444794,0.45373639464378357,22.99751853942871,14.38015832901001,34.49198188781739,0.12839548289775848,0.08370372653007507,0.17707550525665283,26.466779708862305,17.581417083740234,34.278499603271484,0.03506923466920853,0.008861219696700574,0.07194944471120834,0.064,0.0,0.1133446,0.04139026,0.03716279,12,False,False
2023-24,2023-12-30,Pennsylvania,1,1.149421513080597,0.8987201571464538,1.4789758920669556,0.20237992703914642,0.03562239557504654,0.4631091356277466,26.443591117858887,14.5542631149292,40.63312721252442,0.11650720238685608,0.07732234671711923,0.16282722651958467,25.931377410888672,17.65467224121094,33.86574020385743,0.038439784198999405,0.010127278044819832,0.07887346297502518,0.0585,0.0,0.11217723,0.04553845,0.04098052,12,False,False
2023-24,2023-12-30,Pennsylvania,2,1.062030553817749,0.8329514265060425,1.306933307647705,0.23089861869812012,0.06290980428457262,0.4546603322029114,21.41082191467285,12.56112813949585,33.76094436645508,0.12325207144021988,0.08146257176995278,0.1684637948870659,27.353200912475586,18.583152770996094,35.280486297607425,0.03481191024184227,0.00957244448363781,0.06922420337796212,0.0504,0.0,0.11223715,0.03929303,0.03506294,12,False,False
2023-24,2023-12-30,Vermont,0,1.039664626121521,0.6776875972747802,1.709179496765137,0.39328649640083313,0.11506481692194939,0.6870192945003509,26.14484214782715,14.317216873168945,40.94865264892578,0.07241586223244667,0.03143831677734852,0.12531600892543793,10.550365924835205,4.942744445800781,17.206378936767578,0.06786918640136719,0.013350899517536168,0.1484771966934204,0.0577,0.0,0.11249275,0.08111908,0.06610384,12,False,False
2023-24,2023-12-30,Vermont,1,1.0123867988586426,0.656326562166214,1.6508524417877197,0.41765642166137695,0.12593143731355666,0.7036666870117189,24.915481567382812,13.860400199890137,40.11452102661133,0.072611253708601,0.033093212917447094,0.12738587707281113,10.01952838897705,4.720276165008545,16.54311752319336,0.07331577688455582,0.015037511754781012,0.15938735008239746,0.0531,0.0,0.11460419,0.08706196,0.06901636,12,False,False
2023-24,2023-12-30,Vermont,2,0.9988997876644135,0.6416469335556031,1.5816106677055364,0.425207257270813,0.13736547529697418,0.7153852760791781,23.67997169494629,12.946587467193604,38.339141845703125,0.07237157225608826,0.03210151344537735,0.1268472939729691,10.919538497924805,5.34197473526001,19.25985145568848,0.07174709439277649,0.01403435515239835,0.16072848290205002,0.0594,0.0,0.10963282,0.08652248,0.06953164,12,False,False
2023-24,2023-12-30,Wyoming,0,1.1786952018737793,0.7012753486633302,2.16420578956604,0.471816286444664,0.19047266244888306,0.7396465539932251,25.5764217376709,15.053531646728516,40.4084228515625,0.12639819085597992,0.060221392661333084,0.23823635280132294,11.676095485687256,5.3841392517089846,20.04033851623535,0.11568956077098846,0.025608805939555168,0.2613300681114197,0.0419,0.0,0.11220745,0.14221057,0.09803081,12,False,False
2023-24,2023-12-30,Wyoming,1,1.1425671577453613,0.651319044828415,2.05957293510437,0.5130225121974945,0.1973738819360733,0.8021400570869446,26.0078182220459,14.908778953552249,38.87033500671388,0.12909670174121857,0.06508249044418335,0.24381816387176514,10.033665657043457,4.924071311950684,16.52315635681153,0.12186030298471451,0.020663151517510414,0.2666480839252472,0.0538,0.0,0.11102463,0.14117546,0.09762306,12,False,False
2023-24,2023-12-30,Wyoming,2,1.2307687997817993,0.6864591836929321,2.2690646648406982,0.5401917099952698,0.2042381763458252,0.8158138394355774,28.516239166259766,17.191097259521484,41.22943878173828,0.10888179391622543,0.05825689062476158,0.18811323791742326,10.02616834640503,4.849017143249512,16.851974487304688,0.10649090260267258,0.017965772375464446,0.2378529563546181,0.0607,0.0,0.1109422,0.12904955,0.09226531,12,False,False
2023-24,2024-01-06,Alaska,0,0.8517980575561523,0.6210445046424866,1.2274705648422244,0.3056671470403671,0.08474963903427124,0.542791646718979,22.123010635375977,9.30988883972168,39.36757469177246,0.15656647831201553,0.07781863436102868,0.23878712952136993,18.86850929260254,10.698657035827637,27.720417022705078,0.0627642348408699,0.01583525724709034,0.12536142915487292,0.0441,0.0,0.11228141,0.07004167,0.05473346,01,False,False
2023-24,2024-01-06,Alaska,1,0.8290571868419647,0.6086216568946838,1.3093091249465942,0.35119786858558655,0.11739003062248231,0.5767583250999451,22.067726135253906,8.704863548278809,40.194374084472656,0.1708339899778366,0.09275596886873246,0.26633175313472757,19.16765785217285,10.536369132995606,28.61035919189453,0.06395914033055305,0.015852744318544866,0.125600203871727,0.0418,0.0,0.11204625,0.0699046,0.054512,01,False,False
2023-24,2024-01-06,Alaska,2,0.8488152623176575,0.6108192205429077,1.363092064857483,0.3540355861186981,0.12822147458791733,0.5940778255462646,25.658876419067383,11.292838096618652,44.15350341796875,0.17657525837421417,0.09035024046897888,0.2741900622844697,19.347966194152832,10.977934837341309,28.658493041992188,0.06265164911746979,0.015558457002043724,0.12776321172714233,0.0484,0.0,0.1127615,0.07050489,0.05501551,01,False,False
2023-24,2024-01-06,California,0,0.981907844543457,0.7722137570381165,1.2129461765289307,0.19213798642158508,0.032460027188062686,0.4273819029331207,20.914875984191895,9.256295871734622,39.40422439575195,0.10243724286556244,0.06221294030547142,0.14743483066558838,27.71845245361328,19.46233673095703,36.223243713378906,0.03416939079761505,0.008314036764204502,0.07513964176177979,0.0683,0.0,0.11217168,0.03918399,0.03492407,01,False,False
2023-24,2024-01-06,California,1,0.9632194638252258,0.7301303148269653,1.2549927234649658,0.2330947071313858,0.03534055948257452,0.4945661425590515,22.925121307373047,11.107046127319336,42.23473358154297,0.10479770600795746,0.0652126744389534,0.14469387084245683,26.565436363220215,18.431671142578125,34.51656875610352,0.03694908320903778,0.011033939197659492,0.07615644931793214,0.0521,0.0,0.10848647,0.04011635,0.03569227,01,False,False
2023-24,2024-01-06,California,2,1.0046116709709167,0.7714081406593323,1.2676375985145572,0.19418033957481384,0.02188451588153839,0.4297690689563751,25.45095920562744,9.378173828125,43.667442703247076,0.10808049887418747,0.067563246935606,0.14651505500078202,26.422456741333008,17.46085300445557,35.578086853027344,0.03611309453845024,0.011142623610794544,0.06867166459560395,0.0412,0.0,0.10953958,0.0381326,0.03473092,01,False,False
2023-24,2024-01-06,New York,0,1.0294239521026611,0.6868585526943207,1.3537092924118044,0.24759995192289352,0.02795715928077699,0.5813579142093659,26.799837112426758,15.712349319458008,40.74665069580078,0.11915796250104904,0.066735178232193,0.17674123644828796,20.64174175262451,13.529092597961426,28.092568016052248,0.04469258897006512,0.009424936957657337,0.09736315906047821,0.065,0.0,0.1137135,0.05407226,0.04578804,01,False,False
2023-24,2024-01-06,New York,1,1.038627028465271,0.8012555241584778,1.2786147594451904,0.20908775925636292,0.03054698184132576,0.4959093719720842,22.998245239257812,10.670812797546386,37.79709663391113,0.11836963891983032,0.07047011032700538,0.1736651137471199,23.463749885559082,15.241952991485595,30.911649703979492,0.03774433955550194,0.007751060649752617,0.08651640266180038,0.0746,0.0,0.11265637,0.04645765,0.04108586,01,False,False
2023-24,2024-01-06,New York,2,1.0681292414665222,0.7757077813148499,1.4862968444824218,0.24393875896930695,0.04239272400736809,0.5524056553840637,24.812628746032715,11.200032234191895,43.73638916015625,0.10551919043064117,0.06322278827428818,0.15508051216602325,20.39733123779297,13.490424156188965,27.510515975952153,0.041144004091620445,0.008934791572391987,0.09272237122058868,0.0701,0.0,0.11210166,0.04985504,0.04343731,01,False,False
2023-24,2024-01-06,Pennsylvania,0,1.058924376964569,0.8302192687988281,1.2804402589797974,0.1870528757572174,0.026229752227663994,0.41087639331817627,25.021512031555176,11.443592071533203,41.03897476196289,0.12759929895401,0.07582866474986077,0.18150286823511125,23.019213676452637,15.597367382049562,30.29655647277832,0.03257288038730621,0.007181738968938589,0.0723649114370346,0.074,0.0,0.11190912,0.03760973,0.03375341,01,False,False
2023-24,2024-01-06,Pennsylvania,1,1.0180376768112183,0.7938576936721802,1.2227212071418763,0.19999119639396667,0.03956189751625061,0.4274776965379716,21.275948524475098,10.943928337097168,35.29345703125,0.1251363456249237,0.07350647449493408,0.1779732286930084,24.304859161376953,16.188602447509766,32.44173583984375,0.0336693711578846,0.009318267554044728,0.07069988548755646,0.0591,0.0,0.11227638,0.03832661,0.0340343,01,False,False
2023-24,2024-01-06,Pennsylvania,2,1.061136543750763,0.8508578121662141,1.311616885662079,0.1774069294333458,0.026578016579151154,0.3877596855163574,27.086660385131836,12.79936180114746,42.9005012512207,0.12225807830691338,0.0778207778930664,0.1750655323266983,25.318073272705078,17.203767013549804,33.65387992858887,0.032511789351701736,0.007660263683646917,0.06916429847478867,0.065,0.0,0.11260669,0.03533594,0.03180249,01,False,False
2023-24,2024-01-06,Vermont,0,0.9797165393829346,0.6497819423675537,1.9359010457992554,0.3900645077228546,0.13567257523536683,0.6719094514846802,25.35427761077881,13.0586519241333,41.36211395263672,0.07080230861902237,0.030614349991083145,0.12379053235054016,11.300350189208984,5.654059410095215,18.955318450927734,0.06413562595844269,0.013615379668772222,0.14987076967954635,0.0634,0.0,0.11162261,0.07663954,0.06244653,01,False,False
2023-24,2024-01-06,Vermont,1,0.9375728368759155,0.6426888704299927,1.5393691062927246,0.3781684935092926,0.11976847797632217,0.6662740111351013,24.74665069580078,13.352155685424805,39.82299041748047,0.06904188543558121,0.029700016602873802,0.11874781548976898,11.12481164932251,5.455147743225098,19.267320060729993,0.0699227899312973,0.01506493762135507,0.1491224467754364,0.0526,0.0,0.11165837,0.08018387,0.06541288,01,False,False
2023-24,2024-01-06,Vermont,2,0.9167709946632385,0.6229338169097901,1.465877401828766,0.3956405222415924,0.1013842448592186,0.6866791248321533,24.098913192749023,12.685547351837158,40.59611015319825,0.06726671010255814,0.03158709034323692,0.1182146891951561,12.366144180297852,5.953976726531983,20.572280883789062,0.06939785182476044,0.0122860717587173,0.16522060334682465,0.0689,0.0,0.11090331,0.08569746,0.07032459,01,False,False
2023-24,2024-01-06,Wyoming,0,1.1626156568527222,0.7292938292026521,2.2052919149398815,0.4661591053009033,0.2081821605563164,0.7532158970832825,25.543474197387695,14.61846342086792,39.41873512268067,0.1394219547510147,0.0739928811788559,0.23363511264324188,12.762799263000488,6.055216932296753,21.237529754638672,0.11152459308505058,0.02607372030615807,0.2237560734152794,0.0421,0.0,0.11203977,0.12508835,0.09879121,01,False,False
2023-24,2024-01-06,Wyoming,1,1.148477554321289,0.7071400284767151,2.1981517553329466,0.5187373757362366,0.2152014821767807,0.7853360116481782,24.84200668334961,14.860271453857422,39.04508018493653,0.12352681905031204,0.06863899305462838,0.21121929585933685,12.597838401794434,6.326781749725342,19.681493759155273,0.1148095652461052,0.02835528925061226,0.24154007881879808,0.0378,0.0,0.11229048,0.13085339,0.10166714,01,False,False
2023-24,2024-01-06,Wyoming,2,1.0910969376564026,0.6482786297798157,2.1013243198394775,0.5588614642620087,0.261814758181572,0.80031835436821,25.695682525634766,15.99580812454224,39.03071975708008,0.13817396014928818,0.07387226596474647,0.25506798028945926,11.060894966125488,5.40503273010254,18.1743185043335,0.10042198747396469,0.021358761936426163,0.19906332641839983,0.046,0.0,0.11026728,0.1108986,0.089123,01,False,False
2023-24,2024-01-13,Alaska,0,1.01939058303833,0.7288743436336518,1.4938815832138062,0.3371284306049347,0.11441817134618759,0.5821956396102905,25.15595245361328,13.857216835021973,39.09276580810547,0.1658850908279419,0.09025248140096664,0.26615594923496255,18.767961502075195,10.646866798400879,27.766152000427248,0.060886140912771225,0.01623290590941906,0.1264430433511734,0.0387,0.0,0.11283606,0.06178898,0.05215799,01,False,False
2023-24,2024-01-13,Alaska,1,1.0228055715560913,0.7150037884712219,1.5355416536331177,0.3812106251716614,0.14298133552074432,0.609222412109375,26.80100727081299,15.395363807678223,39.460119628906256,0.16672451794147491,0.08745713531970978,0.25826468765735633,18.43347930908203,10.65860652923584,27.28898448944092,0.0762660801410675,0.017539471574127677,0.14524498581886292,0.0448,0.0,0.11044588,0.07800936,0.06344261,01,False,False
2023-24,2024-01-13,Alaska,2,1.019547462463379,0.708035010099411,1.5103809714317329,0.37931352853775024,0.1373351365327835,0.6068949699401855,26.22282314300537,14.207559394836426,38.70998001098633,0.16711842268705368,0.08823952823877336,0.25502172112464905,18.944632530212402,11.124909400939941,27.56553592681885,0.07030736654996872,0.019675742834806442,0.13300662040710454,0.0347,0.0,0.11098811,0.07019982,0.05861665,01,False,False
2023-24,2024-01-13,California,0,0.9025514721870422,0.6621658205986023,1.156920313835144,0.21276292204856873,0.02630203776061535,0.5071407556533813,26.285000801086426,12.748001003265381,41.37943229675293,0.11296523362398148,0.06583642959594727,0.16120222210884094,28.01614284515381,19.128385543823242,35.997745513916016,0.04192941635847092,0.014125881716609001,0.07756324633955956,0.0316,0.0,0.1117121,0.04164583,0.03722423,01,False,False
2023-24,2024-01-13,California,1,0.8997063338756561,0.6547169506549835,1.1940655112266547,0.25052446126937866,0.03417018055915833,0.5456351637840271,25.809051513671875,11.725273132324219,42.84170150756836,0.11831668019294739,0.07321203127503395,0.16943126916885376,23.980941772460938,16.972336959838866,30.658264350891116,0.043313346803188324,0.013730312325060369,0.08061930462718016,0.0381,0.0,0.11078379,0.0433658,0.0382693,01,False,False
2023-24,2024-01-13,California,2,0.8789525628089905,0.685670667886734,1.1053556203842163,0.252353236079216,0.06754232123494149,0.45198303163051606,20.155780792236328,9.806528091430664,36.8022918701172,0.10004927217960358,0.056589338928461075,0.14948010444641113,26.654582977294922,18.138824844360354,35.293365478515625,0.034381067380309105,0.009157364629209042,0.07398122549057007,0.0542,0.0,0.11134558,0.03783162,0.03448911,01,False,False
2023-24,2024-01-13,New York,0,0.9354943037033081,0.6654489636421204,1.2815104722976685,0.26695817708969116,0.05389152467250824,0.5455664813518525,24.752147674560547,12.277311325073242,41.97195053100586,0.1231251135468483,0.06840804144740106,0.18521705269813538,20.908496856689453,13.7919921875,28.320466995239258,0.042113952338695526,0.009069021791219711,0.09668116271495819,0.0681,0.0,0.11126977,0.0475883,0.04008812,01,False,False
2023-24,2024-01-13,New York,1,0.9477656483650208,0.6610935926437378,1.3797025084495544,0.28652310371398926,0.07545735687017441,0.5587076544761658,26.575172424316406,12.39746379852295,45.53883743286133,0.12707985192537308,0.06693569272756578,0.19665953516960144,19.94510269165039,13.363764762878418,26.999594688415538,0.046542033553123474,0.008239371702075005,0.10402615889906892,0.0756,0.0,0.10872868,0.05206679,0.04438792,01,False,False
2023-24,2024-01-13,New York,2,0.9533141255378723,0.6591930508613587,1.317887544631958,0.27132003009319305,0.05555758997797966,0.5619693398475647,27.185583114624023,13.363919734954834,44.79417610168458,0.11346620693802834,0.06790762394666672,0.1642601490020752,23.63987159729004,14.980900287628176,32.74269371032716,0.04428999125957489,0.009430999867618084,0.09697892516851425,0.0609,0.0,0.11010865,0.04889667,0.04293385,01,False,False
2023-24,2024-01-13,Pennsylvania,0,0.982494592666626,0.7588595390319824,1.286793291568756,0.21107330918312073,0.03246244043111804,0.4626755237579346,29.464834213256836,12.352604866027832,45.62814483642578,0.14497531950473785,0.08368457406759262,0.20357483625411987,25.62141227722168,17.495119476318358,34.01311988830567,0.04229164123535156,0.01370480339974165,0.0785221852362156,0.0325,0.0,0.111681,0.04217979,0.03848194,01,False,False
2023-24,2024-01-13,Pennsylvania,1,0.9378929734230042,0.7086289882659912,1.162821388244629,0.19330546259880066,0.03806165046989918,0.4569601505994797,25.89483642578125,12.9635648727417,39.34587097167969,0.1364142820239067,0.07668454200029373,0.1983007609844208,25.724891662597656,16.945456504821777,34.17651290893555,0.042316073551774025,0.012183494865894318,0.08359852209687234,0.045,0.0,0.10985315,0.04174402,0.03796678,01,False,False
2023-24,2024-01-13,Pennsylvania,2,0.9116989374160767,0.6753653883934021,1.156632423400879,0.2051742821931839,0.03852382190525533,0.4697498083114624,24.77934455871582,11.814515304565429,40.751983642578125,0.15375196933746338,0.08784338980913163,0.21913038194179535,28.134431838989258,19.685258865356445,35.402254867553715,0.04411967098712921,0.014786876179277899,0.08767607212066651,0.0318,0.0,0.1106932,0.04343275,0.0389406,01,False,False
2023-24,2024-01-13,Vermont,0,1.015796720981598,0.686046975851059,1.653831374645234,0.35634322464466095,0.08717604726552963,0.6740959346294405,27.527827262878418,15.557077407836914,41.925984954833986,0.07344638183712959,0.035597813129425046,0.12082564830780029,11.596746444702148,6.076959753036499,18.34398422241211,0.05748754180967808,0.010279521252959967,0.13529804497957232,0.0706,0.0,0.10927109,0.07227594,0.05813645,01,False,False
2023-24,2024-01-13,Vermont,1,0.9764663279056549,0.6588274836540222,1.4912163972854615,0.357491672039032,0.1193327009677887,0.6626836657524109,23.898737907409668,13.396096229553223,38.41967124938965,0.06793049722909927,0.033676788210868835,0.11167323738336564,11.910037517547607,5.915391731262207,20.864224624633792,0.06664752960205078,0.01130687352269888,0.15578122586011892,0.0682,0.0,0.11328413,0.08398262,0.06727723,01,False,False
2023-24,2024-01-13,Vermont,2,0.9431713819503784,0.6375106334686279,1.4535297989845277,0.383382186293602,0.11863086372613907,0.6607039093971253,25.305903434753418,14.480805397033691,40.006417846679696,0.08057685196399689,0.03818147629499436,0.13825502544641496,12.430741786956787,6.504635906219482,20.522554397583008,0.06171679310500622,0.011968758888542657,0.13435902893543247,0.0601,0.0,0.11002808,0.07336675,0.0600709,01,False,False
2023-24,2024-01-13,Wyoming,0,1.110755443572998,0.6716037213802338,2.1376938581466693,0.4836682677268982,0.20841681957244873,0.7455981194972993,26.615320205688477,15.292611122131348,40.310028076171875,0.12131603807210922,0.06538845598697662,0.20577995479106903,12.372844696044922,6.244667291641235,20.967116165161137,0.09928485006093979,0.019374209083616735,0.21730074286460876,0.05,0.0,0.11355175,0.11555279,0.08898379,01,False,False
2023-24,2024-01-13,Wyoming,1,1.116045355796814,0.6701653480529786,2.3440990447998047,0.451251357793808,0.19077467173337936,0.7449345171451571,25.89631462097168,15.165441513061523,41.37557601928711,0.12391577661037445,0.06988488137722015,0.2096275240182877,12.053476333618164,6.184257078170776,18.870270729064945,0.10277755931019783,0.01883932203054428,0.21200664341449738,0.0513,0.0,0.11050837,0.11607422,0.08894059,01,False,False
2023-24,2024-01-13,Wyoming,2,1.1342010498046875,0.6660140633583069,2.05631685256958,0.47568175196647644,0.18317283838987355,0.743391215801239,26.215518951416016,15.449942588806152,40.363155364990234,0.12381531298160553,0.062909384816885,0.21970311999320985,11.738542556762695,5.9686665534973145,19.70362663269043,0.10620750114321709,0.020702335983514786,0.22834154218435296,0.0508,0.0,0.11065522,0.12244691,0.09342234,01,False,False
2023-24,2024-01-20,Alaska,0,0.9963135719299316,0.6992704272270203,1.4686284065246582,0.3439379036426544,0.12544207274913788,0.5816972553730012,25.033405303955078,13.718799591064453,39.379359054565434,0.16693678498268127,0.0886947363615036,0.2502245873212815,20.214921951293945,11.452000045776368,29.786563873291016,0.06220873072743416,0.01595190353691578,0.1238386407494545,0.0383,0.0,0.11034116,0.06718985,0.05621087,01,False,False
2023-24,2024-01-20,Alaska,1,0.9432687163352966,0.6866887211799622,1.4341261386871338,0.37148603796958923,0.14651548862457275,0.6127166748046875,24.909465789794922,14.039765071868898,38.584321975708015,0.18333971500396729,0.09817926585674286,0.28909156322479257,21.614646911621094,13.079065322875977,30.248342514038086,0.06736327707767487,0.018424151465296745,0.1374622523784638,0.0319,0.0,0.11290011,0.07416779,0.06223879,01,False,False
2023-24,2024-01-20,Alaska,2,1.0251227617263794,0.6953678727149963,1.5029091835021973,0.3509998321533203,0.12933097779750824,0.6050170063972478,27.5132999420166,14.49582462310791,41.889039611816415,0.1796460822224617,0.0946665033698082,0.2788901925086975,19.137914657592773,11.761046409606934,27.42023277282715,0.07267951592803001,0.019359679892659187,0.14314605295658112,0.0389,0.0,0.11088235,0.07695868,0.06392532,01,False,False
2023-24,2024-01-20,California,0,0.9161428213119507,0.6915138185024262,1.1523323774337768,0.21133900433778763,0.029486707225441947,0.4864193201065064,25.2022647857666,12.403423976898194,41.98666954040528,0.12128010392189026,0.06946372240781784,0.17870917320251464,26.12641143798828,18.09442901611328,34.21575736999512,0.04912436567246914,0.012599308975040913,0.09553060680627823,0.0505,0.0,0.11240755,0.05620913,0.04742082,01,False,False
2023-24,2024-01-20,California,1,0.9319007396697998,0.7408003807067871,1.1380608439445496,0.17754624783992767,0.029994534887373463,0.39264879226684574,23.277860641479492,10.500484275817872,39.3597152709961,0.11076514795422554,0.06660632863640785,0.15489691495895386,28.412019729614258,20.358979415893554,35.669464111328125,0.03770357742905617,0.010840099304914474,0.07153538912534714,0.0449,0.0,0.11435803,0.04310552,0.03780881,01,False,False
2023-24,2024-01-20,California,2,0.9255545139312744,0.7406602621078492,1.1375833749771118,0.17284109443426132,0.02596585750579837,0.3901400268077851,24.925780296325684,11.545941352844238,41.87323684692383,0.1224849745631218,0.07578565701842309,0.1755571961402893,29.11381244659424,20.37445659637451,37.07557678222656,0.03889605402946472,0.012094894517213106,0.0753054738044739,0.0379,0.0,0.11031178,0.0456245,0.03967167,01,False,False
2023-24,2024-01-20,New York,0,0.8830516338348389,0.6247097134590149,1.234758985042572,0.30149348080158234,0.048353854566812536,0.5960762739181519,25.433870315551758,12.878572463989258,43.19858932495117,0.16321177780628204,0.08938239961862564,0.25058087706565857,21.929977416992188,14.532095336914063,30.57847785949707,0.055239707231521606,0.014537447690963747,0.11015074029564857,0.0416,0.0,0.11213534,0.0600031,0.04872317,01,False,False
2023-24,2024-01-20,New York,1,0.8782614767551422,0.6421178758144379,1.1717857956886293,0.2904786616563797,0.059453029185533524,0.559648734331131,22.62736701965332,12.338632392883301,38.547447204589865,0.12883764505386353,0.07514306604862213,0.1831227868795395,21.948115348815918,15.01588125228882,28.827199745178223,0.04309776984155178,0.009925341233611107,0.09160149097442627,0.0635,0.0,0.11210706,0.04972898,0.04179764,01,False,False
2023-24,2024-01-20,New York,2,0.9651741981506348,0.714870172739029,1.2243610620498657,0.1994294822216034,0.024350527673959732,0.46905970573425293,25.761016845703125,12.856128692626953,44.268923950195315,0.12196215242147446,0.07161889970302582,0.17602181434631348,23.00233268737793,15.039959621429444,30.79817771911621,0.04033101722598076,0.00890397159382701,0.08530350029468536,0.0708,0.0,0.10982723,0.04673575,0.03988173,01,False,False
2023-24,2024-01-20,Pennsylvania,0,0.8419835567474365,0.6392749726772309,1.0536306619644167,0.27188196778297424,0.061416569724679036,0.5091038346290588,19.441874504089355,9.482048034667969,34.81300735473633,0.1603628247976303,0.09066124260425568,0.22316578030586243,25.90103530883789,17.605457305908203,34.290306091308594,0.04148340970277786,0.0128032217733562,0.07972569689154625,0.0362,0.0,0.10966403,0.0442599,0.03804434,01,False,False
2023-24,2024-01-20,Pennsylvania,1,0.8928440809249878,0.6797834038734436,1.1592406392097474,0.22174568474292755,0.04904739931225777,0.4556023180484772,25.94272804260254,11.43711452484131,44.16158027648926,0.1580200344324112,0.09281591698527336,0.2308297619223595,26.58347511291504,18.30354862213135,34.50122833251953,0.04628784768283367,0.013743494637310505,0.08761657103896141,0.0417,0.0,0.11109338,0.0505346,0.04422648,01,False,False
2023-24,2024-01-20,Pennsylvania,2,0.8740577697753906,0.6601529121398926,1.0661176443099976,0.2514692097902298,0.06190450489521028,0.4864894151687622,17.033994674682617,8.3158597946167,31.893177795410157,0.15361593663692474,0.08524572849273682,0.22478993237018585,27.713289260864258,18.928882026672362,35.54609642028809,0.03747427463531494,0.010767380706965923,0.07483849972486498,0.0472,0.0,0.11290327,0.04121874,0.03587587,01,False,False
2023-24,2024-01-20,Vermont,0,0.9468013644218445,0.6510067760944367,1.3609514832496643,0.37353968620300293,0.10774508863687515,0.6360645830631256,25.601970672607422,15.035543537139892,39.01455001831056,0.0927143394947052,0.04429437890648842,0.15076412856578833,11.394466400146484,6.074087142944336,17.557530021667485,0.0602681040763855,0.011934379115700722,0.13127839118242265,0.0566,0.0,0.11167272,0.07197443,0.0594007,01,False,False
2023-24,2024-01-20,Vermont,1,0.9277711510658264,0.6323081254959106,1.5392932891845703,0.4123344421386719,0.14076109528541567,0.67828768491745,24.16944980621338,14.322381591796875,38.29228973388672,0.07554242014884949,0.03874085955321789,0.12348666042089462,10.844829082489014,5.792942380905152,17.02396583557129,0.06940591707825661,0.0159780802205205,0.1436399161815644,0.0512,0.0,0.11139863,0.07955919,0.06354025,01,False,False
2023-24,2024-01-20,Vermont,2,0.9978360831737518,0.680470222234726,1.5179985046386726,0.35108886659145355,0.11210856586694717,0.6540049076080323,25.042755126953125,14.558505058288574,40.423373794555665,0.07589844614267349,0.03859827294945717,0.12388172000646591,13.482346534729004,7.179562568664551,21.770574378967286,0.0567647498100996,0.011773019563406708,0.12765474617481232,0.064,0.0,0.11305601,0.07037275,0.0582897,01,False,False
2023-24,2024-01-20,Wyoming,0,0.9979348182678223,0.6000000238418579,2.1479406833648684,0.5442497134208679,0.2632034957408905,0.778754472732544,27.012666702270508,15.555534458160402,40.11551284790039,0.10867702960968018,0.05175309926271439,0.1999037936329842,12.528636932373047,6.603398275375366,19.521629333496094,0.10732400417327881,0.027878657914698124,0.218791863322258,0.0315,0.0,0.11160459,0.11221189,0.08282367,01,False,False
2023-24,2024-01-20,Wyoming,1,1.027442991733551,0.6053906619548798,2.1911180734634406,0.47688040137290955,0.21108053028583526,0.7649629712104797,27.880815505981445,13.449649238586426,43.48882789611817,0.11374582722783089,0.056788093596696856,0.2000524312257767,11.443679809570312,5.92946252822876,18.17049789428711,0.1116630844771862,0.028555446676909933,0.21334779262542725,0.0388,0.0,0.10863701,0.11117634,0.08392672,01,False,False
2023-24,2024-01-20,Wyoming,2,0.9794867634773254,0.6000000238418579,1.9437584280967715,0.4445101320743561,0.1741226375102997,0.7168139040470123,25.76059341430664,13.634779930114746,39.15716552734375,0.11154874414205551,0.052484262734651566,0.20813045799732216,11.669891357421875,5.975413417816163,18.722389221191406,0.10925135016441345,0.025542762875556946,0.21486932039260864,0.043,0.0,0.1111104,0.11104535,0.08165481,01,False,False
2023-24,2024-01-27,Alaska,0,0.9511258602142334,0.682577657699585,1.2789692878723145,0.2904643714427948,0.08401156216859818,0.5461543798446655,25.52339267730713,14.220039367675783,40.49885177612305,0.17051094770431519,0.09648560285568239,0.25353688001632696,18.99364471435547,11.573422908782959,28.1202335357666,0.056225771084427834,0.014265533629804854,0.11645010337233544,0.047,0.0,0.11070615,0.06655625,0.05849856,01,False,False
2023-24,2024-01-27,Alaska,1,0.8883084058761597,0.6504287719726562,1.2834058165550233,0.34076589345932007,0.12305842190980913,0.5615586042404175,24.63148307800293,13.598754405975342,38.861114501953125,0.1788213849067688,0.09765475317835808,0.2734302520751954,18.99468231201172,11.092812538146973,27.422139167785645,0.054674867540597916,0.014757778495550156,0.10905086994171143,0.0432,0.0,0.10899906,0.06215152,0.05466626,01,False,False
2023-24,2024-01-27,Alaska,2,0.9352707862854004,0.675968611240387,1.3342026948928833,0.3136041611433029,0.09712482988834381,0.5421355366706848,24.954879760742188,13.573381423950195,40.5556526184082,0.17258939146995544,0.09135286509990692,0.27725415825843813,19.992424964904785,11.9046462059021,28.657211303710938,0.05754789523780346,0.014635112136602402,0.11586762964725494,0.0438,0.0,0.11121637,0.06660057,0.0585324,01,False,False
2023-24,2024-01-27,California,0,0.8846490383148193,0.68835329413414,1.0614433646202088,0.16550952196121216,0.02118445746600628,0.4161955416202545,23.120380401611328,10.806840896606445,39.07257843017578,0.12628322839736938,0.07815629243850708,0.1722266525030136,28.631526947021484,20.67160987854004,36.318153381347656,0.04093826934695244,0.014898465946316719,0.07522772997617722,0.0277,0.0,0.11122485,0.04370929,0.0384904,01,False,False
2023-24,2024-01-27,California,1,0.895962655544281,0.6945769786834717,1.0854536294937134,0.1795976758003235,0.024317875504493713,0.4042681455612186,18.40318489074707,6.447885465621949,35.33374786376953,0.12771771848201752,0.08280397206544876,0.17543531954288483,26.053909301757812,18.646720504760744,33.63142471313477,0.03796037472784519,0.01001512110233307,0.07488592043519021,0.046,0.0,0.11046313,0.04210376,0.03731273,01,False,False
2023-24,2024-01-27,California,2,0.8934231400489807,0.7204302728176117,1.1128861904144287,0.19183499366044998,0.04086956307291986,0.3838923752307894,23.629989624023438,9.22687168121338,43.68843460083008,0.12974965572357178,0.07968544214963913,0.1784281075000763,26.79376792907715,19.37026710510254,34.08015441894531,0.039145950227975845,0.010650668293237686,0.07786236628890038,0.0467,0.0,0.1108927,0.04384559,0.03840745,01,False,False
2023-24,2024-01-27,New York,0,0.919847846031189,0.6491243243217468,1.2343803644180298,0.28411221504211426,0.06834469810128216,0.5586556792259216,24.53244972229004,13.039809226989746,42.47924041748047,0.16038444638252258,0.10632260888814926,0.21715184450149536,22.805883407592773,15.17229175567627,29.853591918945312,0.04316724091768265,0.009752905927598476,0.09177055209875107,0.0615,0.0,0.11142283,0.05160175,0.04251542,01,False,False
2023-24,2024-01-27,New York,1,0.9665226936340332,0.6793994903564453,1.2366702556610107,0.2172686755657196,0.028153997845947742,0.5219928622245789,27.91349506378174,17.52385902404785,41.17074737548828,0.137763112783432,0.08183296024799347,0.20679624378681183,20.785295486450195,14.132553577423096,27.90338134765625,0.0454056803137064,0.011517751961946487,0.090480275452137,0.0458,0.0,0.11243622,0.05306239,0.04396908,01,False,False
2023-24,2024-01-27,New York,2,0.9887111186981201,0.7169769406318665,1.2793562412261963,0.22671205550432205,0.036547396704554584,0.5055003821849824,23.53657627105713,10.273507881164551,42.35240440368652,0.14481909573078156,0.08403981477022171,0.21352878212928772,19.697793006896973,13.591497421264648,26.050689697265625,0.041967105120420456,0.009158122353255749,0.09646252542734146,0.0687,0.0,0.11229412,0.05213765,0.04372767,01,False,False
2023-24,2024-01-27,Pennsylvania,0,0.9230606257915497,0.6989583969116211,1.1465092420578002,0.21458613872528076,0.0417553834617138,0.45711005330085763,22.770090103149414,9.373257160186768,41.77875518798828,0.15971359610557556,0.09640061482787132,0.22805540263652802,23.370609283447266,15.976701736450195,30.327545166015625,0.04157665744423866,0.012753819115459919,0.0796447977423668,0.0449,0.0,0.111569,0.0470187,0.04057191,01,False,False
2023-24,2024-01-27,Pennsylvania,1,0.8836860656738281,0.6708503365516663,1.1067679166793825,0.2542894184589386,0.0766918733716011,0.4829408824443817,20.049306869506836,8.839608192443848,37.67350387573242,0.18338186293840408,0.11256290078163148,0.2561619997024536,25.14259147644043,17.425031471252442,33.51968765258789,0.045766983181238174,0.014123271126300099,0.08891308307647705,0.0357,0.0,0.11321168,0.0518897,0.04429673,01,False,False
2023-24,2024-01-27,Pennsylvania,2,0.8687390089035034,0.6623457074165344,1.1061880588531494,0.27032843232154846,0.06654135882854462,0.4881196171045306,23.454345703125,11.603362464904786,40.14398956298828,0.17161552608013153,0.10534971207380295,0.23921561241149902,26.287721633911133,18.459827613830566,34.441871643066406,0.04138507321476936,0.01334885973483324,0.0770443007349968,0.0319,0.0,0.11176858,0.04519559,0.03874348,01,False,False
2023-24,2024-01-27,Vermont,0,0.9164281487464905,0.6259363114833831,1.3346588611602783,0.3606726825237274,0.10189728885889054,0.6312726616859436,25.76774501800537,14.57591724395752,40.919768524169925,0.08669903501868248,0.04249071590602398,0.14712385684251786,12.017233848571777,6.7030407905578615,19.177016830444337,0.061096880584955215,0.011736490577459336,0.13624225109815596,0.0619,0.0,0.112487,0.07155754,0.05790147,01,False,False
2023-24,2024-01-27,Vermont,1,0.9269728064537048,0.6293614506721497,1.4166962623596193,0.36918753385543823,0.11695433482527733,0.6322050631046295,26.26085090637207,14.810154628753663,41.099056243896484,0.08962031081318855,0.044328123331069946,0.1461835518479348,12.223248481750488,6.812665462493897,19.197158813476562,0.06297966837882996,0.013715029507875443,0.13506620228290558,0.0538,0.0,0.10951961,0.07370542,0.06144139,01,False,False
2023-24,2024-01-27,Vermont,2,0.9394035935401917,0.6514464974403381,1.4594792127609262,0.3696156144142151,0.11533574908971787,0.6276190996170045,24.802051544189453,14.122589397430422,41.0793571472168,0.0778634324669838,0.039388427138328554,0.12706752121448517,11.354276657104492,6.133340120315553,17.98233814239502,0.05721701309084892,0.00921443197876215,0.13457209020853042,0.0751,0.0,0.11092718,0.07011878,0.05958681,01,False,False
2023-24,2024-01-27,Wyoming,0,1.108758568763733,0.6384603202342988,2.137204313278199,0.46818113327026367,0.18955907225608826,0.7348885536193848,26.651613235473633,16.712269401550294,39.44274139404297,0.13377578556537628,0.07349977642297745,0.22043868899345398,11.782683372497559,6.0201592445373535,18.988079071044922,0.09051483497023582,0.01916547492146492,0.1935362070798874,0.0476,0.0,0.11199157,0.11650661,0.08554919,01,False,False
2023-24,2024-01-27,Wyoming,1,1.001128077507019,0.6145018339157104,1.9551215648651126,0.5213809013366699,0.2472271472215653,0.7505995631217957,24.86250877380371,15.296973133087159,37.76695251464844,0.14888134598731995,0.07639649212360382,0.2557860553264618,11.25661849975586,5.563355445861816,18.256126403808594,0.11666974797844887,0.02393186092376709,0.2271336168050766,0.0509,0.0,0.11298169,0.13045352,0.0887059,01,False,False
2023-24,2024-01-27,Wyoming,2,1.060891032218933,0.6241369605064392,2.2196169376373294,0.5255491733551025,0.26428914070129395,0.7860348403453827,27.441712379455566,16.44851303100586,43.68875617980957,0.15139102935791016,0.07408644929528237,0.2616958558559418,11.950148105621338,5.893109989166261,19.799581336975102,0.11039260402321815,0.02572440169751644,0.2126764237880707,0.0399,0.0,0.11220389,0.1239262,0.08665457,01,False,False
2023-24,2024-02-03,Alaska,0,0.9247605502605438,0.6803975164890289,1.2602903723716739,0.30168402194976807,0.10925404578447342,0.5179973244667053,23.925994873046875,11.995707511901855,39.287376403808594,0.1745723932981491,0.09325726330280304,0.25765362977981576,21.354870796203613,12.713300037384034,30.932701110839844,0.052713219076395035,0.014261223375797272,0.10323397219181066,0.0443,0.0,0.11303069,0.05936472,0.05055644,02,False,True
2023-24,2024-02-03,Alaska,1,0.940144956111908,0.6656168878078461,1.347590470314026,0.33215510845184326,0.12046944350004196,0.5663577914237976,27.4757080078125,13.920662879943848,43.30595779418945,0.16084136068820953,0.08581881746649743,0.2439480572938919,19.827319145202637,11.95151424407959,28.716068267822266,0.054104333743453026,0.013899029884487393,0.1075376242399216,0.0471,0.0,0.11145456,0.06017071,0.05202939,02,False,True
2023-24,2024-02-03,Alaska,2,0.9165102243423462,0.6382705092430114,1.322591030597687,0.34401360154151917,0.11896516382694244,0.5803950428962708,27.24445152282715,14.528459548950195,43.269317626953125,0.17924883216619492,0.10016358643770218,0.27263526916503916,19.43000030517578,11.755705833435059,27.139408302307135,0.06117617152631283,0.015791404992341995,0.12294489443302159,0.0412,0.0,0.11023268,0.06926002,0.05686838,02,False,True
2023-24,2024-02-03,California,0,0.8624436855316162,0.6685971617698669,1.0681818008422852,0.20195376127958298,0.03959035649895668,0.42129515409469603,21.344983100891113,8.595108985900879,39.11464500427247,0.1267542690038681,0.08012620657682419,0.17445839941501617,28.57856273651123,21.26459312438965,35.68296813964844,0.038012776523828506,0.01207548649981618,0.07314483895897866,0.0387,0.0,0.10997905,0.04205106,0.03705884,02,False,True
2023-24,2024-02-03,California,1,0.8555706441402435,0.6514892578125,1.0552175045013428,0.21958214789628983,0.05543324388563633,0.43194876909255986,18.623568534851074,6.584297800064088,36.09077835083008,0.14950305223464966,0.09335377216339111,0.21135988682508472,28.14219856262207,20.608634757995606,35.75172996520996,0.0386110283434391,0.010987692698836328,0.07501513510942459,0.0449,0.0,0.11206443,0.04280504,0.03636829,02,False,True
2023-24,2024-02-03,California,2,0.8573939502239227,0.7076924800872803,1.0116797327995302,0.16307997703552246,0.03661600537598133,0.33583744764328005,19.191709518432617,9.207740783691406,32.73095855712891,0.13446547091007233,0.07909611389040946,0.1952027976512909,27.296863555908203,19.50947723388672,35.69458847045898,0.03739535063505173,0.01309141665697098,0.06708431243896484,0.0294,0.0,0.11167864,0.04045528,0.0357731,02,False,True
2023-24,2024-02-03,New York,0,0.9673240184783936,0.7261646330356598,1.1840568661689759,0.19388728588819504,0.026946063525974753,0.4562124013900757,27.1997127532959,15.190215110778809,41.403812408447266,0.1491478979587555,0.09280905947089195,0.21694110184907914,23.580656051635742,16.177215766906738,31.154976463317876,0.0378689207136631,0.011237486358731985,0.07606095150113107,0.0428,0.0,0.11098328,0.04384265,0.03895477,02,False,True
2023-24,2024-02-03,New York,1,0.9573435485363007,0.7308863401412964,1.168460273742676,0.18779410421848297,0.018285281956195845,0.486757838726044,27.211791038513184,15.323458862304687,40.426264190673834,0.15235137939453125,0.09152770042419434,0.22331729531288147,21.655981063842773,14.61573600769043,29.168760299682617,0.03867870010435581,0.01063912631943822,0.08235494792461395,0.0515,0.0,0.11154456,0.04577291,0.03987778,02,False,True
2023-24,2024-02-03,New York,2,0.9551209509372711,0.7443226754665375,1.160890030860901,0.19122060388326645,0.036166738346219064,0.4272877216339112,27.122363090515137,15.845490455627441,40.48455963134766,0.15109868347644806,0.08817160278558732,0.22310276478528976,21.9879207611084,15.312631034851075,28.427706718444828,0.0354663897305727,0.009306749794632198,0.07589677423238755,0.0563,0.0,0.11208228,0.04207711,0.03666025,02,False,True
2023-24,2024-02-03,Pennsylvania,0,0.9459360837936401,0.7569648683071136,1.137633204460144,0.2098958119750023,0.05737157538533211,0.4279452592134478,22.13319492340088,11.785409927368164,36.2386775970459,0.17122843861579895,0.10750088095664978,0.24265381693840027,27.83316993713379,19.273063278198244,35.48830718994141,0.036320172250270844,0.012064054608345032,0.06581811606884003,0.03,0.0,0.11264395,0.039334,0.03468318,02,False,True
2023-24,2024-02-03,Pennsylvania,1,0.9070183336734772,0.6795687258243561,1.157690167427063,0.26817598938941956,0.07016719281673435,0.5176005363464355,23.30238437652588,12.682031631469728,36.93891143798828,0.17313528060913086,0.10831394791603088,0.24639274179935455,26.926241874694824,18.59610710144043,35.49805450439453,0.03890547156333923,0.012248049769550563,0.07675696164369583,0.0361,0.0,0.11070188,0.04376028,0.03710014,02,False,True
2023-24,2024-02-03,Pennsylvania,2,0.9167700707912445,0.7036526203155518,1.1415460109710693,0.26138678193092346,0.07498674392700198,0.495862752199173,22.18242073059082,12.20601673126221,35.99061279296877,0.1789647340774536,0.110375314950943,0.2578099220991135,29.041702270507812,20.746612548828125,36.29936599731445,0.04265179485082626,0.013453295454382896,0.08177697211503983,0.0365,0.0,0.11112865,0.04550184,0.04013498,02,False,True
2023-24,2024-02-03,Vermont,0,0.8835660517215729,0.6171005964279175,1.2871276140213013,0.3546981066465378,0.0838168025016785,0.6560858070850373,23.408231735229492,13.4230281829834,38.64746932983399,0.08205138891935349,0.04054306074976921,0.13433108031749727,12.308629035949707,7.12609977722168,18.39918327331543,0.05606937035918236,0.011261503584682942,0.12309899181127548,0.0641,0.0,0.11173132,0.06563461,0.0536543,02,False,True
2023-24,2024-02-03,Vermont,1,0.8781668245792389,0.6130577325820923,1.2873048782348633,0.3414585143327713,0.06961610913276672,0.6225232481956482,27.895451545715332,15.020700454711914,44.44887161254883,0.10863063484430313,0.04976979158818722,0.18407483100891114,13.036989212036133,7.587760972976684,19.335800170898438,0.06117721274495125,0.014797106385231018,0.13174425065517426,0.0515,0.0,0.10937091,0.06970868,0.05596058,02,False,True
2023-24,2024-02-03,Vermont,2,0.8610483705997467,0.6070465445518494,1.2011116743087769,0.34278205037117004,0.0820423886179924,0.6074565052986146,24.24351406097412,14.025545406341553,38.68972282409668,0.09041935205459595,0.0458538793027401,0.14511056244373322,14.505643367767334,7.910959720611572,22.265078926086428,0.0647289827466011,0.013367626816034317,0.13640781491994863,0.0583,0.0,0.11028713,0.07343699,0.05874389,02,False,True
2023-24,2024-02-03,Wyoming,0,1.3346821069717407,0.7067661762237549,2.4507110118865967,0.487136647105217,0.20101126432418825,0.7564529776573181,28.432429313659668,17.245441436767578,42.80304412841797,0.1491212099790573,0.0831428125500679,0.24088656902313232,11.290818214416504,5.988244533538818,17.27062778472901,0.10996346175670624,0.022988401353359222,0.22472238391637803,0.0462,0.0,0.11351552,0.12154715,0.09023369,02,False,True
2023-24,2024-02-03,Wyoming,1,1.3449347019195557,0.7429296970367432,2.465043067932129,0.46572843194007874,0.1628983095288277,0.7847065925598145,29.8862361907959,19.631676292419435,43.49813804626465,0.1338077336549759,0.07448182255029678,0.21827754080295564,11.715675354003906,6.200653076171875,18.63929672241211,0.10216104611754417,0.02401675488799811,0.2006426379084588,0.0422,0.0,0.11138039,0.10811466,0.08129466,02,False,True
2023-24,2024-02-03,Wyoming,2,1.040982186794281,0.6450095891952515,2.0314107179641727,0.558323085308075,0.3013809621334076,0.7888422012329102,24.893428802490234,16.264101028442383,36.14533500671387,0.14855585992336273,0.08287259340286254,0.23955944180488586,11.316277503967285,5.988984107971191,17.61320972442627,0.11068703979253769,0.026873686723411085,0.21160853952169423,0.0372,0.0,0.11418314,0.11757196,0.09039069,02,False,True
2023-24,2024-02-10,Alaska,0,0.9706324636936188,0.7014035642147064,1.3660843133926395,0.3116116523742676,0.10559843480587006,0.5584971308708191,26.563589096069336,14.653052043914796,41.66260337829591,0.16828998923301697,0.09450861066579819,0.2498530462384224,18.023879051208496,11.12627067565918,25.104223251342773,0.05584016442298889,0.013289351202547551,0.1153593994677067,0.0481,0.0,0.11293436,0.06463455,0.05395743,02,False,True
2023-24,2024-02-10,Alaska,1,0.962699681520462,0.7116062104701996,1.2856037616729736,0.2787488251924515,0.09384243190288544,0.5185156285762788,28.05461025238037,17.10170555114746,41.61343460083008,0.18985840678215027,0.10789824277162552,0.27835066914558415,21.685314178466797,13.5243709564209,30.7101993560791,0.046407658606767654,0.012000681832432747,0.09523304700851441,0.049,0.0,0.11061914,0.05470909,0.0465496,02,False,True
2023-24,2024-02-10,Alaska,2,0.9184288382530212,0.6561294794082642,1.3035929203033447,0.3650730550289154,0.12270445078611374,0.6189145445823672,26.32001781463623,15.692954063415527,40.173658752441405,0.1809006780385971,0.0990773268043995,0.2710082232952118,19.2441463470459,11.957414531707764,26.58514289855957,0.06341968849301338,0.016326477751135826,0.12341177314519883,0.04,0.0,0.10974614,0.07176556,0.05761,02,False,True
2023-24,2024-02-10,California,0,0.8773673176765442,0.676307201385498,1.0950391292572021,0.1933600828051567,0.03762889988720417,0.4133233428001404,22.489032745361328,9.159062385559082,41.12934494018555,0.13272598385810852,0.08188910037279129,0.18437863886356354,27.616235733032227,19.852876663208008,34.729878234863286,0.03822183609008789,0.011224773991853,0.07183080911636353,0.0471,0.0,0.11303022,0.04199806,0.03647324,02,False,True
2023-24,2024-02-10,California,1,0.8334227204322815,0.6366193413734436,1.011796236038208,0.20300757139921188,0.03474823012948036,0.43066214025020627,22.571674346923828,10.747673034667969,37.25443344116212,0.1545363813638687,0.09335342049598694,0.21295453310012818,28.209059715270996,20.248750305175783,35.56068229675294,0.04208185523748398,0.011676933616399765,0.08127156049013139,0.0372,0.0,0.11260874,0.046707,0.0397795,02,False,True
2023-24,2024-02-10,California,2,0.8749896883964539,0.7012381434440613,1.069055438041687,0.17223471403121948,0.03531831502914429,0.36596983671188354,24.25164222717285,9.503710556030274,42.90390243530274,0.13627880811691284,0.08865034356713297,0.1887715458869934,30.672260284423828,23.109778785705565,37.78471336364746,0.03536473214626312,0.013010787777602673,0.06461803615093231,0.0292,0.0,0.11148575,0.0391914,0.03467368,02,False,True
2023-24,2024-02-10,New York,0,0.9185969233512878,0.6528241634368896,1.1872397661209106,0.25925782322883606,0.050111630558967606,0.539961051940918,23.62616729736328,12.099772548675537,38.77846183776857,0.20774714648723602,0.1227131262421608,0.3049636781215668,22.501232147216797,15.349789047241211,29.426612854003906,0.04487399756908417,0.0094219371676445,0.09396413490176207,0.0669,0.0,0.1108722,0.05175095,0.04379742,02,False,True
2023-24,2024-02-10,New York,1,0.9721301198005676,0.7952263236045838,1.1861850023269653,0.16864024102687836,0.028443061187863373,0.3606710731983185,27.127513885498047,14.383285522460938,42.76966171264649,0.1950802430510521,0.1198092296719551,0.28657184839248656,25.16370964050293,17.395944023132326,32.74803161621094,0.03667623922228813,0.009341012965887786,0.07391028851270676,0.0533,0.0,0.1101971,0.04176876,0.03756812,02,False,True
2023-24,2024-02-10,New York,2,0.9545289874076843,0.7349420964717865,1.2257325649261475,0.2182893455028534,0.047485556453466415,0.4348910719156266,26.570354461669922,15.329388618469238,42.14729309082031,0.1753012090921402,0.11064207553863525,0.24575382471084595,24.120624542236328,16.052831649780273,32.637454986572266,0.04079039581120014,0.011549283377826217,0.08044364303350449,0.0445,0.0,0.11290215,0.04543861,0.04029393,02,False,True
2023-24,2024-02-10,Pennsylvania,0,0.9285658597946167,0.6933652818202972,1.1800347566604614,0.25943946838378906,0.07188202738761902,0.502085816860199,26.14171314239502,15.351910972595215,41.36037673950196,0.21668927371501923,0.13221731036901474,0.3058262258768082,26.540847778320312,18.776336669921875,33.97135047912598,0.04499657638370991,0.015705325454473496,0.07988986521959306,0.0252,0.0,0.11079037,0.04814664,0.04277154,02,False,True
2023-24,2024-02-10,Pennsylvania,1,0.9866171777248383,0.82880140542984,1.2043683409690857,0.18121957033872604,0.051447744295001034,0.3435363173484802,27.248892784118652,15.248946189880371,42.56885147094727,0.1823660209774971,0.11415762454271317,0.26118673384189606,26.44116973876953,19.116606330871583,34.44749069213867,0.03862502984702587,0.01342911208048463,0.06735104694962503,0.0315,0.0,0.11164286,0.04113428,0.03769025,02,False,True
2023-24,2024-02-10,Pennsylvania,2,0.9794804155826569,0.7442650377750397,1.2433537364006042,0.22797010838985443,0.05627182498574257,0.4529765605926514,28.23783588409424,15.544283866882324,44.63486557006836,0.19267649948596954,0.1189820796251297,0.2681141197681427,27.18521499633789,18.194609260559083,35.67640914916992,0.04476138576865196,0.0148668447509408,0.07927077412605286,0.028,0.0,0.11349244,0.04812094,0.04272701,02,False,True
2023-24,2024-02-10,Vermont,0,0.9368104338645935,0.6598212003707886,1.2713721036911012,0.29941338300704956,0.061809975653886795,0.5638325214385986,25.298267364501953,13.874629497528076,39.866149520874025,0.10217958688735962,0.053686730563640594,0.15326087176799774,14.81947660446167,8.29947271347046,23.8234567642212,0.051003849133849144,0.010421336628496647,0.11466962099075317,0.0633,0.0,0.11139039,0.06237559,0.04999605,02,False,True
2023-24,2024-02-10,Vermont,1,0.886214017868042,0.624395489692688,1.2543884158134464,0.33550435304641724,0.08960769325494766,0.6177358508110047,23.457823753356934,13.072380065917969,36.8640365600586,0.11365239322185516,0.05871372558176517,0.19564414024353027,13.54910945892334,7.772669458389283,20.59022331237793,0.05525633320212364,0.012681290227919825,0.12317567393183709,0.0565,0.0,0.11272355,0.06694138,0.05407413,02,False,True
2023-24,2024-02-10,Vermont,2,0.94047412276268,0.6473912477493287,1.2533639073371887,0.2802300751209259,0.05771524831652641,0.5873520374298096,25.85825538635254,15.071563434600831,39.525672912597656,0.10306327790021896,0.05374107621610165,0.16343856900930406,13.812204837799072,8.014914512634277,20.281522941589355,0.05619794875383377,0.0122376773506403,0.12047635018825531,0.056,0.0,0.1129797,0.06632294,0.05375392,02,False,True
2023-24,2024-02-10,Wyoming,0,1.1255640983581543,0.6726059317588806,2.27467942237854,0.47536519169807434,0.2212742030620575,0.7110549449920656,27.46409797668457,16.403362464904784,40.77883529663086,0.15640096366405487,0.08377312868833542,0.25029098987579346,12.885812759399414,7.173818588256836,19.723142623901367,0.10075660049915314,0.021807467564940453,0.20981575399637226,0.049,0.0,0.11277296,0.11744615,0.08943101,02,False,True
2023-24,2024-02-10,Wyoming,1,1.0481640100479126,0.6363373517990112,2.0877932071685805,0.4881149232387543,0.22628767788410187,0.7404390573501587,26.033855438232422,16.5316162109375,37.1434268951416,0.15765812993049622,0.08840721398591996,0.25821489095687866,11.283166885375977,6.24283504486084,17.060085487365722,0.0975428894162178,0.02570866812020541,0.1979439914226533,0.0385,0.0,0.1128733,0.11228969,0.08553398,02,False,True
2023-24,2024-02-10,Wyoming,2,1.216788649559021,0.6601885557174683,2.274578332901001,0.470812663435936,0.197012259066105,0.7391186892986298,28.977140426635742,18.310500526428225,42.90826416015625,0.15908317267894745,0.080754853785038,0.2777634561061859,13.144153594970703,7.103658199310303,21.041854476928712,0.0998639315366745,0.021437501534819603,0.2159375101327896,0.0468,0.0,0.11311816,0.11682336,0.08853571,02,False,True
2023-24,2024-02-17,Alaska,0,0.7855706810951233,0.6000000238418579,1.0812814235687256,0.3323741555213928,0.11358386278152466,0.5447781682014465,22.39019012451172,12.840711879730227,39.03855514526367,0.1892768070101738,0.10177760496735573,0.2844847261905671,19.022274017333984,11.67925148010254,26.508689880371094,0.05886735022068024,0.01567583531141281,0.11391986161470413,0.0409,0.0,0.1106766,0.0586318,0.05090455,02,False,True
2023-24,2024-02-17,Alaska,1,0.7758402824401855,0.6000000238418579,1.100462794303894,0.3484335392713547,0.12489406019449234,0.5751235127449037,22.597566604614258,13.089051055908204,37.91579818725586,0.16607780754566193,0.08049845099449159,0.2504408866167068,18.698034286499023,10.32172212600708,27.59527454376221,0.065916508436203,0.017963068559765816,0.1306350827217102,0.0352,0.0,0.10980597,0.06486144,0.05577936,02,False,True
2023-24,2024-02-17,Alaska,2,0.7886124551296234,0.6000000238418579,1.1113391757011413,0.3508121371269226,0.11620310693979263,0.5706692934036255,21.710562705993652,11.468672752380371,38.85462722778321,0.18248550593852997,0.09944661781191827,0.2707382023334503,19.105591773986816,10.89756603240967,28.62972640991211,0.06259015202522278,0.019404955208301544,0.11600308045744896,0.0289,0.0,0.10955776,0.06156764,0.05190827,02,False,True
2023-24,2024-02-17,California,0,0.7883915901184082,0.6156201362609863,1.0602821111679077,0.30272459983825684,0.08212377503514291,0.5131904482841492,21.859039306640625,9.723374366760254,33.317283630371094,0.15875960886478424,0.10393176227807999,0.21812333762645728,29.590571403503418,21.863422775268557,36.780792236328125,0.038887541741132736,0.010897883027791978,0.07772636413574219,0.0481,0.0,0.11175701,0.04449285,0.03732303,02,False,True
2023-24,2024-02-17,California,1,0.895622968673706,0.7015375196933746,1.0943870544433594,0.15422894060611725,0.01800505444407463,0.378520068526268,27.059917449951172,9.822127342224121,46.295753479003906,0.14727258682250977,0.09574951007962228,0.19730971753597262,29.724918365478516,21.691457748413086,36.815895080566406,0.0383564718067646,0.010787448566406966,0.07312036529183388,0.0449,0.0,0.11193932,0.04292604,0.03772482,02,False,True
2023-24,2024-02-17,California,2,0.8513288795948029,0.6514111161231995,1.0791200518608095,0.22581200301647186,0.054722975194454196,0.4347047448158266,21.62860107421875,7.921600675582888,35.05637817382812,0.15077028423547745,0.09444827884435654,0.2084767743945122,30.167393684387207,21.943565559387206,37.51602554321289,0.03552526608109474,0.01093763206154108,0.06805632263422014,0.0416,0.0,0.11261522,0.03912475,0.03375902,02,False,True
2023-24,2024-02-17,New York,0,1.0171982049942017,0.820698082447052,1.217360258102417,0.16009436547756195,0.025111096166074286,0.37030044496059417,26.842771530151367,15.470653533935547,39.699740982055665,0.1662379428744316,0.10474168136715889,0.23374617099761963,26.71959114074707,18.431744194030763,34.538044738769536,0.0332215279340744,0.00985251655802131,0.06364491581916809,0.0446,0.0,0.11340051,0.0368513,0.03274447,02,False,True
2023-24,2024-02-17,New York,1,0.9878425002098083,0.7836911082267761,1.217030656337738,0.184962660074234,0.036282650753855714,0.3912014663219452,26.93923568725586,13.69489860534668,41.687287521362315,0.20394019782543182,0.12377820834517479,0.2860905438661575,26.878661155700684,18.90824089050293,34.703853607177734,0.03822389990091324,0.011878944002091885,0.07351197302341461,0.0394,0.0,0.11251017,0.041917,0.03701978,02,False,True
2023-24,2024-02-17,New York,2,1.0086138248443604,0.7603098928928376,1.2435447692871096,0.17657414078712463,0.027099233120679855,0.4577052503824237,26.308168411254883,12.278239250183105,43.41491050720215,0.20415852963924408,0.1282023936510086,0.2939647287130356,25.190085411071777,17.23257694244385,32.56894035339356,0.0397015567868948,0.010712718591094017,0.08283217996358871,0.0527,0.0,0.11263339,0.04527687,0.03925546,02,False,True
2023-24,2024-02-17,Pennsylvania,0,0.9692949652671814,0.7658771514892578,1.2272227048873903,0.22946405410766602,0.06521223112940788,0.4603646695613861,28.825573921203613,17.911935806274414,40.40562477111817,0.2018929272890091,0.12416334822773933,0.2805171608924866,26.93324851989746,19.33783531188965,34.61621093750001,0.043207649141550064,0.013773074373602867,0.07760189473628998,0.0254,0.0,0.11309154,0.04497978,0.03993178,02,False,True
2023-24,2024-02-17,Pennsylvania,1,0.979995608329773,0.763022655248642,1.199960708618164,0.23332960903644562,0.06622351109981538,0.4322748988866807,26.28597068786621,16.87248992919922,37.74152374267578,0.17256666719913483,0.109651318192482,0.24918243288993835,29.51044273376465,21.417938232421875,36.40335044860841,0.03994962200522423,0.014363878406584263,0.07166590541601181,0.0275,0.0,0.11102852,0.04116967,0.03616555,02,False,True
2023-24,2024-02-17,Pennsylvania,2,0.9919086694717407,0.7504657983779908,1.2299676537513733,0.24802511930465698,0.06915970891714096,0.4626277983188629,25.730152130126953,14.388384437561035,39.08318901062012,0.19216180592775345,0.12006252259016037,0.2751620411872864,31.154640197753906,23.634219932556153,37.79869003295899,0.04418423771858215,0.01607162319123745,0.07641897350549698,0.0218,0.0,0.11192969,0.04537031,0.04030847,02,False,True
2023-24,2024-02-17,Vermont,0,0.9543410241603851,0.6520944237709045,1.2808018803596497,0.30701881647109985,0.06055911444127562,0.6008279919624329,26.833051681518555,15.15898609161377,41.07497024536133,0.11069270223379135,0.060696445778012274,0.17154692113399506,14.171210289001465,8.541665077209473,20.46070671081543,0.04749143868684769,0.010216421447694302,0.10624995827674867,0.0634,0.0,0.11274083,0.05731934,0.04794052,02,False,True
2023-24,2024-02-17,Vermont,1,0.9691788554191589,0.6789158582687378,1.4435553550720215,0.30943456292152405,0.06906680017709732,0.5940898656845093,28.01569175720215,16.769733428955078,44.160640716552734,0.09991657361388206,0.055033294856548315,0.15535660088062286,14.510531425476074,8.458602905273438,21.345290756225587,0.05011381581425667,0.010926355607807636,0.10725023820996285,0.0608,0.0,0.11091237,0.05873132,0.0491387,02,False,True
2023-24,2024-02-17,Vermont,2,0.9201875329017639,0.6527669250965119,1.2227747440338135,0.3105793297290802,0.07045181095600128,0.5883188724517823,25.090717315673828,14.227806282043458,36.93498611450195,0.1277918815612793,0.06890944242477418,0.2002919316291809,14.736228466033936,8.59870719909668,21.97022247314453,0.05639142915606499,0.013095405884087086,0.12360770255327225,0.054,0.0,0.10981322,0.06825586,0.05619311,02,False,True
2023-24,2024-02-17,Wyoming,0,1.0746090412139893,0.6742254495620729,1.9115495681762695,0.45280852913856506,0.1742124855518341,0.7341159343719482,27.77075481414795,18.411736869812014,39.31209945678712,0.19992373138666153,0.11067640036344528,0.3298957645893097,13.290390968322754,7.279145812988281,19.75810432434082,0.08875629305839539,0.01677398215979338,0.1892591118812561,0.0581,0.0,0.11275641,0.10250677,0.07806809,02,False,True
2023-24,2024-02-17,Wyoming,1,1.1945557594299316,0.6866164803504944,2.2781591176986695,0.5113113224506378,0.26111861169338235,0.7538027465343476,28.750167846679688,20.271162033081055,39.95050811767578,0.15364640951156616,0.08523084223270416,0.25122153759002686,12.770236015319824,7.238727331161499,19.35420799255371,0.09989536926150322,0.024525872245430947,0.2061644241213799,0.041,0.0,0.11348237,0.11112789,0.08347787,02,False,True
2023-24,2024-02-17,Wyoming,2,1.2771459817886353,0.7843919396400452,2.271613597869873,0.43885697424411774,0.18837565183639526,0.7450084805488587,30.329243659973145,20.76372528076172,42.36692810058594,0.1486266702413559,0.08838028535246849,0.23310529887676243,12.609632015228271,7.168439817428589,19.173887825012212,0.08889927342534065,0.022474506869912148,0.18026736527681356,0.0389,0.0,0.11179746,0.09752856,0.07664213,02,False,True
2023-24,2024-02-24,Alaska,0,0.9676329791545868,0.7199859142303466,1.2703572511672974,0.25339534878730774,0.06915699690580368,0.4660084545612335,27.151599884033203,14.206684112548828,42.00891876220704,0.16776350140571594,0.09174685254693031,0.24217452108860016,19.018455505371094,11.01509141921997,27.593371963500978,0.04702038690447807,0.01308884285390377,0.09523218125104904,0.0397,0.0,0.11244908,0.05783979,0.0466557,02,False,True
2023-24,2024-02-24,Alaska,1,0.8822541832923889,0.6542917907238006,1.1885628700256348,0.3068361282348633,0.09701094031333923,0.5490904450416565,24.983081817626953,14.91927433013916,37.637614059448254,0.18374735116958618,0.0967329740524292,0.27148014307022095,19.716073989868164,11.805339527130128,28.0880184173584,0.04988527670502663,0.01446722196415067,0.10393331050872803,0.0397,0.0,0.11232883,0.0606202,0.04788184,02,False,True
2023-24,2024-02-24,Alaska,2,0.9268715977668762,0.6713421165943145,1.3010011911392212,0.30702757835388184,0.10291885286569596,0.5392601370811463,29.00268840789795,17.96279335021973,43.84940185546875,0.16904599964618683,0.09291958808898926,0.2543046474456787,17.85651969909668,10.406050682067871,26.127830505371094,0.05405315011739731,0.012266794219613075,0.1080889031291008,0.0533,0.0,0.1119578,0.06532119,0.04944435,02,False,True
2023-24,2024-02-24,California,0,0.9117525219917297,0.7229569554328918,1.1142481327056886,0.17964130640029907,0.039381060749292374,0.3772852629423141,20.95718479156494,7.373103618621826,36.82757911682129,0.13992442190647125,0.09521311521530151,0.18728101253509521,28.067401885986328,20.864505195617674,34.97419738769531,0.03795263543725014,0.011838364414870739,0.07404790818691254,0.0426,0.0,0.11209919,0.04292549,0.03788535,02,False,True
2023-24,2024-02-24,California,1,0.8893789649009705,0.6901851892471313,1.0924314498901369,0.18218424916267395,0.032209888100624084,0.40357106924057007,26.360891342163086,13.415399551391602,41.69776191711426,0.1312110424041748,0.08345233649015427,0.18479700684547426,27.083423614501953,20.35363063812256,33.327382278442386,0.03777010180056095,0.012926256004720927,0.06703005507588386,0.0368,0.0,0.11213323,0.04088709,0.03562471,02,False,True
2023-24,2024-02-24,California,2,0.9023400545120239,0.7218636870384216,1.0889712572097778,0.15805836021900177,0.02263756636530161,0.35683046281337766,25.641887664794922,11.446995735168457,42.584886932373045,0.1457894966006279,0.09440863132476807,0.20370830595493317,28.230365753173828,20.870500564575195,35.52348709106445,0.03975760005414486,0.013172029517591,0.07373081445693974,0.0333,0.0,0.11089639,0.04421128,0.03894226,02,False,True
2023-24,2024-02-24,New York,0,0.995281994342804,0.8005620837211609,1.2103766202926636,0.1867741048336029,0.039405763149261475,0.4147438526153566,26.76176643371582,15.236857700347901,40.64215850830078,0.21064656972885132,0.13229431211948395,0.29341888427734375,26.057313919067383,17.64306049346924,34.667144775390625,0.037177352234721184,0.010314573347568513,0.07396021485328674,0.0463,0.0,0.11316596,0.04207662,0.03828069,02,False,True
2023-24,2024-02-24,New York,1,0.9856065511703491,0.8020002901554109,1.203409230709076,0.1816156506538391,0.03388134017586708,0.39313673973083496,27.081501007080078,16.272881889343264,41.20680503845216,0.21101929247379303,0.13819223642349243,0.3000863701105118,22.305099487304688,15.66381540298462,28.968353271484375,0.0355578251183033,0.010528277978301052,0.06594305485486984,0.0442,0.0,0.1098888,0.03851472,0.03505849,02,False,True
2023-24,2024-02-24,New York,2,0.9840757846832275,0.7490027248859406,1.2175140380859375,0.20785850286483765,0.04387851804494858,0.463979035615921,26.92313003540039,15.460505294799805,41.74816551208497,0.23177669942378998,0.14648309350013733,0.33027052879333496,25.455768585205078,18.071592330932617,33.49861526489258,0.03940553963184357,0.010907270945608616,0.08060963451862335,0.0483,0.0,0.11273995,0.04556002,0.04024152,02,False,True
2023-24,2024-02-24,Pennsylvania,0,1.010295569896698,0.7734969854354858,1.2318716049194336,0.21173177659511566,0.05815305896103383,0.41834118068218246,30.225276947021484,17.82947120666504,45.065189361572266,0.19867448508739471,0.12380139827728272,0.27538121342658994,30.317587852478027,21.371475982666016,37.710975646972656,0.03905910439789295,0.012552553042769433,0.07180653735995295,0.0375,0.0,0.10879437,0.04226911,0.03784876,02,False,True
2023-24,2024-02-24,Pennsylvania,1,0.9783267974853516,0.7255372405052185,1.24220871925354,0.256725937128067,0.07074547559022905,0.48664864897727966,29.449392318725586,18.63188419342041,43.29687614440918,0.20334268361330032,0.123834528028965,0.2933206379413605,27.177427291870117,20.080345726013185,34.341019821166995,0.04108657315373421,0.014916163776069882,0.07365879043936731,0.0269,0.0,0.111621,0.04447529,0.04031057,02,False,True
2023-24,2024-02-24,Pennsylvania,2,1.0005559921264648,0.7848733723163605,1.2422803401947022,0.2158680111169815,0.06384149417281151,0.393520075082779,23.38747787475586,11.348512649536133,34.930179595947266,0.2078539878129959,0.13258540481328965,0.2824230283498764,27.583666801452637,19.833341217041017,34.7904052734375,0.0453911367803812,0.016799317859113216,0.0757758840918541,0.02,0.0,0.11066012,0.04713862,0.04258707,02,False,True
2023-24,2024-02-24,Vermont,0,1.0473262071609497,0.7355381846427917,1.4452598452568055,0.3295673727989197,0.09788118824362761,0.6307801008224487,28.991058349609375,19.13370704650879,40.61682624816895,0.10266992449760437,0.05759312473237515,0.1530560791492462,14.494811534881592,8.447947788238526,20.786367416381836,0.05561475083231926,0.01340584782883525,0.11626589298248291,0.0505,0.0,0.11221694,0.06085878,0.05032101,02,False,True
2023-24,2024-02-24,Vermont,1,1.095044493675232,0.79732626080513,1.5055962443351745,0.3078342229127884,0.0943564556539059,0.5631188571453096,30.374635696411133,20.80539321899414,41.97259712219238,0.09401209652423859,0.05489450879395008,0.1421387642621994,14.282294273376465,8.444430351257324,21.048152923583984,0.05382312461733818,0.012902677059173584,0.114641472697258,0.0492,0.0,0.11034432,0.0572837,0.04965845,02,False,True
2023-24,2024-02-24,Vermont,2,1.037422239780426,0.7377790689468384,1.4330897092819215,0.34178948402404785,0.11641629934310915,0.6019214391708374,28.523367881774902,19.148296356201172,41.34571838378906,0.10596926510334015,0.06199011579155922,0.15883575528860092,14.597010612487793,8.720229434967042,21.097463607788086,0.04967237450182438,0.01231140242889524,0.11138040050864224,0.0504,0.0,0.11224977,0.05589282,0.04731827,02,False,True
2023-24,2024-02-24,Wyoming,0,1.1088725328445435,0.6413509249687195,2.238149642944336,0.5057380199432373,0.24414381235837943,0.7719292640686035,27.501983642578125,18.793373107910156,38.43897247314453,0.15041371434926987,0.08151929825544357,0.24901350140571601,11.78946590423584,6.810143947601318,17.432182502746585,0.10264528542757034,0.025794265791773796,0.21016791462898254,0.039,0.0,0.11192696,0.11515503,0.08857844,02,False,True
2023-24,2024-02-24,Wyoming,1,1.0593752264976501,0.6361634731292725,1.9627058863639832,0.45449766516685486,0.18745160102844238,0.7115295588970185,26.194643020629883,16.914466857910156,36.901363372802734,0.16566648334264755,0.09047283977270126,0.2612141966819763,13.058175563812256,7.123476982116699,19.50138282775879,0.09524253755807877,0.019823294132947922,0.19747806191444406,0.0509,0.0,0.11151935,0.10797464,0.08500654,02,False,True
2023-24,2024-02-24,Wyoming,2,0.9360276758670807,0.6000000238418579,1.7938367724418642,0.501793384552002,0.21811148524284363,0.7352557182312012,25.93831443786621,15.84304428100586,40.047550201416016,0.20376341044902802,0.10028202831745148,0.34177613258361816,12.647669315338135,7.124944972991944,19.448636627197267,0.0987534411251545,0.023708544671535492,0.1980377435684204,0.0422,0.0,0.1128306,0.10971174,0.08627888,02,False,True
2023-24,2024-03-02,Alaska,0,0.9580819010734558,0.7278885841369629,1.2643301486968994,0.27882301807403564,0.08755643516778949,0.5209558606147766,27.69183921813965,16.934030532836914,39.488162994384766,0.1725919246673584,0.0926002562046051,0.2588995397090912,17.65077781677246,10.92568302154541,24.785037994384766,0.05103650316596031,0.01562517136335373,0.10194798558950424,0.0398,0.0,0.11342574,0.0589985,0.04770891,03,False,False
2023-24,2024-03-02,Alaska,1,0.968632698059082,0.6844552159309387,1.3346256017684937,0.31903761625289917,0.09984593838453293,0.5809675157070161,29.28194808959961,17.54623031616211,42.76176834106445,0.1747656911611557,0.08659346401691437,0.26132633686065676,20.308531761169434,11.887408351898195,28.696624755859375,0.05532194301486015,0.014753440394997597,0.11166999489068985,0.0438,0.0,0.11151036,0.0645566,0.05083061,03,False,False
2023-24,2024-03-02,Alaska,2,0.9583328366279602,0.7029244303703308,1.3783985733985904,0.31543073058128357,0.1002767711877823,0.5464708864688873,27.657176971435547,17.3214054107666,40.32322692871094,0.16681261360645294,0.08444216847419739,0.25601041316986084,17.871562957763672,10.511235237121582,26.230884552001953,0.05644905939698219,0.01612003892660141,0.10698094218969348,0.0359,0.0,0.10968023,0.06381951,0.05050526,03,False,False
2023-24,2024-03-02,California,0,0.9313789308071136,0.7260476350784302,1.1447776556015015,0.1901046484708786,0.047677147015929226,0.3773404896259309,25.391160011291504,9.531587505340577,41.946746826171875,0.14441178739070892,0.09503678977489471,0.19716407358646393,28.461694717407227,21.967435836791992,35.241036605834964,0.03361529856920242,0.009925086889415981,0.06546467393636704,0.0427,0.0,0.11307397,0.03724759,0.03309092,03,False,False
2023-24,2024-03-02,California,1,0.9260441958904266,0.7388342380523681,1.115907645225525,0.16458231210708618,0.03088119439780712,0.3554268777370453,24.953413009643555,11.22054386138916,38.23583984375,0.1388978585600853,0.08983592689037323,0.1884499341249466,30.246732711791992,22.262283325195312,37.35744934082032,0.03526860475540161,0.012359914463013412,0.06430736780166627,0.0372,0.0,0.11017918,0.03849506,0.03435775,03,False,False
2023-24,2024-03-02,California,2,0.9315907657146454,0.7507467448711396,1.106921172142029,0.15719493478536606,0.03046305719763041,0.3544958829879761,26.53309917449951,13.117476272583009,41.47418212890626,0.1388041377067566,0.09052807986736297,0.19455802887678147,31.781673431396484,24.247474098205565,37.94668998718262,0.03403340280056,0.012107620760798455,0.060777444019913675,0.0325,0.0,0.1088321,0.03646192,0.03295076,03,False,False
2023-24,2024-03-02,New York,0,0.9504870176315308,0.6738046646118164,1.1762132644653323,0.23566052317619324,0.046525910869240766,0.519166100025177,27.6087703704834,18.0494291305542,38.949649810791016,0.20963186025619507,0.13748086988925934,0.28496742248535156,23.304479598999023,16.632227325439455,29.871976280212404,0.035141462460160255,0.011455600894987584,0.06517052501440049,0.0379,0.0,0.11212654,0.0387067,0.03453305,03,False,False
2023-24,2024-03-02,New York,1,1.0091499090194702,0.8099371790885925,1.217257869243622,0.1718158796429634,0.03410477489233017,0.36784640550613407,31.15226173400879,17.968362617492676,46.38478431701661,0.2228744924068451,0.14344990849494935,0.30398145914077757,25.192235946655273,18.16746006011963,32.380531311035156,0.033818263560533524,0.01026874352246523,0.06623689085245132,0.0495,0.0,0.11119739,0.03780691,0.03396231,03,False,False
2023-24,2024-03-02,New York,2,0.9933362305164337,0.7860563635826111,1.209965705871582,0.1817978024482727,0.03920421674847604,0.3765053033828735,27.326416969299316,15.878493785858154,40.45062599182129,0.21544437110424042,0.1348375678062439,0.3001525104045868,26.234939575195312,19.49851589202881,33.1600227355957,0.04088141955435276,0.011056466866284611,0.07733254805207253,0.0506,0.0,0.11164165,0.0449561,0.0396728,03,False,False
2023-24,2024-03-02,Pennsylvania,0,0.9827589988708496,0.7994264960289001,1.2127466201782227,0.20109610259532928,0.053422253206372276,0.39459285140037537,23.703434944152832,11.981569385528566,34.721198654174806,0.2499232217669487,0.16396769732236866,0.3433495759963989,28.640228271484375,21.0133056640625,36.236881256103516,0.038018397986888885,0.012674819305539133,0.0709293618798256,0.032,0.0,0.10897117,0.04150757,0.03764713,03,False,False
2023-24,2024-03-02,Pennsylvania,1,1.0169522762298584,0.8340243101119995,1.2139612436294558,0.16753681749105453,0.03633627034723759,0.3417059034109116,28.125481605529785,15.682146072387695,40.825660705566406,0.22216100990772247,0.14926957339048386,0.3050622671842575,29.827295303344727,21.76598358154297,37.140238571167,0.04136032983660698,0.01624078080058098,0.07151949331164362,0.0208,0.0,0.11250516,0.04408906,0.03927663,03,False,False
2023-24,2024-03-02,Pennsylvania,2,0.9995481669902802,0.7609409689903259,1.21599280834198,0.22420229762792587,0.069740978628397,0.4160677492618561,33.973371505737305,23.2662296295166,45.66206359863281,0.23448365181684494,0.15301524549722673,0.32235385179519654,28.7664737701416,21.07969436645508,36.09968566894531,0.03846217691898346,0.01197229335084558,0.07306985557079315,0.039,0.0,0.11195728,0.04265542,0.03847455,03,False,False
2023-24,2024-03-02,Vermont,0,1.022979974746704,0.7110816478729248,1.418338656425476,0.29191330075263977,0.08203526288270951,0.5713196992874146,28.56686019897461,17.64445381164551,41.25173568725586,0.119781993329525,0.06467593461275101,0.18859799653291703,15.168293952941895,9.501028060913086,21.695035934448246,0.04737154394388199,0.011682219803333282,0.10325628966093064,0.0524,0.0,0.11329134,0.05571439,0.04967399,03,False,False
2023-24,2024-03-02,Vermont,1,1.0389021039009094,0.7226187288761139,1.4069001197814943,0.2714987099170685,0.05858113467693329,0.5519887566566469,30.050209045410156,18.58217430114746,43.17860794067383,0.12050675228238106,0.07148078829050064,0.18332143574953083,16.161057472229004,9.582378101348878,23.481643676757812,0.04996366426348686,0.010200893227010966,0.10689839720726013,0.0616,0.0,0.11172104,0.05875728,0.05033064,03,False,False
2023-24,2024-03-02,Vermont,2,1.012978196144104,0.7370877861976624,1.4095605731010439,0.2997899651527405,0.06741329282522202,0.5823807179927827,28.92137050628662,17.224624633789062,42.8004566192627,0.11482192203402519,0.062203243002295495,0.1759256213903427,16.17387580871582,9.669381618499756,23.715532112121583,0.04830114170908928,0.011499888263642788,0.09744443744421005,0.0545,0.0,0.10980966,0.05517301,0.04909569,03,False,False
2023-24,2024-03-02,Wyoming,0,1.1171561479568481,0.6384734511375427,2.041306495666504,0.500811755657196,0.24495956450700762,0.7521959125995636,28.5379638671875,19.707261276245116,39.85150909423828,0.16075196862220764,0.0893382802605629,0.2625010371208192,14.00531005859375,8.003210067749023,20.972885131835938,0.08824921399354935,0.018106723390519622,0.19294609129428864,0.0539,0.0,0.1121857,0.10598084,0.08155258,03,False,False
2023-24,2024-03-02,Wyoming,1,1.024070680141449,0.6113870739936829,2.0976799964904784,0.5127852261066437,0.2480729937553406,0.7447251677513123,28.17001724243164,19.511345863342285,40.9560432434082,0.18136204779148102,0.09971030056476593,0.28546178340911865,13.531856536865234,7.681161880493164,20.728791427612308,0.08810948207974434,0.018517177551984787,0.1926160857081414,0.048,0.0,0.1108916,0.10271142,0.07673618,03,False,False
2023-24,2024-03-02,Wyoming,2,1.295789122581482,0.7507254421710968,2.379559445381165,0.4423040300607681,0.17846165150403978,0.7253016829490662,29.07314682006836,19.996578979492188,40.53776550292969,0.14793232828378677,0.08752166479825974,0.22110658884048462,12.15318489074707,7.48620104789734,17.160146713256836,0.08251168951392174,0.018665862083435063,0.17425366491079333,0.0474,0.0,0.11083569,0.09787866,0.07643852,03,False,False
2023-24,2024-03-09,Alaska,0,0.8962650895118713,0.6613640785217285,1.1659838438034058,0.271949365735054,0.07764444202184678,0.49749965965747833,28.078996658325195,17.15070152282715,42.739261627197266,0.18796174228191376,0.10360143333673477,0.274486455321312,19.85688591003418,11.187029361724854,28.156620407104494,0.04651975259184837,0.011792278848588467,0.09706403911113742,0.0504,0.0,0.11249257,0.0552733,0.04961612,03,False,False
2023-24,2024-03-09,Alaska,1,0.8939524590969086,0.6529790163040161,1.2073924541473389,0.30743539333343506,0.08876720815896988,0.5228522002696991,29.576311111450195,17.810015296936037,44.903709411621094,0.1873595267534256,0.10122187733650208,0.27161222100257876,18.793503761291504,10.300433158874512,27.84642543792725,0.05431131459772587,0.015972349792718887,0.1057750351727009,0.0439,0.0,0.11326936,0.0641774,0.05707638,03,False,False
2023-24,2024-03-09,Alaska,2,0.8914317190647125,0.6305316090583801,1.1852836608886719,0.30050161480903625,0.08037040084600448,0.5417129695415497,27.380455017089844,16.07842254638672,40.1127815246582,0.18386489152908325,0.0909274123609066,0.27693894505500793,20.49078369140625,11.895687770843507,28.891682624816895,0.04909079521894455,0.011624415963888168,0.10002210736274719,0.0543,0.0,0.11171769,0.05822894,0.05293323,03,False,False
2023-24,2024-03-09,California,0,0.9003442525863647,0.7097878277301788,1.0781951665878295,0.15500085800886154,0.022112280130386353,0.3558521568775177,26.443859100341797,13.031302452087402,40.97351837158203,0.15358281135559082,0.09910463392734528,0.20371857285499573,29.328289031982422,22.214255142211915,36.382453536987306,0.03649613633751869,0.011300815362483264,0.06890476346015931,0.0455,0.0,0.11222862,0.04030051,0.03631568,03,False,False
2023-24,2024-03-09,California,1,0.9092241525650024,0.7145676672458648,1.063354527950287,0.1730041652917862,0.03369702063500882,0.39163586497306824,20.88642120361328,8.718988513946535,33.69966201782226,0.16568170487880707,0.10948401913046837,0.22326858341693878,29.87849235534668,22.63325939178467,36.387325286865234,0.03060992807149887,0.009235393814742567,0.05998739674687386,0.0459,0.0,0.10937474,0.03486267,0.03051254,03,False,False
2023-24,2024-03-09,California,2,0.8920052647590637,0.7234109222888947,1.1073070764541626,0.20633253455162048,0.06281672418117523,0.3846889138221741,24.284101486206055,10.648358345031738,36.46111297607422,0.13589030504226685,0.08780189603567123,0.18764843046665192,29.784643173217773,22.276721954345703,36.380958557128906,0.030072327703237534,0.010316695086658001,0.05691578984260559,0.0405,0.0,0.11242763,0.0338358,0.0308088,03,False,False
2023-24,2024-03-09,New York,0,0.9250081777572632,0.675690770149231,1.1758085370063782,0.2409091591835022,0.05421983785927298,0.48373377323150635,30.90871810913086,19.63051567077637,45.44608688354492,0.2195180505514145,0.13988138735294342,0.30000039935112,26.060397148132324,18.25978984832764,33.19316864013672,0.039065441116690636,0.011800092551857235,0.0718996599316597,0.0424,0.0,0.11107477,0.04175509,0.03710347,03,False,False
2023-24,2024-03-09,New York,1,0.9620323181152344,0.7359206676483154,1.1716240763664247,0.19668541848659515,0.03876317851245404,0.4258558005094528,26.750558853149414,15.57136344909668,40.28657150268555,0.19322392344474792,0.12529718726873398,0.2708318829536438,23.30469512939453,16.127201080322266,31.586410522460938,0.03324331343173981,0.008502376265823841,0.06706824153661728,0.0609,0.0,0.11083603,0.03866632,0.03496826,03,False,False
2023-24,2024-03-09,New York,2,0.9035771489143372,0.6780241668224336,1.1178014278411865,0.22747021168470383,0.05704720206558709,0.47127094864845276,24.733470916748047,15.047575950622559,35.284558105468754,0.2469821572303772,0.15490145981311798,0.35270926356315613,26.055755615234375,18.265050888061523,33.31523094177246,0.0400969572365284,0.011837262474000456,0.07796570658683777,0.0417,0.0,0.11191581,0.04531448,0.03983891,03,False,False
2023-24,2024-03-09,Pennsylvania,0,0.9313350021839142,0.7306471407413483,1.1495366096496582,0.2292293980717659,0.07071582600474358,0.42686545848846436,25.635146141052246,14.328407382965088,37.68977394104004,0.2920408397912979,0.18539184629917146,0.39989918768405913,26.752994537353516,18.87833423614502,34.03483200073242,0.0347767248749733,0.009829011745750904,0.06680297330021859,0.0477,0.0,0.11177274,0.03879395,0.03459422,03,False,False
2023-24,2024-03-09,Pennsylvania,1,0.960058718919754,0.7847289443016052,1.1450552105903626,0.2034558206796646,0.05329723656177521,0.3882739841938019,27.496798515319824,16.799455642700195,40.43467330932617,0.2456621155142784,0.16424996852874757,0.3401540070772171,29.80576515197754,22.837924003601074,36.402874374389654,0.03372723236680031,0.011294160690158607,0.06293123215436935,0.035,0.0,0.11060855,0.03744755,0.03437951,03,False,False
2023-24,2024-03-09,Pennsylvania,2,0.9142646789550781,0.693932831287384,1.113629937171936,0.23996981233358383,0.07598511129617691,0.4503135085105896,26.925950050354004,17.29356575012207,37.806676483154305,0.2746615409851074,0.18092316389083862,0.36870595514774324,29.056339263916016,21.38091449737549,36.080448150634766,0.041321758180856705,0.015990329533815385,0.07454681396484375,0.0219,0.0,0.11128643,0.04575688,0.040962,03,False,False
