model,season,location,asof,horizon,wis,y,w0.01,c0.01,w0.025,c0.025,w0.05,c0.05,w0.1,c0.1,w0.15,c0.15,w0.2,c0.2,w0.25,c0.25,w0.3,c0.3,w0.35,c0.35,w0.4,c0.4,w0.45,c0.45,base_wis
adaptive,2023-24,02,2023-10-07,0,2.861415949017094,14.0,84.4766322545117,1.0,58.474219310615645,1.0,42.22938569509051,1.0,29.025263888850915,1.0,21.500195473222902,1.0,16.292290011985553,1.0,12.991318640625494,1.0,9.74348898046912,1.0,7.4511593239654355,0.0,4.383640338278688,0.0,2.150019547322291,0.0,4.6601453022
adaptive,2023-24,02,2023-10-07,1,5.960180970790806,21.0,194.57717185757102,1.0,126.66535674609857,1.0,85.5261810507845,1.0,53.750488683057256,1.0,38.70035185180122,1.0,28.871760390782484,1.0,21.522936732196,1.0,17.056049631482228,1.0,10.905811433993442,0.0,7.44547400922216,0.0,4.171014413264105,0.0,8.7558182197
adaptive,2023-24,02,2023-10-07,2,9.84884402229268,30.0,260.1523652259971,1.0,179.6465090982021,1.0,122.97231277555501,1.0,76.38610005870082,1.0,55.5915864359283,1.0,40.85037139912352,1.0,30.100273662512063,1.0,22.433072378302164,0.0,16.087146039628948,0.0,9.714885166153234,0.0,5.314247963844556,0.0,14.7521359533
adaptive,2023-24,02,2023-10-07,3,11.138190659679044,33.0,254.77731635769138,1.0,179.6465090982021,1.0,129.38825952906222,1.0,85.5261810507845,1.0,61.281242413428544,1.0,46.21782015437159,1.0,34.64351637500132,1.0,25.777434228694542,0.0,18.178515801603783,0.0,11.83118760071843,0.0,5.413049433593956,0.0,16.3082053601
adaptive,2023-24,06,2023-10-07,0,10.224485780930927,60.0,153.29612972319723,1.0,113.85767404670777,1.0,86.89138282511908,1.0,62.92134618370693,1.0,48.48755963245496,1.0,38.802911301508985,1.0,30.02747003210898,0.0,23.47272399726679,0.0,16.82221456636192,0.0,10.986266793980576,0.0,5.343718383211318,0.0,16.7971728347
adaptive,2023-24,06,2023-10-07,1,9.131418453457577,50.0,285.97657403683286,1.0,192.82351111189348,1.0,139.44254125678154,1.0,92.92737110997659,1.0,69.75029629492603,1.0,53.10881129124374,1.0,41.36736603763501,1.0,30.961297328490705,1.0,22.035139095792644,0.0,14.636407372796455,0.0,7.0677785299837055,0.0,23.3952005327
adaptive,2023-24,06,2023-10-07,2,21.74769361634112,76.0,418.52552363939236,1.0,281.0023089813454,1.0,194.9053267086461,1.0,125.84269236741386,1.0,91.67181798761706,1.0,68.2784002987631,1.0,51.45618573240118,0.0,39.4067009578244,0.0,27.965042748314186,0.0,17.218222782996204,0.0,8.178185560640483,0.0,33.3479716648
adaptive,2023-24,06,2023-10-07,3,33.846589731739506,97.0,538.0737142751436,1.0,351.27821233355945,1.0,240.72674642107742,1.0,153.8193287282894,1.0,108.86391641308023,1.0,80.08399698956977,0.0,60.36206403223985,0.0,44.092419070483885,0.0,31.005353056223985,0.0,20.577773844601364,0.0,9.987515267255066,0.0,43.6400139956
adaptive,2023-24,36,2023-10-07,0,8.492356359696563,26.0,245.21486438079202,1.0,167.05164693285224,1.0,121.766583068707,1.0,82.51176028847735,1.0,62.75868859048861,1.0,48.724465278313694,1.0,38.023146569427425,1.0,29.100983081127666,0.0,21.13900179562137,0.0,13.622216726550779,0.0,7.030104750752763,0.0,16.1046940309
adaptive,2023-24,36,2023-10-07,1,10.159733615218505,33.0,438.43885853933784,1.0,291.7374772005754,1.0,198.7804304730248,1.0,128.5729465159081,1.0,94.33168872668973,1.0,72.05641639737553,1.0,55.50858574734637,1.0,41.806043010633786,1.0,29.981764896298518,1.0,19.34225498479005,1.0,9.751211156330356,0.0,17.7194042618
adaptive,2023-24,36,2023-10-07,2,12.734020844848557,47.0,602.2797252539184,1.0,390.5245709187387,1.0,264.9855063451786,1.0,165.16484725857825,1.0,116.94253886947229,1.0,88.11237139366175,1.0,67.12062467091384,1.0,49.43227329530487,1.0,35.70972257576105,1.0,22.675886713146568,1.0,11.367019998436227,0.0,20.6094056806
adaptive,2023-24,36,2023-10-07,3,15.900594396014862,56.0,657.4067497828166,1.0,426.34809248795256,1.0,293.0248299085515,1.0,180.61542407656475,1.0,130.19484728038893,1.0,94.43475711011303,1.0,70.14469428633103,1.0,51.37440421601825,1.0,36.27037873420813,1.0,23.547233305637445,0.0,11.401668250877044,0.0,24.8088182321
adaptive,2023-24,42,2023-10-07,0,5.842786897033481,40.0,182.10981517770443,1.0,127.67906504156964,1.0,92.99012494108949,1.0,64.33893700270293,1.0,50.33304059874747,1.0,39.93978541606317,1.0,30.87498777129631,1.0,23.653996311008363,1.0,17.460110310527828,1.0,11.028586111789252,0.0,5.572993313869276,0.0,13.6309845545
adaptive,2023-24,42,2023-10-07,1,8.68630018012972,38.0,411.7696743137765,1.0,249.85586690513935,1.0,162.59423061358194,1.0,101.3209788792581,1.0,74.3510300156531,1.0,56.785105317897035,1.0,43.65511429197602,1.0,32.68405991685812,1.0,23.424893102512755,1.0,15.622272296630356,0.0,8.007288422955995,0.0,16.8022643383
adaptive,2023-24,42,2023-10-07,2,15.416325951291336,49.0,874.0404063806869,1.0,494.17980540374134,1.0,295.9727450752824,1.0,159.9142389495434,1.0,108.455423738916,1.0,78.04088461454099,1.0,57.90007708689356,1.0,43.068111712229474,1.0,30.651463226281038,0.0,19.30268732748873,0.0,9.521565193276334,0.0,17.1923817632
adaptive,2023-24,42,2023-10-07,3,17.55181382635917,30.0,1507.3480484606605,1.0,906.2535197990585,1.0,518.3802258394487,1.0,256.41330226234356,1.0,158.0878264772783,1.0,108.39884655094875,1.0,77.13309602931268,1.0,55.82711772348204,1.0,38.6027779409701,1.0,24.314851487575268,1.0,12.07481884671677,1.0,23.62358116
adaptive,2023-24,56,2023-10-07,0,6.647833127964145,4.0,203.52651331297955,1.0,138.93103206434188,1.0,97.8110405545795,1.0,61.99855430286672,1.0,44.546720623325626,1.0,32.83335078717879,0.0,24.767776752373173,0.0,18.10117672450497,0.0,13.333200055736409,0.0,9.003827932696757,0.0,4.444400018578801,0.0,1.1312251014
adaptive,2023-24,56,2023-10-07,1,13.748223736008338,4.0,418.69117689925,1.0,299.36704074607576,1.0,211.10900088249312,1.0,135.53982207971106,1.0,98.98410537127825,1.0,75.23433421755357,1.0,56.66610023687973,0.0,43.074394351953345,0.0,30.92077459255337,0.0,19.99980008360461,0.0,10.039319096164423,0.0,1.1858862424
adaptive,2023-24,56,2023-10-07,3,9.378575788487321,1.0,283.34010619978204,1.0,196.00539946440435,1.0,135.05741899045134,1.0,86.66580036228665,1.0,64.15227402046439,1.0,49.50131335890048,0.0,38.698474625066275,0.0,29.956564664579734,0.0,21.36599644674734,0.0,13.759497143463769,0.0,7.100451316497487,0.0,1.4472198664
adaptive,2023-24,02,2023-10-14,0,3.6411637924676894,21.0,111.84239893919133,1.0,78.41117584949278,1.0,57.48531261649731,1.0,39.753806143244596,1.0,30.032499746743856,1.0,23.80089630929345,1.0,18.681323212206436,1.0,14.45655592842725,1.0,10.356034395428917,1.0,6.366495775873213,0.0,4.008236882118188,0.0,6.7974651878
adaptive,2023-24,02,2023-10-14,1,7.0445186186708275,30.0,237.66794531084855,1.0,159.82909859332173,1.0,114.94748608921272,1.0,74.73428424892226,1.0,54.969437284296745,1.0,41.85885357258307,1.0,32.103706625829645,1.0,24.75864192327699,1.0,17.76818753600826,1.0,11.497062523299464,0.0,5.227469898245374,0.0,12.6547186274
adaptive,2023-24,02,2023-10-14,2,8.995830009676308,33.0,296.83325060154976,1.0,216.91091951950807,1.0,159.4806818395812,1.0,104.82972379634184,1.0,77.63192171541591,1.0,58.5745173939221,1.0,44.512965100151284,1.0,33.51936219329134,1.0,24.739473798126504,1.0,15.567769343505363,0.0,8.244366215908748,0.0,14.2374735947
adaptive,2023-24,02,2023-10-14,3,10.827599566144547,39.0,295.1469802697241,1.0,217.40094348715738,1.0,162.589740008234,1.0,113.13028626285391,1.0,85.08179710684266,1.0,65.23177744108152,1.0,49.69323014788988,1.0,37.29662051145289,1.0,26.244696303856216,0.0,17.540764946923893,0.0,8.284827516343135,0.0,18.2861741183
adaptive,2023-24,06,2023-10-14,0,15.225678388728657,50.0,326.9881623220843,1.0,240.24032925788381,1.0,181.77506409147196,1.0,127.28996694941941,1.0,97.50374713945041,1.0,76.80878725219216,1.0,59.39924927017452,0.0,46.15334889148254,0.0,33.421616146318826,0.0,22.24727580769614,0.0,10.781166498812524,0.0,15.3693258892
adaptive,2023-24,06,2023-10-14,1,17.286713977336348,76.0,784.8904834465458,1.0,505.20709361653167,1.0,357.06513922837513,1.0,231.7026483474892,1.0,168.07158247402015,1.0,126.95958689553524,1.0,97.03049848931269,1.0,72.76402135023437,1.0,52.24486837072127,1.0,33.5528929889218,1.0,16.471227409634054,1.0,27.8272832645
adaptive,2023-24,06,2023-10-14,2,24.814631392617304,97.0,1182.7240121294876,1.0,768.195590009225,1.0,529.3318967051102,1.0,328.86714921393957,1.0,230.7716617590059,1.0,173.46586297850558,1.0,130.3190134527803,1.0,98.10861513919394,1.0,69.42095267142905,1.0,44.32968359298087,1.0,22.59450275259526,0.0,39.0731684588
adaptive,2023-24,06,2023-10-14,3,77.78193917837024,231.0,1290.0615471334781,1.0,839.5440616092129,1.0,596.2622319096791,1.0,385.2869678923517,1.0,271.68539577007556,1.0,198.4281622625683,0.0,147.58736612627632,0.0,108.32188618905494,0.0,76.5462821415689,0.0,48.993541453384,0.0,23.85421903474395,0.0,99.0281349503
adaptive,2023-24,36,2023-10-14,0,6.608945436797074,33.0,118.96754921822713,1.0,82.86195834570597,1.0,59.91238366395229,1.0,42.138118477220566,1.0,31.80575740182158,1.0,25.55086950374436,1.0,19.970377652916156,0.0,14.911135319337317,0.0,10.59768596477438,0.0,7.048515725170859,0.0,3.606973893742243,0.0,11.0543340595
adaptive,2023-24,36,2023-10-14,1,15.893797051466594,47.0,195.5779123924377,1.0,124.5672482061107,1.0,86.35613420922255,1.0,55.0062878603731,1.0,41.20127037817349,0.0,30.868767166634623,0.0,23.722490656500337,0.0,18.37631030252502,0.0,13.156884105297635,0.0,7.988663070214939,0.0,4.2974096477770996,0.0,16.0702772067
adaptive,2023-24,36,2023-10-14,2,22.58218573909936,56.0,279.80773928677365,1.0,175.42689966249407,1.0,113.14920330555964,1.0,67.53079402327482,1.0,48.021362417786044,0.0,35.77769325977639,0.0,26.48757546665154,0.0,20.17388896145637,0.0,14.136420036606864,0.0,8.906030080339267,0.0,4.441767008849647,0.0,21.1788294495
adaptive,2023-24,36,2023-10-14,3,44.27778299923627,88.0,364.90063817213803,1.0,224.6862489094101,1.0,141.2172227301946,1.0,81.05793083946486,0.0,55.25103552499703,0.0,40.3359613470332,0.0,30.52725367002649,0.0,22.050244792918022,0.0,15.716082245820887,0.0,10.49005755659947,0.0,4.500707752107482,0.0,31.8983947561
adaptive,2023-24,42,2023-10-14,0,5.32529196709679,38.0,171.75077876614262,1.0,122.83926748365464,1.0,92.4389614122953,1.0,66.1485575095134,1.0,51.74614347706546,1.0,40.81115952079774,1.0,32.463434893466065,1.0,24.62476398527279,1.0,17.795740282765728,1.0,11.482697250756196,1.0,6.08865760201671,1.0,8.6632759954
adaptive,2023-24,42,2023-10-14,1,10.249054747566156,49.0,434.3648333278659,1.0,259.7827243527131,1.0,173.75540367677564,1.0,111.66849860232882,1.0,81.21345352896641,1.0,61.1309713447678,1.0,46.86980228090269,1.0,35.530885918922806,1.0,25.379204227802006,1.0,16.80039750072376,0.0,8.118210136022284,0.0,12.7573403443
adaptive,2023-24,42,2023-10-14,2,13.597982731577574,30.0,1104.292991008729,1.0,569.5137229143403,1.0,333.58407814002214,1.0,187.82985568720787,1.0,125.92230163408072,1.0,89.33479888186305,1.0,65.95497072565094,1.0,48.7025984802757,1.0,34.51571774981073,1.0,22.32507787406128,1.0,11.151565677970389,1.0,16.0376985275
adaptive,2023-24,42,2023-10-14,3,30.84769163216838,81.0,1924.2245083909675,1.0,1062.5417827429342,1.0,619.2868933324371,1.0,318.47248855532354,1.0,197.88137206554316,1.0,131.97186198457044,1.0,92.34464029725348,1.0,65.1700665181711,0.0,44.83024479959319,0.0,27.91348811088181,0.0,13.207767555407997,0.0,25.0913344199
adaptive,2023-24,56,2023-10-14,0,1.2449831041612236,4.0,71.84990276475222,1.0,41.17862251274031,1.0,27.03435687147558,1.0,16.993024319213223,1.0,11.59420247353585,1.0,9.164278483903814,1.0,6.738320047539324,1.0,5.334425616735421,1.0,3.1607646917820085,1.0,2.3172305889836213,1.0,0.8046083107988493,0.0,1.2512767295
adaptive,2023-24,56,2023-10-14,2,2.685179200602051,1.0,158.7248722309263,1.0,99.36688680231688,1.0,64.11485878483532,1.0,37.43511137521847,1.0,25.489536478819836,1.0,18.34465602504312,1.0,13.130973337573854,1.0,8.984426730052432,1.0,6.187331099240734,1.0,3.743511137521847,0.0,2.276982945894902,0.0,2.829863488
adaptive,2023-24,56,2023-10-14,3,2.834743719926245,5.0,146.0004150232158,1.0,94.33648066555054,1.0,61.413544307901574,1.0,37.43511137521847,1.0,26.204577962652927,1.0,18.53784471186897,1.0,13.476640095078647,1.0,9.7331289575568,1.0,6.1305437818868,1.0,3.870100510257113,0.0,1.5922363303027565,0.0,1.7351655852
adaptive,2023-24,02,2023-10-21,0,4.521100024787644,30.0,149.37363447518698,1.0,104.2085883223466,1.0,77.90071412592917,1.0,54.68371466420169,1.0,41.59927865606438,1.0,33.01658243876328,1.0,25.794205030283813,1.0,19.632063254390722,1.0,14.42261348144503,1.0,9.27168009521466,1.0,4.165029380012108,0.0,10.5616512712
adaptive,2023-24,02,2023-10-21,1,7.683955833567726,33.0,298.7484632990408,1.0,205.3029171983124,1.0,149.6063891756461,1.0,101.06273747138789,1.0,75.31907868842873,1.0,58.243440267440405,1.0,45.20181692073344,1.0,33.96611139378011,1.0,24.014991269062303,1.0,15.47652301817029,1.0,8.020298881304466,1.0,11.9986689142
adaptive,2023-24,02,2023-10-21,2,10.489529627650853,39.0,367.4933757708056,1.0,266.8008624684534,1.0,199.33860013850727,1.0,134.95124267650152,1.0,101.9173828034335,1.0,78.89457264164703,1.0,60.77954965773606,1.0,45.8259015063215,1.0,33.96136682188427,1.0,21.667132225438404,1.0,10.7022523381751,1.0,15.90756563
adaptive,2023-24,02,2023-10-21,3,13.841576593000626,17.0,337.37820764230236,1.0,254.84674569920406,1.0,194.7021189515773,1.0,137.23307838093626,1.0,104.8467346948204,1.0,82.39911894003308,1.0,64.3818963048456,1.0,48.92436134294057,0.0,36.33302687444271,0.0,23.69429357665969,0.0,11.41895130339628,0.0,2.7619369582
adaptive,2023-24,06,2023-10-21,0,16.134785596391406,76.0,189.93967334936545,1.0,137.71189045665727,1.0,103.24410118665496,1.0,73.42518250104668,1.0,56.75963052605469,1.0,44.97292428189108,0.0,35.029248616900794,0.0,27.44024138589875,0.0,19.358268972497804,0.0,12.905512648331872,0.0,6.452756324165932,0.0,16.3225637941
adaptive,2023-24,06,2023-10-21,1,29.312617116583652,97.0,352.6974149301274,1.0,234.17493274010604,1.0,164.24476278772508,1.0,107.19426493179553,1.0,79.77374250543646,1.0,62.132643894444676,0.0,47.726368625680344,0.0,35.67855749720223,0.0,26.2111577745276,0.0,17.06062634889996,0.0,8.29640098821335,0.0,28.1112503544
adaptive,2023-24,06,2023-10-21,2,122.69624374632656,231.0,572.4435595814294,1.0,357.01391970829695,1.0,235.41289382117765,1.0,146.56975079176908,0.0,105.00058664529831,0.0,77.44572335140413,0.0,58.99662924951711,0.0,44.048213408121455,0.0,31.870427561414658,0.0,20.470686419232845,0.0,9.761012205652207,0.0,91.4451463622
adaptive,2023-24,06,2023-10-21,3,229.374243125521,372.0,784.4865585095143,1.0,478.17348593654526,1.0,301.96106303555445,0.0,180.60293154324026,0.0,126.54440112871437,0.0,93.00009456273348,0.0,68.16588953776912,0.0,50.70022826130378,0.0,35.951070948924496,0.0,22.81164611435599,0.0,11.061867984284458,0.0,164.6783653294
adaptive,2023-24,36,2023-10-21,0,7.642798935631279,47.0,209.89004562249883,1.0,145.29724206968606,1.0,107.18824202678466,1.0,72.5942663652003,1.0,54.77857301271094,1.0,43.48311623983305,1.0,34.09367975380549,1.0,25.617514887038254,1.0,18.661978837465817,0.0,11.865833919225736,0.0,6.363382864365818,0.0,14.4625759778
adaptive,2023-24,36,2023-10-21,1,13.080621553262777,56.0,467.7247388008396,1.0,288.46242039198586,1.0,190.71152112284943,1.0,117.30496471687957,1.0,84.19630085424015,1.0,62.67308083354136,1.0,48.02205605904955,1.0,36.19463413699721,1.0,25.834114525333067,0.0,17.620538136975664,0.0,8.427472771186302,0.0,19.8738262564
adaptive,2023-24,36,2023-10-21,2,29.165455381477287,88.0,723.7158541077791,1.0,449.6963912767981,1.0,285.3000443804945,1.0,163.36960513803194,1.0,111.60697650358367,1.0,80.97248941528804,1.0,60.544823497756745,0.0,45.11776520650434,0.0,32.440575862000486,0.0,20.506977063800964,0.0,10.484046067806702,0.0,33.4162583363
adaptive,2023-24,36,2023-10-21,3,49.263490761664876,123.0,810.2866013733267,1.0,525.6731932460568,1.0,339.2057790402485,1.0,199.41451527411286,1.0,134.66728555451576,1.0,93.75563457944757,0.0,67.87608388656867,0.0,49.16557879290113,0.0,34.76332518114348,0.0,22.257248980543558,0.0,10.654274923064214,0.0,47.9134076669
adaptive,2023-24,42,2023-10-21,0,6.4459954557254155,49.0,206.7994226231994,1.0,145.99478613884315,1.0,108.50354788654377,1.0,75.57464677548273,1.0,57.888934068365685,1.0,45.846482644753955,1.0,35.741788607791,1.0,26.72335017521416,1.0,20.1662654164004,1.0,13.18126796662628,1.0,6.432868184972605,0.0,9.0798589897
adaptive,2023-24,42,2023-10-21,1,12.60261099433703,30.0,557.1489842807055,1.0,349.4682074215111,1.0,232.3933156054478,1.0,141.7624926967743,1.0,102.50242249445617,1.0,77.76095751846897,1.0,59.179477784432585,1.0,44.037993452056284,1.0,31.685161830498867,0.0,20.556423211703205,0.0,10.101486262850003,0.0,13.3543262762
adaptive,2023-24,42,2023-10-21,2,24.78918414178122,81.0,1477.8482062369799,1.0,848.6998583445535,1.0,493.38919448211794,1.0,265.66885813517825,1.0,178.20025257343707,1.0,129.31092756705817,1.0,93.22761855359911,1.0,66.89673810953622,1.0,47.11041159987417,0.0,29.928312330283248,0.0,14.997610588867744,0.0,23.4489258744
adaptive,2023-24,42,2023-10-21,3,37.18248362435461,89.0,2798.7833071451264,1.0,1628.169415069705,1.0,951.0684288520829,1.0,485.41997668734996,1.0,302.8831728934133,1.0,202.77959775598012,1.0,142.3151499518398,1.0,97.64301025559021,1.0,66.80837543803541,1.0,41.349238620261204,0.0,20.10871591899697,0.0,27.4539032424
adaptive,2023-24,50,2023-10-21,2,10.160708696804813,2.0,967.454759149761,1.0,605.3432016746303,1.0,376.5837145011688,1.0,180.98968422671103,1.0,100.2479187486649,1.0,59.763182330934846,1.0,36.197936845342205,1.0,22.861854849689816,1.0,13.336081995652393,1.0,7.7264290255817905,1.0,3.8103091416149693,0.0,1.0722385295
adaptive,2023-24,50,2023-10-21,3,12.180140814082298,5.0,944.6438497470347,1.0,621.7352209285062,1.0,397.75607301637353,1.0,209.56700278882332,1.0,125.50555701972951,1.0,81.09589838197907,1.0,52.13307753127226,1.0,34.70120264376862,1.0,21.22898052503826,1.0,13.310381843079423,1.0,5.783533773961436,1.0,2.3275769444
adaptive,2023-24,56,2023-10-21,1,2.0369333771369202,1.0,108.96030574069118,1.0,66.1778030391061,1.0,42.82093137824512,1.0,25.30327763259939,1.0,17.51765374564573,1.0,12.682349227351976,1.0,8.78279337912447,1.0,6.812420901084451,1.0,4.877826625904606,1.0,2.9202951839765507,0.0,1.9416812931149867,0.0,1.8078588339000001
adaptive,2023-24,56,2023-10-21,2,2.581711813319581,5.0,152.73953869920413,1.0,92.67870589218751,1.0,59.509484836036194,1.0,34.050095543965995,1.0,22.438002479161188,1.0,15.571247773907317,1.0,11.678435830430487,1.0,8.755738854162685,1.0,4.880532078400784,1.0,3.888734038242792,0.0,0.9809762301732781,0.0,1.3611199509
adaptive,2023-24,56,2023-10-21,3,4.064136910052954,9.0,160.5823905282829,1.0,100.23990754452835,1.0,66.1544713425625,1.0,39.02261300723685,1.0,26.267216562488052,1.0,17.56017585325658,1.0,12.651638816299695,1.0,8.78008792662829,0.0,5.853391951085527,0.0,2.929401428038942,0.0,1.9440436324267005,0.0,2.630842503
adaptive,2023-24,02,2023-10-28,0,5.755852712733446,33.0,174.68456684514516,1.0,129.39528221399408,1.0,96.30092452300292,1.0,69.11894091574862,1.0,52.93518956049237,1.0,41.720249287621826,1.0,32.57550126799531,1.0,25.15166843009919,1.0,18.323719463247357,1.0,11.620222421905389,1.0,6.107906487749126,0.0,1.7817043478
adaptive,2023-24,02,2023-10-28,1,9.307541146439707,39.0,337.7561765600944,1.0,237.80149928240326,1.0,174.99018556856328,1.0,119.41547150112025,1.0,89.38782029837645,1.0,68.48215175116742,1.0,52.93678874700899,1.0,40.4099753442596,1.0,29.17966261702691,1.0,19.090907522884464,1.0,9.197255180113913,0.0,5.4144401972
adaptive,2023-24,02,2023-10-28,2,19.15679019706201,17.0,396.86351993838883,1.0,290.3489662149522,1.0,220.32760135002718,1.0,151.8248756688329,1.0,114.87180857963496,1.0,88.56464407236224,0.0,68.19539022393064,0.0,51.77012792738432,0.0,36.79496270876237,0.0,24.078281238690252,0.0,12.215812975498238,0.0,7.6940976194
adaptive,2023-24,02,2023-10-28,3,18.609127862395713,14.0,344.0919319513577,1.0,265.2367364911328,1.0,205.93458118829824,1.0,147.7033371507377,1.0,114.01425443798357,1.0,88.76264119472098,0.0,68.97272922909532,0.0,52.501629711699415,0.0,38.021818161365324,0.0,25.06188773767794,0.0,11.803277987852198,0.0,9.3569484084
adaptive,2023-24,06,2023-10-28,0,13.233022799004445,97.0,354.82087392008464,1.0,250.07162740613552,1.0,189.53826261224057,1.0,133.0746619304283,1.0,101.99186526180296,1.0,80.04613585842985,1.0,63.12461702667385,1.0,48.26877748465872,1.0,35.046190372675674,0.0,22.61938120644048,0.0,11.477950020213044,0.0,16.0926934783
adaptive,2023-24,06,2023-10-28,1,80.39451242039286,231.0,851.597998633296,1.0,555.5306552669269,1.0,378.82792556875677,1.0,244.1673004299863,1.0,178.21030650664244,0.0,134.6050502370437,0.0,102.67139472867532,0.0,77.32454264031614,0.0,55.82046701381102,0.0,36.10143006802828,0.0,17.779579993827284,0.0,100.0052012615
adaptive,2023-24,06,2023-10-28,2,160.90053872747546,372.0,1599.432166083885,1.0,973.1568368154,1.0,626.3870385699057,1.0,384.3387501747751,1.0,265.48095840194344,0.0,194.88747622896958,0.0,145.52445337824682,0.0,108.16090510383017,0.0,76.25143923985321,0.0,49.13278116461032,0.0,24.025958290006173,0.0,184.537513549
adaptive,2023-24,06,2023-10-28,3,207.03648721609187,459.0,2089.710552404479,1.0,1279.2837414970757,1.0,824.2717849785412,1.0,511.13575848298274,1.0,350.4231942341642,0.0,255.9807554375175,0.0,185.7341003270836,0.0,134.017859928341,0.0,92.86705016354179,0.0,59.083953600282015,0.0,28.03867356604711,0.0,226.315483118
adaptive,2023-24,36,2023-10-28,0,8.111966641890838,56.0,268.6242453293079,1.0,186.04277217946495,1.0,137.93437019098332,1.0,96.18456604938385,1.0,73.22568844001074,1.0,56.83118653041086,1.0,44.258822920442825,1.0,33.887082662105016,1.0,24.52252020745715,1.0,16.048053800362688,1.0,7.959132724602519,0.0,7.7882978261
adaptive,2023-24,36,2023-10-28,1,20.451473463213304,88.0,650.2211539605071,1.0,413.76384765756166,1.0,285.20264513173237,1.0,175.89694929664557,1.0,126.52626438571401,1.0,96.14260030756344,1.0,72.79545944512243,1.0,54.659750922022184,0.0,39.6699932311052,0.0,25.52896303032682,0.0,13.017483490819863,0.0,24.5568446751
adaptive,2023-24,36,2023-10-28,2,37.007193476386945,123.0,1072.5058492053736,1.0,702.198702681292,1.0,463.50000442139327,1.0,275.40740413691253,1.0,189.5121062119074,1.0,138.17836045641303,1.0,102.55441114160539,1.0,75.00501836984141,0.0,52.69300365436454,0.0,33.187216888056135,0.0,16.381834172077795,0.0,42.6278495213
adaptive,2023-24,36,2023-10-28,3,62.67878938233996,176.0,1335.9482453043352,1.0,888.1271587801554,1.0,607.739669813347,1.0,354.5904604268523,1.0,246.1201442374251,1.0,178.19764818552645,1.0,130.06181604059665,0.0,95.09151119920487,0.0,65.23018310203183,0.0,40.430986438863414,0.0,19.74453232004592,0.0,69.5909270817
adaptive,2023-24,42,2023-10-28,0,14.151384977671714,30.0,253.12508771449274,1.0,175.89016307310533,1.0,131.24698091551383,1.0,91.67279156167444,1.0,70.37801188255375,1.0,55.63532182886885,0.0,43.09685432141591,0.0,32.93391834159981,0.0,24.03719067005308,0.0,15.81804304046689,0.0,8.306312932212997,0.0,12.0934652174
adaptive,2023-24,42,2023-10-28,1,16.79352863968697,81.0,777.8533202573832,1.0,453.7359985778825,1.0,296.02190105171724,1.0,184.1752340199636,1.0,132.64946794179195,1.0,100.2172102839132,1.0,76.11477164024801,1.0,56.68504488224373,1.0,40.99165965213445,1.0,26.31791664828797,0.0,13.100502774670936,0.0,18.1484032422
adaptive,2023-24,42,2023-10-28,2,27.185120775721906,89.0,1955.6390377916696,1.0,1063.3754394961013,1.0,633.2088968270002,1.0,350.0520183861467,1.0,236.86154537505732,1.0,170.83376945192188,1.0,123.86732029823631,1.0,91.1487872627433,1.0,64.58939296055424,1.0,40.94316285219499,1.0,19.944738014122798,0.0,22.8231508962
adaptive,2023-24,42,2023-10-28,3,46.43843069235102,118.0,3129.2905482076753,1.0,1919.0581539958184,1.0,1188.5338794483896,1.0,631.9801409785822,1.0,401.42069253587357,1.0,272.49558317484474,1.0,193.8910880282549,1.0,138.5738328309684,1.0,95.5913225805952,1.0,61.31556599007197,0.0,29.29771413895253,0.0,36.926187102
adaptive,2023-24,02,2023-11-04,0,5.0568753178313255,39.0,149.50732396892116,1.0,109.72140319305237,1.0,83.91053223883773,1.0,60.45323594169871,1.0,46.558988230970215,1.0,36.534502204973535,1.0,29.028143713898242,1.0,22.0814799432566,1.0,16.1908280196057,1.0,10.539345385367284,1.0,5.453310579082519,0.0,4.5521043478
adaptive,2023-24,02,2023-11-04,1,12.709514544228524,17.0,270.5082963562308,1.0,188.6146912425243,1.0,138.94551718380364,1.0,96.12391855483935,1.0,72.48696498819562,1.0,56.191697244513904,0.0,43.8104758177566,0.0,33.3340576874235,0.0,24.249780317398248,0.0,16.013487573600266,0.0,7.6192131856968,0.0,9.7913622567
adaptive,2023-24,02,2023-11-04,2,15.066269048204928,14.0,336.7406616444689,1.0,241.8982112988008,1.0,179.02290656613198,1.0,121.01314583374777,1.0,91.02161923726291,1.0,69.62976004355933,0.0,53.88756393836005,0.0,40.9532708731203,0.0,29.5244510945751,0.0,19.048032964241994,0.0,9.524016482120999,0.0,11.3141785455
adaptive,2023-24,02,2023-11-04,3,13.508848201156297,15.0,330.48406017207685,1.0,245.7326802042313,1.0,185.35459200273024,1.0,128.59972160567082,1.0,96.82183901976394,1.0,74.80218791991439,1.0,58.01069064770966,1.0,43.38618943869771,0.0,31.890262494876914,0.0,20.49077994017548,0.0,9.960915489009366,0.0,10.0402851237
adaptive,2023-24,06,2023-11-04,0,60.713236984459904,231.0,573.5632551605992,1.0,395.0246036865311,1.0,292.31378223718355,1.0,203.94083450632306,1.0,155.5767279445775,0.0,122.03325307968117,0.0,95.77571274534522,0.0,73.74531987652146,0.0,53.790729616716874,0.0,34.78743088684834,0.0,16.846969904828867,0.0,92.8075065217
adaptive,2023-24,06,2023-11-04,1,121.10453147679873,372.0,1565.838687228166,1.0,1017.6890438036728,1.0,697.1982102233949,1.0,436.2961869171258,1.0,318.45842046940606,1.0,240.55397261825524,0.0,184.1564667890176,0.0,138.7772414652736,0.0,101.01241432351854,0.0,64.88943314586103,0.0,32.30033279991464,0.0,183.3286102531
adaptive,2023-24,06,2023-11-04,2,149.93175927856976,459.0,3234.0014206938986,1.0,2038.8899554858203,1.0,1348.5931734242045,1.0,800.0755810112471,1.0,565.3401260543541,1.0,422.41475562313815,1.0,310.7616211418116,0.0,231.02166461061987,0.0,161.50339550440674,0.0,103.92683723431077,0.0,50.8719521516623,0.0,226.1240456015
adaptive,2023-24,06,2023-11-04,3,249.07629336030308,683.0,4442.624824339105,1.0,2897.7315333112597,1.0,1945.0276179498726,1.0,1193.4767795417492,1.0,838.5469318023311,1.0,612.4272546559968,0.0,455.00726931112536,0.0,338.27166629207034,0.0,236.382610180001,0.0,151.48955355539505,0.0,73.13346585133476,0.0,365.6130386465
adaptive,2023-24,36,2023-11-04,0,14.055022957333561,88.0,336.4287292381681,1.0,236.03300657365935,1.0,176.06253869755844,1.0,122.04128252996232,1.0,93.78387393761047,1.0,72.87413024965598,1.0,57.06721173055029,1.0,44.074423580573495,1.0,32.86034019201795,0.0,20.96375667973185,0.0,10.883072764810457,0.0,19.2553456522
adaptive,2023-24,36,2023-11-04,1,28.896465848784008,123.0,870.9962234909134,1.0,568.0192661588146,1.0,392.32237646324234,1.0,245.57600535301816,1.0,179.64572287733046,1.0,135.76558909947062,1.0,103.99633213063072,1.0,77.79288310110923,0.0,54.905166626453145,0.0,34.99876562088534,0.0,17.862558186819214,0.0,38.4664559757
adaptive,2023-24,36,2023-11-04,2,52.244453950855565,176.0,1501.4675782148342,1.0,1026.9802058433067,1.0,679.8192763616833,1.0,416.25592968852726,1.0,295.02505112081036,1.0,219.62080589620248,1.0,162.7190516412773,1.0,119.79306547764506,0.0,83.85524720918056,0.0,54.81065434512199,0.0,26.84034365540991,0.0,67.4360662738
adaptive,2023-24,36,2023-11-04,3,125.66421092627874,338.0,1909.934326509902,1.0,1265.9817037129417,1.0,882.4763329481152,1.0,565.9986100837853,1.0,399.3105561749136,1.0,295.0267534014373,0.0,223.5666378934873,0.0,165.71377563620405,0.0,117.79651079599245,0.0,75.86900567323357,0.0,37.816318925456,0.0,169.8392169601
adaptive,2023-24,42,2023-11-04,0,25.924808875527734,81.0,151.7847715791184,1.0,110.19300020527342,1.0,82.39702553911738,1.0,59.03844874746703,0.0,46.07889467894114,0.0,36.095159095034255,0.0,28.409887565275884,0.0,21.357061262757718,0.0,15.9176072064204,0.0,10.241412157366334,0.0,5.1638357104679,0.0,26.893126087
adaptive,2023-24,42,2023-11-04,1,28.726822039898668,89.0,357.2062716076554,1.0,223.91857888337717,1.0,148.2986195663546,1.0,96.5825412395827,1.0,70.4634358526911,0.0,54.51257624914691,0.0,42.34670574236156,0.0,32.1335810363648,0.0,22.91614579592696,0.0,14.808270397962769,0.0,7.093173223327273,0.0,28.8000314299
adaptive,2023-24,42,2023-11-04,2,44.64926586741835,118.0,926.996240930869,1.0,482.87444940662897,1.0,283.1541066820424,1.0,159.34530832677459,1.0,109.09205189118518,1.0,79.57801952956659,0.0,59.15856894904661,0.0,43.49929429401564,0.0,31.513456657850348,0.0,20.391060190373757,0.0,9.72012523808868,0.0,44.7163495288
adaptive,2023-24,42,2023-11-04,3,100.42918837986593,211.0,1798.1871341671354,1.0,990.3284020519244,1.0,525.6935991276783,1.0,267.79033300213143,1.0,165.90908063985918,0.0,114.35118224574843,0.0,82.21962298748032,0.0,58.41687195775889,0.0,41.51025402201371,0.0,26.914211079244886,0.0,13.547552488317535,0.0,102.8980366743
adaptive,2023-24,02,2023-11-11,0,14.638497881672208,17.0,160.10539787473593,1.0,120.07754352262705,1.0,93.78146223313652,1.0,67.43964993611314,0.0,52.54880268399661,0.0,41.67748875079603,0.0,32.54319877991649,0.0,24.69688173730343,0.0,18.622915709394263,0.0,12.067906013478513,0.0,5.540151505118871,0.0,16.943373913
adaptive,2023-24,02,2023-11-11,1,17.387694318104046,14.0,293.36384935479583,1.0,206.40280143251366,1.0,149.12470678090173,1.0,102.18094029697309,1.0,76.97424497804688,0.0,60.12481883513152,0.0,47.263072816892475,0.0,35.563509701716946,0.0,26.05273978877961,0.0,16.903628832133506,0.0,8.645555570773205,0.0,17.9194568164
adaptive,2023-24,02,2023-11-11,2,16.53094292809144,15.0,353.99241861814954,1.0,257.02896419487325,1.0,190.6211919823,1.0,129.2831434808259,1.0,97.7157257820761,1.0,74.6845823337091,0.0,58.15552413442766,0.0,43.90550886072273,0.0,31.81859544872189,0.0,19.98869173438002,0.0,9.878752694921374,0.0,15.9698794995
adaptive,2023-24,02,2023-11-11,3,15.555476499243536,14.0,365.1819852077826,1.0,265.9556382190222,1.0,200.44976364636244,1.0,138.95608374134113,1.0,102.2535384679346,1.0,78.97222497323668,1.0,61.5239119654608,0.0,46.43013766613045,0.0,33.80725766426701,0.0,22.546823564747765,0.0,10.915532768065624,0.0,16.0487741745
adaptive,2023-24,06,2023-11-11,0,59.92163620604017,372.0,1924.373971961786,1.0,1380.4412663516646,1.0,1021.6882078138913,1.0,716.9189180259657,1.0,546.9451108920199,1.0,431.8808197068184,1.0,337.3397447461219,1.0,257.8804252338297,1.0,189.57785250102222,1.0,123.52710991265258,1.0,61.0396444030888,0.0,102.1560152174
adaptive,2023-24,06,2023-11-11,1,222.5981954770059,459.0,7500.716685883579,1.0,5086.259196232029,1.0,3523.9373088755037,1.0,2287.909221789047,1.0,1677.8729474228403,1.0,1279.1057404379317,1.0,973.2115738993132,1.0,720.3153934756549,0.0,518.9295317739757,0.0,333.34318097440325,0.0,164.81262327922127,0.0,153.6731659611
adaptive,2023-24,06,2023-11-11,2,435.2091658027362,683.0,12400.000243636077,1.0,9300.248558081192,1.0,6856.412233998827,1.0,4651.0436568588675,1.0,3450.4242905457445,1.0,2644.4491100746704,1.0,2006.6105641655568,1.0,1510.3571906755708,0.0,1084.197777905058,0.0,703.0707063184822,0.0,346.20634871327934,0.0,292.6834734701
adaptive,2023-24,06,2023-11-11,3,581.508550062359,868.0,12459.579815689747,1.0,9640.788325124582,1.0,7606.989419000174,1.0,5621.546248527137,1.0,4401.268447243323,1.0,3488.1228798598913,1.0,2744.6707812939926,1.0,2109.846514083842,0.0,1554.2656613461847,0.0,1022.0216395311897,0.0,513.4791024325457,0.0,411.6111469138
adaptive,2023-24,36,2023-11-11,0,18.021024050689423,123.0,607.6351827826675,1.0,428.9760738395991,1.0,321.0441888240457,1.0,225.66349207260907,1.0,172.20914502695445,1.0,135.3774648978361,1.0,105.14465543487194,1.0,80.20682603653718,1.0,58.14992743196662,1.0,38.23925990238335,1.0,18.561464733444197,1.0,22.0502195652
adaptive,2023-24,36,2023-11-11,1,40.54038478215605,176.0,1753.6063165137566,1.0,1189.996127910811,1.0,799.0632638745527,1.0,519.6471239470171,1.0,379.2728548456137,1.0,289.84301734096573,1.0,223.01599471037446,1.0,167.6948886044159,1.0,120.47393628675344,1.0,76.88786549805656,1.0,38.15412195207975,0.0,53.5745064705
adaptive,2023-24,36,2023-11-11,2,91.54689461802859,338.0,3086.9730561899323,1.0,2117.9831552443247,1.0,1493.1844339753497,1.0,957.680827747596,1.0,677.9494192030977,1.0,502.31067411088105,1.0,378.1360845856481,1.0,279.8677900834384,1.0,198.04138874408488,0.0,127.5142890883254,0.0,62.75092400505366,0.0,158.376386229
adaptive,2023-24,36,2023-11-11,3,145.20894277512062,501.0,3787.6569700983073,1.0,2572.7798219586793,1.0,1880.8451257504807,1.0,1251.7785511884838,1.0,908.0838469066858,1.0,683.7153550529943,1.0,520.8167231841861,1.0,385.47326642706497,0.0,275.0880073553559,0.0,177.85073486514767,0.0,86.82651184411685,0.0,272.9631627349
adaptive,2023-24,42,2023-11-11,0,21.317564036939626,89.0,613.2404625675489,1.0,429.7345788141452,1.0,314.57673404420376,1.0,214.6632391138945,1.0,165.88973471029544,1.0,129.18388111795213,1.0,100.87889272923371,1.0,76.55767272125665,1.0,56.1548468723348,0.0,37.16186970347145,0.0,18.192468408293465,0.0,5.9801782609
adaptive,2023-24,42,2023-11-11,1,51.30156168568887,118.0,2479.766260844856,1.0,1521.8582263426729,1.0,1018.2353531822686,1.0,612.9892607210652,1.0,436.14805322371694,1.0,325.31301172863414,1.0,244.3510957219217,1.0,180.20196971429684,1.0,125.95654085701061,0.0,81.49165561255518,0.0,39.82339166149896,0.0,21.4357617175
adaptive,2023-24,42,2023-11-11,2,95.3820432310152,211.0,5019.521183726253,1.0,3417.5164973029478,1.0,2333.435952732499,1.0,1370.3222088864156,1.0,935.9618672768478,1.0,676.437441341858,1.0,497.4833974572706,1.0,360.1376806351562,1.0,249.95547865132357,1.0,159.42255944010267,1.0,77.34048442574587,1.0,79.1839417507
adaptive,2023-24,42,2023-11-11,3,147.74241896647942,267.0,5655.988087415799,1.0,4310.690468155416,1.0,3145.2278031702263,1.0,2109.8342480144925,1.0,1525.9633426376263,1.0,1118.8047371735945,1.0,826.343679552528,1.0,597.1921521856208,1.0,411.98338303098365,1.0,257.41719632090167,1.0,124.65584531045334,1.0,114.4156240298
adaptive,2023-24,50,2023-11-11,0,1.8445646019090045,5.0,117.9978052224948,1.0,60.426224727369764,1.0,34.70523683014553,1.0,18.152368655070376,1.0,12.440693326223187,1.0,9.076184327535188,1.0,7.108967614984678,1.0,5.4457105965211134,1.0,5.205785524521829,1.0,1.8192219659850626,0.0,1.6932817792683834,0.0,1.828776087
adaptive,2023-24,50,2023-11-11,1,3.7289363245767664,3.0,467.42568145045806,1.0,239.46613412800414,1.0,127.9614170697242,1.0,56.871740919877425,1.0,31.99035426743105,1.0,20.823142098087317,1.0,14.217935229969356,1.0,10.411571049043658,1.0,5.525685620520874,1.0,3.668468692774944,1.0,1.8152368655070377,1.0,0.7249638457
adaptive,2023-24,50,2023-11-11,2,7.091316063734702,3.0,678.9064072310367,1.0,414.11311898654066,1.0,255.9483980364923,1.0,125.2513437199856,1.0,68.97900088926743,1.0,41.75044790666187,1.0,27.228552982605564,1.0,17.772419037461695,1.0,10.70543148471591,1.0,7.07097265322381,1.0,1.9751869135065605,0.0,0.9236994514
adaptive,2023-24,50,2023-11-11,3,9.324191941791225,8.0,670.0354590618136,1.0,432.0668902537562,1.0,288.0534656902079,1.0,157.92560729911227,1.0,98.90992496591475,1.0,62.46942629426195,1.0,41.64628419617463,1.0,27.228552982605564,1.0,16.375126751324206,1.0,10.62545646071615,1.0,5.1218254000440435,1.0,3.0442101433
adaptive,2023-24,56,2023-11-11,0,2.7624008414161874,9.0,132.6446973895192,1.0,78.70723161238466,1.0,50.62343781385449,1.0,30.680871402336052,1.0,21.86311989232907,1.0,14.856672538415099,1.0,11.813949591804407,1.0,7.823222338507076,1.0,5.932441405298315,0.0,4.347464616389289,0.0,1.6868432264934743,0.0,2.4597326087
adaptive,2023-24,56,2023-11-11,1,10.127977896698223,23.0,418.2378914888614,1.0,257.98672438950774,1.0,154.2434765377562,1.0,77.1217382688781,1.0,44.493310539737365,1.0,29.14682783221925,1.0,18.94803724001853,0.0,13.297059943128987,0.0,7.823222338507076,0.0,5.77902725428247,0.0,1.7635503020013967,0.0,12.962416378
adaptive,2023-24,56,2023-11-11,2,9.160846767636436,18.0,459.7723974121626,1.0,312.9448883038277,1.0,212.80103361866963,1.0,114.19949705199258,1.0,66.73996580960605,1.0,40.8111571323476,1.0,26.69598632384242,1.0,16.314213864570366,0.0,10.73830499081762,0.0,5.98357945563693,0.0,3.0680871402336054,0.0,8.3066286496
adaptive,2023-24,56,2023-11-11,3,16.917447505134884,37.0,364.3899296876874,1.0,253.61187809336585,1.0,170.55769040232659,1.0,97.8852831874222,1.0,61.361742804672105,1.0,40.8111571323476,1.0,26.69598632384242,0.0,16.95098151524636,0.0,10.789238209609843,0.0,7.364618537830671,0.0,2.966220702649158,0.0,22.4627841473
adaptive,2023-24,02,2023-11-18,0,1.9486412351073796,14.0,52.391637157973605,1.0,39.269740842240694,1.0,30.545229655603006,1.0,21.954148498877338,1.0,16.733373110375037,1.0,13.450083731801696,1.0,10.598554447733886,1.0,8.327435637505197,1.0,5.900853046487576,1.0,4.187376665611678,1.0,2.0897443993082696,0.0,1.7428652174
adaptive,2023-24,02,2023-11-18,1,3.3426666070791273,15.0,70.07123546698985,1.0,48.52263517901012,1.0,34.843447215681074,1.0,24.6290486533747,1.0,18.168950481829523,1.0,14.148246958687777,1.0,11.149526733311264,1.0,8.560631308688595,0.0,6.056316827276507,0.0,3.966572427968237,0.0,2.0140001771037017,0.0,1.6744189717
adaptive,2023-24,02,2023-11-18,2,3.96577159515235,14.0,94.71615112303317,1.0,59.8061286693555,1.0,39.37587210671787,1.0,26.13017254512808,1.0,18.925990085239086,1.0,14.197310605790676,1.0,11.316728105946217,0.0,8.469944103228386,0.0,5.991540251947784,0.0,3.8499745923765385,0.0,2.0823043105626766,0.0,2.2887101882
adaptive,2023-24,02,2023-11-18,3,2.032109432892716,4.0,118.09817813189188,1.0,71.60952741820361,1.0,46.32806618731695,1.0,27.719817065111076,1.0,19.262828276948436,1.0,14.629903451030847,1.0,10.598554447733887,1.0,7.599834222357373,1.0,5.90951085845289,1.0,3.733376756784839,1.0,1.5399898369506149,1.0,7.270314641
adaptive,2023-24,06,2023-11-18,0,111.52739587777093,459.0,2305.7098923311546,1.0,1701.014395707767,1.0,1317.7897898391493,1.0,959.3703749364322,1.0,745.7042763337927,1.0,588.4294938850705,1.0,463.10735269323783,1.0,354.9506461194455,0.0,261.6717095684877,0.0,171.8794119154495,0.0,85.31687642173256,0.0,66.6899586957
adaptive,2023-24,06,2023-11-18,1,288.4695394198192,683.0,7237.606315423237,1.0,5290.008512943696,1.0,3888.0974158291115,1.0,2695.7485450689187,1.0,2048.2108910089455,1.0,1607.03345789904,1.0,1245.569778625213,1.0,944.1368959588326,0.0,681.0981733132169,0.0,440.71665521257887,0.0,218.0779623847975,0.0,220.3905277106
adaptive,2023-24,06,2023-11-18,2,586.3787291445971,868.0,12973.359461408441,1.0,9818.567643557919,1.0,7459.854483255433,1.0,5330.213871646035,1.0,4028.470360806037,1.0,3166.8241567524897,1.0,2459.965520498457,0.0,1870.1956392866891,0.0,1362.2928600053342,0.0,892.961516524198,0.0,433.5411332239062,0.0,331.8700375272
adaptive,2023-24,06,2023-11-18,3,764.7718784956297,1077.0,13983.576237571831,1.0,11000.456578178395,1.0,8822.779043254897,1.0,6588.1032635777665,1.0,5173.737949344027,1.0,4129.749903441871,1.0,3265.011618338747,1.0,2499.7719049089255,0.0,1829.7791108484714,0.0,1219.5977036390045,0.0,593.0869506516733,0.0,470.3673911212
adaptive,2023-24,36,2023-11-18,0,23.227095185346265,176.0,722.7651242716756,1.0,517.7485972920317,1.0,383.0997573882596,1.0,268.31902888394023,1.0,208.33517734258447,1.0,164.94831836635237,1.0,128.35816613524162,1.0,98.24334139529549,1.0,71.75989155072907,1.0,47.39378441916614,1.0,23.0252848071907,0.0,38.8503108696
adaptive,2023-24,36,2023-11-18,1,73.89286750753699,338.0,1896.2400740352,1.0,1266.829129481946,1.0,898.9624228126867,1.0,595.2856042756869,1.0,442.25309744711353,1.0,340.85670584289045,1.0,262.8215304544516,1.0,198.23140781649101,0.0,143.77761874173493,0.0,92.7799568958136,0.0,45.41904340170089,0.0,148.6303885428
adaptive,2023-24,36,2023-11-18,2,130.53438237530597,501.0,3217.354496522402,1.0,2164.1237319453044,1.0,1542.9070677976656,1.0,1032.9645097930604,1.0,753.8737529642958,1.0,573.369044460272,1.0,440.367246894752,1.0,327.32538474589546,0.0,234.2701282894403,0.0,151.08163313587298,0.0,73.9516953709954,0.0,265.3385275979
adaptive,2023-24,36,2023-11-18,3,221.1643068053732,743.0,3767.770147659748,1.0,2719.687076131818,1.0,2012.0221471596703,1.0,1334.9578406182059,1.0,992.091938934664,1.0,760.3740308513052,1.0,582.1700277246177,0.0,436.7310196973426,0.0,312.8735807728515,0.0,203.39832479892135,0.0,99.7990712179074,0.0,472.5759380273
adaptive,2023-24,42,2023-11-18,0,14.448724985750529,118.0,444.01620266225547,1.0,326.33883187635456,1.0,249.7841880257679,1.0,178.6449891886898,1.0,140.40073372313506,1.0,110.07022780139911,1.0,86.43931467735578,1.0,66.04352132651903,1.0,48.13404951696879,1.0,31.66907151818009,1.0,15.539652076828006,1.0,18.195926087
adaptive,2023-24,42,2023-11-18,1,40.25350771372745,211.0,1350.9533109031058,1.0,871.0989105723193,1.0,605.4992126828125,1.0,396.14923664300994,1.0,294.30422983213447,1.0,227.18573546554472,1.0,174.8620508629234,1.0,132.97837701051856,1.0,96.70359618491936,0.0,62.63034161802388,0.0,31.20016304958557,0.0,80.806833557
adaptive,2023-24,42,2023-11-18,2,66.35066588349137,267.0,2800.382817002378,1.0,1909.326790214391,1.0,1281.539659112504,1.0,795.7854461083263,1.0,569.6446934467958,1.0,425.40436879042727,1.0,320.77667635355164,1.0,235.84959825872232,1.0,167.70087639152243,1.0,109.4183884677432,0.0,52.65027514617566,0.0,115.6568579042
adaptive,2023-24,42,2023-11-18,3,111.14226354815442,390.0,3833.445348224066,1.0,2768.2611672438757,1.0,2009.7696359105842,1.0,1304.0805970952813,1.0,938.7211041387454,1.0,694.0707397379733,1.0,510.20038080373763,1.0,378.31446799145334,1.0,271.46770085289666,1.0,172.71323095092643,0.0,84.71332508884717,0.0,202.004225481
adaptive,2023-24,50,2023-11-18,0,4.489030274881553,3.0,187.41419601981215,1.0,112.92882106784064,1.0,73.99522682462461,1.0,43.547999087018795,1.0,30.034260922298042,1.0,22.76227161390954,1.0,16.794297503244437,0.0,12.129851230717403,0.0,9.48343012106142,0.0,5.930397511008726,0.0,3.412811249564836,0.0,1.1849804348
adaptive,2023-24,50,2023-11-18,1,11.554134547859906,3.0,535.2321406981181,1.0,337.49699292439567,1.0,229.3852031563363,1.0,130.74848786260782,1.0,86.49867145621837,1.0,61.71788731985244,0.0,44.52466946884872,0.0,32.43700179608189,0.0,22.634738239835585,0.0,14.350075607389813,0.0,7.125260577209971,0.0,1.2154548113
adaptive,2023-24,50,2023-11-18,2,15.649400664214214,8.0,621.77406595811,1.0,427.0292131598559,1.0,304.85159847720223,1.0,194.62201077649132,1.0,140.29774325240066,1.0,103.59331755447447,1.0,74.99933176097682,1.0,54.45446639916898,1.0,38.41956430555737,0.0,24.027408737838435,0.0,11.56733755966038,0.0,1.7233287990000001
adaptive,2023-24,50,2023-11-18,3,15.584642170018256,8.0,515.3198101065404,1.0,363.809865221071,1.0,268.561160857925,1.0,181.2883057203303,1.0,131.85366390236246,1.0,99.6971538532012,1.0,75.35601397910898,1.0,56.9209739599898,1.0,40.697374753543535,0.0,25.502553920397503,0.0,12.229405683687272,0.0,1.8184084292
adaptive,2023-24,56,2023-11-18,0,6.620228041507602,23.0,135.04777720232292,1.0,89.3551913488128,1.0,60.85092630941885,1.0,38.727642592188566,1.0,28.610448141250338,1.0,21.74394058735026,1.0,16.534568497682947,0.0,12.169550803908539,0.0,8.825204083833363,0.0,5.515752552395852,0.0,2.6189751726667723,0.0,11.7311108696
adaptive,2023-24,56,2023-11-18,1,6.331244197423174,18.0,311.10182045259717,1.0,201.4175549144024,1.0,133.4812117679796,1.0,81.62996548558246,1.0,56.15901318719235,1.0,40.857753362557524,1.0,29.756430233709615,1.0,21.97407550592767,1.0,16.02185095910019,1.0,9.928354594312534,0.0,5.185613231029107,0.0,6.5668877134
adaptive,2023-24,56,2023-11-18,2,13.077886820165512,37.0,345.62086177595216,1.0,230.0301815411089,1.0,163.65176336795193,1.0,102.8989797205908,1.0,70.99200651559553,1.0,51.848073992521,1.0,38.91020947210046,1.0,28.650107433354293,0.0,19.856709188625064,0.0,12.58859718215015,0.0,6.59352474386581,0.0,21.075016869
adaptive,2023-24,56,2023-11-18,3,12.17094555953869,34.0,304.2410778056585,1.0,202.5619728400524,1.0,143.07010698905347,1.0,92.6978519776511,1.0,66.18903062875022,1.0,48.67820321563416,1.0,35.5594905254921,1.0,25.454941277800856,0.0,18.47575647108359,0.0,12.118794165890115,0.0,5.5316140017766084,0.0,17.6644850412
adaptive,2023-24,02,2023-11-25,0,2.964133949020153,15.0,44.74850807856491,1.0,32.37487394605469,1.0,25.676604756462275,1.0,18.93308490845332,1.0,14.493229841680254,1.0,11.424428442215024,1.0,8.797995699909112,0.0,6.644439832066331,0.0,5.5761667143866855,0.0,3.01208292242217,0.0,1.1193020151301258,0.0,0.9500217391
adaptive,2023-24,02,2023-11-25,1,3.7974554802726432,14.0,73.43236453117996,1.0,45.6977137688601,1.0,30.93589996140137,1.0,20.86551555401069,1.0,15.232571256286699,1.0,11.432918481883211,1.0,9.441028005501419,0.0,6.664249924625431,0.0,4.746028451475951,0.0,3.7117745987632924,0.0,1.8814313012540085,0.0,1.3844841271
adaptive,2023-24,02,2023-11-25,2,1.7139784179719435,4.0,119.01990953701487,1.0,65.69076800289172,1.0,39.62741877184944,1.0,22.84885688443005,1.0,15.473624783719703,1.0,12.322664341353978,1.0,8.573981358106726,1.0,6.763507259450785,1.0,4.746028451475951,1.0,2.8986459683360506,1.0,1.0229337998217432,1.0,5.6446952697
adaptive,2023-24,02,2023-11-25,3,2.041472097631816,5.0,169.9092793453009,1.0,92.07981474069796,1.0,50.243196784491545,1.0,25.704963994983807,1.0,17.08570242531342,1.0,11.427258455437753,1.0,8.540021199433983,1.0,6.627430199582837,1.0,3.8988805560817212,1.0,2.8561071105537565,0.0,0.9605257431861047,0.0,4.9606759415
adaptive,2023-24,06,2023-11-25,0,84.31051731960758,683.0,1863.6753197598614,1.0,1380.8793860425228,1.0,1067.4291779788819,1.0,776.1055583637083,1.0,604.3786651086696,1.0,478.0869650405077,1.0,376.34947273240687,1.0,291.8515757332828,1.0,212.68859179751797,0.0,139.10777479271303,0.0,69.16125194311712,0.0,195.1717437045
adaptive,2023-24,06,2023-11-25,1,142.28243442606723,868.0,4382.39314727334,1.0,3077.1136045410517,1.0,2302.99964151158,1.0,1590.303199976328,1.0,1221.7229374569201,1.0,961.998563720962,1.0,749.7563623871074,1.0,575.7521269101311,1.0,417.05458652469815,1.0,271.8715042976968,0.0,136.09934725634457,0.0,314.758309526
adaptive,2023-24,06,2023-11-25,2,227.83897824934937,1077.0,7495.360644700192,1.0,5377.164859852555,1.0,4018.580851120834,1.0,2714.372430859088,1.0,2042.1021339570277,1.0,1593.2051592189732,1.0,1245.0361775558213,1.0,953.795814779937,1.0,687.0766248067645,1.0,453.55408534409344,1.0,222.7857722079964,0.0,448.6521447911
adaptive,2023-24,06,2023-11-25,3,424.32358559305555,1763.0,9238.27788178808,1.0,6972.620033692208,1.0,5311.982093119304,1.0,3686.266431052232,1.0,2799.1123559739,1.0,2173.9366702368457,1.0,1682.0561790901845,1.0,1290.9272789101524,1.0,937.3141788207106,0.0,616.9568732996026,0.0,301.74492573461043,0.0,1058.5217703329
adaptive,2023-24,36,2023-11-25,0,62.083950309229394,338.0,915.053144723691,1.0,652.5623610252339,1.0,496.4559068058772,1.0,354.91371754951797,1.0,274.01766605087005,1.0,216.38972612205293,1.0,170.1010203901583,0.0,131.01171315431816,0.0,94.91425423034553,0.0,62.16978825035423,0.0,31.14362853892797,0.0,126.6327780346
adaptive,2023-24,36,2023-11-25,1,110.55977506972124,501.0,2326.995190919666,1.0,1567.3957417458644,1.0,1144.546218546831,1.0,764.273863910846,1.0,577.3431863683206,1.0,448.6893521472206,1.0,343.54718867067163,1.0,260.38646900319793,0.0,186.9866548759027,0.0,122.3666022388797,0.0,60.68783878872773,0.0,245.1071609747
adaptive,2023-24,36,2023-11-25,2,193.14724377794434,743.0,4067.3313347732064,1.0,2798.119240635889,1.0,2028.3146300069996,1.0,1329.8589065142796,1.0,973.1607567656655,1.0,741.3264489972762,1.0,569.2209369471497,1.0,427.6302411990042,0.0,309.56379573824245,0.0,203.12638015338825,0.0,101.05897898254096,0.0,448.6224517965
adaptive,2023-24,36,2023-11-25,3,255.72073499566815,938.0,4643.020038437874,1.0,3480.3926662129247,1.0,2622.215383675155,1.0,1758.365195648263,1.0,1311.349823067415,1.0,1017.6496794472818,1.0,786.3234900162374,1.0,594.9803010799502,0.0,432.2427386626112,0.0,274.9398746883274,0.0,137.0508461702035,0.0,623.6061364084
adaptive,2023-24,42,2023-11-25,0,26.158998140444876,211.0,514.3107015608161,1.0,389.9761465210381,1.0,301.13589474065355,1.0,219.22661836257183,1.0,172.12558980435472,1.0,135.9677019284316,1.0,108.12749950011695,1.0,83.21136519686266,1.0,60.65447284067392,0.0,39.73260683300546,0.0,19.264100810859645,0.0,60.7173029215
adaptive,2023-24,42,2023-11-25,1,41.90930592454449,267.0,1336.998581696578,1.0,935.315707048196,1.0,686.5661876937762,1.0,468.3734130897004,1.0,354.1993507180446,1.0,276.33063734633,1.0,216.09502964438968,1.0,163.2070809791143,1.0,118.8166224943256,1.0,77.97423811676268,0.0,37.59254429324244,0.0,95.939975901
adaptive,2023-24,42,2023-11-25,2,79.84364458336576,390.0,2691.6938877002526,1.0,1808.873770709302,1.0,1291.6924144256427,1.0,858.5660199732213,1.0,631.6024471212419,1.0,484.9065753802854,1.0,371.5881386687632,1.0,281.71558578696875,1.0,199.26458759063132,1.0,128.48464842267884,0.0,61.31068282933845,0.0,183.4636933949
adaptive,2023-24,42,2023-11-25,3,183.21159898676657,702.0,3585.211416302046,1.0,2596.783701968762,1.0,1889.5751429369889,1.0,1280.2519681493206,1.0,947.5742821172565,1.0,720.5447643164733,1.0,550.8100338349832,1.0,419.83022055029255,0.0,300.0856521461901,0.0,193.9081271886579,0.0,92.48049291079201,0.0,454.0653256179
adaptive,2023-24,50,2023-11-25,0,1.0785104047050882,3.0,58.99475312370562,1.0,34.15474090103737,1.0,22.79158507710395,1.0,14.748638116357048,1.0,10.239817970005348,1.0,7.868615772423257,1.0,5.562315190040668,1.0,4.6574646683232785,1.0,3.0388780102805266,1.0,2.2295846812591504,1.0,0.8423425466555385,0.0,0.3559570955
adaptive,2023-24,50,2023-11-25,1,2.7264638496304476,8.0,138.49304790840532,1.0,80.26664053855956,1.0,50.35914094350885,1.0,28.869341097665004,1.0,18.99298756425329,1.0,14.174125856216977,1.0,10.124222665667933,1.0,7.5641458080671535,1.0,4.8025956874705376,0.0,3.717171288834076,0.0,1.6161930179051018,0.0,2.9127383488
adaptive,2023-24,50,2023-11-25,2,3.5257782144832674,8.0,211.20665914013276,1.0,129.83216024498375,1.0,82.6204656104442,1.0,47.21169463453955,1.0,31.826008566875736,1.0,22.015340965716735,1.0,16.29050887327636,1.0,11.037297013102785,1.0,7.597195025701316,1.0,5.23661029397434,0.0,2.279158507710395,0.0,2.6677033954000002
adaptive,2023-24,50,2023-11-25,3,4.905332941365778,12.0,207.731456391974,1.0,136.12705286292234,1.0,93.16410363894839,1.0,57.44089513868978,1.0,40.12994043935861,1.0,27.96131261875675,1.0,20.475739345760804,1.0,14.217792539706252,1.0,10.229200504150235,0.0,6.756049299114602,0.0,3.0388780102805266,0.0,4.9564482143
adaptive,2023-24,56,2023-11-25,0,11.631591961400535,18.0,273.8628622718258,1.0,195.62638984162058,1.0,146.4286151336095,1.0,102.17981263399598,1.0,77.94922233170882,1.0,60.32793676638253,1.0,47.40494734541315,0.0,35.950082221829,0.0,26.26842377928176,0.0,16.917685751448946,0.0,8.431266174498269,0.0,3.2474347826
adaptive,2023-24,56,2023-11-25,1,13.962687389237658,37.0,486.6929410345516,1.0,354.10973224127406,1.0,261.4139073519036,1.0,177.69644694724627,1.0,134.86923500309285,1.0,105.34946212938905,1.0,81.1076921648573,1.0,61.02146820940495,1.0,43.19117424804308,1.0,28.54859470557009,1.0,14.255816175713903,1.0,9.6047652515
adaptive,2023-24,56,2023-11-25,2,13.58932034638319,34.0,437.17895885214347,1.0,323.4106540787321,1.0,247.42460120259406,1.0,173.8948648490268,1.0,131.74132396135408,1.0,103.62082522762478,1.0,80.1026086273708,1.0,61.07497345031332,1.0,43.429811440548804,1.0,29.40252163863733,1.0,13.84903230265052,1.0,6.8847495168
adaptive,2023-24,56,2023-11-25,3,9.671039790222167,26.0,323.4085127653839,1.0,239.25673992381903,1.0,181.86512182807613,1.0,124.76793241693595,1.0,94.85313945551484,1.0,72.97708022873879,1.0,56.91430166015169,1.0,44.2094087562782,1.0,31.556353208798896,1.0,20.015422212507776,1.0,10.4601031260873,1.0,2.1808159319000002
adaptive,2023-24,02,2023-12-02,0,2.0697265541432004,14.0,64.06350934303173,1.0,46.392396287093526,1.0,33.537540051362775,1.0,24.292055936659334,1.0,18.777874687633094,1.0,14.400985818332165,1.0,11.08288169096399,1.0,8.933644277163157,1.0,6.640569790169263,1.0,4.398696546465528,1.0,2.2091617279568343,0.0,0.9454391304
adaptive,2023-24,02,2023-12-02,1,3.8989226683658957,4.0,136.23807522673815,1.0,81.73898393440287,1.0,54.22137605009846,1.0,33.20284895084632,1.0,23.480647936404843,1.0,17.673293823654674,0.0,14.311052549051512,0.0,10.10006932656114,0.0,6.7598966255754735,0.0,4.442311900794729,0.0,2.2091617279568343,0.0,6.713751608
adaptive,2023-24,02,2023-12-02,2,3.5080018564998237,5.0,255.73673448914005,1.0,140.5587272252494,1.0,83.9481456623597,1.0,46.39021551937706,1.0,29.823683327417264,1.0,21.2174051582625,1.0,15.49466284372828,1.0,11.076339387814611,1.0,7.816938742517763,1.0,5.512000481309785,0.0,2.293074486993895,0.0,5.6478416597
adaptive,2023-24,02,2023-12-02,3,4.33392890137904,4.0,353.06634745038355,1.0,214.40746265191578,1.0,127.30443094957499,1.0,62.535509940142106,1.0,36.86122654624854,1.0,25.393235200836617,1.0,16.770470825581956,1.0,13.23072102640705,1.0,8.830104608677958,1.0,5.514181249026245,0.0,2.2244271019720543,0.0,6.0900846583
adaptive,2023-24,06,2023-12-02,0,89.0482969251419,868.0,2357.240297393433,1.0,1774.8278046838077,1.0,1387.0099254076317,1.0,1007.0194288788193,1.0,795.1992161000142,1.0,631.0308530434987,1.0,497.1015093975245,1.0,387.1843674242051,1.0,281.69654210333624,1.0,184.3615121237417,1.0,89.7637065132609,0.0,197.7215956522
adaptive,2023-24,06,2023-12-02,1,160.58726808329175,1077.0,5482.733736868363,1.0,3885.3278985925003,1.0,2864.6230500911615,1.0,1983.59062102273,1.0,1508.1398894983554,1.0,1186.7266630506188,1.0,930.4584069236731,1.0,713.2767451515999,1.0,524.866059958678,1.0,342.9304050994465,1.0,172.27378629700877,1.0,334.6691285012
adaptive,2023-24,06,2023-12-02,2,344.80660344382824,1763.0,9041.023700344052,1.0,6349.864343880148,1.0,4608.362640021797,1.0,3154.8069855412054,1.0,2365.9483086736295,1.0,1832.5507100646173,1.0,1428.768807354915,1.0,1086.007189001045,1.0,772.7899653269794,0.0,501.98905353217674,0.0,255.7228156533822,0.0,916.2471975501
adaptive,2023-24,06,2023-12-02,3,368.5186894627463,1810.0,10215.978459041127,1.0,7713.352001002976,1.0,5823.054616470548,1.0,3987.004777470805,1.0,3024.848030206639,1.0,2340.715601093976,1.0,1818.5137334330711,1.0,1386.3686129822286,1.0,1006.4429849153129,1.0,651.2882081988034,0.0,322.07918762039617,0.0,925.4855573762
adaptive,2023-24,36,2023-12-02,0,73.12784599382812,501.0,2201.2903982416274,1.0,1641.4867091732206,1.0,1240.0583898077589,1.0,892.1058499621867,1.0,688.5417926897951,1.0,543.9634428379716,1.0,430.5198609576014,1.0,327.5356094228102,1.0,239.12744822769372,1.0,153.85814221874745,1.0,76.41659227332241,0.0,109.4289173913
adaptive,2023-24,36,2023-12-02,1,149.26093946224725,743.0,5195.660541631008,1.0,3660.0866368559437,1.0,2728.137943556174,1.0,1904.520157027203,1.0,1444.1140946177702,1.0,1121.4075604180275,1.0,862.8706877529327,1.0,660.13283255161,1.0,480.33548531717054,1.0,316.21091059378205,1.0,155.85484969673098,1.0,294.8245585691
adaptive,2023-24,36,2023-12-02,2,212.48340196229853,938.0,6672.114559313641,1.0,5051.860211208917,1.0,3854.546846087994,1.0,2732.8575055154074,1.0,2067.994961393654,1.0,1606.867017407898,1.0,1255.7275760618918,1.0,950.4514342932385,1.0,693.7658753382723,1.0,450.2527086886811,1.0,222.87630153607097,1.0,460.9119128608
adaptive,2023-24,36,2023-12-02,3,246.9597134027505,1333.0,6231.953701720486,1.0,4762.991804939819,1.0,3745.4724352855196,1.0,2710.5666534959805,1.0,2109.0288815227814,1.0,1660.7408147230794,1.0,1308.9120343288691,1.0,1006.1770025041435,1.0,736.9864285106062,1.0,485.15617597814094,0.0,237.16429516464666,0.0,835.4338635666
adaptive,2023-24,42,2023-12-02,0,51.355003114884205,267.0,1088.6167093822705,1.0,813.4620869093462,1.0,644.6748039954638,1.0,468.9894527513041,1.0,365.1832098793299,1.0,289.6280630077444,1.0,228.17533989849528,1.0,175.3344400212742,0.0,129.0733759056252,0.0,82.93768395347388,0.0,41.19303108933548,0.0,25.4957913043
adaptive,2023-24,42,2023-12-02,1,98.47983625664095,390.0,2893.1773008428218,1.0,2120.7961543607885,1.0,1570.6959344272343,1.0,1084.7446643214064,1.0,819.5233009204621,1.0,634.4200989443802,1.0,497.6261037208433,1.0,381.4971077690643,1.0,274.9367844493805,1.0,178.2044700978688,0.0,87.1370603561814,0.0,111.9757589872
adaptive,2023-24,42,2023-12-02,2,140.60736473950647,702.0,4373.842963441771,1.0,3388.8967569849833,1.0,2604.6632137793504,1.0,1822.7364971584411,1.0,1377.8944557554273,1.0,1068.884215091957,1.0,829.2345272696597,1.0,625.9527074085834,1.0,454.38025826939617,1.0,300.3037332031482,1.0,148.25944519881511,1.0,370.4317929395
adaptive,2023-24,42,2023-12-02,3,179.67801640444384,932.0,4555.0632882272475,1.0,3551.6345555945554,1.0,2825.3495910307633,1.0,2096.393228980277,1.0,1647.3249615252325,1.0,1314.8295727821837,1.0,1032.171898763035,1.0,792.6322960110479,1.0,566.2818077223712,1.0,371.5167923746495,1.0,186.8735262359271,0.0,583.5508001408
adaptive,2023-24,50,2023-12-02,0,2.6903706663267246,8.0,41.42840143709237,1.0,25.144672994722992,1.0,17.26183393212182,1.0,11.358112553857657,1.0,7.807485198125976,1.0,6.1225500359776595,0.0,5.195702860631088,0.0,3.4523667864243643,0.0,2.6011730684196204,0.0,1.7474019313627165,0.0,0.8630916966060909,0.0,3.3193456522
adaptive,2023-24,50,2023-12-02,1,2.76825702862683,8.0,101.84482019951874,1.0,58.690235369214186,1.0,35.38675956084973,1.0,19.851109021940093,1.0,13.105514485220374,1.0,9.494008662667001,1.0,6.936461515785653,0.0,5.242205794088149,0.0,3.476162743627058,0.0,2.5680565516677385,0.0,0.8789556680745534,0.0,2.9521013384
adaptive,2023-24,50,2023-12-02,2,4.97031284341673,12.0,173.87061320472486,1.0,100.99091809081497,1.0,60.69403826312446,1.0,32.32693573021025,1.0,20.80938454735696,1.0,14.672558842303546,1.0,9.621319891570208,0.0,6.996251001659018,0.0,5.195702860631088,0.0,2.634389449460378,0.0,1.7474019313627165,0.0,5.2754942955
adaptive,2023-24,50,2023-12-02,3,8.318002257757623,19.0,202.82719820877426,1.0,126.68664002379694,1.0,81.13061948097256,1.0,44.21994216313354,1.0,27.61893429139491,1.0,19.075269168410546,1.0,13.809467145697456,0.0,8.74761892588885,0.0,6.115906759769508,0.0,3.476162743627058,0.0,2.5680565516677385,0.0,9.8970633668
adaptive,2023-24,56,2023-12-02,0,6.809017581430453,37.0,162.00907797526904,1.0,112.29868893100038,1.0,84.7005754641986,1.0,59.84279788231423,1.0,45.97341309254779,1.0,36.438800368536135,1.0,28.427465918409986,1.0,21.735605076435586,1.0,15.743160750621747,0.0,10.459328933205597,0.0,4.765587659483135,0.0,8.9739217391
adaptive,2023-24,56,2023-12-02,1,7.853771221431767,34.0,241.0566793610852,1.0,168.18733855914243,1.0,120.5283396805426,1.0,82.22088288285077,1.0,61.60209602651657,1.0,47.76488002089803,1.0,36.589168010346995,1.0,28.137225594019135,1.0,20.55522072071269,1.0,13.712499125566367,0.0,6.482477956138368,0.0,5.9116600617
adaptive,2023-24,56,2023-12-02,2,7.140382625702073,26.0,233.58470551757242,1.0,167.56129718322146,1.0,120.60625419358715,1.0,82.84843890530193,1.0,62.021794917650126,1.0,46.92653062444441,1.0,35.90567872938854,1.0,27.510394583807063,1.0,19.33382700813229,1.0,12.818889949055974,0.0,5.824685857373806,0.0,1.4076165165
adaptive,2023-24,56,2023-12-02,3,33.44756272207179,72.0,204.38617122882707,1.0,142.952216830411,1.0,104.64571557766222,1.0,69.15395766438004,0.0,51.01519751599421,0.0,38.911097288299175,0.0,29.461069726677774,0.0,22.225638706760115,0.0,15.781029704049356,0.0,10.235439728338642,0.0,4.822008714700109,0.0,36.9449429821
adaptive,2023-24,02,2023-12-09,0,2.6723267967695943,4.0,47.49486860832011,1.0,33.656183750600455,1.0,25.244653802934796,1.0,18.16166287754597,1.0,13.295883502712918,0.0,11.217713734433142,0.0,8.159389525788688,0.0,6.175413505232541,0.0,5.0986841931695155,0.0,3.059448628299182,0.0,1.094708211283546,0.0,4.4169434783
adaptive,2023-24,02,2023-12-09,1,2.0067848997750826,5.0,92.80929401067795,1.0,57.10970772825139,1.0,37.74500024777032,1.0,23.242169744497076,1.0,17.33687556036203,1.0,13.136878551237476,1.0,10.198823517656916,1.0,7.1394410316903665,1.0,5.1455164977008065,0.0,3.9953503151051795,0.0,1.9653356980093157,0.0,3.3443511653
adaptive,2023-24,02,2023-12-09,2,2.4435097474528247,4.0,174.40996721063718,1.0,96.88253989614074,1.0,57.60015980157971,1.0,31.623589582531977,1.0,21.417529387079526,1.0,15.157936789889396,1.0,11.218705869422607,1.0,8.186390945785785,1.0,6.1186988296004685,1.0,4.004968116875436,0.0,1.066648513964351,0.0,3.8547242032
adaptive,2023-24,02,2023-12-09,3,2.8669276989849126,5.0,256.6879546956709,1.0,148.5566566113372,1.0,81.85285866540275,1.0,41.81246458675548,1.0,25.504692325933615,1.0,17.336875560362028,1.0,13.127525318797746,1.0,9.076187893719437,1.0,6.11929411059415,1.0,4.014255206982537,1.0,2.0210582386519196,1.0,3.5050644776
adaptive,2023-24,06,2023-12-09,0,100.69352522172454,1077.0,2666.071064611167,1.0,2017.4628882736026,1.0,1582.673390015325,1.0,1180.9890061678843,1.0,929.761736692084,1.0,743.8572239042794,1.0,591.2741012760631,1.0,457.6101912123272,1.0,332.3233739788134,1.0,216.0385755604217,1.0,108.9778640176786,0.0,178.5461869565
adaptive,2023-24,06,2023-12-09,1,315.3774375211415,1763.0,5350.300350693464,1.0,3917.223213779469,1.0,2897.9859029126033,1.0,2063.6206862007402,1.0,1602.8973010116429,1.0,1272.1470324885004,1.0,995.6170741587536,0.0,763.2734717064993,0.0,550.8821440737678,0.0,356.27473732151475,0.0,173.1342096700307,0.0,733.3502855408
adaptive,2023-24,06,2023-12-09,2,337.78239829898723,1810.0,8440.666408235107,1.0,5949.594184364062,1.0,4411.226994713921,1.0,3012.7155145787674,1.0,2285.1852089870235,1.0,1777.5258693883832,1.0,1386.265028286944,1.0,1046.5083236276553,1.0,756.0611545355291,0.0,492.8260779612539,0.0,242.65017556555358,0.0,732.2160735039
adaptive,2023-24,06,2023-12-09,3,297.2485673802601,1470.0,9266.262687824397,1.0,6903.5801778929335,1.0,5164.017405343095,1.0,3597.218929042839,1.0,2726.489335504979,1.0,2133.793141494399,1.0,1657.2741322721217,1.0,1265.1413034443153,1.0,916.2113681009877,1.0,600.2751761495741,1.0,287.9480753694436,0.0,415.2993215454
adaptive,2023-24,36,2023-12-09,0,88.71166964166852,743.0,2528.6724863579416,1.0,1932.215998881884,1.0,1504.4153241674937,1.0,1107.2897412433379,1.0,856.4696451579712,1.0,678.2613843977989,1.0,536.1837389714443,1.0,413.7838017607372,1.0,303.91681986624906,1.0,198.1548521278454,1.0,96.2150008038883,1.0,154.8898652174
adaptive,2023-24,36,2023-12-09,1,160.52076096294726,938.0,4933.951360744612,1.0,3661.841717297805,1.0,2826.9211834824127,1.0,2026.226475275717,1.0,1560.3934014084573,1.0,1223.8391155411337,1.0,955.1043542635132,1.0,731.2185385708025,1.0,526.7792542649626,1.0,344.05164672997296,1.0,170.43523081507306,1.0,303.5739270723
adaptive,2023-24,36,2023-12-09,2,224.42889531492074,1333.0,5780.474910031426,1.0,4431.795891254976,1.0,3500.6041893090596,1.0,2535.606929734438,1.0,1959.046450243664,1.0,1558.5832584346417,1.0,1225.3280697067494,1.0,944.3591681705014,1.0,686.6350598103006,1.0,449.4933633996395,0.0,219.72024071296164,0.0,670.6596265143
adaptive,2023-24,36,2023-12-09,3,217.59750120060963,1240.0,5055.085088900853,1.0,4019.6252012437067,1.0,3210.2132978075438,1.0,2409.824317019445,1.0,1893.4901758700275,1.0,1506.7874518220442,1.0,1202.4010160210328,1.0,917.9419659456876,1.0,675.9714745284277,1.0,440.846045030092,0.0,218.57709485104272,0.0,557.9057306866
adaptive,2023-24,42,2023-12-09,0,38.40731966143214,390.0,1056.803775727802,1.0,813.7209683272808,1.0,640.5191161131684,1.0,469.6074363924845,1.0,368.95086131080933,1.0,294.91019976320985,1.0,233.6012661905272,1.0,181.04098129765862,1.0,132.14492831861452,1.0,85.73531764141518,1.0,41.853560192469445,1.0,66.8521913043
adaptive,2023-24,42,2023-12-09,1,104.43932581797198,702.0,2216.90287543861,1.0,1640.0755563793268,1.0,1249.8151431677484,1.0,893.4410401612213,1.0,692.6257683615454,1.0,541.0614923520966,1.0,426.0726320992012,1.0,329.1283597510586,1.0,240.66413105677555,0.0,155.76670509375714,0.0,78.2219814210361,0.0,324.3424040676
adaptive,2023-24,42,2023-12-09,2,173.39621431663093,932.0,3223.736406973635,1.0,2420.814788225469,1.0,1880.3693311819295,1.0,1322.1919353876233,1.0,1019.5548794580643,1.0,797.6274495178855,1.0,618.42330266767,1.0,475.37461187123256,0.0,346.7799569426541,0.0,225.2252327543688,0.0,110.78159021081751,0.0,531.4704006903
adaptive,2023-24,42,2023-12-09,3,128.3679954148972,758.0,3315.057527056497,1.0,2582.297547652967,1.0,2064.032717700734,1.0,1510.3854083786407,1.0,1170.0042022217785,1.0,925.3071847618485,1.0,725.282663682174,1.0,559.8230381652284,1.0,405.55695198916635,1.0,264.7481016825976,1.0,129.89450107893708,0.0,344.4772903783
adaptive,2023-24,50,2023-12-09,0,2.470070295432436,8.0,104.92363748537883,1.0,69.14119008467846,1.0,48.359998260843746,1.0,31.108785985331686,1.0,23.566035793416468,1.0,17.766849661932596,1.0,13.719390851878693,1.0,9.637050080094976,1.0,7.903843883947659,1.0,4.73782657651536,1.0,2.3577226437885592,0.0,0.3798978261
adaptive,2023-24,50,2023-12-09,1,4.69271598307318,12.0,274.2239451130391,1.0,167.07401764369678,1.0,109.63410293616798,1.0,64.83737270418537,1.0,44.88154496356696,1.0,33.261624191846074,1.0,24.862824012493032,1.0,17.928246588996856,1.0,13.127578919906819,1.0,8.252029253259956,1.0,4.670682709700634,1.0,2.2953943069
adaptive,2023-24,50,2023-12-09,2,7.627505481838069,19.0,376.0627661957611,1.0,251.10480855531404,1.0,170.93489167467052,1.0,104.26446406875074,1.0,72.25185529185923,1.0,51.79460851586289,1.0,37.941797348092734,1.0,28.270290436524462,1.0,19.14498261853855,1.0,12.928307285195151,1.0,5.922283220644198,0.0,6.9155692661
adaptive,2023-24,50,2023-12-09,3,8.32000585073242,15.0,374.28829954471337,1.0,262.70115648212436,1.0,183.90236621550758,1.0,118.44566441288397,1.0,84.10893988626714,1.0,61.354156864859114,1.0,44.87678242151749,1.0,33.187167324545754,1.0,24.03432550597149,1.0,15.397936373674918,1.0,7.340008563148588,1.0,3.9191545627
adaptive,2023-24,56,2023-12-09,0,12.394880226297657,34.0,301.0680362956279,1.0,218.43485709296255,1.0,165.04529454390004,1.0,115.57687582254512,1.0,87.62715950842608,1.0,68.32537237774243,1.0,53.302253904203305,1.0,41.383922514862945,0.0,29.99458069364809,0.0,19.55534234372835,0.0,10.166245010214183,0.0,10.5696217391
adaptive,2023-24,56,2023-12-09,1,15.759221116128561,26.0,431.40262947186955,1.0,304.8479486401862,1.0,225.44300863297934,1.0,154.15511136786446,1.0,114.84038497874468,1.0,89.55730251161981,1.0,69.31807021239544,1.0,53.36849995288577,0.0,38.280128326248224,0.0,25.167734841452173,0.0,12.601692196866892,0.0,15.9340887998
adaptive,2023-24,56,2023-12-09,2,18.926274582184025,72.0,415.8558424966073,1.0,299.29645381120315,1.0,217.21896434242845,1.0,146.11118093086458,1.0,108.50030450415028,1.0,82.5856683958491,1.0,63.91321872764892,1.0,48.58625991826841,0.0,34.828542382050536,0.0,22.347119578909183,0.0,11.008441115540435,0.0,16.4931121902
adaptive,2023-24,56,2023-12-09,3,29.591273418524228,82.0,338.32238637640313,1.0,242.09594671194822,1.0,172.7623335460188,1.0,114.80726195440343,1.0,83.74027127846145,1.0,64.05182217683357,0.0,49.34847930196904,0.0,37.79489100423449,0.0,26.69749123871891,0.0,17.339479812272746,0.0,8.409276600337531,0.0,23.9440321833
adaptive,2023-24,02,2023-12-16,0,1.2686632696074647,5.0,13.893740643525911,1.0,10.664573132968417,1.0,8.241377689434639,1.0,5.707987633950293,1.0,5.011998352203239,1.0,3.7639669881065005,1.0,3.1282274882279557,0.0,2.5212977337758637,0.0,1.2877771557293034,0.0,1.2558119382045385,0.0,0.02649719442170939,0.0,0.8638826087
adaptive,2023-24,02,2023-12-16,1,1.213461658829142,4.0,18.946009968444425,1.0,12.546556627021667,1.0,8.841471318607399,1.0,6.273278313510834,1.0,5.018622650808667,1.0,3.176384948387981,0.0,2.5382269841677396,0.0,2.502687026798906,0.0,1.27147899975709,0.0,0.6387890586399039,0.0,0.6266967369314211,0.0,1.1414618842
adaptive,2023-24,02,2023-12-16,2,2.0702992965608753,5.0,29.161797977999495,1.0,15.848803248912768,1.0,10.037245301617334,1.0,6.273278313510834,1.0,4.420735659303699,0.0,3.7639669881065005,0.0,3.136639156755417,0.0,1.8819834940532503,0.0,1.2630673312296286,0.0,1.2480313640967395,0.0,0.6291152012731176,0.0,1.5196388107
adaptive,2023-24,02,2023-12-16,3,3.04020051723441,6.0,46.10195758988144,1.0,22.188324548477876,1.0,11.999139646681469,1.0,6.339521299565107,1.0,4.420735659303699,0.0,3.1576683280740707,0.0,2.5261346624592567,0.0,1.8946009968444426,0.0,1.2679042599130215,0.0,0.635739499878545,0.0,0.002418464341696569,0.0,1.9773059061
adaptive,2023-24,06,2023-12-16,0,376.59788965563473,1763.0,2809.342175551766,1.0,2157.417011930215,1.0,1709.4475592495585,1.0,1250.5726993428023,1.0,989.0905139000346,0.0,789.3210847734251,0.0,619.1471354826481,0.0,477.2529686764195,0.0,350.33430532725356,0.0,227.8459613857218,0.0,110.010243772884,0.0,686.9327695652
adaptive,2023-24,06,2023-12-16,1,331.90602817896945,1810.0,5271.361045378856,1.0,3736.807424963962,1.0,2900.774931632367,1.0,2037.1765121953981,1.0,1577.3413525981496,1.0,1238.3623438406867,1.0,975.6786128648464,0.0,749.1744775655521,0.0,542.310839744966,0.0,354.8504503153256,0.0,178.40830791431677,0.0,669.271559274
adaptive,2023-24,06,2023-12-16,2,243.07351298285982,1470.0,7413.563131014394,1.0,5354.162312490628,1.0,4015.9349053737524,1.0,2763.9428116479585,1.0,2125.4087788714996,1.0,1657.845990935247,1.0,1295.548181483654,1.0,978.2943603113606,1.0,714.6735002058209,1.0,466.8406573516745,0.0,232.83920355033365,0.0,349.7144229537
adaptive,2023-24,06,2023-12-16,3,254.89009089383947,1075.0,8323.828258465921,1.0,6149.456354097346,1.0,4685.339670080583,1.0,3264.4970479463027,1.0,2472.973438190646,1.0,1939.3155394105306,1.0,1512.8072360183478,1.0,1143.0215916276975,1.0,819.9829332103852,1.0,520.2413386928946,1.0,259.4349421855095,1.0,85.8765653987
adaptive,2023-24,36,2023-12-16,0,97.43641474542943,938.0,2763.2404782279627,1.0,2072.9997710526054,1.0,1634.4261592607706,1.0,1211.7175367624807,1.0,946.4676288734016,1.0,758.5202342076641,1.0,597.9911381398524,1.0,462.9363594180139,1.0,334.0134792989579,1.0,218.53746701812986,1.0,109.22348112877273,1.0,151.7567869565
adaptive,2023-24,36,2023-12-16,1,188.53626936441955,1333.0,4863.607069079745,1.0,3551.4627626744887,1.0,2729.614711312014,1.0,1984.8565029320662,1.0,1536.5157611553886,1.0,1213.5753836293316,1.0,952.3460778526396,1.0,734.8171178749457,1.0,536.0307912358284,1.0,352.95443913517533,0.0,176.89113351809226,0.0,494.9967213723
adaptive,2023-24,36,2023-12-16,2,205.7190116700674,1240.0,5715.957362491625,1.0,4325.176802995888,1.0,3403.2183661689023,1.0,2446.2451816984953,1.0,1901.110080325052,1.0,1505.5357168378273,1.0,1185.8401209215042,1.0,904.904006113942,1.0,663.9806862217413,1.0,430.9212702003405,1.0,212.09048716642224,0.0,377.0926263725
adaptive,2023-24,36,2023-12-16,3,193.397858729865,1024.0,5282.767652114342,1.0,4166.337330155047,1.0,3256.5955774940426,1.0,2379.763942006281,1.0,1866.411627265366,1.0,1482.2926657434068,1.0,1160.5930338806238,1.0,895.2045160313806,1.0,652.5385880992676,1.0,421.93665467645997,1.0,201.7105110580868,1.0,183.7453357548
adaptive,2023-24,42,2023-12-16,0,100.27036831069981,702.0,1292.6857677409457,1.0,1010.8764188844847,1.0,792.3946618871277,1.0,586.3309631629875,1.0,461.7025691251621,1.0,368.185039167084,1.0,293.30510180390763,0.0,227.78381089803605,0.0,165.47956757179924,0.0,108.99851756226298,0.0,54.000472411172325,0.0,256.6160956522
adaptive,2023-24,42,2023-12-16,1,161.00660774070204,932.0,2524.9728574511423,1.0,1894.786149405007,1.0,1450.158140932755,1.0,1042.6399530330036,1.0,805.0979523120238,1.0,631.7933121170087,1.0,497.7861729538976,0.0,383.86281977657745,0.0,280.5729179495058,0.0,183.87518644346335,0.0,90.33752066272916,0.0,456.5434976595
adaptive,2023-24,42,2023-12-16,2,117.83758805288133,758.0,3549.6477588463295,1.0,2661.7832506484992,1.0,2038.275253754101,1.0,1456.5280904015135,1.0,1118.721148434499,1.0,877.0854863012883,1.0,690.8107366540944,1.0,535.095590256162,1.0,391.51236997531976,1.0,256.7913634678564,1.0,127.13315818188357,1.0,267.9457212913
adaptive,2023-24,42,2023-12-16,3,140.42803906528638,577.0,3660.006732894619,1.0,2870.886024401419,1.0,2228.5575634174647,1.0,1640.015427819301,1.0,1279.7292758345152,1.0,1011.1126864480277,1.0,793.7610107744313,1.0,608.7831384533937,1.0,444.9121307768733,1.0,294.29450710688707,1.0,142.52492043442385,0.0,114.2045104826
adaptive,2023-24,50,2023-12-16,0,2.4517038252382446,12.0,80.0622491063558,1.0,52.90609109843336,1.0,38.45971913845529,1.0,26.014823010470288,1.0,19.292108218398987,1.0,14.760256392728618,1.0,11.543147148749096,1.0,9.532099170415762,1.0,6.6288743591867885,1.0,4.0207986077056965,0.0,2.0768262436816247,0.0,2.5637108696
adaptive,2023-24,50,2023-12-16,1,5.178918778765186,19.0,174.11131797522089,1.0,109.00041143395427,1.0,73.4998879083982,1.0,46.2862981819734,1.0,33.29847640554014,1.0,24.957838083497947,1.0,18.667018277715005,1.0,14.415551526648747,1.0,10.476590075436487,0.0,6.648907081150437,0.0,2.917904569477571,0.0,7.4067970669
adaptive,2023-24,50,2023-12-16,2,5.058404072191417,15.0,237.5964454784189,1.0,155.8324865081128,1.0,106.75099788834929,1.0,65.63502388201786,1.0,46.08124270662978,1.0,34.696271708749826,1.0,25.533292876873958,1.0,19.238578581248493,1.0,13.50447575287929,1.0,8.814302577937097,1.0,4.652702428936848,0.0,4.1397506086
adaptive,2023-24,50,2023-12-16,3,7.806367742063157,24.0,249.8328014282669,1.0,167.8413415000712,1.0,121.20304506186551,1.0,77.16843287359595,1.0,54.01790301151716,1.0,39.43908609155941,1.0,29.819796800935162,1.0,22.185924451158833,1.0,16.265601673852736,0.0,9.897000326330426,0.0,4.823027054599747,0.0,10.182225698
adaptive,2023-24,56,2023-12-16,0,10.998259891329441,26.0,218.65735904531257,1.0,158.09181768341122,1.0,120.88228473285072,1.0,86.14743589900655,1.0,66.9803147904456,1.0,52.40726900679747,1.0,40.90122650048667,0.0,31.618363536682242,0.0,23.10779302199863,0.0,15.064472699699962,0.0,6.905030929190801,0.0,18.5615086957
adaptive,2023-24,56,2023-12-16,1,18.375710863318318,72.0,293.50522703759856,1.0,207.9701371979877,1.0,150.39860497114293,1.0,104.03199340765016,1.0,78.50584047626023,1.0,61.29154797465613,1.0,47.81745428276851,0.0,36.57713223208111,0.0,25.86957016637638,0.0,17.110298165814246,0.0,8.150318186176015,0.0,16.8062503506
adaptive,2023-24,56,2023-12-16,2,29.333996392508375,82.0,286.9026324291918,1.0,201.214700527904,1.0,146.76537302483405,1.0,98.41853666263918,1.0,73.74446385532069,0.0,56.48756914688362,0.0,43.25105652566047,0.0,32.73604011449806,0.0,23.480433840324984,0.0,15.236266036836316,0.0,7.702597673999545,0.0,24.1854260229
adaptive,2023-24,56,2023-12-16,3,19.43163693327342,56.0,240.5152719305255,1.0,174.2712723742397,1.0,124.97602656066685,1.0,83.34811890770374,1.0,60.818322423887736,1.0,46.31703866885376,0.0,35.529704428433284,0.0,26.139829163814035,0.0,18.937467487075367,0.0,12.309353866598986,0.0,6.388843597033754,0.0,4.1672986472
adaptive,2023-24,02,2023-12-23,0,1.7729242486071155,4.0,7.508923300168099,1.0,5.545852752100607,1.0,4.159389564075455,1.0,3.4131469546218627,0.0,2.7305175636974903,0.0,2.0796947820377274,0.0,1.367959205124384,0.0,1.3598579352974682,0.0,0.7038337971007791,0.0,0.6826293909243726,0.0,0.6666263412848922,0.0,1.1075608696
adaptive,2023-24,02,2023-12-23,1,3.0162256155205007,5.0,9.705242316176061,1.0,6.119360708838606,1.0,4.095776345546236,0.0,2.7305175636974903,0.0,2.047888172773118,0.0,1.3864631880251517,0.0,1.3652587818487452,0.0,1.359857935297468,0.0,0.6932315940125758,0.0,0.6932315940125758,0.0,0.002700423275638575,0.0,1.5336283481
adaptive,2023-24,06,2023-12-23,0,226.31186044274418,1810.0,5194.4767593207425,1.0,4019.516748308133,1.0,3187.076106407168,1.0,2347.0096305944944,1.0,1852.4575752415055,1.0,1471.159750320119,1.0,1166.264410462108,1.0,899.2538780868456,1.0,655.3331482721053,1.0,425.27965483394496,0.0,205.2215377374689,0.0,125.7398956522
adaptive,2023-24,06,2023-12-23,1,615.9548046507182,1470.0,10126.204563599218,1.0,7564.304737930447,1.0,5785.748097373048,1.0,4123.779720776078,1.0,3176.0098486660117,1.0,2481.7074118739306,0.0,1941.347755819025,0.0,1482.0708684439758,0.0,1061.747259512993,0.0,697.1429537204081,0.0,345.85413461133066,0.0,104.3553670671
adaptive,2023-24,06,2023-12-23,2,964.6822347085981,1075.0,13041.843338120269,1.0,9909.169323668468,1.0,7579.737135433365,1.0,5412.126982085474,1.0,4157.1465297458235,0.0,3278.000934963147,0.0,2551.533739617989,0.0,1950.4356957219782,0.0,1410.178224014989,0.0,907.9810202711083,0.0,452.43169496104156,0.0,365.9922963038
adaptive,2023-24,06,2023-12-23,3,842.9842065473983,1096.0,12416.390355442772,1.0,9819.197225416417,1.0,7677.4668035950735,1.0,5595.556262973316,1.0,4332.686552443211,1.0,3424.7150987035343,0.0,2682.1459316782193,0.0,2049.3455817565014,0.0,1495.4153750039832,0.0,977.8913383665647,0.0,479.2805259569559,0.0,333.2034626134
adaptive,2023-24,36,2023-12-23,0,159.62982740523591,1333.0,2828.4768253288407,1.0,2221.029023677851,1.0,1763.9514893014425,1.0,1292.1097320022634,1.0,1019.6092745035255,1.0,814.5572052242568,1.0,642.6997332777414,1.0,494.19019786242495,0.0,360.1356391060136,0.0,232.27994483413818,0.0,114.42098615965745,0.0,339.503926087
adaptive,2023-24,36,2023-12-23,1,161.07490192339384,1240.0,4462.181916081666,1.0,3393.321604428892,1.0,2639.426481086941,1.0,1888.0637795535326,1.0,1457.9913484292388,1.0,1154.5524900751616,1.0,905.6766342954804,1.0,692.5425264004995,1.0,504.6593794041795,1.0,330.42360252151275,1.0,159.44893225392457,0.0,228.3231269555
adaptive,2023-24,36,2023-12-23,2,171.95440413283043,1024.0,5143.150986125873,1.0,3946.9837340722643,1.0,2991.6821131166153,1.0,2154.2446521750026,1.0,1674.6354792339712,1.0,1322.5679066579441,1.0,1040.6315089660166,1.0,799.1707738488261,1.0,581.8142254412678,1.0,381.29123156459707,1.0,190.5596457737944,1.0,64.3254505255
adaptive,2023-24,36,2023-12-23,3,166.48159709560898,851.0,4735.064767457577,1.0,3661.1254031448107,1.0,2835.840039957871,1.0,2072.570290064163,1.0,1623.3038722830322,1.0,1283.5058121365912,1.0,1008.7299291073255,1.0,780.3516926056401,1.0,570.03373486181,1.0,377.6469596219821,1.0,182.70757972139904,1.0,46.1741916853
adaptive,2023-24,42,2023-12-23,0,87.9222231095873,932.0,2317.1360569702315,1.0,1791.754201092749,1.0,1444.7257807815686,1.0,1069.4040298903458,1.0,840.9464402556275,1.0,675.2380905717487,1.0,534.1467415014548,1.0,409.70121310358786,1.0,298.5405501472154,1.0,197.77090056896157,1.0,96.24709052784806,1.0,174.9822173913
adaptive,2023-24,42,2023-12-23,1,253.08395170391083,758.0,4269.377877907385,1.0,3266.914641503817,1.0,2510.969207460117,1.0,1822.2076100155855,1.0,1415.83882098422,1.0,1114.024158173745,0.0,880.1341207209404,0.0,671.1118504383628,0.0,490.7176073728742,0.0,319.2181519255555,0.0,158.6904307833513,0.0,29.627963414
adaptive,2023-24,42,2023-12-23,2,395.1207286894451,577.0,5262.241528687674,1.0,4065.778361371602,1.0,3087.1091222444725,1.0,2231.6472786008635,1.0,1729.1313915127444,0.0,1361.0563477448532,0.0,1064.791861979746,0.0,820.8629984958982,0.0,595.5677231156019,0.0,394.3676205844706,0.0,193.95533941519648,0.0,81.6570543791
adaptive,2023-24,42,2023-12-23,3,390.1542130247445,454.0,4613.614200313332,1.0,3667.1492729249985,1.0,2885.9313459086616,1.0,2095.541955933455,1.0,1655.6601097206576,0.0,1317.5533648337541,0.0,1042.3284556919011,0.0,797.3600132059038,0.0,581.9164998059025,0.0,377.0415187589184,0.0,186.88415154026484,0.0,165.8119592448
adaptive,2023-24,50,2023-12-23,0,3.5195807973662947,19.0,92.32183133227224,1.0,67.40576684651809,1.0,49.357910003268586,1.0,34.178712261544625,1.0,26.44717692514807,1.0,20.630172876036166,1.0,15.84967006180067,1.0,12.555495427519373,1.0,9.161764740366362,0.0,6.240475527183339,0.0,2.3453142060494496,0.0,4.9551869565
adaptive,2023-24,50,2023-12-23,1,4.345641326687017,15.0,187.03337543235307,1.0,127.11547277684596,1.0,89.81479701687046,1.0,58.04994874033687,1.0,42.45233826047006,1.0,32.532351674929956,1.0,24.43817526570537,1.0,18.516883534462742,1.0,12.873090103170556,1.0,8.45315736629369,1.0,4.278502298282552,1.0,1.7448399071
adaptive,2023-24,50,2023-12-23,2,6.510743186274994,24.0,246.85167032730348,1.0,169.11965499019516,1.0,120.47682787505808,1.0,77.14748502962203,1.0,55.67292990360462,1.0,42.45233826047006,1.0,31.736612310177687,1.0,23.214505067409924,1.0,16.90631473258738,1.0,11.266044802504416,0.0,5.363979758182312,0.0,7.7332270848
adaptive,2023-24,50,2023-12-23,3,7.482681555929699,26.0,249.37437621225325,1.0,175.40301535059405,1.0,127.10234940256903,1.0,82.96540582772373,1.0,59.862236400175114,1.0,45.58360146208419,1.0,34.23120575865239,1.0,26.223543805689978,1.0,18.56657978323121,1.0,11.685211689614405,0.0,6.228051464991221,0.0,8.7913298752
adaptive,2023-24,56,2023-12-23,0,34.85516013963438,72.0,103.52835934199999,1.0,71.93933599824976,1.0,55.30220756130237,0.0,38.538929999062375,0.0,29.82610061362658,0.0,23.553173589452122,0.0,18.841254666208275,0.0,14.526570530391673,0.0,10.46480132845052,0.0,6.919255665888279,0.0,3.422472153199763,0.0,36.6749043478
adaptive,2023-24,56,2023-12-23,1,47.68432878224089,82.0,124.1862421886485,1.0,81.32441290830131,1.0,58.87768358171401,0.0,39.305589424589634,0.0,29.53456752168578,0.0,22.554310337677503,0.0,17.73598103819428,0.0,13.221816657088564,0.0,9.592734551079642,0.0,6.460310679588101,0.0,2.934669329353408,0.0,44.2848829109
adaptive,2023-24,56,2023-12-23,2,30.255293140821536,56.0,130.17594133016624,1.0,84.59047740497503,1.0,55.82791986246115,1.0,36.57081467763544,0.0,25.867161601254335,0.0,19.650737000678966,0.0,14.825135215304902,0.0,10.881405191644077,0.0,7.942477660688166,0.0,5.029001224799661,0.0,2.616200332112631,0.0,17.9488169455
adaptive,2023-24,56,2023-12-23,3,9.368300460899391,23.0,133.42621693774413,1.0,80.23014351812066,1.0,52.62629429220709,1.0,31.68756466589573,1.0,21.80166943427192,0.0,16.549364457719108,0.0,11.958597111591537,0.0,8.564206666458306,0.0,6.7447140640088605,0.0,4.219518890328969,0.0,1.8834637410345936,0.0,4.1197428517
adaptive,2023-24,02,2023-12-30,0,1.0415104608339358,5.0,35.62207280896695,1.0,25.44433772069068,1.0,19.283072726436828,1.0,12.8688391889861,1.0,10.297626749827561,1.0,7.632484862405446,1.0,6.3601319007372865,1.0,5.0622249526822936,1.0,2.611448477609552,1.0,2.5437533939009374,1.0,1.2855381817624552,1.0,0.8429782609
adaptive,2023-24,02,2023-12-30,1,1.6241584954427999,6.0,85.22941429686082,1.0,48.85045090697329,1.0,30.852916362298924,1.0,19.08325329051801,1.0,12.722304935978965,1.0,10.176510407573637,1.0,7.619980020479282,1.0,5.089139695405388,1.0,3.816650658103602,1.0,2.5710763635249103,0.0,1.272080810400908,0.0,1.2351985337
adaptive,2023-24,02,2023-12-30,2,3.354053013995069,9.0,221.34229778136043,1.0,105.5829896202151,1.0,55.97754298551949,1.0,27.988771492759746,1.0,17.811036404483474,1.0,11.450088049944432,1.0,8.904565672806354,1.0,6.36108443017267,0.0,5.075546248410214,0.0,2.544433772069068,0.0,1.2855381817624552,0.0,2.0211967942
adaptive,2023-24,02,2023-12-30,3,3.594036377543998,7.0,418.51503431073326,1.0,196.6994714047167,1.0,97.9502224008699,1.0,43.25537412517416,1.0,24.16953539761725,1.0,15.266602632414408,1.0,10.284305454099641,1.0,6.441148280173823,1.0,5.088187165970005,0.0,3.802785059841176,0.0,1.272216886034534,0.0,1.9624070559
adaptive,2023-24,06,2023-12-30,0,248.15118202434772,1470.0,4368.216619631402,1.0,3375.3943780273826,1.0,2706.76054729747,1.0,2007.8846946791073,1.0,1576.11231310557,1.0,1259.946070656249,1.0,1004.0119017832924,1.0,772.0386312072051,0.0,560.8827662616445,0.0,374.68059179815054,0.0,184.96960852586471,0.0,162.7019211827
adaptive,2023-24,06,2023-12-30,1,538.0515059210472,1075.0,7087.906716268089,1.0,5333.713519236207,1.0,4160.321805431609,1.0,3070.150012553767,1.0,2386.018745723614,0.0,1889.4472160702703,0.0,1496.6103646130582,0.0,1152.2359912392303,0.0,831.4994242287971,0.0,541.4323950459718,0.0,267.08969138256066,0.0,445.5494567687
adaptive,2023-24,06,2023-12-30,2,514.25815459634,1096.0,9232.274679857548,1.0,6942.679436103089,1.0,5340.563796120512,1.0,3849.7379242568286,1.0,2981.706215094015,1.0,2329.9124832481066,1.0,1834.6794221052678,0.0,1399.3514375449638,0.0,1010.1280164439333,0.0,657.5727710682825,0.0,325.74007530788685,0.0,396.7941191016
adaptive,2023-24,06,2023-12-30,3,632.4890699432735,732.0,9695.620458604188,1.0,7375.392950047168,1.0,5728.179902136992,1.0,4127.442315266776,1.0,3153.5210090789005,1.0,2483.173820993617,0.0,1948.1487556748864,0.0,1500.386108889019,0.0,1087.7761283025416,0.0,716.7931807312677,0.0,351.11661138831346,0.0,678.0426801278
adaptive,2023-24,36,2023-12-30,0,185.50995172248892,1240.0,4028.778359608375,1.0,3097.6982860821063,1.0,2424.0117089291816,1.0,1783.3136101203204,1.0,1414.1013545734022,1.0,1126.1226885609276,1.0,895.3452868558218,1.0,689.0417774898865,1.0,500.2364023163507,0.0,324.2532316612687,0.0,160.46475764564025,0.0,60.4501984344
adaptive,2023-24,36,2023-12-30,1,314.70789997295554,1024.0,6072.77374538198,1.0,4592.945623523166,1.0,3568.4480677730357,1.0,2554.7628604949878,1.0,1969.2797842276946,1.0,1554.326250504442,1.0,1210.2308757669819,0.0,927.6044983483216,0.0,671.46013172374,0.0,437.4429502093956,0.0,215.6002656210626,0.0,210.1790515432
adaptive,2023-24,36,2023-12-30,2,339.562980205826,851.0,6673.0478683435485,1.0,5072.28004901355,1.0,3961.995834883242,1.0,2835.159879752263,1.0,2177.6298551798373,1.0,1726.307894357029,1.0,1348.3797982474252,0.0,1032.5759068218158,0.0,744.3658435168038,0.0,484.66554824417517,0.0,235.00410067898974,0.0,336.9432095036
adaptive,2023-24,36,2023-12-30,3,232.87029935379894,884.0,5928.283575352743,1.0,4677.040444257506,1.0,3624.4510556555197,1.0,2627.5132960605033,1.0,2031.9291644520943,1.0,1596.828824254977,1.0,1249.8394690281789,1.0,951.8836308591988,1.0,689.2229901463636,1.0,450.41407613506055,0.0,220.8225160103923,0.0,293.3978301688
adaptive,2023-24,42,2023-12-30,0,304.6598713003938,758.0,2679.995078431297,1.0,2119.9349861977403,1.0,1718.20751918399,1.0,1281.5708906910982,0.0,1021.5823321424147,0.0,815.7156819379769,0.0,649.090047722913,0.0,502.9894032160844,0.0,365.3462272588224,0.0,238.48706885517527,0.0,118.31089195943491,0.0,178.7109483825
adaptive,2023-24,42,2023-12-30,1,548.3809094264924,577.0,4364.314340913485,1.0,3312.2440651360307,1.0,2610.0839578843597,0.0,1947.3079738808,0.0,1542.9358467419306,0.0,1225.763760147784,0.0,969.9841692124357,0.0,747.1201678775885,0.0,549.7910994521317,0.0,356.17577019031205,0.0,177.6668097034226,0.0,319.6994179518
adaptive,2023-24,42,2023-12-30,2,607.96614037534,454.0,4974.076957933754,1.0,3823.617491611712,1.0,2989.0681560554917,0.0,2207.31574780941,0.0,1743.769175338086,0.0,1395.7116376992062,0.0,1115.2961575453403,0.0,861.3340726977995,0.0,625.9808282413505,0.0,410.971558981885,0.0,206.4198585908632,0.0,420.6709700471
adaptive,2023-24,42,2023-12-30,3,493.38454029336225,401.0,4352.012907987765,1.0,3499.9476586760034,1.0,2785.3972165890364,1.0,2069.1356730430102,0.0,1642.8358011445398,0.0,1318.0658627694338,0.0,1049.4672406683303,0.0,806.9831178381876,0.0,593.0996386680858,0.0,390.65751840789835,0.0,189.85513448790766,0.0,454.647013643
adaptive,2023-24,50,2023-12-30,0,5.6638810470823335,15.0,144.2343332405851,1.0,102.87396336223543,1.0,74.41573158439165,1.0,51.2180533316798,1.0,39.24058396291455,1.0,29.930197713437796,1.0,24.393579727420207,1.0,18.18505568912352,0.0,12.896775858669681,0.0,9.43942761270851,0.0,4.34019990862377,0.0,2.5731086957000002
adaptive,2023-24,50,2023-12-30,1,6.811132991212705,24.0,258.08847508533825,1.0,182.4039565783655,1.0,130.43986821242441,1.0,86.96561851240521,1.0,64.8244689544401,1.0,49.946721981289926,1.0,39.1643322482776,1.0,28.92679280239466,1.0,20.32907625118265,1.0,13.740538211488744,1.0,6.4842204706829065,0.0,2.9935585648
adaptive,2023-24,50,2023-12-30,2,8.404500472000217,26.0,304.9938412820042,1.0,221.05241953286955,1.0,163.18741483129548,1.0,110.29785762548953,1.0,82.14056105935906,1.0,62.918888550120414,1.0,47.847008225104446,1.0,36.25834255430668,1.0,26.477529969270815,1.0,16.926103392235117,1.0,8.41588026725536,1.0,4.1831100972
adaptive,2023-24,50,2023-12-30,3,8.582398354140743,21.0,279.49408150779186,1.0,207.2418433607179,1.0,157.27531380298018,1.0,108.78620454531406,1.0,82.1331098044297,1.0,62.94496794237316,1.0,48.85049512173995,1.0,36.30305008388282,1.0,26.513908083050367,1.0,16.968901173152236,1.0,8.501569698942966,0.0,1.7308003662
adaptive,2023-24,56,2023-12-30,0,13.348197802670757,82.0,428.8487098524545,1.0,316.3222569936429,1.0,238.36611076181745,1.0,166.84713821418384,1.0,128.35470033904915,1.0,100.5680429199044,1.0,78.32445779274329,1.0,60.90750818561726,1.0,44.297828429005506,1.0,28.733726548544098,1.0,14.215678757141148,1.0,5.476
adaptive,2023-24,56,2023-12-30,1,18.445424545530592,56.0,653.5865310181038,1.0,466.08330563221233,1.0,340.01576415777197,1.0,230.7457521647423,1.0,170.86831998957624,1.0,132.01360332548845,1.0,100.69439119641652,1.0,75.6674270588843,1.0,53.98948684527144,1.0,35.5391968928529,1.0,16.938941588540246,0.0,12.375163444
adaptive,2023-24,56,2023-12-30,2,22.63872823016525,23.0,591.4879447845909,1.0,434.5147147089879,1.0,328.04337809587855,1.0,219.20805332049702,1.0,161.63915633875348,1.0,124.1856097688106,1.0,94.60832373964953,0.0,70.25221995895254,0.0,51.036292243617986,0.0,33.20741501003063,0.0,16.0936088693226,0.0,40.0392856259
adaptive,2023-24,56,2023-12-30,3,12.758153518802853,40.0,456.08636012494543,1.0,337.655334715319,1.0,252.3031005197337,1.0,170.65485339614207,1.0,126.40681767396222,1.0,96.04645521578107,1.0,74.48112895786018,1.0,55.489094485722575,1.0,39.50887400424815,1.0,25.142010729976096,1.0,11.712982343387935,1.0,22.9973441672
adaptive,2023-24,02,2024-01-06,0,1.4701175786167224,6.0,25.963588642807075,1.0,18.12567302817465,1.0,13.301344594707972,1.0,9.800616510251135,1.0,7.250269211269861,1.0,6.041891009391549,1.0,4.900308255125568,1.0,3.709084091829582,0.0,2.41675640375662,0.0,1.2589299642667982,0.0,1.2025084634577876,0.0,1.2023086957
adaptive,2023-24,02,2024-01-06,1,3.4735240823207367,9.0,66.46080110330705,1.0,34.302157785878975,1.0,20.54242943193127,1.0,12.363613639431941,1.0,9.66702561502648,1.0,7.3504623826883515,0.0,4.917007117028649,0.0,3.6752311913441758,0.0,2.4727227278863877,0.0,2.438869827400982,0.0,0.0559663241297681,0.0,2.5632701034
adaptive,2023-24,02,2024-01-06,2,2.754145532064248,7.0,165.6818033474453,1.0,68.87755750706367,1.0,34.302157785878975,1.0,17.151078892939488,1.0,11.025693574032527,1.0,8.45864741314817,1.0,6.125385318906959,0.0,3.6919300532472574,0.0,2.450154127562784,0.0,2.400057541853538,0.0,1.2137927636195898,0.0,1.8495260666
adaptive,2023-24,02,2024-01-06,3,3.896861132387563,8.0,317.8276083556646,1.0,143.33401646242285,1.0,63.0544295611029,1.0,24.727227278863882,1.0,13.599975003375135,1.0,8.654529547602358,1.0,6.181806819715971,0.0,4.900308255125568,0.0,2.466852989465866,0.0,1.2643445260080781,0.0,1.1916793399752281,0.0,2.3608978921
adaptive,2023-24,06,2024-01-06,0,136.3569345452403,1075.0,2698.22430277892,1.0,2156.304612237825,1.0,1740.8380292972029,1.0,1322.2812728447282,1.0,1048.6729834873254,1.0,840.4557556427809,1.0,671.4540389747357,1.0,517.1938036959211,1.0,378.1291251259438,0.0,248.81626366304295,0.0,123.34520756256961,0.0,245.2552347826
adaptive,2023-24,06,2024-01-06,1,137.54567288244726,1096.0,3837.3309431581324,1.0,2910.407179545678,1.0,2283.5973500892205,1.0,1688.7809818034652,1.0,1333.1273317295513,1.0,1059.8750040160476,1.0,836.1377634350729,1.0,644.5175712408135,1.0,473.11408482848015,1.0,308.80725553673744,1.0,151.6823893382293,1.0,204.974715322
adaptive,2023-24,06,2024-01-06,2,184.90846838925225,732.0,4759.888459503203,1.0,3486.487319482585,1.0,2687.735614055614,1.0,1939.0367378327196,1.0,1514.4555629693582,1.0,1201.9231973862775,1.0,944.5923639294506,1.0,721.4295424372632,1.0,528.1735644573182,0.0,347.96125529410824,0.0,171.88860786842656,0.0,449.9065812803
adaptive,2023-24,06,2024-01-06,3,198.6510377093707,547.0,5351.271704818526,1.0,3833.406993856311,1.0,2877.802332955128,1.0,2047.6507957447916,1.0,1564.0733588883113,1.0,1234.5552526809588,1.0,973.447677613018,1.0,746.7531461334341,1.0,539.2784069843221,0.0,351.1964620535549,0.0,170.57218910625807,0.0,579.548809816
adaptive,2023-24,36,2024-01-06,0,145.66591018432464,1024.0,3019.492480395257,1.0,2390.6541885638135,1.0,1903.76680619577,1.0,1418.8973871632622,1.0,1107.8778790695683,1.0,886.262932506564,1.0,701.3218678481776,1.0,541.4970065190215,1.0,398.2176676972931,0.0,264.46035718573944,0.0,133.7047502178898,0.0,182.841
adaptive,2023-24,36,2024-01-06,1,192.97506683162513,851.0,4195.779833104393,1.0,3237.1150371480926,1.0,2509.2850947824695,1.0,1832.6930993036349,1.0,1420.8264060946176,1.0,1118.8172958432838,1.0,881.5379896303622,1.0,680.1136021572045,1.0,492.060654845832,0.0,320.6342112126657,0.0,158.49036764532502,0.0,308.5119280632
adaptive,2023-24,36,2024-01-06,2,163.36477150806448,884.0,4851.901207414327,1.0,3646.9048140866457,1.0,2812.9502561367904,1.0,2008.804266011511,1.0,1550.0217276052,1.0,1226.6256446240723,1.0,958.1953782707355,1.0,732.611104793126,1.0,532.7876211445592,1.0,353.24766195070004,1.0,172.46803894256414,0.0,260.338886116
adaptive,2023-24,36,2024-01-06,3,152.971817185861,764.0,4842.442965284295,1.0,3548.6200182028288,1.0,2733.055543195584,1.0,1935.1139284874275,1.0,1495.4473149874057,1.0,1168.1275444989233,1.0,918.1187569513206,1.0,699.4062610674405,1.0,509.23236468290827,1.0,331.20929471772206,1.0,164.84372531016152,1.0,347.9163638779
adaptive,2023-24,42,2024-01-06,0,94.66340100680864,577.0,1604.9047610875787,1.0,1282.4894769015734,1.0,1043.4618480142517,1.0,786.6007932324351,1.0,629.4624755247839,1.0,508.8803471076275,1.0,403.2399846365822,1.0,314.0943698296884,0.0,231.66394963087612,0.0,151.98052732991528,0.0,74.9473701061562,0.0,138.0940130435
adaptive,2023-24,42,2024-01-06,1,127.81223668847937,454.0,2083.558485128226,1.0,1642.1801538815573,1.0,1325.7357023222307,1.0,998.3198195710437,1.0,785.2818890011706,1.0,629.9330804405149,1.0,498.28629104950244,0.0,385.2227406017474,0.0,284.63775754603466,0.0,185.56089822560875,0.0,94.03286347948085,0.0,218.7705903839
adaptive,2023-24,42,2024-01-06,2,115.86147934763852,401.0,2386.395630520551,1.0,1847.751790509442,1.0,1463.9719627402524,1.0,1077.9791459504254,1.0,846.1406858078424,1.0,675.6243010946259,1.0,535.2444652766364,1.0,413.04328414059444,1.0,299.855212626092,0.0,196.8876370451885,0.0,96.88810278956487,0.0,250.6307269951
adaptive,2023-24,42,2024-01-06,3,85.38478361398214,443.0,2343.7339804192584,1.0,1808.9235081894635,1.0,1409.8284345742115,1.0,1039.607896301269,1.0,814.0113805362054,1.0,653.4336643291464,1.0,522.1333450728887,1.0,402.95961031927453,1.0,293.0638595645496,1.0,188.67039489600813,1.0,94.20969560165099,1.0,205.0769329424
adaptive,2023-24,50,2024-01-06,0,4.78749925222205,24.0,81.81763075067218,1.0,56.29456539792736,1.0,42.38409760896348,1.0,30.032005991124265,1.0,22.724807668754817,1.0,18.354652347840428,1.0,14.802812889511543,0.0,11.400316112498272,0.0,8.635796962869321,0.0,5.355616788292014,0.0,2.6482216122884967,0.0,6.5847695652
adaptive,2023-24,50,2024-01-06,1,6.2145080348767285,26.0,126.23692292695853,1.0,86.5342946812564,1.0,62.038786610491066,1.0,41.50135707153398,1.0,31.42157094435049,1.0,23.788270418368768,1.0,18.56265491071455,0.0,14.780142831889327,0.0,10.42708604843742,0.0,6.999165237698314,0.0,3.418122974495187,0.0,7.325103279
adaptive,2023-24,50,2024-01-06,2,5.211697705718671,21.0,153.82946729618646,1.0,107.50582089449394,1.0,74.76621966912226,1.0,48.9283206477479,1.0,35.83527363149798,1.0,27.408504026547572,1.0,21.357787333525337,1.0,16.545623906748325,1.0,11.434833596453993,0.0,7.885043728214695,0.0,3.5686175867606025,0.0,3.4945697469
adaptive,2023-24,50,2024-01-06,3,4.9003823276689635,18.0,152.71652620786992,1.0,105.92886449153987,1.0,77.6811672937959,1.0,51.013811938784784,1.0,37.57219271954426,1.0,28.816896698295096,1.0,21.815938711585453,1.0,15.866275639125494,1.0,11.434833596453997,0.0,7.891319634388464,0.0,3.562341680586833,0.0,2.0055470442
adaptive,2023-24,56,2024-01-06,0,18.424372105727155,56.0,372.2929695079518,1.0,278.2455449802902,1.0,212.84304532711232,1.0,154.90425793256608,1.0,120.03106674139715,1.0,95.16204512337063,1.0,74.92370425706596,1.0,57.78141236125215,0.0,41.83780247305974,0.0,27.42154732960327,0.0,13.446810723954556,0.0,26.1756869565
adaptive,2023-24,56,2024-01-06,1,29.37363397123629,23.0,463.04423560576754,1.0,342.150642067549,1.0,258.8510092139146,1.0,182.04505354871185,1.0,139.63995751798956,0.0,109.21664933955252,0.0,84.46311867272026,0.0,64.28652081076878,0.0,46.80643997603666,0.0,30.58557202148058,0.0,15.193727167085527,0.0,55.9267120137
adaptive,2023-24,56,2024-01-06,2,13.284145083957096,40.0,450.3461811438692,1.0,320.573497897117,1.0,235.3597228229183,1.0,163.47460908032724,1.0,124.73838244392036,1.0,96.36120764408031,1.0,74.36535026126393,1.0,56.636880032422,1.0,40.74535213784016,1.0,26.366872432310842,1.0,12.584054867318066,0.0,36.9008897676
adaptive,2023-24,56,2024-01-06,3,10.200390971575976,39.0,356.48389082411995,1.0,253.67121863193827,1.0,186.76250178227647,1.0,126.13855909492541,1.0,95.16204512337065,1.0,73.82724281047037,1.0,56.68015591567171,1.0,43.31371468918093,1.0,31.030095567788308,1.0,20.557573464027076,1.0,10.232419714245989,0.0,36.2867001198
adaptive,2023-24,02,2024-01-13,0,3.498847384071074,9.0,99.60840280881183,1.0,69.17576198049782,1.0,50.975561239287046,1.0,35.86891361951739,1.0,26.901685214638043,1.0,20.98618064324198,1.0,16.029503389188818,1.0,12.268271700439108,1.0,8.71542756941321,0.0,5.447874448387521,0.0,2.8027034992752053,0.0,0.8777260870000001
adaptive,2023-24,02,2024-01-13,1,9.334447492854373,7.0,378.80016867638625,1.0,238.29915711594813,1.0,154.3875740867483,1.0,92.7909954023961,1.0,63.51578389017799,1.0,47.132463351481604,1.0,34.50229631663429,0.0,25.422190521204413,0.0,18.35217228885756,0.0,11.638447798707144,0.0,5.253130858781265,0.0,1.8956031661000001
adaptive,2023-24,02,2024-01-13,2,17.09843174844216,8.0,780.6532980031546,1.0,540.3565093036191,1.0,358.44296324577397,1.0,205.07313532672774,1.0,133.2670858567548,1.0,94.79641456586741,1.0,67.13042068000381,0.0,48.30216199028838,0.0,33.416002496271275,0.0,21.166038382860652,0.0,10.611699768644861,0.0,1.9517607967000001
adaptive,2023-24,02,2024-01-13,3,24.573080729181697,11.0,922.5926138228878,1.0,677.3132282515409,1.0,493.1904961113656,1.0,318.99697089426763,1.0,223.81947036546072,1.0,157.56796571542606,1.0,111.8210619161753,1.0,78.50270586461453,0.0,54.27100055228463,0.0,34.28616551087309,0.0,16.52442383878287,0.0,2.1261069372
adaptive,2023-24,06,2024-01-13,0,162.29078052343465,1096.0,1754.8480962351164,1.0,1401.3494804119646,1.0,1125.6693035694266,1.0,841.7749479124909,1.0,662.080851568621,1.0,532.4784817604284,0.0,423.60412931660323,0.0,326.43565579122355,0.0,238.92129379054222,0.0,154.23544447168,0.0,75.67500422386627,0.0,48.5007304348
adaptive,2023-24,06,2024-01-13,1,95.66420146674703,732.0,2320.3125521719003,1.0,1717.1412921250821,1.0,1325.5933662636432,1.0,968.449231849057,1.0,754.9265481609787,1.0,598.4088034025524,1.0,470.46147204234904,1.0,362.82996119828425,1.0,262.92966823535596,1.0,169.37800518445988,0.0,82.93526695806054,0.0,189.151672294
adaptive,2023-24,06,2024-01-13,2,90.20647792734178,547.0,2942.985374078911,1.0,1996.3087692026438,1.0,1469.4239843885796,1.0,1020.5439726927044,1.0,785.7213760342802,1.0,612.1618610747756,1.0,481.98676452214113,1.0,366.0703386609816,1.0,264.1826109306646,1.0,174.30129475909018,0.0,83.87805373961663,0.0,302.1266903765
adaptive,2023-24,06,2024-01-13,3,98.00963738950361,464.0,3763.0380212736018,1.0,2286.8362037999086,1.0,1574.5425960842838,1.0,1053.4558724520616,1.0,786.182229046216,1.0,604.7853076385408,1.0,471.14121686954417,1.0,354.6962962815554,1.0,255.5062152319035,1.0,165.13891033356117,0.0,80.94817242238753,0.0,344.9738100378
adaptive,2023-24,36,2024-01-13,0,84.51312325842294,851.0,1940.0766219731834,1.0,1499.0983090471354,1.0,1178.346664801551,1.0,885.4712291193657,1.0,698.1239727070822,1.0,558.2498733189336,1.0,441.82634608074045,1.0,340.60883870971804,1.0,250.5714087011205,1.0,164.84242758662333,0.0,81.77752806411024,0.0,56.1678826087
adaptive,2023-24,36,2024-01-13,1,157.60293212649944,884.0,2497.2180968387597,1.0,1824.3794709792217,1.0,1402.3440909125607,1.0,1013.3183665942383,1.0,787.4304366989174,1.0,625.2758897820365,1.0,492.0599894800413,0.0,376.72890871111855,0.0,275.2151928079464,0.0,180.27839525247884,0.0,87.00083123107231,0.0,34.5842846225
adaptive,2023-24,36,2024-01-13,2,166.81568997879313,764.0,2949.680107245544,1.0,2075.422610425052,1.0,1537.6792203025598,1.0,1063.3042298126693,1.0,809.2338689497951,1.0,630.5375551289181,1.0,490.904882159516,0.0,373.086524765133,0.0,271.78204392171835,0.0,176.11148082520185,0.0,87.90110334617037,0.0,100.1028892801
adaptive,2023-24,36,2024-01-13,3,222.2719058859889,765.0,3184.4309309605896,1.0,2192.0015098289045,1.0,1574.079458652348,1.0,1051.2708464346138,1.0,783.6336066497518,1.0,602.6209662392091,0.0,463.97283415710535,0.0,354.93236904771453,0.0,258.300029708661,0.0,167.98325863326946,0.0,82.49556009371412,0.0,96.3134311215
adaptive,2023-24,42,2024-01-13,0,47.30933584038884,454.0,1136.9167435301479,1.0,898.2557338143206,1.0,723.7826186449781,1.0,537.8516278224847,1.0,427.20914721195123,1.0,343.2467504997243,1.0,271.5359068801906,1.0,210.16601901927186,1.0,154.65193238948342,1.0,101.49157235972694,1.0,51.669445849778526,0.0,126.7789434783
adaptive,2023-24,42,2024-01-13,1,50.64795298932978,401.0,1429.6599164495678,1.0,1099.3776671065636,1.0,859.6540867718466,1.0,628.8022949798562,1.0,491.9326670373697,1.0,390.9357523048028,1.0,307.24569591848723,1.0,237.13728086765087,1.0,172.26733098083247,1.0,112.12334264181686,1.0,54.55317195470457,1.0,153.8776357579
adaptive,2023-24,42,2024-01-13,2,79.3845759901879,443.0,1681.415734237195,1.0,1223.2868405864529,1.0,931.3933494883764,1.0,665.2515322050511,1.0,511.3264959617764,1.0,406.5610635630106,1.0,319.2656992838109,1.0,243.89456385414735,0.0,177.6405793511018,0.0,116.68120209880124,0.0,56.47065688382685,0.0,114.2858791914
adaptive,2023-24,42,2024-01-13,3,100.88668902139952,425.0,1872.5188268513596,1.0,1305.1512213697918,1.0,958.2957361221606,1.0,660.8896212627415,1.0,498.4998999386788,1.0,388.8153497021564,1.0,301.48975198966593,0.0,231.29782320915396,0.0,167.03147550915645,0.0,108.75953837822559,0.0,53.77550761197247,0.0,121.3304904028
adaptive,2023-24,50,2024-01-13,0,3.7105581185456855,26.0,115.86244020950326,1.0,83.55340409733273,1.0,62.710343327933955,1.0,44.42079711503766,1.0,33.95921705158306,1.0,27.53705024957619,1.0,21.24353278373866,1.0,16.84347119725806,1.0,11.663385785576374,1.0,7.472880261485994,1.0,4.125569136169812,0.0,1.8453173913
adaptive,2023-24,50,2024-01-13,1,4.863844621294128,21.0,182.37482431920972,1.0,126.90606488881944,1.0,93.07374819955335,1.0,62.55816012263692,1.0,47.57235301756124,1.0,36.07716287682034,1.0,27.600040031590737,1.0,21.257743500994565,1.0,15.824523816124053,1.0,9.609833973583992,1.0,5.237464462077913,1.0,1.2938987678
adaptive,2023-24,50,2024-01-13,2,5.677730444751691,18.0,223.2063067604429,1.0,153.7446308098704,1.0,109.98901521676514,1.0,72.9663447432866,1.0,54.06280085132199,1.0,41.35200414886169,1.0,31.729140796455475,1.0,24.36128560623184,1.0,17.916856669310217,1.0,11.663385785576374,1.0,6.261841783271695,1.0,2.9347350229
adaptive,2023-24,50,2024-01-13,3,5.620643539245246,20.0,203.58404975085443,1.0,147.3827840177378,1.0,109.2117032649424,1.0,72.96652553484515,1.0,54.06795960404392,1.0,40.41595839439574,1.0,31.793757702497036,1.0,23.34812974827471,1.0,17.006194800795654,1.0,10.657244890467918,1.0,5.314435875248639,0.0,2.0872821448
adaptive,2023-24,56,2024-01-13,0,9.250802991057848,23.0,165.53470696831477,1.0,124.31075081995048,1.0,95.25898102645363,1.0,68.18364835594545,1.0,52.75247970578927,1.0,41.89241557325782,1.0,32.84595349567185,0.0,25.172019912901423,0.0,18.654954028381997,0.0,12.31755024807817,0.0,6.017201502807431,0.0,26.8066782609
adaptive,2023-24,56,2024-01-13,1,8.022943638304861,40.0,186.22885556357411,1.0,133.32848196801456,1.0,98.05839416505705,1.0,67.17347887966191,1.0,51.278242820259194,1.0,39.48982946311358,1.0,30.56602417995172,1.0,23.39007567239893,0.0,17.229219521982046,0.0,10.809623971203163,0.0,6.097997070783141,0.0,10.7735904938
adaptive,2023-24,56,2024-01-13,2,11.337112984596923,39.0,183.17380754949335,1.0,122.35001896526438,1.0,88.10083452732053,1.0,58.066467023446066,1.0,43.52644931869149,1.0,32.69511611568193,0.0,26.008618093694956,0.0,19.771839806678955,0.0,13.688208200656762,0.0,9.004829125763688,0.0,4.4851222131998,0.0,10.6509068193
adaptive,2023-24,56,2024-01-13,3,11.537525583189494,33.0,160.13577377978535,1.0,107.05457711597971,1.0,73.7991261208616,1.0,48.57220520260192,1.0,35.070748043837455,1.0,26.946620386358454,0.0,20.64581509183541,0.0,15.415617467036569,0.0,10.79974262852771,0.0,7.196946360738132,0.0,3.5960028447002035,0.0,14.2360757231
adaptive,2023-24,02,2024-01-20,0,2.954420794267226,7.0,74.82429876854302,1.0,53.246366740247126,1.0,39.662914634522316,1.0,27.295141825859734,1.0,20.532487259761854,1.0,15.969712313148111,1.0,12.590014802919901,1.0,9.174997542914944,0.0,7.007178127566098,0.0,4.562774946613745,0.0,2.2813874733068733,0.0,1.2349826087
adaptive,2023-24,02,2024-01-20,1,5.650095903273034,8.0,267.5590269432502,1.0,159.70418708143643,1.0,100.89305101612968,1.0,61.194816631830605,1.0,43.34636199283059,1.0,31.939424626296223,1.0,24.68813915412682,1.0,18.060914794201924,0.0,13.329691563873595,0.0,8.055495656127556,0.0,4.456815697283492,0.0,1.3223745262
adaptive,2023-24,02,2024-01-20,2,9.60751854957237,11.0,585.1758869032129,1.0,354.75575209921874,1.0,227.85252317635997,1.0,126.93796960869977,1.0,84.32982865853155,1.0,59.35139405575545,1.0,43.34636199283058,1.0,30.63830442928986,1.0,22.189397403959305,1.0,14.360621646882892,0.0,6.801778720188517,0.0,1.8957254706
adaptive,2023-24,02,2024-01-20,3,19.21986062890969,2.0,704.2286750947059,1.0,505.33411432571864,1.0,351.3407348392138,1.0,209.11594727484777,0.0,140.3053296083727,0.0,97.99098421376522,0.0,69.06693396204543,0.0,49.106342275740566,0.0,34.139720462645265,0.0,21.466566432016382,0.0,10.266243629880929,0.0,3.9205421772
adaptive,2023-24,06,2024-01-20,0,81.3150311312632,732.0,1765.6361653633674,1.0,1411.6267158575952,1.0,1140.579801598284,1.0,849.0602081566955,1.0,674.1532969143396,1.0,540.5147531106632,1.0,428.75439622527097,1.0,336.0533286436389,1.0,246.62270103908588,1.0,162.3599448507315,0.0,81.86519013593659,0.0,214.9748826087
adaptive,2023-24,06,2024-01-20,1,97.72109276775656,547.0,2532.900045547348,1.0,1875.1902821069225,1.0,1444.9882122876575,1.0,1037.242001344292,1.0,797.9256172669911,1.0,625.150716825311,1.0,493.32164265187083,1.0,378.4967192987678,1.0,279.8454206617771,1.0,183.53066080800374,0.0,92.04131493702982,0.0,331.1031610927
adaptive,2023-24,06,2024-01-20,2,95.90680686643707,464.0,3594.318266732099,1.0,2460.7283817632338,1.0,1756.2366120931297,1.0,1171.3022687945095,1.0,888.1104328072383,1.0,684.338763525546,1.0,530.1023603166195,1.0,402.53105888863684,1.0,292.04077512070137,1.0,190.14074048362977,1.0,91.02331140440418,0.0,369.1150817497
adaptive,2023-24,06,2024-01-20,3,101.9155931109054,342.0,4792.043496323405,1.0,2980.7255598882107,1.0,2000.9116990087598,1.0,1255.586347215277,1.0,912.5389861042944,1.0,697.6298741502159,1.0,538.0600741620885,1.0,408.9826458898174,1.0,291.83686289625155,1.0,190.38050743147755,1.0,91.02729434670044,0.0,440.1880423837
adaptive,2023-24,36,2024-01-20,0,142.32495802312428,884.0,1563.0895952462013,1.0,1204.199043121643,1.0,949.4392816283378,1.0,705.3269776753966,1.0,552.0557580290528,1.0,441.20431658463264,0.0,351.55417079952184,0.0,270.15161011075327,0.0,197.526782902219,0.0,130.32931259170516,0.0,64.13456894576541,0.0,52.5102521739
adaptive,2023-24,36,2024-01-20,1,155.09713187846185,764.0,2149.945266119165,1.0,1506.4490007808274,1.0,1134.8974358610328,1.0,803.0418238852035,1.0,621.7563198118322,1.0,487.7662931740638,0.0,383.7988525539242,0.0,293.4882105585018,0.0,215.118720464925,0.0,141.1451699568587,0.0,68.8001139163083,0.0,29.7281463657
adaptive,2023-24,36,2024-01-20,2,222.39897495102974,765.0,2850.9957386626224,1.0,1814.6096756046063,1.0,1277.0737637877426,1.0,851.8579846827009,1.0,641.0769868406016,1.0,493.9319041196262,0.0,384.06878199288104,0.0,291.957817308023,0.0,209.63388953914367,0.0,135.34468352027557,0.0,67.18097283815854,0.0,35.2728815275
adaptive,2023-24,36,2024-01-20,3,290.0403061060459,780.0,3431.981554951277,1.0,2113.7340318648608,1.0,1383.416015125102,1.0,862.0297341411076,1.0,621.7295313867614,0.0,468.0436807427873,0.0,359.15116610248697,0.0,269.65437087534406,0.0,193.83554742312285,0.0,125.39744077455623,0.0,62.4639069527403,0.0,38.5136837033
adaptive,2023-24,42,2024-01-20,0,41.608912793454614,401.0,772.050803238001,1.0,606.3829170454707,1.0,488.72995082674845,1.0,360.6932915353747,1.0,282.7329896114337,1.0,226.17191555606288,1.0,179.6579953217878,1.0,137.7453399813632,1.0,100.35003048053056,0.0,66.44337295732015,0.0,33.18135855434872,0.0,41.2859869565
adaptive,2023-24,42,2024-01-20,1,111.55334019707597,443.0,931.5455245797787,1.0,685.292102636581,1.0,528.676497938688,1.0,381.491315463486,1.0,300.5706737416239,0.0,237.68271661341672,0.0,187.61239607603673,0.0,144.16820515895768,0.0,104.57881615396377,0.0,69.35670587967664,0.0,34.20937537867843,0.0,18.5056830208
adaptive,2023-24,42,2024-01-20,2,146.54701326539225,425.0,1111.4051510382435,1.0,758.7440496132691,1.0,551.2656530727426,1.0,381.85092177237436,1.0,287.59644179762154,0.0,225.99340268160933,0.0,176.87174268615485,0.0,134.6611384455441,0.0,97.74107251050978,0.0,62.74413223095516,0.0,31.251411288503135,0.0,29.4600276716
adaptive,2023-24,42,2024-01-20,3,235.2257591317159,493.0,1259.5003084027273,1.0,819.2935139071352,1.0,558.2093618161763,1.0,358.38070391330706,0.0,263.86229790608644,0.0,202.47917794378262,0.0,155.85751909076504,0.0,117.66196089154911,0.0,84.49993369651727,0.0,54.85593942724613,0.0,26.713610195043643,0.0,31.289472455
adaptive,2023-24,50,2024-01-20,0,4.150096129788446,21.0,119.83782308298976,1.0,87.17815387441176,1.0,65.75461637646991,1.0,47.23094084606155,1.0,36.83888911659825,1.0,28.93900853963882,1.0,22.495178093458733,1.0,17.457776980672634,1.0,12.817724882406644,1.0,8.504837093386332,0.0,4.0325589895208545,0.0,3.3217217391
adaptive,2023-24,50,2024-01-20,1,5.353247072240891,18.0,178.1204452169654,1.0,124.73656569757571,1.0,91.11636135235585,1.0,62.52759009969076,1.0,47.20837842393652,1.0,37.20086879367088,1.0,28.721461730633912,1.0,21.437102424325317,1.0,15.887632308789833,1.0,10.302017172334782,0.0,4.951976160454123,0.0,5.1234148983
adaptive,2023-24,50,2024-01-20,2,5.295076303520316,20.0,208.7559018838275,1.0,143.14068139990948,1.0,103.92568488279609,1.0,70.24708341729098,1.0,51.521594208127226,1.0,40.219450798642605,1.0,30.83553881655952,1.0,23.18721418974491,1.0,16.56995507242804,1.0,10.628179823658233,1.0,5.3829482552508985,1.0,3.4916302436
adaptive,2023-24,50,2024-01-20,3,5.515990858990077,21.0,195.57911099176144,1.0,139.16913666270452,1.0,100.29880532326499,1.0,67.53796338043013,1.0,50.361499184768135,1.0,38.02672780891051,1.0,28.77562106106759,1.0,21.312890817299596,1.0,15.550158523121048,1.0,10.233024754610625,1.0,5.040698736901067,0.0,2.9653607428
adaptive,2023-24,56,2024-01-20,0,18.11153601719816,40.0,60.73623818449473,1.0,43.5645819273783,1.0,33.11565321679791,0.0,23.663469422530415,0.0,18.217916078721835,0.0,14.7087934884161,0.0,11.48838787865556,0.0,8.903848440630092,0.0,6.475526138640067,0.0,4.484792445558149,0.0,1.9080998800992734,0.0,12.4532521739
adaptive,2023-24,56,2024-01-20,1,22.292176053153966,39.0,58.614164775018075,1.0,39.66259759917041,1.0,28.514999079738523,0.0,19.467895322411522,0.0,14.267402520927764,0.0,11.769759351528224,0.0,8.973278278868069,0.0,6.578818404868372,0.0,5.418183932362124,0.0,3.2377630693200325,0.0,1.5841666155410294,0.0,10.6013727951
adaptive,2023-24,56,2024-01-20,2,20.298755427908635,33.0,59.89861678242062,1.0,36.42483452985038,1.0,25.092663787230258,0.0,16.188815346600165,0.0,11.349528202179611,0.0,8.903848440630092,0.0,6.343268449536451,0.0,4.891359523099037,0.0,3.17823621214056,0.0,2.3762499233115433,0.0,0.805287282515184,0.0,5.9696726564
adaptive,2023-24,56,2024-01-20,3,31.930751145661024,44.0,59.94996462561147,1.0,33.99651222786035,0.0,21.854900717910226,0.0,12.951052277280134,0.0,9.465387769012166,0.0,7.099040826759125,0.0,4.755800840309254,0.0,3.940610576735568,0.0,3.1344708030917277,0.0,1.5775646281686944,0.0,0.7920833077705143,0.0,12.5927069846
adaptive,2023-24,02,2024-01-27,0,1.350055805631986,8.0,35.91780737227267,1.0,25.468111862509033,1.0,20.146919442521288,1.0,14.022825210740343,1.0,10.518266388317414,1.0,8.75912988925057,1.0,7.00682268432155,1.0,4.401164903667096,1.0,3.521113905071519,0.0,1.7688437584325714,0.0,1.739521469052507,0.0,1.2123391304
adaptive,2023-24,02,2024-01-27,1,2.6243541874937226,11.0,80.79557844478202,1.0,50.9320348265352,1.0,35.05744552027158,1.0,23.651095771523497,1.0,16.65210493775416,1.0,12.300222788612107,1.0,9.659523846411847,1.0,7.031956075218748,0.0,5.256264493503318,0.0,3.5041763290022114,0.0,1.7562770629839726,0.0,2.6530252105
adaptive,2023-24,02,2024-01-27,2,3.6976417000820208,2.0,176.16518274112465,1.0,102.49827641657019,1.0,63.97914002400282,1.0,36.005391746992146,1.0,24.59206778025848,1.0,18.40153417745527,1.0,13.177213839841937,0.0,9.642222306066861,0.0,7.876018943289244,0.0,5.245792247296152,0.0,2.619007992089526,0.0,2.4476456905
adaptive,2023-24,02,2024-01-27,3,4.11675356221231,4.0,291.7226793894341,1.0,174.33277236786003,1.0,106.00133395231691,1.0,56.20296046472855,1.0,36.793468961102505,1.0,24.59206778025848,1.0,18.40153417745527,1.0,13.14639863506907,1.0,9.634954931073208,1.0,6.130396108650279,0.0,2.634415594475959,0.0,2.0582037628
adaptive,2023-24,06,2024-01-27,0,44.738922135178065,547.0,1095.0556587170574,1.0,862.4083267104256,1.0,695.2454792423254,1.0,518.1372489237085,1.0,410.3495730527181,1.0,329.03606318512885,1.0,262.48486491978736,1.0,201.3927628115875,1.0,147.08159123503617,1.0,96.36109860919635,1.0,47.914646826911735,0.0,99.7184652174
adaptive,2023-24,06,2024-01-27,1,57.711723311672536,464.0,1385.1661855350967,1.0,1016.4269755917709,1.0,779.6031869031394,1.0,568.1462224323848,1.0,444.50120804017524,1.0,355.4407798413943,1.0,279.9294800924882,1.0,214.98739707822443,1.0,156.5707261534256,0.0,103.4692479128671,0.0,52.56229309881002,0.0,144.5167865229
adaptive,2023-24,06,2024-01-27,2,53.54074687571955,342.0,1675.6754877529293,1.0,1164.4446845603518,1.0,854.4477166709668,1.0,588.017379250295,1.0,446.6684261944645,1.0,350.0107630402605,1.0,272.410563063316,1.0,210.07843108715534,1.0,153.10948042185626,1.0,100.76859863955079,0.0,48.39458808378609,0.0,213.4654283429
adaptive,2023-24,06,2024-01-27,3,62.37839683892192,302.0,2099.0331012439083,1.0,1330.4241612327862,1.0,908.1823622288871,1.0,582.2205994201441,1.0,427.90357760370574,1.0,329.27298166811323,1.0,256.1324514405385,1.0,194.41346197710837,1.0,140.78689579212323,0.0,93.03602389520759,0.0,45.54784760826928,0.0,227.4947424659
adaptive,2023-24,36,2024-01-27,0,72.69437357690838,764.0,2026.6209104319455,1.0,1544.1315452759707,1.0,1210.310389233454,1.0,897.7289254907605,1.0,707.0564935340494,1.0,562.3963163688325,1.0,444.4812161363261,1.0,342.8859814060264,1.0,248.5298884406551,1.0,163.9239689714958,1.0,81.67720895519085,1.0,78.3811913043
adaptive,2023-24,36,2024-01-27,1,106.29180341740823,765.0,3289.181867449715,1.0,2315.0512620015193,1.0,1686.8637392307833,1.0,1148.5253567938357,1.0,875.8919339185543,1.0,687.4230956869183,1.0,537.2475886291608,1.0,409.5957488398608,1.0,297.8982486644629,1.0,193.8965025312225,0.0,95.92510932291623,0.0,69.3040578166
adaptive,2023-24,36,2024-01-27,2,153.02890388487688,780.0,4749.8947833173115,1.0,3048.712972853466,1.0,2123.702151883357,1.0,1374.603913362013,1.0,1011.4539223748677,1.0,775.6707503422949,1.0,593.2859411445617,1.0,444.1810772130857,1.0,317.9360598720088,0.0,202.8940220429012,0.0,100.90031238702812,0.0,60.3579966057
adaptive,2023-24,36,2024-01-27,3,197.81539326779543,782.0,5835.1020006941735,1.0,3773.284445372537,1.0,2483.5552435469467,1.0,1503.8702185643042,1.0,1077.6933061713542,1.0,800.7596720229641,1.0,610.4077032725872,1.0,455.8154563628187,0.0,325.99226714120425,0.0,210.99961342049454,0.0,104.74056488423594,0.0,61.1627205079
adaptive,2023-24,42,2024-01-27,0,65.85106507962094,443.0,778.2659192174866,1.0,606.4202668466718,1.0,475.72328457852086,1.0,347.68227497106693,1.0,273.9420226747003,1.0,219.4415358775395,0.0,174.99072362249552,0.0,135.33303430221932,0.0,99.54562122237769,0.0,65.22767943351164,0.0,32.9584883782768,0.0,22.0553521739
adaptive,2023-24,42,2024-01-27,1,96.19368725221636,425.0,1150.4847149881648,1.0,817.8289405383074,1.0,611.7949994745795,1.0,416.8382478213363,1.0,319.753020477904,1.0,251.47807411033418,0.0,197.0727657516883,0.0,150.8720038837372,0.0,109.32596308776675,0.0,71.68933841398166,0.0,36.125236809147054,0.0,17.023159277
adaptive,2023-24,42,2024-01-27,2,174.9991572110037,493.0,1650.8162714539585,1.0,1069.8702422400142,1.0,717.7461213818024,1.0,456.8291521655428,1.0,338.54222020410924,0.0,259.035362515879,0.0,201.47547993119457,0.0,150.39287813028778,0.0,108.00291542734985,0.0,70.62122252181109,0.0,34.80251931274543,0.0,50.2156091174
adaptive,2023-24,42,2024-01-27,3,205.25283085212416,493.0,2290.700578815,1.0,1347.5430686162651,1.0,831.3525324026617,1.0,485.1539223785356,1.0,341.0558498656227,0.0,253.2755774178963,0.0,193.851999222525,0.0,143.95597512612645,0.0,101.72438030831395,0.0,65.19313302113133,0.0,32.95848837827678,0.0,51.2861603677
adaptive,2023-24,50,2024-01-27,0,2.678598725348067,18.0,81.28873237364645,1.0,60.590921757454254,1.0,46.629253312631896,1.0,32.794697208888955,1.0,26.112381855073863,1.0,20.249077498762226,1.0,16.382696171276244,1.0,12.663589403128814,1.0,9.133075799968097,1.0,6.084713279884417,1.0,2.7399227399904262,1.0,1.8416869565
adaptive,2023-24,50,2024-01-27,1,3.826067238740219,20.0,115.08277067469757,1.0,78.96128051661206,1.0,58.45168511979582,1.0,41.033742915116065,1.0,30.862551969538853,1.0,24.247211722568586,1.0,18.266151599936194,1.0,14.134183965792575,1.0,10.258435728779018,1.0,6.487886841088221,0.0,3.3833455124056435,0.0,0.988053621
adaptive,2023-24,50,2024-01-27,2,5.1250997074320965,21.0,134.25621425953102,1.0,92.34519904526698,1.0,67.00269084362031,1.0,44.037043320111586,1.0,32.821240421117665,1.0,24.65930465991386,1.0,18.767366242587727,1.0,14.237322438901895,0.0,10.374762106381421,0.0,6.473676773921637,0.0,3.6011267403764347,0.0,1.192246685
adaptive,2023-24,50,2024-01-27,3,8.475448082466558,26.0,130.36428243613096,1.0,93.15737315967459,1.0,65.7581457597703,1.0,43.14808064545985,1.0,31.213505147779465,1.0,23.74599707991705,1.0,17.796226203823434,0.0,13.152578358816072,0.0,9.441515580061349,0.0,6.359996236588975,0.0,2.7977551987579146,0.0,2.9592521774000002
adaptive,2023-24,56,2024-01-27,0,6.099590924747209,39.0,171.58768868261313,1.0,121.49560515511024,1.0,89.92375415358394,1.0,62.033531334850814,1.0,47.38756502477233,1.0,36.63977311341277,1.0,30.083020465444488,1.0,22.814307942329346,1.0,15.8243817701197,0.0,9.784162781543465,0.0,4.860263079463831,0.0,0.9177739130000001
adaptive,2023-24,56,2024-01-27,1,7.0845195437792885,33.0,274.3366022397543,1.0,172.8093375513704,1.0,118.07423320781623,1.0,74.89739135138646,1.0,53.62043050543495,1.0,41.31223617544255,1.0,30.51862413873431,1.0,24.075128445821388,1.0,16.919672877761606,0.0,10.876932564275315,0.0,6.040218988576239,0.0,4.4261867041
adaptive,2023-24,56,2024-01-27,2,14.08073734465656,44.0,326.8526920939425,1.0,201.827526470442,1.0,132.68135484177287,1.0,80.33916898676156,1.0,55.593210884073834,1.0,41.09063413170675,1.0,30.483775844871126,0.0,22.916789241066986,0.0,16.84997629003523,0.0,10.811755492588318,0.0,4.83419225078903,0.0,2.9922015828
adaptive,2023-24,56,2024-01-27,3,8.696329648170863,27.0,302.14115928453674,1.0,202.91898584175271,1.0,133.6572346852553,1.0,77.97106940947599,1.0,53.47592928843952,1.0,38.87771590311644,1.0,27.99698313175024,1.0,20.647340622532887,0.0,14.569817406906004,0.0,8.551084339242601,0.0,4.782050593439429,0.0,7.6471494313
adaptive,2023-24,02,2024-02-03,0,2.184059277444791,11.0,36.845175640612545,1.0,27.882835619923007,1.0,21.95531689497003,1.0,15.928072219756439,1.0,11.949786694252719,1.0,9.928583091036188,1.0,7.069187947348104,1.0,6.034038322141844,0.0,4.059537929156171,0.0,2.0704910823961002,0.0,1.9324861406933005,0.0,2.3496956522
adaptive,2023-24,02,2024-02-03,1,3.296291137987521,2.0,83.64850685976903,1.0,53.77404012413723,1.0,36.939733052975726,1.0,24.885531450523914,1.0,17.96947039460374,1.0,13.941417809961505,0.0,10.959235590287545,0.0,7.986431286490553,0.0,5.077652747631108,0.0,3.956369928850335,0.0,1.9523929643487072,0.0,2.8595657335
adaptive,2023-24,02,2024-02-03,2,3.1824681879776553,4.0,176.70277886596187,1.0,101.82699890275454,1.0,65.72382681838995,1.0,38.936340874598365,1.0,27.153172449638298,1.0,19.91133445117401,1.0,14.108995239172048,1.0,11.06240359059338,1.0,7.956954714974599,0.0,4.991519554056595,0.0,2.0555609646545445,0.0,2.0888059041
adaptive,2023-24,02,2024-02-03,3,4.368263796731228,11.0,297.68928062286625,1.0,174.7102825657335,1.0,106.81851845681113,1.0,59.898234648679136,1.0,38.834318403364406,1.0,27.87297812408709,1.0,19.91133445117401,1.0,13.976254751358466,1.0,9.090487466556423,1.0,6.002265229652544,0.0,2.9874466735631797,0.0,2.5716429069
adaptive,2023-24,06,2024-02-03,0,51.99454161452084,464.0,754.8639797380213,1.0,598.7656985714542,1.0,487.55899305093556,1.0,365.98138605659665,1.0,291.76138895561746,1.0,232.77065205635154,1.0,185.7358471809535,1.0,143.62960316330168,0.0,105.44882046600412,0.0,70.29921364400275,0.0,34.599230032074104,0.0,36.7130675303
adaptive,2023-24,06,2024-02-03,1,46.74966669260549,342.0,913.1769277350371,1.0,676.2656775683929,1.0,521.4937797648523,1.0,382.647839482628,1.0,295.8425240851782,1.0,235.7218057219799,1.0,187.33684370974103,1.0,144.09719031142302,0.0,105.2995754027763,0.0,68.18610603686281,0.0,33.784666042598786,0.0,108.3023053711
adaptive,2023-24,06,2024-02-03,2,62.4978126583343,302.0,1053.28706179977,1.0,737.5321643750425,1.0,544.3477427180688,1.0,374.98534025277854,1.0,285.0412800936615,1.0,222.92177752781166,1.0,174.54531312189897,0.0,133.76378151706075,0.0,97.53991973282751,0.0,62.48818990578022,0.0,30.536658345834667,0.0,127.9785804883
adaptive,2023-24,06,2024-02-03,3,72.04277684601271,266.0,1271.2749041269913,1.0,790.2286976404482,1.0,546.3205153823577,1.0,362.4937603645232,1.0,263.8434891890552,1.0,203.23100311542004,0.0,159.1017114134341,0.0,120.03965109147367,0.0,87.81154237737317,0.0,56.819515366170265,0.0,28.20486903752365,0.0,145.6839081439
adaptive,2023-24,36,2024-02-03,0,93.05985116361175,765.0,1417.7241601248604,1.0,1101.9803805233678,1.0,871.9690562603555,1.0,643.6084608141518,1.0,507.04735148621546,1.0,402.6842072968197,1.0,319.4432669794271,1.0,247.5083407142243,0.0,181.02567393590795,0.0,119.13151365015938,0.0,59.07347784305432,0.0,35.3331429221
adaptive,2023-24,36,2024-02-03,1,148.19971229004426,780.0,2100.1758249098148,1.0,1508.8822817508133,1.0,1119.828999534455,1.0,784.2977020303056,1.0,609.5692971395752,1.0,482.43340238494284,1.0,380.31862672754227,0.0,292.4844304563608,0.0,213.59222602479468,0.0,138.8226729311774,0.0,67.60365763194147,0.0,43.5750052231
adaptive,2023-24,36,2024-02-03,2,195.90556788584408,782.0,2950.137010252616,1.0,1948.6802592063066,1.0,1365.9760961725797,1.0,917.7179816258366,1.0,681.2906995747436,1.0,529.0859809425122,0.0,411.09881843737975,0.0,311.2857560289894,0.0,224.9542637222179,0.0,145.71457867953382,0.0,72.85728933976691,0.0,47.1147050457
adaptive,2023-24,36,2024-02-03,3,228.6943502889193,764.0,3731.3899286835717,1.0,2317.227708332244,1.0,1579.8147821819537,1.0,1002.7856002475332,1.0,724.3593791513111,1.0,547.3130192904482,0.0,418.90127317895764,0.0,319.3604148553658,0.0,228.13541201634638,0.0,148.1482335605271,0.0,71.93695682845077,0.0,45.7765311122
adaptive,2023-24,42,2024-02-03,0,36.603323046556376,425.0,901.128731419335,1.0,707.4669765556611,1.0,564.8926211089404,1.0,417.41716171716917,1.0,328.615601258495,1.0,261.71874766960747,1.0,207.42817192436678,1.0,158.09899635715607,1.0,116.36017064291184,1.0,76.57695968373366,1.0,37.64761044106211,0.0,12.8598798955
adaptive,2023-24,42,2024-02-03,1,81.74007187616546,493.0,1492.684917329229,1.0,1074.1146243522537,1.0,808.5852217156222,1.0,560.202910506218,1.0,428.99164315965504,1.0,336.23181737832783,1.0,265.3229870732179,1.0,203.36029936730893,0.0,147.7611757277677,0.0,95.99083678665198,0.0,46.43832138743534,0.0,31.664221953
adaptive,2023-24,42,2024-02-03,2,109.8917508073218,493.0,2285.4042611396576,1.0,1516.2791569921321,1.0,1065.6061432046313,1.0,696.7174565019467,1.0,515.8066566977152,1.0,396.34567323694785,1.0,305.6306987385644,0.0,231.8879765070807,0.0,167.39394918726677,0.0,107.55265459845381,0.0,53.0388244252633,0.0,33.4782093294
adaptive,2023-24,42,2024-02-03,3,161.34661723663302,540.0,3162.3372267816494,1.0,2016.9108353524014,1.0,1308.9613510571749,1.0,811.9778742009931,1.0,567.3853518898384,1.0,424.3105954021063,0.0,322.3293116180302,0.0,241.0106484261048,0.0,172.3630224593908,0.0,112.1293567464568,0.0,56.28609939007532,0.0,57.474703313
adaptive,2023-24,50,2024-02-03,0,4.085704575619877,20.0,54.70275433716953,1.0,40.97531936378469,1.0,31.34901065950903,1.0,23.024724125437206,1.0,18.409371697727877,1.0,14.71604899529822,1.0,11.207276952631695,0.0,8.417528909505405,0.0,6.40217006384829,0.0,3.7692900815206585,0.0,1.9107992966622014,0.0,2.5425652174
adaptive,2023-24,50,2024-02-03,1,6.047507590392229,21.0,72.84034829709452,1.0,50.075814237204575,1.0,37.0853173319477,1.0,25.05091662187965,1.0,19.55640242362451,1.0,15.637595197801891,0.0,12.054035845678094,0.0,9.189074444931101,0.0,6.490634686134359,0.0,3.798849296976588,0.0,1.901301264979752,0.0,2.9777384414
adaptive,2023-24,50,2024-02-03,2,10.75511231312204,26.0,84.38191251557235,1.0,57.48847864861861,1.0,40.7982751699874,1.0,26.733658231799698,1.0,19.362624230873223,0.0,14.90011613228534,0.0,11.18715829424564,0.0,8.365916944559386,0.0,5.589420166098463,0.0,4.564010961457605,0.0,1.8625145165356676,0.0,6.1676654598
adaptive,2023-24,50,2024-02-03,3,14.85725548563545,30.0,98.65718060492549,1.0,63.325493562212706,1.0,42.41336736286516,1.0,26.738862033110646,0.0,18.544670531812454,0.0,13.90447916718213,0.0,10.20997639511874,0.0,8.279812461540782,0.0,5.563401159543735,0.0,2.8306819067561273,0.0,1.862514516535668,0.0,8.6669785149
adaptive,2023-24,56,2024-02-03,0,5.739864580054839,33.0,179.89383910406698,1.0,135.97155939149658,1.0,104.07221258190805,1.0,72.85846615004317,1.0,55.037702214872226,1.0,43.32631482359504,1.0,34.41212476173611,1.0,26.02929383276346,1.0,18.73080009922535,1.0,12.198206845617161,1.0,5.873493880030658,1.0,4.7812173913
adaptive,2023-24,56,2024-02-03,1,9.495172219246657,44.0,284.19201022421663,1.0,202.1793142587143,1.0,145.97886590367636,1.0,96.8856649667075,1.0,71.12054618319186,1.0,54.020994899132894,1.0,40.946074421379244,1.0,30.96329609701558,1.0,21.748795865684528,0.0,13.66501536999683,0.0,6.524638759705361,0.0,2.6372636326
adaptive,2023-24,56,2024-02-03,2,7.640474590088113,27.0,335.41708883211135,1.0,231.38814059410515,1.0,162.67625137142304,1.0,103.16366588494475,1.0,73.7844897761468,1.0,55.323931168985716,1.0,42.08814436470715,1.0,31.45011555135556,1.0,22.464368250968256,1.0,13.70627420021339,1.0,6.968063406234229,1.0,7.8800910699
adaptive,2023-24,56,2024-02-03,3,7.64784887308824,25.0,320.7960979935633,1.0,217.30156446211893,1.0,153.77926331837662,1.0,96.93004459037796,1.0,69.48881091239794,1.0,51.394267912109356,1.0,38.98641639105157,1.0,28.36668926782381,1.0,21.09262394586534,1.0,13.274474681696896,1.0,6.739310475290479,0.0,8.7722181561
adaptive,2023-24,02,2024-02-10,0,6.714066033821802,2.0,61.30088045929108,1.0,45.678322254735,0.0,34.99959718560944,0.0,25.155960477156782,0.0,19.68306980841503,0.0,15.31232376870413,0.0,12.031111532553245,0.0,8.763350843571258,0.0,6.832901764987307,0.0,4.254737518118718,0.0,2.189156267496701,0.0,5.9831391304
adaptive,2023-24,02,2024-02-10,1,6.687033691633519,4.0,156.4056521552202,1.0,100.70202902654637,1.0,68.01569422485828,1.0,44.840711728967925,1.0,31.910531385890394,0.0,24.305813320057272,0.0,18.824084553252668,0.0,14.476665772477935,0.0,10.366366502611262,0.0,7.136853114521044,0.0,3.191053138589041,0.0,4.0589221445
adaptive,2023-24,02,2024-02-10,2,5.866759557450898,11.0,322.652536554837,1.0,199.24411409641857,1.0,127.61123178934288,1.0,75.45980343816993,1.0,52.12053459695431,1.0,38.280809421760324,1.0,28.53411572198933,1.0,21.04413457496804,1.0,15.31232376870413,1.0,9.573159415767119,0.0,4.947696847024343,0.0,1.7580616365000001
adaptive,2023-24,02,2024-02-10,3,10.485119774230373,5.0,467.38486311054595,1.0,310.62142502228374,1.0,203.1637164901688,1.0,117.09000915442279,1.0,78.62248498763446,1.0,55.191375605460884,1.0,40.49939094868899,0.0,28.509107019657044,0.0,20.210003211063913,0.0,12.764212554356156,0.0,6.562424472301771,0.0,3.4529997905
adaptive,2023-24,06,2024-02-10,0,33.20701063728462,342.0,597.9177328950664,1.0,466.9375244334462,1.0,375.9717914107663,1.0,282.50675953475564,1.0,223.7148188172589,1.0,178.6923520487553,1.0,140.84240368030322,1.0,108.60306650272435,1.0,79.42645772190298,0.0,52.397003734335954,0.0,26.55339696267839,0.0,36.4970891304
adaptive,2023-24,06,2024-02-10,1,49.67825995894346,302.0,757.3971776813718,1.0,558.1151731177084,1.0,423.92722612731984,1.0,306.5611897606227,1.0,237.83710573809725,1.0,186.61704224597082,1.0,147.06936741456235,0.0,112.61423540953908,0.0,82.71583192139823,0.0,54.73238834977133,0.0,26.868627008069552,0.0,60.1692527662
adaptive,2023-24,06,2024-02-10,2,60.25797897538311,266.0,956.8529979813216,1.0,657.1489901547197,1.0,464.52139550598116,1.0,317.64602935484396,1.0,237.4674088435097,1.0,185.30112879294484,1.0,145.2896127103021,0.0,109.03789127588657,0.0,78.89952843335263,0.0,51.00737141171652,0.0,25.272585407816138,0.0,81.3311298699
adaptive,2023-24,06,2024-02-10,3,52.40961692800326,207.0,1248.7775323384958,1.0,750.3330400440249,1.0,497.6219576378661,1.0,317.60544439280756,1.0,230.87116540267186,1.0,176.06763785160942,1.0,135.48271790408253,0.0,102.40301621543948,0.0,73.05040498416547,0.0,47.43521259186949,0.0,22.064270151180878,0.0,111.1930446404
adaptive,2023-24,36,2024-02-10,0,72.28648552544797,780.0,1641.7817203020975,1.0,1255.7666563010737,1.0,996.9447461542422,1.0,740.8200762755478,1.0,586.6947067599501,1.0,470.9496245631925,1.0,371.35855758138837,1.0,288.62998760833227,1.0,209.27318108082557,1.0,138.26012338104124,0.0,70.06676067707895,0.0,10.0462217391
adaptive,2023-24,36,2024-02-10,1,111.11192064309246,782.0,2525.5319423435594,1.0,1792.656350415064,1.0,1369.3609619728422,1.0,985.4982245115973,1.0,763.0523916773589,1.0,600.5422899117293,1.0,471.51173273753574,1.0,357.4165824214183,1.0,258.7058618054672,0.0,170.58853733133571,0.0,83.85516556437551,0.0,19.7656637639
adaptive,2023-24,36,2024-02-10,2,144.5941579063558,764.0,3662.4846274124143,1.0,2439.5417757480877,1.0,1766.4441194310944,1.0,1201.8151736850311,1.0,908.0854238233068,1.0,699.6977040934365,1.0,541.4352048168937,1.0,407.4263572944481,0.0,294.85307345698675,0.0,189.47951156230573,0.0,94.62874647068742,0.0,28.4883139816
adaptive,2023-24,36,2024-02-10,3,124.69461507851686,593.0,4729.02655884452,1.0,3054.097017320809,1.0,2102.7042639232814,1.0,1358.9560245180608,1.0,980.9641314825773,1.0,747.4442405933559,1.0,573.1448907494766,1.0,434.87646188406126,1.0,313.8240887012732,1.0,199.50765208734356,0.0,100.41914888573365,0.0,100.8425999759
adaptive,2023-24,42,2024-02-10,0,52.49299380656839,493.0,981.1384522064814,1.0,751.7580363993667,1.0,603.4231300910938,1.0,444.90627086062807,1.0,350.3933690062027,1.0,279.25837163268756,1.0,220.33935684878378,1.0,171.11769650679912,1.0,123.70296067077459,0.0,80.59904563536003,0.0,40.63159505421049,0.0,44.5749782609
adaptive,2023-24,42,2024-02-10,1,71.29708612787394,493.0,1669.9137847271995,1.0,1216.94229226913,1.0,917.9393762127122,1.0,649.8398236389158,1.0,502.0378876732883,1.0,395.25031813211297,1.0,309.58517070779845,1.0,234.08414744901808,1.0,171.52188914520116,0.0,111.82494627666955,0.0,53.2557957702802,0.0,41.1996192764
adaptive,2023-24,42,2024-02-10,2,107.46853466517395,540.0,2681.5196529748123,1.0,1797.4022715299657,1.0,1298.0913533702526,1.0,867.231065793138,1.0,648.9898090326733,1.0,497.0960885234116,1.0,387.12866925319065,1.0,292.11682220451576,0.0,210.2351999497783,0.0,136.9804019786302,0.0,66.20625162465444,0.0,67.1209449425
adaptive,2023-24,42,2024-02-10,3,117.58230250787236,511.0,3700.173481870956,1.0,2438.804504274349,1.0,1698.696665003005,1.0,1089.4077967225103,1.0,789.0591053700042,1.0,594.3825803216678,1.0,448.16539561304546,1.0,336.5350051491557,1.0,243.84748211325964,0.0,159.58024594254243,0.0,78.85954373676105,0.0,51.5747427751
adaptive,2023-24,50,2024-02-10,0,2.9907985522110905,21.0,69.39683380994526,1.0,53.6707794172226,1.0,40.57504592021379,1.0,30.179814787613047,1.0,23.490816059071143,1.0,18.361114127308042,1.0,14.889678564995162,1.0,11.680483209680448,1.0,8.589332981375051,1.0,5.389252640645186,0.0,3.1624251916154584,0.0,0.7077043478
adaptive,2023-24,50,2024-02-10,1,6.215728518934927,26.0,98.23981079997529,1.0,70.88091424832164,1.0,52.320453949749364,1.0,35.58580305008686,1.0,26.967182730511716,1.0,21.319873788325516,1.0,16.16775792193556,0.0,12.732483101396012,0.0,9.519103840624146,0.0,6.400160681459729,0.0,2.2767349979495357,0.0,3.6357651266
adaptive,2023-24,50,2024-02-10,2,9.828056668322239,30.0,135.60810544303382,1.0,86.48891367203466,1.0,60.12533086962536,1.0,39.72566503885962,1.0,28.9889988121408,1.0,21.573746184409373,0.0,17.054718579390318,0.0,12.813172395856988,0.0,8.69340735768565,0.0,5.469941935106162,0.0,3.1501727918100553,0.0,6.1964393394
adaptive,2023-24,50,2024-02-10,3,10.642853268110537,29.0,148.16599392871964,1.0,96.0987929689274,1.0,65.13362634560634,1.0,40.7993316615315,1.0,28.82963789067822,1.0,22.402879369134485,0.0,16.18030963830703,0.0,11.873091431248035,0.0,8.589332981375051,0.0,5.4037466514622015,0.0,2.1849883944581663,0.0,5.2217900346
adaptive,2023-24,56,2024-02-10,0,9.679891341460708,44.0,115.16113283468972,1.0,86.34710326244009,1.0,65.08448030053074,1.0,46.31124452717115,1.0,36.479679665111306,1.0,28.743758846958794,0.0,22.711069205752537,0.0,17.27725037399001,0.0,12.612498229345181,0.0,8.296298456342928,0.0,4.12558311843835,0.0,9.1768956522
adaptive,2023-24,56,2024-02-10,1,5.3096600997888475,27.0,171.7147121858966,1.0,118.70662568671183,1.0,85.39844733655688,1.0,57.24133811779737,1.0,42.32745953773751,1.0,33.338261399209046,1.0,25.607758812770264,1.0,19.19983140269016,1.0,14.215772237965933,1.0,9.271187223869424,0.0,4.6647521446448295,0.0,2.6332757361
adaptive,2023-24,56,2024-02-10,2,6.126580886216464,25.0,206.66316185364246,1.0,139.24661312518526,1.0,98.98000269449244,1.0,63.03145636125998,1.0,46.08524369890663,1.0,34.44207167823916,1.0,26.122774130757936,1.0,19.795651768114794,1.0,14.449433287434905,0.0,8.94897304165438,0.0,4.657149431722381,0.0,3.824098894
adaptive,2023-24,56,2024-02-10,3,4.797715850136552,15.0,223.67803584134037,1.0,148.0705596000162,1.0,101.88037860760313,1.0,63.05214621823726,1.0,44.60815003147489,1.0,33.33826139920905,1.0,25.18361674473578,1.0,18.239839832555653,1.0,12.819396799118099,1.0,8.648970115483653,1.0,4.025597684793405,0.0,9.2684744716
adaptive,2023-24,02,2024-02-17,0,1.481039232051856,4.0,7.827098541848655,1.0,6.155255883207128,1.0,4.924204706565702,1.0,3.3013604255001545,0.0,2.8393501518430178,0.0,2.431535421215583,0.0,1.6496772172686447,0.0,1.2390619897430817,0.0,1.2071577303672367,0.0,0.429172515315249,0.0,0.39379909538698743,0.0,1.1248434783
adaptive,2023-24,02,2024-02-17,1,7.697682983862071,11.0,11.122718980521773,1.0,7.718038792134962,0.0,5.355383212843816,0.0,3.7075729935072577,0.0,2.883667883838978,0.0,2.055889785275748,0.0,1.641401568855234,0.0,1.2374598271227504,0.0,1.2128977171942732,0.0,0.42343252848821256,0.0,0.3979369195936928,0.0,4.8538531162
adaptive,2023-24,02,2024-02-17,2,2.639721950792965,5.0,17.234716472979958,1.0,9.749101632170479,1.0,6.499401088113652,1.0,4.062125680071032,0.0,2.87245274549666,0.0,2.0597627741706988,0.0,1.647810219336559,0.0,1.2186377040213099,0.0,0.8248386086343223,0.0,0.4135547174544709,0.0,0.40874822959347734,0.0,1.7242369848
adaptive,2023-24,02,2024-02-17,3,5.830176579986014,9.0,25.593998613697313,1.0,13.182481754692471,1.0,7.796657452062362,0.0,4.1195255483413975,0.0,2.843487976049723,0.0,2.031062840035516,0.0,1.624850272028413,0.0,1.2310511766414256,0.0,0.8239051096682795,0.0,0.40621256800710326,0.0,0.0016021626203311934,0.0,3.3784672857
adaptive,2023-24,06,2024-02-17,0,31.581654663282507,302.0,519.2491544567964,1.0,410.1433135375537,1.0,326.8305811290454,1.0,246.389763146181,1.0,196.93182305571816,1.0,157.1373095885005,1.0,125.50577324276338,1.0,96.91782898829314,0.0,70.57502079547962,0.0,45.9167463083281,0.0,22.224514526665473,0.0,20.5337108696
adaptive,2023-24,06,2024-02-17,1,43.02632394095313,266.0,733.7806687575928,1.0,532.3781434342138,1.0,398.9220568156693,1.0,284.68382711163406,1.0,217.4993532613644,1.0,170.74244328914574,1.0,133.34708715999287,0.0,102.03072578150969,0.0,74.66978437229378,0.0,49.0149837744211,0.0,23.927196829185903,0.0,44.0360938725
adaptive,2023-24,06,2024-02-17,2,39.142719209044046,207.0,991.8791181743052,1.0,651.2875166152025,1.0,461.9137463089605,1.0,307.1023825502865,1.0,228.56335940145527,1.0,176.5243802520168,1.0,135.7094946446141,1.0,103.12594516011795,0.0,75.30671480703961,0.0,49.86525710195866,0.0,24.34585164556063,0.0,75.7573499994
adaptive,2023-24,06,2024-02-17,3,46.98762787012542,188.0,1475.4900290848636,1.0,789.805322925296,1.0,520.0233954918547,1.0,316.1942294021042,1.0,226.95019329566622,1.0,170.859659460146,1.0,130.79799615824535,0.0,98.11855537667637,0.0,70.71436440302651,0.0,46.60331711474801,0.0,22.684290466490737,0.0,87.518426769
adaptive,2023-24,36,2024-02-17,0,64.86715966410001,782.0,1690.6980856446812,1.0,1290.063326946034,1.0,1024.0431453790302,1.0,764.3074327620892,1.0,604.2270529803187,1.0,480.6953342295177,1.0,382.0214042189152,1.0,294.73454081460375,1.0,216.69374004289716,1.0,142.0426606615065,1.0,68.90129061938751,0.0,9.7912913043
adaptive,2023-24,36,2024-02-17,1,91.896756866827,764.0,2768.1735124881134,1.0,2004.6948655806582,1.0,1510.5660726796245,1.0,1070.670603036359,1.0,823.6354278656013,1.0,645.6395022696729,1.0,508.6663332272794,1.0,387.40199640305457,1.0,284.12526673476805,1.0,185.7189691828603,1.0,92.43933343217134,0.0,23.1395582136
adaptive,2023-24,36,2024-02-17,2,105.20825966420757,593.0,4260.638594578887,1.0,2844.603046588572,1.0,2021.8289512058022,1.0,1354.7607853257657,1.0,1010.4585134485123,1.0,786.5595480776105,1.0,608.8921847297869,1.0,463.22554589811483,1.0,334.9094158670785,1.0,218.95384180976373,1.0,108.32533574450076,1.0,111.9210567193
adaptive,2023-24,36,2024-02-17,3,132.25735455265604,411.0,5398.223853409016,1.0,3649.2421271983167,1.0,2501.770235511387,1.0,1589.9613186065646,1.0,1152.452393687966,1.0,874.8768266774136,1.0,674.1726282143147,1.0,509.73946895138755,1.0,367.39772018528583,1.0,239.45916669223124,0.0,120.1912011001167,0.0,234.7724387027
adaptive,2023-24,42,2024-02-17,0,44.34835776385767,493.0,1161.9822029362713,1.0,911.9104075501991,1.0,732.4220745351923,1.0,544.150821087943,1.0,425.5209336654487,1.0,338.2463197056493,1.0,269.19497196697347,1.0,207.85724628678906,1.0,152.58080032956389,1.0,100.44829563112705,1.0,50.69683015247301,1.0,8.2509347826
adaptive,2023-24,42,2024-02-17,1,68.36665224851464,540.0,2081.6751890376836,1.0,1557.456167322244,1.0,1189.7096203862932,1.0,843.2817258779487,1.0,646.0337038845571,1.0,513.2350252809796,1.0,402.19008330061064,1.0,309.39747393676623,1.0,226.3376180967059,1.0,148.99870205190274,1.0,74.53466912304054,1.0,27.0500470706
adaptive,2023-24,42,2024-02-17,2,90.11328797692269,511.0,3352.1211307711383,1.0,2356.8965365691624,1.0,1707.7642354457275,1.0,1156.9145310106182,1.0,863.6547397393219,1.0,673.4846977256261,1.0,524.7826349256134,1.0,396.5648566399976,1.0,285.3081301852452,1.0,184.49462380421352,1.0,92.34959112428282,1.0,22.128841152
adaptive,2023-24,42,2024-02-17,3,113.04363146673909,367.0,4510.505848666649,1.0,3090.1840413765026,1.0,2175.965760712978,1.0,1425.156963906115,1.0,1046.9422561831125,1.0,808.0459580999193,1.0,621.4529817489523,1.0,463.620659322821,1.0,325.4235114519979,1.0,207.85724628678895,1.0,101.07710926369924,0.0,76.2532977175
adaptive,2023-24,50,2024-02-17,0,4.087487500158944,26.0,81.57480197314928,1.0,58.8179396334058,1.0,45.92407703063573,1.0,33.341636271899944,1.0,25.152263065163986,1.0,20.25288666481542,1.0,16.164554941286656,1.0,12.636122657615562,0.0,9.577813266505004,0.0,5.503124425677687,0.0,3.087321024275518,0.0,3.314626087
adaptive,2023-24,50,2024-02-17,1,7.134198247150708,30.0,131.47228500111046,1.0,89.14756096014354,1.0,63.070338203304814,1.0,41.72900028969843,1.0,31.57702592028329,1.0,24.78565090997288,1.0,19.323053807533533,0.0,14.085907245947638,0.0,10.224794210014482,0.0,6.633249251038194,0.0,4.059363581460808,0.0,5.8511209388
adaptive,2023-24,50,2024-02-17,2,8.07277453598061,29.0,189.3882493378248,1.0,116.31938485800259,1.0,75.96818001457919,1.0,48.51665271290973,1.0,35.93682745386202,1.0,26.940924902144435,1.0,20.47510292562977,0.0,15.282249765478333,0.0,11.634004870951278,0.0,7.608569579359591,0.0,3.363132201775631,0.0,4.8056564381
adaptive,2023-24,50,2024-02-17,3,7.028255574173445,24.0,204.7578327501607,1.0,130.5368727011079,1.0,84.54148459997057,1.0,52.79491129295178,1.0,37.41517453421921,1.0,27.768441091661938,1.0,20.689037776409833,1.0,15.08691794520088,0.0,10.925194204878688,0.0,7.371071550275744,0.0,3.209923099207572,0.0,2.0633360423
adaptive,2023-24,56,2024-02-17,0,9.078214137765338,27.0,191.28367840048594,1.0,139.96944868852623,1.0,106.90604833751178,1.0,76.83455529681804,1.0,59.22300491259123,1.0,46.11774351519786,1.0,36.52265186287714,1.0,27.54485400983982,0.0,20.672247524606696,0.0,13.221529924723114,0.0,6.595988910361584,0.0,12.2976695652
adaptive,2023-24,56,2024-02-17,1,9.680975941645778,25.0,302.97853551097546,1.0,213.73853426492786,1.0,154.95383060588455,1.0,101.90229735755968,1.0,75.85387246915822,1.0,58.657592385832984,1.0,45.47073252138925,1.0,34.47229971450717,1.0,25.455181601399218,0.0,16.393185030540515,0.0,8.572185647856273,0.0,12.692247574
adaptive,2023-24,56,2024-02-17,2,12.008061870624179,15.0,353.6819905621913,1.0,246.23542157132408,1.0,174.08347734218765,1.0,114.33047444626746,1.0,83.5270287865801,1.0,63.84957977953219,1.0,48.513420511984684,0.0,37.25862183464852,0.0,26.348955400116438,0.0,17.53512490363099,0.0,8.690531639293763,0.0,19.0808518959
adaptive,2023-24,56,2024-02-17,3,10.798279329863545,11.0,332.0241078443376,1.0,233.52857538293833,1.0,169.29212334861398,1.0,108.83381702096614,1.0,79.151866924339,1.0,60.87108643812856,1.0,45.198187329470585,1.0,34.07927603686819,0.0,24.417774695810216,0.0,15.466983726176885,0.0,8.65375659981908,0.0,21.1359065465
adaptive,2023-24,02,2024-02-24,0,1.8006468497812889,11.0,52.68400791986481,1.0,38.20730375340132,1.0,28.999000378924308,1.0,22.167160863827664,1.0,16.939934389966794,1.0,13.05702186497291,1.0,10.564722718483456,1.0,7.902601187979723,1.0,5.336788860982457,1.0,3.930359743106991,1.0,1.4248074130024193,0.0,0.8578521739
adaptive,2023-24,02,2024-02-24,1,3.441309231541156,5.0,123.80976150273753,1.0,78.34213118983745,1.0,50.19732106610955,1.0,32.950300972914164,1.0,24.778565236822246,1.0,18.439402771952686,1.0,13.265456011356886,0.0,10.564722718483456,0.0,7.902601187979723,0.0,5.222808745989163,0.0,1.4248074130024193,0.0,2.7722601042
adaptive,2023-24,02,2024-02-24,2,3.720284767794829,9.0,276.5932197988713,1.0,146.58552771895793,1.0,89.56281346377018,1.0,50.04980752387157,1.0,33.94825684892956,1.0,25.091216456398207,1.0,18.498735182787485,1.0,13.265456011356886,1.0,10.522841016717717,1.0,6.5680502809140435,1.0,3.827777639613026,1.0,1.8198135025
adaptive,2023-24,02,2024-02-24,3,5.080462856187182,10.0,429.37466454689826,1.0,249.60801080904986,1.0,142.3215383282047,1.0,72.45190890131346,1.0,46.224152035178925,1.0,32.64255466243227,1.0,23.770626116587774,1.0,17.122302573956066,1.0,11.899493827966904,1.0,6.6773924656178645,1.0,3.917106559491872,1.0,2.0942686618
adaptive,2023-24,06,2024-02-24,0,27.90988206495708,266.0,469.2488440323967,1.0,366.22009113578787,1.0,294.8108530898951,1.0,221.39035939428942,1.0,174.85333355676536,1.0,140.2893025048466,1.0,112.46324938903237,1.0,87.05159202944844,0.0,63.599397817885944,0.0,41.232778943986176,0.0,21.27818694527531,0.0,13.8894630435
adaptive,2023-24,06,2024-02-24,1,25.81407665651593,207.0,654.694077819173,1.0,481.00056312704197,1.0,367.47863805475606,1.0,264.0958083315229,1.0,203.7838465380372,1.0,160.78752653791759,1.0,126.79152414940626,1.0,96.58200487753163,1.0,70.69804953562138,1.0,46.04520847766469,0.0,22.541407098314068,0.0,46.0018263184
adaptive,2023-24,06,2024-02-24,2,32.687402129356826,188.0,947.9455285947591,1.0,623.578570406394,1.0,446.7297043120423,1.0,296.2096073076279,1.0,221.82091002225644,1.0,172.54407450064184,1.0,132.9844416522941,1.0,102.67550400717037,1.0,73.77187777630057,0.0,48.77687215208762,0.0,23.77693006108875,0.0,59.8568438693
adaptive,2023-24,06,2024-02-24,3,39.81189605045737,175.0,1387.7167832962077,1.0,814.1676040426537,1.0,529.8380009988967,1.0,330.18323108915365,1.0,236.5444610215465,1.0,176.77466781692868,1.0,135.56709271857886,1.0,102.16220704884172,0.0,73.63354876864697,0.0,47.06135160030452,0.0,24.08382297100229,0.0,70.4446047067
adaptive,2023-24,36,2024-02-24,0,68.19478316499263,764.0,1799.2781535024515,1.0,1417.4715075152271,1.0,1132.9669196863078,1.0,837.7267404959425,1.0,659.9646801314401,1.0,528.4992262452823,1.0,419.9097537260702,1.0,323.3116136226382,1.0,235.6665902302326,1.0,155.26316745250188,1.0,78.57647101896532,1.0,22.2533173913
adaptive,2023-24,36,2024-02-24,1,115.46271423721946,593.0,3063.532636011842,1.0,2254.216620104074,1.0,1717.2666557110342,1.0,1220.8093247789552,1.0,942.4149994747324,1.0,739.9948537831108,1.0,577.726377685275,1.0,443.68085160974556,1.0,322.7607648805358,0.0,210.92237326817894,0.0,103.92013854170261,0.0,128.6466579532
adaptive,2023-24,36,2024-02-24,2,182.13216772915723,411.0,4691.99867922261,1.0,3270.8199559575924,1.0,2353.258985762906,1.0,1593.2900799411032,1.0,1211.8925583915411,1.0,930.1726219767963,1.0,725.9614838079895,0.0,543.0577948783618,0.0,384.95704947791626,0.0,252.79425571215893,0.0,122.95648185925177,0.0,256.8314439685
adaptive,2023-24,36,2024-02-24,3,197.28136982793242,355.0,6675.1316398439285,1.0,4393.784470661746,1.0,2982.704323416208,1.0,1965.4536189289292,1.0,1423.0725227739656,1.0,1086.5724582739263,1.0,820.7345164105054,1.0,617.3034458544867,0.0,448.0863960792251,0.0,290.9970070668958,0.0,139.35979082269262,0.0,289.9572700707
adaptive,2023-24,42,2024-02-24,0,47.7457913724534,540.0,1068.5248708973093,1.0,829.2653888440154,1.0,669.1442312731327,1.0,503.3451905398918,1.0,398.8292071427414,1.0,320.5557706372704,1.0,255.09983817458664,1.0,197.647950973357,1.0,144.23717259398086,1.0,94.36452462805545,0.0,47.62139403453142,0.0,36.2660217391
adaptive,2023-24,42,2024-02-24,1,62.098067385598604,511.0,1759.648327463146,1.0,1347.2328164003677,1.0,1032.7889831238997,1.0,744.9188830732887,1.0,579.7616453197402,1.0,461.1918854597581,1.0,367.38375181289547,1.0,279.9671474008865,1.0,203.38303702247777,1.0,132.54150368773662,1.0,64.02505742420999,0.0,20.7520231318
adaptive,2023-24,42,2024-02-24,2,84.9063343082156,367.0,2706.7870668275755,1.0,1949.9093325627466,1.0,1442.580999914799,1.0,994.3891731197613,1.0,756.6475106780658,1.0,595.2329557407021,1.0,466.2928165881199,1.0,357.2912721949285,1.0,258.1010127413465,1.0,167.1357730136064,0.0,83.39446943856194,0.0,69.0447277791
adaptive,2023-24,42,2024-02-24,3,99.6051358858877,339.0,3699.8864166927833,1.0,2537.574570059099,1.0,1827.835457971756,1.0,1231.1507859940878,1.0,920.3175377327015,1.0,707.9618063926803,1.0,549.6302561485498,1.0,417.383767119088,1.0,299.822973457687,1.0,196.78257753376676,1.0,97.50544172041651,0.0,83.7644415761
pf,2023-24,02,2023-10-07,0,2.7916525595529373,14.0,76.96004654118751,1.0,54.95216548537132,1.0,40.64885048005279,1.0,28.563031844709194,1.0,21.505382635050672,1.0,16.479584098561368,1.0,12.941045396848025,1.0,9.705784047636016,1.0,7.6857308009371135,1.0,4.397716945210715,0.0,2.198858472605357,0.0,4.6601453022
pf,2023-24,02,2023-10-07,1,5.598986455881775,21.0,177.00810704473128,1.0,114.34064057547859,1.0,79.17991380035821,1.0,51.6764671558258,1.0,37.70269816767605,1.0,28.56224154831061,1.0,21.484373848485333,1.0,16.475632616568433,1.0,11.736572227718629,0.0,6.7646457103388205,0.0,3.3054003764953244,0.0,8.7558182197
pf,2023-24,02,2023-10-07,2,9.393155254021666,30.0,241.56752460154027,1.0,165.02073258770298,1.0,117.54782902136955,1.0,74.76197836498075,1.0,53.87374503563398,1.0,39.64247886659247,1.0,29.768624526433705,1.0,22.073871248915605,0.0,15.396751086629028,0.0,10.63714299141595,0.0,5.203023169598586,0.0,14.7521359533
pf,2023-24,02,2023-10-07,3,10.684900339576641,33.0,254.50722613801113,1.0,176.8808693245587,1.0,126.43436217480806,1.0,83.57763074556892,1.0,61.56803723295001,1.0,46.149790084279424,1.0,34.44879892109446,1.0,25.801216833029024,0.0,17.71692050023492,0.0,12.07949626415489,0.0,5.504258849100681,0.0,16.3082053601
analogue,2023-24,02,2023-10-07,0,1.4323830993317075,14.0,50.54250000000005,1.0,39.157499999999956,1.0,30.182142857142832,1.0,15.3935064935065,1.0,11.431753246753235,1.0,9.455968169761274,1.0,7.757954545454545,1.0,5.9849531876950515,1.0,4.237152133580706,1.0,2.8828519913712594,1.0,1.0338419913419923,0.0,4.6601453022
analogue,2023-24,02,2023-10-07,1,2.9118983352767143,21.0,104.6362500000001,1.0,84.6,1.0,55.16999999999996,1.0,39.1764705882353,1.0,26.68846153846154,1.0,21.14952380952381,1.0,16.406250000000004,1.0,12.278181818181817,1.0,8.508720260754359,1.0,5.433333333333334,1.0,2.4393979768744174,0.0,8.7558182197
analogue,2023-24,02,2023-10-07,2,5.108621177692839,30.0,148.9577884615385,1.0,138.12,1.0,98.0828571428571,1.0,67.84953488372095,1.0,48.50022760744409,1.0,35.91904761904762,1.0,31.3,1.0,22.18731225296443,1.0,14.985148968678384,1.0,11.130846800258563,1.0,5.867313585291107,1.0,14.7521359533
analogue,2023-24,02,2023-10-07,3,10.598280526273188,33.0,483.0480000000001,1.0,288.855,1.0,160.31999999999994,1.0,127.97613139961558,1.0,84.69761904761899,1.0,66.24141619030064,1.0,54.0,1.0,41.24344440139475,1.0,28.237244273474403,0.0,16.95294117647059,0.0,6.619983632264443,0.0,16.3082053601
ens2,2023-24,02,2023-10-07,0,2.094001347487221,14.0,63.75127327059378,1.0,47.05483274268564,1.0,35.41549666859781,1.0,21.978269169107847,1.0,16.468567940901956,1.0,12.96777613416132,1.0,10.349499971151285,1.0,7.845368617665532,1.0,5.961441467258911,1.0,3.6402844682909876,0.0,1.6163502319736764,0.0,4.6601453022
ens2,2023-24,02,2023-10-07,1,4.07427490190684,21.0,140.8221785223657,1.0,99.47032028773928,1.0,67.17495690017908,1.0,45.42646887203055,1.0,32.1955798530688,1.0,24.855882678917208,1.0,18.945311924242667,1.0,14.376907217375125,1.0,10.122646244236492,1.0,6.098989521836078,0.0,2.872399176684871,0.0,8.7558182197
ens2,2023-24,02,2023-10-07,2,6.5103530367851725,30.0,195.2626565315394,1.0,151.5703662938515,1.0,107.81534308211333,1.0,71.30575662435085,1.0,51.18698632153904,1.0,37.78076324282004,1.0,30.53431226321685,1.0,22.13059175094002,1.0,15.190950027653706,0.0,10.883994895837256,0.0,5.535168377444844,0.0,14.7521359533
ens2,2023-24,02,2023-10-07,3,7.928817911896604,33.0,368.7776130690056,1.0,232.86793466227937,1.0,143.37718108740398,1.0,105.77688107259225,1.0,73.1328281402845,1.0,56.195603137290036,1.0,44.224399460547225,1.0,33.52233061721189,1.0,22.977082386854665,1.0,14.516218720312743,1.0,6.062121240682561,0.0,16.3082053601
ens3,2023-24,02,2023-10-07,0,2.3469429672995643,14.0,70.65972626523308,1.0,50.86129493199564,1.0,37.68679301076204,1.0,24.327267409022205,1.0,18.14577711834227,1.0,14.0759474267694,1.0,11.230106194309355,1.0,8.478075405266729,1.0,6.458014086161086,1.0,3.8880697582868855,0.0,1.7942400037565474,0.0,4.6601453022
ens3,2023-24,02,2023-10-07,1,4.685550223481927,21.0,158.7405096341008,1.0,108.53533244052572,1.0,73.29203161704756,1.0,48.20114214237278,1.0,34.363837185979605,1.0,26.1945085828723,1.0,19.804520193560446,1.0,15.269954688744157,1.0,10.38370130748881,0.0,6.547817684298103,0.0,3.3052709222112817,0.0,8.7558182197
ens3,2023-24,02,2023-10-07,2,7.528490944213667,30.0,216.89255942969194,1.0,160.92908056196833,1.0,112.86766631326056,1.0,72.99920443580083,1.0,52.65518635966879,1.0,38.80396596158786,1.0,30.389632729648586,1.0,22.231418626727397,1.0,15.48968203164545,0.0,10.494291652609249,0.0,5.461528239578083,0.0,14.7521359533
ens3,2023-24,02,2023-10-07,3,8.383388568889892,33.0,330.7775141652342,1.0,215.12745947425358,1.0,138.7142072346234,1.0,99.02664773198967,1.0,69.18229956466584,1.0,52.86967547631721,1.0,41.03077176536526,1.0,30.940698487706104,1.0,21.37756019177103,1.0,13.621208347114635,0.0,5.845763971653028,0.0,16.3082053601
pf,2023-24,06,2023-10-07,0,9.901355021492169,60.0,143.11077032034888,1.0,108.09822558793975,1.0,84.2423576198163,1.0,61.370040146113084,1.0,47.58473067950521,1.0,37.952610793161924,1.0,30.063528392691325,0.0,23.17824111041923,0.0,16.962135779275606,0.0,11.346482636199177,0.0,5.604229067809534,0.0,16.7971728347
pf,2023-24,06,2023-10-07,1,8.587356717418352,50.0,270.0508626213511,1.0,177.5646093928182,1.0,129.28365554744644,1.0,87.3693967304371,1.0,66.37436867250538,1.0,51.29366945427013,1.0,39.98508673443686,1.0,30.063528392691325,1.0,21.58240952123645,0.0,14.317436922633014,0.0,6.634197358903478,0.0,23.3952005327
pf,2023-24,06,2023-10-07,2,21.147313983049813,76.0,402.18579082870866,1.0,261.89064596070364,1.0,181.63293048115054,1.0,117.07086630907344,1.0,86.07658278260203,1.0,65.27689824085236,1.0,49.85435671019563,0.0,37.27875777307786,0.0,27.09005814798047,0.0,17.65835894514214,0.0,8.30890991314336,0.0,33.3479716648
pf,2023-24,06,2023-10-07,3,33.74488622033795,97.0,506.38309929501656,1.0,334.5061943996833,1.0,229.39192286683013,1.0,144.08334535516994,1.0,100.29531334298377,1.0,75.30646109893033,0.0,56.73375902799902,0.0,42.183857480061775,0.0,30.249199579386204,0.0,20.042352261794218,0.0,9.67768443551159,0.0,43.6400139956
analogue,2023-24,06,2023-10-07,0,6.714783155150014,60.0,252.7125000000002,1.0,195.78749999999977,1.0,150.91071428571416,1.0,76.9675324675325,1.0,57.15876623376617,1.0,47.27984084880636,1.0,38.78977272727273,1.0,29.924765938475247,1.0,21.185760667903537,1.0,14.414259956856291,1.0,5.169209956709963,0.0,16.7971728347
analogue,2023-24,06,2023-10-07,1,29.818379505688448,50.0,523.1812500000005,1.0,423.0,1.0,275.8499999999998,1.0,195.8823529411765,1.0,133.4423076923077,0.0,105.74761904761907,0.0,82.03125,0.0,61.39090909090909,0.0,42.54360130377178,0.0,27.166666666666657,0.0,12.196989884372101,0.0,23.3952005327
analogue,2023-24,06,2023-10-07,2,44.19271461380778,76.0,744.7889423076925,1.0,690.6,1.0,490.41428571428554,1.0,339.24767441860473,1.0,242.50113803722041,0.0,179.59523809523813,0.0,156.5,0.0,110.93656126482215,0.0,74.92574484339195,0.0,55.65423400129282,0.0,29.33656792645553,0.0,33.3479716648
analogue,2023-24,06,2023-10-07,3,83.65020887085869,97.0,2415.2400000000007,1.0,1444.275,1.0,801.5999999999997,1.0,639.8806569980779,1.0,423.488095238095,0.0,331.20708095150314,0.0,270.0,0.0,206.21722200697374,0.0,141.18622136737204,0.0,84.76470588235296,0.0,33.09991816132222,0.0,43.6400139956
ens2,2023-24,06,2023-10-07,0,6.576810907876481,60.0,197.91163516017454,1.0,151.94286279396977,1.0,117.57653595276524,1.0,69.1687863068228,1.0,52.3717484566357,1.0,42.61622582098414,1.0,34.42665055998202,1.0,26.55150352444724,1.0,19.073948223589575,1.0,12.880371296527727,0.0,5.386719512259745,0.0,16.7971728347
ens2,2023-24,06,2023-10-07,1,13.148752431380588,50.0,396.6160563106758,1.0,300.2823046964091,1.0,202.56682777372313,1.0,141.6258748358068,1.0,99.90833818240654,1.0,78.5206442509446,1.0,61.008168367218424,1.0,45.7272187418002,1.0,32.06300541250411,0.0,20.74205179464984,0.0,9.41559362163779,0.0,23.3952005327
ens2,2023-24,06,2023-10-07,2,17.988106678200182,76.0,573.4873665682006,1.0,476.24532298035183,1.0,336.02360809771807,1.0,228.15927036383908,1.0,164.2888604099112,1.0,122.43606816804524,1.0,103.17717835509782,1.0,74.10765951895002,1.0,51.00790149568621,1.0,36.65629647321748,1.0,18.822738919799434,0.0,33.3479716648
ens2,2023-24,06,2023-10-07,3,31.371388597735884,97.0,1460.8115496475086,1.0,889.3905971998416,1.0,515.4959614334149,1.0,391.9820011766239,1.0,261.89170429053934,1.0,203.25677102521672,1.0,163.3668795139995,1.0,124.20053974351777,1.0,85.71771047337911,1.0,52.40352907207358,0.0,21.388801298416922,0.0,43.6400139956
ens3,2023-24,06,2023-10-07,0,7.377276675494601,60.0,183.0398000145154,1.0,139.24779987821574,1.0,107.34815157688317,1.0,67.08630626578417,1.0,51.07701884857544,1.0,41.34512098115908,1.0,32.960257050691006,1.0,25.525243682053755,1.0,18.32337033784701,0.0,12.249003129012017,0.0,5.372385802576936,0.0,16.7971728347
ens3,2023-24,06,2023-10-07,1,9.760361866420418,50.0,359.7362288860615,1.0,264.4627068349039,1.0,181.52539893474258,1.0,125.39304026053006,1.0,89.85565755324637,1.0,70.05003326437765,1.0,54.46123425735728,1.0,40.8052449373637,1.0,28.720383306933627,1.0,18.70683698736537,1.0,8.632988591086423,0.0,23.3952005327
ens3,2023-24,06,2023-10-07,2,14.676576183154541,76.0,521.8334189252645,1.0,411.1643183140163,1.0,288.9841809680274,1.0,194.05374436503067,1.0,140.08317960247985,1.0,104.38351221161784,1.0,85.93684748086561,1.0,62.54067333190813,1.0,43.326948579895536,1.0,30.176938576477056,1.0,15.274554466746466,1.0,33.3479716648
ens3,2023-24,06,2023-10-07,3,22.311059240484354,97.0,1153.2322711900536,1.0,710.0198022444142,1.0,423.90622309596904,1.0,312.5944436938458,1.0,210.8824416647197,1.0,162.19917968000107,1.0,129.0319410200796,1.0,97.49783285250646,1.0,67.48025800099408,1.0,41.794943996249515,1.0,17.588372621362964,1.0,43.6400139956
pf,2023-24,36,2023-10-07,0,8.731091188577267,26.0,213.7313236972956,1.0,147.6172737270363,1.0,109.62468647100452,1.0,76.43758812374415,1.0,59.539702111176865,1.0,46.3411583457826,1.0,36.39227995806783,1.0,27.913435074069923,0.0,19.874507913567165,0.0,12.887275736772843,0.0,6.3416309418493455,0.0,16.1046940309
pf,2023-24,36,2023-10-07,1,10.597976371263576,33.0,421.4115155570833,1.0,277.3547141869335,1.0,193.92785624431784,1.0,127.7686327141669,1.0,94.44625591346667,1.0,71.69114044941722,1.0,56.16873119923707,1.0,42.16046655614118,1.0,30.614735242528305,1.0,19.72315260963984,0.0,9.904767284347393,0.0,17.7194042618
pf,2023-24,36,2023-10-07,2,12.975813322967182,47.0,628.8501243737593,1.0,406.0894695242327,1.0,279.0290336424056,1.0,175.52845303440324,1.0,124.85217881704722,1.0,92.71661015937532,1.0,70.68494041853366,1.0,53.243201873700684,1.0,38.04978565109609,1.0,24.460576489990338,1.0,11.93382110962257,1.0,20.6094056806
pf,2023-24,36,2023-10-07,3,15.921147340559564,56.0,751.8708845548092,1.0,502.16255076693886,1.0,338.85513427695355,1.0,204.85135413971196,1.0,143.0072412505723,1.0,104.90929975229747,1.0,78.58867286031429,1.0,57.33641522368225,1.0,40.50937635046442,1.0,26.100900436873246,0.0,12.606067452805775,0.0,24.8088182321
analogue,2023-24,36,2023-10-07,0,17.101017036251545,26.0,207.7858333333335,1.0,160.98083333333312,1.0,124.08214285714277,1.0,63.284415584415605,0.0,46.997207792207746,0.0,38.87453580901857,0.0,31.893813131313124,0.0,24.604807549412982,0.0,17.419403215831792,0.0,11.851724853415178,0.0,4.250239297739299,0.0,16.1046940309
analogue,2023-24,36,2023-10-07,1,30.155015419653015,33.0,430.17125000000044,1.0,347.8,1.0,226.80999999999983,1.0,161.0588235294118,0.0,109.71923076923078,0.0,86.94804232804233,0.0,67.44791666666667,0.0,50.4769696969697,0.0,34.98029440532346,0.0,22.337037037037035,0.0,10.028636127150378,0.0,17.7194042618
analogue,2023-24,36,2023-10-07,2,46.437681291159834,47.0,612.3820192307694,1.0,567.8266666666667,1.0,403.22952380952364,1.0,278.93697674418604,1.0,199.38982460838128,0.0,147.66719576719578,0.0,128.67777777777778,0.0,91.21450592885377,0.0,61.60561242678894,0.0,45.76014795661854,0.0,24.121178072863458,0.0,20.6094056806
analogue,2023-24,36,2023-10-07,3,85.13058853260192,56.0,1985.8640000000007,1.0,1187.515,1.0,659.093333333333,1.0,526.1240957539752,0.0,348.20132275132255,0.0,272.3258221156804,0.0,222.0,0.0,169.5563825390673,0.0,116.08644867983924,0.0,69.69542483660132,0.0,27.215488265976063,0.0,24.8088182321
ens2,2023-24,36,2023-10-07,0,12.246829048203274,26.0,210.75857851531455,1.0,154.2990535301847,1.0,116.85341466407363,1.0,69.86100185407989,1.0,53.2684549516923,0.0,42.607847077400585,0.0,34.14304654469047,0.0,26.259121311741453,0.0,18.646955564699475,0.0,12.369500295094007,0.0,5.295935119794322,0.0,16.1046940309
ens2,2023-24,36,2023-10-07,1,18.301640362199638,33.0,425.79138277854184,1.0,312.57735709346673,1.0,210.36892812215885,1.0,144.41372812178935,1.0,102.08274334134873,1.0,79.31959138872976,0.0,61.80832393295187,0.0,46.31871812655544,0.0,32.79751482392588,0.0,21.030094823338445,0.0,9.96670170574889,0.0,17.7194042618
ens2,2023-24,36,2023-10-07,2,23.767592196998482,47.0,620.6160718022644,1.0,486.95806809544973,1.0,341.1292787259646,1.0,227.23271488929464,1.0,162.12100171271425,1.0,120.19190296328554,1.0,99.68135909815572,0.0,72.22885390127722,0.0,49.82769903894252,0.0,35.110362223304435,0.0,18.027499591243014,0.0,20.6094056806
ens2,2023-24,36,2023-10-07,3,39.51158507783886,56.0,1368.867442277405,1.0,844.8387753834694,1.0,498.97423380514323,1.0,365.48772494684357,1.0,245.60428200094742,1.0,188.61756093398893,0.0,150.29433643015716,0.0,113.44639888137478,0.0,78.29791251515182,0.0,47.89816263673728,0.0,19.91077785939092,0.0,24.8088182321
ens3,2023-24,36,2023-10-07,0,10.64005078513961,26.0,222.2440071371404,1.0,158.54991799774055,1.0,118.49113746561811,1.0,74.07792133221237,1.0,56.43186616462441,1.0,44.64671981103828,0.0,35.4364132196028,0.0,27.20640856820352,0.0,19.47763764167344,0.0,12.78707243891293,0.0,5.873991663447136,0.0,16.1046940309
ens3,2023-24,36,2023-10-07,1,14.594795759860675,33.0,430.0072080321405,1.0,305.6307304625029,1.0,206.50609557244746,1.0,139.13346758649558,1.0,99.49905846979571,1.0,76.89853305827836,1.0,59.708411204416706,1.0,44.81449308791488,0.0,31.858931514716758,0.0,20.46748154382231,0.0,9.894871522609378,0.0,17.7194042618
ens3,2023-24,36,2023-10-07,2,17.698297194909976,47.0,614.503956286149,1.0,454.813569036546,1.0,315.74802126570256,1.0,206.54342567905582,1.0,147.06151409830025,1.0,109.49872577341094,1.0,88.82778095574174,1.0,64.62999369928644,1.0,45.12170688454869,0.0,30.965537053251808,0.0,15.807339726974078,0.0,20.6094056806
ens3,2023-24,36,2023-10-07,3,26.254897559424357,56.0,1131.713878112542,1.0,705.3418810849638,1.0,430.3244325062794,1.0,303.86362465675063,1.0,207.13447042742789,1.0,157.22329299269697,1.0,123.57778904888177,1.0,92.75573399292259,1.0,64.2887345881706,0.0,39.78118619303733,0.0,17.074407989886296,0.0,24.8088182321
pf,2023-24,42,2023-10-07,0,5.661942626357331,40.0,177.5160281432459,1.0,125.3873134783472,1.0,95.58836391145765,1.0,67.02135764404862,1.0,51.71630619816099,1.0,40.51220709729832,1.0,31.530131956048933,1.0,23.673225726361242,1.0,17.64940500295868,1.0,11.406091767714159,1.0,5.643939470795381,0.0,13.6309845545
pf,2023-24,42,2023-10-07,1,8.587981929411221,38.0,411.36924829836505,1.0,256.7492498551172,1.0,172.53903010202427,1.0,107.42436042269392,1.0,78.47982929939718,1.0,59.55451358329955,1.0,45.48625641201528,1.0,34.232714695138846,1.0,24.355809092916367,1.0,15.500348626877145,1.0,8.070359414517025,0.0,16.8022643383
pf,2023-24,42,2023-10-07,2,15.001250719411273,49.0,921.5963552496936,1.0,510.6092865727183,1.0,308.5311531629955,1.0,173.90595188022004,1.0,118.012779606926,1.0,84.753884544783,1.0,63.38830633367695,1.0,46.907484178950035,1.0,32.95379496046756,1.0,20.776487249024033,0.0,10.101815759603312,0.0,17.1923817632
pf,2023-24,42,2023-10-07,3,19.276895176966153,30.0,1634.5454102357205,1.0,946.1114913611267,1.0,554.4137086155512,1.0,279.64077106681754,1.0,179.770513760373,1.0,122.74382207856209,1.0,89.17316948585321,1.0,64.04675724433562,1.0,44.578157183803874,1.0,27.575159925911695,1.0,13.531005051620202,1.0,23.62358116
analogue,2023-24,42,2023-10-07,0,11.22919480548874,40.0,230.24916666666687,1.0,178.38416666666646,1.0,137.49642857142848,1.0,70.12597402597406,1.0,52.07798701298695,0.0,43.07718832891247,0.0,35.341792929292936,0.0,27.26478674394412,0.0,19.302581941867658,0.0,13.132992405135738,0.0,4.709724627224631,0.0,13.6309845545
analogue,2023-24,42,2023-10-07,1,32.35626268006204,38.0,476.6762500000005,1.0,385.4,1.0,251.3299999999998,1.0,178.47058823529414,0.0,121.58076923076925,0.0,96.34783068783071,0.0,74.73958333333334,0.0,55.9339393939394,0.0,38.76194785454763,0.0,24.751851851851853,0.0,11.112813005761254,0.0,16.8022643383
analogue,2023-24,42,2023-10-07,2,53.66716964105812,49.0,678.585480769231,1.0,629.2133333333334,1.0,446.82190476190453,1.0,309.0923255813954,0.0,220.94548132280082,0.0,163.63121693121695,0.0,142.5888888888889,0.0,101.07553359683796,0.0,68.26567863509044,0.0,50.707190978955666,0.0,26.728872999659487,0.0,17.1923817632
analogue,2023-24,42,2023-10-07,3,120.7412397018139,30.0,2200.5520000000006,1.0,1315.895,0.0,730.3466666666664,0.0,583.0023763760265,0.0,385.84470899470875,0.0,301.76645153359175,0.0,246.0,0.0,187.88680227302052,0.0,128.63633502360565,0.0,77.23006535947715,0.0,30.157703213649114,0.0,23.62358116
ens2,2023-24,42,2023-10-07,0,6.299618313299454,40.0,203.88259740495639,1.0,151.88574007250685,1.0,116.54239624144304,1.0,68.57366583501133,1.0,51.89714660557398,1.0,41.79469771310539,1.0,33.43596244267093,1.0,25.469006235152676,1.0,18.475993472413165,1.0,12.269542086424948,0.0,5.176832049010002,0.0,13.6309845545
ens2,2023-24,42,2023-10-07,1,15.286833644931683,38.0,444.0227491491828,1.0,321.0746249275586,1.0,211.93451505101206,1.0,142.94747432899405,1.0,100.03029926508323,1.0,77.95117213556514,1.0,60.11291987267432,0.0,45.08332704453912,0.0,31.558878473731994,0.0,20.126100239364504,0.0,9.591586210139134,0.0,16.8022643383
ens2,2023-24,42,2023-10-07,2,23.861370812086466,49.0,800.0909180094623,1.0,569.9113099530258,1.0,377.67652896245005,1.0,241.49913873080772,1.0,169.4791304648634,1.0,124.19255073799997,1.0,102.98859761128291,1.0,73.991508887894,0.0,50.609736797779,0.0,35.741839113989855,0.0,18.415344379631406,0.0,17.1923817632
ens2,2023-24,42,2023-10-07,3,62.330927950770544,30.0,1917.5487051178604,1.0,1131.0032456805634,1.0,642.3801876411087,1.0,431.32157372142206,0.0,282.80761137754087,0.0,212.2551368060769,0.0,167.58658474292662,0.0,125.96677975867807,0.0,86.60724610370477,0.0,52.40261264269442,0.0,21.844354132634663,0.0,23.62358116
ens3,2023-24,42,2023-10-07,0,5.538701660232212,40.0,196.62500332920575,1.0,143.81684839552776,1.0,108.69163914132518,1.0,67.1620895575752,1.0,51.375777936631806,1.0,41.17639361409131,1.0,32.582304218879386,1.0,24.86400292710458,1.0,18.13736575178472,1.0,11.855890094879719,1.0,5.3088858039630935,1.0,13.6309845545
ens3,2023-24,42,2023-10-07,1,10.978398190449573,38.0,433.2717242040473,1.0,297.33503892008554,1.0,195.48775357186867,1.0,129.0719758457487,1.0,91.47054284860651,1.0,70.89581652967577,1.0,54.626984679108205,1.0,40.95023800197879,1.0,28.847550016658914,1.0,18.624824258453124,0.0,9.063486947744757,0.0,16.8022643383
ens3,2023-24,42,2023-10-07,2,16.935670126757003,49.0,824.7407474665372,1.0,544.6674751032642,1.0,350.44193433339416,1.0,214.30417213705294,1.0,149.13789488954762,1.0,108.80866203018029,1.0,87.9590907698198,1.0,63.68370982933915,1.0,43.95697894061301,1.0,30.26212185182282,0.0,15.450751317513046,0.0,17.1923817632
ens3,2023-24,42,2023-10-07,3,42.78040742509612,30.0,1780.815152898794,1.0,1056.0866703867284,1.0,601.0468670405554,1.0,373.0188165683959,1.0,241.23434974412,0.0,177.63637338770084,0.0,137.43542183838863,0.0,102.58689241361273,0.0,70.60575671612654,0.0,43.04002559098804,0.0,18.58784237066203,0.0,23.62358116
pf,2023-24,56,2023-10-07,0,5.71967904080987,4.0,171.85457585228326,1.0,119.9112999275241,1.0,83.35962002425211,1.0,54.867839369760006,1.0,39.32304002226507,1.0,29.412455409323762,1.0,22.08642150849967,0.0,16.63470436039471,0.0,11.846290261671387,0.0,7.449827964855393,0.0,3.670754079414003,0.0,1.1312251014
pf,2023-24,56,2023-10-07,1,11.95442381384713,4.0,365.8538796342356,1.0,256.1194122484268,1.0,187.36922506116994,1.0,121.71564868142964,1.0,88.19206176478846,1.0,65.23796349724078,1.0,50.16697241865804,0.0,36.800386342163506,0.0,25.93647966476407,0.0,16.561324957372996,0.0,7.733459960735335,0.0,1.1858862424
pf,2023-24,56,2023-10-07,3,10.398888607106482,1.0,285.0954217930591,1.0,194.54996620894215,1.0,137.7245896052861,1.0,91.89446069879035,1.0,68.02576960819546,0.0,52.61414180493404,0.0,39.91167200123795,0.0,30.202760878352215,0.0,21.48182198153541,0.0,13.70063273338406,0.0,7.013848521135033,0.0,1.4472198664
analogue,2023-24,56,2023-10-07,0,2.9329498836694627,4.0,33.69500000000003,1.0,26.10499999999997,1.0,20.121428571428556,1.0,10.262337662337666,0.0,7.6211688311688235,0.0,6.303978779840849,0.0,5.171969696969697,0.0,3.9899687917967004,0.0,2.824768089053805,0.0,1.9219013275808408,0.0,0.6892279942279949,0.0,1.1312251014
analogue,2023-24,56,2023-10-07,1,5.932305673222229,4.0,69.75750000000008,1.0,56.4,1.0,36.77999999999997,0.0,26.117647058823536,0.0,17.792307692307695,0.0,14.099682539682542,0.0,10.9375,0.0,8.185454545454546,0.0,5.672480173836238,0.0,3.622222222222222,0.0,1.62626531791628,0.0,1.1858862424
analogue,2023-24,56,2023-10-07,3,21.036889797296197,1.0,322.0320000000001,0.0,192.57,0.0,106.87999999999995,0.0,85.31742093307706,0.0,56.46507936507933,0.0,44.160944126867086,0.0,36.0,0.0,27.49562960092983,0.0,18.824829515649604,0.0,11.301960784313728,0.0,4.413322421509626,0.0,1.4472198664
ens2,2023-24,56,2023-10-07,0,4.202093995418225,4.0,102.77478792614164,1.0,73.00814996376204,1.0,51.74052429784033,1.0,32.56508851604884,1.0,23.472104426716946,0.0,17.858217094582304,0.0,13.629195602734683,0.0,10.312336576095706,0.0,7.335529175362595,0.0,4.685864646218118,0.0,2.179991036820999,0.0,1.1312251014
ens2,2023-24,56,2023-10-07,1,8.749475707694264,4.0,217.80568981711784,1.0,156.25970612421338,1.0,112.07461253058496,1.0,73.91664787012658,1.0,52.99218472854808,0.0,39.668823018461666,0.0,30.552236209329024,0.0,22.492920443809027,0.0,15.804479919300153,0.0,10.091773589797608,0.0,4.679862639325805,0.0,1.1858862424
ens2,2023-24,56,2023-10-07,3,15.543976158723082,1.0,303.5637108965296,0.0,193.55998310447106,0.0,122.30229480264303,0.0,88.60594081593369,0.0,62.2454244866374,0.0,48.387542965900565,0.0,37.95583600061897,0.0,28.849195239641027,0.0,20.153325748592508,0.0,12.501296758848895,0.0,5.713585471322329,0.0,1.4472198664
ens3,2023-24,56,2023-10-07,0,5.0043789414472695,4.0,136.35869638842095,1.0,94.98244399728864,1.0,67.09736305008671,1.0,42.37624377832146,1.0,30.49697649225317,1.0,22.8499283254478,0.0,17.34205598594751,0.0,12.908616625565461,0.0,9.334752802153865,0.0,6.125185741710997,0.0,2.9347940307402656,0.0,1.1312251014
ens3,2023-24,56,2023-10-07,1,10.356600836103103,4.0,284.7675188444952,1.0,203.96215099816752,1.0,145.08607531455434,1.0,94.45770593998807,1.0,68.32282494279146,1.0,51.523993418158966,0.0,39.256857551845926,0.0,29.353411746523797,0.0,20.843244810384558,0.0,13.394449087733275,0.0,6.46634812493868,0.0,1.1858862424
ens3,2023-24,56,2023-10-07,3,13.343915165745942,1.0,296.82250933094707,0.0,194.3751218911155,0.0,126.5540028652458,0.0,87.95922733138468,0.0,62.881040997913054,0.0,48.7587997635672,0.0,38.203382208768076,0.0,29.218318381287254,0.0,20.557549314644113,0.0,12.92069688705385,0.0,6.175874086380713,0.0,1.4472198664
pf,2023-24,02,2023-10-14,0,3.426719490965275,21.0,103.16195254131549,1.0,73.84765792634323,1.0,55.55320360704495,1.0,38.44124659179511,1.0,29.98768076742951,1.0,22.951290910683703,1.0,18.209011543481893,1.0,14.461614249176618,1.0,10.340579574975692,1.0,6.219544900774768,0.0,3.1021738724927097,0.0,6.7974651878
pf,2023-24,02,2023-10-14,1,6.569499568143658,30.0,222.5604737672282,1.0,155.78820987201175,1.0,111.74559802498321,1.0,73.53034600773695,1.0,53.92813722544696,1.0,41.362318299902775,1.0,32.02214583746251,1.0,23.758366266504442,1.0,16.898350075708866,1.0,11.362696910067342,0.0,5.665638823019609,0.0,12.6547186274
pf,2023-24,02,2023-10-14,2,8.636272596047684,33.0,304.01303950428536,1.0,215.91260198523358,1.0,158.0875056824812,1.0,105.5636964850797,1.0,78.72308200030672,1.0,60.08328744107877,1.0,45.66439457981034,1.0,34.138471254683296,1.0,24.120026098672717,1.0,16.50910545274335,1.0,8.242069348401849,0.0,14.2374735947
pf,2023-24,02,2023-10-14,3,10.333670661760735,39.0,305.76742929401223,1.0,225.58942078869234,1.0,169.41643667144464,1.0,116.27126944593869,1.0,86.97309945520536,1.0,67.77798741184927,1.0,51.71266747502876,1.0,39.294202384907635,1.0,28.908031342563874,1.0,18.209011543481893,0.0,9.306521617478122,0.0,18.2861741183
analogue,2023-24,02,2023-10-14,0,2.08481327848174,21.0,83.07833333333328,1.0,63.269230769230774,1.0,43.16666666666667,1.0,23.239742804654014,1.0,18.66666666666667,1.0,14.700000000000001,1.0,11.732209737827713,1.0,9.719298245614034,1.0,6.864556416881996,1.0,4.454545454545457,1.0,2.6828358895758946,1.0,6.7974651878
analogue,2023-24,02,2023-10-14,1,4.22224617769111,30.0,157.73333333333343,1.0,133.80096153846154,1.0,84.17897727272728,1.0,55.222077922077915,1.0,41.19545707915273,1.0,31.77777777777778,1.0,25.92270835022842,1.0,18.0,1.0,12.015782828282823,1.0,7.666666666666664,1.0,3.897922675575032,1.0,12.6547186274
analogue,2023-24,02,2023-10-14,2,10.936349350537972,33.0,284.3960000000003,1.0,220.55833333333334,1.0,171.8738636363636,1.0,115.17743589743618,1.0,81.47712848297205,1.0,63.00171358629132,1.0,49.40982905982906,1.0,35.25342723004696,0.0,25.5390306640493,0.0,15.93737373737374,0.0,9.815408805031446,0.0,14.2374735947
analogue,2023-24,02,2023-10-14,3,26.409580581989406,39.0,772.87,1.0,534.4725338855397,1.0,282.6913856691252,1.0,213.86457380457387,1.0,149.55600189965764,1.0,114.09176470588238,0.0,92.12949438202247,0.0,73.38,0.0,51.77748586456279,0.0,32.592143658810315,0.0,15.98414755732803,0.0,18.2861741183
ens2,2023-24,02,2023-10-14,0,2.682652737789233,21.0,93.12014293732439,1.0,68.558444347787,1.0,49.35993513685581,1.0,30.84049469822456,1.0,24.327173717048087,1.0,18.825645455341853,1.0,14.970610640654803,1.0,12.090456247395323,1.0,8.602567995928844,1.0,5.337045177660112,1.0,2.892504881034302,0.0,6.7974651878
ens2,2023-24,02,2023-10-14,1,5.125276681105948,30.0,190.14690355028083,1.0,144.79458570523664,1.0,97.96228764885525,1.0,64.37621196490744,1.0,47.561797152299846,1.0,36.57004803884028,1.0,28.972427093845468,1.0,20.87918313325222,1.0,14.457066451995843,1.0,9.514681788367007,1.0,4.781780749297322,0.0,12.6547186274
ens2,2023-24,02,2023-10-14,2,8.290884005100459,33.0,294.2045197521428,1.0,218.23546765928344,1.0,164.9806846594224,1.0,110.37056619125795,1.0,80.10010524163937,1.0,61.54250051368504,1.0,47.5371118198197,1.0,34.695949242365124,1.0,24.829528381361005,1.0,16.223239595058544,1.0,9.028739076716647,1.0,14.2374735947
ens2,2023-24,02,2023-10-14,3,13.812024941558922,39.0,539.3187146470061,1.0,380.03097733711604,1.0,226.05391117028495,1.0,165.06792162525628,1.0,118.26455067743152,1.0,90.93487605886583,1.0,71.92108092852561,1.0,56.337101192453815,1.0,40.342758603563325,1.0,25.400577601146104,0.0,12.645334587403077,0.0,18.2861741183
ens3,2023-24,02,2023-10-14,0,2.9690712789210227,21.0,99.3608949379467,1.0,71.84268818168893,1.0,52.0683942967363,1.0,33.81159851323124,1.0,26.228949060280016,1.0,20.484062406659053,1.0,16.207514831172013,1.0,12.879156141072633,1.0,9.187056795762203,1.0,5.680195377064479,1.0,3.2644155480622636,0.0,6.7974651878
ens3,2023-24,02,2023-10-14,1,5.6619247843913385,30.0,205.9872508038034,1.0,149.80609000126498,1.0,103.62402046230771,1.0,67.8289027262457,1.0,50.03101052963214,1.0,38.332983216754535,1.0,30.01618693784019,1.0,22.17233606326048,1.0,15.560773479999984,1.0,10.175475366677823,0.0,4.930343798946669,0.0,12.6547186274
ens3,2023-24,02,2023-10-14,2,8.086828984468786,33.0,295.08076336861177,1.0,217.79395161269164,1.0,163.147350386142,1.0,108.5236187262859,1.0,79.2773773995649,1.0,60.5531728070974,1.0,46.52906291326356,1.0,34.30375355934053,1.0,24.799510186949504,1.0,16.004749511207482,1.0,8.767281456447346,1.0,14.2374735947
ens3,2023-24,02,2023-10-14,3,11.256507526398197,39.0,457.92813652124545,1.0,325.8209660537965,1.0,204.8991874496013,1.0,147.75537650445548,1.0,107.20363282056856,1.0,82.36717651960439,1.0,64.51179733498037,1.0,49.990274298786844,1.0,35.64340450366096,1.0,22.7806400497387,1.0,11.191832230383099,1.0,18.2861741183
pf,2023-24,06,2023-10-14,0,15.286931075389145,50.0,278.88844253711034,1.0,206.7382003767406,1.0,158.35071845010552,1.0,114.1910012903778,1.0,88.86798815859316,1.0,70.11515393005057,1.0,54.98288835073108,0.0,42.97335615314168,0.0,31.02536229100454,0.0,20.202421745445562,0.0,9.69134622319082,0.0,15.3693258892
pf,2023-24,06,2023-10-14,1,15.669197488690845,76.0,599.3182998697756,1.0,409.4515569600504,1.0,291.9411448084187,1.0,201.3518323913454,1.0,149.977662903192,1.0,116.34554848453584,1.0,90.13522600971098,1.0,68.85098005670713,1.0,49.55458546563564,1.0,32.31820791237108,1.0,15.714253997644718,1.0,27.8272832645
pf,2023-24,06,2023-10-14,2,22.271222450496403,97.0,907.7744311134053,1.0,623.7720850829572,1.0,442.23859628204445,1.0,291.4093082588748,1.0,212.89635311363116,1.0,162.74934951816402,1.0,124.91068465445943,1.0,94.54535035315098,1.0,67.86823661597926,1.0,43.19719785249755,1.0,21.503853086317832,1.0,39.0731684588
pf,2023-24,06,2023-10-14,3,73.43543269363306,231.0,1026.219203586996,1.0,713.017703303229,1.0,524.6397787253791,1.0,348.88846403486946,1.0,252.08202171649435,1.0,187.36602698168912,0.0,143.27738841151174,0.0,106.65008611082453,0.0,75.94070499364474,0.0,49.31119303651511,0.0,23.732033639787147,0.0,99.0281349503
analogue,2023-24,06,2023-10-14,0,33.46834507987677,50.0,403.5233333333331,1.0,307.3076923076923,1.0,209.66666666666669,1.0,112.87875076546236,0.0,90.66666666666669,0.0,71.4,0.0,56.98501872659175,0.0,47.20802005012531,0.0,33.34213116771255,0.0,21.636363636363654,0.0,13.030917177940069,0.0,15.3693258892
analogue,2023-24,06,2023-10-14,1,48.064705472430944,76.0,766.1333333333339,1.0,649.8903846153846,1.0,408.8693181818182,1.0,268.22152133580704,1.0,200.09222009874182,0.0,154.34920634920638,0.0,125.91029770110947,0.0,87.42857142857143,0.0,58.36237373737373,0.0,37.23809523809524,0.0,18.93276728136445,0.0,27.8272832645
analogue,2023-24,06,2023-10-14,2,88.56879456747862,97.0,1381.3520000000015,1.0,1071.2833333333333,1.0,834.815909090909,1.0,559.4332600732615,0.0,395.74605263157855,0.0,306.008323133415,0.0,239.99059829059826,0.0,171.2309322602281,0.0,124.04672036823945,0.0,77.41010101010102,0.0,47.67484276729559,0.0,39.0731684588
analogue,2023-24,06,2023-10-14,3,108.52619647884003,231.0,3753.94,1.0,2596.009450301193,1.0,1373.0724446786082,1.0,1038.7707870507875,1.0,726.4148663697658,1.0,554.1600000000001,1.0,447.48611556982337,1.0,356.41714285714284,0.0,251.4906456278764,0.0,158.30469777136437,0.0,77.63728813559328,0.0,99.0281349503
ens2,2023-24,06,2023-10-14,0,23.472440752831695,50.0,341.2058879352217,1.0,257.0229463422164,1.0,184.0086925583861,1.0,113.53487602792008,0.0,89.76732741262994,0.0,70.7575769650253,0.0,55.98395353866141,0.0,45.09068810163349,0.0,32.183746729358546,0.0,20.9193926909046,0.0,11.361131700565437,0.0,15.3693258892
ens2,2023-24,06,2023-10-14,1,27.244031510298264,76.0,682.7258166015548,1.0,529.6709707877175,1.0,350.4052314951184,1.0,234.78667686357625,1.0,175.0349415009669,1.0,135.3473774168711,1.0,108.02276185541022,0.0,78.13977574263927,0.0,53.95847960150468,0.0,34.77815157523315,0.0,17.323510639504576,0.0,27.8272832645
ens2,2023-24,06,2023-10-14,2,43.90676385563236,97.0,1144.5632155567034,1.0,847.5277092081452,1.0,638.5272526864767,1.0,425.4212841660682,1.0,304.32120287260483,1.0,234.3788363257895,1.0,182.45064147252884,0.0,132.88814130668953,0.0,95.95747849210935,0.0,60.30364943129928,0.0,34.58934792680671,0.0,39.0731684588
ens2,2023-24,06,2023-10-14,3,51.76463978046673,231.0,2390.079601793498,1.0,1654.5135768022112,1.0,948.8561117019937,1.0,693.8296255428285,1.0,489.2484440431301,1.0,370.7630134908446,1.0,295.38175199066757,1.0,231.53361448398368,1.0,163.71567531076056,1.0,103.80794540393973,1.0,50.6846608876902,1.0,99.0281349503
ens3,2023-24,06,2023-10-14,0,20.27122121059368,50.0,336.46664606417585,1.0,251.42874064743893,1.0,183.26414973608138,1.0,118.11990633508651,1.0,92.34613398823674,0.0,72.77464706074757,0.0,57.122385449165776,0.0,45.444908364916515,0.0,32.596369868345306,0.0,21.36202039650179,0.0,11.167809966647795,0.0,15.3693258892
ens3,2023-24,06,2023-10-14,1,22.306669573237325,76.0,716.780705549885,1.0,521.5163450639889,1.0,352.6252007395373,1.0,233.75866735821384,1.0,172.71382182531798,1.0,132.55144724309247,1.0,104.35867406671103,1.0,76.34785761183765,1.0,53.387275857910225,0.0,34.369732046462715,0.0,17.03941622954774,0.0,27.8272832645
ens3,2023-24,06,2023-10-14,2,33.27713778872099,97.0,1157.2834810809647,1.0,821.0836694751717,1.0,602.1288006926878,1.0,393.2365725153586,1.0,279.80468916807183,1.0,214.07451187669488,1.0,165.07343213261265,1.0,121.29496591752434,1.0,87.11196988521593,0.0,54.97899415185981,0.0,30.591066202069555,0.0,39.0731684588
ens3,2023-24,06,2023-10-14,3,48.216716398669085,231.0,2023.4069169068246,1.0,1382.8570717378782,1.0,831.3248184378888,1.0,590.9820729926695,1.0,416.72742795211184,1.0,313.31806308141915,1.0,246.11695670253715,1.0,190.4630383856741,1.0,134.65921092103,1.0,85.53647742042116,0.0,41.74118027004144,0.0,99.0281349503
pf,2023-24,36,2023-10-14,0,5.88580220616977,33.0,116.09837312375727,1.0,82.26956564015015,1.0,62.583858242557405,1.0,44.586274342208135,1.0,34.095386261688574,1.0,26.538516286001126,1.0,20.681539047079433,1.0,16.05345279049382,0.0,11.203879862073492,0.0,7.868166060389672,0.0,3.4969626935065214,0.0,11.0543340595
pf,2023-24,36,2023-10-14,1,13.989484057334328,47.0,212.41165699075842,1.0,133.79635266586936,1.0,93.55336820437235,1.0,61.96955786274839,1.0,45.61279603426709,1.0,35.2058637412775,0.0,26.846740446675547,0.0,20.555743217062183,0.0,14.831929615265226,0.0,9.479038729911409,0.0,4.371203366883151,0.0,16.0702772067
pf,2023-24,36,2023-10-14,2,19.47651686078767,56.0,331.7708065502608,1.0,202.8333292663844,1.0,131.13610100649453,1.0,81.81224602549248,1.0,59.23301653700526,1.0,44.72243211043387,0.0,33.607500951504086,0.0,24.98743392541006,0.0,17.647441904260766,0.0,11.375725733394749,0.0,5.470621875729545,0.0,21.1788294495
pf,2023-24,36,2023-10-14,3,39.123148611203035,88.0,457.5842820309589,1.0,277.13429346039175,1.0,178.34509736883257,1.0,104.30643040426233,1.0,70.86353406250032,0.0,51.863567807588716,0.0,39.31850635949849,0.0,29.024398025533866,0.0,20.45237173392039,0.0,13.12420708014801,0.0,6.693688273053354,0.0,31.8983947561
analogue,2023-24,36,2023-10-14,0,4.671596883180506,33.0,154.2883333333332,1.0,117.5,1.0,80.16666666666667,1.0,43.159522351500314,1.0,34.66666666666667,1.0,27.300000000000004,1.0,21.788389513108612,1.0,18.050125313283203,1.0,12.748461917066564,0.0,8.272727272727273,0.0,4.982409509212381,0.0,11.0543340595
analogue,2023-24,36,2023-10-14,1,9.45892030494071,47.0,292.9333333333335,1.0,248.48749999999995,1.0,156.33238636363637,1.0,102.55528756957327,1.0,76.50584886128364,1.0,59.01587301587301,1.0,48.14217265042421,1.0,33.42857142857143,1.0,22.315025252525253,0.0,14.23809523809524,0.0,7.238999254639339,0.0,16.0702772067
analogue,2023-24,36,2023-10-14,2,22.508154659970796,56.0,528.1640000000006,1.0,409.60833333333335,1.0,319.1943181818182,1.0,213.9009523809529,1.0,151.31466718266236,1.0,117.00318237454101,1.0,91.7611111111111,0.0,65.4706505700872,0.0,47.42962837609157,0.0,29.597979797979804,0.0,18.228616352201257,0.0,21.1788294495
analogue,2023-24,36,2023-10-14,3,41.621908883853166,88.0,1435.33,1.0,992.5918486445739,1.0,524.9982876712326,1.0,397.17706563706577,1.0,277.7468606707928,1.0,211.884705882353,1.0,171.097632423756,1.0,136.27714285714285,0.0,96.15818803418804,0.0,60.528266794933444,0.0,29.684845463609207,0.0,31.8983947561
ens2,2023-24,36,2023-10-14,0,3.8181963836963546,33.0,135.19335322854525,1.0,99.88478282007507,1.0,71.37526245461203,1.0,43.87289834685423,1.0,34.38102646417762,1.0,26.919258143000565,1.0,21.234964280094022,1.0,17.051789051888512,1.0,11.976170889570028,1.0,8.070446666558468,1.0,4.239686101359453,0.0,11.0543340595
ens2,2023-24,36,2023-10-14,1,7.17496661078052,47.0,252.672495162046,1.0,191.14192633293467,1.0,124.94287728400437,1.0,82.26242271616084,1.0,61.05932244777536,1.0,47.110868378575255,1.0,37.49445654854988,1.0,26.99215732281681,1.0,18.57347743389524,1.0,11.858566984003325,0.0,5.805101310761245,0.0,16.0702772067
ens2,2023-24,36,2023-10-14,2,10.878597415075353,56.0,429.96740327513066,1.0,306.22083129985884,1.0,225.16520959415632,1.0,147.8565992032227,1.0,105.27384185983382,1.0,80.86280724248743,1.0,62.6843060313076,1.0,45.22904224774863,1.0,32.538535140176165,1.0,20.486852765687274,1.0,11.849619113965403,1.0,21.1788294495
ens2,2023-24,36,2023-10-14,3,19.04174529706153,88.0,946.4571410154795,1.0,634.8630710524827,1.0,351.6716925200326,1.0,250.741748020664,1.0,174.30519736664655,1.0,131.87413684497085,1.0,105.20806939162725,1.0,82.65077044133835,1.0,58.30527988405422,1.0,36.82623693754073,1.0,18.189266868331288,1.0,31.8983947561
ens3,2023-24,36,2023-10-14,0,4.3023504299659745,33.0,129.78475189177254,1.0,94.21050799528537,1.0,67.55430285772546,1.0,43.294638390309665,1.0,33.52260344339227,1.0,26.463128596581825,1.0,20.813435404368068,1.0,16.338237807704775,1.0,11.516675914638146,1.0,7.729803019429269,0.0,4.0287820321537176,0.0,11.0543340595
ens3,2023-24,36,2023-10-14,1,8.744656540852878,47.0,233.64096757217655,1.0,168.95036695732665,1.0,112.0806295924104,1.0,73.17704443089825,1.0,54.439971757908076,1.0,41.69683464126171,1.0,32.90380125120002,1.0,24.12020831605288,0.0,16.767946324362704,0.0,10.568599012740531,0.0,5.302537423099864,0.0,16.0702772067
ens3,2023-24,36,2023-10-14,2,11.03175493866279,56.0,379.9141819456783,1.0,262.62285408740394,1.0,187.82654083129077,1.0,121.08133080990672,1.0,86.18968204581789,1.0,65.8344359149171,1.0,50.61872917642225,1.0,36.87732448565121,1.0,26.40449677231973,1.0,16.62657853723794,0.0,9.38033507892682,0.0,21.1788294495
ens3,2023-24,36,2023-10-14,3,18.997005023809372,88.0,752.6049734010322,1.0,498.13746367145853,1.0,281.52020259008657,1.0,194.18047562693096,1.0,134.62047675276338,1.0,101.36141167899163,1.0,80.31446415109365,1.0,62.450595225198256,1.0,44.10888067130976,0.0,28.04751047722697,0.0,13.626413829590014,0.0,31.8983947561
pf,2023-24,42,2023-10-14,0,5.299185890982909,38.0,175.72479029181983,1.0,126.9489988584672,1.0,95.70438259926829,1.0,67.10592117397262,1.0,51.24955364068056,1.0,40.47593484249783,1.0,31.985347606188405,1.0,24.334088016399107,1.0,17.606064973848575,1.0,11.401661499913246,1.0,5.66780652532848,1.0,8.6632759954
pf,2023-24,42,2023-10-14,1,10.190187888527799,49.0,423.8058557819964,1.0,265.5000003351771,1.0,175.69047894994682,1.0,111.94871662165941,1.0,81.96245324085778,1.0,61.473424124756505,1.0,47.224963090701934,1.0,35.53984522755907,1.0,25.30898174968122,1.0,15.98848806583976,0.0,7.932054725775032,0.0,12.7573403443
pf,2023-24,42,2023-10-14,2,13.806890255544351,30.0,1056.5481009638993,1.0,567.170332469437,1.0,339.06319843899666,1.0,190.44678980869665,1.0,128.29544081106647,1.0,91.87263123708195,1.0,67.49108785283381,1.0,49.65683147304239,1.0,35.16074992764176,1.0,22.706012228718297,1.0,10.906575247940673,1.0,16.0376985275
pf,2023-24,42,2023-10-14,3,30.61910884389272,81.0,1931.9867695725231,1.0,1116.4896050492869,1.0,648.5775270235417,1.0,324.2441815047252,1.0,203.96283789325165,1.0,138.93635366438087,1.0,97.07124712708605,1.0,68.11803668615488,1.0,46.39924238042434,0.0,29.320757136697303,0.0,13.821050921828522,0.0,25.0913344199
analogue,2023-24,42,2023-10-14,0,15.410755337059433,38.0,249.23499999999981,1.0,189.8076923076923,1.0,129.5,1.0,69.71922841396203,0.0,56.0,0.0,44.099999999999994,0.0,35.19662921348314,0.0,29.157894736842103,0.0,20.593669250645988,0.0,13.363636363636374,0.0,8.048507668727694,0.0,8.6632759954
analogue,2023-24,42,2023-10-14,1,28.344312970823722,49.0,473.20000000000033,1.0,401.40288461538455,1.0,252.5369318181818,1.0,165.66623376623374,1.0,123.5863712374582,0.0,95.33333333333334,0.0,77.76812505068526,0.0,54.0,0.0,36.047348484848484,0.0,23.0,0.0,11.693768026725095,0.0,12.7573403443
analogue,2023-24,42,2023-10-14,2,77.96542147605369,30.0,853.1880000000009,1.0,661.675,0.0,515.6215909090909,0.0,345.53230769230856,0.0,244.43138544891613,0.0,189.00514075887395,0.0,148.22948717948717,0.0,105.76028169014086,0.0,76.61709199214792,0.0,47.81212121212121,0.0,29.446226415094344,0.0,16.0376985275
analogue,2023-24,42,2023-10-14,3,101.44381903061074,81.0,2318.61,1.0,1603.4176016566191,1.0,848.0741570073757,1.0,641.5937214137216,1.0,448.668005698973,0.0,342.27529411764715,0.0,276.3884831460674,0.0,220.14000000000001,0.0,155.33245759368836,0.0,97.77643097643096,0.0,47.9524426719841,0.0,25.0913344199
ens2,2023-24,42,2023-10-14,0,8.130928374190294,38.0,212.47989514590984,1.0,158.37834558307975,1.0,112.60219129963414,1.0,68.41257479396731,1.0,53.62477682034028,1.0,42.28796742124891,1.0,33.590988409835774,1.0,26.74599137662061,0.0,19.09986711224728,0.0,12.38264893177481,0.0,6.858157097028091,0.0,8.6632759954
ens2,2023-24,42,2023-10-14,1,12.99907374786146,49.0,448.5029278909983,1.0,333.4514424752808,1.0,214.11370538406433,1.0,138.80747519394657,1.0,102.774412239158,1.0,78.40337872904493,1.0,62.49654407069359,1.0,44.76992261377953,1.0,30.678165117264854,0.0,19.49424403291988,0.0,9.81291137625007,0.0,12.7573403443
ens2,2023-24,42,2023-10-14,2,41.02837047987706,30.0,954.86805048195,1.0,614.4226662347185,1.0,427.34239467404376,1.0,267.98954875050265,0.0,186.3634131299913,0.0,140.43888599797796,0.0,107.8602875161605,0.0,77.70855658159161,0.0,55.88892095989485,0.0,35.25906672041975,0.0,20.176400831517512,0.0,16.0376985275
ens2,2023-24,42,2023-10-14,3,45.22824592295284,81.0,2125.2983847862615,1.0,1359.953603352953,1.0,748.3258420154588,1.0,482.9189514592234,1.0,326.31542179611233,1.0,240.60582389101404,1.0,186.72986513657673,1.0,144.12901834307746,0.0,100.86584998705635,0.0,63.54859405656413,0.0,30.88674679690631,0.0,25.0913344199
ens3,2023-24,42,2023-10-14,0,6.601777237846735,38.0,198.90352301932074,1.0,146.5319862166047,1.0,105.88111467052119,1.0,67.657902365816,1.0,52.99856570591535,1.0,41.79569812109851,1.0,33.215137237712526,1.0,26.038915579504668,1.0,18.66515816908676,1.0,12.082665038101943,0.0,6.60165726535763,0.0,8.6632759954
ens3,2023-24,42,2023-10-14,1,10.146703757871581,49.0,443.79022970328754,1.0,308.89520310109157,1.0,200.66093814830143,1.0,129.76114966340734,1.0,95.58742600242745,1.0,72.64590960095255,1.0,57.28763014076329,1.0,41.69024371549395,1.0,28.911844820777226,1.0,18.596295188854498,1.0,9.248010962840809,0.0,12.7573403443
ens3,2023-24,42,2023-10-14,2,29.186305590122096,30.0,1004.6763639908763,1.0,599.4530184612591,1.0,396.0896224960365,1.0,241.2696510627377,1.0,166.21637596468776,0.0,123.40419029260632,0.0,93.89184858599064,0.0,68.03990388115298,0.0,48.7645198898668,0.0,30.94773710496692,0.0,17.168122447001807,0.0,16.0376985275
ens3,2023-24,42,2023-10-14,3,31.8128427308912,81.0,2058.273759321163,1.0,1260.81632981628,1.0,705.3128591211182,1.0,428.1034638245901,1.0,283.5040718859226,1.0,204.3945032555328,1.0,155.268123523469,1.0,117.80936773477532,1.0,82.18731492456864,1.0,51.67022540800336,1.0,24.99375371640687,0.0,25.0913344199
pf,2023-24,56,2023-10-14,0,1.4056674642710616,4.0,68.65728612684518,1.0,41.51787251891694,1.0,28.67007552549579,1.0,18.45714281656124,1.0,13.883212304424848,1.0,10.031769737216894,1.0,7.730803008554062,1.0,6.142787456516829,1.0,3.8664584526047996,1.0,2.3779170405973837,1.0,1.5250606119731085,1.0,1.2512767295
pf,2023-24,56,2023-10-14,2,4.505283121275611,1.0,161.46292391353836,1.0,107.9805401455266,1.0,76.87869249019063,1.0,48.59124306548697,1.0,35.364198545487696,1.0,26.39233725714674,1.0,19.616367464812907,0.0,14.654501876892898,0.0,10.512217701896606,0.0,6.254386083466747,0.0,3.0851582898721883,0.0,2.829863488
pf,2023-24,56,2023-10-14,3,3.569466594952274,5.0,152.21981113057745,1.0,103.37374372201933,1.0,74.69309150063377,1.0,48.433576268820104,1.0,35.46035657100795,1.0,26.24065936465808,1.0,20.05352888416923,1.0,14.65950717202518,1.0,10.519725644595031,1.0,6.909071733852594,1.0,3.1610152186776235,1.0,1.7351655852
analogue,2023-24,56,2023-10-14,0,1.2050210771994672,4.0,23.73666666666665,1.0,18.076923076923077,1.0,12.333333333333334,1.0,6.639926515615432,1.0,5.333333333333334,1.0,4.2,0.0,3.3520599250936325,0.0,2.776942355889724,0.0,1.961301833394856,0.0,1.2727272727272734,0.0,0.7665245398788274,0.0,1.2512767295
analogue,2023-24,56,2023-10-14,2,9.22110432277116,1.0,81.25600000000009,0.0,63.016666666666666,0.0,49.10681818181818,0.0,32.90783882783891,0.0,23.279179566563442,0.0,18.000489596083234,0.0,14.117094017094015,0.0,10.072407780013416,0.0,7.296865904014087,0.0,4.553535353535354,0.0,2.80440251572327,0.0,2.829863488
analogue,2023-24,56,2023-10-14,3,11.67980157706771,5.0,220.82,1.0,152.70643825301136,1.0,80.76896733403578,0.0,61.10416394416396,0.0,42.730286257045044,0.0,32.59764705882354,0.0,26.322712680577848,0.0,20.965714285714284,0.0,14.793567389875083,0.0,9.312041045374375,0.0,4.566899302093724,0.0,1.7351655852
ens2,2023-24,56,2023-10-14,0,1.1697179772208357,4.0,46.19697639675591,1.0,29.797397797920006,1.0,20.501704429414563,1.0,12.548534666088337,1.0,9.60827281887909,1.0,7.115884868608449,1.0,5.541431466823847,1.0,4.4598649062032765,1.0,2.913880142999828,0.0,1.8253221566623292,0.0,1.1457925759259684,0.0,1.2512767295
ens2,2023-24,56,2023-10-14,2,6.635749675279991,1.0,121.35946195676922,0.0,85.49860340609665,0.0,62.99275533600439,0.0,40.74954094666294,0.0,29.321689056025566,0.0,22.19641342661499,0.0,16.86673074095346,0.0,12.363454828453158,0.0,8.904541802955348,0.0,5.403960718501049,0.0,2.944780402797729,0.0,2.829863488
ens2,2023-24,56,2023-10-14,3,6.553629811191415,5.0,186.51990556528872,1.0,128.04009098751533,1.0,77.73102941733478,1.0,54.76887010649203,1.0,39.0953214140265,1.0,29.41915321174081,0.0,23.188120782373538,0.0,17.812610728869736,0.0,12.656646517235057,0.0,8.110556389613485,0.0,3.863957260385675,0.0,1.7351655852
ens3,2023-24,56,2023-10-14,0,1.1135574286128382,4.0,54.74795185275468,1.0,33.59113936952678,1.0,22.6792552434349,1.0,14.030031217129965,1.0,10.270249370431344,1.0,7.798682740373568,1.0,5.940394327062339,1.0,4.751385143047324,1.0,2.996174992593888,1.0,1.9892916341027593,1.0,1.0320644875502616,0.0,1.2512767295
ens3,2023-24,56,2023-10-14,2,5.126942982615783,1.0,133.81459871482159,1.0,90.12136453817004,1.0,63.366789818948035,0.0,39.64473108951478,0.0,28.044304863623655,0.0,20.912494292757696,0.0,15.621478273160257,0.0,11.237112128986249,0.0,7.998804901717143,0.0,4.850477524841316,0.0,2.722181250496787,0.0,2.829863488
ens3,2023-24,56,2023-10-14,3,4.498372628317911,5.0,173.01340871793107,1.0,116.80555421352707,1.0,72.29186771419037,1.0,48.99095052940085,1.0,34.79840693023531,1.0,25.7920503784502,1.0,19.950960553275237,1.0,15.119450138432091,0.0,10.481278938785636,0.0,6.697071096494694,0.0,3.1067169503580345,0.0,1.7351655852
pf,2023-24,02,2023-10-21,0,4.209323238060991,30.0,129.46115639051854,1.0,94.52719355498179,1.0,72.9399847707369,1.0,51.42062550303299,1.0,40.06126179194804,1.0,31.85155435004821,1.0,24.6909593681791,1.0,19.028956439624775,1.0,13.655811636430172,1.0,8.542090743547657,1.0,4.4341963809601275,0.0,10.5616512712
pf,2023-24,02,2023-10-21,1,7.475054466743287,33.0,269.3995240467863,1.0,193.16117323849096,1.0,141.0150495219189,1.0,97.25423188801415,1.0,72.95033415656204,1.0,55.745023927160915,1.0,43.37593806069111,1.0,32.86279162156016,1.0,23.63179838874545,1.0,15.412042427442682,1.0,7.703603101903617,1.0,11.9986689142
pf,2023-24,02,2023-10-21,2,10.21298939787678,39.0,361.1550430057889,1.0,262.00240237743265,1.0,196.74364277997947,1.0,134.92806896701595,1.0,100.69201052595888,1.0,77.12977881000299,1.0,59.579317384887126,1.0,44.352457210350124,1.0,32.859699769436176,1.0,21.554443470520898,1.0,10.715767976048348,1.0,15.90756563
pf,2023-24,02,2023-10-21,3,15.508367079294208,17.0,353.05171497570495,1.0,263.2444051407696,1.0,201.59050460216616,1.0,142.93111243016085,1.0,107.87656736178883,1.0,84.2424500839504,1.0,64.95111470746922,0.0,50.330546002359526,0.0,35.98848603678442,0.0,22.980538237940745,0.0,11.159464350655455,0.0,2.7619369582
analogue,2023-24,02,2023-10-21,0,2.9057623091061133,30.0,117.91499999999989,1.0,86.1304347826087,1.0,52.227272727272734,1.0,34.27797202797203,1.0,25.909090909090907,1.0,19.838942307692307,1.0,17.43203883495146,1.0,12.473684210526319,1.0,9.091463414634145,1.0,6.128119372266532,1.0,3.793706293706286,1.0,10.5616512712
analogue,2023-24,02,2023-10-21,1,10.099369808733554,33.0,233.39360000000005,1.0,191.64149944170504,1.0,115.73333333333312,1.0,83.18230088495574,1.0,63.78631346045597,1.0,47.98943089430897,1.0,38.15460526315789,0.0,25.951938349007293,0.0,17.393557226548708,0.0,12.0040708976558,0.0,7.411111111111111,0.0,11.9986689142
analogue,2023-24,02,2023-10-21,2,24.652598003568254,39.0,417.03100000000114,1.0,326.16204819277107,1.0,250.1686046511628,1.0,178.0891472868217,1.0,126.73160740469211,0.0,104.31358529111338,0.0,76.47463617463617,0.0,58.91457800511508,0.0,40.20422281227093,0.0,27.96274217585693,0.0,15.199300699300707,0.0,15.90756563
analogue,2023-24,02,2023-10-21,3,71.29825524481582,17.0,1147.088234186747,0.0,677.3812500000001,0.0,420.0602086020775,0.0,312.84205709830707,0.0,224.0099888027092,0.0,177.8,0.0,143.02521437321354,0.0,112.47196422428624,0.0,78.41286629129772,0.0,54.31132075471699,0.0,23.723233682976897,0.0,2.7619369582
ens2,2023-24,02,2023-10-21,0,3.483482571832357,30.0,123.68807819525922,1.0,90.32881416879525,1.0,62.58362874900482,1.0,42.84929876550251,1.0,32.98517635051947,1.0,25.845248328870255,1.0,21.061499101565282,1.0,15.751320325075547,1.0,11.37363752553216,1.0,7.335105057907093,1.0,4.113951337333209,1.0,10.5616512712
ens2,2023-24,02,2023-10-21,1,7.851398777380332,33.0,251.3965620233932,1.0,192.40133634009803,1.0,128.37419142762602,1.0,90.21826638648494,1.0,68.36832380850899,1.0,51.867227410734934,1.0,40.7652716619245,1.0,29.407364985283728,1.0,20.51267780764708,0.0,13.70805666254924,0.0,7.557357106507361,0.0,11.9986689142
ens2,2023-24,02,2023-10-21,2,14.784539425994035,39.0,389.09302150289506,1.0,294.08222528510186,1.0,223.45612371557115,1.0,156.50860812691883,1.0,113.71180896532547,1.0,90.72168205055819,1.0,68.02697677976167,1.0,51.6335176077326,0.0,36.53196129085355,0.0,24.758592823188913,0.0,12.957534337674531,0.0,15.90756563
ens2,2023-24,02,2023-10-21,3,41.72065153252003,17.0,750.069974581226,1.0,470.31282757038485,1.0,310.8253566021219,1.0,227.88658476423396,0.0,165.943278082249,0.0,131.0212250419752,0.0,103.98816454034139,0.0,81.40125511332286,0.0,57.20067616404107,0.0,38.64592949632886,0.0,17.441349016816176,0.0,2.7619369582
ens3,2023-24,02,2023-10-21,0,3.797166929597681,30.0,132.24993028856844,1.0,94.95540555331235,1.0,67.68932387464628,1.0,46.79410406506889,1.0,35.856543785701106,1.0,28.235693032167934,1.0,22.639067744471454,1.0,17.044901301513935,1.0,12.389962844169784,1.0,7.980630070342947,1.0,4.130977351559508,1.0,10.5616512712
ens3,2023-24,02,2023-10-21,1,7.529238472086976,33.0,267.1805291152757,1.0,196.70186329283612,1.0,135.45159067696605,1.0,93.8330900814526,1.0,70.68524210181558,1.0,53.99263169630343,1.0,42.244120081527484,1.0,30.926947121449185,1.0,21.680115628118823,1.0,14.297545447756264,1.0,7.711671031439728,0.0,11.9986689142
ens3,2023-24,02,2023-10-21,2,12.46019820862187,39.0,381.89313959219857,1.0,284.98843767955236,1.0,215.41694918988318,1.0,149.32281964344637,1.0,109.78033357802816,1.0,86.7793122475878,1.0,65.61116773908645,1.0,49.697645573928895,1.0,35.67509646786378,1.0,23.728105957272085,0.0,12.205773671174718,0.0,15.90756563
ens3,2023-24,02,2023-10-21,3,31.514807857512142,17.0,612.5060522682514,1.0,398.4908002799913,1.0,272.11761071860695,1.0,197.66874930313472,1.0,145.57776361977278,0.0,114.81385634132783,0.0,90.78607512850945,0.0,70.57562385652876,0.0,50.244793067508276,0.0,33.66205085643914,0.0,15.433883112342876,0.0,2.7619369582
pf,2023-24,06,2023-10-21,0,15.845660655341351,76.0,171.1665477166181,1.0,128.08056973801996,1.0,98.45327315966514,1.0,70.16404122291183,1.0,54.2980079954987,1.0,43.254345352346434,0.0,34.05129314971953,0.0,25.834864669922382,0.0,19.236223990923513,0.0,11.977231563928385,0.0,6.395203447714444,0.0,16.3225637941
pf,2023-24,06,2023-10-21,1,28.747779464693803,97.0,317.9786035233538,1.0,215.768226381045,1.0,154.07794291033736,1.0,103.18845655076758,1.0,77.41276839082813,0.0,59.88615781964191,0.0,46.13792667046674,0.0,34.797104190144296,0.0,24.875788632774327,0.0,15.701304400484013,0.0,8.141987059494127,0.0,28.1112503544
pf,2023-24,06,2023-10-21,2,122.82713240147562,231.0,513.5390248758637,1.0,333.1453883118193,1.0,222.98684732343727,0.0,138.4002521467285,0.0,99.50315453109732,0.0,74.94391114393585,0.0,57.14462756729651,0.0,43.30229873112569,0.0,31.18013500268212,0.0,20.2575111523504,0.0,9.951317517159488,0.0,91.4451463622
pf,2023-24,06,2023-10-21,3,229.1950941996931,372.0,713.1059408061975,1.0,458.82316230291343,1.0,298.4639875305813,0.0,174.84982957267206,0.0,121.04187762664552,0.0,89.56185765443543,0.0,66.66370708787824,0.0,49.756587585797455,0.0,35.93169469178514,0.0,23.47683024946751,0.0,11.043662643152281,0.0,164.6783653294
analogue,2023-24,06,2023-10-21,0,6.806680446111867,76.0,280.7499999999997,1.0,205.07246376811594,1.0,124.35064935064938,1.0,81.61421911421914,1.0,61.688311688311686,1.0,47.23557692307692,1.0,41.504854368932044,1.0,29.69924812030076,1.0,21.64634146341463,1.0,14.59076041015841,1.0,9.032634032634036,1.0,16.3225637941
analogue,2023-24,06,2023-10-21,1,17.24240735260446,97.0,555.6990476190477,1.0,456.289284385012,1.0,275.55555555555503,1.0,198.0530973451327,1.0,151.87217490584754,1.0,114.2605497483547,1.0,90.84429824561403,1.0,61.7903294023983,1.0,41.41323149178267,0.0,28.58112118489477,0.0,17.645502645502646,0.0,28.1112503544
analogue,2023-24,06,2023-10-21,2,36.49883591229803,231.0,992.9309523809551,1.0,776.5763052208836,1.0,595.6395348837209,1.0,424.0217792543374,1.0,301.741922392124,1.0,248.3656792645557,1.0,182.0824670824671,1.0,140.2728047740835,1.0,95.7243400292165,1.0,66.57795756156415,0.0,36.1888111888112,0.0,91.4451463622
analogue,2023-24,06,2023-10-21,3,65.89014465922871,372.0,2731.162462349398,1.0,1612.8125000000002,1.0,1000.1433538144702,1.0,744.862040710255,1.0,533.3571161969265,1.0,423.33333333333337,1.0,340.5362246981275,1.0,267.7903910102053,1.0,186.69730069356598,1.0,129.31266846361189,1.0,56.483889721373544,0.0,164.6783653294
ens2,2023-24,06,2023-10-21,0,9.012894137118215,76.0,225.95827385830893,1.0,166.57651675306795,1.0,111.40196125515726,1.0,75.88913016856549,1.0,57.9931598419052,1.0,45.24496113771167,1.0,37.778073759325785,1.0,27.767056395111567,1.0,20.441282727169074,0.0,13.283995987043397,0.0,7.713918740174236,0.0,16.3225637941
ens2,2023-24,06,2023-10-21,1,13.71904939087371,97.0,436.8388255712008,1.0,336.0287553830285,1.0,214.8167492329462,1.0,150.62077694795013,1.0,114.64247164833786,1.0,87.0733537839983,1.0,68.49111245804039,1.0,48.2937167962713,1.0,33.1445100622785,1.0,22.141212792689387,0.0,12.893744852498386,0.0,28.1112503544
ens2,2023-24,06,2023-10-21,2,60.49164670562065,231.0,753.2349886284094,1.0,554.8608467663515,1.0,409.3131911035791,1.0,281.2110157005329,1.0,200.62253846161067,1.0,161.65479520424577,0.0,119.61354732488181,0.0,91.7875517526046,0.0,63.45223751594931,0.0,43.41773435695727,0.0,23.070064352985355,0.0,91.4451463622
ens2,2023-24,06,2023-10-21,3,106.07597631771037,372.0,1722.1342015777977,1.0,1035.8178311514569,1.0,649.3036706725258,1.0,459.8559351414635,1.0,327.19949691178607,1.0,256.4475954938844,0.0,203.59996589300286,0.0,158.77348929800138,0.0,111.31449769267556,0.0,76.3947493565397,0.0,33.763776182262916,0.0,164.6783653294
ens3,2023-24,06,2023-10-21,0,10.958262380547888,76.0,213.9520736886611,1.0,156.9549746542644,1.0,108.68267456565647,1.0,75.06781427939255,1.0,57.581983403288355,1.0,45.15428218577147,1.0,36.86179871185079,1.0,27.658118058707295,0.0,20.080278142278644,0.0,13.157834874139553,0.0,7.293531268171471,0.0,16.3225637941
ens3,2023-24,06,2023-10-21,1,17.051884734164837,97.0,408.791688690843,1.0,302.07748116872096,1.0,197.95942041787248,1.0,136.14527294256527,1.0,103.0195619340374,1.0,78.75978382081377,1.0,61.569531180587035,1.0,44.0886636965816,0.0,30.833392633028197,0.0,20.447683978092904,0.0,11.361296897736715,0.0,28.1112503544
ens3,2023-24,06,2023-10-21,2,77.59382610674818,231.0,692.9711789460828,1.0,488.91187108033324,1.0,351.3464253427786,1.0,236.3305940642783,1.0,168.74855452283987,0.0,133.5851045866319,0.0,99.4079079664269,0.0,75.87443897111021,0.0,52.92496753110443,0.0,35.768718377715786,0.0,18.633713637207634,0.0,91.4451463622
ens3,2023-24,06,2023-10-21,3,138.68720090282034,372.0,1409.5849872217032,1.0,849.9363827464862,1.0,533.522801460202,1.0,366.7716006087224,1.0,260.3144649840955,0.0,201.9650951835008,0.0,158.4552737745916,0.0,122.74906895243552,0.0,86.19335544475852,0.0,58.533714942478454,0.0,26.196473449603417,0.0,164.6783653294
pf,2023-24,36,2023-10-21,0,7.164712392972145,47.0,183.44344276095975,1.0,130.254941937195,1.0,99.17460680085787,1.0,69.37243724294385,1.0,53.436023080707045,1.0,42.41615494449887,1.0,32.45788683134954,1.0,24.76138654671643,1.0,18.128691565748213,0.0,12.129481402746595,0.0,5.681856209174249,0.0,14.4625759778
pf,2023-24,36,2023-10-21,1,12.047516210678134,56.0,388.238065960495,1.0,256.10930195802797,1.0,175.98337347215653,1.0,114.73193975175997,1.0,83.26133660423034,1.0,64.74138661370468,1.0,49.856545218889025,1.0,37.181647141774064,1.0,26.55831938698148,0.0,17.3862737904271,0.0,8.376228859703112,0.0,19.8738262564
pf,2023-24,36,2023-10-21,2,26.65859855428194,88.0,706.7290058694334,1.0,431.37578627471004,1.0,292.04352142593905,1.0,171.5771365255517,1.0,118.41030044847409,1.0,87.95040302688264,1.0,66.86605216466319,0.0,49.856545218889025,0.0,35.3936732871757,0.0,22.550504012890737,0.0,11.24488663669738,0.0,33.4162583363
pf,2023-24,36,2023-10-21,3,44.39676696335595,123.0,914.0769148872477,1.0,609.3512845293494,1.0,397.3815977999821,1.0,235.83787615639554,1.0,157.0542911194333,1.0,112.88543946547483,1.0,82.11230885662425,0.0,59.37079040055725,0.0,41.670568159776266,0.0,26.75730084271322,0.0,12.747993305751113,0.0,47.9134076669
analogue,2023-24,36,2023-10-21,0,6.301375735489808,47.0,207.7549999999998,1.0,151.7536231884058,1.0,92.01948051948052,1.0,60.394522144522156,1.0,45.64935064935064,1.0,34.95432692307692,1.0,30.713592233009713,1.0,21.977443609022565,1.0,16.018292682926827,0.0,10.797162703517223,0.0,6.684149184149177,0.0,14.4625759778
analogue,2023-24,36,2023-10-21,1,18.818972478741728,56.0,411.21729523809535,1.0,337.6540704449089,1.0,203.91111111111073,1.0,146.55929203539822,1.0,112.3854094303272,1.0,84.55280681378248,1.0,67.22478070175438,0.0,45.72484375777475,0.0,30.645791303919168,0.0,21.150029676822143,0.0,13.057671957671957,0.0,19.8738262564
analogue,2023-24,36,2023-10-21,2,33.20285937548315,88.0,734.7689047619068,1.0,574.6664658634538,1.0,440.7732558139535,1.0,313.77611664820967,1.0,223.2890225701718,1.0,183.7906026557712,1.0,134.74102564102566,1.0,103.80187553282181,0.0,70.83601162162022,0.0,49.26768859555747,0.0,26.779720279720294,0.0,33.4162583363
analogue,2023-24,36,2023-10-21,3,63.20818631322703,123.0,2021.0602221385545,1.0,1193.48125,1.0,740.106081822708,1.0,551.1979101255887,1.0,394.6842659857257,1.0,313.2666666666667,1.0,251.9968062766144,0.0,198.16488934755193,0.0,138.15600251323886,0.0,95.69137466307282,0.0,41.79807839381644,0.0,47.9134076669
ens2,2023-24,36,2023-10-21,0,5.295101666783334,47.0,195.59922138047978,1.0,141.00428256280043,1.0,95.59704366016919,1.0,64.883479693733,1.0,49.54268686502884,1.0,38.685240933787895,1.0,31.585739532179623,1.0,23.369415077869505,1.0,17.07349212433752,1.0,11.463322053131911,1.0,6.183002696661717,1.0,14.4625759778
ens2,2023-24,36,2023-10-21,1,10.036374508128258,56.0,399.7276805992952,1.0,296.8816862014684,1.0,189.94724229163364,1.0,130.64561589357908,1.0,97.82337301727875,1.0,74.64709671374357,1.0,58.5406629603217,1.0,41.4532454497744,1.0,28.602055345450317,1.0,19.268151733624627,1.0,10.716950408687538,1.0,19.8738262564
ens2,2023-24,36,2023-10-21,2,17.83786444980572,88.0,720.7489553156701,1.0,503.0211260690819,1.0,366.40838861994627,1.0,242.67662658688067,1.0,170.84966150932294,1.0,135.87050284132692,1.0,100.80353890284442,1.0,76.82921037585544,1.0,53.11484245439796,1.0,35.90909630422411,1.0,19.012303458208834,1.0,33.4162583363
ens2,2023-24,36,2023-10-21,3,29.47079619177072,123.0,1467.5685685129013,1.0,901.4162672646747,1.0,568.743839811345,1.0,393.5178931409921,1.0,275.8692785525795,1.0,213.07605306607078,1.0,167.05455756661934,1.0,128.76783987405457,1.0,89.91328533650758,1.0,61.224337752893035,1.0,27.27303584978378,1.0,47.9134076669
ens3,2023-24,36,2023-10-21,0,5.7616988279026335,47.0,200.36282946115278,1.0,142.4352690650956,1.0,99.460776449041,1.0,67.45374191755545,1.0,51.28798224758954,1.0,40.28453270246962,1.0,32.42171960605491,1.0,24.11878168092575,1.0,17.602987695380286,1.0,11.597492675163181,1.0,6.243129419229753,0.0,14.4625759778
ens3,2023-24,36,2023-10-21,1,9.695602451556319,56.0,422.3933666664766,1.0,294.07526426497424,1.0,190.2020019020389,1.0,126.19873216801258,1.0,93.28101562959922,1.0,70.6557580870095,1.0,55.03446065989765,1.0,39.70037501218201,1.0,27.679408405411237,1.0,18.718947201408298,1.0,9.953791196187126,1.0,19.8738262564
ens3,2023-24,36,2023-10-21,2,17.812478796676285,88.0,721.7379215797065,1.0,485.24621447165396,1.0,339.37227387346235,1.0,216.24095277059777,1.0,151.1020998407432,1.0,117.57116503264729,1.0,87.38396710114853,1.0,66.2587286527384,1.0,46.22342025693213,1.0,30.775056557416384,0.0,16.16955099474145,0.0,33.4162583363
ens3,2023-24,36,2023-10-21,3,26.887559818576722,123.0,1248.4745794663763,1.0,776.1685759251353,1.0,492.2311528876462,1.0,328.81676718536573,1.0,228.8019475532249,1.0,173.30258023719634,1.0,133.99506633993576,1.0,102.23375284700343,1.0,71.52996528471955,1.0,48.235308162109845,1.0,21.73344887421058,0.0,47.9134076669
pf,2023-24,42,2023-10-21,0,5.95784395642785,49.0,174.74338285571716,1.0,125.93560432627915,1.0,98.2020226600589,1.0,69.47668877670213,1.0,54.078839822761296,1.0,42.97388000767877,1.0,34.33964937518191,1.0,25.6560759670824,1.0,18.520593311423497,1.0,12.275252832507363,1.0,6.122132810123915,0.0,9.0798589897
pf,2023-24,42,2023-10-21,1,12.397887931678735,30.0,469.3523822717822,1.0,292.86032584838716,1.0,199.0777192151611,1.0,128.07224650684412,1.0,93.82364000248919,1.0,70.74342400843923,1.0,54.28283897013648,1.0,41.75968843955293,1.0,29.590308582265614,0.0,19.140042089042964,0.0,9.31231259960056,0.0,13.3543262762
pf,2023-24,42,2023-10-21,2,22.002943279871616,81.0,1205.0632283848304,1.0,688.7417934209582,1.0,417.421544493104,1.0,239.76417647644914,1.0,162.73275616430993,1.0,118.6607773809045,1.0,88.22692110666063,1.0,65.84807195666063,1.0,46.114830687928006,0.0,29.415848088275013,0.0,14.223298604535117,0.0,23.4489258744
pf,2023-24,42,2023-10-21,3,33.59278612317913,89.0,2351.97773187352,1.0,1424.9833418225614,1.0,848.2961389303372,1.0,452.05712259308655,1.0,286.51340795617693,1.0,193.9424336437683,1.0,140.2010862447033,1.0,101.5949900323937,1.0,71.34225021875366,1.0,44.89564060757541,0.0,21.60305903823768,0.0,27.4539032424
analogue,2023-24,42,2023-10-21,0,10.378423305609859,49.0,247.05999999999977,1.0,180.46376811594203,1.0,109.42857142857143,1.0,71.82051282051282,1.0,54.28571428571428,1.0,41.56730769230768,1.0,36.5242718446602,0.0,26.135338345864675,0.0,19.048780487804876,0.0,12.839869160939394,0.0,7.948717948717942,0.0,9.0798589897
analogue,2023-24,42,2023-10-21,1,48.43386856520361,30.0,489.01516190476207,1.0,401.5345702588106,0.0,242.48888888888843,0.0,174.2867256637168,0.0,133.64751391714583,0.0,100.54928377855212,0.0,79.94298245614033,0.0,54.375489874110514,0.0,36.44364371276873,0.0,25.151386642707408,0.0,15.528042328042318,0.0,13.3543262762
analogue,2023-24,42,2023-10-21,2,52.1189009929836,81.0,873.7792380952405,1.0,683.3871485943775,1.0,524.1627906976744,1.0,373.1391657438169,1.0,265.5328917050691,0.0,218.56179775280899,0.0,160.23257103257103,0.0,123.44006820119348,0.0,84.23741922571051,0.0,58.58860265417644,0.0,31.846153846153868,0.0,23.4489258744
analogue,2023-24,42,2023-10-21,3,107.30324995112343,89.0,2403.4229668674707,1.0,1419.275,1.0,880.1261513567339,1.0,655.4785958250243,1.0,469.3542622532955,0.0,372.53333333333336,0.0,299.6718777343522,0.0,235.65554408898063,0.0,164.29362461033807,0.0,113.79514824797846,0.0,49.70582295480875,0.0,27.4539032424
ens2,2023-24,42,2023-10-21,0,6.231988266465493,49.0,210.90169142785848,1.0,153.1996862211106,1.0,103.81529704431517,1.0,70.64860079860748,1.0,54.182277054237794,1.0,42.27059384999322,1.0,35.43196060992105,1.0,25.895707156473534,1.0,18.784686899614186,1.0,12.557560996723382,0.0,7.0354253794209285,0.0,9.0798589897
ens2,2023-24,42,2023-10-21,1,28.07616207445575,30.0,479.1837720882721,1.0,347.1974480535988,1.0,220.78330405202476,1.0,151.17948608528044,0.0,113.73557695981751,0.0,85.6463538934957,0.0,67.1129107131384,0.0,48.06758915683173,0.0,33.01697614751717,0.0,22.14571436587518,0.0,12.420177463821432,0.0,13.3543262762
ens2,2023-24,42,2023-10-21,2,25.333226943125183,81.0,1039.4212332400355,1.0,686.0644710076679,1.0,470.79216759538923,1.0,306.451671110133,1.0,214.13282393468955,1.0,168.61128756685673,1.0,124.22974606961583,1.0,94.64407007892706,1.0,65.17612495681925,1.0,44.00222537122572,0.0,23.034726225344485,0.0,23.4489258744
ens2,2023-24,42,2023-10-21,3,54.066475756767865,89.0,2377.7003493704956,1.0,1422.1291709112807,1.0,864.2111451435355,1.0,553.7678592090555,1.0,377.9338351047362,1.0,283.23788348855084,1.0,219.93648198952775,1.0,168.62526706068718,0.0,117.81793741454585,0.0,79.34539442777694,0.0,35.65444099652322,0.0,27.4539032424
ens3,2023-24,42,2023-10-21,0,5.915529803776523,49.0,209.5342684929721,1.0,150.79805286035477,1.0,105.37804732505805,1.0,72.29061612423256,1.0,55.417829392280424,1.0,43.46255678158013,1.0,35.535236609211026,1.0,26.17158816272041,1.0,19.24521307187625,1.0,12.765463320024345,1.0,6.834572981271485,1.0,9.0798589897
ens3,2023-24,42,2023-10-21,1,21.90456955533065,30.0,505.17217615241645,1.0,347.95436784290297,1.0,224.65330790316577,1.0,148.04048828911172,1.0,109.99119213803039,0.0,83.01788843515344,0.0,64.46843307023646,0.0,46.72439058857324,0.0,32.573038041844406,0.0,21.615950647817847,0.0,11.647280396830965,0.0,13.3543262762
ens3,2023-24,42,2023-10-21,2,21.5622665457938,81.0,1185.5635575723502,1.0,740.2762667866297,1.0,478.32450989096543,1.0,292.85740011848134,1.0,202.15530014760535,1.0,155.51116756692386,1.0,113.89570356427691,1.0,85.39495942246342,1.0,59.154220504504224,1.0,39.310921024244905,1.0,20.355687679852238,1.0,23.4489258744
ens3,2023-24,42,2023-10-21,3,41.057670699360045,89.0,2518.0613352953724,1.0,1490.8092522974223,1.0,893.1635730463845,1.0,530.9852317018202,1.0,352.9169477009619,1.0,256.41845491102725,1.0,194.06270464363178,1.0,144.96451479232152,1.0,100.81475008904236,1.0,66.68000915860505,0.0,30.472532637347783,0.0,27.4539032424
pf,2023-24,50,2023-10-21,2,6.610666305146405,2.0,696.6013296603917,1.0,416.40414678023416,1.0,235.49004042434765,1.0,111.68883717103631,1.0,62.51947975867637,1.0,36.97046163002079,1.0,23.34976524001313,1.0,15.566510160008754,1.0,9.62834803198589,1.0,5.837441310003283,1.0,3.753458651380737,0.0,1.0722385295
pf,2023-24,50,2023-10-21,3,9.559707466159411,5.0,758.7330816165489,1.0,481.39999414180807,1.0,314.7084039164127,1.0,171.23161176009629,1.0,101.1823160400569,1.0,62.51947975867637,1.0,40.862089170022976,1.0,27.091774562093093,1.0,15.58665432361267,1.0,9.59089996138402,1.0,3.8916275400021885,1.0,2.3275769444
analogue,2023-24,50,2023-10-21,2,3.5645195010700887,2.0,39.7172380952382,1.0,31.06305220883534,1.0,23.825581395348838,1.0,16.960871170173494,0.0,12.069676895684962,0.0,9.934627170582226,0.0,7.283298683298684,0.0,5.610912190963341,0.0,3.82897360116866,0.0,2.663118302462565,0.0,1.4475524475524484,0.0,1.0722385295
analogue,2023-24,50,2023-10-21,3,4.268910971886146,5.0,109.24649849397592,1.0,64.5125,1.0,40.00573415257881,1.0,29.794481628410196,1.0,21.334284647877062,1.0,16.933333333333334,0.0,13.621448987925099,0.0,10.711615640408212,0.0,7.467892027742639,0.0,5.172506738544476,0.0,2.259355588854943,0.0,2.3275769444
ens2,2023-24,50,2023-10-21,2,4.689988068393642,2.0,368.1592838778149,1.0,223.73359949453476,1.0,129.65781090984825,1.0,64.32485417060491,1.0,37.294578327180666,1.0,23.45254440030151,0.0,15.316531961655906,0.0,10.588711175486047,0.0,6.728660816577275,0.0,4.250279806232924,0.0,2.6005055494665923,0.0,1.0722385295
ens2,2023-24,50,2023-10-21,3,6.383080337065581,5.0,433.9897900552624,1.0,272.95624707090406,1.0,177.35706903449574,1.0,100.51304669425325,1.0,61.25830034396698,1.0,39.72640654600485,1.0,27.241769078974038,1.0,18.901695101250652,1.0,11.527273175677657,0.0,7.381703349964249,0.0,3.0754915644285648,0.0,2.3275769444
ens3,2023-24,50,2023-10-21,2,6.444635466578852,2.0,567.924442301797,1.0,350.9368002212333,1.0,211.96644544028842,1.0,103.21313085597362,1.0,58.27902513434208,1.0,35.55609037717929,1.0,22.27700025621801,1.0,14.679759066887303,1.0,8.931134542935647,0.0,5.408996212682546,0.0,3.0037734135160514,0.0,1.0722385295
ens3,2023-24,50,2023-10-21,3,8.208319912181762,5.0,604.2078099525198,1.0,389.21590502343804,1.0,250.82340369512167,1.0,136.86436539244326,1.0,82.67405256922116,1.0,53.51623715799626,1.0,35.538871896406775,1.0,24.168197615423306,1.0,14.761175625464524,1.0,9.357929514335973,1.0,3.978172300939522,0.0,2.3275769444
pf,2023-24,56,2023-10-21,1,3.384071617869407,1.0,114.76710770630191,1.0,74.0463423281895,1.0,49.665229610371,1.0,31.116856581498002,1.0,21.72743697544635,1.0,16.713543060737653,1.0,12.338017369394692,0.0,8.828239054330917,0.0,6.882257815991463,0.0,4.355297380909436,0.0,2.0855244617991824,0.0,1.8078588339000001
pf,2023-24,56,2023-10-21,2,3.1517551363315137,5.0,159.79112688338958,1.0,103.8454800944121,1.0,70.43432562925342,1.0,44.14119527165458,1.0,30.17392153357382,1.0,22.050417366526364,1.0,16.972830862635277,1.0,12.258155623014364,1.0,8.767698246428136,1.0,5.817333780305747,1.0,2.828805143772546,1.0,1.3611199509
pf,2023-24,56,2023-10-21,3,3.702604301639703,9.0,162.1848282429593,1.0,110.35298817913646,1.0,78.2636089777071,1.0,48.55531479882004,1.0,34.31415863989269,1.0,24.719069352126564,1.0,18.96308766941438,1.0,14.125182486929466,1.0,9.711062959764009,1.0,6.179767338031642,1.0,3.0284595097233646,0.0,2.630842503
analogue,2023-24,56,2023-10-21,1,7.891577667276809,1.0,55.56990476190478,0.0,45.628928438501205,0.0,27.555555555555504,0.0,19.805309734513273,0.0,15.187217490584757,0.0,11.42605497483547,0.0,9.084429824561402,0.0,6.179032940239832,0.0,4.141323149178266,0.0,2.858112118489478,0.0,1.7645502645502642,0.0,1.8078588339000001
analogue,2023-24,56,2023-10-21,2,8.911298752675224,5.0,99.29309523809552,1.0,77.65763052208835,1.0,59.56395348837209,1.0,42.40217792543374,0.0,30.174192239212402,0.0,24.836567926455565,0.0,18.208246708246712,0.0,14.027280477408352,0.0,9.57243400292165,0.0,6.6577957561564105,0.0,3.6188811188811236,0.0,1.3611199509
analogue,2023-24,56,2023-10-21,3,12.931405814316339,9.0,273.1162462349398,1.0,161.28125000000003,1.0,100.01433538144703,1.0,74.4862040710255,0.0,53.33571161969266,0.0,42.333333333333336,0.0,34.05362246981275,0.0,26.77903910102053,0.0,18.669730069356596,0.0,12.93126684636119,0.0,5.648388972137358,0.0,2.630842503
ens2,2023-24,56,2023-10-21,1,5.457213304427811,1.0,85.16850623410335,0.0,59.837635383345344,0.0,38.61039258296325,0.0,25.461083158005636,0.0,18.457327233015555,0.0,14.069799017786561,0.0,10.711223596978048,0.0,7.503635997285375,0.0,5.511790482584866,0.0,3.606704749699456,0.0,1.9250373631747237,0.0,1.8078588339000001
ens2,2023-24,56,2023-10-21,2,5.041375959467723,5.0,129.54211106074254,1.0,90.75155530825022,1.0,64.99913955881276,1.0,43.271686598544164,1.0,30.174056886393114,1.0,23.443492646490967,0.0,17.590538785440994,0.0,13.142718050211357,0.0,9.170066124674891,0.0,6.237564768231078,0.0,3.2238431313268343,0.0,1.3611199509
ens2,2023-24,56,2023-10-21,3,6.3744460668711955,9.0,217.65053723894957,1.0,135.81711908956825,1.0,89.13897217957705,1.0,61.520759434922766,1.0,43.82493512979267,1.0,33.52620134272995,1.0,26.508355069613565,1.0,20.452110793975,0.0,14.190396514560302,0.0,9.555517092196416,0.0,4.338424240930362,0.0,2.630842503
ens3,2023-24,56,2023-10-21,1,4.140935305004322,1.0,93.09910606963261,0.0,61.95102460193226,0.0,40.013905514723874,0.0,25.408481316203552,0.0,18.14410273722561,0.0,13.607315754308363,0.0,10.068413524360189,0.0,7.273230965218399,0.0,5.300469197024778,0.0,3.377901561125154,0.0,1.9305853398214774,0.0,1.8078588339000001
ens3,2023-24,56,2023-10-21,2,3.481312091139949,5.0,137.2745869402297,1.0,91.39393883622931,1.0,63.16925465122056,1.0,40.197822913684774,1.0,27.59537208398247,1.0,20.819411022296414,1.0,15.619837800437491,1.0,11.680391651528467,0.0,7.740221442583524,0.0,5.454621191568318,0.0,2.4762208309423164,0.0,1.3611199509
ens3,2023-24,56,2023-10-21,3,4.232738818964935,9.0,198.62782166872734,1.0,123.95804857455495,1.0,81.4774719005722,1.0,54.02137729236079,1.0,37.97236227402446,1.0,28.204192846238826,1.0,21.889449651842273,1.0,16.56143650485943,1.0,11.411394993402041,1.0,7.346811870810592,0.0,3.5402973714291424,0.0,2.630842503
pf,2023-24,02,2023-10-28,0,5.769261441289918,33.0,157.13731696161358,1.0,118.7716022591284,1.0,91.07163249049682,1.0,66.20102490182781,1.0,51.19446324967659,1.0,40.291619733747076,1.0,32.011605898434,1.0,24.17497184024824,1.0,17.30034102643011,1.0,11.831417572335667,0.0,5.604878562193562,0.0,1.7817043478
pf,2023-24,02,2023-10-28,1,9.5572270561715,39.0,303.46056622923436,1.0,218.5458575543958,1.0,164.6176103995682,1.0,113.82382574783549,1.0,85.61969193421253,1.0,67.41582594499904,1.0,52.84022062208361,1.0,40.29161973374707,1.0,29.046402482836285,1.0,19.47879758799609,1.0,9.700465920649812,0.0,5.4144401972
pf,2023-24,02,2023-10-28,2,21.75657126470877,17.0,380.7325044936322,1.0,276.4621227482869,1.0,210.28480430960164,1.0,147.26636482030094,1.0,113.07838233538463,0.0,89.01721864970904,0.0,69.27248655660749,0.0,53.08480453759735,0.0,37.96667290307058,0.0,24.812385831230813,0.0,12.193897066634676,0.0,7.6940976194
pf,2023-24,02,2023-10-28,3,22.165591354531085,14.0,347.5551828786586,1.0,262.2270189457304,1.0,206.28009204390335,1.0,149.1415874998791,1.0,115.0652004560885,0.0,90.60655422618227,0.0,71.31367032992249,0.0,54.26400280256284,0.0,39.47211269544826,0.0,25.825366732303124,0.0,13.094776413467805,0.0,9.3569484084
analogue,2023-24,02,2023-10-28,0,7.53768878299158,33.0,163.5,1.0,119.3389423076923,1.0,87.35064935064935,1.0,51.239737274220026,1.0,39.02205882352942,1.0,29.749015748031496,1.0,25.503615702479344,0.0,19.155155798265348,0.0,14.068416798633642,0.0,10.221621621621622,0.0,5.215517968974183,0.0,1.7817043478
analogue,2023-24,02,2023-10-28,1,21.4635229119826,39.0,365.4944055944056,1.0,278.88249949104227,1.0,174.00574712643652,1.0,123.79115044247789,1.0,95.57766990291259,0.0,73.40633447679724,0.0,53.76800847457628,0.0,39.54241108672997,0.0,28.275630252100854,0.0,18.513796277304692,0.0,8.533862959285017,0.0,5.4144401972
analogue,2023-24,02,2023-10-28,2,67.63824938864805,17.0,727.9672857142856,0.0,466.4761742281627,0.0,346.24396686793807,0.0,272.0590410541734,0.0,180.73705808080803,0.0,154.984996582365,0.0,116.11418269230771,0.0,92.05611539893466,0.0,59.03094605368058,0.0,45.938040744128955,0.0,18.05256551344658,0.0,7.6940976194
analogue,2023-24,02,2023-10-28,3,102.81559684635698,14.0,1641.8311475409835,0.0,1066.951537433153,0.0,600.9341311343522,0.0,418.14854023674576,0.0,315.1633360052332,0.0,258.6347826086957,0.0,209.97690886699507,0.0,168.00487012987014,0.0,118.06666666666672,0.0,69.0458180189928,0.0,28.012426939988757,0.0,9.3569484084
ens2,2023-24,02,2023-10-28,0,6.3206376248005185,33.0,160.3186584808068,1.0,119.05527228341035,1.0,89.21114092057309,1.0,58.72038108802392,1.0,45.10826103660301,1.0,35.02031774088928,1.0,28.757610800456668,1.0,21.6650638192568,1.0,15.68437891253187,0.0,11.026519596978645,0.0,5.4101982655838725,0.0,1.7817043478
ens2,2023-24,02,2023-10-28,1,14.117859010309184,39.0,334.47748591181994,1.0,248.71417852271907,1.0,169.31167876300236,1.0,118.8074880951567,1.0,90.59868091856256,1.0,70.41108021089815,1.0,53.30411454832995,0.0,39.91701541023852,0.0,28.661016367468577,0.0,18.996296932650388,0.0,9.11716443996741,0.0,5.4144401972
ens2,2023-24,02,2023-10-28,2,43.55215138376761,17.0,554.3498951039588,1.0,371.46914848822473,0.0,278.26438558876987,0.0,209.66270293723719,0.0,146.90772020809632,0.0,122.00110761603702,0.0,92.6933346244576,0.0,72.570459968266,0.0,48.49880947837558,0.0,35.375213287679884,0.0,15.123231290040621,0.0,7.6940976194
ens2,2023-24,02,2023-10-28,3,61.223293985597365,14.0,994.6931652098211,1.0,664.5892781894416,0.0,403.6071115891278,0.0,283.64506386831243,0.0,215.11426823066083,0.0,174.62066841743896,0.0,140.6452895984588,0.0,111.1344364662165,0.0,78.7693896810575,0.0,47.43559237564797,0.0,20.55360167672829,0.0,9.3569484084
ens3,2023-24,02,2023-10-28,0,6.007003681099437,33.0,165.10729460225292,1.0,122.5019422602716,1.0,91.57440212138303,1.0,62.18656769726549,1.0,47.71723721123279,1.0,37.2536282564668,1.0,30.03024095630288,1.0,22.827265356204258,1.0,16.5641590961037,0.0,11.22442053862089,0.0,5.64276767297229,0.0,1.7817043478
ens3,2023-24,02,2023-10-28,1,11.816280551048065,39.0,335.5703827945781,1.0,245.07661877594708,1.0,171.20451436485598,1.0,119.01014923047788,1.0,90.19506071183386,1.0,69.76810405765457,1.0,53.18167261455629,1.0,40.08133538824554,0.0,28.833898450654686,0.0,19.027833796061742,0.0,9.143861353349578,0.0,5.4144401972
ens3,2023-24,02,2023-10-28,2,34.974047031854774,17.0,501.85443671543555,1.0,344.42908773046724,1.0,258.9521241758556,1.0,190.38342718110238,0.0,136.22908299860921,0.0,110.85561976814543,0.0,84.5273531576153,0.0,65.63701595463877,0.0,44.59752722183784,0.0,31.60956927135001,0.0,14.154091851859832,0.0,7.6940976194
ens3,2023-24,02,2023-10-28,3,46.37373658690141,14.0,777.8260874569999,1.0,531.4717642900054,1.0,337.7162681221846,0.0,238.3311549624542,0.0,181.41426363310177,0.0,146.00132600986632,0.0,116.7544361420043,0.0,91.59016754804415,0.0,65.18686584116011,0.0,39.97769082965796,0.0,17.636827113769584,0.0,9.3569484084
pf,2023-24,06,2023-10-28,0,12.731165180334944,97.0,308.0308920153094,1.0,223.40939127483142,1.0,171.36189555800487,1.0,121.78322023008545,1.0,93.63558733613064,1.0,74.17839141803813,1.0,58.526726736737814,1.0,44.722288698541554,1.0,32.2450032712531,0.0,20.88621993194097,0.0,10.571524453578235,0.0,16.0926934783
pf,2023-24,06,2023-10-28,1,82.27502003914312,231.0,715.793801687187,1.0,469.93806743138236,1.0,326.9542915247823,1.0,215.6946429015948,1.0,161.94330820846406,0.0,124.11995846195539,0.0,96.22826247954947,0.0,73.24199483276547,0.0,52.564998637424814,0.0,34.19758402583794,0.0,16.26695976302024,0.0,100.0052012615
pf,2023-24,06,2023-10-28,2,162.87772740498423,372.0,1346.6833393678287,1.0,847.0395557423857,1.0,560.4459505967743,1.0,344.70348913671086,0.0,247.51113377775738,0.0,186.3143918776819,0.0,139.77822169160575,0.0,103.85921017010693,0.0,72.22366459874259,0.0,46.877560897522486,0.0,22.042354546961178,0.0,184.537513549
pf,2023-24,06,2023-10-28,3,208.3536593091009,459.0,1838.7166079190176,1.0,1184.0458536364179,1.0,796.6850888970124,1.0,482.1817793159697,1.0,335.8834978584561,0.0,244.99948682474258,0.0,182.76725165386677,0.0,132.533686327825,0.0,91.46309762911916,0.0,57.72997619442214,0.0,27.44861818537754,0.0,226.315483118
analogue,2023-24,06,2023-10-28,0,12.086161284366547,97.0,397.85,1.0,290.39142628205127,1.0,212.55324675324675,1.0,124.68336070060207,1.0,94.95367647058825,1.0,72.3892716535433,1.0,62.0587982093664,1.0,46.61087910911233,1.0,34.23314754334186,1.0,24.872612612612613,0.0,12.691093724503844,0.0,16.0926934783
analogue,2023-24,06,2023-10-28,1,31.546145242219144,231.0,889.3697202797202,1.0,678.6140820948694,1.0,423.41398467432884,1.0,301.22513274336285,1.0,232.5723300970873,1.0,178.62208056020663,1.0,130.8354872881356,1.0,96.21986697770959,1.0,68.8040336134454,0.0,45.05023760810809,0.0,20.76573320092689,0.0,100.0052012615
analogue,2023-24,06,2023-10-28,2,60.52659262624737,372.0,1771.3870619047614,1.0,1135.0920239551958,1.0,842.5269860453161,1.0,662.010333231822,1.0,439.7935079966328,1.0,377.13015835042154,1.0,282.54451121794875,1.0,224.0032141374077,1.0,143.64196873062275,0.0,111.78256581071378,0.0,43.92790941605341,0.0,184.537513549
analogue,2023-24,06,2023-10-28,3,87.83394534580717,459.0,3995.1224590163933,1.0,2596.2487410873387,1.0,1462.273052426924,1.0,1017.4947812427481,1.0,766.8974509460675,1.0,629.3446376811595,1.0,510.94381157635473,1.0,408.8118506493506,1.0,287.29555555555567,1.0,168.01149051288252,1.0,68.16357222063925,0.0,226.315483118
ens2,2023-24,06,2023-10-28,0,10.169948644090256,97.0,352.9404460076547,1.0,256.9004087784414,1.0,191.95757115562583,1.0,123.23329046534377,1.0,94.29463190335946,1.0,73.28383153579072,1.0,60.29276247305211,1.0,45.66658390382695,1.0,33.23907540729748,1.0,22.879416272276785,1.0,11.631309089041054,1.0,16.0926934783
ens2,2023-24,06,2023-10-28,1,51.321439608979894,231.0,802.5817609834537,1.0,574.276074763126,1.0,375.1841380995555,1.0,258.45988782247883,1.0,197.25781915277565,1.0,151.371019511081,0.0,113.53187488384252,0.0,84.73093090523753,0.0,60.68451612543511,0.0,39.62391081697301,0.0,18.51634648197357,0.0,100.0052012615
ens2,2023-24,06,2023-10-28,2,95.0654115611617,372.0,1559.035200636295,1.0,991.0657898487907,1.0,701.4864683210453,1.0,503.3569111842664,1.0,343.65232088719506,1.0,281.7222751140517,1.0,211.16136645477724,0.0,163.93121215375734,0.0,107.93281666468266,0.0,79.33006335411812,0.0,32.985131981507294,0.0,184.537513549
ens2,2023-24,06,2023-10-28,3,109.28714554505841,459.0,2916.9195334677056,1.0,1890.1472973618781,1.0,1129.4790706619683,1.0,749.8382802793589,1.0,551.3904744022618,1.0,437.17206225295104,1.0,346.8555316151108,1.0,270.6727684885878,0.0,189.37932659233743,0.0,112.87073335365233,0.0,47.8060952030084,0.0,226.315483118
ens3,2023-24,06,2023-10-28,0,10.773650807718518,97.0,353.56725531179796,1.0,254.62414832100606,1.0,191.15113497449738,1.0,126.51374762037193,1.0,96.86037635617394,1.0,75.53793297667045,1.0,61.23671399092602,1.0,46.5339817641042,1.0,33.84144706242354,1.0,22.79273791699802,1.0,11.580189399431703,0.0,16.0926934783
ens3,2023-24,06,2023-10-28,1,60.486776933794644,231.0,818.9205068667344,1.0,568.0276015977262,1.0,376.3987339226226,1.0,253.69569202498133,1.0,190.90864827073125,1.0,145.78236308640192,0.0,109.91171483212011,0.0,82.2621348169304,0.0,59.06316642156041,0.0,38.449750567324784,0.0,18.27075765259147,0.0,100.0052012615
ens3,2023-24,06,2023-10-28,2,114.65417227566792,372.0,1572.5008557854915,1.0,985.0961388376605,1.0,676.4533250706653,1.0,463.68419084776923,1.0,317.59520005877783,1.0,252.77734215235765,0.0,189.28239542926707,0.0,145.3411098037816,0.0,97.37235752307285,0.0,69.26430262428221,0.0,29.99874075100692,0.0,184.537513549
ens3,2023-24,06,2023-10-28,3,134.0579343219083,459.0,2641.18320644663,1.0,1686.5261120736106,1.0,1027.7433087674926,1.0,670.2707730139002,1.0,484.40138101289597,1.0,376.77495998113983,0.0,293.148387852435,0.0,225.12113230183888,0.0,157.20856778273887,0.0,94.94180676919555,0.0,41.21695465735465,0.0,226.315483118
pf,2023-24,36,2023-10-28,0,8.085161531832671,56.0,262.61289372429104,1.0,184.99613477565208,1.0,136.71021382483264,1.0,95.79532386533651,1.0,72.68408510363824,1.0,57.113217544920346,1.0,44.499215391950386,1.0,33.49626556726071,1.0,24.05146550560412,1.0,15.9366040551579,1.0,7.633430478354484,0.0,7.7882978261
pf,2023-24,36,2023-10-28,1,20.371233827606254,88.0,636.3599910086552,1.0,415.5325519717257,1.0,275.3919733592094,1.0,169.50291832166377,1.0,122.01203660758117,1.0,92.60214640315863,1.0,70.24990416791344,1.0,52.1573775489721,0.0,38.13049465601035,0.0,25.12219917544553,0.0,11.753926962407803,0.0,24.5568446751
pf,2023-24,36,2023-10-28,2,36.71285208396493,123.0,1157.7097626220482,1.0,719.9760896421153,1.0,466.3273487968811,1.0,274.4306222646146,1.0,190.28065109833992,1.0,138.62330698094817,1.0,101.95809700703552,1.0,74.3198392273597,0.0,52.699471510916496,0.0,33.42782605966665,0.0,15.9722284933382,0.0,42.6278495213
pf,2023-24,36,2023-10-28,3,61.253652146317506,176.0,1406.4060149154568,1.0,946.2540660546388,1.0,624.33560878723,1.0,376.83298763168295,1.0,258.5492998472936,1.0,187.33307778110247,1.0,136.64487227747028,0.0,98.9136563795696,0.0,68.97520798312229,0.0,43.25686630433698,0.0,21.79025573958529,0.0,69.5909270817
analogue,2023-24,36,2023-10-28,0,9.245228082656801,56.0,250.7,1.0,182.98637820512823,1.0,133.93766233766235,1.0,78.56759715380406,1.0,59.833823529411774,1.0,45.615157480314956,1.0,39.105544077134994,1.0,29.37123889067354,0.0,21.571572424571585,0.0,15.673153153153159,0.0,7.997127552427088,0.0,7.7882978261
analogue,2023-24,36,2023-10-28,1,19.00533345769504,88.0,560.4247552447553,1.0,427.6198325529315,1.0,266.808812260536,1.0,189.81309734513277,1.0,146.55242718446598,1.0,112.55637953108909,1.0,82.44427966101695,1.0,60.63169699965263,0.0,43.35596638655464,0.0,28.38782095853385,0.0,13.08525653757036,0.0,24.5568446751
analogue,2023-24,36,2023-10-28,2,39.46405013610154,123.0,1116.2165047619044,1.0,715.2634671498494,1.0,530.9074158641718,1.0,417.1571962830659,1.0,277.1301557239056,1.0,237.64366142629302,1.0,178.04174679487178,1.0,141.15271027836644,1.0,90.51411728231022,0.0,70.43832914099772,0.0,27.680600453951428,0.0,42.6278495213
analogue,2023-24,36,2023-10-28,3,65.96562550220982,176.0,2517.474426229508,1.0,1635.9923573975009,1.0,921.4323344060069,1.0,641.1610950296767,1.0,483.2504485413576,1.0,396.5733333333334,1.0,321.96459359605916,1.0,257.6074675324675,1.0,181.03555555555562,0.0,105.87025429578895,0.0,42.95238797464941,0.0,69.5909270817
ens2,2023-24,36,2023-10-28,0,7.136578286513678,56.0,256.6564468621456,1.0,183.99125649039013,1.0,135.32393808124746,1.0,87.18146050957029,1.0,66.258954316525,1.0,51.36418751261765,1.0,41.80237973454269,1.0,31.433752228967123,1.0,22.81151896508785,1.0,15.804878604155533,1.0,7.815279015390786,1.0,7.7882978261
ens2,2023-24,36,2023-10-28,1,13.707153919216578,88.0,598.3923731267053,1.0,421.57619226232856,1.0,271.1003928098727,1.0,179.65800783339827,1.0,134.28223189602357,1.0,102.57926296712387,1.0,76.34709191446521,1.0,56.39453727431237,1.0,40.7432305212825,1.0,26.755010066989698,1.0,12.419591749989081,1.0,24.5568446751
ens2,2023-24,36,2023-10-28,2,25.01791727702286,123.0,1136.9631336919763,1.0,717.6197783959824,1.0,498.61738233052637,1.0,345.79390927384026,1.0,233.70540341112275,1.0,188.1334842036206,1.0,139.99992190095367,1.0,107.73627475286307,1.0,71.60679439661337,1.0,51.93307760033218,1.0,21.826414473644817,1.0,42.6278495213
ens2,2023-24,36,2023-10-28,3,40.552463797134884,176.0,1961.9402205724825,1.0,1291.1232117260697,1.0,772.8839715966184,1.0,508.99704133067985,1.0,370.8998741943256,1.0,291.9532055572179,1.0,229.30473293676476,1.0,178.26056195601856,1.0,125.00538176933897,1.0,74.56356030006297,1.0,32.37132185711735,0.0,69.5909270817
ens3,2023-24,36,2023-10-28,0,7.187378727775306,56.0,260.6457130178663,1.0,184.67509505341505,1.0,136.1940821178261,1.0,90.18249568950813,1.0,68.58119902435358,1.0,53.18652051854872,1.0,42.621194129842735,1.0,32.25152904001308,1.0,23.38185271254428,1.0,15.885937002891254,1.0,7.86323025179469,1.0,7.7882978261
ens3,2023-24,36,2023-10-28,1,14.912819037642851,88.0,615.6686334046392,1.0,418.9720773940729,1.0,275.80114358382593,1.0,178.40432165448073,1.0,131.69690939258703,1.0,100.43370874727037,1.0,75.16321442468427,1.0,55.8162751568823,1.0,40.385484757890055,1.0,26.346327721435408,0.0,12.618888996932668,0.0,24.5568446751
ens3,2023-24,36,2023-10-28,2,25.749517036410367,123.0,1115.477372196442,1.0,712.4794198244189,1.0,486.91158969414874,1.0,322.3317408948643,1.0,218.9743043447176,1.0,171.48177628788474,1.0,127.51808498117089,1.0,96.82585595852251,1.0,65.30219748253042,1.0,45.68445736290684,0.0,20.01155437312248,0.0,42.6278495213
ens3,2023-24,36,2023-10-28,3,41.7341171202027,176.0,1753.2762288164333,1.0,1156.7911940774316,1.0,717.8358710021946,1.0,457.528181029404,1.0,329.30663087535874,1.0,254.03468643332076,1.0,196.22376063804202,1.0,150.53754503708066,1.0,105.08031554690325,1.0,63.18603567966312,0.0,28.162392011426874,0.0,69.5909270817
pf,2023-24,42,2023-10-28,0,14.608507832067348,30.0,219.00859734093325,1.0,157.60431771263418,1.0,119.87262641460873,1.0,86.83897915395727,1.0,66.5213029306573,0.0,52.59116421241997,0.0,41.2648272388974,0.0,31.92000645118364,0.0,22.790189113812716,0.0,14.571238574009932,0.0,7.257903087616015,0.0,12.0934652174
pf,2023-24,42,2023-10-28,1,15.03249635505127,81.0,624.4691098983468,1.0,386.846961658284,1.0,264.02323417619056,1.0,167.8383643173507,1.0,122.24367092851048,1.0,92.63144522049171,1.0,71.76051329316803,1.0,54.24044700499748,1.0,39.48151669659297,1.0,25.016895947396613,0.0,12.40572552296318,0.0,18.1484032422
pf,2023-24,42,2023-10-28,2,24.585694876136383,89.0,1613.9450027900411,1.0,898.2127778121838,1.0,566.2714288100567,1.0,324.10611166284735,1.0,224.19014666213567,1.0,163.40603257996852,1.0,121.77392236851159,1.0,90.36969289457122,1.0,63.58461053296639,1.0,41.547443115281474,1.0,20.816055105728466,0.0,22.8231508962
pf,2023-24,42,2023-10-28,3,43.256758730800236,118.0,2835.320831518061,1.0,1766.2750914444716,1.0,1117.6090594680654,1.0,608.7781492062855,1.0,396.5383934473344,1.0,275.83211167253205,1.0,200.64022951915393,1.0,144.60573079889866,1.0,100.95786726278311,1.0,63.39332561197733,1.0,30.343206640526645,0.0,36.926187102
analogue,2023-24,42,2023-10-28,0,30.985819455925785,30.0,272.5,1.0,198.89823717948718,0.0,145.58441558441558,0.0,85.39956212370005,0.0,65.03676470588235,0.0,49.58169291338582,0.0,42.506026170798904,0.0,31.925259663775563,0.0,23.447361331056072,0.0,17.036036036036037,0.0,8.6925299482903,0.0,12.0934652174
analogue,2023-24,42,2023-10-28,1,26.908748119326653,81.0,609.1573426573426,1.0,464.80416581840376,1.0,290.00957854406084,1.0,206.31858407079648,1.0,159.29611650485433,1.0,122.34389079466206,1.0,89.61334745762713,0.0,65.9040184778833,0.0,47.126050420168085,0.0,30.856327128841144,0.0,14.223104932141709,0.0,18.1484032422
analogue,2023-24,42,2023-10-28,2,64.63714381262146,89.0,1213.2788095238093,1.0,777.4602903802711,1.0,577.0732781132302,1.0,453.43173509028907,1.0,301.22843013468,0.0,258.308327637275,0.0,193.52363782051285,0.0,153.42685899822445,0.0,98.38491008946764,0.0,76.56340124021492,0.0,30.087609189077654,0.0,22.8231508962
analogue,2023-24,42,2023-10-28,3,100.96954829688472,118.0,2736.3852459016393,1.0,1778.252562388588,1.0,1001.5568852239206,1.0,696.9142337279095,1.0,525.2722266753887,1.0,431.05797101449275,0.0,349.9615147783252,0.0,280.0081168831169,0.0,196.77777777777786,0.0,115.07636336498803,0.0,46.687378233314575,0.0,36.926187102
ens2,2023-24,42,2023-10-28,0,22.05893922260152,30.0,245.7542986704666,1.0,178.25127744606067,1.0,132.72852099951217,0.0,86.11927063882867,0.0,65.77903381826982,0.0,51.0864285629029,0.0,41.88542670484816,0.0,31.922633057479594,0.0,23.118775222434394,0.0,15.803637305022988,0.0,7.975216517953157,0.0,12.0934652174
ens2,2023-24,42,2023-10-28,1,15.160027626750379,81.0,616.8132262778447,1.0,425.8255637383439,1.0,277.0164063601257,1.0,187.07847419407358,1.0,140.76989371668242,1.0,107.48766800757689,1.0,80.68693037539758,1.0,60.0722327414404,1.0,43.30378355838053,1.0,27.936611538118868,1.0,13.314415227552445,0.0,18.1484032422
ens2,2023-24,42,2023-10-28,2,35.491785644030344,89.0,1413.6119061569252,1.0,837.8365340962274,1.0,571.6723534616435,1.0,388.76892337656824,1.0,262.7092883984078,1.0,210.85718010862175,1.0,157.64878009451223,1.0,121.89827594639783,1.0,80.98476031121702,0.0,59.05542217774821,0.0,25.451832147403067,0.0,22.8231508962
ens2,2023-24,42,2023-10-28,3,59.89625355041537,118.0,2785.85303870985,1.0,1772.2638269165298,1.0,1059.582972345993,1.0,652.8461914670976,1.0,460.9053100613615,1.0,353.44504134351234,1.0,275.3008721487396,1.0,212.30692384100777,1.0,148.86782252028047,0.0,89.23484448848268,0.0,38.51529243692062,0.0,36.926187102
ens3,2023-24,42,2023-10-28,0,19.249431175816646,30.0,248.21122835180861,1.0,177.4642393217422,1.0,132.23467430484607,1.0,87.97044427977725,0.0,67.31202650636446,0.0,52.60272631822488,0.0,42.28923591037073,0.0,32.259728152186334,0.0,23.424913704973946,0.0,15.808439216837613,0.0,8.085581989373104,0.0,12.0934652174
ens3,2023-24,42,2023-10-28,1,14.078378317324688,81.0,670.4932576043575,1.0,435.1290420181901,1.0,283.3515712573229,1.0,186.11072746937026,1.0,138.06308512505225,1.0,105.06418209968896,1.0,79.16287746368104,1.0,58.943170121708164,1.0,42.53307558963184,1.0,27.39704657484191,1.0,13.243111076591944,1.0,18.1484032422
ens3,2023-24,42,2023-10-28,2,29.198887320808534,89.0,1594.2876167018399,1.0,913.0161692295187,1.0,592.184534583429,1.0,375.86328837976106,1.0,254.09337405729096,1.0,197.51604322305514,1.0,146.3882934957536,1.0,111.64844638517965,1.0,75.5196378609961,1.0,53.01800240256378,1.0,23.616134102976304,0.0,22.8231508962
ens3,2023-24,42,2023-10-28,3,49.23032804285794,118.0,2900.3322085424584,1.0,1821.1952692762925,1.0,1102.5666080467918,1.0,645.8908413042591,1.0,441.07710421953215,1.0,326.4618886206232,1.0,248.16427744191134,1.0,187.72922683766132,1.0,131.10898920705205,1.0,79.92841832234575,1.0,35.4427663375979,0.0,36.926187102
pf,2023-24,02,2023-11-04,0,4.7775447391090395,39.0,135.85960889429288,1.0,102.12894737570981,1.0,79.72549281425839,1.0,57.29791837025116,1.0,44.974215358110754,1.0,36.58590301733253,1.0,28.172571013603385,1.0,21.939309767912725,1.0,15.452102058945755,1.0,10.31910085104251,1.0,4.731441653484467,0.0,4.5521043478
pf,2023-24,02,2023-11-04,1,13.624185264547958,17.0,237.9858154796517,1.0,170.82268978687085,1.0,128.4730505988627,1.0,89.94843071622151,1.0,69.32897572047837,1.0,53.76835561891845,0.0,42.41138204426275,0.0,31.927245837887106,0.0,23.487756913800183,0.0,15.383668689588443,0.0,7.495702559685121,0.0,9.7913622567
pf,2023-24,02,2023-11-04,2,16.487027387888798,14.0,301.2881995887672,1.0,223.2758465073253,1.0,167.1064925613098,1.0,115.88007676491046,1.0,87.90296639260869,0.0,68.58680776811255,0.0,53.52504742745768,0.0,40.3678720193809,0.0,29.343513594020564,0.0,19.07661139781895,0.0,9.369628199606403,0.0,11.3141785455
pf,2023-24,02,2023-11-04,3,15.049369361340254,15.0,301.1301248349677,1.0,226.16814322758114,1.0,173.33812169271852,1.0,122.99064530437653,1.0,94.42542908118833,1.0,73.34875744663653,1.0,58.16220479678503,0.0,43.17876047926282,0.0,30.98800850311274,0.0,20.577927059521432,0.0,9.779141450610815,0.0,10.0402851237
analogue,2023-24,02,2023-11-04,0,7.319908330733133,39.0,184.50133333333332,1.0,117.97426221577155,1.0,82.39756627553233,1.0,54.332441091991655,1.0,45.60694251484948,1.0,35.94742634557179,1.0,25.976470588235294,1.0,19.63103133040353,0.0,14.570666666666668,0.0,10.40047511456146,0.0,5.794111610518307,0.0,4.5521043478
analogue,2023-24,02,2023-11-04,1,43.31703519575505,17.0,420.9683692307684,0.0,296.4494991856676,0.0,180.8867973856208,0.0,129.23291341315291,0.0,102.06541840447238,0.0,83.05343769605031,0.0,57.86762469358561,0.0,46.43001051014633,0.0,30.58285714285715,0.0,22.18769324584079,0.0,11.228784119106706,0.0,9.7913622567
analogue,2023-24,02,2023-11-04,2,66.60038780014692,14.0,699.7808761904763,0.0,473.3171644042238,0.0,359.6080733087585,0.0,244.41344573234989,0.0,191.0545245031277,0.0,158.20135151044246,0.0,122.83366035318141,0.0,93.70112778268114,0.0,67.72405895211905,0.0,47.20852767222824,0.0,23.77308535348847,0.0,11.3141785455
analogue,2023-24,02,2023-11-04,3,87.63973340978201,15.0,1715.5018790218815,0.0,964.1981954887228,0.0,577.1094514250249,0.0,407.77997839267476,0.0,328.6317386722866,0.0,271.0595951989231,0.0,224.1446667890582,0.0,165.5482311486203,0.0,120.16920992232808,0.0,77.36859200500994,0.0,36.653160594730906,0.0,10.0402851237
ens2,2023-24,02,2023-11-04,0,5.007157938792303,39.0,160.18047111381313,1.0,110.05160479574069,1.0,81.06152954489536,1.0,55.8151797311214,1.0,45.29057893648012,1.0,36.266664681452156,1.0,27.074520800919338,1.0,20.78517054915813,1.0,15.011384362806211,1.0,10.359787982801983,1.0,5.262776632001383,0.0,4.5521043478
ens2,2023-24,02,2023-11-04,1,27.411583473241077,17.0,329.47709235521006,1.0,233.63609448626926,0.0,154.67992399224175,0.0,109.59067206468721,0.0,85.69719706247538,0.0,68.41089665748439,0.0,50.13950336892418,0.0,39.178628174016715,0.0,27.035307028328667,0.0,18.78568096771462,0.0,9.36224333939591,0.0,9.7913622567
ens2,2023-24,02,2023-11-04,2,40.39999031456851,14.0,500.53453788962173,1.0,348.29650545577454,0.0,263.35728293503416,0.0,180.14676124863018,0.0,139.4787454478682,0.0,113.3940796392775,0.0,88.17935389031953,0.0,67.03449990103101,0.0,48.5337862730698,0.0,33.1425695350236,0.0,16.571356776547432,0.0,11.3141785455
ens2,2023-24,02,2023-11-04,3,49.947077685204434,15.0,1008.3160019284245,1.0,595.183169358152,1.0,375.22378655887167,0.0,265.3853118485257,0.0,211.52858387673746,0.0,172.2041763227798,0.0,141.1534357929216,0.0,104.36349581394157,0.0,75.57860921272041,0.0,48.973259532265686,0.0,23.216151022670857,0.0,10.0402851237
ens3,2023-24,02,2023-11-04,0,4.738245405600368,39.0,156.62275539884914,1.0,109.94153759484456,1.0,82.01119710954282,1.0,57.36119846798051,1.0,45.71338203464349,1.0,36.35594385595928,1.0,27.725728438578972,1.0,21.217273680524286,1.0,15.404532248406035,1.0,10.419640450323747,1.0,5.3262879476951,1.0,4.5521043478
ens3,2023-24,02,2023-11-04,1,22.05738598222147,17.0,309.8208270222169,1.0,218.62896007168757,1.0,149.43512172276237,1.0,105.10175422807124,0.0,81.29378637104878,0.0,64.33783018649422,0.0,48.02982751853499,0.0,37.230438011818975,0.0,26.1067981246852,0.0,17.861616503009834,0.0,8.781233288162873,0.0,9.7913622567
ens3,2023-24,02,2023-11-04,2,31.33244348623413,14.0,445.9365791412374,1.0,312.83040740344995,1.0,235.2458241454001,0.0,160.43555611033605,0.0,123.32637004433312,0.0,98.80597310737144,0.0,76.74875723966638,0.0,58.34075689172744,0.0,42.19734121357156,0.0,28.44439067809639,0.0,14.222243345071952,0.0,11.3141785455
ens3,2023-24,02,2023-11-04,3,37.16747946157694,15.0,782.3720213429754,1.0,478.6996729735117,1.0,311.93405504015783,1.0,219.79011510090737,0.0,173.29300225774628,0.0,139.73684685515798,0.0,113.43918741118429,0.0,84.0377270221936,0.0,61.01582697343924,0.0,39.47909966823561,0.0,18.797739178117027,0.0,10.0402851237
pf,2023-24,06,2023-11-04,0,58.15903885362367,231.0,515.6736190032349,1.0,370.71423076097994,1.0,286.46817447445153,1.0,203.1950659955283,1.0,157.53874844514124,0.0,123.99181340902938,0.0,97.6137427582214,0.0,74.72381696428984,0.0,54.944648855923234,0.0,35.61372158525691,0.0,17.098207751642548,0.0,92.8075065217
pf,2023-24,06,2023-11-04,1,110.89807697924425,372.0,1446.8924363480266,1.0,983.6498341827295,1.0,707.6595206025071,1.0,457.8307015956711,1.0,342.7119640281462,1.0,261.63768761975723,0.0,202.16116224000882,0.0,152.4255043091336,0.0,109.17116184171154,0.0,70.65036237336125,0.0,35.6029035889743,0.0,183.3286102531
pf,2023-24,06,2023-11-04,2,131.421315813345,459.0,3132.8813012052574,1.0,2137.7908473319244,1.0,1470.457328045119,1.0,925.8354827085766,1.0,662.2553543614607,1.0,500.7066084224994,1.0,376.24535688508104,1.0,279.8220981698757,0.0,201.13012579583807,0.0,131.04588983004075,0.0,65.75451695717388,0.0,226.1240456015
pf,2023-24,06,2023-11-04,3,212.41687264086858,683.0,4442.67021574872,1.0,3157.8684712314453,1.0,2275.5293520368,1.0,1498.7269270881022,1.0,1083.604354118409,1.0,805.9552687477079,1.0,612.5276465786384,1.0,452.25322665690993,0.0,322.412029364307,0.0,207.6199146018407,0.0,102.61622144896123,0.0,365.6130386465
analogue,2023-24,06,2023-11-04,0,40.12310523422186,231.0,565.0353333333333,1.0,361.2961780358003,1.0,252.3425467188178,1.0,166.39310084422442,1.0,139.67126145172654,1.0,110.08899318331362,0.0,79.55294117647058,0.0,60.120033449360804,0.0,44.622666666666674,0.0,31.851455038344483,0.0,17.74446680721232,0.0,92.8075065217
analogue,2023-24,06,2023-11-04,1,67.41831127239436,372.0,1289.2156307692283,1.0,907.8765912561071,1.0,553.9658169934637,1.0,395.7757973277808,1.0,312.5753438636967,1.0,254.35115294415408,1.0,177.2196006241059,0.0,142.19190718732312,0.0,93.66000000000003,0.0,67.94981056538745,0.0,34.38815136476427,0.0,183.3286102531
analogue,2023-24,06,2023-11-04,2,77.49084957866938,459.0,2143.0789333333337,1.0,1449.5338159879354,1.0,1101.2997245080728,1.0,748.5161775553215,1.0,585.1044812908287,1.0,484.49163900073006,1.0,376.17808483161804,1.0,286.95970383446104,1.0,207.4049305408646,0.0,144.576115996199,0.0,72.80507389505846,0.0,226.1240456015
analogue,2023-24,06,2023-11-04,3,141.77273728582782,683.0,5253.724504504512,1.0,2952.8569736842137,1.0,1767.3976949891385,1.0,1248.8261838275666,1.0,1006.4346996838777,1.0,830.1200102967018,1.0,686.4430420414908,1.0,506.9914578926497,1.0,368.0182053871298,0.0,236.94131301534293,0.0,112.25030432136344,0.0,365.6130386465
ens2,2023-24,06,2023-11-04,0,48.83053632809235,231.0,540.354476168284,1.0,366.0052043983901,1.0,269.40536059663464,1.0,184.79408341987633,1.0,148.6050049484339,1.0,117.04040329617149,0.0,88.58334196734597,0.0,67.42192520682532,0.0,49.78365776129496,0.0,33.73258831180071,0.0,17.421337279427433,0.0,92.8075065217
ens2,2023-24,06,2023-11-04,1,87.75055755948708,372.0,1368.0540335586275,1.0,945.7632127194183,1.0,630.8126687979855,1.0,426.80324946172595,1.0,327.6436539459214,1.0,257.9944202819556,0.0,189.6903814320574,0.0,147.30870574822836,0.0,101.4155809208558,0.0,69.30008646937432,0.0,34.995527476869285,0.0,183.3286102531
ens2,2023-24,06,2023-11-04,2,102.17861234027596,459.0,2637.9801172692955,1.0,1793.66233165993,1.0,1285.878526276596,1.0,837.175830131949,1.0,623.6799178261448,1.0,492.5991237116147,1.0,376.21172085834957,1.0,283.3909010021684,0.0,204.26752816835133,0.0,137.81100291311986,0.0,69.27979542611615,0.0,226.1240456015
ens2,2023-24,06,2023-11-04,3,173.9830333864501,683.0,4848.197360126616,1.0,3055.3627224578295,1.0,2021.4635235129695,1.0,1373.7765554578345,1.0,1045.0195269011433,1.0,818.0376395222049,1.0,649.4853443100645,1.0,479.6223422747797,0.0,345.21511737571836,0.0,222.28061380859185,0.0,107.43326288516232,0.0,365.6130386465
ens3,2023-24,06,2023-11-04,0,52.74680324025731,231.0,551.4240691657225,1.0,375.67833749443713,1.0,277.04150114348425,1.0,191.17633378202527,1.0,150.9289126138151,0.0,118.70468655734138,0.0,90.98079889334574,0.0,69.52972343005739,0.0,51.11934837976892,0.0,34.08420250348327,0.0,17.229881487894602,0.0,92.8075065217
ens3,2023-24,06,2023-11-04,1,98.86854886525762,372.0,1433.9822514484736,1.0,969.7384897475032,1.0,652.9411826064552,1.0,429.96756194685923,1.0,324.58190945374963,1.0,252.18093772738882,0.0,187.84574321771078,0.0,144.4648843205768,0.0,101.2811920550767,0.0,67.8298686948699,0.0,34.09712925121772,0.0,183.3286102531
ens3,2023-24,06,2023-11-04,2,115.92594368325798,459.0,2836.6538850774964,1.0,1875.4048729352266,1.0,1306.783408659132,1.0,824.8090804250484,1.0,604.2333205688813,1.0,469.2043343487892,1.0,354.3950209528369,1.0,265.9344888716522,0.0,190.01281728036977,0.0,126.51628102018347,0.0,63.14384766796488,0.0,226.1240456015
ens3,2023-24,06,2023-11-04,3,193.7810027388643,683.0,4713.0065148641115,1.0,3002.8189927423064,1.0,1995.9848883252703,1.0,1313.6766301524726,1.0,976.1953285348725,1.0,749.500844566802,1.0,584.6593193104181,1.0,432.50545028054324,0.0,308.93761497714587,0.0,198.68359372419286,0.0,95.99999720721979,0.0,365.6130386465
pf,2023-24,36,2023-11-04,0,13.622034481340126,88.0,315.53797405850526,1.0,227.83253078984725,1.0,170.26337280721233,1.0,120.28652419173186,1.0,91.73787744192964,1.0,72.5631193755625,1.0,57.430951663962,1.0,43.802020705658606,1.0,32.004780496853655,0.0,20.93144182212952,0.0,9.992531075278258,0.0,19.2553456522
pf,2023-24,36,2023-11-04,1,27.05340468935837,123.0,794.4906689180933,1.0,506.611734659675,1.0,345.6851862322952,1.0,229.75137314127693,1.0,169.98066241687854,1.0,129.8630985060871,1.0,100.6121938781217,1.0,76.38702569177354,0.0,54.820442867482086,0.0,35.42043913576423,0.0,17.190603429536154,0.0,38.4664559757
pf,2023-24,36,2023-11-04,2,48.83969415634675,176.0,1404.3088520487704,1.0,909.8917239407357,1.0,628.7588521500982,1.0,403.39786627354414,1.0,289.67123678168076,1.0,216.29156549533843,1.0,163.93596381345537,1.0,122.48155535346919,0.0,86.85642062344007,0.0,55.75035546281409,0.0,27.218930669583514,0.0,67.4360662738
pf,2023-24,36,2023-11-04,3,119.26455032899179,338.0,1841.9837829611513,1.0,1250.4105883783916,1.0,896.8281581267175,1.0,571.9782246316306,1.0,406.57551090961783,1.0,303.7199436219448,0.0,232.70911957830316,0.0,175.49286356028517,0.0,125.48018330035971,0.0,80.37409044335465,0.0,39.2293553409029,0.0,169.8392169601
analogue,2023-24,36,2023-11-04,0,8.321207512503806,88.0,328.643,1.0,210.14165457184308,1.0,146.77066492829195,1.0,96.77966069511014,1.0,81.23736635457563,1.0,64.03135317804976,1.0,46.27058823529411,1.0,34.96777455728129,1.0,25.954000000000008,1.0,18.525846297812606,1.0,10.320761306235738,1.0,19.2553456522
analogue,2023-24,36,2023-11-04,1,20.232812128719253,123.0,749.8499076923063,1.0,528.0506704244705,1.0,322.20460784313707,1.0,230.19612701717864,1.0,181.80402653296642,1.0,147.93893589608962,1.0,103.07670648544936,1.0,82.70345622119815,1.0,54.475714285714304,1.0,39.5218285941539,0.0,20.001271712158825,0.0,38.4664559757
analogue,2023-24,36,2023-11-04,2,37.552500370841784,176.0,1246.484685714286,1.0,843.0961990950236,1.0,640.551880581226,1.0,435.3614502107483,1.0,340.31587177119627,1.0,281.79615737797565,1.0,218.79745750410444,1.0,166.9051338629008,1.0,120.63348000846204,1.0,84.09018991615656,1.0,42.34580828590131,1.0,67.4360662738
analogue,2023-24,36,2023-11-04,3,69.27760964068649,338.0,3055.737722007726,1.0,1717.4780357142877,1.0,1027.9762103508253,1.0,726.3580865119519,1.0,585.3752845100105,1.0,482.8249039480818,1.0,399.25768771800995,1.0,294.88278673348,1.0,214.0514051741469,1.0,137.81280450892393,0.0,65.2884423093644,0.0,169.8392169601
ens2,2023-24,36,2023-11-04,0,9.623982176190426,88.0,322.09048702925264,1.0,218.9870926808452,1.0,158.51701886775214,1.0,108.53309244342101,1.0,86.48762189825263,1.0,68.29723627680613,1.0,51.85076994962806,1.0,39.38489763146995,1.0,28.97939024842684,1.0,19.72864405997106,1.0,10.156646190756987,0.0,19.2553456522
ens2,2023-24,36,2023-11-04,1,18.92206579034812,123.0,772.1702883051997,1.0,517.3312025420727,1.0,333.94489703771615,1.0,229.97375007922778,1.0,175.89234447492248,1.0,138.9010172010884,1.0,101.84445018178555,1.0,79.54524095648586,1.0,54.64807857659821,1.0,37.47113386495906,1.0,18.595937570847497,0.0,38.4664559757
ens2,2023-24,36,2023-11-04,2,35.50991034635365,176.0,1325.396768881528,1.0,876.4939615178797,1.0,634.6553663656622,1.0,419.3796582421462,1.0,314.9935542764385,1.0,249.043861436657,1.0,191.36671065877994,1.0,144.693344608185,1.0,103.74495031595107,1.0,69.92027268948533,1.0,34.78236947774241,0.0,67.4360662738
ens2,2023-24,36,2023-11-04,3,83.89594579810856,338.0,2448.8607524844388,1.0,1483.9443120463395,1.0,962.4021842387715,1.0,649.1681555717912,1.0,495.97539770981416,1.0,393.2724237850133,1.0,315.9834036481565,1.0,235.18782514688257,0.0,169.7657942372533,0.0,109.09344747613929,0.0,52.258898825133656,0.0,169.8392169601
ens3,2023-24,36,2023-11-04,0,10.892905366247794,88.0,326.8699010988911,1.0,224.66906397844988,1.0,164.36552547768756,1.0,113.03582247226811,1.0,88.91970591137192,1.0,69.82286760108941,1.0,53.58958387660214,1.0,40.94807294783779,1.0,30.273040229623874,1.0,20.140348266557993,0.0,10.398788382108151,0.0,19.2553456522
ens3,2023-24,36,2023-11-04,1,21.32618088474287,123.0,805.1122667004375,1.0,534.2272237476533,1.0,353.4040568462249,1.0,235.1745018371579,1.0,177.14347060905848,1.0,137.8558745005491,1.0,102.56174416473392,1.0,78.96112167136029,1.0,54.73377459321651,1.0,36.64701111693448,0.0,18.351477776171407,0.0,38.4664559757
ens3,2023-24,36,2023-11-04,2,39.00786095008283,176.0,1384.0870386592967,1.0,926.6560429596885,1.0,649.7100030310024,1.0,418.3384153909399,1.0,308.3373865578958,1.0,239.23617625650553,1.0,181.81749098627904,1.0,136.3932515646717,1.0,97.11504928036086,1.0,64.88373324136421,0.0,32.13502753696491,0.0,67.4360662738
ens3,2023-24,36,2023-11-04,3,94.70433766524397,338.0,2269.218610492926,1.0,1411.2901092685404,1.0,935.7602338085527,1.0,621.4449737424559,1.0,463.75378386484726,1.0,360.52386699048793,1.0,285.1778150632668,1.0,212.02980864332304,0.0,152.44269975683304,0.0,98.01863354183737,0.0,47.44470552524109,0.0,169.8392169601
pf,2023-24,42,2023-11-04,0,24.181066409656484,81.0,141.5085091704001,1.0,106.69849405493241,1.0,81.70976721761893,1.0,60.232299595174865,0.0,46.4983760737445,0.0,36.71904411001479,0.0,29.277449444423233,0.0,22.239618312064565,0.0,16.102625626982913,0.0,10.626308935885667,0.0,5.105445554806195,0.0,26.893126087
pf,2023-24,42,2023-11-04,1,25.71619934654703,89.0,342.7221961476971,1.0,220.71920815111588,1.0,154.05481647945658,1.0,101.65582033112673,1.0,76.0586691985531,1.0,58.42146093774282,0.0,44.64507454773913,0.0,33.91070325943669,0.0,24.421919984834354,0.0,15.753062971045729,0.0,8.016899631607949,0.0,28.8000314299
pf,2023-24,42,2023-11-04,2,38.99235635612242,118.0,820.4869697926397,1.0,470.7443919835865,1.0,297.6456841915121,1.0,177.11367078855045,1.0,125.25449290799544,1.0,92.35797651290517,0.0,69.0093751932617,0.0,51.735551418519854,0.0,36.62399655978379,0.0,23.53639424017721,0.0,11.541340594074178,0.0,44.7163495288
pf,2023-24,42,2023-11-04,3,86.72672185791448,211.0,1680.6574623365836,1.0,955.7797456311243,1.0,564.4443717289155,1.0,317.84121170992273,1.0,208.01587841050065,1.0,146.67319760451377,0.0,107.70739485462619,0.0,78.05714775425803,0.0,55.579821121216426,0.0,34.49036761234657,0.0,17.245183806173287,0.0,102.8980366743
analogue,2023-24,42,2023-11-04,0,10.250288421020125,81.0,224.861,1.0,143.78113207547156,1.0,100.42203389830503,1.0,66.21766258086484,1.0,55.58346118997281,1.0,43.81092585866561,1.0,31.658823529411762,0.0,23.92531943392931,0.0,17.758000000000003,0.0,12.675579045871778,0.0,7.06157352531919,0.0,26.893126087
analogue,2023-24,42,2023-11-04,1,13.174780436581518,89.0,513.0551999999991,1.0,361.2978271325324,1.0,220.45578431372536,1.0,157.5026132222801,1.0,124.39222868045073,1.0,101.22137719206134,1.0,70.52616759530747,1.0,56.58657530924084,1.0,37.27285714285715,1.0,27.04125114336847,1.0,13.685080645161307,0.0,28.8000314299
analogue,2023-24,42,2023-11-04,2,25.98273383604895,118.0,852.857942857143,1.0,576.8552941176478,1.0,438.2723393450494,1.0,297.8788869863014,1.0,232.84770173818694,1.0,192.80789715335175,1.0,149.70352355543986,1.0,114.19824948514265,1.0,82.53869684789508,1.0,57.53539310052817,1.0,28.973447774564065,0.0,44.7163495288
analogue,2023-24,42,2023-11-04,3,44.63970420391467,211.0,2090.767915057918,1.0,1175.1165507518808,1.0,703.3521439242489,1.0,496.9818486660724,1.0,400.51993150684933,1.0,330.3538816486875,1.0,273.1763126491647,1.0,201.761906712381,1.0,146.45622459283734,1.0,94.29297150610586,1.0,44.67103947482829,0.0,102.8980366743
ens2,2023-24,42,2023-11-04,0,16.315122924613483,81.0,183.18475458520004,1.0,125.23981306520199,1.0,91.06590055796198,1.0,63.224981088019845,1.0,51.04091863185866,1.0,40.2649849843402,0.0,30.4681364869175,0.0,23.082468872996934,0.0,16.930312813491454,0.0,11.650943990878723,0.0,6.083509540062693,0.0,26.893126087
ens2,2023-24,42,2023-11-04,1,13.421751229601652,89.0,427.8886980738481,1.0,291.00851764182414,1.0,187.25530039659097,1.0,129.57921677670342,1.0,100.2254489395019,1.0,79.82141906490209,1.0,57.58562107152329,1.0,45.248639284338765,1.0,30.847388563845747,0.0,21.397157057207096,0.0,10.850990138384631,0.0,28.8000314299
ens2,2023-24,42,2023-11-04,2,22.18136588139364,118.0,836.6724563248914,1.0,523.7998430506171,1.0,367.95901176828073,1.0,237.49627888742594,1.0,179.0510973230912,1.0,142.58293683312846,1.0,109.35644937435077,1.0,82.96690045183124,1.0,59.58134670383943,1.0,40.53589367035269,0.0,20.257394184319125,0.0,44.7163495288
ens2,2023-24,42,2023-11-04,3,52.66423567543204,211.0,1885.7126886972508,1.0,1065.4481481915025,1.0,633.8982578265823,1.0,407.4115301879975,1.0,304.267904958675,1.0,238.51353962660062,1.0,190.44185375189545,1.0,139.90952723331952,0.0,101.01802285702686,0.0,64.39166955922622,0.0,30.958111640500803,0.0,102.8980366743
ens3,2023-24,42,2023-11-04,0,19.335665233947807,81.0,172.71809358317282,1.0,120.22420877855913,1.0,88.17627555168045,1.0,61.82947030783557,1.0,49.38691064755282,0.0,38.87504302123821,0.0,29.782053513036963,0.0,22.5073330029172,0.0,16.592744277801103,0.0,11.181100046374596,0.0,5.7769515968644285,0.0,26.893126087
ens3,2023-24,42,2023-11-04,1,16.807396174879667,89.0,404.32788925178386,1.0,268.6452047223418,1.0,174.2697401198455,1.0,118.58032493099651,1.0,90.30477791056497,1.0,71.38513812631702,1.0,52.50598262846938,1.0,40.87695320168077,0.0,28.203640974539482,0.0,19.200861504125655,0.0,9.598384500032182,0.0,28.8000314299
ens3,2023-24,42,2023-11-04,2,26.09564231192754,118.0,866.7803845268838,1.0,510.1580451692877,1.0,339.69071007286794,1.0,211.4459553672088,1.0,155.73141551245584,1.0,121.58129773194116,1.0,92.62382256591606,1.0,69.81103173255939,0.0,50.225383355176405,0.0,33.82094917702638,0.0,16.744971202242304,0.0,44.7163495288
ens3,2023-24,42,2023-11-04,3,63.365733685059446,211.0,1856.537503853879,1.0,1040.4082328116433,1.0,597.8300382602808,1.0,360.87113112604214,1.0,258.14829685240306,1.0,197.12608716631655,1.0,154.36777683042374,0.0,112.74530880813265,0.0,81.18209991202251,0.0,51.89918339923244,0.0,25.154591923106366,0.0,102.8980366743
pf,2023-24,02,2023-11-11,0,15.336706657560896,17.0,150.85990791787188,1.0,111.925586381545,1.0,87.42129422864078,1.0,64.93414703951416,0.0,50.44319902430273,0.0,39.75481351141859,0.0,31.074350429114485,0.0,23.47865164077221,0.0,17.51878743363313,0.0,11.58028244987004,0.0,5.839595811211048,0.0,16.943373913
pf,2023-24,02,2023-11-11,1,18.881182637257126,14.0,260.8352795674266,1.0,183.5328822219574,1.0,138.61213648935274,1.0,97.36386965314827,0.0,74.80314728369684,0.0,58.44857853511875,0.0,45.743500521153166,0.0,34.906372980799304,0.0,25.37946078117629,0.0,15.710746376722334,0.0,8.12606046895575,0.0,17.9194568164
pf,2023-24,02,2023-11-11,2,18.435940318285088,15.0,333.0792022201773,1.0,239.44529524073062,1.0,180.60212172822517,1.0,124.6254224315042,1.0,95.1898818359194,0.0,74.7288053675498,0.0,57.475312566583575,0.0,43.632966225999134,0.0,31.261134892207295,0.0,20.444813721060868,0.0,10.520056314725409,0.0,15.9698794995
pf,2023-24,02,2023-11-11,3,17.665997536639722,14.0,326.28837198909326,1.0,252.07588585061004,1.0,191.7552627825071,1.0,137.65344850820279,1.0,104.18683709226556,1.0,81.7543413569546,0.0,63.1197743091388,0.0,47.58259909458156,0.0,34.125699392240776,0.0,22.385117276308996,0.0,10.705925653886915,0.0,16.0487741745
analogue,2023-24,02,2023-11-11,0,31.45339734367238,17.0,192.47977272727155,0.0,120.5189393939394,0.0,84.5,0.0,60.09920634920635,0.0,46.90744437051823,0.0,35.416666666666664,0.0,29.751644100580265,0.0,20.944670209440453,0.0,15.72769344246315,0.0,12.90957869634341,0.0,5.353815983003749,0.0,16.943373913
analogue,2023-24,02,2023-11-11,1,49.04253674972382,14.0,430.6037662528638,0.0,252.27812499999996,0.0,185.65109642722805,0.0,143.80689655172412,0.0,117.7238859729718,0.0,85.87309171131422,0.0,67.15666729711677,0.0,53.88222481539602,0.0,38.22976356951865,0.0,24.685788802216223,0.0,12.74735361621137,0.0,17.9194568164
analogue,2023-24,02,2023-11-11,2,61.87571031518147,15.0,857.9832720588234,0.0,479.8613703935532,0.0,402.3315686972637,0.0,274.7621621621622,0.0,220.80600596760442,0.0,178.2930994152047,0.0,126.93243940774721,0.0,102.12027027027027,0.0,72.37920635296607,0.0,47.76204855171058,0.0,23.241759007766518,0.0,15.9698794995
analogue,2023-24,02,2023-11-11,3,78.38012156166697,14.0,1459.6994358638683,0.0,773.4939530336075,0.0,617.1585256041424,0.0,471.0607049979684,0.0,364.3879042884713,0.0,286.04355375630973,0.0,231.39513626254768,0.0,175.56631619937696,0.0,134.89301913767764,0.0,98.4460881085088,0.0,44.95081790875311,0.0,16.0487741745
ens2,2023-24,02,2023-11-11,0,22.867603404747936,17.0,171.6698403225717,0.0,116.22226288774222,0.0,85.96064711432038,0.0,62.516676694360264,0.0,48.675321697410475,0.0,37.58574008904263,0.0,30.41299726484737,0.0,22.21166092510633,0.0,16.623240438048136,0.0,12.244930573106721,0.0,5.596705897107398,0.0,16.943373913
ens2,2023-24,02,2023-11-11,1,33.27744441052619,14.0,345.7195229101452,0.0,217.90550361097868,0.0,162.13161645829038,0.0,120.5853831024362,0.0,96.26351662833432,0.0,72.16083512321649,0.0,56.45008390913496,0.0,44.394298898097674,0.0,31.80461217534748,0.0,20.198267589469275,0.0,10.436707042583564,0.0,17.9194568164
ens2,2023-24,02,2023-11-11,2,39.07631261104604,15.0,595.5312371395005,1.0,359.6533328171419,0.0,291.46684521274443,0.0,199.69379229683324,0.0,157.99794390176191,0.0,126.51095239137726,0.0,92.2038759871654,0.0,72.8766182481347,0.0,51.82017062258668,0.0,34.10343113638572,0.0,16.88090766124597,0.0,15.9698794995
ens2,2023-24,02,2023-11-11,3,46.90144150279482,14.0,892.9939039264807,1.0,512.7849194421087,1.0,404.45689419332473,0.0,304.35707675308555,0.0,234.28737069036842,0.0,183.89894755663218,0.0,147.25745528584324,0.0,111.57445764697927,0.0,84.50935926495922,0.0,60.4156026924089,0.0,27.828371781320016,0.0,16.0487741745
ens3,2023-24,02,2023-11-11,0,19.85130769863416,17.0,167.81502617329312,1.0,117.5073564327038,0.0,88.5675854872591,0.0,64.15766777494456,0.0,49.966482026272516,0.0,38.949656309627095,0.0,31.123064436537085,0.0,23.04006786250536,0.0,17.289798861830178,0.0,12.185922386563988,0.0,5.577854433111213,0.0,16.943373913
ens3,2023-24,02,2023-11-11,1,27.543171777643135,14.0,328.2676317250287,1.0,214.07126955149033,0.0,157.79597989916084,0.0,114.4505688339485,0.0,89.83375941157183,0.0,68.14882969385482,0.0,53.387746878387475,0.0,41.450702499304086,0.0,29.88732137982484,0.0,19.100054670357345,0.0,9.839656551980106,0.0,17.9194568164
ens3,2023-24,02,2023-11-11,2,31.223602098093213,15.0,515.0182976323835,1.0,325.44520994305236,1.0,257.85162746926295,1.0,176.22357602483078,0.0,137.9038711952,0.0,109.23549570548786,0.0,80.85442536958615,0.0,63.21958178566403,0.0,45.152978897965085,0.0,29.398518002383824,0.0,14.546856005804443,0.0,15.9698794995
ens3,2023-24,02,2023-11-11,3,36.031372445995736,14.0,717.0565976869146,1.0,430.50849236774656,1.0,336.4545173443373,1.0,249.22341241583743,0.0,190.27609328289049,0.0,148.92337336216698,0.0,118.67960751238243,0.0,89.85968432002964,0.0,67.60865873139514,0.0,47.79267631652185,0.0,22.190758776901873,0.0,16.0487741745
pf,2023-24,06,2023-11-11,0,57.5650963499347,372.0,1625.665339306498,1.0,1189.8538900832339,1.0,929.1298411160344,1.0,668.6034622034422,1.0,518.9186940433023,1.0,407.78669356884194,1.0,318.8877042602645,1.0,244.4744199796193,1.0,178.75793329186143,1.0,118.30303347376542,1.0,58.17565876362352,0.0,102.1560152174
pf,2023-24,06,2023-11-11,1,241.7848732809877,459.0,5975.20428079506,1.0,4373.51129136427,1.0,3254.693541696513,1.0,2219.0967280887426,1.0,1656.044701998013,1.0,1280.0255937292848,1.0,987.6356857189437,0.0,750.4177651034953,0.0,540.0599243574679,0.0,350.20955485440084,0.0,169.33693208199213,0.0,153.6731659611
pf,2023-24,06,2023-11-11,2,508.51593839069574,683.0,11057.639644765122,1.0,8591.169738361856,1.0,6628.587226977632,1.0,4679.824801793995,1.0,3590.9265116933425,1.0,2786.195839161527,1.0,2155.271279846069,0.0,1632.3040999476075,0.0,1164.6047409926173,0.0,761.6625698163707,0.0,379.5568646646184,0.0,292.6834734701
pf,2023-24,06,2023-11-11,3,709.7025103273342,868.0,11959.374492820793,1.0,9547.805872148421,1.0,7721.658823277995,1.0,5789.062246857143,1.0,4610.841807168645,1.0,3675.9886729405093,1.0,2902.834689505478,0.0,2226.561973123006,0.0,1615.2617876610052,0.0,1052.70573524421,0.0,524.0474959155026,0.0,411.6111469138
analogue,2023-24,06,2023-11-11,0,29.77715463491851,372.0,1120.330984848478,1.0,701.4820318570319,1.0,491.8333333333333,1.0,349.80820105820106,1.0,273.02538133609323,1.0,206.14316239316236,1.0,173.16982591876206,1.0,121.90872147546105,1.0,91.5432413189522,1.0,75.14036830948595,1.0,31.16195456773977,0.0,102.1560152174
analogue,2023-24,06,2023-11-11,1,67.54937889879224,459.0,2506.3347420358996,1.0,1468.3880608974357,1.0,1080.5845868969427,1.0,837.0298850574711,1.0,685.2133875862719,1.0,499.8254312427776,1.0,390.88624298578225,1.0,313.62218033576653,1.0,222.5168289815573,1.0,143.68395020777137,1.0,74.19613515076878,1.0,153.6731659611
analogue,2023-24,06,2023-11-11,2,131.45944030230805,683.0,4993.902634803921,1.0,2793.0392584445276,1.0,2341.7760536994583,1.0,1599.2566874566876,1.0,1285.2041885806718,1.0,1037.7572709551655,1.0,738.8118909117594,1.0,594.3923423423423,1.0,421.28409851598184,1.0,277.99961592918714,1.0,135.27895627597434,1.0,292.6834734701
analogue,2023-24,06,2023-11-11,3,228.05255928236755,868.0,8496.199280540977,1.0,4502.131470221254,1.0,3592.1791105677003,1.0,2741.8148726804825,1.0,2120.924468550846,1.0,1664.920171863649,1.0,1346.83835722047,1.0,1021.8859942886813,1.0,785.1465472885338,1.0,573.0067179649102,1.0,261.63681193043476,1.0,411.6111469138
ens2,2023-24,06,2023-11-11,0,41.298092320631795,372.0,1372.998162077488,1.0,945.667960970133,1.0,710.4815872246838,1.0,509.20583163082165,1.0,395.97203768969774,1.0,306.9649279810022,1.0,246.02876508951329,1.0,183.19157072754012,1.0,135.15058730540682,1.0,96.72170089162569,1.0,44.66880666568164,1.0,102.1560152174
ens2,2023-24,06,2023-11-11,1,146.40233907338828,459.0,4240.769511415479,1.0,2920.9496761308524,1.0,2167.639064296728,1.0,1528.0633065731067,1.0,1170.6290447921424,1.0,889.9255124860312,1.0,689.260964352363,1.0,532.0199727196309,1.0,381.2883766695126,0.0,246.94675253108608,0.0,121.76653361638046,0.0,153.6731659611
ens2,2023-24,06,2023-11-11,2,286.4084873443253,683.0,8025.771139784521,1.0,5692.104498403192,1.0,4485.181640338545,1.0,3139.540744625341,1.0,2438.065350137007,1.0,1911.9765550583465,1.0,1447.0415853789139,1.0,1113.3482211449748,1.0,792.9444197542995,0.0,519.8310928727788,0.0,257.4179104702964,0.0,292.6834734701
ens2,2023-24,06,2023-11-11,3,405.65048857741203,868.0,10227.786886680886,1.0,7024.968671184837,1.0,5656.918966922848,1.0,4265.438559768812,1.0,3365.8831378597456,1.0,2670.4544224020788,1.0,2124.836523362974,1.0,1624.2239837058432,1.0,1200.2041674747695,1.0,812.8562266045601,0.0,392.8421539229687,0.0,411.6111469138
ens3,2023-24,06,2023-11-11,0,47.25962997808042,372.0,1556.7900987055873,1.0,1090.59239609731,1.0,814.2171274210863,1.0,578.4435270958696,1.0,446.29639542380517,1.0,348.6035585562742,1.0,276.46575830838276,1.0,208.08785556297,1.0,153.29300903727858,1.0,105.65683723196793,1.0,50.125752578150696,0.0,102.1560152174
ens3,2023-24,06,2023-11-11,1,171.24800057633658,459.0,5327.418569571512,1.0,3642.719516164578,1.0,2619.73847915632,1.0,1781.3452783117534,1.0,1339.7103456690415,1.0,1019.6522551366646,1.0,783.9111675346796,1.0,594.785112971639,1.0,427.16876170433363,0.0,275.7455620121917,0.0,136.11523017066065,0.0,153.6731659611
ens3,2023-24,06,2023-11-11,2,335.952226588579,683.0,9483.84750773504,1.0,6894.8191849625255,1.0,5275.591838225306,1.0,3643.3750487031834,1.0,2775.518330273253,1.0,2156.134073397121,1.0,1633.564578307795,1.0,1245.6845443218401,1.0,890.028872471219,0.0,580.9109640213467,0.0,287.01405655129076,0.0,292.6834734701
ens3,2023-24,06,2023-11-11,3,463.8595175364163,868.0,10971.717863017171,1.0,7896.908555831419,1.0,6306.9424509486225,1.0,4717.474456021588,1.0,3711.0115743209376,1.0,2943.010574888016,1.0,2331.4479426733133,1.0,1786.0981604985095,1.0,1318.2246654319079,0.0,882.5780309134366,0.0,433.0544700928276,0.0,411.6111469138
pf,2023-24,36,2023-11-11,0,17.363108079187757,123.0,566.2313217434058,1.0,414.91565827702726,1.0,307.6453009780266,1.0,221.49295686632544,1.0,169.06200820855443,1.0,132.85852310186158,1.0,103.56040498493869,1.0,79.23518180757165,1.0,57.33975873899195,1.0,37.39295267851901,1.0,18.430636737533135,1.0,22.0502195652
pf,2023-24,36,2023-11-11,1,39.99273527296597,176.0,1610.7715465179533,1.0,1126.371173629885,1.0,804.9072498230146,1.0,525.0614036396182,1.0,389.09122001458815,1.0,296.93803632692254,1.0,228.77912364489373,1.0,174.29475055313137,1.0,125.03965053605008,1.0,81.51871487554405,1.0,40.37484001312208,1.0,53.5745064705
pf,2023-24,36,2023-11-11,2,83.86389502310485,338.0,3111.213862558546,1.0,2180.1092564878995,1.0,1538.0661286907273,1.0,1010.6132477747328,1.0,731.4943130657982,1.0,552.9191021259936,1.0,423.36931780722875,1.0,317.4165215908482,1.0,229.20054472466902,1.0,146.96786333832418,0.0,72.01996174435871,0.0,158.376386229
pf,2023-24,36,2023-11-11,3,129.00820520324697,501.0,4131.2056183619125,1.0,2877.199928042385,1.0,2080.9859706198667,1.0,1414.4834143522355,1.0,1058.6392872933143,1.0,811.0082423903137,1.0,619.8720982970101,1.0,464.116565775599,1.0,334.10139222692067,1.0,217.32933625062108,0.0,106.89173386262587,0.0,272.9631627349
analogue,2023-24,36,2023-11-11,0,12.18393536364896,123.0,434.3133333333308,1.0,271.94017094017096,1.0,190.66666666666666,1.0,135.6084656084656,1.0,105.84243857963087,1.0,79.9145299145299,1.0,67.13191489361702,1.0,47.25976867771176,1.0,35.48812879325018,1.0,29.129305776364617,1.0,12.080405294982825,0.0,22.0502195652
analogue,2023-24,36,2023-11-11,1,26.287781351839406,176.0,971.6187546218466,1.0,569.2429487179487,1.0,418.9050380922069,1.0,324.48735632183906,1.0,265.6333837338851,1.0,193.764924887068,1.0,151.53299287554555,1.0,121.5804047116628,1.0,86.26203061840104,1.0,55.70126704089816,1.0,28.76325944170773,0.0,53.5745064705
analogue,2023-24,36,2023-11-11,2,64.11358412359436,338.0,1935.9622549019605,1.0,1082.7641178110944,1.0,907.8250780861335,1.0,619.9761607761609,1.0,498.2289365422869,1.0,402.30237816764134,1.0,286.4116581508142,1.0,230.4252252252252,1.0,163.31718356566697,0.0,107.7707762192444,0.0,52.44294340213983,0.0,158.376386229
analogue,2023-24,36,2023-11-11,3,118.62048187945676,501.0,3293.6807783594977,1.0,1745.319688896345,1.0,1392.5628270042187,1.0,1062.9062061492618,1.0,822.2086045483456,1.0,645.4316084757759,1.0,522.1223587462616,1.0,396.14963655244037,1.0,304.3739919004008,0.0,222.13476291150704,0.0,101.42748656334038,0.0,272.9631627349
ens2,2023-24,36,2023-11-11,0,14.341558688483227,123.0,500.27232753836824,1.0,343.4279146085991,1.0,249.15598382234663,1.0,178.55071123739552,1.0,137.45222339409264,1.0,106.38652650819574,1.0,85.34615993927785,1.0,63.24747524264171,1.0,46.413943766121065,1.0,33.2611292274418,1.0,15.255521016258001,1.0,22.0502195652
ens2,2023-24,36,2023-11-11,1,33.034088144106455,176.0,1291.1951505699,1.0,847.807061173917,1.0,611.9061439576108,1.0,424.7743799807286,1.0,327.36230187423655,1.0,245.35148060699527,1.0,190.1560582602196,1.0,147.93757763239705,1.0,105.65084057722555,1.0,68.60999095822112,1.0,34.56904972741489,1.0,53.5745064705
ens2,2023-24,36,2023-11-11,2,73.91030089134533,338.0,2523.588058730253,1.0,1631.436687149497,1.0,1222.9456033884303,1.0,815.2947042754469,1.0,614.8616248040425,1.0,477.6107401468175,1.0,354.8904879790215,1.0,273.9208734080367,1.0,196.25886414516796,1.0,127.3693197787843,0.0,62.23145257324924,0.0,158.376386229
ens2,2023-24,36,2023-11-11,3,122.75898932310429,501.0,3712.4431983607046,1.0,2311.259808469365,1.0,1736.7743988120428,1.0,1238.6948102507486,1.0,940.42394592083,1.0,728.2199254330449,1.0,570.9972285216359,1.0,430.13310116401965,1.0,319.23769206366075,0.0,219.73204958106408,0.0,104.15961021298313,0.0,272.9631627349
ens3,2023-24,36,2023-11-11,0,15.303319596745148,123.0,536.0599459531346,1.0,371.9439676855991,1.0,273.11871882291297,1.0,194.2549715158,1.0,149.0378639383799,1.0,116.05017263807585,1.0,91.94565843780921,1.0,68.90059217394017,1.0,50.3259383214029,1.0,34.920506119089,1.0,16.35750225532007,1.0,22.0502195652
ens3,2023-24,36,2023-11-11,1,35.12029578293196,176.0,1445.3322058845188,1.0,961.8700834195483,1.0,674.2918505965914,1.0,456.3986279694915,1.0,344.66581953136233,1.0,260.1819928516521,1.0,201.10937041027125,1.0,154.52334795640337,1.0,110.59187248040152,1.0,71.36928247149959,1.0,35.764073802303216,1.0,53.5745064705
ens3,2023-24,36,2023-11-11,2,79.17342667874239,338.0,2711.3830578834795,1.0,1793.618843181106,1.0,1313.0252135840701,1.0,862.7567454328298,1.0,635.8908896037276,1.0,485.8440514681719,1.0,362.63902018123036,1.0,275.9031789665039,1.0,196.8530390114736,1.0,127.41764288196464,0.0,62.40460971718406,0.0,158.376386229
ens3,2023-24,36,2023-11-11,3,129.8826698925068,501.0,3737.514455606572,1.0,2398.4331462991368,1.0,1784.7979744581885,1.0,1243.0560572299935,1.0,929.6439129161151,1.0,713.3850686396946,1.0,554.2703934091526,1.0,415.24648958503474,1.0,304.52113049422576,0.0,205.77161134242525,0.0,98.38191075669437,0.0,272.9631627349
pf,2023-24,42,2023-11-11,0,19.213691424696204,89.0,481.2734020328193,1.0,356.68785402344565,1.0,265.0000670957888,1.0,187.8481488273946,1.0,144.7266077712058,1.0,113.80188271000736,1.0,89.28495063332933,1.0,68.3974081435256,1.0,49.653909486308464,0.0,32.16146839360128,0.0,16.740058887845052,0.0,5.9801782609
pf,2023-24,42,2023-11-11,1,45.301858794541474,118.0,1758.0880582334473,1.0,1137.1569768523825,1.0,780.3632712439303,1.0,500.20615064989727,1.0,360.32210610384004,1.0,272.3421876938969,1.0,209.08501097678388,1.0,158.05612656146516,1.0,112.10764297159973,0.0,72.34346643594773,0.0,35.24958233939901,0.0,21.4357617175
pf,2023-24,42,2023-11-11,2,87.7897655933982,211.0,4048.9467246327968,1.0,2761.111468469856,1.0,1926.0918945091998,1.0,1200.2325296481076,1.0,833.1250234552443,1.0,611.6336955161753,1.0,454.9128198810391,1.0,334.3672343474859,1.0,237.5586232102756,1.0,152.067549050748,1.0,72.6780952980883,0.0,79.1839417507
pf,2023-24,42,2023-11-11,3,162.34860215612412,267.0,5286.805842376874,1.0,4029.8350743725496,1.0,3098.3977165887745,1.0,2108.8734275232846,1.0,1537.447646652783,1.0,1137.196975615127,1.0,857.0239328580992,1.0,621.8238993328803,1.0,443.03029861468315,1.0,282.6493709903412,0.0,136.14227072113772,0.0,114.4156240298
analogue,2023-24,42,2023-11-11,0,21.06456693259313,89.0,404.7010606060582,1.0,253.39879564879567,1.0,177.66666666666666,1.0,126.36243386243387,1.0,98.62590867647421,1.0,74.46581196581195,0.0,62.55473887814311,0.0,44.03751172241324,0.0,33.06848364825585,0.0,27.143216746157933,0.0,11.256741297597642,0.0,5.9801782609
analogue,2023-24,42,2023-11-11,1,35.834437982722086,118.0,905.3720213521751,1.0,530.4309294871794,1.0,390.34333094955645,1.0,302.36321839080455,1.0,247.5220166611202,1.0,180.55368000840429,1.0,141.20119790675832,1.0,113.29083166314034,0.0,80.38052853078278,0.0,51.90345337901874,0.0,26.80212811613677,0.0,21.4357617175
analogue,2023-24,42,2023-11-11,2,47.022410925197484,211.0,1803.9648284313723,1.0,1008.9392915967017,1.0,845.9279136711699,1.0,577.7050589050591,1.0,464.25878177804,1.0,374.87267056530214,1.0,266.88359054962234,1.0,214.7144144144144,1.0,152.18192104982606,1.0,100.42276874975042,1.0,48.867288170175755,1.0,79.1839417507
analogue,2023-24,42,2023-11-11,3,80.93882835670705,267.0,3069.111634380441,1.0,1626.320619198867,1.0,1297.6153615266583,1.0,990.435328457267,1.0,766.1489269655038,1.0,601.424907897882,1.0,486.52310701356186,1.0,369.13943406022844,1.0,283.62121972537346,1.0,206.9892108948134,1.0,94.51197611583987,1.0,114.4156240298
ens2,2023-24,42,2023-11-11,0,19.617580053256887,89.0,442.98723131943876,1.0,305.0433248361207,1.0,221.33336688122773,1.0,157.10529134491424,1.0,121.67625822384,1.0,94.13384733790967,1.0,75.91984475573622,1.0,56.21745993296942,0.0,41.36119656728215,0.0,29.652342569879607,0.0,13.99840009272134,0.0,5.9801782609
ens2,2023-24,42,2023-11-11,1,40.2819099323885,118.0,1331.7300397928113,1.0,833.7939531697809,1.0,585.3533010967434,1.0,401.2846845203509,1.0,303.92206138248014,1.0,226.4479338511506,1.0,175.14310444177107,1.0,135.67347911230274,0.0,96.24408575119125,0.0,62.12345990748324,0.0,31.025855227767863,0.0,21.4357617175
ens2,2023-24,42,2023-11-11,2,66.90867518380318,211.0,2926.4557765320847,1.0,1885.0253800332787,1.0,1386.009904090185,1.0,888.9687942765834,1.0,648.6919026166422,1.0,493.2531830407387,1.0,360.8982052153307,1.0,274.54082438095014,1.0,194.87027213005084,1.0,126.24515890024918,1.0,60.772691734132025,0.0,79.1839417507
ens2,2023-24,42,2023-11-11,3,119.04392145759492,267.0,4177.9587383786575,1.0,2828.077846785708,1.0,2198.006539057716,1.0,1549.6543779902759,1.0,1151.7982868091433,1.0,869.3109417565045,1.0,671.7735199358306,1.0,495.4816666965544,1.0,363.3257591700283,1.0,244.81929094257725,1.0,115.32712341848878,0.0,114.4156240298
ens3,2023-24,42,2023-11-11,0,20.096398837133673,89.0,499.73830840214214,1.0,346.60707616212886,1.0,252.4144892688864,1.0,176.29127393457432,1.0,136.41408371932513,1.0,105.81719193125714,1.0,84.23952741356871,1.0,62.997530862398506,0.0,46.29241333563303,0.0,32.155518281076894,0.0,15.39642286457871,0.0,5.9801782609
ens3,2023-24,42,2023-11-11,1,43.89121116757514,118.0,1714.4087801434928,1.0,1063.1487108940782,1.0,729.647318458585,1.0,471.85287658725565,1.0,347.9973919962257,1.0,259.4029598103118,1.0,198.21243486848795,1.0,150.51630931296745,1.0,106.14823745313103,0.0,68.57952514250718,0.0,33.958367372344924,0.0,21.4357617175
ens3,2023-24,42,2023-11-11,2,76.1644904470087,211.0,3624.144245596807,1.0,2395.8557524565017,1.0,1701.818586970956,1.0,1049.4199324798606,1.0,744.4485575033773,1.0,554.3146024744451,1.0,406.4266026293107,1.0,303.07310979901877,1.0,213.23200763714175,1.0,137.30429241353374,1.0,66.2952892980033,1.0,79.1839417507
ens3,2023-24,42,2023-11-11,3,128.43402063395916,267.0,4670.635188057705,1.0,3322.282053908944,1.0,2513.7469604285525,1.0,1736.3810013316813,1.0,1276.5199720853043,1.0,952.4755402288677,1.0,723.2969064747297,1.0,529.3851618595766,1.0,379.54496712368,1.0,249.01859273535212,1.0,118.436697382477,0.0,114.4156240298
pf,2023-24,50,2023-11-11,0,1.820689699245321,5.0,96.98564086993892,1.0,50.35792891323752,1.0,29.444806810457678,1.0,17.168193324456823,1.0,12.017735327119777,1.0,8.660237297193435,1.0,6.86727732978273,1.0,5.196142378316061,1.0,3.7302169565361125,0.0,1.7472755864316916,0.0,1.7015912054526778,0.0,1.828776087
pf,2023-24,50,2023-11-11,1,3.1548212408460823,3.0,365.69968600425204,1.0,194.0005845663621,1.0,98.88698794488857,1.0,44.76260347843335,1.0,27.46910931913092,1.0,18.651084782680563,1.0,13.055759347876394,1.0,9.325542391340282,1.0,5.211370505309065,1.0,3.863277975365482,1.0,1.8651084782680563,1.0,0.7249638457
pf,2023-24,50,2023-11-11,2,6.305959702490977,3.0,627.0011803168047,1.0,374.26661447315877,1.0,211.3754188750708,1.0,101.29234061429526,1.0,58.889613620915355,1.0,36.37299664821243,1.0,24.24641021748473,1.0,15.45137399201114,1.0,10.285687867681089,1.0,6.795128818925378,1.0,3.4031824109053557,0.0,0.9236994514
pf,2023-24,50,2023-11-11,3,8.998782827659044,8.0,658.4158811953882,1.0,420.6274063540518,1.0,274.69109319130916,1.0,154.18837549305076,1.0,95.12053239167086,1.0,60.08867663559889,1.0,41.03238652189724,1.0,25.99594001857331,1.0,17.01990417863445,1.0,9.62212068298503,1.0,5.5953254348041686,1.0,3.0442101433
analogue,2023-24,50,2023-11-11,0,1.095502920402838,5.0,9.870757575757516,1.0,6.1804584304584305,1.0,4.333333333333333,1.0,3.082010582010582,1.0,2.405509967718883,0.0,1.816239316239316,0.0,1.5257253384912959,0.0,1.0740856517661768,0.0,0.8065483816647769,0.0,0.6620296767355591,0.0,0.27455466579506416,0.0,1.828776087
analogue,2023-24,50,2023-11-11,1,0.8262906400876012,3.0,22.082244423223784,1.0,12.937339743589742,1.0,9.520569047550158,1.0,7.37471264367816,1.0,6.037122357588299,1.0,4.403748292887909,1.0,3.4439316562623983,1.0,2.763191016174155,0.0,1.960500695872751,0.0,1.26593788729314,0.0,0.6537104418569939,0.0,0.7249638457
analogue,2023-24,50,2023-11-11,2,1.6364457463843798,3.0,43.99914215686274,1.0,24.6082754047976,1.0,20.632388138321218,1.0,14.090367290367293,1.0,11.32338492141561,1.0,9.143235867446393,1.0,6.5093558670639595,0.0,5.236936936936937,0.0,3.711754171946977,0.0,2.4493358231646445,0.0,1.19188507732136,0.0,0.9236994514
analogue,2023-24,50,2023-11-11,3,2.0377781712434446,8.0,74.85638132635222,1.0,39.66635656582603,1.0,31.649155159186787,1.0,24.156959230665045,1.0,18.68655919428058,1.0,14.668900192631268,1.0,11.866417244233217,1.0,9.003400830737279,1.0,6.917590725009109,1.0,5.048517338897887,1.0,2.305170149166826,0.0,3.0442101433
ens2,2023-24,50,2023-11-11,0,1.3367505323204782,5.0,53.428199222848214,1.0,28.269193671847976,1.0,16.889070071895507,1.0,10.125101953233703,1.0,7.211622647419331,1.0,5.238238306716376,1.0,4.196501334137013,1.0,3.135114015041119,0.0,2.2683826691004443,0.0,1.2046526315836252,0.0,0.9880729356238711,0.0,1.828776087
ens2,2023-24,50,2023-11-11,1,1.8976817781844324,3.0,193.89096521373793,1.0,103.46896215497593,1.0,54.203778496219364,1.0,26.068658061055753,1.0,16.75311583835961,1.0,11.527416537784237,1.0,8.249845502069398,1.0,6.044366703757218,1.0,3.5859356005909087,1.0,2.5646079313293106,1.0,1.2594094600625252,1.0,0.7249638457
ens2,2023-24,50,2023-11-11,2,3.8610549615351983,3.0,335.5001612368337,1.0,199.4374449389782,1.0,116.003903506696,1.0,57.691353952331276,1.0,35.10649927116548,1.0,22.75811625782941,1.0,15.377883042274345,1.0,10.344155464474039,1.0,6.998721019814034,1.0,4.622232321045011,0.0,2.297533744113358,0.0,0.9236994514
ens2,2023-24,50,2023-11-11,3,5.511689606416087,8.0,366.63613126087023,1.0,230.1468814599389,1.0,153.17012417524796,1.0,89.1726673618579,1.0,56.90354579297573,1.0,37.37878841411508,1.0,26.449401883065228,1.0,17.499670424655296,1.0,11.968747451821779,1.0,7.3353190109414586,1.0,3.9502477919854977,1.0,3.0442101433
ens3,2023-24,50,2023-11-11,0,1.48713794331251,5.0,74.95140122273041,1.0,38.988204023688574,1.0,22.82779232464551,1.0,12.800857520512594,1.0,8.954646207020613,1.0,6.517553646989312,1.0,5.1673234277529,1.0,3.90531287553445,0.0,3.2475169542409055,0.0,1.4095090763841043,0.0,1.2231425501720419,0.0,1.828776087
ens3,2023-24,50,2023-11-11,1,2.50809996031521,3.0,285.0692039593113,1.0,148.80135281265197,1.0,78.78965802072098,1.0,36.336352347329644,1.0,21.832195314716753,1.0,14.625991724551929,1.0,10.239208744702715,1.0,7.500101485519365,1.0,4.232518940567562,1.0,2.9325615184778555,1.0,1.4446852618773622,1.0,0.7249638457
ens3,2023-24,50,2023-11-11,2,4.933285789097774,3.0,449.96890990156805,1.0,270.99600295483236,1.0,162.65206834996144,1.0,80.21135054154936,1.0,46.39733314386613,1.0,29.088893474106893,1.0,19.328106355718084,1.0,12.820243322136589,1.0,8.234291174781323,1.0,5.438479098437943,1.0,2.1900848005777585,0.0,0.9236994514
ens3,2023-24,50,2023-11-11,3,6.782523718207799,8.0,467.76924052785137,1.0,297.453551057878,1.0,198.13123801356795,1.0,112.09031400760936,1.0,70.90567218395539,1.0,45.74233437416404,1.0,31.51502932076836,1.0,20.742631277305385,1.0,13.437540551655921,1.0,8.432031494199688,1.0,4.340773661338345,1.0,3.0442101433
pf,2023-24,56,2023-11-11,0,2.4157912071446517,9.0,78.27708387021434,1.0,46.73178675169236,1.0,31.015448325933985,1.0,20.309800873546155,1.0,14.161147500512836,1.0,11.2943326880654,1.0,8.861556664552568,1.0,5.871970874274357,0.0,4.483230429001498,0.0,2.9538522215175225,0.0,1.4507000623961535,0.0,2.4597326087
pf,2023-24,56,2023-11-11,1,9.779263179714908,23.0,186.0926899556039,1.0,104.45040449252308,1.0,63.725163752307765,1.0,34.8168014975077,1.0,23.63081777214018,1.0,15.992285998702565,0.0,11.841634934432697,0.0,8.861556664552568,0.0,5.871970874274357,0.0,4.299648090463247,0.0,1.5544559994307647,0.0,12.962416378
pf,2023-24,56,2023-11-11,2,7.202140340228351,18.0,246.61901060734615,1.0,149.1695371866349,1.0,92.04745875333343,1.0,48.73856165503912,1.0,31.915401372715387,1.0,22.15389166138142,1.0,14.830072468295091,0.0,11.2943326880654,0.0,8.435877139600224,0.0,4.352100187188461,0.0,2.848948028067093,0.0,8.3066286496
pf,2023-24,56,2023-11-11,3,17.410257036014794,37.0,245.16832478336005,1.0,155.07724162966994,1.0,101.54900436773077,1.0,56.584031190310284,1.0,36.92315276896903,0.0,25.490065500923105,0.0,18.40949175066669,0.0,11.876220246777567,0.0,8.462103187962832,0.0,4.421270811878202,0.0,2.7630588754128267,0.0,22.4627841473
analogue,2023-24,56,2023-11-11,0,0.8149972399044819,9.0,24.676893939393793,1.0,15.451146076146076,1.0,10.833333333333332,1.0,7.705026455026454,1.0,6.013774919297209,1.0,4.540598290598291,1.0,3.81431334622824,1.0,2.685214129415442,1.0,2.0163709541619417,0.0,1.6550741918388985,0.0,0.6863866644876593,0.0,2.4597326087
analogue,2023-24,56,2023-11-11,1,6.82111066790867,23.0,55.20561105805946,1.0,32.34334935897436,1.0,23.801422618875392,1.0,18.4367816091954,1.0,15.092805893970745,0.0,11.009370732219772,0.0,8.609829140655997,0.0,6.907977540435388,0.0,4.901251739681879,0.0,3.1648447182328496,0.0,1.6342761046424847,0.0,12.962416378
analogue,2023-24,56,2023-11-11,2,3.372046085648401,18.0,109.99785539215685,1.0,61.520688511994,1.0,51.58097034580304,1.0,35.22591822591823,1.0,28.308462303539024,1.0,22.858089668615985,1.0,16.2733896676599,1.0,13.09234234234234,1.0,9.27938542986744,1.0,6.123339557911612,0.0,2.9797126933033997,0.0,8.3066286496
analogue,2023-24,56,2023-11-11,3,9.985536569442495,37.0,187.14095331588055,1.0,99.16589141456507,1.0,79.12288789796696,1.0,60.39239807666261,1.0,46.71639798570145,1.0,36.672250481578175,1.0,29.666043110583043,0.0,22.5085020768432,0.0,17.29397681252277,0.0,12.621293347244716,0.0,5.762925372917065,0.0,22.4627841473
ens2,2023-24,56,2023-11-11,0,1.6104470253512244,9.0,51.47698890480407,1.0,31.091466413919218,1.0,20.924390829633662,1.0,14.007413664286304,1.0,10.087461209905022,1.0,7.917465489331846,1.0,6.337935005390404,1.0,4.2785925018449005,0.0,3.2498006915817195,0.0,2.3044632066782107,0.0,1.0685433634419068,0.0,2.4597326087
ens2,2023-24,56,2023-11-11,1,8.27276006415352,23.0,120.64915050683169,1.0,68.39687692574871,1.0,43.76329318559158,1.0,26.62679155335155,1.0,19.361811833055462,0.0,13.50082836546117,0.0,10.225732037544347,0.0,7.884767102493977,0.0,5.386611306978118,0.0,3.7322464043480483,0.0,1.5943660520366256,0.0,12.962416378
ens2,2023-24,56,2023-11-11,2,5.003505395239912,18.0,178.30843299975152,1.0,105.34511284931445,1.0,71.81421454956825,1.0,41.98223994047868,1.0,30.1119318381272,1.0,22.505990664998702,1.0,15.551731067977496,1.0,12.19333751520387,0.0,8.857631284733834,0.0,5.237719872550036,0.0,2.9143303606852466,0.0,8.3066286496
ens2,2023-24,56,2023-11-11,3,13.463926936542418,37.0,216.1546390496203,1.0,127.12156652211749,1.0,90.33594613284887,1.0,58.48821463348645,1.0,41.81977537733524,1.0,31.081157991250635,0.0,24.037767430624864,0.0,17.192361161810382,0.0,12.878040000242803,0.0,8.521282079561459,0.0,4.2629921241649456,0.0,22.4627841473
ens3,2023-24,56,2023-11-11,0,1.9891558606298003,9.0,78.53289173304243,1.0,46.96338814674103,1.0,30.824073157707264,1.0,19.565232910302885,1.0,14.01268077071304,1.0,10.23053450569293,1.0,8.163273200861738,1.0,5.4601357807322906,1.0,4.144014262820584,0.0,2.9854636765819027,0.0,1.274643317792429,0.0,2.4597326087
ens3,2023-24,56,2023-11-11,1,8.663786583489683,23.0,219.84539750084159,1.0,131.5934927470017,1.0,80.59002096964645,1.0,43.458440458527065,1.0,27.738978068616095,1.0,18.716161521047194,0.0,13.13316710503574,0.0,9.68886471603898,0.0,6.1988149841544375,0.0,4.414506687659522,0.0,1.650760802024882,0.0,12.962416378
ens3,2023-24,56,2023-11-11,2,6.389285852705418,18.0,272.1297544705552,1.0,174.5450380008189,1.0,118.80982090593535,1.0,66.05465897764996,1.0,42.321276495286824,1.0,28.607712820781668,1.0,19.26648281993247,1.0,13.566962964992701,0.0,9.484522520095094,0.0,5.486339733579,0.0,2.9655826205346996,0.0,8.3066286496
ens3,2023-24,56,2023-11-11,3,14.50463213672983,37.0,265.56640259564267,1.0,169.2850037125336,1.0,117.0765275560081,1.0,71.6205708181317,1.0,48.33376451978086,1.0,34.32449103828296,0.0,24.923840395030716,0.0,17.111901279622376,0.0,12.18177273669848,0.0,8.135727565651194,0.0,3.830734983659684,0.0,22.4627841473
pf,2023-24,02,2023-11-18,0,1.8373725924823971,14.0,53.72373025448225,1.0,39.70375664923247,1.0,30.256703152290445,1.0,22.218062842584867,1.0,17.79651397455173,1.0,13.438559079548732,1.0,10.750675568992676,1.0,8.328861906531888,1.0,6.115993434904805,1.0,4.022124505136286,1.0,2.2057642582906922,0.0,1.7428652174
pf,2023-24,02,2023-11-18,1,2.913335131915645,15.0,71.66933851270115,1.0,50.88286713206528,1.0,38.0828135480258,1.0,26.469171099488314,1.0,19.35121602418682,1.0,15.050945796589748,1.0,11.511354007592946,1.0,8.973456941388958,1.0,6.466892866645891,0.0,4.127439801043032,0.0,2.2057642582906922,0.0,1.6744189717
pf,2023-24,02,2023-11-18,2,3.418246033087024,14.0,97.7219366515379,1.0,63.78734170935656,1.0,45.58579467134098,1.0,29.426867524003235,1.0,21.445721993493198,1.0,16.41019701313256,1.0,12.582886301550694,1.0,9.341067474044065,0.0,6.6172927748720785,0.0,4.4115285165813845,0.0,2.1501351137985356,0.0,2.2887101882
pf,2023-24,02,2023-11-18,3,2.635944394477417,4.0,122.15242081442237,1.0,80.47688900714886,1.0,54.40885170450375,1.0,32.95019536341349,1.0,22.99339685918539,1.0,16.966488458054137,1.0,13.234585549744157,1.0,9.558311785926335,1.0,7.157957309744961,1.0,4.411528516581385,0.0,2.205764258290693,0.0,7.270314641
analogue,2023-24,02,2023-11-18,0,5.542994005123584,14.0,62.47998909790927,1.0,48.11103970434332,1.0,33.8612193677764,1.0,26.01447186150394,1.0,19.81213467957276,0.0,16.381063715890555,0.0,12.986985082518611,0.0,10.645268988007977,0.0,8.417900166776008,0.0,5.568573893797037,0.0,2.3214937293432065,0.0,1.7428652174
analogue,2023-24,02,2023-11-18,1,9.03391197253635,15.0,156.9862368247698,1.0,102.55156626330563,1.0,80.29122387632408,1.0,63.64672456928464,1.0,45.45246590915501,1.0,36.64410050960163,0.0,31.415189198336655,0.0,22.428716158449696,0.0,17.376796734620335,0.0,10.5569285984662,0.0,4.4937429023213795,0.0,1.6744189717
analogue,2023-24,02,2023-11-18,2,13.838545360495644,14.0,296.4919792443727,1.0,192.3586637931036,1.0,162.85824993924925,1.0,114.15279212318018,1.0,87.90407920462297,1.0,67.06910505485065,0.0,54.569650354368875,0.0,43.15718990922076,0.0,28.856817323826924,0.0,20.67748961847431,0.0,7.238872247517108,0.0,2.2887101882
analogue,2023-24,02,2023-11-18,3,23.01872327563776,4.0,419.8814877561223,0.0,279.427974987769,0.0,222.56406674720623,0.0,165.92948088191605,0.0,118.09470646528328,0.0,90.67920482785794,0.0,74.8727624104596,0.0,52.27581733343269,0.0,39.53703675323718,0.0,24.133195611939964,0.0,12.110758737986195,0.0,7.270314641
ens2,2023-24,02,2023-11-18,0,2.7158524511878572,14.0,58.10185967619576,1.0,43.90739817678789,1.0,32.05896126003343,1.0,24.116267352044403,1.0,18.804324327062247,1.0,14.909811397719643,1.0,11.868830325755646,1.0,9.48706544726993,0.0,7.266946800840406,0.0,4.79534919946666,0.0,2.263628993816951,0.0,1.7428652174
ens2,2023-24,02,2023-11-18,1,4.079993539947246,15.0,114.32778766873548,1.0,76.71721669768544,1.0,59.18701871217494,1.0,45.05794783438648,1.0,32.40184096667092,1.0,25.847523153095686,1.0,21.463271602964802,1.0,15.701086549919328,1.0,11.921844800633114,1.0,7.3421841997546196,0.0,3.349753580306036,0.0,1.6744189717
ens2,2023-24,02,2023-11-18,2,6.481643478037064,14.0,197.10695794795532,1.0,128.0730027512301,1.0,104.2220223052951,1.0,71.7898298235917,1.0,54.67490059905809,1.0,41.739651033991606,1.0,33.57626832795979,1.0,26.249128691632414,1.0,17.7370550493495,0.0,12.544509067527846,0.0,4.694503680657821,0.0,2.2887101882
ens2,2023-24,02,2023-11-18,3,11.939519777232261,4.0,271.01695428527233,1.0,179.95243199745892,1.0,138.48645922585501,0.0,99.43983812266477,0.0,70.54405166223434,0.0,53.82284664295604,0.0,44.053673980101884,0.0,30.91706455967951,0.0,23.34749703149107,0.0,14.272362064260674,0.0,7.158261498138444,0.0,7.270314641
ens3,2023-24,02,2023-11-18,0,2.1004878235160964,14.0,56.1984521701217,1.0,42.361512398605484,1.0,31.554384058556614,1.0,23.39556106765538,1.0,18.114007254833176,1.0,14.423235509080328,1.0,11.445405033081723,1.0,9.100522177348353,1.0,6.811582216056127,1.0,4.592691688181665,0.0,2.2056674623140573,0.0,1.7428652174
ens3,2023-24,02,2023-11-18,1,2.9577611179508017,15.0,99.57560360148693,1.0,67.319022858127,1.0,51.07249488001031,1.0,38.24831477404922,1.0,27.65754413839045,1.0,21.94776442162638,1.0,18.02535664641362,1.0,13.320934802842418,1.0,9.966668809514246,1.0,6.216980275825826,1.0,2.9045024459052566,1.0,1.6744189717
ens3,2023-24,02,2023-11-18,2,4.47925368963795,14.0,162.9766890063146,1.0,105.3173780572719,1.0,82.60663890576936,1.0,56.56994406410383,1.0,42.75859709445175,1.0,32.55887089125796,1.0,26.156421587288595,1.0,20.32273382883107,1.0,13.821883450215594,1.0,9.646330909144078,1.0,3.8237705572927716,0.0,2.2887101882
ens3,2023-24,02,2023-11-18,3,8.16940646105902,4.0,220.04402890081215,1.0,143.8381304710405,1.0,107.76699487967565,1.0,75.53316443681354,1.0,53.4503105338057,0.0,40.758532245647636,0.0,32.90196746931255,0.0,23.1446544472388,0.0,17.534834973811677,0.0,10.75936696176873,0.0,5.2855042777425005,0.0,7.270314641
pf,2023-24,06,2023-11-18,0,104.52537101353367,459.0,1802.7678081446304,1.0,1392.0187291419634,1.0,1089.7163488397446,1.0,800.5143331033803,1.0,625.4697335981066,1.0,498.64563030917833,1.0,397.21870189912846,0.0,301.491386705625,0.0,222.86171001097443,0.0,145.4253763428144,0.0,71.00814492080315,0.0,66.6899586957
pf,2023-24,06,2023-11-18,1,254.2217049945793,683.0,5361.610675408763,1.0,3886.442049786129,1.0,2980.1364354710104,1.0,2075.1967907452918,1.0,1593.7798416713454,1.0,1252.3695493764117,1.0,986.9518170768656,0.0,756.5733283767062,0.0,549.3222668903088,0.0,358.5280971776235,0.0,175.66860513437382,0.0,220.3905277106
pf,2023-24,06,2023-11-18,2,518.0893905760554,868.0,9682.937545521698,1.0,7432.7796898967745,1.0,5604.899322816631,1.0,3995.081593028166,1.0,3088.6395033815807,1.0,2416.543858970388,1.0,1878.4946888971806,0.0,1438.300960740671,0.0,1039.6477866474763,0.0,674.0680847796443,0.0,334.3436024915436,0.0,331.8700375272
pf,2023-24,06,2023-11-18,3,692.4596022038281,1077.0,11176.100471405833,1.0,8636.379157254236,1.0,6982.995351499769,1.0,5176.035774744305,1.0,4092.4446226106074,1.0,3280.3484669161826,1.0,2602.4328555154484,0.0,1988.067791600958,0.0,1458.565348006047,0.0,937.1087155535752,0.0,453.8239807414582,0.0,470.3673911212
analogue,2023-24,06,2023-11-18,0,50.334663474559015,459.0,1330.4562384378326,1.0,1024.482139586605,1.0,721.0447888902976,1.0,553.9552243449662,1.0,421.88192670619645,1.0,348.82029795014,1.0,276.5463882277493,1.0,226.68161021522866,1.0,179.25175649252435,1.0,118.57786762085465,1.0,49.43416058954358,0.0,66.6899586957
analogue,2023-24,06,2023-11-18,1,104.56072154300519,683.0,3342.883395915687,1.0,2183.7451169009782,1.0,1709.7307672487832,1.0,1355.3008408282967,1.0,967.8701564184771,1.0,780.3037873221051,1.0,668.9587346939923,1.0,477.599720550517,1.0,370.023553996033,1.0,224.80047956733904,1.0,95.69029003766695,1.0,220.3905277106
analogue,2023-24,06,2023-11-18,2,200.3392139246957,868.0,6313.535087438996,1.0,4096.108017241382,1.0,3467.9227340004836,1.0,2430.7829852112486,1.0,1871.8398042396186,1.0,1428.1774135209375,1.0,1162.0125546047962,1.0,918.9942792434069,1.0,614.4804630132556,1.0,440.3088965816295,1.0,154.14539727065846,0.0,331.8700375272
analogue,2023-24,06,2023-11-18,3,299.3127252049837,1077.0,8941.005798100956,1.0,5950.172173268963,1.0,4739.3054213228625,1.0,3533.321887014918,1.0,2514.72257296662,1.0,1930.9336557461513,1.0,1594.3494113286104,1.0,1113.1674043942724,1.0,841.9063120395211,1.0,513.8951065601334,0.0,257.8879213618236,0.0,470.3673911212
ens2,2023-24,06,2023-11-18,0,73.16086042074475,459.0,1566.6120232912315,1.0,1208.250434364284,1.0,905.380568865021,1.0,677.2347787241732,1.0,523.6758301521515,1.0,423.7329641296592,1.0,336.8825450634389,1.0,264.0864984604269,1.0,201.05673325174945,0.0,132.00162198183455,0.0,60.22115275517342,0.0,66.6899586957
ens2,2023-24,06,2023-11-18,1,155.52801966135675,683.0,4352.247035662224,1.0,3035.0935833435533,1.0,2344.9336013598963,1.0,1715.2488157867942,1.0,1280.8249990449112,1.0,1016.3366683492585,1.0,827.9552758854288,1.0,617.0865244636117,1.0,459.67291044317096,1.0,291.6642883724812,0.0,135.6794475860204,0.0,220.3905277106
ens2,2023-24,06,2023-11-18,2,295.8567270565507,868.0,7998.236316480346,1.0,5764.443853569079,1.0,4536.411028408557,1.0,3212.932289119707,1.0,2480.2396538106,1.0,1922.3606362456628,1.0,1520.2536217509883,1.0,1178.647619992039,1.0,827.0641248303659,0.0,557.188490680637,0.0,244.24449988110086,0.0,331.8700375272
ens2,2023-24,06,2023-11-18,3,376.8970879546032,1077.0,10058.553134753396,1.0,7293.2756652616,1.0,5861.150386411315,1.0,4354.678830879611,1.0,3303.583597788614,1.0,2605.641061331167,1.0,2098.3911334220293,1.0,1550.6175979976151,1.0,1150.235830022784,1.0,725.5019110568542,0.0,355.8559510516409,0.0,470.3673911212
ens3,2023-24,06,2023-11-18,0,85.51067259942249,459.0,1812.9779796378723,1.0,1372.505088145445,1.0,1042.8503091897305,1.0,771.2799774615928,1.0,597.6853122126985,1.0,478.63180738146286,1.0,378.9574809400385,1.0,294.3745476800997,0.0,221.26172535732871,0.0,145.29421862637287,0.0,68.58639397735976,0.0,66.6899586957
ens3,2023-24,06,2023-11-18,1,197.30384495947146,683.0,5314.033462249228,1.0,3786.7318932102676,1.0,2859.3215395163015,1.0,2042.0820588808353,1.0,1536.6202963662558,1.0,1213.2355981991855,1.0,967.1601101320236,1.0,726.1033149620187,1.0,533.4813313998527,0.0,341.34841065251373,0.0,163.14561918561276,0.0,220.3905277106
ens3,2023-24,06,2023-11-18,2,388.01360541548155,868.0,9656.610698123044,1.0,7115.818450232025,1.0,5510.8921800241815,1.0,3918.692816628483,1.0,2996.316556142412,1.0,2337.181809747938,1.0,1833.4909213334777,1.0,1409.1636264235888,1.0,1005.4737032220219,0.0,669.1128326284904,0.0,307.34337766203635,0.0,331.8700375272
ens3,2023-24,06,2023-11-18,3,496.13663823356853,1077.0,11366.894169026207,1.0,8529.002636233863,1.0,6848.35993869251,1.0,5099.153641778997,1.0,3926.968381640418,1.0,3113.6773420347345,1.0,2487.2646283942686,1.0,1867.002366968052,1.0,1376.75025696468,0.0,890.2005085842379,0.0,434.9329509183183,0.0,470.3673911212
pf,2023-24,36,2023-11-18,0,21.248631406174923,176.0,620.630249435905,1.0,456.17335327183713,1.0,351.2421909967065,1.0,251.4692477924646,1.0,195.50826150274582,1.0,155.26644529327461,1.0,122.17083700825727,1.0,94.32169384610556,1.0,69.11984072126117,1.0,45.32143953532125,1.0,22.031663284364384,0.0,38.8503108696
pf,2023-24,36,2023-11-18,1,64.5597785329611,338.0,1733.540077595051,1.0,1154.5433112601122,1.0,823.4719972452863,1.0,551.2618784178226,1.0,418.5183472536537,1.0,325.1088663496724,1.0,254.27955798916497,1.0,193.7711413423329,1.0,141.19258787358638,0.0,91.82963797856243,0.0,45.32143953532125,0.0,148.6303885428
pf,2023-24,36,2023-11-18,2,112.98687423549255,501.0,3050.4811616408706,1.0,2128.0176494390716,1.0,1519.6576205798374,1.0,1013.8208974314252,1.0,759.1310612668939,1.0,578.7971531077866,1.0,452.2362816578666,1.0,341.13975710437626,1.0,245.37482638643155,0.0,159.0924274554511,0.0,76.33281210627479,0.0,265.3385275979
pf,2023-24,36,2023-11-18,3,187.46998789417225,743.0,3790.534004059198,1.0,2803.053607984178,1.0,2115.6095505325843,1.0,1430.3261333218618,1.0,1089.951823684722,1.0,843.2531442052517,1.0,656.1756245766076,1.0,492.9112412147906,0.0,356.18926410933614,0.0,228.09297175320353,0.0,114.85189285769576,0.0,472.5759380273
analogue,2023-24,36,2023-11-18,0,15.846195216622705,176.0,433.68463020901726,1.0,333.94721677132424,1.0,235.03669914103625,1.0,180.57103997985084,1.0,137.51952306997563,1.0,113.70385402794618,1.0,90.1449552786586,1.0,73.8906906226436,1.0,58.43013056938639,1.0,38.6524540863559,1.0,16.113897650735197,0.0,38.8503108696
analogue,2023-24,36,2023-11-18,1,65.39997228533987,338.0,1089.6691732542845,1.0,711.8285187688273,1.0,557.3155539650729,1.0,441.7831470103287,1.0,315.49358689884065,1.0,254.35316824311718,1.0,218.05837208257208,1.0,155.68167686453316,0.0,120.61541262854112,0.0,73.27750438935362,0.0,31.191862498466037,0.0,148.6303885428
analogue,2023-24,36,2023-11-18,2,127.33406818951788,501.0,2058.0031500491755,1.0,1335.195431034484,1.0,1130.4278525194948,1.0,792.3546747373683,1.0,610.1577262438536,1.0,465.53849391013983,1.0,378.7775730479723,0.0,299.56167113459117,0.0,200.30026142421042,0.0,143.52610441058638,0.0,50.2462897180599,0.0,265.3385275979
analogue,2023-24,36,2023-11-18,3,247.63062322544155,743.0,2914.471503248378,1.0,1939.55888520922,1.0,1544.8564633041374,1.0,1151.745808474476,1.0,819.7161978178485,1.0,629.4203629227786,0.0,519.7050567314254,0.0,362.8556732555916,0.0,274.4335492283522,0.0,167.51276954170095,0.0,84.0629135930806,0.0,472.5759380273
ens2,2023-24,36,2023-11-18,0,18.547413311398817,176.0,527.1574398224611,1.0,395.0602850215807,1.0,293.1394450688714,1.0,216.0201438861577,1.0,166.51389228636074,1.0,134.4851496606104,1.0,106.15789614345792,1.0,84.10619223437459,1.0,63.774985645323795,1.0,41.98694681083856,1.0,19.07278046754979,0.0,38.8503108696
ens2,2023-24,36,2023-11-18,1,64.85396040043484,338.0,1411.6046254246676,1.0,933.1859150144699,1.0,690.3937756051796,1.0,496.5225127140756,1.0,367.00596707624715,1.0,289.7310172963948,1.0,236.16896503586852,1.0,174.726409103433,0.0,130.90400025106374,0.0,82.55357118395801,0.0,38.25665101689364,0.0,148.6303885428
ens2,2023-24,36,2023-11-18,2,119.26177726312906,501.0,2554.2421558450233,1.0,1731.6065402367778,1.0,1325.042736549666,1.0,903.0877860843968,1.0,684.6443937553738,1.0,522.1678235089632,1.0,415.50692735291943,1.0,320.3507141194837,0.0,222.837543905321,0.0,151.30926593301874,0.0,63.28955091216733,0.0,265.3385275979
ens2,2023-24,36,2023-11-18,3,212.90264383353485,743.0,3352.502753653788,1.0,2371.3062465966987,1.0,1830.233006918361,1.0,1291.035970898169,1.0,954.8340107512853,1.0,736.3367535640151,1.0,587.9403406540165,0.0,427.8834572351911,0.0,315.31140666884414,0.0,197.80287064745227,0.0,99.45740322538819,0.0,472.5759380273
ens3,2023-24,36,2023-11-18,0,20.107307269381298,176.0,592.3600013055326,1.0,435.9563891117309,1.0,323.12621584200076,1.0,233.45310555208522,1.0,180.45432063843526,1.0,144.63953922919106,1.0,113.55798614071914,1.0,88.8185752880149,1.0,66.43662094712556,1.0,43.78922601361444,1.0,20.39028191409676,0.0,38.8503108696
ens3,2023-24,36,2023-11-18,1,67.86692943613556,338.0,1573.1497749615116,1.0,1044.4003198369617,1.0,759.9166580076819,1.0,529.4435432346127,1.0,392.0883438665359,1.0,306.77291347856,1.0,245.05315350872957,1.0,182.56140867445234,0.0,135.19520641462083,0.0,85.96236642124319,0.0,40.644115145162715,0.0,148.6303885428
ens3,2023-24,36,2023-11-18,2,123.01931230052136,501.0,2775.2796027374825,1.0,1875.7789374729532,1.0,1397.6641802989993,1.0,946.3800273206178,1.0,707.7208468250144,1.0,539.2348971593995,1.0,423.7937005335302,1.0,322.67560432828765,0.0,226.64840536669413,0.0,151.23338833397014,0.0,66.84359906511003,0.0,265.3385275979
ens3,2023-24,36,2023-11-18,3,215.65653149081427,743.0,3490.925218322441,1.0,2487.4331897750717,1.0,1890.8293869987972,1.0,1305.6765941381811,1.0,967.2533201457447,1.0,744.3491793264452,1.0,586.0169030108835,0.0,430.83264472257497,0.0,314.4987980368466,0.0,199.66802203127526,0.0,99.57129255622789,0.0,472.5759380273
pf,2023-24,42,2023-11-18,0,13.594760420454058,118.0,412.6532023865452,1.0,307.27429163832613,1.0,236.73648255154058,1.0,169.49540717741917,1.0,131.791130755365,1.0,104.3573065941485,1.0,82.83994647789427,1.0,63.38504919997915,1.0,45.41497879199268,1.0,29.05507846528363,1.0,14.354865985004153,1.0,18.195926087
pf,2023-24,42,2023-11-18,1,36.98851937308836,211.0,1211.743899649787,1.0,804.5799108896103,1.0,563.6607366507149,1.0,373.390734261767,1.0,278.2861509177293,1.0,213.79450100314764,1.0,168.1312161794615,1.0,127.74009385677935,1.0,92.59592135394357,0.0,60.5367063212658,0.0,29.77053898329416,0.0,80.806833557
pf,2023-24,42,2023-11-18,2,60.76840171757873,267.0,2604.303538163451,1.0,1720.1873004392614,1.0,1178.08389687281,1.0,757.1525547677911,1.0,546.9095882619265,1.0,411.11200750378947,1.0,311.0257882470851,1.0,233.31911296690544,1.0,167.1839727903969,1.0,107.59321817938013,1.0,53.43750607544814,0.0,115.6568579042
pf,2023-24,42,2023-11-18,3,101.92092976123502,390.0,3577.986744288734,1.0,2564.240961597286,1.0,1897.4294792400192,1.0,1257.563561523613,1.0,913.1933200798459,1.0,682.7074239350675,1.0,522.2833700305206,1.0,386.5606346453392,1.0,274.18091872632954,1.0,175.72150767382004,0.0,86.8845232387221,0.0,202.004225481
analogue,2023-24,42,2023-11-18,0,11.703105468703136,118.0,327.10111939493675,1.0,251.87544315803268,1.0,177.27344257247648,1.0,136.1934115102265,1.0,103.72235214599856,1.0,85.7596865126035,1.0,67.99068660847978,1.0,55.73111411368883,1.0,44.070183226062625,1.0,29.153122149878612,1.0,12.15370246538501,0.0,18.195926087
analogue,2023-24,42,2023-11-18,1,33.40843944266803,211.0,821.8691222002656,1.0,536.8876116137765,1.0,420.3481720584025,1.0,333.20932274507845,1.0,237.95702740675267,1.0,191.842643844385,1.0,164.46775521482132,1.0,117.42092577070723,1.0,90.97264172830646,0.0,55.2686261919701,0.0,23.52606578274134,0.0,80.806833557
analogue,2023-24,42,2023-11-18,2,58.17797800183116,267.0,1552.2227148675984,1.0,1007.0541810344836,1.0,852.610837917246,1.0,597.6234411154727,1.0,460.2037087771438,1.0,351.1264911695122,1.0,285.68816950228415,1.0,225.94058246592044,1.0,151.07392598944685,1.0,108.25273976730668,0.0,37.89762529582487,0.0,115.6568579042
analogue,2023-24,42,2023-11-18,3,110.0593652910294,390.0,2198.203082958523,1.0,1462.8876337594966,1.0,1165.188349441256,1.0,868.6896352053252,1.0,618.2605220829536,1.0,474.7323076281974,1.0,391.98093261946497,1.0,273.6792789809123,0.0,206.9880159434182,0.0,126.34437702721513,0.0,63.40338398122185,0.0,202.004225481
ens2,2023-24,42,2023-11-18,0,12.49800007151356,118.0,369.8771608907409,1.0,279.57486739817944,1.0,207.00496256200853,1.0,152.84440934382283,1.0,117.75674145068177,1.0,95.05849655337599,1.0,75.415316543187,1.0,59.55808165683399,1.0,44.742581009027674,1.0,29.10410030758112,1.0,13.254284225194596,1.0,18.195926087
ens2,2023-24,42,2023-11-18,1,35.198479407878196,211.0,1016.8065109250263,1.0,670.7337612516934,1.0,492.0044543545587,1.0,353.3000285034227,1.0,258.121589162241,1.0,202.81857242376628,1.0,166.2994856971414,1.0,122.58050981374329,1.0,91.78428154112503,0.0,57.90266625661795,0.0,26.64830238301778,0.0,80.806833557
ens2,2023-24,42,2023-11-18,2,59.31563646506331,267.0,2078.2631265155246,1.0,1363.6207407368727,1.0,1015.347367395028,1.0,677.3879979416319,1.0,503.5566485195351,1.0,381.1192493366508,1.0,298.3569788746846,1.0,229.62984771641294,1.0,159.1289493899219,1.0,107.92297897334345,0.0,45.667565685636475,0.0,115.6568579042
ens2,2023-24,42,2023-11-18,3,102.25848188172301,390.0,2888.094913623628,1.0,2013.5642976783913,1.0,1531.3089143406376,1.0,1063.1265983644691,1.0,765.7269210813997,1.0,578.7198657816324,1.0,457.13215132499283,1.0,330.1199568131258,1.0,240.58446733487384,0.0,151.0329423505176,0.0,75.14395360997196,0.0,202.004225481
ens3,2023-24,42,2023-11-18,0,13.062243689023592,118.0,394.5901748145791,1.0,295.1628555575711,1.0,221.26470438326163,1.0,161.4446026254451,1.0,125.30473887483285,1.0,100.0624069693837,1.0,79.08998258790993,1.0,61.71989488006234,1.0,45.8730705116747,1.0,29.9590907111141,1.0,14.016073509072385,1.0,18.195926087
ens3,2023-24,42,2023-11-18,1,36.88348884316128,211.0,1128.1887775843861,1.0,737.5221443585688,1.0,529.8360404639766,1.0,367.5830978832851,1.0,270.18246938553875,1.0,210.94096010435914,1.0,169.15367408573542,1.0,126.04646554600171,1.0,93.42405308905644,0.0,59.47855804375325,0.0,28.1655892718737,0.0,80.806833557
ens3,2023-24,42,2023-11-18,2,61.660646271206005,267.0,2318.9696900111426,1.0,1545.5227572293784,1.0,1104.0781313008536,1.0,716.8538139971967,1.0,525.585996828622,1.0,395.88095582124294,1.0,305.8302113676403,1.0,231.70309789718277,1.0,161.9862583904554,1.0,108.42144880480998,0.0,47.995135505816194,0.0,115.6568579042
ens3,2023-24,42,2023-11-18,3,104.62376074900224,390.0,3203.211725157107,1.0,2265.129920866886,1.0,1690.7958215306196,1.0,1143.4445979414065,1.0,823.3916487671816,1.0,617.1701571004127,1.0,474.821561151241,1.0,346.18479387256826,1.0,250.8788785075481,1.0,158.25970521732052,0.0,78.33374410293038,0.0,202.004225481
pf,2023-24,50,2023-11-18,0,3.982797395616259,3.0,126.24300586121296,1.0,82.22847824893071,1.0,57.0521276488174,1.0,35.20237663437669,1.0,25.500641641849473,1.0,19.9828002188396,1.0,15.092250036088675,0.0,10.943406423890991,0.0,8.356925565226085,0.0,5.8477982035142,0.0,2.7081497712728986,0.0,1.1849804348
pf,2023-24,50,2023-11-18,1,10.650947788749589,3.0,396.94617925117024,1.0,262.4055850002642,1.0,176.549379769763,1.0,107.99983005852604,1.0,74.89365891281514,1.0,53.30535260778497,0.0,39.74626605132593,0.0,27.946922671235747,0.0,20.524690458059066,0.0,12.846394315160607,0.0,6.0462116359507885,0.0,1.2154548113
pf,2023-24,50,2023-11-18,2,16.005387950112652,8.0,546.5820481309584,1.0,379.7081107852661,1.0,275.54963779322446,1.0,182.08125845367255,1.0,133.45615628472052,1.0,97.94862850240277,1.0,73.56536852616303,1.0,54.9527006018089,0.0,38.84400180345014,0.0,24.277501127156334,0.0,11.914930793381671,0.0,1.7233287990000001
pf,2023-24,50,2023-11-18,3,18.417425789285392,8.0,504.57468139809635,1.0,368.4425298038079,1.0,273.28876594497564,1.0,186.9367586791038,1.0,140.80950653750676,1.0,108.81520693588959,1.0,83.88827566030878,1.0,62.88060101388819,0.0,45.43749273023691,0.0,29.974200328259396,0.0,14.566500676293803,0.0,1.8184084292
analogue,2023-24,50,2023-11-18,0,2.546472158687204,3.0,18.37646738173802,0.0,14.150305795395095,0.0,9.959182166993061,0.0,7.651315253383511,0.0,5.827098435168459,0.0,4.817959916438398,0.0,3.819701494858416,0.0,3.1309614670611694,0.0,2.475852990228237,0.0,1.6378158511167769,0.0,0.6827922733362373,0.0,1.1849804348
analogue,2023-24,50,2023-11-18,1,3.6261752889770658,3.0,46.17242259552054,1.0,30.162225371560478,1.0,23.61506584597767,1.0,18.719624873319013,0.0,13.368372326222062,0.0,10.777676620471066,0.0,9.239761528922543,0.0,6.596681223073439,0.0,5.11082256900598,0.0,3.104978999548882,0.0,1.3216890889180526,0.0,1.2154548113
analogue,2023-24,50,2023-11-18,2,2.7930803099872272,8.0,87.20352330716845,1.0,56.57607758620694,1.0,47.89948527624978,1.0,33.574350624464756,1.0,25.85414094253617,1.0,19.726207369073723,1.0,16.04989716304967,1.0,12.693291149770811,1.0,8.487299212890271,1.0,6.081614593668914,1.0,2.129080072799148,0.0,1.7233287990000001
analogue,2023-24,50,2023-11-18,3,3.601556028450549,8.0,123.4945552223889,1.0,82.18469852581441,1.0,65.46001963153124,1.0,48.80278849468119,1.0,34.733737195671544,1.0,26.670354361134688,1.0,22.02140070895871,1.0,15.375240392186086,1.0,11.628540221540348,1.0,7.0979987093941075,1.0,3.5619878641135854,1.0,1.8184084292
ens2,2023-24,50,2023-11-18,0,3.1238791195066096,3.0,72.3097366214755,1.0,48.1893920221629,1.0,33.505654907905225,1.0,21.4268459438801,1.0,15.663870038508964,0.0,12.400380067638997,0.0,9.455975765473545,0.0,7.0371839454760785,0.0,5.416389277727162,0.0,3.7428070273154894,0.0,1.6954710223045684,0.0,1.1849804348
ens2,2023-24,50,2023-11-18,1,7.088735279610939,3.0,221.55930092334538,1.0,146.28390518591232,1.0,100.08222280787032,1.0,63.35972746592253,1.0,44.1310156195186,0.0,32.04151461412802,0.0,24.493013790124238,0.0,17.271801947154593,0.0,12.817756513532522,0.0,7.975686657354743,0.0,3.6839503624344196,0.0,1.2154548113
ens2,2023-24,50,2023-11-18,2,9.30597290924037,8.0,316.8927857190634,1.0,218.14209418573654,1.0,161.72456153473712,1.0,107.82780453906865,1.0,79.65514861362836,1.0,58.837417935738245,1.0,44.80763284460635,1.0,33.82299587578986,1.0,23.665650508170206,0.0,15.179557860412624,0.0,7.02200543309041,0.0,1.7233287990000001
ens2,2023-24,50,2023-11-18,3,10.734387986275046,8.0,314.0346183102426,1.0,225.31361416481116,1.0,169.37439278825346,1.0,117.86977358689249,1.0,87.77162186658916,1.0,67.74278064851214,1.0,52.95483818463374,1.0,39.12792070303714,1.0,28.533016475888626,0.0,18.536099518826752,0.0,9.064244270203694,0.0,1.8184084292
ens3,2023-24,50,2023-11-18,0,3.5461540969389715,3.0,110.67788975425438,1.0,69.76920170405549,1.0,47.002178880145024,1.0,28.800563658259666,1.0,20.454000333105327,0.0,15.854343916395845,0.0,11.902083011397176,0.0,8.734739707223186,0.0,6.772069558838581,0.0,4.472003855213234,0.0,2.2679177647246576,0.0,1.1849804348
ens3,2023-24,50,2023-11-18,1,8.559889843629692,3.0,326.11691418160297,1.0,210.0216010987401,1.0,143.18321625735896,1.0,85.82264759815095,1.0,58.253567565085184,0.0,41.93363884936949,0.0,31.170232349699067,0.0,22.32686856346369,0.0,16.090083755633543,0.0,10.100482974033099,0.0,4.831053767359604,0.0,1.2154548113
ens3,2023-24,50,2023-11-18,2,11.420448827564984,8.0,418.5198791320789,1.0,287.7711338437763,1.0,209.43357384889214,1.0,136.75920661820953,1.0,99.86934682655244,1.0,73.75605114198365,1.0,54.87153248339651,1.0,40.70015271691622,1.0,28.583621773965923,0.0,18.128841486221226,0.0,8.537116141947067,0.0,1.7233287990000001
ens3,2023-24,50,2023-11-18,3,12.351139380856115,8.0,381.1296822423419,1.0,271.4790311835644,1.0,202.4366488114773,1.0,139.00928429803844,1.0,102.4656358785136,1.0,78.39423838340849,1.0,60.42189678279215,1.0,45.05893845535469,1.0,32.58780256844027,0.0,20.858250986016998,0.0,10.119298074698222,0.0,1.8184084292
pf,2023-24,56,2023-11-18,0,7.246313957147698,23.0,90.36248354308174,1.0,60.63798237759433,1.0,42.844654852834495,1.0,29.796405499726426,1.0,22.00591038138533,1.0,16.72925072472797,0.0,12.623675592955745,0.0,10.338856774003737,0.0,7.273097066475338,0.0,4.5092485852619095,0.0,2.295213744173772,0.0,11.7311108696
pf,2023-24,56,2023-11-18,1,5.335436754011006,18.0,206.5703679127796,1.0,133.53071926579986,1.0,90.36248354308174,1.0,55.7345610848556,1.0,38.3445703802001,1.0,28.972730516992282,1.0,21.485170911205955,1.0,15.6222333041839,1.0,10.907686292238523,0.0,7.047999038692584,0.0,3.483410067803474,0.0,6.5668877134
pf,2023-24,56,2023-11-18,2,13.797319610666166,37.0,280.0219089313292,1.0,183.10292717940249,1.0,126.23675592955746,1.0,78.47268307688678,1.0,53.9239931709027,1.0,37.87102677886724,1.0,28.53552111886792,0.0,20.61633424602113,0.0,14.379133988840646,0.0,9.14987672738424,0.0,3.8565523615867647,0.0,21.075016869
pf,2023-24,56,2023-11-18,3,12.75471478624951,34.0,262.76459030290874,1.0,180.72496708616347,1.0,123.65392484842765,1.0,78.47268307688678,1.0,55.7345610848556,1.0,39.26418489579506,1.0,28.61826746793314,0.0,21.40164083915094,0.0,14.794769813531685,0.0,9.177720084735913,0.0,3.815179187054154,0.0,17.6644850412
analogue,2023-24,56,2023-11-18,0,7.496484487710356,23.0,29.40234781078083,1.0,22.640489272632152,1.0,15.934691467188898,0.0,12.242104405413617,0.0,9.323357496269534,0.0,7.708735866301437,0.0,6.111522391773464,0.0,5.009538347297871,0.0,3.9613647843651787,0.0,2.620505361786842,0.0,1.092467637337979,0.0,11.7311108696
analogue,2023-24,56,2023-11-18,1,2.772064987090334,18.0,73.87587615283286,1.0,48.25956059449676,1.0,37.78410535356427,1.0,29.951399797310422,1.0,21.3893957219553,1.0,17.244282592753706,1.0,14.783618446276071,1.0,10.554689956917503,1.0,8.177316110409569,1.0,4.967966399278211,0.0,2.1147025422688834,0.0,6.5668877134
analogue,2023-24,56,2023-11-18,2,10.083813023902469,37.0,139.5256372914695,1.0,90.5217241379311,1.0,76.63917644199964,1.0,53.71896099914361,1.0,41.36662550805787,1.0,31.561931790517953,1.0,25.679835460879474,0.0,20.309265839633298,0.0,13.579678740624434,0.0,9.730583349870264,0.0,3.406528116478638,0.0,21.075016869
analogue,2023-24,56,2023-11-18,3,9.479688917220034,34.0,197.59128835582226,1.0,131.49551764130305,1.0,104.73603141044998,1.0,78.0844615914899,1.0,55.57397951307448,1.0,42.6725669778155,1.0,35.23424113433393,1.0,24.600384627497736,0.0,18.605664354464558,0.0,11.356797935030572,0.0,5.699180582581738,0.0,17.6644850412
ens2,2023-24,56,2023-11-18,0,7.076897038222579,23.0,59.88241567693129,1.0,41.63923582511324,1.0,29.389673160011696,1.0,21.019254952570023,1.0,15.664633938827432,0.0,12.218993295514702,0.0,9.367598992364606,0.0,7.674197560650804,0.0,5.617230925420257,0.0,3.5648769735243757,0.0,1.6938406907558736,0.0,11.7311108696
ens2,2023-24,56,2023-11-18,1,4.02217681800475,18.0,140.22312203280623,1.0,90.89513993014832,1.0,64.07329444832301,1.0,42.842980441083014,1.0,29.8669830510777,1.0,23.108506554872996,1.0,18.13439467874101,1.0,13.088461630550702,1.0,9.542501201324047,0.0,6.007982718985398,0.0,2.7990563050361796,0.0,6.5668877134
ens2,2023-24,56,2023-11-18,2,11.940566317284317,37.0,209.77377311139938,1.0,136.8123256586668,1.0,101.43796618577855,1.0,66.0958220380152,1.0,47.645309339480285,1.0,34.716479284692596,1.0,27.107678289873697,0.0,20.46280004282721,0.0,13.979406364732542,0.0,9.44023003862725,0.0,3.6315402390327005,0.0,21.075016869
ens2,2023-24,56,2023-11-18,3,10.983005382695941,34.0,230.1779393293655,1.0,156.11024236373325,1.0,114.19497812943882,1.0,78.27857233418834,1.0,55.65427029896504,1.0,40.96837593680528,1.0,31.92625430113354,1.0,23.001012733324337,0.0,16.70021708399812,0.0,10.267259009883244,0.0,4.757179884817944,0.0,17.6644850412
ens3,2023-24,56,2023-11-18,0,6.712889715149655,23.0,84.93753618539516,1.0,57.54455433301309,1.0,39.87675754314741,1.0,26.92205083244287,1.0,19.979905339635067,1.0,15.393975726126552,0.0,11.756588827470722,0.0,9.172648641736716,0.0,6.68655531155796,0.0,4.215168833148201,0.0,2.00221885139284,0.0,11.7311108696
ens3,2023-24,56,2023-11-18,1,4.773660839005936,18.0,197.18268817273656,1.0,127.73594492489966,1.0,87.20926688820853,1.0,55.771975455916156,1.0,38.630993096449245,1.0,29.024922157434503,1.0,22.00840653039721,1.0,16.05033292234302,1.0,11.702284453916093,1.0,7.314773344094444,0.0,3.5945752803671542,0.0,6.5668877134
ens3,2023-24,56,2023-11-18,2,12.197961692928757,37.0,255.05613599958363,1.0,167.8849442861475,1.0,122.17589857983634,1.0,78.36354126554039,1.0,55.427541731518694,1.0,40.427010853968724,1.0,31.041855350615954,0.0,23.19190250633624,0.0,15.938507306030047,0.0,10.489685753134884,0.0,4.618868407310403,0.0,21.075016869
ens3,2023-24,56,2023-11-18,3,11.378985441643524,34.0,254.8656521547965,1.0,171.5941525225063,1.0,123.82002108264369,1.0,83.08499888200926,1.0,59.1658570755601,1.0,43.53831836308157,1.0,33.13733304258639,1.0,23.818988914816508,0.0,17.29206354635994,0.0,10.884437395218866,0.0,5.015324590470833,0.0,17.6644850412
pf,2023-24,02,2023-11-25,0,2.615837934246208,15.0,42.90257600331001,1.0,32.585715198211325,1.0,25.359759127511772,1.0,18.73091534844525,1.0,14.870987016153881,1.0,11.55796918548672,1.0,9.119911436147131,1.0,6.952865653816955,0.0,4.730134673739096,0.0,2.9440269263531835,0.0,1.8091395130619397,0.0,0.9500217391
pf,2023-24,02,2023-11-25,1,3.297870872247182,14.0,63.471712023776334,1.0,42.92288298330055,1.0,30.755371722052978,1.0,21.110848249166562,1.0,15.830394483005493,1.0,11.851533897606718,1.0,9.160856393689835,0.0,7.236558052247759,0.0,5.214649240362716,0.0,3.5261519634197693,0.0,1.0888238819391898,0.0,1.3844841271
pf,2023-24,02,2023-11-25,2,2.0271425061821113,4.0,101.37686894831837,1.0,59.701603931044005,1.0,38.896499530831704,1.0,23.52941565135342,1.0,16.749221826243904,1.0,13.17700633147208,1.0,9.696917899404365,1.0,7.8647466206663985,1.0,5.363806649896591,1.0,3.4640030427806554,0.0,1.0427603505871348,0.0,5.6446952697
pf,2023-24,02,2023-11-25,3,2.019828290618161,5.0,144.7383871194151,1.0,81.3525727875404,1.0,49.36612748787677,1.0,28.041662452460066,1.0,18.77332327463807,1.0,14.08157608800305,1.0,9.858505093066064,1.0,7.887778386342426,1.0,5.2519385927461855,1.0,2.8058363322970195,1.0,1.7455276237727126,1.0,4.9606759415
analogue,2023-24,02,2023-11-25,0,2.0695700340785046,15.0,52.71947889957868,1.0,40.05355800899224,1.0,28.519363854882883,1.0,21.48603854141667,1.0,16.567575462512167,1.0,13.734785832220217,1.0,11.776397515527949,1.0,9.533726065374966,1.0,6.706434785720411,1.0,4.981374691214036,0.0,2.5184362693888005,0.0,0.9500217391
analogue,2023-24,02,2023-11-25,1,4.568112837159611,14.0,128.83264527702102,1.0,84.74722442873679,1.0,65.09629650402678,1.0,49.38237475051588,1.0,36.52634816495505,1.0,29.73450681303867,1.0,21.51906348025742,1.0,16.805383141349655,1.0,11.683040180899454,0.0,8.145210975438886,0.0,4.038189879123436,0.0,1.3844841271
analogue,2023-24,02,2023-11-25,2,11.595127591611337,4.0,244.11886900851758,0.0,147.35836488872792,0.0,108.25747326620865,0.0,74.29520234723762,0.0,51.368848839537584,0.0,39.914116004270234,0.0,29.2383808095952,0.0,22.193682400917965,0.0,16.269742029302495,0.0,10.484868810980714,0.0,5.309985991594964,0.0,5.6446952697
analogue,2023-24,02,2023-11-25,3,9.30501533647587,5.0,266.18493257416964,1.0,181.44481680675278,1.0,124.86361250095123,0.0,80.53086470441367,0.0,62.414606040647605,0.0,44.21690622498676,0.0,29.391555517797975,0.0,19.752178163346493,0.0,15.310287049584169,0.0,9.576470809156291,0.0,4.97577656515872,0.0,4.9606759415
ens2,2023-24,02,2023-11-25,0,1.7684850314119485,15.0,47.811027451444346,1.0,36.319636603601786,1.0,26.93956149119733,1.0,20.10847694493096,1.0,15.719281239333025,1.0,12.646377508853469,1.0,10.44815447583754,1.0,8.24329585959596,1.0,5.718284729729753,1.0,3.9627008087836106,1.0,2.16378789122537,0.0,0.9500217391
ens2,2023-24,02,2023-11-25,1,2.660014419653263,14.0,96.15217865039867,1.0,63.83505370601867,1.0,47.925834113039876,1.0,35.24661149984122,1.0,26.178371323980276,1.0,20.793020355322696,1.0,15.339959936973628,1.0,12.020970596798705,1.0,8.448844710631086,1.0,5.835681469429325,1.0,2.563506880531312,1.0,1.3844841271
ens2,2023-24,02,2023-11-25,2,6.141600101960763,4.0,172.74786897841796,1.0,103.52998440988597,1.0,73.57698639852018,1.0,48.91230899929552,0.0,34.059035332890744,0.0,26.545561167871156,0.0,19.46764935449978,0.0,15.029214510792182,0.0,10.816774339599545,0.0,6.974435926880684,0.0,3.1763731710910488,0.0,5.6446952697
ens2,2023-24,02,2023-11-25,3,4.78626774237478,5.0,205.46165984679237,1.0,131.3986947971466,1.0,87.114869994414,1.0,54.28626357843687,1.0,40.593964657642836,1.0,29.149241156494906,1.0,19.62503030543202,0.0,13.819978274844457,0.0,10.281112821165177,0.0,6.191153570726656,0.0,3.3606520944657152,0.0,4.9606759415
ens3,2023-24,02,2023-11-25,0,1.9705857366982455,15.0,46.790187660484534,1.0,35.004715717752745,1.0,26.518575912952304,1.0,19.71667959943841,1.0,15.310597440115433,1.0,12.239061153307318,1.0,9.898101550528065,1.0,7.710343850419417,1.0,5.67091205794873,1.0,3.645828179996464,0.0,1.815625932526956,0.0,0.9500217391
ens3,2023-24,02,2023-11-25,1,2.5305108894008783,14.0,88.57890727732577,1.0,57.78927372696582,1.0,42.262522729160374,1.0,30.45291285123104,1.0,22.52977130141575,1.0,17.672986397509536,1.0,13.373649293149558,1.0,10.235397039407616,1.0,7.21457262424604,1.0,5.127712512540647,1.0,2.3361483541055446,0.0,1.3844841271
ens3,2023-24,02,2023-11-25,2,4.292105405648525,4.0,154.83854916461695,1.0,90.9169122742212,1.0,62.260463856296596,1.0,40.22449162767369,1.0,27.863898483167063,1.0,21.804595559032094,0.0,15.836426689035427,0.0,12.27397876034505,0.0,8.793192376891678,0.0,5.6158392740324725,0.0,2.458560047334613,0.0,5.6446952697
ens3,2023-24,02,2023-11-25,3,3.4627887067626766,5.0,193.6108663462952,1.0,118.29240144499704,1.0,74.82431225777319,1.0,44.759163717285844,1.0,32.757877246866364,1.0,23.241913589475853,1.0,15.930027270099341,1.0,11.422462249757253,1.0,8.153702066137358,0.0,5.079471417335689,0.0,2.560609977372512,0.0,4.9606759415
pf,2023-24,06,2023-11-25,0,66.12876373395068,683.0,1625.414260398746,1.0,1252.109979491831,1.0,992.4331134702358,1.0,731.8244798907227,1.0,572.8295247672756,1.0,455.33292030495005,1.0,358.8543364519477,1.0,276.043333511912,1.0,201.68107013221606,1.0,131.2999321098497,0.0,65.71545990066261,0.0,195.1717437045
pf,2023-24,06,2023-11-25,1,121.51752196902194,868.0,3809.741540496729,1.0,2837.441389149123,1.0,2163.087878227815,1.0,1538.4010982910386,1.0,1188.7923045730008,1.0,935.9115055188855,1.0,735.9943126772562,1.0,557.894497227087,1.0,407.6129346231885,1.0,264.1707693010279,1.0,131.16543441698286,1.0,314.758309526
pf,2023-24,06,2023-11-25,2,217.98605336046998,1077.0,7107.979728701226,1.0,5085.871705109761,1.0,3837.8230090583675,1.0,2703.308891226753,1.0,2080.3879940564266,1.0,1628.1441197076642,1.0,1270.2226251607885,1.0,964.6390256763021,1.0,698.5334887779866,1.0,453.20432318536234,1.0,224.34996918250044,0.0,448.6521447911
pf,2023-24,06,2023-11-25,3,314.7797989419463,1763.0,8800.60862681385,1.0,6811.031208083191,1.0,5261.8551310148705,1.0,3720.7813966287363,1.0,2882.8016272460627,1.0,2270.4151857832903,1.0,1783.883027640221,1.0,1367.8533774778466,1.0,1004.7469343924683,1.0,664.2734926685496,1.0,321.21758750915956,0.0,1058.5217703329
analogue,2023-24,06,2023-11-25,0,85.78664571862427,683.0,1581.5843669873605,1.0,1201.6067402697672,1.0,855.5809156464865,1.0,644.5811562424999,1.0,497.0272638753652,1.0,412.0435749666065,1.0,353.29192546583846,1.0,286.0117819612489,1.0,201.1930435716123,0.0,149.4412407364211,0.0,75.55308808166404,0.0,195.1717437045
analogue,2023-24,06,2023-11-25,1,159.36569564135164,868.0,3864.9793583106302,1.0,2542.416732862104,1.0,1952.8888951208035,1.0,1481.4712425154767,1.0,1095.7904449486518,1.0,892.0352043911603,1.0,645.5719044077225,1.0,504.1614942404896,1.0,350.4912054269836,0.0,244.35632926316663,0.0,121.145696373703,0.0,314.758309526
analogue,2023-24,06,2023-11-25,2,268.42337685900236,1077.0,7323.566070255528,1.0,4420.750946661838,1.0,3247.7241979862592,1.0,2228.856070417128,1.0,1541.0654651861275,1.0,1197.423480128107,1.0,877.151424287856,1.0,665.810472027539,0.0,488.09226087907484,0.0,314.5460643294214,0.0,159.29957974784895,0.0,448.6521447911
analogue,2023-24,06,2023-11-25,3,659.796068936871,1763.0,7985.547977225089,1.0,5443.344504202583,1.0,3745.9083750285367,1.0,2415.92594113241,1.0,1872.4381812194283,1.0,1326.5071867496029,0.0,881.7466655339394,0.0,592.5653449003948,0.0,459.308611487525,0.0,287.29412427468867,0.0,149.27329695476163,0.0,1058.5217703329
ens2,2023-24,06,2023-11-25,0,74.50326157398077,683.0,1603.4993136930532,1.0,1226.858359880799,1.0,924.0070145583611,1.0,688.2028180666114,1.0,534.9283943213204,1.0,433.6882476357783,1.0,356.0731309588931,1.0,281.02755773658043,1.0,201.43705685191418,0.0,140.37058642313536,0.0,70.63427399116335,0.0,195.1717437045
ens2,2023-24,06,2023-11-25,1,127.41810928975794,868.0,3837.3604494036795,1.0,2689.929061005613,1.0,2057.988386674309,1.0,1509.9361704032576,1.0,1142.2913747608263,1.0,913.9733549550228,1.0,690.7831085424892,1.0,531.0279957337884,1.0,379.0520700250861,1.0,254.2635492820973,1.0,126.15556539534282,0.0,314.758309526
ens2,2023-24,06,2023-11-25,2,201.38532335203948,1077.0,7215.7728994783765,1.0,4753.311325885799,1.0,3542.7736035223134,1.0,2466.082480821941,1.0,1810.7267296212772,1.0,1412.7837999178855,1.0,1073.6870247243223,1.0,815.2247488519206,1.0,593.3128748285308,1.0,383.8751937573919,1.0,191.82477446517476,0.0,448.6521447911
ens2,2023-24,06,2023-11-25,3,410.9148691427967,1763.0,8393.07830201947,1.0,6127.1878561428875,1.0,4503.881753021704,1.0,3068.3536688805734,1.0,2377.6199042327453,1.0,1798.4611862664465,1.0,1332.8148465870802,1.0,980.2093611891208,0.0,732.0277729399968,0.0,475.7838084716192,0.0,235.2454422319605,0.0,1058.5217703329
ens3,2023-24,06,2023-11-25,0,77.77234682252305,683.0,1690.2246490486557,1.0,1278.1987019347068,1.0,971.8144023652012,1.0,717.5037314989769,1.0,558.07848458377,1.0,448.4878201040214,1.0,362.8319115500643,1.0,284.63556373548124,1.0,205.18756850044872,0.0,139.9496492129946,0.0,70.14326664181465,0.0,195.1717437045
ens3,2023-24,06,2023-11-25,1,132.21219790222491,868.0,4019.0380153602327,1.0,2818.9905755174264,1.0,2139.6588049533993,1.0,1536.7251802609476,1.0,1168.7685623261907,1.0,929.9817578770027,1.0,710.4408598240285,1.0,545.9360394592359,1.0,391.7195755249568,1.0,260.13286762063046,0.0,129.47015934901015,0.0,314.758309526
ens3,2023-24,06,2023-11-25,2,210.2032083178094,1077.0,7308.968814552314,1.0,4961.262503874718,1.0,3701.376019388487,1.0,2548.84579750099,1.0,1887.8518643998602,1.0,1472.9242530182482,1.0,1130.8034090014887,1.0,861.4151041612591,1.0,624.5674581546085,1.0,407.101490952959,1.0,202.1451070461153,0.0,448.6521447911
ens3,2023-24,06,2023-11-25,3,414.003941892815,1763.0,8674.811495275673,1.0,6408.998581992661,1.0,4773.248533054238,1.0,3274.3245896044596,1.0,2518.117388146464,1.0,1923.6196809232465,1.0,1449.2286240881149,1.0,1083.7820004294645,0.0,800.4565749002345,0.0,522.8414967476136,0.0,257.41193673284397,0.0,1058.5217703329
pf,2023-24,36,2023-11-25,0,56.64098028841164,338.0,824.7303675222836,1.0,626.3446398556316,1.0,479.2918408219637,1.0,345.8176299538445,1.0,268.7645731199066,1.0,212.97676488211917,1.0,167.8491533661094,0.0,128.16490044882914,0.0,93.09769498041629,0.0,60.566929539938855,0.0,28.80849041109323,0.0,126.6327780346
pf,2023-24,36,2023-11-25,1,96.59243484589305,501.0,2051.1695094395495,1.0,1484.1397700100808,1.0,1092.8972033403325,1.0,754.9046562186106,1.0,569.5814709708806,1.0,442.43479877495685,1.0,342.1901662736419,1.0,262.9552208679222,0.0,190.18163575687365,0.0,124.33524404235453,0.0,61.34064513062896,0.0,245.1071609747
pf,2023-24,36,2023-11-25,2,164.8256123391993,743.0,3627.4199817230196,1.0,2637.3561023100688,1.0,1929.383757325846,1.0,1323.4482528171886,1.0,988.7899853138392,1.0,758.7859140911999,1.0,586.7953628700964,1.0,449.23464748923004,0.0,323.9526497644589,0.0,207.50161227600546,0.0,101.3121793053694,0.0,448.6224517965
pf,2023-24,36,2023-11-25,3,209.89264882437254,938.0,4398.4354841117765,1.0,3303.7682859082884,1.0,2519.9103169047326,1.0,1770.0516803933745,1.0,1351.481500451206,1.0,1048.394000396082,1.0,815.178191891544,1.0,622.4465593978055,0.0,453.12907569678555,0.0,297.8529653991335,0.0,147.48092098998478,0.0,623.6061364084
analogue,2023-24,36,2023-11-25,0,69.89112360796264,338.0,617.5710385379217,1.0,469.19882239105203,1.0,334.08397658577087,1.0,251.69359434230952,1.0,194.07731256085683,0.0,160.89320546315113,0.0,137.95208518189884,0.0,111.68079105153527,0.0,78.5610932041534,0.0,58.35324638279303,0.0,29.501682012840234,0.0,126.6327780346
analogue,2023-24,36,2023-11-25,1,136.6047165796748,501.0,1509.182416102246,1.0,992.7532004509166,1.0,762.556616190028,1.0,578.4792470774718,1.0,427.88007850375925,1.0,348.31850838131015,0.0,252.08045791158688,0.0,196.86305965581022,0.0,136.85847069053645,0.0,95.41532856942692,0.0,47.30451001258882,0.0,245.1071609747
analogue,2023-24,36,2023-11-25,2,273.08597610156426,743.0,2859.6781798140632,1.0,1726.1979886965269,1.0,1268.1589725470155,1.0,870.3152274962121,1.0,601.7493721202974,0.0,467.56535890716555,0.0,342.50674662668666,0.0,259.9831366964677,0.0,190.5884066289721,0.0,122.82274892863126,0.0,62.20269304439813,0.0,448.6224517965
analogue,2023-24,36,2023-11-25,3,409.13190331704106,938.0,3118.166353011701,1.0,2125.496425450533,1.0,1462.6880321540002,1.0,943.3615579659888,1.0,731.1425279047291,0.0,517.9694729212735,0.0,344.30107892277636,0.0,231.3826584849161,0.0,179.34907686655737,0.0,112.18151519297368,0.0,58.28766833471644,0.0,623.6061364084
ens2,2023-24,36,2023-11-25,0,61.820841736136344,338.0,721.1507030301027,1.0,547.7717311233417,1.0,406.6879087038673,1.0,298.75561214807703,1.0,231.4209428403817,1.0,186.93498517263515,0.0,152.90061927400416,0.0,119.92284575018223,0.0,85.82939409228487,0.0,59.46008796136596,0.0,29.155086211966733,0.0,126.6327780346
ens2,2023-24,36,2023-11-25,1,113.78757038020993,501.0,1780.175962770898,1.0,1238.4464852304986,1.0,927.7269097651802,1.0,666.6919516480413,1.0,498.7307747373199,1.0,395.3766535781335,1.0,297.1353120926144,0.0,229.90914026186618,0.0,163.52005322370505,0.0,109.87528630589071,0.0,54.32257757160886,0.0,245.1071609747
ens2,2023-24,36,2023-11-25,2,206.8446592291757,743.0,3243.5490807685414,1.0,2181.777045503298,1.0,1598.771364936431,1.0,1096.8817401567003,1.0,795.2696787170684,1.0,613.1756364991827,1.0,464.6510547483915,0.0,354.60889209284886,0.0,257.2705281967155,0.0,165.16218060231836,0.0,81.75743617488376,0.0,448.6224517965
ens2,2023-24,36,2023-11-25,3,284.1481291674503,938.0,3758.300918561739,1.0,2714.632355679411,1.0,1991.2991745293664,1.0,1356.7066191796816,1.0,1041.3120141779677,1.0,783.1817366586778,0.0,579.7396354071601,0.0,426.91460894136077,0.0,316.23907628167143,0.0,205.01724029605361,0.0,102.88429466235061,0.0,623.6061364084
ens3,2023-24,36,2023-11-25,0,61.518149878729616,338.0,785.7848502612989,1.0,582.7019410906391,1.0,436.61057473787054,1.0,317.474980615224,1.0,245.6198505772111,1.0,196.7532321557744,0.0,158.63408631272216,0.0,123.61913488489421,0.0,88.85768080497178,0.0,60.363321391028705,0.0,29.817933654287145,0.0,126.6327780346
ens3,2023-24,36,2023-11-25,1,112.4742073970729,501.0,1962.4490388204872,1.0,1348.0962374022872,1.0,1000.000012692397,1.0,699.2192557356427,1.0,524.9349119476534,1.0,413.14755310116254,1.0,312.60593761863345,0.0,240.0682498423101,0.0,171.34225377443758,0.0,114.03905828355371,0.0,56.44433131064852,0.0,245.1071609747
ens3,2023-24,36,2023-11-25,2,202.17018413988887,743.0,3518.143165436763,1.0,2387.2244438808284,1.0,1741.9524532932871,1.0,1174.5407956092267,1.0,854.5667047332673,1.0,655.892573998547,1.0,499.50768214797756,0.0,378.94934179490065,0.0,274.70161737722447,0.0,177.81691378600829,0.0,88.19128377743618,0.0,448.6224517965
ens3,2023-24,36,2023-11-25,3,273.7763584035491,938.0,4053.2072918537838,1.0,2969.885792523915,1.0,2201.6045775779626,1.0,1490.5928113358752,1.0,1131.3246171411165,1.0,861.3377175882124,1.0,648.6009202768525,0.0,482.93650632089066,0.0,354.9069637419847,0.0,228.32478509347823,0.0,114.27314516496818,0.0,623.6061364084
pf,2023-24,42,2023-11-25,0,24.25580514777625,211.0,487.38171692065674,1.0,368.32906663815834,1.0,288.12605076462154,1.0,211.08247629250363,1.0,165.95189247376987,1.0,131.82535055733103,1.0,103.9661542418145,1.0,79.34200570272026,1.0,58.25109279440221,0.0,38.112071159548464,0.0,18.877224015613137,0.0,60.7173029215
pf,2023-24,42,2023-11-25,1,37.80926424776296,267.0,1261.3808955799582,1.0,895.5910982660838,1.0,664.0118859258746,1.0,449.5296077291217,1.0,343.5180134820013,1.0,269.677434975065,1.0,210.6300784899992,1.0,161.94671129183905,1.0,117.84712947646449,1.0,76.89562563163653,1.0,37.160179886084165,0.0,95.939975901
pf,2023-24,42,2023-11-25,2,70.98684323105375,390.0,2511.3465596191004,1.0,1785.3881368166997,1.0,1261.7022210573325,1.0,853.0309014638232,1.0,636.2262777840174,1.0,495.7475704769407,1.0,382.7908272600771,1.0,294.087279401131,1.0,212.3201715982049,1.0,138.22277485730365,1.0,66.56705310768842,0.0,183.4636933949
pf,2023-24,42,2023-11-25,3,149.27833609661403,702.0,3366.9891635162703,1.0,2549.6754162349853,1.0,1929.5587955921912,1.0,1341.2191325274082,1.0,1006.0665499944853,1.0,779.4442595743797,1.0,603.270776764783,1.0,459.95051107959637,1.0,334.65742977538946,0.0,213.92211664151154,0.0,104.7249436072899,0.0,454.0653256179
analogue,2023-24,42,2023-11-25,0,28.233373171325436,211.0,470.70963303195254,1.0,357.62105365171647,1.0,254.63717727574,1.0,191.83962983407736,1.0,147.92478091528724,1.0,122.63201635910909,1.0,105.14640638864242,1.0,85.1225541551336,0.0,59.8788820153608,0.0,44.47655974298246,0.0,22.486038119542883,0.0,60.7173029215
analogue,2023-24,42,2023-11-25,1,50.06794771934637,267.0,1150.2914756876876,1.0,756.67164668515,1.0,581.2169330716677,1.0,440.9140602724632,1.0,326.12810861567016,1.0,265.4866679735596,1.0,192.13449535944125,1.0,150.04806376205045,1.0,104.31285875803084,0.0,72.72509799499005,0.0,36.05526677788782,0.0,95.939975901
analogue,2023-24,42,2023-11-25,2,110.24799759270125,390.0,2179.632759004621,1.0,1315.6996865064991,1.0,966.5845827340056,1.0,663.3500209574787,1.0,458.65043606729984,1.0,356.37603575241275,1.0,261.0569715142429,0.0,198.1578785796247,0.0,145.265553833058,0.0,93.61490009804211,0.0,47.410589210669315,0.0,183.4636933949
analogue,2023-24,42,2023-11-25,3,303.39984677531623,702.0,2376.651183697943,1.0,1620.04300720315,1.0,1114.8536830442074,1.0,719.0255777179792,1.0,557.273268220068,0.0,394.7938055802389,0.0,262.424602837482,0.0,176.35873360130802,0.0,136.69899151414435,0.0,85.50420365318118,0.0,44.42657647463142,0.0,454.0653256179
ens2,2023-24,42,2023-11-25,0,26.117540609919903,211.0,479.04567497630467,1.0,362.9750601449374,1.0,271.38161402018073,1.0,201.46105306329048,1.0,156.93833669452857,1.0,127.22868345822006,1.0,104.55628031522843,1.0,82.23227992892694,0.0,59.06498740488149,0.0,41.29431545126545,0.0,20.681631067578024,0.0,60.7173029215
ens2,2023-24,42,2023-11-25,1,42.02026769519737,267.0,1205.8361856338229,1.0,826.1313724756169,1.0,622.6144094987711,1.0,445.22183400079246,1.0,334.82306104883577,1.0,267.5820514743124,1.0,201.38228692472023,1.0,155.99738752694478,1.0,111.07999411724768,1.0,74.81036181331328,0.0,36.607723331985994,0.0,95.939975901
ens2,2023-24,42,2023-11-25,2,81.95815025342763,390.0,2345.489659311861,1.0,1550.5439116615994,1.0,1114.143401895669,1.0,758.190461210651,1.0,547.4383569256586,1.0,426.0618031146767,1.0,321.92389938715996,1.0,246.1225789903778,1.0,178.79286271563143,0.0,115.9188374776729,0.0,56.988821159178826,0.0,183.4636933949
ens2,2023-24,42,2023-11-25,3,206.11370692177044,702.0,2871.8201736071064,1.0,2084.859211719068,1.0,1522.2062393181996,1.0,1030.1223551226938,1.0,781.6699091072767,1.0,587.1190325773093,1.0,432.84768980113245,0.0,318.1546223404522,0.0,235.67821064476692,0.0,149.7131601473464,0.0,74.57576004096063,0.0,454.0653256179
ens3,2023-24,42,2023-11-25,0,26.11578512060546,211.0,490.8006838378085,1.0,371.9754222703043,1.0,281.2997075936717,1.0,207.38290816305093,1.0,162.00075439780392,1.0,130.14168961495727,1.0,105.74668671019131,1.0,82.5586416849055,0.0,59.59481588347899,0.0,40.77374591184548,0.0,20.209120982005203,0.0,60.7173029215
ens3,2023-24,42,2023-11-25,1,41.98328043831308,267.0,1249.5569843214078,1.0,862.5261506664766,1.0,643.9316688971062,1.0,452.9390270304285,1.0,341.28182427190535,1.0,270.49824676498486,1.0,206.2865344979433,1.0,158.40061867766792,1.0,113.65887024294025,1.0,75.86498724779642,0.0,36.93599698573814,0.0,95.939975901
ens3,2023-24,42,2023-11-25,2,81.07920762462851,390.0,2460.891068774658,1.0,1636.6538646775002,1.0,1173.326406072327,1.0,791.6489807981744,1.0,575.4930536575198,1.0,445.676727203213,1.0,338.478645814361,1.0,257.98691458924145,1.0,185.61677100729804,0.0,120.10744112600824,0.0,58.42944171589875,0.0,183.4636933949
ens3,2023-24,42,2023-11-25,3,198.14242091621472,702.0,3109.617254505419,1.0,2255.5007084689655,1.0,1644.6625405244622,1.0,1113.4988927982358,1.0,836.9713667772698,1.0,631.5942764903639,1.0,472.1684711457494,0.0,352.046488410399,0.0,257.147357811908,0.0,164.44481582778354,0.0,80.54400433090444,0.0,454.0653256179
pf,2023-24,50,2023-11-25,0,1.1282164053720076,3.0,51.662096089001544,1.0,31.66117349687646,1.0,22.089190811774277,1.0,13.993824891762726,1.0,10.482164423855384,1.0,7.520107731131033,1.0,6.55787341640394,1.0,4.429850295271907,1.0,3.61224043786818,1.0,2.1808907710376384,1.0,1.422934041253317,1.0,0.3559570955
pf,2023-24,50,2023-11-25,1,2.4752199613016206,8.0,124.4363310946126,1.0,75.62132905781385,1.0,50.16464402845077,1.0,29.965464925203978,1.0,21.22034345232837,1.0,15.462433568241995,1.0,11.979616484406154,1.0,8.798417315060984,1.0,6.039486921734714,1.0,3.8057285007914667,0.0,2.1728826824262706,0.0,2.9127383488
pf,2023-24,50,2023-11-25,2,3.6385498146507653,8.0,195.5247183951734,1.0,123.69946854593594,1.0,82.35986333029231,1.0,51.662096089001544,1.0,35.342705298838844,1.0,25.630581063037713,1.0,19.039860218256585,1.0,14.688868198200792,1.0,10.252232425215084,1.0,6.626757243532283,1.0,2.977257796015377,1.0,2.6677033954000002
pf,2023-24,50,2023-11-25,3,4.904847444125677,12.0,211.89849728378732,1.0,144.26486852829353,1.0,101.07801408717692,1.0,65.53126607493036,1.0,46.433433546956756,1.0,34.61440702705774,1.0,25.78273474665371,1.0,19.15998154742711,1.0,13.989820847457043,1.0,8.8637046348495,1.0,4.4178381623548555,0.0,4.9564482143
analogue,2023-24,50,2023-11-25,0,0.4997000574125412,3.0,11.297031192766863,1.0,8.582905287641195,1.0,6.11129225461776,1.0,4.604151116017857,1.0,3.5501947419668936,1.0,2.943168392618618,1.0,2.523513753327418,1.0,2.0429412997232066,1.0,1.4370931683686594,0.0,1.067437433831579,0.0,0.5396649148690287,0.0,0.3559570955
analogue,2023-24,50,2023-11-25,1,1.8940848957068552,8.0,27.6069954165045,1.0,18.160119520443597,1.0,13.949206393720026,1.0,10.581937446539118,1.0,7.827074606776083,1.0,6.37168003136543,1.0,4.611227888626589,0.0,3.6011535302892113,0.0,2.5035086101927404,0.0,1.7454023518797612,0.0,0.8653264026693082,0.0,2.9127383488
analogue,2023-24,50,2023-11-25,2,2.0374961701108867,8.0,52.31118621611091,1.0,31.57679247615598,1.0,23.198029985616138,1.0,15.920400502979488,1.0,11.007610465615196,1.0,8.553024858057908,1.0,6.265367316341829,1.0,4.755789085910993,0.0,3.486373291993392,0.0,2.24675760235301,0.0,1.1378541410560636,0.0,2.6677033954000002
analogue,2023-24,50,2023-11-25,3,4.37773589613293,12.0,57.03962840875063,1.0,38.88103217287559,1.0,26.756488393060977,1.0,17.2566138652315,1.0,13.37455843728163,1.0,9.475051333925734,0.0,6.298190468099568,0.0,4.232609606431392,0.0,3.2807757963394644,0.0,2.052100887676348,0.0,1.0662378353911546,0.0,4.9564482143
ens2,2023-24,50,2023-11-25,0,0.8065367121677075,3.0,31.4795636408842,1.0,20.122039392258827,1.0,14.100241533196018,1.0,9.298988003890292,1.0,7.016179582911139,1.0,5.2316380618748255,1.0,4.540693584865679,1.0,3.236395797497557,1.0,2.5246668031184196,1.0,1.6241641024346087,0.0,0.9812994780611723,0.0,0.3559570955
ens2,2023-24,50,2023-11-25,1,2.03787264183494,8.0,76.02166325555855,1.0,46.89072428912873,1.0,32.0569252110854,1.0,20.273701185871545,1.0,14.523709029552226,1.0,10.917056799803712,1.0,8.29542218651637,1.0,6.199785422675098,1.0,4.271497765963726,0.0,2.775565426335614,0.0,1.5191045425477894,0.0,2.9127383488
ens2,2023-24,50,2023-11-25,2,2.579193984481114,8.0,123.91795230564216,1.0,77.63813051104596,1.0,52.77894665795422,1.0,33.79124829599052,1.0,23.17515788222702,1.0,17.09180296054781,1.0,12.652613767299208,1.0,9.722328642055892,1.0,6.8693028586042395,1.0,4.436757422942646,1.0,2.05755596853572,0.0,2.6677033954000002
ens2,2023-24,50,2023-11-25,3,3.862429183113082,12.0,134.46906284626897,1.0,91.57295035058456,1.0,63.917251240118944,1.0,41.39393997008093,1.0,29.903995992119192,1.0,22.044729180491736,1.0,16.04046260737664,1.0,11.69629557692925,1.0,8.635298321898253,0.0,5.4579027612629245,0.0,2.7420379988730046,0.0,4.9564482143
ens3,2023-24,50,2023-11-25,0,0.8915866868997719,3.0,40.65129346849134,1.0,24.79960656185167,1.0,16.997356047831992,1.0,11.11553804137921,1.0,8.090725711942541,1.0,6.110630632057636,1.0,4.881234119924009,1.0,3.7100854211061307,1.0,2.6960705388391215,1.0,1.8259709620427889,1.0,0.9349805009259615,0.0,0.3559570955
ens3,2023-24,50,2023-11-25,1,2.2674030444334425,8.0,96.8454581398408,1.0,58.016029705605675,1.0,38.15766378855988,1.0,23.138914489802698,1.0,16.013468541119245,1.0,12.0027464852748,1.0,8.905022346233556,1.0,6.654572217805782,1.0,4.448530406465996,0.0,3.0894340471684347,0.0,1.551467367666894,0.0,2.9127383488
ens3,2023-24,50,2023-11-25,2,2.883046554647088,8.0,153.01418791713903,1.0,95.03614042235854,1.0,62.72611964211755,1.0,38.264730408840194,1.0,26.058774777109925,1.0,18.732982295604117,1.0,13.865245469291592,1.0,10.160651432404858,1.0,7.1119335809699304,1.0,4.703375046619878,1.0,2.131423481593945,0.0,2.6677033954000002
ens3,2023-24,50,2023-11-25,3,4.210063769197314,12.0,158.88986069483732,1.0,106.42431785469715,1.0,73.66620203972876,1.0,46.74292502628388,1.0,33.312644141199,1.0,24.016923659913406,1.0,17.518888186838026,1.0,12.536794564521584,1.0,9.16659904931558,0.0,5.890618273880149,0.0,2.8409846693421787,0.0,4.9564482143
pf,2023-24,56,2023-11-25,0,9.824265424725898,18.0,221.1662572652662,1.0,157.65184492242054,1.0,117.18628040773375,1.0,82.90579919960673,1.0,63.805590078120815,1.0,49.51918541689659,1.0,39.071893901456406,0.0,30.033279063602627,0.0,21.549532759179787,0.0,14.585201865396414,0.0,6.73163163018296,0.0,3.2474347826
pf,2023-24,56,2023-11-25,1,10.83643984864995,37.0,363.7287852927907,1.0,262.5664488927109,1.0,197.44343360126334,1.0,138.3706840326281,1.0,104.87777106797377,1.0,81.90151816722603,1.0,63.950500486738136,1.0,49.23310285180848,1.0,35.42920522809381,1.0,23.002149265116117,1.0,11.34185934693673,1.0,9.6047652515
pf,2023-24,56,2023-11-25,2,10.734663537318493,34.0,368.15156538807315,1.0,258.70608105748835,1.0,195.07998076731172,1.0,135.82020183984062,1.0,104.34029026783591,1.0,81.8035395299206,1.0,63.805590078120815,1.0,49.34772280161208,1.0,35.89199240582242,1.0,23.719926102872034,1.0,11.055309472427712,1.0,6.8847495168
pf,2023-24,56,2023-11-25,3,8.087760197772337,26.0,290.5838241071171,1.0,207.56567133441567,1.0,152.56327071950244,1.0,102.13404409733236,1.0,77.30120134464129,1.0,60.17309118708056,1.0,46.702208234596895,1.0,35.26998994247248,1.0,26.086276497954476,1.0,16.829079075457404,1.0,8.147506147129757,1.0,2.1808159319000002
analogue,2023-24,56,2023-11-25,0,6.146028228688575,18.0,86.61057247787926,1.0,65.80227387191584,1.0,46.85324061873616,1.0,35.298491889470235,1.0,27.21815968841285,0.0,22.56429101007607,0.0,19.346938775510203,0.0,15.662549964544581,0.0,11.01771429082639,0.0,8.183686992708775,0.0,4.1374310139958865,0.0,3.2474347826
analogue,2023-24,56,2023-11-25,1,6.291239932190064,37.0,211.6536315265345,1.0,139.2275829900676,1.0,106.94391568518685,1.0,81.12818709013324,1.0,60.007571985283306,1.0,48.849546907134965,1.0,35.35274714613718,1.0,27.60884373221729,1.0,19.19356601147767,1.0,13.38141803107817,1.0,6.634169087131355,0.0,9.6047652515
analogue,2023-24,56,2023-11-25,2,8.775864924533789,34.0,401.05242765685034,1.0,242.08874231719585,1.0,177.85156322305707,1.0,122.0564038561761,1.0,84.39168023638317,1.0,65.57319057844394,1.0,48.03448275862068,1.0,36.46104965865095,1.0,26.728861905282674,1.0,17.22514161803975,1.0,8.723548414763158,1.0,6.8847495168
analogue,2023-24,56,2023-11-25,3,9.205312881007684,26.0,437.30381780042154,1.0,298.0879133253796,1.0,205.1330776801342,1.0,132.30070630010817,1.0,102.5382813524925,1.0,72.64206022676396,1.0,48.286126922096685,1.0,32.45000698264067,1.0,25.152614438602566,1.0,15.732773472185336,1.0,8.174490071332183,1.0,2.1808159319000002
ens2,2023-24,56,2023-11-25,0,7.8960635863711435,18.0,153.88841487157273,1.0,111.7270593971682,1.0,82.01976051323496,1.0,59.10214554453849,1.0,45.51187488326683,1.0,36.041738213486326,1.0,29.209416338483308,0.0,22.8479145140736,0.0,16.283623525003087,0.0,11.3844444290526,0.0,5.434531322089427,0.0,3.2474347826
ens2,2023-24,56,2023-11-25,1,8.446134228213596,37.0,287.69120840966264,1.0,200.89701594138924,1.0,152.19367464322508,1.0,109.74943556138066,1.0,82.44267152662853,1.0,65.3755325371805,1.0,49.65162381643765,1.0,38.42097329201289,1.0,27.31138561978573,1.0,18.191783648097143,1.0,8.988014217034042,1.0,9.6047652515
ens2,2023-24,56,2023-11-25,2,9.755264230926139,34.0,384.6019965224618,1.0,250.3974116873421,1.0,186.46577199518438,1.0,128.93830284800836,1.0,94.36598525210954,1.0,73.68836505418227,1.0,55.92003641837074,1.0,42.90438623013151,1.0,31.310427155552553,1.0,20.47253386045589,1.0,9.88942894359544,1.0,6.8847495168
ens2,2023-24,56,2023-11-25,3,8.646536539390011,26.0,363.94382095376926,1.0,252.82679232989761,1.0,178.8481741998183,1.0,117.21737519872026,1.0,89.9197413485669,1.0,66.40757570692226,1.0,47.49416757834679,1.0,33.859998462556575,1.0,25.61944546827852,1.0,16.280926273821365,1.0,8.160998109230967,1.0,2.1808159319000002
ens3,2023-24,56,2023-11-25,0,9.141239711380939,18.0,193.87989733832376,1.0,139.6935028786523,1.0,103.48937872002647,1.0,73.46136790769098,1.0,56.32432403274749,1.0,44.13713773111839,1.0,35.27459334079326,0.0,27.215303749992067,0.0,19.61189027642931,0.0,13.228858203184714,0.0,6.43344293955904,0.0,3.2474347826
ens3,2023-24,56,2023-11-25,1,10.240281646925634,37.0,354.02511928462565,1.0,251.96792137468415,1.0,188.60041887945127,1.0,132.3984393566692,1.0,99.91819268544998,1.0,78.70017573458334,1.0,60.13697993257753,1.0,45.95447159781023,1.0,32.604648495871515,1.0,21.644054000588124,1.0,10.743948203260665,1.0,9.6047652515
ens3,2023-24,56,2023-11-25,2,10.972916249915746,34.0,402.12765063235565,1.0,274.73515915113876,1.0,206.7853817309876,1.0,143.92382351501448,1.0,106.82443148852437,1.0,83.66585177866311,1.0,63.98089382137076,1.0,48.96124863685878,1.0,35.35022191721796,1.0,23.44919645318303,1.0,11.209296729947134,1.0,6.8847495168
ens3,2023-24,56,2023-11-25,3,8.988037623000729,26.0,350.4320515576408,1.0,248.3034415278714,1.0,179.85382340923758,1.0,119.73422760479215,1.0,91.5642073842162,1.0,68.59741054752776,1.0,50.63421227228176,1.0,37.309801893797115,1.0,27.59841471511865,1.0,17.525758253383508,1.0,8.92736644818308,1.0,2.1808159319000002
pf,2023-24,02,2023-12-02,0,1.9529965154093412,14.0,55.2174639080587,1.0,41.080997960475614,1.0,31.348927112003423,1.0,22.683777746133284,1.0,17.306440773065894,1.0,14.045509856437217,1.0,10.80041825697431,1.0,7.645578552424544,1.0,5.428243690256728,1.0,4.299016849982024,1.0,2.165530366252952,0.0,0.9454391304
pf,2023-24,02,2023-12-02,1,3.7794219383177627,4.0,108.63821067753268,1.0,64.86979249009283,1.0,44.32769153489678,1.0,29.33079159198646,1.0,21.64462236835488,1.0,16.309125943336426,0.0,12.965948623227263,0.0,8.721579354242955,0.0,7.537168019078681,0.0,4.345302458072069,0.0,2.16553036625295,0.0,6.713751608
pf,2023-24,02,2023-12-02,2,3.3008238048685117,5.0,196.77461948103854,1.0,105.37358460824765,1.0,64.96751296254678,1.0,38.0213965081306,1.0,26.078935611215492,1.0,18.4830226658557,1.0,15.120797695305587,1.0,10.827651831264753,1.0,7.579356281885328,0.0,4.3762768961708876,0.0,2.1623264163364277,0.0,5.6478416597
pf,2023-24,02,2023-12-02,3,3.940245281348027,4.0,280.27365028448924,1.0,161.33201228584483,1.0,95.14236231880284,1.0,49.976140674178595,1.0,32.58976843554051,1.0,22.704427371532496,1.0,17.288286517991818,1.0,11.910417014391228,1.0,7.624928927025333,0.0,4.371114489821084,0.0,2.1751422160025182,0.0,6.0900846583
analogue,2023-24,02,2023-12-02,0,2.0257215620919045,14.0,47.19012454872198,1.0,34.303315223033465,1.0,26.44081632653061,1.0,20.18736677456578,1.0,15.507863657625844,1.0,13.187325310421166,1.0,10.21706402430679,1.0,8.589620399723254,1.0,6.6345094705524,1.0,3.6907956688391863,0.0,1.5393819382814407,0.0,0.9454391304
analogue,2023-24,02,2023-12-02,1,9.631020549071682,4.0,102.32155716910161,0.0,70.4290993054061,0.0,55.64525816212803,0.0,35.56795527743703,0.0,25.40310815061826,0.0,19.528961577281343,0.0,15.325473745117893,0.0,11.660522360855321,0.0,8.257178034344603,0.0,5.707482035856742,0.0,3.3325223144975595,0.0,6.713751608
analogue,2023-24,02,2023-12-02,2,6.922507623481683,5.0,126.7019762845851,1.0,109.21388038375169,1.0,60.761874480372086,0.0,40.43101067053947,0.0,28.688061004497868,0.0,21.812114306295605,0.0,16.158827658827658,0.0,12.777988233467202,0.0,9.737930709219741,0.0,5.90004637212807,0.0,2.8893000977299295,0.0,5.6478416597
analogue,2023-24,02,2023-12-02,3,5.544693740528204,4.0,193.19208514096607,1.0,119.30971346026796,1.0,76.30326600075252,1.0,47.79003139283693,0.0,29.374589266155535,0.0,21.583437625637092,0.0,14.787721746063387,0.0,11.333551771212695,0.0,7.663057078216518,0.0,3.9839971780970167,0.0,2.1032616370648007,0.0,6.0900846583
ens2,2023-24,02,2023-12-02,0,1.73846176371846,14.0,51.203794228390336,1.0,37.69215659175454,1.0,28.894871719267016,1.0,21.43557226034953,1.0,16.407152215345867,1.0,13.616417583429191,1.0,10.508741140640549,1.0,8.1175994760739,1.0,6.031376580404563,1.0,3.9949062594106053,1.0,1.8524561522671963,1.0,0.9454391304
ens2,2023-24,02,2023-12-02,1,6.306318908684622,4.0,105.47988392331715,1.0,67.64944589774947,0.0,49.9864748485124,0.0,32.449373434711745,0.0,23.52386525948657,0.0,17.919043760308888,0.0,14.145711184172578,0.0,10.19105085754914,0.0,7.897173026711643,0.0,5.026392246964406,0.0,2.7490263403752557,0.0,6.713751608
ens2,2023-24,02,2023-12-02,2,4.625496174665063,5.0,161.73829788281182,1.0,107.29373249599968,1.0,62.86469372145943,1.0,39.226203589335036,1.0,27.38349830785668,0.0,20.147568486075656,0.0,15.63981267706662,0.0,11.802820032365977,0.0,8.658643495552536,0.0,5.13816163414948,0.0,2.52581325703318,0.0,5.6478416597
ens2,2023-24,02,2023-12-02,3,4.472799726550751,4.0,236.73286771272765,1.0,140.3208628730564,1.0,85.72281415977767,1.0,48.883086033507766,1.0,30.982178850848022,1.0,22.143932498584796,0.0,16.038004132027602,0.0,11.621984392801961,0.0,7.643993002620926,0.0,4.177555833959051,0.0,2.1392019265336604,0.0,6.0900846583
ens3,2023-24,02,2023-12-02,0,1.8087031901667228,14.0,55.4903659332708,1.0,40.59223649020086,1.0,30.442427829965602,1.0,22.387733485786132,1.0,17.197393039441614,1.0,13.877940328396852,1.0,10.700121324081696,1.0,8.389614409770317,1.0,6.234440983659466,1.0,4.129503021762247,1.0,1.971358010830409,1.0,0.9454391304
ens3,2023-24,02,2023-12-02,1,5.373234421077047,4.0,115.73261435779081,1.0,72.34595857663393,1.0,51.39810858237443,1.0,32.70053194008994,0.0,23.50945948512599,0.0,17.83712711475748,0.0,14.200824972465552,0.0,10.160723680553136,0.0,7.518080892999585,0.0,4.831698798241179,0.0,2.5690714695691153,0.0,6.713751608
ens3,2023-24,02,2023-12-02,2,4.085619015549551,5.0,193.0711100849212,1.0,118.38206407241626,1.0,69.89251103509285,1.0,41.61420756601571,1.0,28.196893314376872,1.0,20.504180710137938,1.0,15.591429399287176,0.0,11.560659817515523,0.0,8.378075244540945,0.0,5.262774583202914,0.0,2.4482336670200837,0.0,5.6478416597
ens3,2023-24,02,2023-12-02,3,4.311103056603148,4.0,275.51069429194627,1.0,165.01639613267616,1.0,99.58335308971012,1.0,53.43389400238587,1.0,32.94186141598153,1.0,23.2270333993354,1.0,16.28215969654572,1.0,12.158229937336989,0.0,8.03936353797327,0.0,4.623097638981449,0.0,2.1676103183464583,0.0,6.0900846583
pf,2023-24,06,2023-12-02,0,79.86267995850969,868.0,2119.2810019847666,1.0,1630.6485269933264,1.0,1283.268167851606,1.0,948.228883448578,1.0,743.2867589806517,1.0,587.0648052283847,1.0,467.2200388243848,1.0,358.5653869216667,1.0,260.9431131301153,1.0,171.16085814839278,1.0,87.5390476245118,0.0,197.7215956522
pf,2023-24,06,2023-12-02,1,149.59576541484662,1077.0,4754.661934792304,1.0,3518.230185327734,1.0,2676.289938419278,1.0,1905.9632501760702,1.0,1463.186402312033,1.0,1151.7584725225925,1.0,898.2327925511029,1.0,684.1047147302554,1.0,499.6863429856037,1.0,326.17925532331685,1.0,160.64858190432392,1.0,334.6691285012
pf,2023-24,06,2023-12-02,2,293.7750542272719,1763.0,7861.221895262932,1.0,5874.744323048884,1.0,4413.646996569856,1.0,3071.1141859616364,1.0,2338.6828224587885,1.0,1819.0098575302804,1.0,1414.7003967263377,1.0,1083.6006866340838,1.0,794.2937198919375,1.0,518.8151078485691,0.0,256.84533753565574,0.0,916.2471975501
pf,2023-24,06,2023-12-02,3,329.7383019426332,1810.0,9379.835167885356,1.0,7194.731479109626,1.0,5504.9108290726,1.0,3978.7602593085494,1.0,3061.9038303461302,1.0,2405.2096217409735,1.0,1892.4395446124554,1.0,1440.1059604593916,1.0,1042.9117437563198,1.0,678.1871272008884,1.0,342.9995860919878,0.0,925.4855573762
analogue,2023-24,06,2023-12-02,0,105.00657096758485,868.0,1893.8969985553754,1.0,1376.7063842844095,1.0,1061.158095238095,1.0,810.1863198859068,1.0,622.3822614593839,1.0,529.2513224582361,1.0,410.0448361755126,1.0,344.73009870889314,1.0,266.26498008483634,0.0,148.12393284274617,0.0,61.78052845636182,0.0,197.7215956522
analogue,2023-24,06,2023-12-02,1,205.49852286706482,1077.0,4106.505161053277,1.0,2826.554518790298,1.0,2233.2296942400717,1.0,1427.4606051344726,1.0,1019.5114071114793,1.0,783.7623246348912,1.0,615.0623463040648,1.0,467.9756307489936,0.0,331.38807844503003,0.0,229.06027903905056,0.0,133.74522888850208,0.0,334.6691285012
analogue,2023-24,06,2023-12-02,2,655.8962372322147,1763.0,5084.972648221349,1.0,4383.117066067901,1.0,2438.5765624789324,1.0,1622.6312282443173,1.0,1151.3475149805145,0.0,875.3928541593305,0.0,648.5076167076166,0.0,512.8232611031505,0.0,390.81561913001894,0.0,236.78852773473994,0.0,115.95724392222786,0.0,916.2471975501
analogue,2023-24,06,2023-12-02,3,778.4199294746134,1810.0,7753.442350324104,1.0,4788.29650020542,1.0,3062.304408830201,1.0,1917.973259899189,1.0,1178.9001825483756,0.0,866.215296708902,0.0,593.4805660753439,0.0,454.8532110846695,0.0,307.544024072423,0.0,159.89108674762696,0.0,84.410900367534,0.0,925.4855573762
ens2,2023-24,06,2023-12-02,0,89.31252344825538,868.0,2006.5890002700712,1.0,1503.677455638868,1.0,1172.2131315448505,1.0,879.2076016672424,1.0,682.8345102200179,1.0,558.1580638433103,1.0,438.63243749994865,1.0,351.64774281528,1.0,263.60404660747577,1.0,159.64239549556953,0.0,74.65978804043675,0.0,197.7215956522
ens2,2023-24,06,2023-12-02,1,153.82467851175133,1077.0,4430.583547922791,1.0,3172.392352059016,1.0,2454.759816329675,1.0,1666.7119276552714,1.0,1241.348904711756,1.0,967.7603985787418,1.0,756.6475694275839,1.0,576.0401727396245,1.0,415.53721071531686,1.0,277.61976718118365,0.0,147.19690539641294,0.0,334.6691285012
ens2,2023-24,06,2023-12-02,2,409.2041734462135,1763.0,6473.097271742141,1.0,5128.930694558393,1.0,3426.1117795243945,1.0,2346.872707102977,1.0,1745.0151687196517,1.0,1347.2013558448054,1.0,1031.604006716977,0.0,798.2119738686172,0.0,592.5546695109782,0.0,377.80181779165457,0.0,186.40129072894172,0.0,916.2471975501
ens2,2023-24,06,2023-12-02,3,419.96607780098094,1810.0,8566.638759104731,1.0,5991.513989657523,1.0,4283.6076189514,1.0,2948.3667596038695,1.0,2120.402006447253,1.0,1635.7124592249377,1.0,1242.9600553438995,0.0,947.4795857720305,0.0,675.2278839143712,0.0,419.0391069742577,0.0,213.70524322976098,0.0,925.4855573762
ens3,2023-24,06,2023-12-02,0,89.02152759732833,868.0,2123.4727659778578,1.0,1594.0609053205144,1.0,1243.812062832444,1.0,921.8115440711013,1.0,720.2894121800165,1.0,582.4489935767065,1.0,458.122128132474,1.0,363.4932843515883,1.0,269.6348784394294,1.0,167.8821010382935,0.0,79.6944275313781,0.0,197.7215956522
ens3,2023-24,06,2023-12-02,1,153.1962772066664,1077.0,4781.300277571315,1.0,3410.0375342368434,1.0,2591.38089425017,1.0,1772.3381587777576,1.0,1330.2792329739557,1.0,1040.7491534027008,1.0,814.5845152596136,1.0,621.7856968769496,1.0,451.98016046310386,1.0,299.3899798206045,0.0,155.5558656966116,0.0,334.6691285012
ens3,2023-24,06,2023-12-02,2,377.5908287678241,1763.0,7329.072747942778,1.0,5535.908577665645,1.0,3820.1953996901952,1.0,2616.184133249053,1.0,1951.992882037644,1.0,1508.9844739180758,1.0,1163.9922735962896,1.0,894.143712246093,0.0,652.6331014496452,0.0,419.19756303849533,0.0,209.5084657037554,0.0,916.2471975501
ens3,2023-24,06,2023-12-02,3,389.9909682858353,1810.0,9116.418659083529,1.0,6565.45999343934,1.0,4796.75661812445,1.0,3294.579432226181,1.0,2421.884014367048,1.0,1870.7135065146172,1.0,1434.8112813736236,1.0,1093.7759281754297,0.0,785.6329175813518,0.0,496.4554740491062,0.0,249.82989135997252,0.0,925.4855573762
pf,2023-24,36,2023-12-02,0,68.56452807272278,501.0,1938.9821662256804,1.0,1433.6145153410403,1.0,1110.857259505652,1.0,802.3050479236613,1.0,628.5362331359486,1.0,497.3655903890777,1.0,392.5977812856064,1.0,302.65363578601426,1.0,222.7394535705406,1.0,145.23911147916345,1.0,72.37345605594135,0.0,109.4289173913
pf,2023-24,36,2023-12-02,1,145.50689728132355,743.0,4642.151698340781,1.0,3427.5130223553815,1.0,2570.9770404123333,1.0,1812.592024722843,1.0,1369.279325249356,1.0,1069.2919360240116,1.0,833.849339929359,1.0,634.1171096045301,1.0,462.9560126857808,1.0,303.5274627915355,1.0,149.68748376625263,0.0,294.8245585691
pf,2023-24,36,2023-12-02,2,224.07971381475897,938.0,6508.929809100684,1.0,4993.838334027536,1.0,3823.8065226029134,1.0,2738.531314926583,1.0,2110.1608761876337,1.0,1658.1542026255358,1.0,1293.5153061734295,1.0,982.982616199728,1.0,713.4827758398318,1.0,467.06390526033135,1.0,226.66465103001258,0.0,460.9119128608
pf,2023-24,36,2023-12-02,3,242.44351248438036,1333.0,6373.545158346933,1.0,5006.360314796054,1.0,3966.5955491239743,1.0,2929.758508548523,1.0,2297.733228699649,1.0,1829.510498181669,1.0,1439.2146534419348,1.0,1099.7728822920396,1.0,797.8040162111301,1.0,520.9257160343884,1.0,253.93283542387235,0.0,835.4338635666
analogue,2023-24,36,2023-12-02,0,60.732301234457225,501.0,1091.664881227102,1.0,793.5500254928407,1.0,611.6642176870748,1.0,467.00108471828844,1.0,358.7485792797445,1.0,305.0667921810763,1.0,236.3547477622971,1.0,198.70655191359793,1.0,153.47831908544555,0.0,85.38040647247993,0.0,35.61103550557732,0.0,109.4289173913
analogue,2023-24,36,2023-12-02,1,179.86573722253797,743.0,2367.0386891785506,1.0,1629.2598305983943,1.0,1287.260305483895,1.0,822.8053654180434,1.0,587.658568550969,1.0,451.76997782110845,0.0,354.5292926370606,0.0,269.7467506144531,0.0,191.01605186117177,0.0,132.033084429486,0.0,77.09234954204351,0.0,294.8245585691
analogue,2023-24,36,2023-12-02,2,327.05711897662184,938.0,2931.0390513834022,1.0,2526.4810995441226,1.0,1405.6246963126073,1.0,935.3040468451463,1.0,663.6504779040506,0.0,504.58691095230506,0.0,373.8075465075465,0.0,295.59746113420795,0.0,225.27079707328335,0.0,136.48773940856267,0.0,66.83914226081902,0.0,460.9119128608
analogue,2023-24,36,2023-12-02,3,648.7574716719373,1333.0,4469.176902927682,1.0,2760.031371380865,1.0,1765.148886817408,1.0,1105.542726220961,0.0,679.5321650237314,0.0,499.2968570730714,0.0,342.0892963922663,0.0,262.18283097405373,0.0,177.27205374274212,0.0,92.16313471997765,0.0,48.65545253743238,0.0,835.4338635666
ens2,2023-24,36,2023-12-02,0,53.312217108238734,501.0,1515.323523726391,1.0,1113.5822704169404,1.0,861.2607385963635,1.0,634.6530663209749,1.0,493.64240620784653,1.0,401.21619128507706,1.0,314.47626452395184,1.0,250.68009384980616,1.0,188.10888632799305,1.0,115.30975897582164,1.0,53.99224578075933,0.0,109.4289173913
ens2,2023-24,36,2023-12-02,1,114.64494067682284,743.0,3504.595193759666,1.0,2528.386426476888,1.0,1929.1186729481142,1.0,1317.6986950704434,1.0,978.4689469001626,1.0,760.53095692256,1.0,594.1893162832098,1.0,451.93193010949165,1.0,326.9860322734762,1.0,217.78027361051068,0.0,113.38991665414801,0.0,294.8245585691
ens2,2023-24,36,2023-12-02,2,171.78642043316881,938.0,4719.984430242043,1.0,3760.1597167858295,1.0,2614.7156094577604,1.0,1836.9176808858647,1.0,1386.9056770458424,1.0,1081.3705567889206,1.0,833.6614263404881,1.0,639.290038666968,1.0,469.3767864565576,1.0,301.77582233444707,0.0,146.75189664541585,0.0,460.9119128608
ens2,2023-24,36,2023-12-02,3,316.198904213673,1333.0,5421.3610306373075,1.0,3883.1958430884592,1.0,2865.872217970691,1.0,2017.6506173847422,1.0,1488.63269686169,1.0,1164.4036776273701,1.0,890.6519749171006,0.0,680.9778566330466,0.0,487.53803497693616,0.0,306.5444253771831,0.0,151.29414398065228,0.0,835.4338635666
ens3,2023-24,36,2023-12-02,0,58.20196308351155,501.0,1743.979148564803,1.0,1289.550416669034,1.0,987.5266223334952,1.0,720.4706608680456,1.0,558.6088683684959,1.0,448.79860846937515,1.0,353.15746333516825,1.0,276.29859904080746,1.0,205.1150736278933,1.0,128.15922005679687,1.0,61.467027944947006,1.0,109.4289173913
ens3,2023-24,36,2023-12-02,1,119.90366544688379,743.0,4068.2836430501125,1.0,2905.619829936573,1.0,2195.4584298174673,1.0,1513.3058490560297,1.0,1133.683996139365,1.0,880.8231580877157,1.0,683.749773439784,1.0,521.3322309235311,1.0,378.1025166213743,1.0,250.59048593826776,1.0,127.54489433500896,0.0,294.8245585691
ens3,2023-24,36,2023-12-02,2,174.63469240217938,938.0,5370.694473265909,1.0,4190.7265482601915,1.0,3027.9926883345042,1.0,2135.564289095712,1.0,1613.9354384951127,1.0,1256.5360436619128,1.0,974.3501429142891,1.0,743.0105038757248,1.0,544.1731494171293,1.0,351.2681177858583,1.0,172.1266982756341,0.0,460.9119128608
ens3,2023-24,36,2023-12-02,3,278.46155638026136,1333.0,5691.558587665033,1.0,4176.46116370558,1.0,3159.072290408967,1.0,2248.6226294218213,1.0,1695.431425082054,1.0,1329.8493899926066,1.0,1030.0719947210234,1.0,789.3775719234122,0.0,570.6874994881595,0.0,366.0816755775023,0.0,179.91752770865048,0.0,835.4338635666
pf,2023-24,42,2023-12-02,0,56.576718634483925,267.0,1047.8539766048839,1.0,798.1139052885335,1.0,624.2592607854615,1.0,456.0734605307873,1.0,357.6561510063616,1.0,284.1945865566235,1.0,223.90790914773163,1.0,172.67022961345737,0.0,125.53821377073973,0.0,81.57070110671407,0.0,39.89901524903303,0.0,25.4957913043
pf,2023-24,42,2023-12-02,1,116.0164090594279,390.0,2799.5703733742957,1.0,2085.8539361491,1.0,1583.817763490892,1.0,1110.8996752872831,1.0,838.8086990125275,1.0,653.0454037663233,1.0,511.5323387096737,1.0,386.74509763121455,0.0,278.95245959573674,0.0,180.91963194181454,0.0,88.58701194058676,0.0,111.9757589872
pf,2023-24,42,2023-12-02,2,155.7921842535887,702.0,4649.441301705976,1.0,3642.998914517826,1.0,2781.0180552762067,1.0,1930.262444243761,1.0,1478.8802304413975,1.0,1143.0355937133136,1.0,881.7535407774128,1.0,679.7558425559505,1.0,495.7847166936717,1.0,323.9285875893527,1.0,155.55504638738557,0.0,370.4317929395
pf,2023-24,42,2023-12-02,3,187.03963555621252,932.0,4871.983721231416,1.0,3877.7671828813045,1.0,3131.6140861876715,1.0,2348.2349772080074,1.0,1842.661222436284,1.0,1450.21819523869,1.0,1142.3212688986014,1.0,869.0417002522997,1.0,631.9283689818434,1.0,411.66706719235526,1.0,200.25294473880547,1.0,583.5508001408
analogue,2023-24,42,2023-12-02,0,26.34430334226199,267.0,714.1438848373259,1.0,519.123503708573,1.0,400.13768707482984,1.0,305.5021505217622,1.0,234.6856700187378,1.0,199.56818969770697,1.0,154.6182355678428,1.0,129.9895887158119,1.0,100.40224332102636,1.0,55.854041121766386,1.0,23.295979999325795,0.0,25.4957913043
analogue,2023-24,42,2023-12-02,1,71.18422561670847,390.0,1548.4662318257379,1.0,1065.8270361551456,1.0,842.098240186871,1.0,538.261723198547,1.0,384.433703346023,1.0,295.5382852028577,1.0,231.92550267611745,1.0,176.46257172761057,0.0,124.95862758641496,0.0,86.37322814263203,0.0,50.43217102606303,0.0,111.9757589872
analogue,2023-24,42,2023-12-02,2,271.59318608907944,702.0,1917.4232411067214,1.0,1652.770056474109,1.0,919.5297004696307,1.0,611.8559614808306,1.0,434.1459898680678,0.0,330.08999650194016,0.0,244.53692523692524,0.0,193.37355526647036,0.0,147.36735139952543,0.0,89.28736843153811,0.0,43.72474147897961,0.0,370.4317929395
analogue,2023-24,42,2023-12-02,3,468.7362184687614,932.0,2923.640221799953,1.0,1805.5536636987215,1.0,1154.722758811388,1.0,723.2224750782656,0.0,444.53545089448716,0.0,326.62935606797464,0.0,223.78752242375924,0.0,171.51441680435215,0.0,115.96759711700997,0.0,60.291157295201515,0.0,31.829359440913976,0.0,583.5508001408
ens2,2023-24,42,2023-12-02,0,35.287593372314134,267.0,880.9989307211049,1.0,658.6187044985533,1.0,512.1984739301456,1.0,380.7878055262747,1.0,296.17091051254965,1.0,241.88138812716522,1.0,189.26307235778722,1.0,151.3299091646346,1.0,112.97022854588306,1.0,68.71237111424023,0.0,31.597497624179425,0.0,25.4957913043
ens2,2023-24,42,2023-12-02,1,63.42457384445884,390.0,2174.0183026000163,1.0,1575.8404861521226,1.0,1212.9580018388815,1.0,824.5806992429152,1.0,611.6212011792752,1.0,474.2918444845904,1.0,371.7289206928956,1.0,281.60383467941256,1.0,201.9555435910758,1.0,133.64643004222324,1.0,69.50959148332493,1.0,111.9757589872
ens2,2023-24,42,2023-12-02,2,126.46801629001709,702.0,3283.4322714063487,1.0,2647.8844854959675,1.0,1850.2738778729188,1.0,1271.0592028622957,1.0,956.5131101547327,1.0,736.5627951076268,1.0,563.145233007169,1.0,436.56469891121037,1.0,321.5760340465986,0.0,206.60797801044538,0.0,99.63989393318263,0.0,370.4317929395
ens2,2023-24,42,2023-12-02,3,192.03277978192645,932.0,3897.811971515684,1.0,2841.660423290013,1.0,2143.1684224995297,1.0,1535.7287261431366,1.0,1143.5983366653857,1.0,888.4237756533323,1.0,683.0543956611803,1.0,520.2780585283259,0.0,373.9479830494266,0.0,235.97911224377833,0.0,116.04115208985979,0.0,583.5508001408
ens3,2023-24,42,2023-12-02,0,39.981035992096224,267.0,950.2048569414934,1.0,710.2331653021508,1.0,556.3572506185849,1.0,410.18835460128446,1.0,319.1750103014764,1.0,257.7969464206916,1.0,202.23382820468987,1.0,159.33141945018116,1.0,118.33794433246379,0.0,73.4541420606514,0.0,34.79600877923144,0.0,25.4957913043
ens3,2023-24,42,2023-12-02,1,73.1279608397818,390.0,2413.737968680952,1.0,1757.4923755550112,1.0,1332.2039793683325,1.0,911.3020209357455,1.0,680.9219010930042,1.0,527.6679293045204,1.0,413.6946483688781,1.0,314.9015923759631,1.0,226.2826238771774,1.0,148.49911006077184,1.0,75.38541444094375,0.0,111.9757589872
ens3,2023-24,42,2023-12-02,2,125.62791436375159,702.0,3646.9025020848226,1.0,2894.888575992306,1.0,2101.736989841729,1.0,1454.951634294344,1.0,1096.9735586882973,1.0,847.3366017690701,1.0,651.8416644279991,1.0,499.6940350770014,1.0,365.84410878753107,1.0,237.83989640801303,0.0,115.84641102172674,0.0,370.4317929395
ens3,2023-24,42,2023-12-02,3,179.55213093305457,932.0,4116.8957437528725,1.0,3078.3184673915266,1.0,2370.562145343274,1.0,1722.6168937555167,1.0,1311.507211618668,1.0,1030.5590413629495,1.0,799.4268966951317,1.0,611.0628043558997,1.0,438.0592579404082,0.0,281.15833895406877,0.0,139.6519434718822,0.0,583.5508001408
pf,2023-24,50,2023-12-02,0,2.439047887372715,8.0,39.5944639913732,1.0,24.80042799296525,1.0,17.600303736943083,1.0,12.000207093370284,1.0,8.461547653683084,1.0,6.7394832325741625,0.0,4.841906716401743,0.0,4.0262089555319465,0.0,2.4314093279642788,0.0,1.7964516470396834,0.0,1.4727628189081163,0.0,3.3193456522
pf,2023-24,50,2023-12-02,1,2.3665914964223775,8.0,91.79756418612838,1.0,53.95120000412808,1.0,35.43063880868113,1.0,21.60037276806651,1.0,14.40024851204434,1.0,10.959098975526084,1.0,7.666761832340103,1.0,5.971435054433154,0.0,4.000069031123427,0.0,3.0727904313574883,0.0,1.5791156729225562,0.0,2.9521013384
pf,2023-24,50,2023-12-02,2,4.260641585586714,12.0,155.01214986254834,1.0,99.4073776804689,1.0,63.182655305382774,1.0,36.235880599787514,1.0,24.473048315928423,1.0,17.595075752061376,1.0,12.846675044736848,1.0,9.341176670720236,0.0,6.024312622043645,0.0,4.212177020358851,0.0,2.230355027285718,0.0,5.2754942955
pf,2023-24,50,2023-12-02,3,7.090428292519419,19.0,203.20873344475777,1.0,128.03386320174067,1.0,85.35562985727726,1.0,51.38855964837799,1.0,35.38228697101435,1.0,24.473048315928423,1.0,18.35789594532068,1.0,12.883868657702228,0.0,8.873343656815393,0.0,5.600096643572799,0.0,2.739414201450735,0.0,9.8970633668
analogue,2023-24,50,2023-12-02,0,2.9526197417070583,8.0,9.438024909744396,1.0,6.8606630446066905,1.0,5.288163265306122,0.0,4.037473354913157,0.0,3.1015727315251693,0.0,2.637465062084233,0.0,2.0434128048613585,0.0,1.7179240799446505,0.0,1.3269018941104802,0.0,0.7381591337678381,0.0,0.3078763876562882,0.0,3.3193456522
analogue,2023-24,50,2023-12-02,1,2.5271276008866574,8.0,20.464311433820324,1.0,14.08581986108122,1.0,11.129051632425606,1.0,7.113591055487406,1.0,5.080621630123652,0.0,3.905792315456269,0.0,3.0650947490235785,0.0,2.332104472171064,0.0,1.6514356068689202,0.0,1.1414964071713483,0.0,0.6665044628995114,0.0,2.9521013384
analogue,2023-24,50,2023-12-02,2,5.569875914161805,12.0,25.340395256917024,1.0,21.84277607675034,1.0,12.152374896074415,1.0,8.086202134107893,0.0,5.737612200899574,0.0,4.362422861259122,0.0,3.2317655317655323,0.0,2.5555976466934407,0.0,1.9475861418439484,0.0,1.1800092744256143,0.0,0.577860019545986,0.0,5.2754942955
analogue,2023-24,50,2023-12-02,3,11.401478034146718,19.0,38.63841702819321,1.0,23.86194269205359,1.0,15.260653200150504,0.0,9.558006278567387,0.0,5.874917853231108,0.0,4.316687525127419,0.0,2.957544349212677,0.0,2.266710354242539,0.0,1.5326114156433035,0.0,0.7967994356194033,0.0,0.4206523274129599,0.0,9.8970633668
ens2,2023-24,50,2023-12-02,0,2.5294151284127593,8.0,24.5162444505588,1.0,15.83054551878597,1.0,11.444233501124602,1.0,8.01884022414172,1.0,5.781560192604127,0.0,4.688474147329197,0.0,3.4426597606315505,0.0,2.872066517738299,0.0,1.8791556110373797,0.0,1.2673053904037608,0.0,0.8903196032822027,0.0,3.3193456522
ens2,2023-24,50,2023-12-02,1,2.2675901422778684,8.0,56.130937809974355,1.0,34.01850993260465,1.0,23.27984522055337,1.0,14.356981911776957,1.0,9.740435071083995,1.0,7.432445645491177,1.0,5.36592829068184,0.0,4.151769763302109,0.0,2.8257523189961744,0.0,2.1071434192644185,0.0,1.1228100679110335,0.0,2.9521013384
ens2,2023-24,50,2023-12-02,2,4.287755700810747,12.0,90.17627255973268,1.0,60.62507687860962,1.0,37.66751510072859,1.0,22.161041366947703,1.0,15.105330258414,1.0,10.97874930666025,1.0,8.039220288251189,0.0,5.948387158706838,0.0,3.985949381943797,0.0,2.696093147392233,0.0,1.4041075234158522,0.0,5.2754942955
ens2,2023-24,50,2023-12-02,3,7.9347913898813704,19.0,120.92357523647549,1.0,75.94790294689713,1.0,50.30814152871389,1.0,30.473282963472688,1.0,20.62860241212273,1.0,14.394867920527922,0.0,10.65772014726668,0.0,7.575289505972384,0.0,5.2029775362293496,0.0,3.1984480395961015,0.0,1.5800332644318482,0.0,9.8970633668
ens3,2023-24,50,2023-12-02,0,2.563629962942572,8.0,30.153630112736657,1.0,18.935254677431644,1.0,13.383433644790342,1.0,9.1319310007137,1.0,6.456868527778076,0.0,5.1664994435453515,0.0,4.0270074606313955,0.0,3.065499940633653,0.0,2.1198280968314593,0.0,1.427337570723413,0.0,0.8812436343901648,0.0,3.3193456522
ens3,2023-24,50,2023-12-02,1,2.434479104394189,8.0,71.36889860648915,1.0,42.242418411474496,1.0,27.315483333985487,1.0,16.18835761516467,1.0,10.862128209129455,1.0,8.119633317883117,1.0,5.889439365716443,0.0,4.515248440230788,0.0,3.0425557938731354,0.0,2.2607811300655247,0.0,1.0415252679655405,0.0,2.9521013384
ens3,2023-24,50,2023-12-02,2,4.515274748346076,12.0,118.07438610806341,1.0,74.08035728267807,1.0,45.343022821527214,1.0,25.549672821368553,1.0,17.00668168806165,1.0,12.21001915187468,1.0,8.566586822690862,0.0,6.297675106357564,0.0,4.389200541506227,0.0,2.6755252480816143,0.0,1.5185389927314734,0.0,5.2754942955
ens3,2023-24,50,2023-12-02,3,8.06034663081373,19.0,148.2247828939084,1.0,92.86081530586372,1.0,60.58230084613344,1.0,35.05550269669297,1.0,22.95871303854679,1.0,15.95500166982213,0.0,11.708302480076938,0.0,7.966065979277872,0.0,5.507287277409402,0.0,3.29101960760642,0.0,1.9093743601771438,0.0,9.8970633668
pf,2023-24,56,2023-12-02,0,6.39067039250561,37.0,159.5160891454455,1.0,115.3073621743773,1.0,86.63290842386463,1.0,60.37048693927911,1.0,46.99440964259066,1.0,36.86955551053594,1.0,29.505192688424632,1.0,23.029860853108094,1.0,15.871290348121128,0.0,10.395664711889857,0.0,5.117625303911037,0.0,8.9739217391
pf,2023-24,56,2023-12-02,1,7.395577050655899,34.0,233.40729874970378,1.0,166.04338211624278,1.0,122.66327303569399,1.0,84.86588522001537,1.0,64.16544393507571,1.0,50.411361581786736,1.0,39.52118431375732,1.0,29.818034806702542,1.0,21.541998993577682,1.0,14.06676918125456,0.0,6.9251025978568315,0.0,5.9116600617
pf,2023-24,56,2023-12-02,2,7.0461663357710735,26.0,235.96698921652975,1.0,172.383172252546,1.0,127.3362610843385,1.0,86.7960207092929,1.0,65.49790639510876,1.0,50.60936423048225,1.0,38.87503545317725,1.0,29.495644408428745,1.0,21.216471305003846,1.0,13.55607970459346,1.0,6.794176789363309,0.0,1.4076165165
pf,2023-24,56,2023-12-02,3,31.544619056389365,72.0,202.78413135795526,1.0,146.40566080960937,1.0,106.93971122134472,1.0,71.98894463650237,1.0,54.22431881837384,0.0,41.5133528813459,0.0,32.257279139882925,0.0,23.96521108184836,0.0,16.772644578770176,0.0,10.844863763674768,0.0,5.53043332658039,0.0,36.9449429821
analogue,2023-24,56,2023-12-02,0,4.690009912672659,37.0,78.65020758120329,1.0,57.1721920383891,1.0,44.06802721088435,1.0,33.64561129094297,1.0,25.84643942937641,1.0,21.97887551736861,1.0,17.02844004051132,1.0,14.316033999538753,0.0,11.057515784254,0.0,6.1513261147319795,0.0,2.5656365638024035,0.0,8.9739217391
analogue,2023-24,56,2023-12-02,1,5.110282586423267,34.0,170.53592861516935,1.0,117.38183217567682,1.0,92.74209693688006,1.0,59.27992546239504,1.0,42.33851358436376,1.0,32.54826929546891,1.0,25.54245624186315,1.0,19.434203934758866,1.0,13.761963390574337,1.0,9.512470059761238,0.0,5.554203857495931,0.0,5.9116600617
analogue,2023-24,56,2023-12-02,2,5.257602181413327,26.0,211.16996047430854,1.0,182.02313397291948,1.0,101.26979080062013,1.0,67.38501778423245,1.0,47.81343500749645,1.0,36.35352384382601,1.0,26.93137943137943,1.0,21.29664705577867,1.0,16.229884515366233,1.0,9.83341062021345,1.0,4.815500162883215,0.0,1.4076165165
analogue,2023-24,56,2023-12-02,3,30.261552755156917,72.0,321.9868085682768,1.0,198.8495224337799,1.0,127.1721100012542,1.0,79.65005232139488,1.0,48.95764877692589,0.0,35.97239604272849,0.0,24.646202910105636,0.0,18.88925295202116,0.0,12.77176179702753,0.0,6.639995296828362,0.0,3.5054360617746667,0.0,36.9449429821
ens2,2023-24,56,2023-12-02,0,5.5208002513720205,37.0,119.0831483633244,1.0,86.2397771063832,1.0,65.3504678173745,1.0,47.00804911511105,1.0,36.420424535983535,1.0,29.42421551395227,1.0,23.266816364467978,1.0,18.672947426323418,1.0,13.464403066187561,0.0,8.273495413310918,0.0,3.8416309338567203,0.0,8.9739217391
ens2,2023-24,56,2023-12-02,1,6.252929818539584,34.0,201.97161368243658,1.0,141.71260714595982,1.0,107.70268498628703,1.0,72.07290534120521,1.0,53.251978759719734,1.0,41.479815438627824,1.0,32.53182027781023,1.0,24.626119370730706,1.0,17.651981192076008,1.0,11.7896196205079,0.0,6.239653227676381,0.0,5.9116600617
ens2,2023-24,56,2023-12-02,2,6.1518842585922,26.0,223.56847484541916,1.0,177.20315311273274,1.0,114.30302594247931,1.0,77.09051924676268,1.0,56.65567070130261,1.0,43.481444037154134,1.0,32.90320744227834,1.0,25.396145732103708,1.0,18.72317791018504,1.0,11.694745162403457,1.0,5.804838476123258,0.0,1.4076165165
ens2,2023-24,56,2023-12-02,3,30.903085905773143,72.0,262.385469963116,1.0,172.62759162169462,1.0,117.05591061129947,1.0,75.81949847894863,1.0,51.59098379764987,0.0,38.74287446203719,0.0,28.451741024994284,0.0,21.42723201693476,0.0,14.772203187898853,0.0,8.742429530251563,0.0,4.5179346941775265,0.0,36.9449429821
ens3,2023-24,56,2023-12-02,0,5.950206028058164,37.0,133.39179156730594,1.0,94.92608104792227,1.0,71.80050369964918,1.0,51.286298704178776,1.0,39.60475405483828,1.0,31.76241046548023,1.0,24.987032882448645,1.0,19.693833309694146,1.0,14.223988960998962,0.0,9.002106586609145,0.0,4.149616509065524,0.0,8.9739217391
ens3,2023-24,56,2023-12-02,1,6.786543619503646,34.0,214.9999689086528,1.0,150.53751761702068,1.0,111.97790321770555,1.0,75.45556452175373,1.0,56.03535118198534,1.0,43.57483696605122,1.0,33.884269521989154,1.0,25.79648811182685,1.0,18.61972770162157,1.0,12.43057945552739,0.0,6.320594803830378,0.0,5.9116600617
ens3,2023-24,56,2023-12-02,2,6.448275818118226,26.0,226.90721840280355,1.0,173.98920113622898,1.0,116.4041020261819,1.0,79.00982579960909,1.0,58.44437877341844,1.0,44.62980623291755,1.0,33.904031204648405,1.0,26.100895349338153,1.0,18.92672760950079,1.0,12.069460091287624,1.0,5.811454269873444,0.0,1.4076165165
ens3,2023-24,56,2023-12-02,3,31.695436615360776,72.0,243.05237038501969,1.0,162.73580002460008,1.0,112.91917893342037,1.0,73.59765154075909,1.0,51.39905503709797,0.0,38.79894873745785,0.0,28.788183925555444,0.0,21.693367580209877,0.0,15.108478693282354,0.0,9.240099596280592,0.0,4.619292701018388,0.0,36.9449429821
pf,2023-24,02,2023-12-09,0,2.9389470180583395,4.0,40.11802052214467,1.0,30.975215978528002,1.0,23.85862522444679,1.0,16.981965998393985,1.0,13.004042371132597,1.0,10.011683111565015,0.0,8.051802862905882,0.0,6.726712912179414,0.0,4.780493317310523,0.0,2.935464916254488,0.0,1.793369643172693,0.0,4.4169434783
pf,2023-24,02,2023-12-09,1,2.0289577426758725,5.0,75.58393720283202,1.0,47.751076128533846,1.0,33.8123508317218,1.0,21.878579949937635,1.0,16.04437943489173,1.0,12.914876979917203,1.0,9.72091264859289,1.0,7.041329354693351,1.0,5.7686754777192055,1.0,3.023567146492968,0.0,1.1420952730817948,0.0,3.3443511653
pf,2023-24,02,2023-12-09,2,2.5340295499029986,4.0,140.22861294215537,1.0,78.56399163841242,1.0,49.94695881880584,1.0,29.338656561147694,1.0,20.019685269438245,1.0,15.614911144774696,1.0,11.001705748819594,1.0,8.936953352655815,1.0,6.011468136499779,1.0,3.833990214686729,0.0,1.9569766108363256,0.0,3.8547242032
pf,2023-24,02,2023-12-09,3,2.7498753447802886,5.0,218.20853998343057,1.0,121.88159098436988,1.0,73.3866229063622,1.0,38.800747967195726,1.0,25.856503577199025,1.0,17.93264152547062,1.0,12.995125832011055,1.0,9.051805200258912,1.0,6.9479915390251215,1.0,4.013589783747546,1.0,1.9889618136306932,1.0,3.5050644776
analogue,2023-24,02,2023-12-09,0,5.5081629202556375,4.0,20.633783643421744,0.0,17.67839714319166,0.0,14.950097942115097,0.0,10.597812310574747,0.0,7.995760541771869,0.0,6.497699501441387,0.0,4.647365196078431,0.0,3.4301410304253395,0.0,2.5841070289381616,0.0,1.9523822324628775,0.0,0.8749318160074004,0.0,4.4169434783
analogue,2023-24,02,2023-12-09,1,3.173729000924608,5.0,34.83038019451815,1.0,21.850625092142117,1.0,18.145082763117337,0.0,13.636200084888571,0.0,10.897252471996431,0.0,8.332331446211736,0.0,6.6461394603259425,0.0,4.671507959250331,0.0,3.285318139083813,0.0,2.150892857142855,0.0,1.053667406537361,0.0,3.3443511653
analogue,2023-24,02,2023-12-09,2,2.404651680953978,4.0,44.13102998528242,1.0,33.03139283225119,1.0,22.966372634219226,1.0,17.025386027905807,1.0,12.832005365526491,1.0,9.632375937587316,0.0,6.651452475636645,0.0,3.914837365165006,0.0,2.632781355291095,0.0,1.547173818713711,0.0,0.808087064046143,0.0,3.8547242032
analogue,2023-24,02,2023-12-09,3,1.1951822255994096,5.0,49.71820885211139,1.0,40.71363940556554,1.0,24.916041740885873,1.0,15.315409316098975,1.0,12.481374842389918,1.0,8.926132931692571,1.0,5.685308197263099,1.0,4.2002980352399835,1.0,3.1079983814534433,1.0,2.0441530504553684,1.0,0.964332368232621,0.0,3.5050644776
ens2,2023-24,02,2023-12-09,0,3.8962042329436684,4.0,30.37590208278321,1.0,24.326806560859833,1.0,19.404361583280945,0.0,13.789889154484367,0.0,10.499901456452232,0.0,8.2546913065032,0.0,6.349584029492156,0.0,5.0784269713023775,0.0,3.682300173124341,0.0,2.443923574358683,0.0,1.3341507295900463,0.0,4.4169434783
ens2,2023-24,02,2023-12-09,1,2.3309881469822833,5.0,55.20715869867508,1.0,34.80085061033798,1.0,25.978716797419565,1.0,17.7573900174131,1.0,13.470815953444081,1.0,10.62360421306447,0.0,8.183526054459417,0.0,5.856418656971841,0.0,4.526996808401508,0.0,2.587230001817911,0.0,1.097881339809577,0.0,3.3443511653
ens2,2023-24,02,2023-12-09,2,2.346183068620646,4.0,92.1798214637189,1.0,55.7976922353318,1.0,36.45666572651253,1.0,23.182021294526752,1.0,16.425845317482366,1.0,12.623643541181007,1.0,8.82657911222812,0.0,6.425895358910411,0.0,4.322124745895437,0.0,2.69058201670022,0.0,1.3825318374412348,0.0,3.8547242032
ens2,2023-24,02,2023-12-09,3,1.9713289823236202,5.0,133.96337441777098,1.0,81.2976151949677,1.0,49.15133232362404,1.0,27.05807864164735,1.0,19.16893920979447,1.0,13.429387228581595,1.0,9.340217014637076,1.0,6.6260516177494475,1.0,5.027994960239282,1.0,3.028871417101456,1.0,1.4766470909316567,0.0,3.5050644776
ens3,2023-24,02,2023-12-09,0,3.428568432397215,4.0,36.082224257962174,1.0,27.436598957440037,1.0,21.35112565649889,1.0,15.247147062171567,0.0,11.43189547187246,0.0,9.242365449146513,0.0,6.952852528257665,0.0,5.444089149279098,0.0,4.154428179806067,0.0,2.6490985923388486,0.0,1.2543365568212117,0.0,4.4169434783
ens3,2023-24,02,2023-12-09,1,2.151599411605061,5.0,67.74120380267603,1.0,42.23713631630911,1.0,29.90081128086982,1.0,19.585649926441093,1.0,14.759502489083397,1.0,11.461362325788805,1.0,8.855291875525248,1.0,6.284092781878016,0.0,4.733170038167942,0.0,3.056603439580333,0.0,1.3870327925428256,0.0,3.3443511653
ens3,2023-24,02,2023-12-09,2,2.307003833636863,4.0,119.58987004602498,1.0,69.49264145560144,1.0,43.504497084868255,1.0,25.995877390528488,1.0,18.089740007348087,1.0,13.468407957417137,1.0,9.623954697959615,1.0,7.012727221202203,0.0,4.920982773797116,0.0,3.1287107167586248,0.0,1.2772373962822723,0.0,3.8547242032
ens3,2023-24,02,2023-12-09,3,2.2339263994188285,5.0,174.87156784373764,1.0,103.71729566709087,1.0,60.05184110421694,1.0,31.976207290016728,1.0,21.280856915174184,1.0,14.73188333917507,1.0,10.602653116023966,1.0,7.4427637097394435,1.0,5.391761343690904,1.0,3.3573326803951504,1.0,1.6581174735050777,1.0,3.5050644776
pf,2023-24,06,2023-12-09,0,96.34529108451265,1077.0,2511.8689762184686,1.0,1970.1822958990974,1.0,1589.470553402105,1.0,1180.462506238435,1.0,930.1926864051795,1.0,746.2256081970005,1.0,598.242927088651,1.0,460.01094986633734,1.0,337.56578004175844,1.0,218.70562624713205,1.0,107.06651878003129,1.0,178.5461869565
pf,2023-24,06,2023-12-09,1,249.90732960218966,1763.0,4949.958721811409,1.0,3794.7442180137477,1.0,2924.767162565757,1.0,2109.815491545736,1.0,1665.5347877407849,1.0,1325.0608133834494,1.0,1041.558069302242,1.0,803.1854910525816,1.0,579.1118515499704,0.0,375.819274709537,0.0,185.0604387868202,0.0,733.3502855408
pf,2023-24,06,2023-12-09,2,275.8301895859667,1810.0,7747.1860801015055,1.0,5846.023711118534,1.0,4470.492001255103,1.0,3211.961318590019,1.0,2483.985646542504,1.0,1967.7224172734796,1.0,1541.6346095964104,1.0,1193.768846888466,1.0,867.7070558545561,1.0,563.7117804264885,1.0,275.6864510829621,0.0,732.2160735039
pf,2023-24,06,2023-12-09,3,331.7865767775416,1470.0,9061.932955868087,1.0,6907.965073667214,1.0,5525.097507783094,1.0,4014.209619871856,1.0,3098.192404275482,1.0,2454.837572079401,1.0,1935.6610092820292,1.0,1485.6762669709203,1.0,1083.7553164032836,1.0,706.5214234796597,1.0,355.21092218291847,0.0,415.2993215454
analogue,2023-24,06,2023-12-09,0,122.38744660758776,1077.0,1562.5401613609376,1.0,1338.736801843514,1.0,1132.1301441619885,1.0,802.5434231553422,1.0,605.4971392087244,1.0,492.053062245516,1.0,351.93229166666663,0.0,259.75522530402793,0.0,195.68737773686257,0.0,147.84858178559784,0.0,66.25620024856039,0.0,178.5461869565
analogue,2023-24,06,2023-12-09,1,610.3012833186184,1763.0,2637.6097001848743,1.0,1654.688245614035,1.0,1374.077631061522,1.0,1032.6322427920163,0.0,825.2192099248207,0.0,630.984735881307,0.0,503.2940154955917,0.0,353.7605572777751,0.0,248.7881827142561,0.0,162.8812499999999,0.0,79.79135905869282,0.0,733.3502855408
analogue,2023-24,06,2023-12-09,2,741.4303083191364,1810.0,3341.9225434309324,1.0,2501.377293569568,1.0,1739.1807640276922,1.0,1289.2860510223215,0.0,971.7327699530516,0.0,729.4335596372941,0.0,503.6963556550296,0.0,296.4599568347682,0.0,199.37335172340738,0.0,117.16325372622919,0.0,61.1942294864034,0.0,732.2160735039
analogue,2023-24,06,2023-12-09,3,614.8556487769307,1470.0,3765.0243612553445,1.0,3083.132874985099,1.0,1886.8238881961756,1.0,1159.7941782100406,0.0,945.180476700982,0.0,675.9517029181739,0.0,430.53288439274183,0.0,318.0771148504461,0.0,235.3602410682471,0.0,154.79813554812011,0.0,73.02626024888843,0.0,415.2993215454
ens2,2023-24,06,2023-12-09,0,92.38249550440473,1077.0,2037.204568789703,1.0,1654.459548871306,1.0,1360.800348782047,1.0,991.5029646968887,1.0,767.8449128069519,1.0,619.1393352212581,1.0,475.08760937765874,1.0,359.8830875851826,1.0,266.6265788893106,1.0,183.277104016365,0.0,86.66135951429578,0.0,178.5461869565
ens2,2023-24,06,2023-12-09,1,373.32413829837924,1763.0,3793.784210998142,1.0,2724.7162318138917,1.0,2149.42239681364,1.0,1571.2238671688763,1.0,1245.3769988328029,1.0,978.0227746323783,0.0,772.4260423989169,0.0,578.4730241651785,0.0,413.9500171321132,0.0,269.35026235476846,0.0,132.42589892275657,0.0,733.3502855408
ens2,2023-24,06,2023-12-09,2,380.5422938779191,1810.0,5544.554311766219,1.0,4173.700502344051,1.0,3104.836382641398,1.0,2250.6236848061703,1.0,1727.8592082477778,1.0,1348.577988455387,1.0,1022.66548262572,0.0,745.1144018616171,0.0,533.5402037889817,0.0,340.43751707635874,0.0,168.44034028468275,0.0,732.2160735039
ens2,2023-24,06,2023-12-09,3,261.8151597879096,1470.0,6413.478658561716,1.0,4995.548974326157,1.0,3705.960697989635,1.0,2587.001899040948,1.0,2021.6864404882322,1.0,1565.3946374987877,1.0,1183.0969468373855,1.0,901.8766909106832,1.0,659.5577787357653,0.0,430.65977951388993,0.0,214.1185912159034,0.0,415.2993215454
ens3,2023-24,06,2023-12-09,0,94.07903779728561,1077.0,2246.8267340635243,1.0,1775.4606620054046,1.0,1434.7580291931395,1.0,1054.6649785205539,1.0,821.8171874353293,1.0,660.7119647822651,1.0,513.8164400104603,1.0,392.4587887942307,1.0,288.5255105858115,1.0,194.19759453105064,0.0,94.10019434875676,0.0,178.5461869565
ens3,2023-24,06,2023-12-09,1,348.8387579930095,1763.0,4312.622924229916,1.0,3122.2185591357506,1.0,2398.943565513294,1.0,1735.3561401794977,1.0,1364.550432892416,1.0,1076.0641939177522,0.0,846.8230529855291,0.0,640.0731733456186,0.0,459.59405944599814,0.0,298.3250873436839,0.0,145.99533583851462,0.0,733.3502855408
ens3,2023-24,06,2023-12-09,2,359.3355107721069,1810.0,6509.925010589181,1.0,4765.665063017388,1.0,3540.2999199989054,1.0,2504.654294730369,1.0,1913.6345418275264,1.0,1491.5606154330521,1.0,1143.8653311794615,1.0,845.5790424502964,0.0,607.7138540378307,0.0,391.2337040379906,0.0,193.17695204497295,0.0,732.2160735039
ens3,2023-24,06,2023-12-09,3,269.28692045735835,1470.0,7364.406668315943,1.0,5631.559375515082,1.0,4191.979600440787,1.0,2923.7409090415786,1.0,2256.6207388271478,1.0,1754.8608054973247,1.0,1341.1560086489644,1.0,1022.9648950885605,1.0,745.1089751908395,1.0,487.198245059118,0.0,238.7284192670835,0.0,415.2993215454
pf,2023-24,36,2023-12-09,0,85.2436075721497,743.0,2293.9406926150364,1.0,1771.4459214119738,1.0,1391.2248027491787,1.0,1027.9285613419256,1.0,805.8218340076394,1.0,640.8702864444404,1.0,508.24431131728556,1.0,386.5667836137103,1.0,281.63071462055575,1.0,184.50803237641844,1.0,90.77400523331823,0.0,154.8898652174
pf,2023-24,36,2023-12-09,1,165.75108376755077,938.0,4446.310531215145,1.0,3413.9257837375653,1.0,2656.4875663666244,1.0,1903.9850082549585,1.0,1473.809008261488,1.0,1155.7740188129565,1.0,913.7921030448849,1.0,705.7181900008746,1.0,526.0393316647286,1.0,346.0356150448674,0.0,168.85229906620373,0.0,303.5739270723
pf,2023-24,36,2023-12-09,2,207.354303841154,1333.0,5605.4732658823,1.0,4405.908961240562,1.0,3473.0816775825924,1.0,2563.405975713474,1.0,2009.4858167223674,1.0,1607.6258636445727,1.0,1272.3397234604452,1.0,971.873860378461,1.0,698.4866731933968,1.0,457.95243958319406,1.0,227.71721244686182,1.0,670.6596265143
pf,2023-24,36,2023-12-09,3,214.33171089963173,1240.0,5330.918292172586,1.0,4266.4427615242885,1.0,3472.695279836129,1.0,2626.022498386198,1.0,2072.7483034967436,1.0,1664.6021709844795,1.0,1327.1669897093823,1.0,1035.6836395504447,1.0,753.678510719796,1.0,495.51817077675287,1.0,245.2111917755899,1.0,557.9057306866
analogue,2023-24,36,2023-12-09,0,105.3588345148681,743.0,996.0490104233588,1.0,853.384443912252,1.0,721.6820006602833,1.0,511.5853033559265,1.0,385.9771679709875,1.0,313.66167593321603,0.0,224.34099264705884,0.0,165.5822624687142,0.0,124.74189385146934,0.0,94.24681503979889,0.0,42.23534493635725,0.0,154.8898652174
analogue,2023-24,36,2023-12-09,1,252.91457222711617,938.0,1681.357443935376,1.0,1054.7892658115877,1.0,875.9126315650278,1.0,658.2565677341665,1.0,526.0400966027369,0.0,402.2243634489483,0.0,320.827277584825,0.0,225.50642966926597,0.0,158.5912665321369,0.0,103.82946428571421,0.0,50.86339935193985,0.0,303.5739270723
analogue,2023-24,36,2023-12-09,2,611.7234665876445,1333.0,2130.3251747440877,1.0,1594.5154176295805,1.0,1108.6494426154916,0.0,821.8618164379984,0.0,619.4358953722334,0.0,464.9810566235332,0.0,321.08375132391444,0.0,188.97987644569253,0.0,127.09153633268829,0.0,74.68629979427101,0.0,39.00856645531837,0.0,670.6596265143
analogue,2023-24,36,2023-12-09,3,615.855839997529,1240.0,2400.033536406468,1.0,1965.3584113050272,1.0,1202.7652876736724,1.0,739.3165769862325,0.0,602.510003755368,0.0,430.88878061170504,0.0,274.4453320678823,0.0,202.75984151931195,0.0,150.03155823197986,0.0,98.67684270834548,0.0,46.55095341195653,0.0,557.9057306866
ens2,2023-24,36,2023-12-09,0,67.50385779347096,743.0,1644.9948515191975,1.0,1312.4151826621128,1.0,1056.4534017047308,1.0,769.7569323489261,1.0,595.8995009893134,1.0,477.26598118882816,1.0,366.2926519821722,1.0,276.0745230412123,1.0,203.18630423601257,1.0,139.37742370810872,0.0,66.5046750848378,0.0,154.8898652174
ens2,2023-24,36,2023-12-09,1,118.30343840502302,938.0,3063.8339875752604,1.0,2234.3575247745766,1.0,1766.2000989658259,1.0,1281.1207879945628,1.0,999.9245524321125,1.0,778.9991911309522,1.0,617.3096903148551,1.0,465.6123098350703,1.0,342.3152990984328,1.0,224.93253966529085,0.0,109.85784920907179,0.0,303.5739270723
ens2,2023-24,36,2023-12-09,2,259.7615596658601,1333.0,3867.8992203131943,1.0,3000.212189435071,1.0,2290.865560099042,1.0,1692.6338960757364,1.0,1314.4608560473005,1.0,1036.3034601340532,1.0,796.7117373921799,0.0,580.4268684120767,0.0,412.7891047630426,0.0,266.3193696887324,0.0,133.36288945109015,0.0,670.6596265143
ens2,2023-24,36,2023-12-09,3,244.54492321481706,1240.0,3865.475914289527,1.0,3115.900586414658,1.0,2337.730283754901,1.0,1682.6695376862153,1.0,1337.6291536260558,1.0,1047.7454757980922,1.0,800.8061608886321,1.0,619.2217405348783,0.0,451.8550344758879,0.0,297.0975067425493,0.0,145.88107259377318,0.0,557.9057306866
ens3,2023-24,36,2023-12-09,0,71.93432640789874,743.0,1939.554063132112,1.0,1519.01545473537,1.0,1205.7740425256516,1.0,882.2678686470632,1.0,682.7562157121995,1.0,544.2644489251518,1.0,422.9230143119296,1.0,321.97761594772055,1.0,236.7631427794247,1.0,158.96989984802087,1.0,76.40811699118785,0.0,154.8898652174
ens3,2023-24,36,2023-12-09,1,125.1376906606105,938.0,3687.2064452983777,1.0,2710.1855889489857,1.0,2119.7737938046885,1.0,1529.4893504216138,1.0,1186.747502090894,1.0,927.279165934346,1.0,729.9079116310744,1.0,554.1477194136476,1.0,403.80328415394274,1.0,264.63890868685155,1.0,130.05030974440547,0.0,303.5739270723
ens3,2023-24,36,2023-12-09,2,234.3346889924932,1333.0,4505.424450219271,1.0,3477.406756708373,1.0,2694.1117698357143,1.0,1973.6249072953033,1.0,1529.3227207794216,1.0,1210.3967262342492,1.0,939.5838481637029,1.0,701.7376349982183,0.0,504.07108977879534,0.0,327.37736759236805,0.0,162.1486732050472,0.0,670.6596265143
ens3,2023-24,36,2023-12-09,3,225.1380025390519,1240.0,4262.012305826636,1.0,3417.1421246910068,1.0,2628.5579551057817,1.0,1925.0544641306253,1.0,1522.916161040713,1.0,1200.7594678060761,1.0,934.6711125994325,1.0,718.795149005148,1.0,526.5605144934012,0.0,345.01368617173,0.0,170.11308001286307,0.0,557.9057306866
pf,2023-24,42,2023-12-09,0,42.7063294902507,390.0,1061.5362187733235,1.0,843.6571263897049,1.0,665.6580812374641,1.0,495.4670904408382,1.0,389.69246832176646,1.0,310.7544947986997,1.0,247.80884723329558,1.0,191.67271117813624,1.0,140.0398637152685,1.0,92.02860912409227,1.0,45.01449694607379,0.0,66.8521913043
pf,2023-24,42,2023-12-09,1,91.46941769955795,702.0,2375.233919949321,1.0,1781.2940039225107,1.0,1382.2689683703777,1.0,1003.8026423788242,1.0,770.4885232532854,1.0,608.7398253939721,1.0,474.285333262572,1.0,363.32409527946214,1.0,266.5784512746577,1.0,175.26921151343623,0.0,87.17851087968677,0.0,324.3424040676
pf,2023-24,42,2023-12-09,2,143.33342135711388,932.0,3614.1859048453443,1.0,2770.861480584972,1.0,2153.1100254130574,1.0,1564.515614880534,1.0,1204.2614882327375,1.0,948.5964763527718,1.0,739.6635920791916,1.0,559.7756194534563,1.0,405.6007957907318,1.0,266.0984226789335,0.0,130.0782827144891,0.0,531.4704006903
pf,2023-24,42,2023-12-09,3,151.8683682539443,758.0,4016.3336716051763,1.0,3190.8722503723893,1.0,2520.4429960019033,1.0,1854.1844753733476,1.0,1453.4982748907235,1.0,1144.6468021386227,1.0,894.4748454768571,1.0,692.9790172884503,1.0,503.619918340068,1.0,325.2778207353282,1.0,161.7094063509461,0.0,344.4772903783
analogue,2023-24,42,2023-12-09,0,46.97905613573033,390.0,555.2363598593488,1.0,475.70959585315745,1.0,402.293544624188,1.0,285.17749490273866,1.0,215.15864730586122,1.0,174.84718658424097,1.0,125.05637254901961,0.0,92.30197681871823,0.0,69.53597096051783,0.0,52.53683098263741,0.0,23.543619776199137,0.0,66.8521913043
analogue,2023-24,42,2023-12-09,1,278.55797416677046,702.0,937.2538670524883,1.0,587.9804570249152,1.0,488.26768162570283,0.0,366.9377477388198,0.0,293.2351574282676,0.0,224.2154643707885,0.0,178.84157093240717,0.0,125.70603235800891,0.0,88.40492446989174,0.0,57.87857142857138,0.0,28.35323203045985,0.0,324.3424040676
analogue,2023-24,42,2023-12-09,2,497.074376527363,932.0,1187.5258977857814,1.0,888.8447525769413,1.0,618.0042090662628,0.0,458.1376603872836,0.0,345.2975989268947,0.0,259.19847977507686,0.0,178.98453934440428,0.0,105.34471455353108,0.0,70.84575283328763,0.0,41.63304093993261,0.0,21.744888268878015,0.0,531.4704006903
analogue,2023-24,42,2023-12-09,3,396.68991719505254,758.0,1337.871801838634,1.0,1095.567024004309,1.0,670.4680323002017,0.0,412.12374159684515,0.0,335.8624503043105,0.0,240.19412252554557,0.0,152.98647512635245,0.0,113.02620167554866,0.0,83.6334109918381,0.0,55.006300266799,0.0,25.949307363350528,0.0,344.4772903783
ens2,2023-24,42,2023-12-09,0,32.86522803006121,390.0,808.3862893163362,1.0,659.6833611214312,1.0,533.9758129308259,1.0,390.32229267178843,1.0,302.42555781381384,1.0,242.80084069147034,1.0,186.4326098911576,1.0,141.98734399842726,1.0,104.78791733789313,1.0,72.28272005336487,1.0,34.27905836113649,0.0,66.8521913043
ens2,2023-24,42,2023-12-09,1,139.85601366170206,702.0,1656.2438935009045,1.0,1184.637230473713,1.0,935.2683249980403,1.0,685.370195058822,1.0,531.8618403407766,1.0,416.4776448823803,0.0,326.56345209748963,0.0,244.5150638187356,0.0,177.49168787227472,0.0,116.57389147100383,0.0,57.765871455073295,0.0,324.3424040676
ens2,2023-24,42,2023-12-09,2,233.76450647662864,932.0,2400.8559013155627,1.0,1829.8531165809566,1.0,1385.55711723966,1.0,1011.3266376339088,1.0,774.779543579816,1.0,603.8974780639244,0.0,459.324065711798,0.0,332.5601670034937,0.0,238.22327431200972,0.0,153.8657318094331,0.0,75.91158549168358,0.0,531.4704006903
ens2,2023-24,42,2023-12-09,3,140.46941459131406,758.0,2677.102736721905,1.0,2143.219637188349,1.0,1595.4555141510525,1.0,1133.1541084850965,1.0,894.680362597517,1.0,692.4204623320841,1.0,523.7306603016048,1.0,403.00260948199946,0.0,293.62666466595306,0.0,190.14206050106367,0.0,93.8293568571483,0.0,344.4772903783
ens3,2023-24,42,2023-12-09,0,33.85934139328061,390.0,891.192118120158,1.0,711.0292301900477,1.0,569.4902473249401,1.0,416.7506739120205,1.0,324.600658979479,1.0,260.1706270487168,1.0,202.15549532428082,1.0,155.00522309817103,1.0,113.90692099813361,1.0,76.7669192493816,1.0,36.80389230491414,1.0,66.8521913043
ens3,2023-24,42,2023-12-09,1,125.23745283535794,702.0,1843.130220813473,1.0,1336.4500057755843,1.0,1040.1172643879427,1.0,754.7271434262884,1.0,585.4498163476994,1.0,458.0055940389524,1.0,359.7331787647268,0.0,272.7194957961765,0.0,198.54916893377504,0.0,129.63816267858823,0.0,64.58457477706094,0.0,324.3424040676
ens3,2023-24,42,2023-12-09,2,208.7221728238192,932.0,2675.1494032015867,1.0,2026.8403404624605,1.0,1550.4945218870832,1.0,1114.9484035518137,1.0,856.3713222058989,1.0,668.4741352152447,1.0,512.3571446970885,0.0,380.16498195940665,0.0,274.40883518889115,0.0,177.65223212441163,0.0,87.5349203980615,0.0,531.4704006903
ens3,2023-24,42,2023-12-09,3,131.32767992150355,758.0,2889.754333500102,1.0,2289.578940676555,1.0,1751.6479153342793,1.0,1258.8978751162776,1.0,986.4549758056041,1.0,770.049369808672,1.0,590.9146614284612,1.0,455.27608570974235,1.0,330.9367604403575,0.0,215.01074089490822,0.0,105.85107159774464,0.0,344.4772903783
pf,2023-24,50,2023-12-09,0,2.4730430752116628,8.0,83.70492234952056,1.0,58.819675164527965,1.0,42.97783813863219,1.0,29.55987410385858,1.0,22.617038258273922,1.0,16.996782630182622,1.0,13.573771191814146,1.0,10.18032839386061,1.0,7.909035537575524,1.0,4.5476729390551665,1.0,2.3042316115405175,0.0,0.3798978261
pf,2023-24,50,2023-12-09,1,4.51049624366853,12.0,206.22762924621583,1.0,136.430188171655,1.0,91.7845974456805,1.0,59.131289478609055,1.0,43.058515996462646,1.0,32.86044641835307,1.0,24.92861452426785,1.0,19.194885375727697,1.0,12.552265665969276,1.0,9.031439610293798,1.0,4.547672939055165,1.0,2.2953943069
pf,2023-24,50,2023-12-09,2,7.09758995525604,19.0,306.9749656225049,1.0,209.2623058738014,1.0,150.0732069888205,1.0,97.27292290588876,1.0,70.11960988681453,1.0,52.03278956862089,1.0,39.580309762652945,1.0,29.40983758226398,1.0,21.49886285621839,1.0,13.573771191814146,1.0,6.7612594408807905,1.0,6.9155692661
pf,2023-24,50,2023-12-09,3,8.870746974596928,15.0,313.790277659232,1.0,230.7944016570497,1.0,169.41438312569835,1.0,114.83254110389457,1.0,85.27646639278761,1.0,65.58924885409719,1.0,49.8572290485357,1.0,37.3140720786286,1.0,26.183313934331757,1.0,16.967213989767682,1.0,8.968391898299519,0.0,3.9191545627
analogue,2023-24,50,2023-12-09,0,0.5868102196831556,8.0,15.006388104306724,1.0,12.85701610413939,1.0,10.872798503356432,1.0,7.7074998622361806,1.0,5.815098575834087,1.0,4.725599637411918,1.0,3.3799019607843137,1.0,2.49464802212752,1.0,1.8793505665004808,1.0,1.4199143508820926,1.0,0.6363140480053824,1.0,0.3798978261
analogue,2023-24,50,2023-12-09,1,2.480317191053243,12.0,25.3311855960132,1.0,15.891363703376086,1.0,13.196423827721699,1.0,9.917236425373506,1.0,7.925274525088313,1.0,6.059877415426716,0.0,4.83355597114614,0.0,3.3974603340002414,0.0,2.3893222829700465,0.0,1.5642857142857132,0.0,0.766303568390807,0.0,2.2953943069
analogue,2023-24,50,2023-12-09,2,8.321634148213098,19.0,32.09529453475085,1.0,24.022831150728145,1.0,16.702816461250347,0.0,12.382098929386041,0.0,9.332367538564721,0.0,7.005364318245321,0.0,4.8374199822811965,0.0,2.8471544473927315,0.0,1.9147500765753414,0.0,1.1252173227008813,0.0,0.5876996829426497,0.0,6.9155692661
analogue,2023-24,50,2023-12-09,3,6.557150131789512,15.0,36.1586973469901,1.0,29.609919567684024,1.0,18.12075762973518,1.0,11.138479502617438,0.0,9.077363521738123,0.0,6.491733041230962,0.0,4.134769598009526,0.0,3.054762207447261,0.0,2.260362459238868,0.0,1.4866567639675403,0.0,0.7013326314419057,0.0,3.9191545627
ens2,2023-24,50,2023-12-09,0,1.5223239913394722,8.0,49.35565522691364,1.0,35.83834563433368,1.0,26.92531832099431,1.0,18.63368698304738,1.0,14.216068417054005,1.0,10.861191133797268,1.0,8.47683657629923,1.0,6.337488207994065,1.0,4.894193052038002,1.0,2.98379364496863,1.0,1.4702728297729504,0.0,0.3798978261
ens2,2023-24,50,2023-12-09,1,2.691404473344035,12.0,115.77940742111451,1.0,76.16077593751554,1.0,52.4905106367011,1.0,34.52426295199128,1.0,25.49189526077548,1.0,19.460161916889895,1.0,14.881085247706995,1.0,11.29617285486397,1.0,7.470793974469661,1.0,5.297862662289756,1.0,2.656988253722986,0.0,2.2953943069
ens2,2023-24,50,2023-12-09,2,4.992783687991873,19.0,169.53513007862787,1.0,116.64256851226477,1.0,83.38801172503541,1.0,54.827510917637404,1.0,39.72598871268962,1.0,29.519076943433106,1.0,22.20886487246707,1.0,16.128496014828354,1.0,11.706806466396865,0.0,7.349494257257515,0.0,3.6744795619117205,0.0,6.9155692661
ens2,2023-24,50,2023-12-09,3,4.828923818500967,15.0,174.97448750311105,1.0,130.20216061236687,1.0,93.76757037771677,1.0,62.98551030325601,1.0,47.176914957262866,1.0,36.04049094766408,1.0,26.995999323272613,1.0,20.184417143037926,1.0,14.221838196785312,1.0,9.226935376867612,1.0,4.834862264870713,0.0,3.9191545627
ens3,2023-24,50,2023-12-09,0,1.8382394260371269,8.0,67.87831597973538,1.0,46.9392937844486,1.0,34.070211634277456,1.0,22.792053317142148,1.0,17.332724209174824,1.0,13.163077309842379,1.0,10.22435466815905,1.0,7.437342165361036,1.0,5.897409996007887,1.0,3.5684712888175403,1.0,1.7660894344448188,0.0,0.3798978261
ens3,2023-24,50,2023-12-09,1,3.342571147048429,12.0,168.5942533184227,1.0,106.46518983957596,1.0,71.5383747365234,1.0,44.62863286938931,1.0,31.955111828372633,1.0,24.060649341875283,1.0,18.208331502635673,1.0,13.506864099574932,1.0,9.356388956282048,1.0,6.282584859279822,1.0,3.3282197390488673,1.0,2.2953943069
ens3,2023-24,50,2023-12-09,2,5.785613840334188,19.0,238.37767545100562,1.0,161.4633151932812,1.0,112.57030504158045,1.0,71.30649530134184,1.0,50.567944239079495,1.0,36.94425413424303,1.0,27.453175697675622,1.0,20.17576082206039,1.0,14.18619851711076,1.0,9.209098599903394,0.0,4.423747448155879,0.0,6.9155692661
ens3,2023-24,50,2023-12-09,3,5.9774072146972985,15.0,241.41242485031182,1.0,174.3684925689527,1.0,123.81250232364702,1.0,81.47222833979866,1.0,59.487589933597626,1.0,44.47837958672909,1.0,32.956260356020906,1.0,24.518667203540538,1.0,17.49266729984737,1.0,11.283935709136715,1.0,5.669911030963336,1.0,3.9191545627
pf,2023-24,56,2023-12-09,0,12.285922731952931,34.0,261.85131879849416,1.0,188.74390765318267,1.0,144.56862333975886,1.0,103.53031557461537,1.0,79.98897825383948,1.0,62.54956565966345,1.0,49.080159775414494,1.0,37.736396607027324,0.0,27.91144855879807,0.0,17.94973589653477,0.0,8.968840273768805,0.0,10.5696217391
pf,2023-24,56,2023-12-09,1,15.359375936209519,26.0,366.80058400909985,1.0,269.36179261961183,1.0,198.11608218689344,1.0,138.29089905910044,1.0,103.67585186163316,1.0,81.28604194793476,1.0,63.21724642849399,1.0,47.80489834193295,0.0,34.51010519153846,0.0,22.31223898793393,0.0,10.482332390840924,0.0,15.9340887998
pf,2023-24,56,2023-12-09,2,18.166424354623402,72.0,386.7961514945433,1.0,269.79338895537353,1.0,196.9470187552034,1.0,134.8050984044471,1.0,101.62024842192638,1.0,78.54160443130716,1.0,60.70412663610843,1.0,46.011348558161956,0.0,32.81045956545198,0.0,21.22750176882734,0.0,10.482332390840924,0.0,16.4931121902
pf,2023-24,56,2023-12-09,3,29.299961326111337,82.0,312.3735052470595,1.0,222.4147797544317,1.0,160.3796855798661,1.0,106.91979038657742,1.0,79.80461825543269,1.0,60.96551752981571,0.0,46.89862782542079,0.0,34.87259576935627,0.0,24.95651998697362,0.0,16.590901319416908,0.0,8.269114374211583,0.0,23.9440321833
analogue,2023-24,56,2023-12-09,0,8.914190265610285,34.0,90.03832862584034,1.0,77.14209662483636,1.0,65.23679102013858,1.0,46.244999173417085,0.0,34.890591455004525,0.0,28.3535978244715,0.0,20.279411764705884,0.0,14.967888132765125,0.0,11.276103399002878,0.0,8.51948610529255,0.0,3.817884288032296,0.0,10.5696217391
analogue,2023-24,56,2023-12-09,1,10.59244740775673,26.0,151.9871135760792,1.0,95.3481822202565,1.0,79.1785429663302,1.0,59.50341855224105,0.0,47.55164715052988,0.0,36.35926449256029,0.0,29.00133582687684,0.0,20.384762004001452,0.0,14.33593369782028,0.0,9.385714285714279,0.0,4.597821410344842,0.0,15.9340887998
analogue,2023-24,56,2023-12-09,2,20.42593417834135,72.0,192.57176720850512,1.0,144.13698690436888,1.0,100.21689876750207,1.0,74.29259357631625,1.0,55.994205231388335,1.0,42.03218590947193,0.0,29.024519893687177,0.0,17.082926684356387,0.0,11.488500459452048,0.0,6.751303936205289,0.0,3.5261980976558966,0.0,16.4931121902
analogue,2023-24,56,2023-12-09,3,33.4298573124762,82.0,216.95218408194063,1.0,177.65951740610416,1.0,108.72454577841108,1.0,66.83087701570463,0.0,54.46418113042874,0.0,38.95039824738576,0.0,24.808617588057153,0.0,18.328573244683565,0.0,13.562174755433205,0.0,8.919940583805243,0.0,4.207995788651431,0.0,23.9440321833
ens2,2023-24,56,2023-12-09,0,10.284535413812874,34.0,175.94482371216725,1.0,132.9430021390095,1.0,104.90270717994872,1.0,74.88765737401623,1.0,57.439784854422,1.0,45.45158174206747,0.0,34.67978577006019,0.0,26.352142369896228,0.0,19.593775978900474,0.0,13.23461100091366,0.0,6.393362280900547,0.0,10.5696217391
ens2,2023-24,56,2023-12-09,1,12.659554826731805,26.0,259.3938487925895,1.0,182.35498741993416,1.0,138.64731257661182,1.0,98.89715880567074,1.0,75.61374950608152,1.0,58.822653220247524,0.0,46.10929112768542,0.0,34.09483017296721,0.0,24.42301944467937,0.0,15.848976636824105,0.0,7.5400769005928865,0.0,15.9340887998
ens2,2023-24,56,2023-12-09,2,18.660016998315246,72.0,289.6839593515242,1.0,206.9651879298712,1.0,148.58195876135272,1.0,104.54884599038166,1.0,78.80722682665736,1.0,60.28689517038955,1.0,44.8643232648978,0.0,31.547137621259168,0.0,22.14948001245201,0.0,13.98940285251632,0.0,7.0042652442484155,0.0,16.4931121902
ens2,2023-24,56,2023-12-09,3,30.9303413214741,82.0,264.6628446645,1.0,200.0371485802679,1.0,134.5521156791386,1.0,86.87533370114102,1.0,67.1343996929307,0.0,49.95795788860073,0.0,35.853622706738975,0.0,26.60058450701992,0.0,19.25934737120341,0.0,12.755420951611079,0.0,6.238555081431507,0.0,23.9440321833
ens3,2023-24,56,2023-12-09,0,10.897574584084078,34.0,217.65256123998745,1.0,161.4402871236605,1.0,124.95023630126582,1.0,88.45073019019252,1.0,67.50224307242334,1.0,53.0761786206258,1.0,40.887275148107896,0.0,31.362735751551803,0.0,23.06071088381634,0.0,15.341521448518556,0.0,7.6509898573384305,0.0,10.5696217391
ens3,2023-24,56,2023-12-09,1,13.609283254725323,26.0,316.7301090190162,1.0,223.18597449335152,1.0,167.57921126206764,1.0,117.31647632640198,1.0,88.6892946636359,1.0,69.0675363173716,1.0,53.84555082258876,0.0,40.519386766273385,0.0,29.04205573853565,0.0,18.955229371700128,0.0,9.227281999350879,0.0,15.9340887998
ens3,2023-24,56,2023-12-09,2,18.556611474728328,72.0,331.7412537332185,1.0,237.74227655698184,1.0,171.4609606217113,1.0,118.40295763720931,1.0,88.70491938582167,1.0,67.71981957887607,1.0,51.213955085814845,0.0,37.22684505359558,0.0,26.375834135651523,0.0,16.775308427980605,0.0,8.33899053467908,0.0,16.4931121902
ens3,2023-24,56,2023-12-09,3,30.311787227908678,82.0,289.2160252351344,1.0,214.05674795749468,1.0,147.28885496809866,1.0,96.18597645222847,1.0,72.66969022144096,0.0,54.65591265134502,0.0,40.351908238482324,0.0,30.332020006091447,0.0,21.738728660375244,0.0,14.283440571831637,0.0,6.962128921066846,0.0,23.9440321833
pf,2023-24,02,2023-12-16,0,1.186486174752388,5.0,14.075689745456826,1.0,10.83773339240146,1.0,7.967198677460608,1.0,6.011072784684412,1.0,4.3066536521525345,1.0,3.6916994862205694,0.0,3.0599325533601793,0.0,2.397998404901685,0.0,1.7766182654510458,0.0,0.6574826655686019,0.0,0.6020962995778589,0.0,0.8638826087
pf,2023-24,02,2023-12-16,1,1.0733279657639632,4.0,19.220073927174134,1.0,13.21347438285368,1.0,9.633540793245743,1.0,6.731851617392395,1.0,4.818254224252836,1.0,3.6818092751263922,1.0,3.0599325533601798,0.0,1.8587076094643908,0.0,1.7988697605837545,0.0,1.2239730213440718,0.0,0.5961609890580011,0.0,1.1414618842
pf,2023-24,02,2023-12-16,2,1.847210748170915,5.0,31.23184854129051,1.0,18.018374158436835,1.0,11.627743702768683,1.0,7.225155594934307,1.0,5.41886669620073,1.0,3.614061625097118,0.0,3.0030623597394723,0.0,2.4009660601616134,0.0,1.7963986876393998,0.0,0.6347345881203188,0.0,0.6020962995778589,0.0,1.5196388107
pf,2023-24,02,2023-12-16,3,2.6947895248694214,6.0,51.17818546411801,1.0,26.492237181425793,1.0,15.315475841992885,1.0,8.408574607270523,1.0,5.507878596048323,0.0,4.2146740970450125,0.0,3.0599325533601798,0.0,1.8473335707402492,0.0,1.2338632324382488,0.0,1.1943023880615409,0.0,0.02274807744828289,0.0,1.9773059061
analogue,2023-24,02,2023-12-16,0,0.7820746045345855,5.0,5.712694109200958,1.0,4.072550254731804,1.0,3.5586412100366323,1.0,2.6686729706714445,1.0,2.000536976526495,0.0,1.7008571583533363,0.0,1.3269198312236288,0.0,1.0221444384235019,0.0,0.7899575957461131,0.0,0.49308181252735483,0.0,0.22143821604430425,0.0,0.8638826087
analogue,2023-24,02,2023-12-16,1,0.577443801581537,4.0,7.680960561351831,1.0,6.514474609446351,1.0,5.37815222513785,1.0,4.369430268095295,1.0,3.426021917913806,1.0,2.3694595877192306,1.0,1.9411764705882355,1.0,1.4303951162666753,0.0,1.0553918134395004,0.0,0.687264419929329,0.0,0.33242047089752047,0.0,1.1414618842
analogue,2023-24,02,2023-12-16,2,1.6465175308981295,5.0,10.315965933507838,1.0,7.774570004783831,1.0,6.2638870804202895,1.0,4.590000309715972,1.0,3.121748815306306,0.0,2.255775534246848,0.0,1.8958262303331965,0.0,1.5578166907021798,0.0,1.1442032716827801,0.0,0.7954330283979638,0.0,0.3547047992929069,0.0,1.5196388107
analogue,2023-24,02,2023-12-16,3,2.955742168679731,6.0,9.74909637573853,1.0,7.380313912022895,1.0,5.5681658486461645,0.0,3.2975501510602143,0.0,2.57819752346139,0.0,2.0456814699725943,0.0,1.7078940286376647,0.0,1.362171288345785,0.0,1.0023473177783604,0.0,0.7122894283608132,0.0,0.3569343219337322,0.0,1.9773059061
ens2,2023-24,02,2023-12-16,0,0.9698521957005416,5.0,9.894191927328892,1.0,7.455141823566633,1.0,5.76291994374862,1.0,4.339872877677928,1.0,3.1535953143395146,1.0,2.696278322286952,0.0,2.1934261922919047,0.0,1.710071421662593,0.0,1.2832879305985796,0.0,0.5752822390479784,0.0,0.4117672578110816,0.0,0.8638826087
ens2,2023-24,02,2023-12-16,1,0.8253858836727501,4.0,13.450517244262981,1.0,9.863974496150014,1.0,7.505846509191796,1.0,5.550640942743845,1.0,4.122138071083321,1.0,3.025634431422812,1.0,2.500554511974207,0.0,1.644551362865533,0.0,1.4271307870116274,0.0,0.9556187206367002,0.0,0.464290729977761,0.0,1.1414618842
ens2,2023-24,02,2023-12-16,2,1.7286525440475338,5.0,20.773907237399172,1.0,12.896472081610334,1.0,8.945815391594486,1.0,5.90757795232514,1.0,4.270307755753518,0.0,2.934918579671983,0.0,2.4494442950363347,0.0,1.9793913754318968,0.0,1.4703009796610897,0.0,0.7150838082591413,0.0,0.4784005494353829,0.0,1.5196388107
ens2,2023-24,02,2023-12-16,3,2.7259203890973405,6.0,30.46364091992827,1.0,16.936275546724342,1.0,10.441820845319526,1.0,5.853062379165369,1.0,4.043038059754857,0.0,3.1301777835088034,0.0,2.383913290998922,0.0,1.604752429543017,0.0,1.1181052751083047,0.0,0.9532959082111772,0.0,0.18984119969100766,0.0,1.9773059061
ens3,2023-24,02,2023-12-16,0,1.068916100022888,5.0,11.227374832727898,1.0,8.524952260033894,1.0,6.589072525643959,1.0,4.795911129768717,1.0,3.773062993627423,1.0,3.0521745442268013,0.0,2.505026624270588,0.0,1.9804801923670166,0.0,1.2847843389754874,0.0,0.8021254721001654,0.0,0.2833439033479572,0.0,0.8638826087
ens3,2023-24,02,2023-12-16,1,0.9490549907463028,4.0,15.282348152323463,1.0,10.758168539773898,1.0,7.951054778996997,1.0,5.791520066332841,1.0,4.420966264325102,1.0,3.0758846037445347,1.0,2.513112002705385,0.0,1.9305965841766572,0.0,1.3752468579267811,0.0,0.8500088333044347,0.0,0.5184260656289807,0.0,1.1414618842
ens3,2023-24,02,2023-12-16,2,1.8425347948853144,5.0,23.56987081759928,1.0,13.880582470711143,1.0,9.309625361602102,1.0,6.02947807272037,1.0,4.320450390270246,0.0,3.2112680491501555,0.0,2.678509248942695,0.0,1.9469220816390145,0.0,1.4012230968506028,0.0,0.8927329935383406,0.0,0.5286387667146277,0.0,1.5196388107
ens3,2023-24,02,2023-12-16,3,2.8306804318096965,6.0,35.676413143245995,1.0,18.686958547308855,1.0,10.96092711244017,1.0,6.015215352631948,1.0,4.168937259604471,0.0,3.1393412983638926,0.0,2.4313204148190337,0.0,1.7013686186434924,0.0,1.1680382700432101,0.0,0.8474437721002995,0.0,0.1273669545745708,0.0,1.9773059061
pf,2023-24,06,2023-12-16,0,351.89302481804685,1763.0,2503.4337673698865,1.0,1979.2610575618296,1.0,1581.164629677828,1.0,1184.1431971419233,1.0,930.3294443100953,0.0,740.4352532975595,0.0,585.6057384956634,0.0,451.8187451397504,0.0,328.40483858008236,0.0,218.50193834477193,0.0,109.5472735460421,0.0,686.9327695652
pf,2023-24,06,2023-12-16,1,279.90930935023005,1810.0,4677.979673768158,1.0,3457.904692938441,1.0,2690.2467782772496,1.0,1938.067109046402,1.0,1511.8743423073292,1.0,1208.60727786602,1.0,953.0966135713454,1.0,733.6952704977118,0.0,533.5248828562474,0.0,349.0194476217596,0.0,171.24246061062286,0.0,669.271559274
pf,2023-24,06,2023-12-16,2,223.12937342229677,1470.0,6910.257061689953,1.0,5059.971395055008,1.0,3901.806986623949,1.0,2780.373226112073,1.0,2133.6290589388213,1.0,1686.945646784093,1.0,1329.651849977944,1.0,1014.2905462071403,1.0,736.4042410850868,1.0,484.3631812959684,1.0,241.32096366994028,1.0,349.7144229537
pf,2023-24,06,2023-12-16,3,302.97764323646675,1075.0,8306.238155533205,1.0,6146.2218880809905,1.0,4700.296345154768,1.0,3320.1502554999124,1.0,2567.935469582794,1.0,2025.5855014132853,1.0,1592.7399483244615,1.0,1210.1875514983235,1.0,879.9019187199397,1.0,569.4947359151088,0.0,279.5040522250522,0.0,85.8765653987
analogue,2023-24,06,2023-12-16,0,669.7096683089767,1763.0,1348.1958097714262,1.0,961.1218601167059,0.0,839.8393255686453,0.0,629.8068210784608,0.0,472.1267264602528,0.0,401.4022893713874,0.0,313.15308016877646,0.0,241.2260874679465,0.0,186.42999259608268,0.0,116.36730775645583,0.0,52.259418986455785,0.0,686.9327695652
analogue,2023-24,06,2023-12-16,1,750.270688559077,1810.0,1812.706692479032,1.0,1537.416007829339,0.0,1269.2439251325325,0.0,1031.1855432704897,0.0,808.5411726276582,0.0,559.1924627017384,0.0,458.1176470588236,0.0,337.57324743893525,0.0,249.07246797172206,0.0,162.19440310332163,0.0,78.4512311318149,0.0,669.271559274
analogue,2023-24,06,2023-12-16,2,597.0034501466981,1470.0,2434.5679603078497,1.0,1834.7985211289838,1.0,1478.2773509791884,1.0,1083.2400730929694,0.0,736.7327204122884,0.0,532.363026082256,0.0,447.4149903586344,0.0,367.6447390057144,0.0,270.0319721171361,0.0,187.72219470191948,0.0,83.71033263312603,0.0,349.7144229537
analogue,2023-24,06,2023-12-16,3,444.09093776159386,1075.0,2300.786744674293,1.0,1741.7540832374034,1.0,1314.0871402804949,1.0,778.2218356502107,0.0,608.4546155368881,0.0,482.7808269135322,0.0,403.0629907584889,0.0,321.4724240496053,0.0,236.55396699569306,0.0,168.1003050931519,0.0,84.23649997636079,0.0,85.8765653987
ens2,2023-24,06,2023-12-16,0,476.9176991819325,1763.0,1925.8147885706567,1.0,1470.1914588392679,1.0,1210.5019776232368,1.0,906.9750091101919,0.0,701.2280853851742,0.0,570.9187713344734,0.0,449.3794093322199,0.0,346.52241630384856,0.0,257.4174155880826,0.0,167.43462305061394,0.0,80.90334626624895,0.0,686.9327695652
ens2,2023-24,06,2023-12-16,1,449.21730298155757,1810.0,3245.3431831235953,1.0,2497.6603503838896,1.0,1979.7453517048912,1.0,1484.6263261584459,1.0,1160.2077574674936,0.0,883.8998702838793,0.0,705.6071303150846,0.0,535.6342589683236,0.0,391.2986754139846,0.0,255.60692536254066,0.0,124.84684587121887,0.0,669.271559274
ens2,2023-24,06,2023-12-16,2,271.6668556490907,1470.0,4672.412510998902,1.0,3447.384958091996,1.0,2690.0421688015686,1.0,1931.8066496025212,1.0,1435.1808896755551,1.0,1109.6543364331746,1.0,888.5334201682892,0.0,690.9676426064274,0.0,503.21810660111146,0.0,336.04268799894396,0.0,162.51564815153324,0.0,349.7144229537
ens2,2023-24,06,2023-12-16,3,181.97766373259805,1075.0,5303.512450103749,1.0,3943.9879856591965,1.0,3007.1917427176313,1.0,2049.1860455750616,1.0,1588.195042559841,1.0,1254.183164163409,1.0,997.9014695414751,1.0,765.8299877739643,1.0,558.2279428578164,1.0,368.79752050413026,1.0,181.87027610070652,0.0,85.8765653987
ens3,2023-24,06,2023-12-16,0,440.47748593472517,1763.0,2220.3239175643594,1.0,1699.2666432029164,1.0,1376.817171498677,1.0,1021.5075725210621,0.0,797.1822282234609,0.0,643.7195424807906,0.0,505.9686513823625,0.0,390.0992670947055,0.0,288.3897121678061,0.0,187.57173582898315,0.0,90.60564543512737,0.0,686.9327695652
ens3,2023-24,06,2023-12-16,1,400.4054268350333,1810.0,3920.6824705420154,1.0,2910.709375243914,1.0,2286.755211680716,1.0,1668.8097215040964,1.0,1299.2522891777123,1.0,1002.0540281361484,0.0,795.6309578316717,0.0,606.8143318340665,0.0,441.63606352431157,0.0,288.68810034680223,0.0,142.70066655225162,0.0,669.271559274
ens3,2023-24,06,2023-12-16,2,250.18320358699225,1470.0,5586.129384337398,1.0,4082.977409558206,1.0,3132.00641432563,1.0,2209.185370284333,1.0,1665.2568527408698,1.0,1292.3848879338652,1.0,1024.2050072734107,1.0,786.7432151747385,1.0,573.7032378026813,0.0,379.64201111652073,0.0,185.9568332844666,0.0,349.7144229537
ens3,2023-24,06,2023-12-16,3,198.09182835129073,1075.0,6310.284386224474,1.0,4679.144108471913,1.0,3566.5743851719485,1.0,2454.289713032142,1.0,1883.121174436776,1.0,1482.560622579116,1.0,1169.5367250337663,1.0,891.5605223918752,1.0,645.4796063086726,1.0,419.2787932337185,1.0,207.7251647956407,1.0,85.8765653987
pf,2023-24,36,2023-12-16,0,98.5538828136075,938.0,2630.105121320323,1.0,2029.4788268258226,1.0,1606.0052065224586,1.0,1195.0763949525854,1.0,940.2693290988004,1.0,752.7338781229553,1.0,601.2622242764899,1.0,462.286426161941,1.0,336.9276404702408,1.0,220.41037901840468,1.0,110.89120089056473,1.0,151.7567869565
pf,2023-24,36,2023-12-16,1,169.44812752160465,1333.0,4677.115899077011,1.0,3577.1398539476586,1.0,2792.3800900717138,1.0,2023.719999245717,1.0,1579.3933581723932,1.0,1257.8977776625711,1.0,982.9427161049573,1.0,754.414095399246,1.0,546.9425562047543,1.0,357.54474714066714,1.0,179.17017624605478,0.0,494.9967213723
pf,2023-24,36,2023-12-16,2,206.64402759116405,1240.0,5712.214826905204,1.0,4467.630045657194,1.0,3470.24799546354,1.0,2558.2748264729744,1.0,2008.8134622308717,1.0,1597.289716344268,1.0,1246.5680113935998,1.0,958.2791536409728,1.0,699.0010845607729,1.0,457.2804251231339,1.0,223.94614598782528,1.0,377.0926263725
pf,2023-24,36,2023-12-16,3,219.57634784369301,1024.0,5520.223392631363,1.0,4386.7276695604405,1.0,3458.5201697334114,1.0,2562.236091768218,1.0,2014.8964474833974,1.0,1605.3417822853935,1.0,1262.2905394616719,1.0,975.5186381802232,1.0,712.7559861113192,1.0,461.2132772222333,1.0,228.38539179928716,0.0,183.7453357548
analogue,2023-24,36,2023-12-16,0,159.97874885034125,938.0,1041.1385014018747,1.0,742.2222839248712,1.0,648.5623605291762,1.0,486.3656489048708,1.0,364.5978639719537,0.0,309.9812171098955,0.0,241.83113924050633,0.0,186.2858239026832,0.0,143.96977182472915,0.0,89.86416033311036,0.0,40.357114874074455,0.0,151.7567869565
analogue,2023-24,36,2023-12-16,1,520.6799027684991,1333.0,1399.855062306371,1.0,1187.2629975715975,1.0,980.1682430313731,0.0,796.3286663603675,0.0,624.3924945397911,0.0,431.8340098618298,0.0,353.7794117647059,0.0,260.6895099396016,0.0,192.345157999349,0.0,125.25394053212023,0.0,60.583630821073086,0.0,494.9967213723
analogue,2023-24,36,2023-12-16,2,538.4933146927824,1240.0,1880.0847913818036,1.0,1416.915383371853,1.0,1141.5934204065975,1.0,836.5275564457359,0.0,568.9387215895745,0.0,411.1150911164881,0.0,345.5143304782251,0.0,283.91209188047225,0.0,208.53104626418667,0.0,144.96766942552892,0.0,64.64494967113228,0.0,377.0926263725
analogue,2023-24,36,2023-12-16,3,486.2172878338542,1024.0,1776.772814478347,1.0,1345.0622104661725,1.0,1014.7982259157636,1.0,600.9785150307241,0.0,469.8764986508384,0.0,372.8254479025053,0.0,311.26368671921443,0.0,248.25571730101936,0.0,182.6777986651062,0.0,129.8147483187582,0.0,65.05128017242271,0.0,183.7453357548
ens2,2023-24,36,2023-12-16,0,83.805336725284,938.0,1835.6218113610987,1.0,1385.8505553753469,1.0,1127.2837835258174,1.0,840.7210219287281,1.0,652.433596535377,1.0,531.3575476164253,1.0,421.54668175849804,1.0,324.28612503231204,1.0,240.44870614748504,1.0,155.13726967575758,0.0,75.62415788231954,0.0,151.7567869565
ens2,2023-24,36,2023-12-16,1,238.21384421651632,1333.0,3038.4854806916915,1.0,2382.2014257596284,1.0,1886.2741665515434,1.0,1410.0243328030422,1.0,1101.8929263560922,1.0,844.8658937622004,1.0,668.3610639348316,0.0,507.55180266942375,0.0,369.6438571020517,0.0,241.39934383639365,0.0,119.87690353356402,0.0,494.9967213723
ens2,2023-24,36,2023-12-16,2,212.8022887197973,1240.0,3796.1498091435037,1.0,2942.272714514524,1.0,2305.9207079350685,1.0,1697.4011914593552,1.0,1288.8760919102228,1.0,1004.2024037303781,1.0,796.0411709359123,1.0,621.0956227607224,0.0,453.76606541247975,0.0,301.12404727433136,0.0,144.29554782947878,0.0,377.0926263725
ens2,2023-24,36,2023-12-16,3,174.84005770605796,1024.0,3648.4981035548544,1.0,2865.8949400133065,1.0,2236.6591978245874,1.0,1581.6073033994712,1.0,1242.386473067118,1.0,989.0836150939494,1.0,786.7771130904431,1.0,611.8871777406213,1.0,447.7168923882127,0.0,295.5140127704957,0.0,146.718335985855,0.0,183.7453357548
ens3,2023-24,36,2023-12-16,0,84.63494283178028,938.0,2144.8280336500534,1.0,1614.900293934433,1.0,1296.331242104135,1.0,964.3865268733123,1.0,750.4449406480519,1.0,607.0784431468383,1.0,480.361500552283,1.0,370.50286982754596,1.0,271.63696386464267,1.0,176.2706687898816,1.0,86.82393229780394,0.0,151.7567869565
ens3,2023-24,36,2023-12-16,1,211.2382260348184,1333.0,3646.8593434877093,1.0,2771.9552047312477,1.0,2167.3876814717005,1.0,1601.6350561793836,1.0,1246.7672046225243,1.0,967.7690570512441,1.0,763.0227352407676,1.0,583.306907737931,0.0,425.1061684799771,0.0,278.5843756026543,0.0,138.88164686174002,0.0,494.9967213723
ens3,2023-24,36,2023-12-16,2,199.248812699602,1240.0,4436.085660259544,1.0,3403.2407440083116,1.0,2671.686594013013,1.0,1947.0158548724016,1.0,1492.9540880484994,1.0,1171.3135080995278,1.0,925.9741542644429,1.0,715.6984172117958,1.0,523.8376056822337,0.0,344.38978824966784,0.0,166.89386094179315,0.0,377.0926263725
ens3,2023-24,36,2023-12-16,3,173.85359064016134,1024.0,4193.25461974135,1.0,3299.37573672722,1.0,2576.637991047739,1.0,1847.6595162684077,1.0,1450.3948577998672,1.0,1153.4866319771018,1.0,911.3824200205036,1.0,706.3262905042078,1.0,515.9907909585643,1.0,337.6548934058171,0.0,165.0490610099322,0.0,183.7453357548
pf,2023-24,42,2023-12-16,0,92.13372981449011,702.0,1252.5961636245283,1.0,970.1444855519449,1.0,778.4501517498554,1.0,579.6988718189754,1.0,458.4041448383031,1.0,366.0300083602968,1.0,293.11446543286763,0.0,226.5322829327127,0.0,165.64274305527852,0.0,107.60643442619414,0.0,52.84925254400014,0.0,256.6160956522
pf,2023-24,42,2023-12-16,1,140.9594869389579,932.0,2427.4542856022695,1.0,1882.7448118636412,1.0,1455.110433096554,1.0,1058.3782315585152,1.0,819.0349840634533,1.0,651.2514611310186,1.0,511.85479778726005,1.0,392.2745296465608,0.0,282.98288201525565,0.0,188.06890341154656,0.0,90.67915278025248,0.0,456.5434976595
pf,2023-24,42,2023-12-16,2,122.22228366510652,758.0,3487.1689970425514,1.0,2743.4102583082185,1.0,2130.3972143108012,1.0,1541.1995439495627,1.0,1185.4963976760469,1.0,937.1073683260893,1.0,731.0813268586678,1.0,566.594587761264,1.0,409.467489436911,1.0,268.10499473641005,1.0,135.06491675960137,1.0,267.9457212913
pf,2023-24,42,2023-12-16,3,178.99311210106055,577.0,3803.0959040018456,1.0,2970.350591330799,1.0,2371.2318376645962,1.0,1759.7729784531311,1.0,1372.128736446556,1.0,1084.6732404015654,1.0,855.543784690893,1.0,660.5196465324822,1.0,474.8730851502145,0.0,310.2167478953347,0.0,153.49030521658472,0.0,114.2045104826
analogue,2023-24,42,2023-12-16,0,248.6318632192312,702.0,562.7003697562943,1.0,401.14620009108273,0.0,350.5261591886083,0.0,262.8642876111373,0.0,197.0528921878598,0.0,167.53443009780364,0.0,130.70160337552744,0.0,100.68122718471494,0.0,77.81082318099214,0.0,48.56855853394444,0.0,21.811664280363914,0.0,256.6160956522
analogue,2023-24,42,2023-12-16,1,483.48575544912825,932.0,756.5746152931553,0.0,641.6757490304656,0.0,529.7479941760782,0.0,430.3888814073865,0.0,337.4631589145099,0.0,233.39176939034422,0.0,191.2058823529412,0.0,140.89391895226748,0.0,103.95609362379079,0.0,67.69554536303889,0.0,32.74341638340576,0.0,456.5434976595
analogue,2023-24,42,2023-12-16,2,363.167538012749,758.0,1016.122644450522,1.0,765.7951454712072,1.0,616.9928774213985,0.0,452.11503050702333,0.0,307.4922583076712,0.0,222.19389012331453,0.0,186.73888368781985,0.0,153.4449440341647,0.0,112.70402226075382,0.0,78.35015329719945,0.0,34.938422730351334,0.0,267.9457212913
analogue,2023-24,42,2023-12-16,3,280.19980093936823,577.0,960.2859930102451,1.0,726.9609203342551,1.0,548.4643360916472,1.0,324.80868987943114,0.0,253.95245606094693,0.0,201.49962479230052,0.0,168.22756182080997,0.0,134.17387190205983,0.0,98.73121080116852,0.0,70.16050869354011,0.0,35.158030710472616,0.0,114.2045104826
ens2,2023-24,42,2023-12-16,0,147.00149293126233,702.0,907.6482666904114,1.0,685.6453428215137,1.0,564.4881554692319,1.0,421.2815797150563,1.0,327.72851851308144,0.0,266.78221922905027,0.0,211.90803440419756,0.0,163.60675505871387,0.0,121.72678311813536,0.0,78.08749648006926,0.0,37.330458412182,0.0,256.6160956522
ens2,2023-24,42,2023-12-16,1,250.22845571751884,932.0,1592.0144504477125,1.0,1262.2102804470533,1.0,992.4292136363161,1.0,744.3835564829508,1.0,578.2490714889816,0.0,442.3216152606814,0.0,351.53034007010064,0.0,266.58422429941413,0.0,193.46948781952324,0.0,127.8822243872927,0.0,61.71128458182915,0.0,456.5434976595
ens2,2023-24,42,2023-12-16,2,135.90414736422565,758.0,2251.645820746537,1.0,1754.602701889713,1.0,1373.6950458661,1.0,996.657287228293,1.0,746.494327991859,1.0,579.6506292247018,1.0,458.91010527324386,1.0,360.0197658977143,0.0,261.08575584883243,0.0,173.22757401680474,0.0,85.00166974497637,0.0,267.9457212913
ens2,2023-24,42,2023-12-16,3,91.240332097826,577.0,2381.6909485060455,1.0,1848.6557558325271,1.0,1459.8480868781216,1.0,1042.290834166281,1.0,813.0405962537516,1.0,643.086432596933,1.0,511.88567325585143,1.0,397.34675921727097,1.0,286.80214797569147,1.0,190.18862829443742,1.0,94.32416796352868,0.0,114.2045104826
ens3,2023-24,42,2023-12-16,0,128.28656112396635,702.0,1035.9941003739227,1.0,794.0557015091707,1.0,640.4569909418638,1.0,476.2980408643666,1.0,372.386535383775,0.0,300.58315920839476,0.0,239.04039020410085,0.0,184.99910700515454,0.0,136.3110446026899,0.0,88.39117017413389,0.0,42.887129745178754,0.0,256.6160956522
ens3,2023-24,42,2023-12-16,1,212.96107682729053,932.0,1903.0005861155223,1.0,1473.068903433038,1.0,1145.005522735129,1.0,843.8023553329685,1.0,653.8653650966622,1.0,505.4788475461238,0.0,400.28228436469954,0.0,305.6770894584685,0.0,222.50396452951736,0.0,146.54654507268293,0.0,71.2533632754625,0.0,456.5434976595
ens3,2023-24,42,2023-12-16,2,119.87296244972408,758.0,2684.3131334464674,1.0,2056.9962181426417,1.0,1595.221781828767,1.0,1149.9475549526999,1.0,870.5699348060723,1.0,678.795581583564,1.0,536.2103157335273,1.0,418.3783740171969,1.0,304.5612938909949,0.0,201.0821705004886,0.0,99.0454992239454,0.0,267.9457212913
ens3,2023-24,42,2023-12-16,3,100.00927120817428,577.0,2807.796209968903,1.0,2189.399178688824,1.0,1716.0845790579026,1.0,1241.5323653839546,1.0,968.6034894473394,1.0,765.7618505472979,1.0,605.844119095378,1.0,467.82555229597847,1.0,339.50547557608536,1.0,224.89058789858728,1.0,110.39108545382703,1.0,114.2045104826
pf,2023-24,50,2023-12-16,0,2.2056484490912593,12.0,69.4265535908997,1.0,49.98728698247699,1.0,37.02783204253825,1.0,25.167098654958252,1.0,19.440108593568734,1.0,14.811840084537957,1.0,11.213079459407226,1.0,9.314551869168875,1.0,6.520186308418213,1.0,4.582294460420848,1.0,2.723131127941512,0.0,2.5637108696
pf,2023-24,50,2023-12-16,1,4.611943331545448,19.0,152.73841789997934,1.0,101.52861537394074,1.0,71.27792835332369,1.0,47.50421453276126,1.0,35.15191279074379,1.0,25.920088659081912,1.0,20.361417652021416,1.0,15.732643951903029,1.0,11.06210612890482,0.0,6.579548335759171,0.0,3.6393036620941785,0.0,7.4067970669
pf,2023-24,50,2023-12-16,2,5.28487565136009,15.0,220.31359672845505,1.0,156.5058152997612,1.0,110.84910344584372,1.0,72.20395252859409,1.0,51.838493347871776,1.0,39.144189073328846,1.0,29.61660749384933,1.0,22.216497149087903,1.0,15.736685480603933,1.0,10.180708826010708,1.0,4.732257408748028,1.0,4.1397506086
pf,2023-24,50,2023-12-16,3,7.206826644189935,24.0,246.23284340239093,1.0,173.998360492402,1.0,127.72161981722525,1.0,85.15747126579873,1.0,63.848937503144434,1.0,47.527959343697646,1.0,36.35559131828307,1.0,27.05375383972841,1.0,19.43943500545192,1.0,12.891967548484029,0.0,5.669480401369807,0.0,10.182225698
analogue,2023-24,50,2023-12-16,0,3.0166355972793526,12.0,11.425388218401917,1.0,8.145100509463608,1.0,7.1172824200732645,0.0,5.337345941342889,0.0,4.00107395305299,0.0,3.4017143167066726,0.0,2.6538396624472576,0.0,2.0442888768470038,0.0,1.5799151914922263,0.0,0.9861636250547097,0.0,0.4428764320886085,0.0,2.5637108696
analogue,2023-24,50,2023-12-16,1,9.893111785769102,19.0,15.361921122703661,0.0,13.028949218892702,0.0,10.7563044502757,0.0,8.73886053619059,0.0,6.852043835827612,0.0,4.738919175438461,0.0,3.882352941176471,0.0,2.8607902325333505,0.0,2.110783626879001,0.0,1.374528839858658,0.0,0.6648409417950409,0.0,7.4067970669
analogue,2023-24,50,2023-12-16,2,7.051073382735138,15.0,20.631931867015677,1.0,15.549140009567662,1.0,12.527774160840579,0.0,9.180000619431944,0.0,6.243497630612612,0.0,4.511551068493696,0.0,3.791652460666393,0.0,3.1156333814043595,0.0,2.2884065433655603,0.0,1.5908660567959276,0.0,0.7094095985858138,0.0,4.1397506086
analogue,2023-24,50,2023-12-16,3,16.920161662139474,24.0,19.49819275147706,0.0,14.76062782404579,0.0,11.136331697292329,0.0,6.595100302120429,0.0,5.15639504692278,0.0,4.0913629399451885,0.0,3.4157880572753294,0.0,2.72434257669157,0.0,2.004694635556721,0.0,1.4245788567216264,0.0,0.7138686438674644,0.0,10.182225698
ens2,2023-24,50,2023-12-16,0,1.9706639525542224,12.0,40.42597090465081,1.0,29.0661937459703,1.0,22.07255723130576,1.0,15.252222298150572,1.0,11.720591273310863,1.0,9.106777200622314,1.0,6.933459560927242,1.0,5.67942037300794,0.0,4.050050749955219,0.0,2.7842290427377794,0.0,1.5830037800150611,0.0,2.5637108696
ens2,2023-24,50,2023-12-16,1,5.073546459636645,19.0,84.05016951134151,1.0,57.278782296416715,1.0,41.0171164017997,1.0,28.121537534475923,1.0,21.001978313285704,1.0,15.329503917260185,1.0,12.121885296598943,0.0,9.296717092218191,0.0,6.586444877891909,0.0,3.9770385878089147,0.0,2.15207230194461,0.0,7.4067970669
ens2,2023-24,50,2023-12-16,2,3.7774484088541755,15.0,120.47276429773537,1.0,86.02747765466442,1.0,61.68843880334215,1.0,40.69197657401302,1.0,29.040995489242196,1.0,21.827870070911267,1.0,16.704129977257864,1.0,12.666065265246132,1.0,9.012546011984746,0.0,5.885787441403318,0.0,2.7208335036669204,0.0,4.1397506086
ens2,2023-24,50,2023-12-16,3,7.373740067958962,24.0,132.865518076934,1.0,94.3794941582239,1.0,69.42897575725878,1.0,45.87628578395958,1.0,34.502666275033604,1.0,25.80966114182142,1.0,19.885689687779198,0.0,14.889048208209992,0.0,10.722064820504318,0.0,7.158273202602827,0.0,3.1916745226186354,0.0,10.182225698
ens3,2023-24,50,2023-12-16,0,2.0926119246018757,12.0,53.63806363855247,1.0,37.012826196791316,1.0,27.534944533688932,1.0,18.839755868923806,1.0,14.244430255006902,1.0,10.99127026465775,1.0,8.470022090201194,1.0,6.9636466388105465,1.0,4.909658619699076,0.0,3.1964188977270833,0.0,1.7476112679039142,0.0,2.5637108696
ens3,2023-24,50,2023-12-16,1,4.999568580428962,19.0,114.07055233263462,1.0,74.51932534226256,1.0,51.84470690399919,1.0,34.176457750308415,1.0,25.100811010703847,1.0,18.538948639339438,1.0,14.303596290304299,0.0,11.002995237028376,0.0,7.883159943740101,0.0,4.867661418922754,0.0,2.4073497244555977,0.0,7.4067970669
ens3,2023-24,50,2023-12-16,2,4.172644863215628,15.0,159.5139913579632,1.0,109.29581393914721,1.0,76.70929183167786,1.0,49.0063256766813,1.0,34.72107789503806,1.0,26.11733728352412,1.0,19.64718427712989,1.0,14.856903037246916,1.0,10.509855925616261,1.0,6.861959153581243,0.0,3.3647898120902298,0.0,4.1397506086
ens3,2023-24,50,2023-12-16,3,7.3959720953584585,24.0,171.8546125273783,1.0,118.86677660550633,1.0,86.68699885879437,1.0,56.307001480505036,1.0,41.00774518719479,1.0,30.352802791734078,1.0,23.197058725497854,1.0,17.32134028919294,0.0,12.56991043828712,0.0,8.07118224384536,0.0,3.7354586999456725,0.0,10.182225698
pf,2023-24,56,2023-12-16,0,9.833743521986317,26.0,191.2108243493952,1.0,142.43324930184252,1.0,108.64604115207113,1.0,78.36257127402956,1.0,60.45134018561987,1.0,48.217139790027986,1.0,37.85614700050629,0.0,29.310035817838276,0.0,21.074583323038738,0.0,14.196384153931298,0.0,7.489841919415923,0.0,18.5615086957
pf,2023-24,56,2023-12-16,1,20.517344946682467,72.0,226.6527383513849,1.0,160.71434404705138,1.0,121.62234216357932,1.0,85.27508373620455,1.0,65.01168027879439,1.0,50.57660536389518,0.0,39.8899910844728,0.0,30.499468807208686,0.0,22.456052449265574,0.0,13.987057147351877,0.0,7.2758884135852355,0.0,16.8062503506
pf,2023-24,56,2023-12-16,2,33.68717140944371,82.0,214.48343726063956,1.0,151.72981609168554,1.0,111.8583322443962,1.0,76.64425586664206,0.0,57.49939953580173,0.0,44.02037874264951,0.0,34.44102268672282,0.0,26.0663154304228,0.0,18.520753544624334,0.0,12.078597845895573,0.0,6.125331104719461,0.0,24.1854260229
pf,2023-24,56,2023-12-16,3,22.929729341577332,56.0,179.8279301827384,1.0,122.69509819759757,1.0,89.08989280396399,1.0,60.836583592166086,1.0,44.89298713801188,0.0,33.559145854703566,0.0,25.813461287168355,0.0,19.519357245833998,0.0,14.049057045526439,0.0,9.541726379012825,0.0,4.757692802586554,0.0,4.1672986472
analogue,2023-24,56,2023-12-16,0,11.312918254724718,26.0,69.98050283771174,1.0,49.8887406204646,1.0,43.59335482294874,0.0,32.69124389072519,0.0,24.506577962449562,0.0,20.835500189828373,0.0,16.254767932489457,0.0,12.521269370687904,0.0,9.676980547889883,0.0,6.040252203460092,0.0,2.7126181465427237,0.0,18.5615086957
analogue,2023-24,56,2023-12-16,1,21.065830571320404,72.0,94.09176687655992,1.0,79.8023139657178,1.0,65.88236475793866,1.0,53.52552078416736,0.0,41.96876849444412,0.0,29.025879949560572,0.0,23.779411764705884,0.0,17.52234017426677,0.0,12.928549714633881,0.0,8.418989144134283,0.0,4.07215076849463,0.0,16.8062503506
analogue,2023-24,56,2023-12-16,2,35.19937768585708,82.0,126.37058268547102,1.0,95.23848255860192,1.0,76.73261673514855,1.0,56.227503794020656,0.0,38.241422987502254,0.0,27.633250294523886,0.0,23.223871321581655,0.0,19.083254461101703,0.0,14.016490078114057,0.0,9.744054597875056,0.0,4.34513379133811,0.0,24.1854260229
analogue,2023-24,56,2023-12-16,3,23.19931313823306,56.0,119.42643060279698,1.0,90.40884542228046,1.0,68.2100316459155,1.0,40.39498935048763,0.0,31.582919662402034,0.0,25.059598007164276,0.0,20.921701850811395,0.0,16.68659828223587,0.0,12.278754642784918,0.0,8.725545497419962,0.0,4.372445443688219,0.0,4.1672986472
ens2,2023-24,56,2023-12-16,0,9.90609838423971,26.0,130.59566359355347,1.0,96.16099496115356,1.0,76.11969798750994,1.0,55.52690758237737,1.0,42.47895907403471,0.0,34.52631998992818,0.0,27.05545746649787,0.0,20.915652594263086,0.0,15.375781935464303,0.0,10.118318178695688,0.0,5.101230032979316,0.0,18.5615086957
ens2,2023-24,56,2023-12-16,1,20.420660208324346,72.0,160.3722526139724,1.0,120.25832900638459,1.0,93.75235346075898,1.0,69.40030226018597,1.0,53.49022438661925,0.0,39.80124265672788,0.0,31.83470142458934,0.0,24.010904490737722,0.0,17.69230108194973,0.0,11.203023145743074,0.0,5.674019591039933,0.0,16.8062503506
ens2,2023-24,56,2023-12-16,2,34.44327454765038,82.0,170.4270099730553,1.0,123.48414932514372,1.0,94.29547448977236,1.0,66.43587983033136,0.0,47.870411261651995,0.0,35.826814518586694,0.0,28.83244700415224,0.0,22.574784945762254,0.0,16.2686218113692,0.0,10.911326221885318,0.0,5.2352324480287855,0.0,24.1854260229
ens2,2023-24,56,2023-12-16,3,22.770936248455133,56.0,149.6271803927677,1.0,106.55197180993902,1.0,78.64996222493974,1.0,50.61578647132686,0.0,38.23795340020696,0.0,29.30937193093392,0.0,23.367581568989877,0.0,18.102977764034932,0.0,13.163905844155677,0.0,9.133635938216393,0.0,4.565069123137384,0.0,4.1672986472
ens3,2023-24,56,2023-12-16,0,10.18050696372292,26.0,159.94956207747316,1.0,116.80460253523943,1.0,91.04056023595686,1.0,65.7337503545871,1.0,50.64607764617168,1.0,40.48663632888461,0.0,31.670713811160805,0.0,24.48322290840281,0.0,17.953118964309084,0.0,11.767036352363782,0.0,5.702496998383147,0.0,18.5615086957
ens3,2023-24,56,2023-12-16,1,19.431925379197715,72.0,204.7499107551811,1.0,149.49559840358563,1.0,112.63443729755363,1.0,80.94419930934069,1.0,61.82876308316624,1.0,46.96467776270396,0.0,37.16228571064905,0.0,28.199647071185517,0.0,20.418057443425276,0.0,13.172114819100138,0.0,6.499452456085294,0.0,16.8062503506
ens3,2023-24,56,2023-12-16,2,32.224525025017385,82.0,209.2522174584341,1.0,149.39433305939713,1.0,111.78544066812626,1.0,77.09676544110063,1.0,56.49509545954156,0.0,42.713732728019,0.0,33.63865017798832,0.0,25.961870002007515,0.0,18.672559154354463,0.0,12.352972826868982,0.0,6.057687523352371,0.0,24.1854260229
ens3,2023-24,56,2023-12-16,3,21.32462294352686,56.0,179.9232109053536,1.0,129.12507199803926,1.0,94.09198367018212,1.0,61.52656395011914,1.0,45.76474307476721,0.0,34.978594176907194,0.0,27.421622522137675,0.0,20.781928230627965,0.0,15.088426391795572,0.0,10.19220858101059,0.0,5.172993947769509,0.0,4.1672986472
pf,2023-24,02,2023-12-23,0,1.6960858883313903,4.0,7.491414295188147,1.0,5.61856072139111,1.0,4.392583542442901,1.0,3.1375596731735014,0.0,3.088526457989094,0.0,1.87943280679823,0.0,1.2648305123062817,0.0,1.2485690491980246,0.0,1.2256039401587564,0.0,0.6275119346347002,0.0,0.013158466002386682,0.0,1.1075608696
pf,2023-24,02,2023-12-23,1,2.7794403855892003,5.0,9.265579373967283,1.0,6.177052915978188,1.0,4.369991672193085,0.0,3.121422622995061,0.0,2.4708211663912754,0.0,1.8728535737970367,0.0,1.8531158747934566,0.0,1.2550238692694005,0.0,0.6308637576002055,0.0,0.6177052915978188,0.0,0.0032274100356880497,0.0,1.5336283481
analogue,2023-24,02,2023-12-23,0,1.87468188585005,4.0,2.687640245287308,0.0,2.4577197288200443,0.0,1.9721655089096948,0.0,1.3885374635902648,0.0,1.1726508859056453,0.0,0.9470914753521749,0.0,0.7591959195919593,0.0,0.6232454228421971,0.0,0.4330214251301594,0.0,0.3132508184173881,0.0,0.1486374783584301,0.0,1.1075608696
analogue,2023-24,02,2023-12-23,1,3.025666053012307,5.0,3.513751778180792,0.0,2.9276393299794847,0.0,2.427912117247058,0.0,1.8695055453512481,0.0,1.4915774367214616,0.0,1.2849177231530173,0.0,1.043924914060947,0.0,0.8131984176649384,0.0,0.5982520376955862,0.0,0.41722416466250545,0.0,0.17138854459446073,0.0,1.5336283481
ens2,2023-24,02,2023-12-23,0,1.6909567145366702,4.0,5.089527270237727,1.0,4.038140225105577,1.0,3.182374525676298,0.0,2.263048568381883,0.0,2.1305886719473697,0.0,1.4132621410752022,0.0,1.0120132159491204,0.0,0.9359072360201108,0.0,0.8293126826444581,0.0,0.47038137652604406,0.0,0.0808979721804084,0.0,1.1075608696
ens2,2023-24,02,2023-12-23,1,2.800076059492555,5.0,6.389665576074037,1.0,4.552346122978836,0.0,3.3989518947200716,0.0,2.495464084173155,0.0,1.9811993015563683,0.0,1.5788856484750269,0.0,1.4485203944272018,0.0,1.0341111434671695,0.0,0.614557897647896,0.0,0.5174647281301621,0.0,0.08730797731507434,0.0,1.5336283481
ens3,2023-24,02,2023-12-23,0,1.7136592385289797,4.0,5.895992613547851,1.0,4.540711067437253,1.0,3.5080462051426835,0.0,2.646414697128543,0.0,2.3305649691974097,0.0,1.6354063547293771,0.0,1.1306618790075416,0.0,1.0772241357792298,0.0,0.7874863874632316,0.0,0.5411307146588202,0.0,0.27614076188190295,0.0,1.1075608696
ens3,2023-24,02,2023-12-23,1,2.8563421291651974,5.0,7.494857822774711,1.0,5.074684318265426,1.0,3.631226711662126,0.0,2.5738152440145994,0.0,2.003428925295285,0.0,1.5147448283250686,0.0,1.420766523567716,0.0,1.142693407410602,0.0,0.6407824631027892,0.0,0.5760536834243,0.0,0.05910545930192912,0.0,1.5336283481
pf,2023-24,06,2023-12-23,0,239.46200534918393,1810.0,4872.5202282000455,1.0,3852.449279738935,1.0,3060.0048803785203,1.0,2267.2325795076404,1.0,1791.6519560453562,1.0,1438.6936386816733,1.0,1140.6143072484708,1.0,878.8382524033568,1.0,640.5913507135219,0.0,414.4350354466537,0.0,207.1410884479801,0.0,125.7398956522
pf,2023-24,06,2023-12-23,1,731.8875477619342,1470.0,9804.775922089506,1.0,7306.366595807989,1.0,5608.792803604655,1.0,4044.217192417955,1.0,3163.278826266118,0.0,2491.6520521950492,0.0,1963.4374763120366,0.0,1511.3866446795032,0.0,1102.3364755584453,0.0,720.6342316618052,0.0,359.0271081473393,0.0,104.3553670671
pf,2023-24,06,2023-12-23,2,1223.685240726649,1075.0,12907.930098311634,1.0,10008.83035792972,1.0,7788.8268575466345,1.0,5617.296918406915,0.0,4316.369914018516,0.0,3385.2485636175415,0.0,2652.863118374462,0.0,2027.9530639223076,0.0,1489.2034885531284,0.0,974.9439449015604,0.0,484.6487989002276,0.0,365.9922963038
pf,2023-24,06,2023-12-23,3,1190.6589722946453,1096.0,12656.090287714916,1.0,10157.990146506745,1.0,8079.313394396897,1.0,5959.793207330939,0.0,4674.636253570941,0.0,3711.4392650684085,0.0,2925.2390742324005,0.0,2261.6415134777226,0.0,1659.6848570790648,0.0,1078.8649351010554,0.0,536.8698254783799,0.0,333.2034626134
analogue,2023-24,06,2023-12-23,0,253.0499007054488,1810.0,2194.458260277087,1.0,2006.7281585815663,1.0,1610.273138024766,1.0,1133.7408390214512,1.0,957.4694483419594,1.0,773.3001896250508,0.0,619.8834683468347,0.0,508.879887750654,0.0,353.5619936187752,0.0,255.76929323779746,0.0,121.36250107965816,0.0,125.7398956522
analogue,2023-24,06,2023-12-23,1,246.24364000685273,1470.0,2868.9783268846163,1.0,2390.4175129282494,1.0,1982.3902437322226,1.0,1526.4512777792943,1.0,1217.8729770830735,1.0,1049.1353209544386,1.0,852.3646923307631,0.0,663.9765080234223,0.0,488.4727887784462,0.0,340.66353044693574,0.0,139.9387466613772,0.0,104.3553670671
analogue,2023-24,06,2023-12-23,2,206.27522682152315,1075.0,2825.2180978749293,1.0,2382.841638224498,1.0,1967.0322809413885,1.0,1281.5148460449195,1.0,1054.378886787083,1.0,901.8903350970018,1.0,770.5974164744405,1.0,667.4295903771394,0.0,516.0733297743587,0.0,370.36229923907973,0.0,175.35635715147725,0.0,365.9922963038
analogue,2023-24,06,2023-12-23,3,379.626570790156,1096.0,2219.096839080461,1.0,1720.344980438386,1.0,1318.5597731918117,1.0,917.0173679971354,0.0,770.2141479933641,0.0,613.688811081774,0.0,481.85524129227485,0.0,383.03887417818925,0.0,293.86805524975637,0.0,161.66906296402078,0.0,82.03499837703322,0.0,333.2034626134
ens2,2023-24,06,2023-12-23,0,145.0129958385474,1810.0,3533.4892442385662,1.0,2929.5887191602505,1.0,2335.139009201643,1.0,1700.4867092645459,1.0,1374.5607021936576,1.0,1105.996914153362,1.0,880.248887797653,1.0,693.8590700770055,1.0,497.0766721661487,1.0,335.1021643422255,1.0,164.25179476381936,1.0,125.7398956522
ens2,2023-24,06,2023-12-23,1,279.99134132257944,1470.0,6336.877124487061,1.0,4848.39205436812,1.0,3795.591523668439,1.0,2785.334235098625,1.0,2190.5759016745956,1.0,1770.3936865747437,1.0,1407.9010843214,1.0,1087.6815763514628,1.0,795.4046321684457,0.0,530.6488810543706,0.0,249.48292740435818,0.0,104.3553670671
ens2,2023-24,06,2023-12-23,2,464.95338141507995,1075.0,7866.574098093281,1.0,6195.835998077109,1.0,4877.929569244012,1.0,3449.405882225918,1.0,2685.3744004028,1.0,2143.5694493572714,1.0,1711.7302674244515,0.0,1347.6913271497237,0.0,1002.6384091637437,0.0,672.6531220703203,0.0,330.0025780258525,0.0,365.9922963038
ens2,2023-24,06,2023-12-23,3,401.615808877995,1096.0,7437.59356339769,1.0,5939.167563472565,1.0,4698.936583794354,1.0,3438.405287664038,1.0,2722.425200782153,1.0,2162.5640380750915,1.0,1703.5471577623375,1.0,1322.340193827956,0.0,976.7764561644103,0.0,620.2669990325378,0.0,309.4524119277064,0.0,333.2034626134
ens3,2023-24,06,2023-12-23,0,159.7991485965042,1810.0,4087.151749265958,1.0,3292.898062209545,1.0,2619.118041603485,1.0,1915.994349707862,1.0,1533.8596598762733,1.0,1227.717859542281,1.0,975.587395352471,1.0,762.3240060802859,1.0,549.8288308681342,1.0,365.16132783946523,1.0,177.90837575503565,1.0,125.7398956522
ens3,2023-24,06,2023-12-23,1,375.3387523081946,1470.0,7599.98627085778,1.0,5753.696282222229,1.0,4458.977048236641,1.0,3231.4827303244424,1.0,2519.0538840050676,1.0,2007.4982616744728,1.0,1585.716641487275,1.0,1219.1446737156334,0.0,884.1855079499614,0.0,586.1469052763832,0.0,281.6066631400158,0.0,104.3553670671
ens3,2023-24,06,2023-12-23,2,623.4055240693881,1075.0,9591.663844768942,1.0,7433.613773274228,1.0,5778.532091307129,1.0,4103.64624884577,1.0,3175.965110183807,1.0,2521.713277892563,0.0,1991.6647581556304,0.0,1548.6061166738082,0.0,1138.4850141141583,0.0,751.0957548039162,0.0,370.8122836709151,0.0,365.9922963038
ens3,2023-24,06,2023-12-23,3,541.545787723943,1096.0,9097.192494079383,1.0,7232.510784120515,1.0,5691.779990394593,1.0,4157.45561276713,1.0,3259.1789846691718,1.0,2583.2810582845723,1.0,2029.7467490676313,0.0,1564.675323137471,0.0,1149.6560957776012,0.0,739.4751121438801,0.0,366.0617832707894,0.0,333.2034626134
pf,2023-24,36,2023-12-23,0,141.48365563662404,1333.0,2779.3494730038096,1.0,2175.3380640924115,1.0,1735.0692571167947,1.0,1283.5769303199922,1.0,1009.1534533299017,1.0,803.3606012605242,1.0,637.9618538896491,1.0,491.7972731284399,1.0,358.8150942753765,0.0,234.66137895168663,0.0,117.5312335146923,0.0,339.503926087
pf,2023-24,36,2023-12-23,1,156.61118383709544,1240.0,4455.216702326897,1.0,3411.2349521366405,1.0,2690.9291289753937,1.0,1951.9805359951347,1.0,1518.5801878770694,1.0,1212.2212025450895,1.0,950.3339860107691,1.0,728.8903541944085,1.0,536.877285118301,1.0,351.6607587497124,1.0,170.49788165626455,1.0,228.3231269555
pf,2023-24,36,2023-12-23,2,204.19617757457672,1024.0,5372.587351436986,1.0,4181.5720161587205,1.0,3266.5618092036175,1.0,2354.2408798699857,1.0,1830.3279055108255,1.0,1458.291127248253,1.0,1154.133664464714,1.0,888.2160509117186,1.0,647.2344212919405,1.0,425.4784488354884,1.0,212.5075752073103,0.0,64.3254505255
pf,2023-24,36,2023-12-23,3,210.46383843036435,851.0,5133.149821648502,1.0,4014.9105076738633,1.0,3160.3415247649855,1.0,2323.63724838284,1.0,1817.715398238574,1.0,1453.7046484636949,1.0,1151.5629469623989,1.0,885.2774624459889,1.0,642.2808547467741,1.0,416.84399675237466,0.0,208.28294838190538,0.0,46.1741916853
analogue,2023-24,36,2023-12-23,0,374.73449736149445,1333.0,1232.2830524642307,1.0,1126.8644956639903,1.0,904.2378858350951,0.0,636.6444270561365,0.0,537.6604311877384,0.0,434.2414414489722,0.0,348.0913291329133,0.0,285.75802637314735,0.0,198.54032342217806,0.0,143.62550024437246,0.0,68.1502838273401,0.0,339.503926087
analogue,2023-24,36,2023-12-23,1,406.93930003874067,1240.0,1611.0551902958932,1.0,1342.3226327955938,1.0,1113.197705757776,1.0,857.1682925435472,0.0,683.8882547367901,0.0,589.1347760656585,0.0,478.63957309694416,0.0,372.8514744993743,0.0,274.29855928342624,0.0,191.29727949775872,0.0,78.58164769656025,0.0,228.3231269555
analogue,2023-24,36,2023-12-23,2,384.06351686098265,1024.0,1586.4819324870239,1.0,1338.0684520831994,1.0,1104.5735466155868,1.0,719.6259117104662,0.0,592.0792646563107,0.0,506.4503596349973,0.0,432.7237176405768,0.0,374.79052931772014,0.0,289.79745462528285,0.0,207.97442033204902,0.0,98.47016503852092,0.0,64.3254505255
analogue,2023-24,36,2023-12-23,3,391.2222377176211,851.0,1246.1186781609201,1.0,966.0479773802816,1.0,740.4282376098538,0.0,514.9448416738353,0.0,432.50849584195646,0.0,344.6127616423679,0.0,270.58252067667854,0.0,215.09286443441493,0.0,165.019599916734,0.0,90.7841584433601,0.0,46.066193209883295,0.0,46.1741916853
ens2,2023-24,36,2023-12-23,0,213.38076586539745,1333.0,2005.8162627340205,1.0,1651.101279878201,1.0,1319.6535714759448,1.0,960.1106786880644,1.0,773.4069422588201,1.0,618.8010213547482,0.0,493.02659151128125,0.0,388.77764975079367,0.0,278.67770884877723,0.0,189.14343959802954,0.0,92.84075867101626,0.0,339.503926087
ens2,2023-24,36,2023-12-23,1,188.13072210641016,1240.0,3033.1359463113945,1.0,2376.778792466117,1.0,1902.063417366585,1.0,1404.574414269341,1.0,1101.2342213069298,1.0,900.677989305374,1.0,714.4867795538565,1.0,550.8709143468915,0.0,405.58792220086366,0.0,271.4790191237355,0.0,124.53976467641246,0.0,228.3231269555
ens2,2023-24,36,2023-12-23,2,160.00205270292005,1024.0,3479.5346419620046,1.0,2759.8202341209594,1.0,2185.567677909602,1.0,1536.9333957902259,1.0,1211.203585083568,1.0,982.3707434416253,1.0,793.4286910526453,1.0,631.5032901147193,1.0,468.51593795861163,1.0,316.72643458376876,0.0,155.4888701229156,0.0,64.3254505255
ens2,2023-24,36,2023-12-23,3,141.59016429184115,851.0,3189.634249904712,1.0,2490.4792425270725,1.0,1950.38488118742,1.0,1419.2910450283375,1.0,1125.111947040265,1.0,899.1587050530314,1.0,711.0727338195386,1.0,550.1851634402019,1.0,403.650227331754,1.0,253.81407759786737,0.0,127.1745707958944,0.0,46.1741916853
ens3,2023-24,36,2023-12-23,0,189.83788484528932,1333.0,2280.036450265627,1.0,1841.0771944780845,1.0,1467.7528774177772,1.0,1070.7770297927973,1.0,855.4743863403885,1.0,684.0530826445844,1.0,542.9176387667678,0.0,423.91516578800406,0.0,305.83035226785603,0.0,203.5222746767323,0.0,100.03416783389662,0.0,339.503926087
ens3,2023-24,36,2023-12-23,1,171.6205970062045,1240.0,3509.4846029014852,1.0,2715.6263964537084,1.0,2147.85110527337,1.0,1565.737536030738,1.0,1220.1532636810325,1.0,985.3028228953032,1.0,778.216731134398,1.0,598.0947850314274,1.0,438.61174126863557,0.0,291.1272135896613,0.0,136.17615386891646,0.0,228.3231269555
ens3,2023-24,36,2023-12-23,2,157.6173042878178,1024.0,4034.073423349961,1.0,3155.5414007713944,1.0,2454.272489645273,1.0,1742.7038145851511,1.0,1365.6808831337023,1.0,1095.7697978470649,1.0,875.8296303571024,1.0,687.3924513594218,1.0,506.28203378616365,1.0,338.248033577378,1.0,167.17912867320842,0.0,64.3254505255
ens3,2023-24,36,2023-12-23,3,142.39866716169814,851.0,3704.777755755666,1.0,2880.6946293996516,1.0,2245.53660077757,1.0,1637.0507933736126,1.0,1291.1759221211876,1.0,1027.2744074142179,1.0,810.2917989154676,1.0,626.9073398286813,1.0,459.1113965084394,1.0,295.09170493923887,1.0,145.68557377106265,0.0,46.1741916853
pf,2023-24,42,2023-12-23,0,103.74043863694553,932.0,2533.9940970889656,1.0,1963.3198359814137,1.0,1553.2650433111316,1.0,1153.1198217496012,1.0,911.1891999725932,1.0,726.9017333304785,1.0,576.1874738339981,1.0,445.43933125881745,1.0,326.7906199331236,1.0,213.23383320722644,0.0,106.51083707251746,0.0,174.9822173913
pf,2023-24,42,2023-12-23,1,373.38629166894856,758.0,4932.83166774992,1.0,3725.052154084489,1.0,2925.642084373172,1.0,2131.8375079590564,1.0,1674.1955006460184,0.0,1330.4054613741996,0.0,1059.294520657845,0.0,818.5157007175403,0.0,600.3314757371345,0.0,392.7982961447731,0.0,197.4572844701945,0.0,29.627963414
pf,2023-24,42,2023-12-23,2,631.7696384372372,577.0,6195.402092731731,1.0,4842.015127931017,1.0,3877.994138086553,1.0,2882.8016001649894,0.0,2257.955932996967,0.0,1780.7146247296696,0.0,1404.4936183855323,0.0,1083.9703980287818,0.0,783.2016712774653,0.0,505.2080604613359,0.0,244.74655725090702,0.0,81.6570543791
pf,2023-24,42,2023-12-23,3,677.3447333398572,454.0,5710.263579255439,1.0,4648.12813440963,1.0,3825.132696238417,1.0,2840.707561231494,0.0,2245.0896266951086,0.0,1792.1042951186482,0.0,1424.0020931414483,0.0,1096.9175229761527,0.0,799.9461598606676,0.0,519.3203120234612,0.0,258.967525431219,0.0,165.8119592448
analogue,2023-24,42,2023-12-23,0,212.7910980460835,932.0,954.1122870769942,1.0,872.4905037311157,1.0,700.1187556629416,1.0,492.930799574544,0.0,416.291064496504,0.0,336.217473750022,0.0,269.5145514551456,0.0,221.25212510897995,0.0,153.7226059212066,0.0,111.20404053817288,0.0,52.76630481724271,0.0,174.9822173913
analogue,2023-24,42,2023-12-23,1,172.99394787681555,758.0,1247.3818812541813,1.0,1039.3119621427172,1.0,861.9088016227056,1.0,663.6744685996931,1.0,529.5099900361189,0.0,456.1457917193212,0.0,370.59334449163623,0.0,288.68543827105316,0.0,212.3794733819331,0.0,148.11457845518947,0.0,60.84293333103358,0.0,29.627963414
analogue,2023-24,42,2023-12-23,2,145.33851892096484,577.0,1228.35569472823,1.0,1036.0181035758687,1.0,855.2314264962558,1.0,557.1803678456172,1.0,458.4256029509057,0.0,392.1262326508704,0.0,335.04235498888715,0.0,290.1867784248433,0.0,224.37970859754725,0.0,161.02708662568685,0.0,76.24189441368577,0.0,81.6570543791
analogue,2023-24,42,2023-12-23,3,149.32053176871057,454.0,964.8247126436787,1.0,747.9760784514722,1.0,573.2868579094833,1.0,398.70320347701534,1.0,334.87571651885395,0.0,266.82122220946695,0.0,209.50227882272821,0.0,166.53864094703883,0.0,127.76871967380713,0.0,70.29089694087861,0.0,35.667390598710114,0.0,165.8119592448
ens2,2023-24,42,2023-12-23,0,84.01223882332866,932.0,1744.05319208298,1.0,1417.9051698562646,1.0,1126.6918994870366,1.0,823.0253106620727,1.0,663.7401322345487,1.0,531.5596035402501,1.0,422.8510126445717,1.0,333.3457281838987,1.0,240.25661292716507,1.0,162.2189368726996,0.0,79.63857094488014,0.0,174.9822173913
ens2,2023-24,42,2023-12-23,1,132.34810430020477,758.0,3090.10677450205,1.0,2382.182058113603,1.0,1893.7754429979389,1.0,1397.7559882793748,1.0,1101.8527453410686,1.0,893.2756265467606,1.0,714.9439325747405,1.0,553.6005694942969,1.0,406.35547455953383,1.0,270.4564372999813,0.0,129.150108900614,0.0,29.627963414
ens2,2023-24,42,2023-12-23,2,222.39022633611734,577.0,3711.87889372998,1.0,2939.016615753443,1.0,2366.612782291404,1.0,1719.9909840053035,1.0,1358.1907679739365,1.0,1086.42042869027,1.0,869.7679866872097,0.0,687.0785882268126,0.0,503.7906899375063,0.0,333.1175735435113,0.0,160.49422583229637,0.0,81.6570543791
ens2,2023-24,42,2023-12-23,3,242.28821354290426,454.0,3337.544145949559,1.0,2698.052106430551,1.0,2199.20977707395,1.0,1619.7053823542547,1.0,1289.982671606981,1.0,1029.4627586640577,0.0,816.7521859820883,0.0,631.7280819615958,0.0,463.85743976723734,0.0,294.8056044821699,0.0,147.3174580149646,0.0,165.8119592448
ens3,2023-24,42,2023-12-23,0,79.4249935208658,932.0,1935.0808137120634,1.0,1542.5215136017596,1.0,1232.7031932518805,1.0,905.1515504048302,1.0,722.8089015749082,1.0,579.4524325507498,1.0,459.9495889301995,1.0,358.7975564904617,1.0,259.6845920005152,1.0,174.06959143812026,1.0,85.17474413920286,0.0,174.9822173913
ens3,2023-24,42,2023-12-23,1,164.71472840515062,758.0,3483.1971423038285,1.0,2677.0929192436743,1.0,2099.5066978186646,1.0,1539.239862191445,1.0,1206.5147705554523,1.0,966.858470422422,1.0,770.0073286234739,1.0,592.770996475652,1.0,434.47618549731374,0.0,286.7103421751726,0.0,138.9968828615265,0.0,29.627963414
ens3,2023-24,42,2023-12-23,2,275.7022008582497,577.0,4228.666438715878,1.0,3314.603864292829,1.0,2606.778228942427,1.0,1890.5430822038234,1.0,1481.8376424868723,1.0,1177.9657350417979,0.0,934.7759451180551,0.0,731.6733916498412,0.0,534.3830343302046,0.0,353.53425589049766,0.0,171.64793035992966,0.0,81.6570543791
ens3,2023-24,42,2023-12-23,3,289.59422864700593,454.0,3762.900830737483,1.0,3021.084495262033,1.0,2428.1169666855203,1.0,1778.3175735473217,1.0,1411.8751509782064,1.0,1125.492960720623,0.0,891.944275885359,0.0,686.9387257096986,0.0,503.2104597801257,0.0,322.2175759077526,0.0,160.5063558567315,0.0,165.8119592448
pf,2023-24,50,2023-12-23,0,3.1882812729751633,19.0,88.79851234105918,1.0,64.27476901726354,1.0,48.61573390635164,1.0,33.92438174154944,1.0,26.368664689516798,1.0,20.887942888771672,1.0,15.964414937199734,1.0,12.116692513934504,1.0,8.908292746657501,1.0,6.0257595953684575,0.0,3.036977276707992,0.0,4.9551869565
pf,2023-24,50,2023-12-23,1,4.8890459452336374,15.0,177.60411617634708,1.0,126.54071986283303,1.0,91.76628623824313,1.0,60.83826261879495,1.0,44.8608130169557,1.0,35.09403685526055,1.0,26.881294215646726,1.0,20.157555973412208,1.0,14.968009072326083,1.0,9.774061781162306,1.0,4.756082462632026,0.0,1.7448399071
pf,2023-24,50,2023-12-23,2,6.6773360192648505,24.0,253.441598219478,1.0,178.60189210992203,1.0,131.70642323189782,1.0,88.0723410245318,1.0,64.78884856977051,1.0,49.21037002884239,1.0,37.52834551646987,1.0,28.1202114450528,1.0,20.35093758715626,1.0,13.750615690134557,1.0,6.722534679126632,1.0,7.7332270848
pf,2023-24,50,2023-12-23,3,7.5673787924595715,26.0,260.4195186630707,1.0,194.5663070471218,1.0,144.7706160160889,1.0,97.43599878874932,1.0,72.88745464099182,1.0,56.69024249854919,1.0,43.594267576877925,1.0,33.0613528444473,1.0,23.098745115579085,1.0,14.966639003624751,1.0,7.693872578498311,1.0,8.7913298752
analogue,2023-24,50,2023-12-23,0,6.248997416671363,19.0,16.125841471723845,1.0,14.746318372920264,0.0,11.832993053458171,0.0,8.331224781541586,0.0,7.035905315433872,0.0,5.682548852113049,0.0,4.555175517551756,0.0,3.7394725370531816,0.0,2.598128550780956,0.0,1.8795049105043287,0.0,0.8918248701505807,0.0,4.9551869565
analogue,2023-24,50,2023-12-23,1,4.41848403635164,15.0,21.08251066908475,1.0,17.56583597987691,1.0,14.567472703482348,1.0,11.217033272107487,0.0,8.94946462032877,0.0,7.709506338918104,0.0,6.263549484365681,0.0,4.879190505989629,0.0,3.5895122261735164,0.0,2.503344987975032,0.0,1.0283312675667649,0.0,1.7448399071
analogue,2023-24,50,2023-12-23,2,14.196471558275007,24.0,20.760941319350366,0.0,17.51016513085975,0.0,14.45461565909165,0.0,9.417132977672404,0.0,7.748038359733617,0.0,6.627485622268232,0.0,5.662687689953023,0.0,4.904565269152281,0.0,3.7923331030571363,0.0,2.721584562687665,0.0,1.288595398541168,0.0,7.7332270848
analogue,2023-24,50,2023-12-23,3,19.301768413544327,26.0,16.306896551724147,0.0,12.641849213264319,0.0,9.689355344949014,0.0,6.738645692569273,0.0,5.659871265107391,0.0,4.509654459878314,0.0,3.5408835857362506,0.0,2.8147375934710785,0.0,2.159471318430543,0.0,1.188015159564145,0.0,0.6028291368796075,0.0,8.7913298752
ens2,2023-24,50,2023-12-23,0,3.4318732342131537,19.0,52.46217690639152,1.0,39.510543695091904,1.0,30.22436347990491,1.0,21.127803261545516,1.0,16.702285002475335,1.0,13.28524587044236,1.0,10.259795227375747,0.0,7.928082525493842,0.0,5.753210648719229,0.0,3.952632252936393,0.0,1.9644010734292863,0.0,4.9551869565
ens2,2023-24,50,2023-12-23,1,2.947112951700376,15.0,99.34331342271591,1.0,72.05327792135498,1.0,53.16687947086273,1.0,36.02764794545122,1.0,26.905138818642236,1.0,21.401771597089326,1.0,16.572421850006204,1.0,12.518373239700917,1.0,9.2787606492498,1.0,6.13870338456867,1.0,2.8922068650993946,0.0,1.7448399071
ens2,2023-24,50,2023-12-23,2,5.92256150733782,24.0,137.10126976941416,1.0,98.05602862039089,1.0,73.08051944549473,1.0,48.744737001102095,1.0,36.26844346475207,1.0,27.918927825555315,1.0,21.595516603211443,1.0,16.512388357102537,0.0,12.071635345106698,0.0,8.236100126411111,0.0,4.005565038833899,0.0,7.7332270848
ens2,2023-24,50,2023-12-23,3,7.003128601520372,26.0,138.3632076073974,1.0,103.60407813019306,1.0,77.22998568051896,1.0,52.0873222406593,1.0,39.27366295304961,1.0,30.59994847921375,1.0,23.56757558130709,1.0,17.93804521895919,0.0,12.629108217004816,0.0,8.077327081594447,0.0,4.148350857688959,0.0,8.7913298752
ens3,2023-24,50,2023-12-23,0,3.3757339415467995,19.0,65.7487283816851,1.0,48.80895141223397,1.0,36.60221232102613,1.0,25.478106261545218,1.0,19.950582310032914,1.0,15.73355487230696,1.0,12.123086838850718,1.0,9.470553492835688,0.0,6.88939534593494,0.0,4.715246677685375,0.0,2.0913721176360056,0.0,4.9551869565
ens3,2023-24,50,2023-12-23,1,3.3674252892527754,15.0,128.57333409259496,1.0,90.4073428731853,1.0,65.38285198619863,1.0,43.368414877079765,1.0,32.087538632584845,1.0,25.111964956369533,1.0,19.194339655239258,1.0,14.517876671288192,1.0,10.476870467223383,1.0,6.910188045143675,1.0,3.3543053428271143,1.0,1.7448399071
ens3,2023-24,50,2023-12-23,2,6.018518263642673,24.0,173.68473662204394,1.0,121.74390407699231,1.0,88.87928892201585,1.0,58.21231967727541,1.0,42.736605611036246,1.0,32.76339797052689,1.0,24.97588183886686,1.0,18.746427260538336,1.0,13.683195140933591,0.0,9.246081685108878,0.0,4.458369945283371,0.0,7.7332270848
ens3,2023-24,50,2023-12-23,3,7.014640052066977,26.0,175.3669304756827,1.0,127.53705720366004,1.0,93.8541069212023,1.0,62.38001676968077,1.0,46.13652076875811,1.0,35.594499473503895,1.0,27.122118973755526,1.0,20.699878081202783,1.0,14.608265405746945,0.0,9.279955284267768,0.0,4.841584393456381,0.0,8.7913298752
pf,2023-24,56,2023-12-23,0,34.50631574948681,72.0,97.09261806974672,1.0,70.55016013164322,1.0,53.75250295744245,0.0,38.78889162177989,0.0,29.439614833498716,0.0,23.050772446979764,0.0,18.47742289162084,0.0,14.274326357113384,0.0,10.388058356302425,0.0,6.5859349848513595,0.0,3.3595314348401537,0.0,36.6749043478
pf,2023-24,56,2023-12-23,1,48.7641526133809,82.0,103.71638802275625,1.0,72.2112980418677,0.0,53.4614486023342,0.0,36.22264241668248,0.0,27.707686843470473,0.0,21.829806446955715,0.0,16.4648374621284,0.0,12.600408904743084,0.0,8.598520414343803,0.0,5.87766379410551,0.0,3.3556325914736345,0.0,44.2848829109
pf,2023-24,56,2023-12-23,2,31.164373786641466,56.0,99.92028449979368,1.0,68.85307705160348,1.0,47.87353954888143,0.0,31.907317739429914,0.0,23.51065517642204,0.0,17.638406442547808,0.0,13.521330667378706,0.0,10.175711027785603,0.0,7.409176857957781,0.0,4.808056173083582,0.0,2.518998768902363,0.0,17.9488169455
pf,2023-24,56,2023-12-23,3,9.420472705183046,23.0,94.04262070568818,1.0,61.32224098076057,1.0,42.808577401533846,1.0,26.327315556211072,1.0,19.31730575033088,0.0,14.274326357113384,0.0,10.70214435038346,0.0,8.39601275578012,0.0,5.877663794105511,0.0,3.442736362858245,0.0,1.7778788117677777,0.0,4.1197428517
analogue,2023-24,56,2023-12-23,0,40.12022828775074,72.0,40.31460367930961,0.0,36.865795932300664,0.0,29.58248263364542,0.0,20.828061953853975,0.0,17.589763288584678,0.0,14.20637213028262,0.0,11.387938793879393,0.0,9.348681342632958,0.0,6.49532137695239,0.0,4.6987622762608225,0.0,2.2295621753764507,0.0,36.6749043478
analogue,2023-24,56,2023-12-23,1,52.38499079518462,82.0,52.70627667271188,0.0,43.91458994969227,0.0,36.418681758705866,0.0,28.042583180268725,0.0,22.37366155082193,0.0,19.27376584729526,0.0,15.658873710914206,0.0,12.197976264974077,0.0,8.973780565433795,0.0,6.258362469937584,0.0,2.5708281689169077,0.0,44.2848829109
analogue,2023-24,56,2023-12-23,2,31.491178895687515,56.0,51.90235329837592,0.0,43.77541282714939,0.0,36.13653914772912,0.0,23.54283244418101,0.0,19.370095899334046,0.0,16.56871405567058,0.0,14.156719224882558,0.0,12.261413172880705,0.0,9.480832757642844,0.0,6.8039614067191625,0.0,3.2214884963529204,0.0,17.9488169455
analogue,2023-24,56,2023-12-23,3,9.09197086837263,23.0,40.76724137931037,1.0,31.6046230331608,1.0,24.22338836237254,1.0,16.846614231423185,0.0,14.149678162768478,0.0,11.274136149695787,0.0,8.852208964340628,0.0,7.036843983677697,0.0,5.3986782960763575,0.0,2.9700378989103626,0.0,1.507072842199018,0.0,4.1197428517
ens2,2023-24,56,2023-12-23,0,36.12964054013941,72.0,68.70361087452817,1.0,53.70797803197195,0.0,41.667492795543936,0.0,29.808476787816932,0.0,23.514689061041693,0.0,18.628572288631197,0.0,14.932680842750116,0.0,11.811503849873173,0.0,8.44168986662741,0.0,5.642348630556089,0.0,2.7945468051083004,0.0,36.6749043478
ens2,2023-24,56,2023-12-23,1,49.593873692149835,82.0,78.21133234773406,0.0,58.06294399577999,0.0,44.94006518052003,0.0,32.132612798475606,0.0,25.0406741971462,0.0,20.551786147125487,0.0,16.061855586521304,0.0,12.399192584858579,0.0,8.786150489888799,0.0,6.068013132021548,0.0,2.96323038019527,0.0,44.2848829109
ens2,2023-24,56,2023-12-23,2,30.8808268789205,56.0,75.91131889908479,1.0,56.31424493937643,1.0,42.005039348305274,0.0,27.725075091805465,0.0,21.440375537878044,0.0,17.103560249109194,0.0,13.839024946130634,0.0,11.218562100333154,0.0,8.445004807800313,0.0,5.806008789901373,0.0,2.8702436326276413,0.0,17.9488169455
ens2,2023-24,56,2023-12-23,3,9.10953723809092,23.0,67.40493104249929,1.0,46.46343200696068,1.0,33.51598288195319,1.0,21.586964893817132,1.0,16.733491956549678,0.0,12.774231253404585,0.0,9.777176657362045,0.0,7.7164283697289076,0.0,5.6381710450909335,0.0,3.2063871308843046,0.0,1.6424758269833974,0.0,4.1197428517
ens3,2023-24,56,2023-12-23,0,35.58245317963834,72.0,80.31186036368544,1.0,59.78509735406454,0.0,46.21239771746341,0.0,32.71862785823208,0.0,25.618492911903328,0.0,20.270106055571496,0.0,16.23553878390284,0.0,12.716526076712674,0.0,9.11606035390178,0.0,6.067984309000153,0.0,3.0038552544721213,0.0,36.6749043478
ens3,2023-24,56,2023-12-23,1,48.888977385568644,82.0,93.53630229470554,1.0,65.81676696662043,0.0,49.585937980918025,0.0,34.52360500718028,0.0,26.538638638659393,0.0,21.219294210642822,0.0,16.61989740374563,0.0,12.673400608935243,0.0,9.05501184361908,0.0,6.198778981210399,0.0,2.9537100299146477,0.0,44.2848829109
ens3,2023-24,56,2023-12-23,2,30.6524796755221,56.0,93.99952637611196,1.0,65.73965576124263,1.0,46.612666186357224,0.0,30.673654953748784,0.0,22.915970892336805,0.0,17.952619166299115,0.0,14.167728369188723,0.0,11.106176464103463,0.0,8.27749575876293,0.0,5.547006268200801,0.0,2.7855625324559696,0.0,17.9488169455
ens3,2023-24,56,2023-12-23,3,9.195791645693745,23.0,89.41202634091421,1.0,57.719002510680674,1.0,39.886086685371154,1.0,24.953831484509998,1.0,18.422884449123757,0.0,14.032608988176094,0.0,10.504316808771874,0.0,7.999021135305375,0.0,6.007018718063574,0.0,3.544097717365859,0.0,1.7228051316671298,0.0,4.1197428517
pf,2023-24,02,2023-12-30,0,1.0037303639482213,5.0,32.192018860628394,1.0,23.300491587423085,1.0,18.395124937439277,1.0,12.346804118957309,1.0,9.905236572501044,1.0,7.424759970173943,1.0,6.173402059478654,1.0,3.7499024418879277,1.0,3.6540087392885177,1.0,2.458938344790763,1.0,1.226341662495952,1.0,0.8429782609
pf,2023-24,02,2023-12-30,1,1.4896170457593085,6.0,75.31550512563959,1.0,43.33541000469207,1.0,28.477555145940503,1.0,18.520206178435963,1.0,12.385019875293205,1.0,9.873969135498948,1.0,7.35804997497571,1.0,4.959566605584321,1.0,4.881740831850449,1.0,2.494377071990799,1.0,1.2381545715626308,0.0,1.2351985337
pf,2023-24,02,2023-12-30,2,2.94796694721611,9.0,186.96802964651536,1.0,88.29659969970852,1.0,50.28000816233402,1.0,27.16296906170608,1.0,17.168783274943326,1.0,12.346804118957309,1.0,9.798920390900935,1.0,6.190079558278212,0.0,4.938721647582923,0.0,3.697092916353393,0.0,1.2346804118957309,0.0,2.0211967942
pf,2023-24,02,2023-12-30,3,3.2562903244182313,7.0,350.64923697838753,1.0,174.5797945903309,1.0,91.36635048028408,1.0,41.97913400445485,1.0,25.928288649810348,1.0,16.107822339380878,1.0,11.146865303730575,1.0,8.639288723603217,1.0,4.976244104383879,1.0,3.7040412356871926,0.0,1.2596966600950683,0.0,1.9624070559
analogue,2023-24,02,2023-12-30,0,0.4312751857753062,5.0,8.120892046996785,1.0,7.0811409052252765,1.0,5.618530612244898,1.0,4.13051310592406,1.0,3.417321838069385,1.0,2.8491481002011447,1.0,2.4404424500957678,1.0,1.8433811845557533,1.0,1.5087737572829245,1.0,1.0663323212551825,0.0,0.5415476182622783,0.0,0.8429782609
analogue,2023-24,02,2023-12-30,1,1.5929765358984356,6.0,8.9785528111301,1.0,7.433331206707987,1.0,6.22270394264004,1.0,4.753282104692474,1.0,3.995830324193484,0.0,3.271746031746032,0.0,2.8133683313424585,0.0,2.2535243165317254,0.0,1.5882439024390251,0.0,1.025271766039217,0.0,0.47341806722689084,0.0,1.2351985337
analogue,2023-24,02,2023-12-30,2,5.270515764010939,9.0,8.579140482282012,1.0,6.179101107226115,0.0,4.685961691939346,0.0,3.555888874638395,0.0,3.051926642121965,0.0,2.6379871109282873,0.0,1.9483996274805289,0.0,1.3450826896388939,0.0,1.0448446501985886,0.0,0.6090651377607894,0.0,0.23287178144308274,0.0,2.0211967942
analogue,2023-24,02,2023-12-30,3,4.5623029142453335,7.0,5.303099071828443,0.0,4.447187221257218,0.0,3.2301697814526458,0.0,2.483019476943264,0.0,1.744017271233254,0.0,1.5105427434131553,0.0,1.185676693855398,0.0,0.8876575471287678,0.0,0.6754915510162371,0.0,0.4952074200395957,0.0,0.24128455905155,0.0,1.9624070559
ens2,2023-24,02,2023-12-30,0,0.7059471413540327,5.0,20.156455453812587,1.0,15.190816246324182,1.0,12.006827774842089,1.0,8.238658612440684,1.0,6.661279205285214,1.0,5.136954035187544,1.0,4.306922254787211,1.0,2.7966418132218402,1.0,2.581391248285721,1.0,1.7626353330229727,1.0,0.8839446403791147,1.0,0.8429782609
ens2,2023-24,02,2023-12-30,1,1.298956732963763,6.0,42.147028968384845,1.0,25.38437060570003,1.0,17.35012954429027,1.0,11.636744141564218,1.0,8.190425099743344,1.0,6.57285758362249,1.0,5.085709153159085,1.0,3.6065454610580234,0.0,3.234992367144737,0.0,1.759824419015008,0.0,0.8557863193947606,0.0,1.2351985337
ens2,2023-24,02,2023-12-30,2,3.1505733191210603,9.0,97.77358506439869,1.0,47.23785040346732,1.0,27.482984927136684,1.0,15.359428968172237,1.0,10.110354958532646,1.0,7.492395614942798,0.0,5.873660009190732,0.0,3.7675811239585535,0.0,2.9917831488907556,0.0,2.153079027057091,0.0,0.7337760966694069,0.0,2.0211967942
ens2,2023-24,02,2023-12-30,3,2.656158449758886,7.0,177.976168025108,1.0,89.51349090579406,1.0,47.298260130868364,1.0,22.231076740699056,1.0,13.836152960521801,1.0,8.809182541397016,1.0,6.166270998792987,1.0,4.763473135365992,0.0,2.8258678277000584,0.0,2.099624327863394,0.0,0.7504906095733093,0.0,1.9624070559
ens3,2023-24,02,2023-12-30,0,0.8152414872211414,5.0,25.31166123886404,1.0,18.60865673777968,1.0,14.432242758707,1.0,9.782052137955823,1.0,7.8733950534659956,1.0,5.968797644260178,1.0,4.991325470103902,1.0,3.551836193041991,1.0,2.591410324726998,1.0,2.023008019982294,1.0,1.0178091541735617,1.0,0.8429782609
ens3,2023-24,02,2023-12-30,1,1.388841097980961,6.0,56.50782407787683,1.0,33.206397372791116,1.0,21.85105848362649,1.0,14.118913857882148,1.0,9.701051711821885,1.0,7.774075191606206,1.0,5.9304661089324835,1.0,4.100743539173811,1.0,3.4288784641310244,0.0,2.030241733851642,0.0,0.9945511497301429,0.0,1.2351985337
ens3,2023-24,02,2023-12-30,2,3.1619744607785027,9.0,138.96315597005258,1.0,66.68623014238325,1.0,36.981170946597615,1.0,19.569209809701405,1.0,12.677248773849588,1.0,8.811626426610008,1.0,6.883961897062607,0.0,4.632082226029926,0.0,3.6863708487305757,0.0,2.28353060872775,0.0,0.9176967917004228,0.0,2.0211967942
ens3,2023-24,02,2023-12-30,3,2.9481111187140763,7.0,258.1557901203164,1.0,125.2421510721016,1.0,64.1822475542022,1.0,29.23917586885742,1.0,17.280613772886948,1.0,10.96165590506948,1.0,7.53894915056187,1.0,5.32269818363527,0.0,3.57997427379004,0.0,2.6673445718559883,0.0,0.9243993683937175,0.0,1.9624070559
pf,2023-24,06,2023-12-30,0,282.79152667940394,1470.0,3946.5018892769995,1.0,3170.2768697973033,1.0,2566.565699915344,1.0,1933.151272473521,1.0,1528.8910255941398,1.0,1230.3957245185588,1.0,978.33218302365,0.0,757.0548667058449,0.0,551.4174196501854,0.0,364.9809964995188,0.0,179.3427215849897,0.0,162.7019211827
pf,2023-24,06,2023-12-30,1,668.4837399075143,1075.0,6542.5365631159675,1.0,5079.272400753718,1.0,4034.106309484892,1.0,2968.7887829965503,0.0,2342.2078533510175,0.0,1854.1405019825681,0.0,1463.6072162631717,0.0,1125.5623932807935,0.0,826.4241828367506,0.0,541.313798334427,0.0,271.24281909505316,0.0,445.5494567687
pf,2023-24,06,2023-12-30,2,699.514001289986,1096.0,8757.111515613411,1.0,6748.9130469085285,1.0,5235.9392044449705,1.0,3833.8834300093895,1.0,2981.5523549369673,0.0,2371.1701843655273,0.0,1860.8694417729855,0.0,1442.2900995057316,0.0,1051.3307712936723,0.0,691.1615377591818,0.0,339.0914522089797,0.0,396.7941191016
pf,2023-24,06,2023-12-30,3,911.7839080885092,732.0,9350.979343756719,1.0,7425.311343321773,1.0,5859.020114296508,1.0,4293.735081996101,0.0,3333.0940545245226,0.0,2621.355726432296,0.0,2067.533235615366,0.0,1574.670553305626,0.0,1149.8653881734372,0.0,752.5288244419012,0.0,378.7453356254125,0.0,678.0426801278
analogue,2023-24,06,2023-12-30,0,134.33523998152398,1470.0,2294.152003276592,1.0,2000.4223057261408,1.0,1587.2348979591839,1.0,1166.8699524235471,1.0,965.3934192546013,1.0,804.8843383068233,1.0,689.4249921520544,1.0,520.7551846370004,1.0,426.22858643242625,1.0,301.23888075458876,0.0,152.9872021590936,0.0,162.7019211827
analogue,2023-24,06,2023-12-30,1,156.005192644587,1075.0,2536.4411691442533,1.0,2099.9160658950063,1.0,1757.9138637958113,1.0,1342.8021945756236,1.0,1128.822066584659,1.0,924.268253968254,1.0,794.7765536042447,1.0,636.6206194202124,1.0,448.67890243902457,1.0,289.63927390607876,0.0,133.7406039915968,0.0,445.5494567687
analogue,2023-24,06,2023-12-30,2,292.2726589637126,1096.0,2423.6071862446684,1.0,1745.5960627913773,1.0,1323.784177972865,1.0,1004.5386070853464,1.0,862.1692763994549,1.0,745.2313588372413,0.0,550.4228947632494,0.0,379.98585982298755,0.0,295.1686136811013,0.0,172.06090141742305,0.0,65.78627825767092,0.0,396.7941191016
analogue,2023-24,06,2023-12-30,3,204.80937612104353,732.0,1498.125487791535,1.0,1256.3303900051642,1.0,912.5229632603724,1.0,701.4530022364722,1.0,492.68487912339435,0.0,426.7283250142164,0.0,334.9536660141499,0.0,250.76325706387686,0.0,190.82636316208698,0.0,139.89609616118577,0.0,68.16288793206286,0.0,678.0426801278
ens2,2023-24,06,2023-12-30,0,143.97720783597217,1470.0,3120.3269462767958,1.0,2585.349587761722,1.0,2076.900298937264,1.0,1550.0106124485342,1.0,1247.1422224243704,1.0,1017.6400314126909,1.0,833.8785875878523,1.0,638.9050256714227,1.0,488.82300304130604,1.0,333.1099386270537,1.0,166.16496187204166,0.0,162.7019211827
ens2,2023-24,06,2023-12-30,1,264.2536791398402,1075.0,4539.48886613011,1.0,3589.5942333243624,1.0,2896.010086640352,1.0,2155.795488786087,1.0,1735.5149599678382,1.0,1389.2043779754108,1.0,1129.1918849337083,1.0,881.0915063505029,0.0,637.5515426378877,0.0,415.47653612025283,0.0,202.49171154332498,0.0,445.5494567687
ens2,2023-24,06,2023-12-30,2,232.58713919689325,1096.0,5590.359350929039,1.0,4247.254554849953,1.0,3279.8616912089183,1.0,2419.211018547368,1.0,1921.8608156682108,1.0,1558.2007716013843,1.0,1205.6461682681172,1.0,911.1379796643596,1.0,673.2496924873867,1.0,431.61121958830245,0.0,202.43886523332526,0.0,396.7941191016
ens2,2023-24,06,2023-12-30,3,329.21720064754044,732.0,5424.5524157741265,1.0,4340.820866663469,1.0,3385.77153877844,1.0,2497.594042116287,1.0,1912.8894668239586,1.0,1524.0420257232558,1.0,1201.243450814758,0.0,912.7169051847516,0.0,670.3458756677621,0.0,446.2124603015434,0.0,223.45411177873757,0.0,678.0426801278
ens3,2023-24,06,2023-12-30,0,171.10953877533987,1470.0,3536.290170728331,1.0,2848.6978511836087,1.0,2286.853715057332,1.0,1702.6353065253916,1.0,1356.7989193181038,1.0,1098.4087111605438,1.0,890.5896923196656,1.0,683.28289418335,1.0,512.8429241147521,1.0,346.9668230174193,0.0,172.433177423316,0.0,162.7019211827
ens3,2023-24,06,2023-12-30,1,347.7559247989313,1075.0,5388.96148284277,1.0,4170.96732862831,1.0,3317.4473262374377,1.0,2460.5803300419802,1.0,1952.3495552197633,1.0,1555.9519906736973,1.0,1251.6647114934917,0.0,971.4730013134122,0.0,702.2008365015242,0.0,457.4618224288258,0.0,224.02437148973672,0.0,445.5494567687
ens3,2023-24,06,2023-12-30,2,318.1186785534101,1096.0,6804.331127238543,1.0,5145.729515267664,1.0,3966.7623928461153,1.0,2896.053320450521,1.0,2275.1426154768124,1.0,1815.4380088169585,1.0,1415.3239195471674,1.0,1073.875798957894,0.0,785.542467139569,0.0,506.93173674829586,0.0,243.5392685915126,0.0,396.7941191016
ens3,2023-24,06,2023-12-30,3,429.6455923932375,732.0,6848.241763384147,1.0,5352.344894458035,1.0,4166.574326564623,1.0,3040.8767998331164,1.0,2326.433314242272,1.0,1843.7526241467094,0.0,1450.211885768134,0.0,1108.6066397528402,0.0,809.4892932126886,0.0,536.4060337781182,0.0,266.00827831526317,0.0,678.0426801278
pf,2023-24,36,2023-12-30,0,207.5496634640469,1240.0,3995.381548555096,1.0,3130.946572412281,1.0,2487.765441092693,1.0,1848.9726716589603,1.0,1444.7030466447322,1.0,1155.09173176641,1.0,912.1731491407168,1.0,702.5077004271207,0.0,510.74613360996887,0.0,334.54500249402236,0.0,165.2706787119978,0.0,60.4501984344
pf,2023-24,36,2023-12-30,1,395.01298634505616,1024.0,6255.9323332038075,1.0,4807.808670284363,1.0,3765.5707089670427,1.0,2708.095098754213,1.0,2102.604915609345,1.0,1677.7746647963863,0.0,1322.9212324678535,0.0,1019.7235996474712,0.0,745.3282757051429,0.0,486.5342709844083,0.0,245.51926039987825,0.0,210.1790515432
pf,2023-24,36,2023-12-30,2,467.9078050345888,851.0,7117.199924071576,1.0,5491.161106652541,1.0,4302.9077801095855,1.0,3139.97247811729,1.0,2439.8514207891403,1.0,1923.375308909687,0.0,1522.2823358472558,0.0,1167.3699816163794,0.0,847.6817619715175,0.0,549.2307746180884,0.0,271.43906518373046,0.0,336.9432095036
pf,2023-24,36,2023-12-30,3,337.4593202647922,884.0,6552.279799638338,1.0,5154.448169440325,1.0,4059.8976655234605,1.0,2967.7355776965096,1.0,2315.909619833471,1.0,1849.7000818188503,1.0,1469.7319558711133,1.0,1119.8133527702803,0.0,812.2208388549084,0.0,537.3281475214783,0.0,267.2249841894957,0.0,293.3978301688
analogue,2023-24,36,2023-12-30,0,132.6250428240718,1240.0,1798.777588409788,1.0,1568.472710507399,1.0,1244.5045306122447,1.0,914.9086529621793,1.0,756.9367871323687,1.0,631.0863041945535,1.0,540.5580026962127,1.0,408.3089323790995,0.0,334.1933872381678,0.0,236.19260915802283,0.0,119.95279744509435,0.0,60.4501984344
analogue,2023-24,36,2023-12-30,1,183.15931369668436,1024.0,1988.7494476653173,1.0,1646.482862285819,1.0,1378.3289232947689,1.0,1052.8519861893828,1.0,885.0764168088567,1.0,724.691746031746,1.0,623.1610853923546,1.0,499.1556361117772,0.0,351.79602439024404,0.0,227.09769617768654,0.0,104.86210189075632,0.0,210.1790515432
analogue,2023-24,36,2023-12-30,2,224.4476431074465,851.0,1900.2796168254654,1.0,1368.6708952505844,1.0,1037.940514764565,1.0,787.6293857324044,1.0,676.0017512300151,1.0,584.3141450706156,0.0,431.5705174869372,0.0,297.93581575501497,0.0,231.4330900189874,0.0,134.90792801401483,0.0,51.58109958964286,0.0,336.9432095036
analogue,2023-24,36,2023-12-30,3,388.6646366794545,884.0,1174.63644441,1.0,985.0519695084738,1.0,715.482606591761,0.0,549.988814142933,0.0,386.29982557816584,0.0,334.58521766601393,0.0,262.62738768897066,0.0,196.61614668902206,0.0,149.62137855009655,0.0,109.68844353877046,0.0,53.44452982991831,0.0,293.3978301688
ens2,2023-24,36,2023-12-30,0,117.65294300936839,1240.0,2897.0795684824416,1.0,2349.70964145984,1.0,1866.134985852469,1.0,1381.9406623105701,1.0,1100.8199168885503,1.0,893.0890179804817,1.0,726.3655759184646,1.0,555.4083164031101,1.0,422.46976042406845,1.0,285.3688058260225,1.0,142.61173807854607,1.0,60.4501984344
ens2,2023-24,36,2023-12-30,1,166.04499304798338,1024.0,4122.340890434562,1.0,3227.1457662850908,1.0,2571.9498161309057,1.0,1880.4735424717978,1.0,1493.840666209101,1.0,1201.233205414066,1.0,973.0411589301041,1.0,759.4396178796244,1.0,548.5621500476934,1.0,356.81598358104736,1.0,175.19068114531728,0.0,210.1790515432
ens2,2023-24,36,2023-12-30,2,173.1713732575139,851.0,4508.73977044852,1.0,3429.9160009515626,1.0,2670.4241474370756,1.0,1963.8009319248472,1.0,1557.926586009578,1.0,1253.8447269901512,1.0,976.9264266670964,1.0,732.6528986856972,1.0,539.5574259952525,1.0,342.06935131605155,0.0,161.5100823866868,0.0,336.9432095036
ens2,2023-24,36,2023-12-30,3,142.57055148237887,884.0,3863.458122024169,1.0,3069.7500694743994,1.0,2387.6901360576107,1.0,1758.8621959197212,1.0,1351.1047227058184,1.0,1092.1426497424322,1.0,866.179671780042,1.0,658.2147497296512,1.0,480.92110870250247,1.0,323.5082955301244,1.0,160.3347570097069,1.0,293.3978301688
ens3,2023-24,36,2023-12-30,0,134.13581007866955,1240.0,3274.3124988577524,1.0,2599.039189667262,1.0,2052.093893544706,1.0,1515.7316449138198,1.0,1205.2470627835007,1.0,970.7669081739638,1.0,782.6921462309169,1.0,599.9528034320356,1.0,448.3919743881627,1.0,298.330281104438,1.0,148.56274460091072,0.0,60.4501984344
ens3,2023-24,36,2023-12-30,1,205.25700054515238,1024.0,4772.485175417034,1.0,3682.4123853644496,1.0,2904.115900011616,1.0,2105.2366484795275,1.0,1652.3203722152984,1.0,1318.930887110858,1.0,1052.1043978757298,1.0,815.4945780358566,1.0,589.5281439397088,0.0,383.6916391238301,0.0,188.6605426372323,0.0,210.1790515432
ens3,2023-24,36,2023-12-30,2,221.08176525914857,851.0,5230.175803080197,1.0,3977.370683638891,1.0,3100.9480432524642,1.0,2254.253914533985,1.0,1764.494342399664,1.0,1411.332449445777,1.0,1100.7442171938728,1.0,832.62723473107,1.0,607.826898502436,0.0,389.6014169587594,0.0,186.00808848412112,0.0,336.9432095036
ens3,2023-24,36,2023-12-30,3,164.41600003164464,884.0,4551.733273133694,1.0,3605.5135277354348,1.0,2799.9437759235802,1.0,2048.4125626333152,1.0,1578.0462032879104,1.0,1260.371374579947,1.0,994.0662708627542,1.0,756.1043767728337,1.0,550.3550691837895,1.0,365.8102223984365,1.0,180.49734334326865,1.0,293.3978301688
pf,2023-24,42,2023-12-30,0,340.74083157028906,758.0,2737.126941451307,1.0,2175.976379232327,1.0,1741.6052086773254,1.0,1306.5820207562701,0.0,1041.6203875068911,0.0,833.1937619650115,0.0,660.0757020785807,0.0,513.4587785540675,0.0,376.59096154972144,0.0,250.25605246148143,0.0,122.22994829294362,0.0,178.7109483825
pf,2023-24,42,2023-12-30,1,654.4209784722992,577.0,4626.03117080597,1.0,3637.3355506535645,0.0,2924.320423535994,0.0,2159.0937251235237,0.0,1682.2767971021806,0.0,1337.6164111580642,0.0,1058.6084266769856,0.0,820.2275682490833,0.0,599.9646118172482,0.0,389.23903420602755,0.0,190.67127806589065,0.0,319.6994179518
pf,2023-24,42,2023-12-30,2,777.7211463659778,454.0,5493.785744702805,1.0,4338.777606311002,0.0,3493.573942347503,0.0,2607.8719324415856,0.0,2058.707106674693,0.0,1643.0885981104948,0.0,1299.381479635456,0.0,1006.7507066418457,0.0,733.8362630094405,0.0,488.59180032610607,0.0,243.10245991402212,0.0,420.6709700471
pf,2023-24,42,2023-12-30,3,680.4587234969924,401.0,5144.2058419726545,1.0,4158.340690859635,1.0,3369.2199089736096,0.0,2515.324250911701,0.0,1996.9117664123532,0.0,1598.4444731373746,0.0,1271.183886593338,0.0,983.7120119853616,0.0,717.9339261370903,0.0,472.64229663961873,0.0,235.81781242243187,0.0,454.647013643
analogue,2023-24,42,2023-12-30,0,64.46579855284871,758.0,1341.3006697623023,1.0,1169.5684395130415,1.0,927.9939727891156,1.0,682.2230813284573,1.0,564.4276569211268,1.0,470.584294549889,1.0,403.079744674151,1.0,304.4651256491253,1.0,249.1991322445631,1.0,176.12255506064753,1.0,89.44561494965285,1.0,178.7109483825
analogue,2023-24,42,2023-12-30,1,80.47759005408467,577.0,1482.957639304988,1.0,1227.738537641269,1.0,1027.78326785938,1.0,785.0837609583734,1.0,659.9779752126237,1.0,540.3833862433862,1.0,464.6746693933961,1.0,372.20709961382335,1.0,262.3249512195123,1.0,169.34072002414405,1.0,78.19288410364152,0.0,319.6994179518
analogue,2023-24,42,2023-12-30,2,82.82909211768354,454.0,1416.9880363235789,1.0,1020.5815328768467,1.0,773.9646727853152,1.0,587.3143124611081,1.0,504.07655039047785,1.0,435.7075378216554,1.0,321.81067180553396,1.0,222.1628242386906,0.0,172.57350805780018,0.0,100.59725858682373,0.0,38.462655901682524,0.0,420.6709700471
analogue,2023-24,42,2023-12-30,3,102.15377991347816,401.0,875.8951966969978,1.0,734.5270893776504,1.0,533.5163755699286,1.0,410.11205027512915,1.0,288.0535192986925,0.0,249.49130978707282,0.0,195.8342672684499,0.0,146.61143820076813,0.0,111.56868784284848,0.0,81.79175887653989,0.0,39.852166336680995,0.0,454.647013643
ens2,2023-24,42,2023-12-30,0,152.76832486478702,758.0,2039.2138056068047,1.0,1672.7724093726843,1.0,1334.7995907332206,1.0,994.4025510423638,1.0,803.0240222140089,1.0,651.8890282574501,1.0,531.5777233763657,0.0,408.96195210159647,0.0,312.89504689714227,0.0,213.18930376106448,0.0,105.83778162129829,0.0,178.7109483825
ens2,2023-24,42,2023-12-30,1,271.83367745866315,577.0,3054.4944050554786,1.0,2432.537044147417,1.0,1976.051845697687,1.0,1472.0887430409484,1.0,1171.1273861574023,0.0,938.9998987007252,0.0,761.6415480351907,0.0,596.2173339314533,0.0,431.1447815183802,0.0,279.2898771150858,0.0,134.43208108476597,0.0,319.6994179518
ens2,2023-24,42,2023-12-30,2,314.1283351773872,454.0,3455.3868905131917,1.0,2679.6795695939245,1.0,2133.7693075664088,1.0,1597.593122451347,0.0,1281.3918285325856,0.0,1039.3980679660751,0.0,810.596075720495,0.0,614.4567654402681,0.0,453.2048855336204,0.0,294.5945294564649,0.0,140.78255790785238,0.0,420.6709700471
ens2,2023-24,42,2023-12-30,3,260.86472402416996,401.0,3010.0505193348263,1.0,2446.4338901186434,1.0,1951.3681422717696,1.0,1462.718150593415,1.0,1142.482642855523,0.0,923.9678914622239,0.0,733.5090769308939,0.0,565.1617250930649,0.0,414.7513069899693,0.0,277.2170277580792,0.0,137.83498937955642,0.0,454.647013643
ens3,2023-24,42,2023-12-30,0,199.17501065832997,758.0,2252.807563214969,1.0,1821.8266016477032,1.0,1462.6022335501436,1.0,1090.1253309252752,1.0,875.8767921901442,1.0,706.4979128176258,0.0,570.7484981585482,0.0,440.30443580642554,0.0,330.378773684369,0.0,221.6218921257681,0.0,109.99548506734368,0.0,178.7109483825
ens3,2023-24,42,2023-12-30,1,360.6607682274213,577.0,3491.1010503414805,1.0,2725.7727178102878,1.0,2187.3958830932443,1.0,1630.4951533208991,0.0,1295.0635396855782,0.0,1034.5878525164114,0.0,831.0890884276057,0.0,646.5182785801651,0.0,470.6935541629641,0.0,304.91850814016107,0.0,148.84365729098477,0.0,319.6994179518
ens3,2023-24,42,2023-12-30,2,410.5706770784541,454.0,3961.6169129867126,1.0,3060.9922102665205,1.0,2418.8689237294366,1.0,1800.8339975707013,0.0,1435.5176108010855,0.0,1158.1692578771188,0.0,912.1627696621101,0.0,696.7492011927786,0.0,510.7968664361971,0.0,333.386872631605,0.0,162.66165813552266,0.0,420.6709700471
ens3,2023-24,42,2023-12-30,3,335.7538784338522,401.0,3457.3713155524724,1.0,2797.6051463044296,1.0,2229.3778337108583,1.0,1664.85732474328,1.0,1309.2670289518617,0.0,1055.3338818979605,0.0,838.8284648433727,0.0,645.7688560081057,0.0,474.2007508826749,0.0,315.03052464135214,0.0,155.17503774900672,0.0,454.647013643
pf,2023-24,50,2023-12-30,0,5.781385742242966,15.0,120.98839781891134,1.0,88.54925589717331,1.0,66.98687075217791,1.0,48.14167188669826,1.0,36.610790011654814,1.0,29.011272281240004,1.0,22.646100832978945,0.0,17.734277293488503,0.0,12.609587522837199,0.0,8.119620697233685,0.0,4.059810348616843,0.0,2.5731086957000002
pf,2023-24,50,2023-12-30,1,6.869283606074099,24.0,227.28440217696902,1.0,163.53079124199053,1.0,121.19687187916763,1.0,83.04025759044616,1.0,62.796821510187215,1.0,47.856024579208665,1.0,36.89065849801974,1.0,28.19966187721227,1.0,20.299051743084213,1.0,12.623463213430703,0.0,6.284647559647777,0.0,2.9935585648
pf,2023-24,50,2023-12-30,2,9.080351206310791,26.0,293.293754871745,1.0,217.14157059328488,1.0,161.22945063499276,1.0,110.3708132353872,1.0,82.7478595353624,1.0,63.59835091536535,1.0,49.44189758593691,1.0,37.62663321668394,1.0,27.35083696243318,1.0,18.26914656877579,1.0,9.13457328438789,0.0,4.1831100972
pf,2023-24,50,2023-12-30,3,10.242102584845439,21.0,285.07987756997665,1.0,216.70278516389368,1.0,163.066608530347,1.0,113.69053928561142,1.0,86.98990105020866,1.0,67.64444793867418,1.0,52.826904416084005,1.0,40.355075315149705,1.0,28.97442786905065,1.0,18.93519482014605,0.0,9.2723317062908,0.0,1.7308003662
analogue,2023-24,50,2023-12-30,0,1.2562871920148684,15.0,25.716158148823155,1.0,22.42361286654671,1.0,17.79201360544218,1.0,13.079958168759523,1.0,10.821519153886385,1.0,9.022302317303623,1.0,7.7280677586366,1.0,5.837373751093221,1.0,4.777783564729262,1.0,3.3767190173080763,1.0,1.7149007911638794,1.0,2.5731086957000002
analogue,2023-24,50,2023-12-30,1,8.732248884100132,24.0,28.432083901911984,1.0,23.53888215457529,1.0,19.705229151693462,0.0,15.052059998192833,0.0,12.653462693279364,0.0,10.360529100529103,0.0,8.908999715917785,0.0,7.1361603356837975,0.0,5.029439024390246,0.0,3.2466939257908534,0.0,1.4991572128851551,0.0,2.9935585648
analogue,2023-24,50,2023-12-30,2,14.407357890382464,26.0,27.167278193893033,1.0,19.56715350621603,0.0,14.83887869114126,0.0,11.26031476968825,0.0,9.664434366719556,0.0,8.35362585127291,0.0,6.1699321536883405,0.0,4.25942851718983,0.0,3.3086747256288636,0.0,1.9287062695758328,0.0,0.7374273079030962,0.0,4.1831100972
analogue,2023-24,50,2023-12-30,3,13.280625895110221,21.0,16.79314706079007,0.0,14.08275953398119,0.0,10.228870974600044,0.0,7.8628950103203366,0.0,5.522721358905306,0.0,4.783385354141658,0.0,3.7546428638754277,0.0,2.8109155659077643,0.0,2.1390565782180837,0.0,1.5681568301253868,0.0,0.7640677703299077,0.0,1.7308003662
ens2,2023-24,50,2023-12-30,0,3.0661568495547633,15.0,73.35227798386724,1.0,55.48643438186001,1.0,42.38944217881004,1.0,30.610815027728894,1.0,23.7161545827706,1.0,19.01678729927181,1.0,15.187084295807772,1.0,11.78582552229086,1.0,8.69368554378323,0.0,5.748169857270881,0.0,2.88735556989036,0.0,2.5731086957000002
ens2,2023-24,50,2023-12-30,1,4.210478325278117,24.0,127.8582430394405,1.0,93.53483669828292,1.0,70.45105051543054,1.0,49.046158794319496,1.0,37.72514210173329,1.0,29.10827683986888,1.0,22.899829106968763,1.0,17.667911106448038,1.0,12.664245383737228,1.0,7.935078569610777,0.0,3.891902386266466,0.0,2.9935585648
ens2,2023-24,50,2023-12-30,2,5.362525927484623,26.0,160.23051653281905,1.0,118.35436204975045,1.0,88.034164663067,1.0,60.81556400253773,1.0,46.20614695104097,1.0,35.975988383319134,1.0,27.805914869812625,1.0,20.943030866936887,1.0,15.329755844031023,1.0,10.098926419175811,0.0,4.936000296145494,0.0,4.1831100972
ens2,2023-24,50,2023-12-30,3,4.858392724772278,21.0,150.93651231538337,1.0,115.39277234893743,1.0,86.64773975247353,1.0,60.77671714796587,1.0,46.25631120455699,1.0,36.21391664640791,1.0,28.29077363997971,1.0,21.582995440528734,1.0,15.556742223634368,1.0,10.25167582513572,1.0,5.018199738310354,0.0,1.7308003662
ens3,2023-24,50,2023-12-30,0,3.904805692628648,15.0,96.97962973610652,1.0,71.28227737531847,1.0,53.064871980670574,1.0,37.47989446237919,1.0,28.890964376151917,1.0,22.654590770660477,1.0,18.255916106345246,1.0,13.918902244568413,1.0,10.094715648745378,0.0,6.978589109083423,0.0,3.37163701613483,0.0,2.5731086957000002
ens3,2023-24,50,2023-12-30,1,4.823188603693635,24.0,171.26832038807308,1.0,123.15787665831043,1.0,90.44732308109516,1.0,61.68597870034807,1.0,46.75825105263556,1.0,36.054425220342566,1.0,28.321330154071703,1.0,21.420871671763578,1.0,15.219189006219036,1.0,9.870231783570098,1.0,4.756008414405276,1.0,2.9935585648
ens3,2023-24,50,2023-12-30,2,6.053840426632929,26.0,208.48495811588074,1.0,152.5870478774568,1.0,113.0852480524765,1.0,77.30966187685499,1.0,58.184284987146995,1.0,44.95695510558622,1.0,34.48627932157657,1.0,26.048134762726818,1.0,19.045680552444285,1.0,12.374652076862244,1.0,6.095960286515446,0.0,4.1831100972
ens3,2023-24,50,2023-12-30,3,5.895128815918446,21.0,193.7890353795195,1.0,146.00912935286425,1.0,110.19026443597575,1.0,76.7798796137486,1.0,58.215244071181225,1.0,45.12426707839633,1.0,35.14401413389979,1.0,26.48968032164676,1.0,19.2091308434397,1.0,12.490750941141222,1.0,6.179323058521227,1.0,1.7308003662
pf,2023-24,56,2023-12-30,0,11.203138370257706,82.0,302.42343070771153,1.0,225.68733642172342,1.0,172.37090001281857,1.0,123.39635862194206,1.0,97.01715886369803,1.0,76.19066577592889,1.0,60.10975458386704,1.0,46.41480568589943,1.0,33.317016827924355,1.0,22.028178629973752,0.0,10.991623254715336,0.0,5.476
pf,2023-24,56,2023-12-30,1,11.716575907023513,56.0,406.7257813901187,1.0,292.40941316225246,1.0,216.05556231849494,1.0,151.74478694065587,1.0,114.57153680516147,1.0,87.87866917514813,1.0,68.25736241028793,1.0,52.622871171603954,1.0,37.91810231752216,1.0,24.41324391831951,1.0,12.237877016652078,1.0,12.375163444
pf,2023-24,56,2023-12-30,2,14.917624756033653,23.0,378.170361535718,1.0,279.9372771393244,1.0,205.6231658960653,1.0,139.42021502884583,1.0,105.8419806804786,1.0,81.44159669048176,1.0,62.932142897190445,1.0,47.514026789304665,0.0,34.82667241260955,0.0,22.211344551949573,0.0,10.688461009252087,0.0,40.0392856259
pf,2023-24,56,2023-12-30,3,9.539649325675445,40.0,305.9771933393553,1.0,228.8609901400056,1.0,167.97437950000855,1.0,114.75861351840611,1.0,86.8176956263503,1.0,67.16572536717557,1.0,52.240008618914324,1.0,39.16120645328667,1.0,28.765162052338287,1.0,18.30186574838463,1.0,8.923283244804065,0.0,22.9973441672
analogue,2023-24,56,2023-12-30,0,14.258710585932047,82.0,100.15766857962701,1.0,87.33407116444509,1.0,69.29521088435374,1.0,50.94299497306341,1.0,42.14696933618908,0.0,35.139493235814115,0.0,30.098790217847807,0.0,22.735034609520966,0.0,18.608209673156075,0.0,13.151431962147242,0.0,6.679087291901425,0.0,5.476
analogue,2023-24,56,2023-12-30,1,9.800410636037451,56.0,110.73548467060456,1.0,91.6777515493985,1.0,76.74668195922717,1.0,58.623812624540506,1.0,49.28190733171962,1.0,40.351534391534386,1.0,34.69820941989032,1.0,27.793466570557946,0.0,19.588341463414643,0.0,12.645018447817009,0.0,5.838822829131658,0.0,12.375163444
analogue,2023-24,56,2023-12-30,2,3.7121753170345433,23.0,105.80939928147814,1.0,76.20891365578875,1.0,57.79352753391859,1.0,43.85596278720686,1.0,37.6404285861709,1.0,32.53517436811555,1.0,24.03026207225986,1.0,16.589353172213023,1.0,12.88641735244926,1.0,7.5118033657164,1.0,2.87208530446469,1.0,40.0392856259
analogue,2023-24,56,2023-12-30,3,14.432616007095778,40.0,65.4048885525508,1.0,54.848642395505685,1.0,39.83876063791597,1.0,30.623906882300265,0.0,21.50954634521014,0.0,18.63002716876225,0.0,14.623345890883243,0.0,10.947776414588134,0.0,8.331062462533593,0.0,6.107558180488347,0.0,2.975842894969114,0.0,22.9973441672
ens2,2023-24,56,2023-12-30,0,10.985890852653377,82.0,201.2905496436693,1.0,156.51070379308425,1.0,120.83305544858614,1.0,87.16967679750273,1.0,69.58206409994357,1.0,55.6650795058715,1.0,45.104272400857425,1.0,34.5749201477102,0.0,25.962613250540215,0.0,17.589805296060504,0.0,8.835355273308387,0.0,5.476
ens2,2023-24,56,2023-12-30,1,9.213068014619,56.0,258.7306330303616,1.0,192.04358235582546,1.0,146.40112213886107,1.0,105.1842997825982,1.0,81.92672206844054,1.0,64.11510178334126,1.0,51.477785915089115,1.0,40.20816887108096,1.0,28.75322189046841,1.0,18.52913118306826,1.0,9.038349922891868,0.0,12.375163444
ens2,2023-24,56,2023-12-30,2,8.614355748255424,23.0,241.98988040859805,1.0,178.07309539755656,1.0,131.70834671499193,1.0,91.63808890802636,1.0,71.74120463332476,1.0,56.988385529298654,1.0,43.48120248472515,1.0,32.051689980758844,1.0,23.856544882529406,0.0,14.861573958832992,0.0,6.780273156858385,0.0,40.0392856259
ens2,2023-24,56,2023-12-30,3,9.002071934256392,40.0,185.69104094595306,1.0,141.85481626775567,1.0,103.90657006896227,1.0,72.69126020035318,1.0,54.16362098578022,1.0,42.897876267968904,1.0,33.43167725489879,1.0,25.0544914339374,0.0,18.54811225743594,0.0,12.204711964436488,0.0,5.94956306988659,0.0,22.9973441672
ens3,2023-24,56,2023-12-30,0,11.004759787793036,82.0,277.1432697132643,1.0,209.78122152660382,1.0,160.0107405529966,1.0,113.72883060306312,1.0,89.17294284631207,1.0,70.63273397721579,1.0,56.177667531486044,1.0,43.352449493679224,1.0,32.07435164336198,1.0,21.304445713555026,0.0,10.628796434585965,0.0,5.476
ens3,2023-24,56,2023-12-30,1,11.440600980104623,56.0,390.34926569294225,1.0,283.3901567812877,1.0,210.93933614516467,1.0,147.03811724331288,1.0,111.57392137548578,1.0,86.74793563072365,1.0,67.88332100886493,1.0,52.027921600348726,1.0,37.165310208736074,1.0,24.199153086329808,1.0,11.671880478107994,1.0,12.375163444
ens3,2023-24,56,2023-12-30,2,13.148980355787101,23.0,358.48923520059566,1.0,263.5536351680337,1.0,197.15335717528745,1.0,134.16141037884992,1.0,101.70718853513432,1.0,79.38746027580261,1.0,60.52357623636661,1.0,44.78519997349008,0.0,32.91646066955893,0.0,20.976854309232202,0.0,9.884718394346457,0.0,40.0392856259
ens3,2023-24,56,2023-12-30,3,9.419001661358399,40.0,275.82281400561715,1.0,207.12165575027674,1.0,153.3720802192194,1.0,105.34579126561614,1.0,78.24468654850756,1.0,60.61406925057296,1.0,47.11482782255257,1.0,35.1993591178658,1.0,25.535032839706673,1.0,16.51714488628302,0.0,7.870702827720372,0.0,22.9973441672
pf,2023-24,02,2024-01-06,0,1.337080166833878,6.0,23.363011919933836,1.0,17.35416871444288,1.0,12.849656555963609,1.0,10.412501228665729,1.0,6.949481470229233,1.0,5.790304322280065,1.0,4.672602383986767,0.0,3.470833742888576,0.0,2.316121728912026,0.0,2.291477131858051,0.0,0.03361804510149913,0.0,1.2023086957
pf,2023-24,02,2024-01-06,1,3.098628490327769,9.0,56.071228607841206,1.0,33.551392847922905,1.0,21.026710727940454,1.0,12.849656555963609,1.0,10.412501228665729,1.0,6.949481470229233,0.0,5.783606621321139,0.0,4.622153726283374,0.0,2.318354295898335,0.0,1.1883300590780492,0.0,1.1378814013746554,0.0,2.5632701034
pf,2023-24,02,2024-01-06,2,2.5053470376540283,7.0,153.87511392510586,1.0,71.8154126801595,1.0,39.37406939150444,1.0,19.68703469575222,1.0,12.849656555963609,1.0,10.412501228665729,1.0,6.941667485777152,1.0,4.682692115527446,0.0,3.5044517879900754,0.0,2.3138891619257174,0.0,1.1580608644560129,0.0,1.8495260666
pf,2023-24,02,2024-01-06,3,3.5725070280028945,8.0,307.7537035241894,1.0,151.56339593457423,1.0,77.51528692451153,1.0,33.551392847922905,1.0,19.68703469575222,1.0,13.883334971554305,1.0,8.188260187010675,1.0,5.8508427115241375,0.0,4.632243457824052,0.0,3.4640928618273605,0.0,1.1580608644560129,0.0,2.3608978921
analogue,2023-24,02,2024-01-06,0,2.236225538640959,6.0,5.075300174123703,1.0,4.313870341683795,0.0,3.3988442853102754,0.0,2.6200665061346173,0.0,2.135223160931026,0.0,1.8639631019914544,0.0,1.5010042470865672,0.0,1.1568760398028677,0.0,0.7832838338205241,0.0,0.4424657110262933,0.0,0.23898123537463034,0.0,1.2023086957
analogue,2023-24,02,2024-01-06,1,6.157116798345128,9.0,5.251636700839726,0.0,4.191363234740365,0.0,3.6081976069907062,0.0,2.375608851983297,0.0,1.8677741458519956,0.0,1.4440872967126308,0.0,1.1704202509480934,0.0,0.9498699004395992,0.0,0.6950187453166579,0.0,0.40552666809101723,0.0,0.13414810424076062,0.0,2.5632701034
analogue,2023-24,02,2024-01-06,2,4.955746597897819,7.0,4.13452460582895,0.0,3.327906267860544,0.0,2.7081694727162353,0.0,1.9593211235655195,0.0,1.4344627192982458,0.0,1.137182197647314,0.0,0.9869071845262322,0.0,0.7501362712490761,0.0,0.5165811153875427,0.0,0.3421370878048091,0.0,0.1636528081837363,0.0,1.8495260666
analogue,2023-24,02,2024-01-06,3,6.31369096201493,8.0,3.611469847130847,0.0,3.0336586701719788,0.0,2.3655978340965285,0.0,1.7911690454582956,0.0,1.2741058392055273,0.0,1.081434841522158,0.0,0.8913392141138734,0.0,0.6785661295226512,0.0,0.5193373860182373,0.0,0.3433557065626207,0.0,0.16722034534534547,0.0,2.3608978921
ens2,2023-24,02,2024-01-06,0,1.5155450549676837,6.0,14.21915604702877,1.0,10.834019528063338,1.0,8.124250420636944,1.0,6.516283867400173,1.0,4.542352315580129,1.0,3.82713371213576,0.0,3.086803315536667,0.0,2.3138548913457213,0.0,1.5497027813662747,0.0,1.3669714214421722,0.0,0.13629964023806496,0.0,1.2023086957
ens2,2023-24,02,2024-01-06,1,3.874028476699301,9.0,30.661432654340466,1.0,18.871378041331635,1.0,12.31745416746558,1.0,7.6126327039734525,0.0,6.1401376872588616,0.0,4.196784383470932,0.0,3.4770134361346168,0.0,2.7860118133614864,0.0,1.5066865206074966,0.0,0.7969283635845332,0.0,0.636014752807708,0.0,2.5632701034
ens2,2023-24,02,2024-01-06,2,2.6997714991388895,7.0,79.0048192654674,1.0,37.57165947401002,1.0,21.04111943211034,1.0,10.82317790965887,1.0,7.142059637630927,1.0,5.774841713156522,0.0,3.964287335151692,0.0,2.7164141933882613,0.0,2.010516451688809,0.0,1.3280131248652634,0.0,0.6608568363198748,0.0,1.8495260666
ens2,2023-24,02,2024-01-06,3,3.4748915216405645,8.0,155.6825866856601,1.0,77.2985273023731,1.0,39.94044237930403,1.0,17.6712809466906,1.0,10.480570267478875,1.0,7.482384906538232,0.0,4.539799700562274,0.0,3.264704420523395,0.0,2.5757904219211447,0.0,1.9037242841949906,0.0,0.6626406049006794,0.0,2.3608978921
ens3,2023-24,02,2024-01-06,0,1.462557343650009,6.0,18.133966912288205,1.0,13.264570694767107,1.0,9.849948478660618,1.0,7.6110614150171605,1.0,5.44499128081004,1.0,4.565386144554356,1.0,3.6913049620663,0.0,2.7789312915070083,0.0,1.8387206554963904,0.0,1.3309576023837142,0.0,0.49170258131130584,0.0,1.2023086957
ens3,2023-24,02,2024-01-06,1,3.6670428710586314,9.0,42.594555470662655,1.0,24.01497128951408,1.0,15.059112588954143,1.0,9.196293015792948,1.0,7.315766996514735,0.0,5.248010383210072,0.0,3.9570113297659604,0.0,3.0824182726890497,0.0,1.8286985897004602,0.0,1.3442421848566826,0.0,0.4426652765817276,0.0,2.5632701034
ens3,2023-24,02,2024-01-06,2,2.6756165416169604,7.0,107.89714729279338,1.0,48.006958818361234,1.0,25.461465550033218,1.0,12.932478237419076,1.0,8.436604283098127,1.0,6.669443613153737,0.0,4.684653329736781,0.0,3.0415861466745926,0.0,2.1570623436468006,0.0,1.6853612638613544,0.0,0.8451688120864462,0.0,1.8495260666
ens3,2023-24,02,2024-01-06,3,3.599018694981331,8.0,209.73092724232828,1.0,99.31035702238968,1.0,47.64510477323698,1.0,20.023263057415026,1.0,11.520371846110962,1.0,7.87309978689294,1.0,5.08713540694684,0.0,3.8099056987241187,0.0,2.539477944436052,0.0,1.6905976981326862,0.0,0.8389868499255286,0.0,2.3608978921
pf,2023-24,06,2024-01-06,0,159.5995861897503,1075.0,2812.6712100976333,1.0,2233.7224948684807,1.0,1796.3689926990667,1.0,1347.579368084629,1.0,1062.758210757308,1.0,859.1632821230274,1.0,683.2124421468607,1.0,528.1280865491499,0.0,381.9974691826801,0.0,250.65205410152612,0.0,126.38301170453906,0.0,245.2552347826
pf,2023-24,06,2024-01-06,1,162.180413756933,1096.0,4108.060112696749,1.0,3118.1827997185364,1.0,2473.9446501614048,1.0,1810.8547777313886,1.0,1425.7774340036444,1.0,1132.1641922665779,1.0,897.9380412014802,1.0,698.1998548712298,1.0,504.2776094358162,1.0,332.93498034591767,0.0,164.1931559302302,0.0,204.974715322
pf,2023-24,06,2024-01-06,2,275.27658400572994,732.0,5402.330258552578,1.0,4040.645854717038,1.0,3105.0285513705117,1.0,2229.5198648887836,1.0,1735.3347911898154,1.0,1362.049495218887,1.0,1078.5087658035022,0.0,817.1537340917947,0.0,596.5837693488662,0.0,391.85358490527426,0.0,194.13277950951783,0.0,449.9065812803
pf,2023-24,06,2024-01-06,3,325.33489068984596,547.0,6396.640959547553,1.0,4771.552336137063,1.0,3592.3468299035467,1.0,2543.350027726012,1.0,1959.3785800626788,1.0,1523.9867534753157,1.0,1190.9156255039402,0.0,914.2889101974894,0.0,663.5959398967,0.0,435.0433869230628,0.0,215.8647762089597,0.0,579.548809816
analogue,2023-24,06,2024-01-06,0,94.73404558726796,1075.0,1781.4303611174196,1.0,1514.1684899310117,1.0,1192.9943441439068,1.0,919.6433436532507,1.0,749.4633294867903,1.0,654.2510487990005,1.0,526.8524907273851,1.0,406.0634899708065,1.0,274.93262567100385,1.0,155.305464570229,0.0,83.88241361649534,0.0,245.2552347826
analogue,2023-24,06,2024-01-06,1,272.6065834543283,1096.0,1843.324481994744,1.0,1471.168495393868,1.0,1266.4773600537378,1.0,833.8387070461372,1.0,655.5887251940505,0.0,506.8746411461334,0.0,410.81750808278076,0.0,333.40433505429934,0.0,243.95157960614694,0.0,142.33986049994712,0.0,47.08598458850702,0.0,204.974715322
analogue,2023-24,06,2024-01-06,2,180.08756280621716,732.0,1451.2181366459615,1.0,1168.095100019051,1.0,950.5674849233988,1.0,687.7217143714972,1.0,503.4964144736843,0.0,399.15095137420724,0.0,346.4044217687075,0.0,263.2978312084257,0.0,181.31997150102745,0.0,120.090117819488,0.0,57.44213567249142,0.0,449.9065812803
analogue,2023-24,06,2024-01-06,3,128.0949638473797,547.0,1267.6259163429272,1.0,1064.8141932303647,1.0,830.3248397678815,1.0,628.7003349558618,1.0,447.21114956114,1.0,379.5836293742775,0.0,312.8600641539696,0.0,238.17671146245056,0.0,182.2874224924013,0.0,120.5178530034799,0.0,58.69434121621626,0.0,579.548809816
ens2,2023-24,06,2024-01-06,0,98.35749871805068,1075.0,2297.0507856075264,1.0,1873.9454923997462,1.0,1494.6816684214868,1.0,1133.6113558689399,1.0,906.110770122049,1.0,756.707165461014,1.0,605.0324664371228,1.0,467.09578825997824,1.0,328.46504742684215,1.0,202.9787593358776,1.0,105.1327126605172,0.0,245.2552347826
ens2,2023-24,06,2024-01-06,1,127.5889738848658,1096.0,2975.6922973457467,1.0,2294.675647556202,1.0,1870.211005107571,1.0,1322.3467423887628,1.0,1040.6830795988476,1.0,819.5194167063557,1.0,654.3777746421306,1.0,515.8020949627646,1.0,374.11459452098165,1.0,237.63742042293234,0.0,105.63957025936861,0.0,204.974715322
ens2,2023-24,06,2024-01-06,2,117.65327087001434,732.0,3426.7741975992694,1.0,2604.3704773680447,1.0,2027.7980181469552,1.0,1458.6207896301403,1.0,1119.4156028317498,1.0,880.600223296547,1.0,712.4565937861048,1.0,540.2257826501102,1.0,388.95187042494683,1.0,255.97185136238113,1.0,125.78745759100468,1.0,449.9065812803
ens2,2023-24,06,2024-01-06,3,135.89309903350363,547.0,3832.13343794524,1.0,2918.183264683714,1.0,2211.335834835714,1.0,1586.0251813409368,1.0,1203.2948648119095,1.0,951.7851914247967,1.0,751.8878448289549,1.0,576.2328108299699,1.0,422.9416811945506,1.0,277.7806199632714,0.0,137.27955871258803,0.0,579.548809816
ens3,2023-24,06,2024-01-06,0,108.69951693760929,1075.0,2430.7752913313243,1.0,1968.0651990124388,1.0,1576.733788713392,1.0,1196.5013281942024,1.0,953.6315079104747,1.0,784.6233621882695,1.0,627.1729906163272,1.0,483.79512673862575,1.0,345.0197399932092,1.0,218.25792744493265,0.0,111.2035442945346,0.0,245.2552347826
ens3,2023-24,06,2024-01-06,1,124.29870728385691,1096.0,3262.9051792832083,1.0,2499.919491552694,1.0,2008.0064534347878,1.0,1444.4914888603303,1.0,1138.164496975749,1.0,899.6379458095862,1.0,714.9644375731112,1.0,558.707253722114,1.0,407.114424623481,1.0,261.36069879420086,1.0,120.98717661898877,0.0,204.974715322
ens3,2023-24,06,2024-01-06,2,137.32141629504895,732.0,3871.1456182339143,1.0,2898.4094247395583,1.0,2247.777216783175,1.0,1618.759439031,1.0,1251.0955895442858,1.0,987.7078813264573,1.0,789.8351838338867,1.0,600.6270359124944,1.0,435.35910176907055,1.0,286.6349860062902,1.0,141.15450768347864,0.0,449.9065812803
ens3,2023-24,06,2024-01-06,3,156.13061494830322,547.0,4338.512860236336,1.0,3223.2578410745796,1.0,2433.491334208852,1.0,1739.9003861422216,1.0,1323.5543628373766,1.0,1046.0418785101838,1.0,825.7411224236424,1.0,633.0729225977913,1.0,461.72058979114104,1.0,302.25256732669925,0.0,148.3771021771447,0.0,579.548809816
pf,2023-24,36,2024-01-06,0,168.5067678809747,1024.0,3071.582883764964,1.0,2380.3969847658573,1.0,1912.6260453464402,1.0,1417.1612624924476,1.0,1125.0343377673307,1.0,903.9706787414846,1.0,720.8936907464644,1.0,555.3061009658534,0.0,409.6098398789088,0.0,268.3781294972889,0.0,132.20684524252988,0.0,182.841
pf,2023-24,36,2024-01-06,1,243.61478100797274,851.0,4341.39724213675,1.0,3338.5469177096957,1.0,2610.1824015699895,1.0,1892.996492845152,1.0,1468.5350797226602,1.0,1161.03204369802,1.0,912.3064739347976,0.0,709.8446228504341,0.0,520.7254380562907,0.0,343.51983100048847,0.0,167.4190803303327,0.0,308.5119280632
pf,2023-24,36,2024-01-06,2,204.6677242485928,884.0,5166.06896862427,1.0,3910.828555570419,1.0,3012.2092643142687,1.0,2163.2437544050367,1.0,1683.3312332459109,1.0,1324.9938385692847,1.0,1041.0698169585798,1.0,802.810917438538,1.0,584.975694252795,1.0,384.88016104919404,0.0,192.34422084096423,0.0,260.338886116
pf,2023-24,36,2024-01-06,3,194.19981472675337,764.0,5151.644976251872,1.0,3915.846606927811,1.0,3020.705571344198,1.0,2165.543994417759,1.0,1677.834724019012,1.0,1321.7263256259666,1.0,1041.9455902852958,1.0,801.1241216617774,1.0,581.3443718116963,1.0,379.74178102869746,0.0,190.79708998027252,0.0,347.9163638779
analogue,2023-24,36,2024-01-06,0,99.62204849561391,1024.0,1613.9454553713376,1.0,1371.8107686554467,1.0,1080.8324827286676,1.0,833.1811489508083,1.0,679.0009651760663,1.0,592.7402664332826,1.0,477.31935057352837,1.0,367.8865806573119,1.0,249.0842591549266,0.0,140.70409610636125,0.0,75.99603284913246,0.0,182.841
analogue,2023-24,36,2024-01-06,1,161.11048450067182,851.0,1670.020470867033,1.0,1332.853508647436,1.0,1147.4068390230448,1.0,755.4436149306885,1.0,593.9521783809346,1.0,459.2197603546166,0.0,372.1936398014937,0.0,302.05862833979256,0.0,221.0159610106972,0.0,128.9574804529435,0.0,42.65909714856184,0.0,308.5119280632
analogue,2023-24,36,2024-01-06,2,314.9851429486436,884.0,1314.778824653606,1.0,1058.2741931796531,1.0,861.1978923237629,1.0,623.0641172938351,0.0,456.1591447368422,0.0,361.6239388518459,0.0,313.8364846793418,0.0,238.54333425720623,0.0,164.27279469323855,0.0,108.79959392192933,0.0,52.04159300242816,0.0,260.338886116
analogue,2023-24,36,2024-01-06,3,294.95824064364365,764.0,1148.4474113876092,1.0,964.7034571146892,1.0,752.2601112426961,1.0,569.5917564557379,0.0,405.16565686735765,0.0,343.8962796040463,0.0,283.44587008821173,0.0,215.78402918820308,0.0,165.14928875379945,0.0,109.18711468691342,0.0,53.17606981981987,0.0,347.9163638779
ens2,2023-24,36,2024-01-06,0,96.42473618687977,1024.0,2342.764169568151,1.0,1876.103876710652,1.0,1496.7292640375538,1.0,1125.171205721628,1.0,902.0176514716986,1.0,748.3554725873836,1.0,599.1065206599964,1.0,461.59634081158265,1.0,329.34704951691765,1.0,204.54111280182508,1.0,104.10143904583128,0.0,182.841
ens2,2023-24,36,2024-01-06,1,107.58663754016041,851.0,3005.708856501891,1.0,2335.7002131785657,1.0,1878.794620296517,1.0,1324.2200538879201,1.0,1031.2436290517974,1.0,810.1259020263183,1.0,642.2500568681455,1.0,505.95162559511346,1.0,370.8706995334941,1.0,236.23865572671593,1.0,105.03908873944727,1.0,308.5119280632
ens2,2023-24,36,2024-01-06,2,122.92994766254864,884.0,3240.4238966389385,1.0,2484.551374375036,1.0,1936.7035783190158,1.0,1393.153935849436,1.0,1069.7451889913766,1.0,843.3088887105652,1.0,677.4531508189607,1.0,520.677125847872,1.0,374.6242444730168,1.0,246.83987748556171,0.0,122.19290692169614,0.0,260.338886116
ens2,2023-24,36,2024-01-06,3,123.85038966431947,764.0,3150.046193819741,1.0,2440.2750320212504,1.0,1886.4828412934469,1.0,1367.5678754367486,1.0,1041.500190443185,1.0,832.8113026150065,1.0,662.6957301867538,1.0,508.45407542499026,1.0,373.24683028274785,1.0,244.46444785780545,0.0,121.9865799000462,0.0,347.9163638779
ens3,2023-24,36,2024-01-06,0,109.61090333121763,1024.0,2568.340273177186,1.0,2047.6206473283723,1.0,1632.4084447569594,1.0,1223.0799328688395,1.0,970.637727337655,1.0,794.324625893777,1.0,633.1783030560568,1.0,488.22989604739564,1.0,352.3039222437095,1.0,224.51419426312987,1.0,113.96920943651753,0.0,182.841
ens3,2023-24,36,2024-01-06,1,129.86921433696446,851.0,3402.399182036059,1.0,2636.171821168408,1.0,2088.9581117918347,1.0,1493.7110690264917,1.0,1161.1045547327374,1.0,913.02303329864,1.0,722.0127011222179,1.0,564.005617782477,1.0,411.26735130427323,1.0,264.370507555366,0.0,122.85618170807311,0.0,308.5119280632
ens3,2023-24,36,2024-01-06,2,129.00572864998838,884.0,3777.5830002307343,1.0,2872.0025209455725,1.0,2228.7858042582734,1.0,1598.3707125701276,1.0,1229.8373685293177,1.0,971.0811406817343,1.0,771.0338933028859,1.0,591.3217854962901,1.0,427.3453700301975,1.0,282.3091389739411,1.0,138.9512842619854,1.0,260.338886116
ens3,2023-24,36,2024-01-06,3,129.16563176527114,764.0,3714.178450974592,1.0,2809.723360748443,1.0,2168.6737419274923,1.0,1556.7498931203081,1.0,1192.8158986245917,1.0,944.5833832429788,1.0,747.8367391082759,1.0,572.1048039724735,1.0,418.57534174946807,1.0,273.37939681111095,1.0,136.2722950367513,0.0,347.9163638779
pf,2023-24,42,2024-01-06,0,111.89041586269313,577.0,1723.9721618172255,1.0,1360.6890651729148,1.0,1086.4484257559468,1.0,817.2940850146172,1.0,648.9731030075749,1.0,518.7964045537774,1.0,413.41974664623126,0.0,320.5428810504543,0.0,232.35476855744162,0.0,152.1578811100935,0.0,76.9304645050371,0.0,138.0940130435
pf,2023-24,42,2024-01-06,1,170.6371730069708,454.0,2424.7870918506997,1.0,1892.2403575360702,1.0,1497.6184830810848,1.0,1083.5928425972347,1.0,846.7040698669964,1.0,678.5286610459164,0.0,536.6929018144532,0.0,415.2741264519193,0.0,304.2591912358339,0.0,201.04777481195754,0.0,100.74545598367274,0.0,218.7705903839
pf,2023-24,42,2024-01-06,2,172.24266183862804,401.0,2890.459206747076,1.0,2273.3971656507706,1.0,1773.4608417206418,1.0,1272.2172956724276,1.0,999.712299832427,1.0,788.0077349839332,1.0,619.5492277361641,0.0,478.4589524342661,0.0,349.57077717432605,0.0,225.51591889596364,0.0,110.69836993694821,0.0,250.6307269951
pf,2023-24,42,2024-01-06,3,128.36900489309465,443.0,3048.4641854639694,1.0,2346.026409027608,1.0,1854.3513427300618,1.0,1358.496907535049,1.0,1048.6796286143035,1.0,821.6962179212153,1.0,642.685708006227,1.0,488.06778258989976,1.0,356.9118752311117,0.0,232.77815479560758,0.0,115.58212155181366,0.0,205.0769329424
analogue,2023-24,42,2024-01-06,0,50.01544911936265,577.0,966.8446831705654,1.0,821.7923000907628,1.0,647.4798363516074,1.0,499.12266941864465,1.0,406.76001215736045,1.0,355.0849709293721,1.0,285.94130906999106,1.0,220.38488558244632,1.0,149.21557034280983,1.0,84.28971795050893,0.0,45.52592533886707,0.0,138.0940130435
analogue,2023-24,42,2024-01-06,1,68.84675069679768,454.0,1000.4367915099679,1.0,798.4546962180394,1.0,687.3616441317295,1.0,452.55348630281804,1.0,355.8109747848051,1.0,275.0986300237562,1.0,222.96505780561182,1.0,180.95021603374363,0.0,132.40107098282334,0.0,77.25283027133878,0.0,25.555213857864885,0.0,218.7705903839
analogue,2023-24,42,2024-01-06,2,100.16458025956157,401.0,787.626937410415,1.0,633.9661440274336,1.0,515.9062845524428,1.0,373.25067403923146,1.0,273.26514802631584,0.0,216.63320865181333,0.0,188.00581865224726,0.0,142.900959672949,0.0,98.40870248132686,0.0,65.17711522681614,0.0,31.17585995900174,0.0,250.6307269951
analogue,2023-24,42,2024-01-06,3,165.84680494669462,443.0,687.9850058784264,1.0,577.9119766677619,1.0,450.6463873953887,1.0,341.21770315980535,0.0,242.7171623686529,0.0,206.01333730997106,0.0,169.80012028869288,0.0,129.26684767406505,0.0,98.93377203647421,0.0,65.40926210017923,0.0,31.855475788288317,0.0,205.0769329424
ens2,2023-24,42,2024-01-06,0,61.21333822111829,577.0,1345.4084224938954,1.0,1091.2406826318388,1.0,866.9641310537771,1.0,658.2083772166311,1.0,527.8665575824677,1.0,436.94068774157483,1.0,349.6805278581111,1.0,270.4638833164503,1.0,190.78516945012575,1.0,118.22379953030122,0.0,61.22819492195208,0.0,138.0940130435
ens2,2023-24,42,2024-01-06,1,70.75810879984645,454.0,1712.6119416803338,1.0,1345.3475268770549,1.0,1092.4900636064071,1.0,768.0731644500264,1.0,601.2575223259008,1.0,476.8136455348362,1.0,379.82897981003254,1.0,298.11217124283155,1.0,218.3301311093286,1.0,139.1503025416481,0.0,63.15033492076873,0.0,218.7705903839
ens2,2023-24,42,2024-01-06,2,68.58318164927122,401.0,1839.0430720787456,1.0,1453.6816548391023,1.0,1144.6835631365423,1.0,822.7339848558295,1.0,636.4887239293714,1.0,502.3204718178733,1.0,403.7775231942057,1.0,310.6799560536075,1.0,223.9897398278265,1.0,145.34651706138982,1.0,70.93711494797498,0.0,250.6307269951
ens2,2023-24,42,2024-01-06,3,71.46203275615645,443.0,1868.224595671198,1.0,1461.969192847685,1.0,1152.4988650627251,1.0,849.8573053474272,1.0,645.6983954914782,1.0,513.8547776155931,1.0,406.2429141474599,1.0,308.66731513198243,1.0,227.92282363379297,1.0,149.0937084478934,1.0,73.71879867005094,0.0,205.0769329424
ens3,2023-24,42,2024-01-06,0,70.56088568738292,577.0,1431.907202025123,1.0,1154.9902807217504,1.0,925.7967033739354,1.0,701.0058492218991,1.0,561.7318635632398,1.0,460.92057419692566,1.0,367.53368011760153,1.0,285.007378820863,1.0,204.4114295103758,0.0,129.47604213017257,0.0,65.80125331668671,0.0,138.0940130435
ens3,2023-24,42,2024-01-06,1,87.18659900368527,454.0,1836.2607894962978,1.0,1444.2917358785555,1.0,1170.238609845015,1.0,844.8220494903653,1.0,662.5989778843241,1.0,527.8534571700625,1.0,419.31475022318915,1.0,327.1490276958034,1.0,240.43267325489734,0.0,154.62050110296832,0.0,73.44451110700618,0.0,218.7705903839
ens3,2023-24,42,2024-01-06,2,82.06505559109144,401.0,2021.4939248926808,1.0,1585.0383667292153,1.0,1251.1130296711121,1.0,907.8157052206948,1.0,706.372711222195,1.0,560.0884149101241,1.0,447.59983722168255,1.0,344.8010654159365,1.0,249.27823076058155,1.0,162.52689038932277,0.0,79.58744422850498,0.0,250.6307269951
ens3,2023-24,42,2024-01-06,3,73.78954127220543,443.0,2026.727723920551,1.0,1577.6206312949444,1.0,1238.2753882332206,1.0,913.107502332041,1.0,701.8027238397206,1.0,560.3810731867776,1.0,444.87305778926947,1.0,340.0980801944131,1.0,249.6365022773785,1.0,162.2859372639316,1.0,80.54909764725096,1.0,205.0769329424
pf,2023-24,50,2024-01-06,0,4.371475861855798,24.0,78.87230833405579,1.0,55.56435799787998,1.0,42.77739547180562,1.0,31.045483067660257,1.0,23.628736064267187,1.0,18.767176521544002,1.0,14.833494006786136,1.0,11.271518005374077,0.0,8.194861942954326,0.0,5.274148412576679,0.0,2.5591604347560004,0.0,6.5847695652
pf,2023-24,50,2024-01-06,1,5.3559506812595945,26.0,125.02099938057779,1.0,87.29485708421282,1.0,64.2784740294066,1.0,44.53260373635396,1.0,34.12213913008,1.0,26.23579902602644,1.0,20.302435843639646,1.0,15.52279902831884,0.0,11.495281907525898,0.0,7.677481304268001,0.0,3.627916878010163,0.0,7.325103279
pf,2023-24,50,2024-01-06,2,4.728720094879486,21.0,156.06648244823805,1.0,110.89695217276002,1.0,81.3615369272356,1.0,55.378429255826404,1.0,40.380067018473376,1.0,31.88455017759702,1.0,24.722490011310228,1.0,18.767176521544002,1.0,13.648855652032005,1.0,8.65932631389719,0.0,4.480970356262164,0.0,3.4945697469
pf,2023-24,50,2024-01-06,3,4.730360069774648,18.0,174.52595886684685,1.0,120.28142987406973,1.0,87.32382756208783,1.0,59.33397602714455,1.0,44.38460010885844,1.0,33.787403015457315,1.0,26.54256240401866,1.0,19.880964300670936,1.0,14.009411006409131,1.0,9.064913004147083,1.0,4.69982455938489,0.0,2.0055470442
analogue,2023-24,50,2024-01-06,0,9.874044527667575,24.0,19.03237565296389,0.0,16.17701378131423,0.0,12.745666069913533,0.0,9.825249398004816,0.0,8.007086853491348,0.0,6.989861632467953,0.0,5.628765926574626,0.0,4.338285149260754,0.0,2.9373143768269667,0.0,1.6592464163485996,0.0,0.8961796326548637,0.0,6.5847695652
analogue,2023-24,50,2024-01-06,1,15.339187993794226,26.0,19.693637628148974,0.0,15.717612130276366,0.0,13.53074102621515,0.0,8.908533194937363,0.0,7.0041530469449835,0.0,5.4153273626723655,0.0,4.389075941055351,0.0,3.562012126648497,0.0,2.6063202949374666,0.0,1.5207250053413155,0.0,0.503055390902853,0.0,7.325103279
analogue,2023-24,50,2024-01-06,2,13.334049742116818,21.0,15.504467271858562,0.0,12.479648504477039,0.0,10.155635522685882,0.0,7.347454213370698,0.0,5.379235197368422,0.0,4.264433241177427,0.0,3.700901941973371,0.0,2.8130110171840355,0.0,1.937179182703285,0.0,1.2830140792680345,0.0,0.6136980306890107,0.0,3.4945697469
analogue,2023-24,50,2024-01-06,3,11.67634110755599,18.0,13.543011926740675,0.0,11.37622001314492,0.0,8.870991877861982,0.0,6.716883920468608,0.0,4.777896897020727,0.0,4.055380655708093,0.0,3.342522052927025,0.0,2.5446229857099416,0.0,1.9475151975683898,0.0,1.2875838996098277,0.0,0.6270762950450455,0.0,2.0055470442
ens2,2023-24,50,2024-01-06,0,5.844300650224182,24.0,48.95234199350984,1.0,35.870685889597105,1.0,27.761530770859576,1.0,20.435366232832536,1.0,15.81791145887927,0.0,12.87851907700598,0.0,10.231129966680381,0.0,7.804901577317416,0.0,5.566088159890647,0.0,3.46669741446264,0.0,1.7276700337054312,0.0,6.5847695652
ens2,2023-24,50,2024-01-06,1,7.696434126303773,26.0,72.35731850436339,1.0,51.50623460724459,1.0,38.904607527810875,1.0,26.720568465645663,1.0,20.563146088512493,0.0,15.825563194349401,0.0,12.345755892347498,0.0,9.542405577483668,0.0,7.0508011012316825,0.0,4.5991031548046575,0.0,2.065486134456508,0.0,7.325103279
ens2,2023-24,50,2024-01-06,2,5.537739336837184,21.0,85.78547486004831,1.0,61.68830033861853,1.0,45.758586224960744,1.0,31.362941734598554,1.0,22.8796511079209,1.0,18.074491709387225,1.0,14.2116959766418,0.0,10.79009376936402,0.0,7.793017417367645,0.0,4.971170196582612,0.0,2.547334193475587,0.0,3.4945697469
ens2,2023-24,50,2024-01-06,3,4.696421528606048,18.0,94.03448539679377,1.0,65.82882494360733,1.0,48.0974097199749,1.0,33.02542997380658,1.0,24.581248502939587,1.0,18.921391835582703,1.0,14.942542228472842,1.0,11.21279364319044,0.0,7.978463101988759,0.0,5.176248451878457,0.0,2.6634504272149675,0.0,2.0055470442
ens3,2023-24,50,2024-01-06,0,5.375293588914397,24.0,59.90743824589729,1.0,42.678645725707185,1.0,32.63571971689421,1.0,23.63424615226311,1.0,18.12021019550445,1.0,14.703896833950793,0.0,11.755024274290768,0.0,9.003373089044366,0.0,6.5893244275502045,0.0,4.096337205739097,0.0,2.0345205598997858,0.0,6.5847695652
ens3,2023-24,50,2024-01-06,1,7.061385282524661,26.0,90.31718664522843,1.0,63.18225463191519,1.0,46.61600055537093,1.0,31.647498000941763,1.0,24.182621040458493,1.0,18.47979893568919,0.0,14.418055565136516,0.0,11.288317995618886,0.0,8.176229416966926,0.0,5.399123849102542,0.0,2.516365081136069,0.0,7.325103279
ens3,2023-24,50,2024-01-06,2,5.2770551298256265,21.0,108.46680567209435,1.0,76.96080719057699,1.0,55.427797373014585,1.0,37.21806803898166,1.0,27.19819194911326,1.0,21.185829148440675,1.0,16.593726428936307,1.0,12.708603815158789,0.0,9.00695614372976,0.0,5.942461373793307,0.0,2.8877619912372605,0.0,3.4945697469
ens3,2023-24,50,2024-01-06,3,4.674250142084332,18.0,113.59516566715249,1.0,79.19550479291817,1.0,57.958662244581895,1.0,39.02155729546598,1.0,28.911563241807812,1.0,22.219893456486833,1.0,17.233674389510377,1.0,12.763954308502122,0.0,9.130586600143838,0.0,6.0812721793817905,0.0,2.9630808450055905,0.0,2.0055470442
pf,2023-24,56,2024-01-06,0,15.710839761105115,56.0,310.5394399548409,1.0,237.16020682766015,1.0,187.67844453704583,1.0,135.82272887330708,1.0,105.10955225146911,1.0,84.73291018337902,1.0,67.12313442909604,1.0,51.84826323803201,0.0,37.58455832379828,0.0,24.97007737489777,0.0,12.146748110620948,0.0,26.1756869565
pf,2023-24,56,2024-01-06,1,25.37030813104587,23.0,359.19560449671246,1.0,269.80889342660436,1.0,205.9722539069193,1.0,146.51634556265395,1.0,113.62368279803697,0.0,89.78752178553884,0.0,71.13474748331748,0.0,54.65435758637699,0.0,40.069737438285685,0.0,26.112001388096267,0.0,12.740551788056862,0.0,55.9267120137
pf,2023-24,56,2024-01-06,2,10.41377815983563,40.0,322.7686803101693,1.0,238.3959728627099,1.0,182.41866426600424,1.0,127.99932155800454,1.0,97.3456277340872,1.0,77.29748797667882,1.0,60.10438343966649,1.0,46.706345196737175,1.0,33.877016120539295,1.0,22.295965629099506,1.0,11.042498282382688,0.0,36.9008897676
pf,2023-24,56,2024-01-06,3,8.442966510002414,39.0,259.0267920345307,1.0,191.24122003530246,1.0,143.20359607793912,1.0,99.44543441835727,1.0,75.0413006454682,1.0,58.897147901956494,1.0,45.42300009367263,1.0,34.798180243050055,1.0,25.134560347496894,1.0,16.392104574454493,1.0,8.467827214451138,0.0,36.2867001198
analogue,2023-24,56,2024-01-06,0,5.148227686430603,56.0,111.65660383072148,1.0,94.90514751704347,1.0,74.77457427682606,1.0,57.64146313496159,1.0,46.97490954048258,1.0,41.007188243811996,1.0,33.02209343590448,1.0,25.451272875663093,1.0,17.23224434405153,1.0,9.734245642578458,1.0,5.257587178241863,0.0,26.1756869565
analogue,2023-24,56,2024-01-06,1,8.330929186172746,23.0,115.53600741847397,1.0,92.20999116428803,1.0,79.38034735379553,1.0,52.26339474363253,1.0,41.0910312087439,0.0,31.769920527677876,0.0,25.749245520858054,0.0,20.897137809671186,0.0,15.290412396966474,0.0,8.921586698002386,0.0,2.951258293296739,0.0,55.9267120137
analogue,2023-24,56,2024-01-06,2,7.8674843944987005,40.0,90.9595413282369,1.0,73.21393789293197,1.0,59.57972839975717,1.0,43.105064718441426,1.0,31.558179824561407,1.0,25.018008348240908,0.0,21.711958059577107,0.0,16.502997967479676,0.0,11.364784538525939,0.0,7.527015931705801,0.0,3.600361780042199,0.0,36.9008897676
analogue,2023-24,56,2024-01-06,3,10.866673050544145,39.0,79.45233663687863,1.0,66.74049074378354,1.0,52.04315235012362,1.0,39.4057190000825,1.0,28.030328462521602,0.0,23.791566513487478,0.0,19.609462710505216,0.0,14.928454849498326,0.0,11.425422492401221,0.0,7.553825544377657,0.0,3.678847597597601,0.0,36.2867001198
ens2,2023-24,56,2024-01-06,0,10.063437725637952,56.0,211.09802189278116,1.0,166.0326771723518,1.0,131.22650940693595,1.0,96.73209600413433,1.0,76.04223089597585,1.0,62.87004921359551,1.0,50.07261393250026,1.0,38.64976805684756,1.0,27.4084013339249,0.0,17.352161508738114,0.0,8.702167644431398,0.0,26.1756869565
ens2,2023-24,56,2024-01-06,1,16.850618658609307,23.0,237.36580595759324,1.0,181.0094422954462,1.0,142.67630063035742,1.0,99.38987015314324,1.0,77.35735700339043,0.0,60.77872115660837,0.0,48.441996502087775,0.0,37.775747698024084,0.0,27.680074917626087,0.0,17.516794043049323,0.0,7.845905040676804,0.0,55.9267120137
ens2,2023-24,56,2024-01-06,2,7.005500553336433,40.0,206.8641108192031,1.0,155.80495537782093,1.0,120.99919633288073,1.0,85.55219313822298,1.0,64.4519037793243,1.0,51.15774816245987,1.0,40.908170749621796,1.0,31.604671582108423,1.0,22.620900329532613,1.0,14.911490780402655,1.0,7.32143003121244,0.0,36.9008897676
ens2,2023-24,56,2024-01-06,3,8.196123335709064,39.0,169.23956433570464,1.0,128.990855389543,1.0,97.62337421403137,1.0,69.42557670921988,1.0,51.535814553994896,1.0,41.344357207721984,1.0,32.51623140208892,1.0,24.86331754627419,1.0,18.279991419949056,0.0,11.972965059416072,0.0,6.073337406024368,0.0,36.2867001198
ens3,2023-24,56,2024-01-06,0,12.729835886739806,56.0,264.82967109783806,1.0,203.43696644166462,1.0,158.43202138032808,1.0,116.12281664694491,1.0,90.70517617778296,1.0,73.63404785018722,1.0,58.35631070735549,1.0,45.02698282498241,0.0,32.21820171363652,0.0,20.70862344902649,0.0,10.283715337605784,0.0,26.1756869565
ens3,2023-24,56,2024-01-06,1,21.024957096151635,23.0,312.5919491736513,1.0,234.72317555281376,1.0,181.40120349154316,1.0,126.9415979516661,1.0,98.11822384159014,0.0,76.92469721758975,0.0,60.449037225631926,0.0,46.61267206893898,0.0,34.055529937096274,0.0,21.873053369193073,0.0,10.295179082813043,0.0,55.9267120137
ens3,2023-24,56,2024-01-06,2,8.683992369882167,40.0,288.02480092742513,1.0,210.72780288425295,1.0,159.1193718295599,1.0,111.52633178559107,1.0,84.54739666752299,1.0,66.22556798966667,1.0,52.06056392016917,1.0,39.94874106554627,1.0,28.66238426563513,1.0,18.729951331038713,1.0,9.075638309914318,1.0,36.9008897676
ens3,2023-24,56,2024-01-06,3,8.489022477410582,39.0,231.65433983184306,1.0,170.55097647034142,1.0,127.33641673677973,1.0,88.32990417112173,1.0,66.07789141045347,1.0,52.17198574197144,1.0,40.570872906616515,1.0,31.013449927243098,1.0,22.530026135895476,1.0,14.834501194286403,0.0,7.459698175431573,0.0,36.2867001198
pf,2023-24,02,2024-01-13,0,3.0462355764983995,9.0,80.65127078959148,1.0,58.984242972089554,1.0,44.565872467801,1.0,30.88496154657242,1.0,23.59369718883582,1.0,18.456820289812185,1.0,14.184803278709712,1.0,10.382332868964763,1.0,7.680497736781817,0.0,5.243043819741294,0.0,2.621521909870646,0.0,0.8777260870000001
pf,2023-24,02,2024-01-13,1,8.1336304901904,7.0,303.0495547601587,1.0,186.98149776480986,1.0,121.97132975966915,1.0,72.87269450301221,1.0,51.49616929509756,1.0,38.1961356859545,0.0,28.43571886004985,0.0,21.685853336923238,0.0,15.729131459223881,0.0,9.512784671402489,0.0,5.158110283167169,0.0,1.8956031661000001
pf,2023-24,02,2024-01-13,2,14.818256013059266,8.0,677.0291954160815,1.0,437.7789263819022,1.0,289.7606803192742,1.0,166.28535647971057,1.0,107.07801144902619,1.0,76.15153569110994,1.0,55.29738409772374,0.0,40.686552606924515,0.0,28.836741008577118,0.0,18.80243035748928,0.0,9.026692995542547,0.0,1.9517607967000001
pf,2023-24,02,2024-01-13,3,22.582221548836177,11.0,862.495735988271,1.0,620.2864068544544,1.0,447.47250982891757,1.0,275.1895017240307,1.0,189.45227750728486,1.0,134.2246424008517,1.0,95.96165169952378,0.0,70.30067182589029,0.0,48.51092772769067,0.0,30.56143249788196,0.0,15.162658565672366,0.0,2.1261069372
analogue,2023-24,02,2024-01-13,0,1.3910796320908922,9.0,12.57920150501672,1.0,10.305471124620057,1.0,8.461869466983424,1.0,6.003695150115473,1.0,4.694650119873277,1.0,3.761881755311072,0.0,2.992295170785747,0.0,2.180778529980657,0.0,1.626419036833397,0.0,1.2135384229944455,0.0,0.3576742637128607,0.0,0.8777260870000001
analogue,2023-24,02,2024-01-13,1,1.5863025762838086,7.0,12.626799942779485,1.0,10.285505751805738,1.0,9.344861517350955,1.0,6.340958605664492,1.0,4.408777291248556,0.0,3.4750655109203477,0.0,2.737235915492958,0.0,2.055930644145689,0.0,1.4118258751527,0.0,0.8083032219211077,0.0,0.37990066516893517,0.0,1.8956031661000001
analogue,2023-24,02,2024-01-13,2,2.813242420475275,8.0,10.7520981669444,1.0,9.797650285035976,1.0,8.362301587301582,1.0,6.140208663758923,0.0,5.008432250978668,0.0,3.824287050889395,0.0,3.187737660973349,0.0,2.365671621358354,0.0,1.8906061473082794,0.0,1.3624384236453193,0.0,0.6234093468468465,0.0,1.9517607967000001
analogue,2023-24,02,2024-01-13,3,5.907200768173476,11.0,9.862345374931584,0.0,8.795975656546942,0.0,7.692592521227532,0.0,5.691310014262312,0.0,4.668634971266551,0.0,4.005341083801943,0.0,2.9779441825629567,0.0,2.419647657450076,0.0,1.765794022513436,0.0,1.3566145994181036,0.0,0.6570891388282698,0.0,2.1261069372
ens2,2023-24,02,2024-01-13,0,1.4631982695569195,9.0,46.6152361473041,1.0,34.64485704835481,1.0,26.513870967392208,1.0,18.444328348343944,1.0,14.144173654354548,1.0,11.109351022561627,1.0,8.58854922474773,1.0,6.28155569947271,1.0,4.653458386807606,1.0,3.228291121367871,1.0,1.4895980867917533,1.0,0.8777260870000001
ens2,2023-24,02,2024-01-13,1,3.519564536217493,7.0,157.83817735146908,1.0,98.6335017583078,1.0,65.65809563851005,1.0,39.606826554338355,1.0,27.95247329317306,1.0,20.835600598437424,1.0,15.586477387771405,1.0,11.870891990534462,1.0,8.57047866718829,0.0,5.160543946661798,0.0,2.7690054741680523,0.0,1.8956031661000001
ens2,2023-24,02,2024-01-13,2,6.568842215293247,8.0,343.89064679151295,1.0,223.78828833346907,1.0,149.06149095328792,1.0,86.21278257173475,1.0,56.04322185000243,1.0,39.98791137099967,1.0,29.242560879348545,1.0,21.526112114141434,1.0,15.363673577942699,0.0,10.082434390567299,0.0,4.825051171194698,0.0,1.9517607967000001
ens2,2023-24,02,2024-01-13,3,10.1039757489354,11.0,436.1790406816013,1.0,314.5411912555007,1.0,227.58255117507255,1.0,140.44040586914653,1.0,97.06045623927571,1.0,69.11499174232682,1.0,49.469797941043375,1.0,36.36015974167018,1.0,25.13836087510206,1.0,15.959023548650032,0.0,7.909873852250319,0.0,2.1261069372
ens3,2023-24,02,2024-01-13,0,2.062541937432053,9.0,64.27962503447336,1.0,46.15515869240248,1.0,34.66776772469049,1.0,24.252523438735093,1.0,18.39667750778238,1.0,14.401627562788411,1.0,11.068867279561426,1.0,8.277127699794843,1.0,6.007448114342807,1.0,3.9681522303744217,0.0,1.927299890952904,0.0,0.8777260870000001
ens3,2023-24,02,2024-01-13,1,5.391981298419093,7.0,231.4921744597748,1.0,145.1887202108546,1.0,95.23458845458946,1.0,57.33488283702426,1.0,39.806910158841376,1.0,29.601221516118816,1.0,21.891750364059032,1.0,16.387991500757778,0.0,11.831043207744713,0.0,7.319845230676915,0.0,3.5970472690391233,0.0,1.8956031661000001
ens3,2023-24,02,2024-01-13,2,9.9901112011466,8.0,489.4781971953935,1.0,329.31102865685233,1.0,218.85531505078322,1.0,125.8329001567324,1.0,81.78450985225322,1.0,58.25741243595559,1.0,41.871847479566966,1.0,30.45146207285708,0.0,21.381116550718886,0.0,13.776969054665082,0.0,6.753934037011417,0.0,1.9517607967000001
ens3,2023-24,02,2024-01-13,3,14.819743806061762,11.0,598.3168983953634,1.0,435.46520358751405,1.0,316.11853282050356,1.0,199.95926087752022,1.0,139.31346094800404,1.0,98.59931640002657,1.0,70.25355259942067,1.0,50.407675115984965,1.0,34.84924076749624,0.0,22.06807086939105,0.0,10.781390514427837,0.0,2.1261069372
pf,2023-24,06,2024-01-13,0,139.70810994722547,1096.0,1845.1664014130884,1.0,1454.9276863237124,1.0,1147.212100987216,1.0,859.7714005952557,1.0,679.1386031223391,1.0,542.6166740755932,1.0,431.6668103820001,0.0,334.5077174795549,0.0,245.6251603788877,0.0,160.2255026764168,0.0,78.25908301585912,0.0,48.5007304348
pf,2023-24,06,2024-01-13,1,87.59528568836203,732.0,2545.2100012133546,1.0,1891.3756176535253,1.0,1446.8743775757125,1.0,1048.816102421462,1.0,817.85687483986,1.0,649.5300756609001,1.0,511.1604369698787,1.0,397.0261093161978,1.0,288.1708548061795,1.0,187.89590716367184,1.0,93.86403079609829,0.0,189.151672294
pf,2023-24,06,2024-01-13,2,95.81403064246717,547.0,3493.987857357364,1.0,2400.961109596751,1.0,1760.183886515752,1.0,1224.2651286297082,1.0,925.8908848602712,1.0,726.1750637110777,1.0,565.6418886924971,1.0,430.47441161104905,1.0,314.4023160266026,1.0,206.53084908126436,1.0,101.09648058818539,1.0,302.1266903765
pf,2023-24,06,2024-01-13,3,105.63644340382398,464.0,4583.929363290736,1.0,2951.0679382190597,1.0,2110.6972909914916,1.0,1390.2371072440774,1.0,1026.6650170709968,1.0,790.3029408191596,1.0,602.9236458725996,1.0,459.6433482862534,1.0,329.1829441116865,1.0,215.10656407854236,1.0,105.23445417577778,1.0,344.9738100378
analogue,2023-24,06,2024-01-13,0,260.2962601154034,1096.0,1289.368154264214,1.0,1056.310790273556,1.0,867.341620365801,1.0,615.3787528868361,0.0,481.2016372870109,0.0,385.59287991938487,0.0,306.710255005539,0.0,223.5297993230173,0.0,166.70795127542306,0.0,124.38768835693065,0.0,36.66161203056811,0.0,48.5007304348
analogue,2023-24,06,2024-01-13,1,172.0525358082208,732.0,1294.246994134897,1.0,1054.2643395600883,1.0,957.8483055284729,1.0,649.9482570806105,1.0,451.89967235297695,0.0,356.19421486933567,0.0,280.56668133802816,0.0,210.73289102493305,0.0,144.71215220315173,0.0,82.85108024691357,0.0,38.93981817981586,0.0,189.151672294
analogue,2023-24,06,2024-01-13,2,117.2993165983888,547.0,1102.0900621118012,1.0,1004.2591542161878,1.0,857.135912698412,1.0,629.3713880352896,1.0,513.3643057253134,1.0,391.989422716163,1.0,326.7431102497683,0.0,242.48134118923127,0.0,193.78713009909865,0.0,139.64993842364524,0.0,63.89945805180173,0.0,302.1266903765
analogue,2023-24,06,2024-01-13,3,104.72807989712125,464.0,1010.8904009304872,1.0,901.5875047960615,1.0,788.4907334258221,1.0,583.3592764618869,1.0,478.5350845548214,1.0,410.54746108969925,1.0,305.239278712703,0.0,248.0138848886328,0.0,180.9938873076272,0.0,139.05299644035563,0.0,67.35163672989768,0.0,344.9738100378
ens2,2023-24,06,2024-01-13,0,188.82800579198792,1096.0,1567.2672778386511,1.0,1255.6192382986342,1.0,1007.2768606765085,1.0,737.5750767410458,1.0,580.1701202046751,0.0,464.1047769974891,0.0,369.1885326937695,0.0,279.01875840128616,0.0,206.16655582715543,0.0,142.30659551667372,0.0,57.46034752321361,0.0,48.5007304348
ens2,2023-24,06,2024-01-13,1,104.78765063403145,732.0,1919.7284976741257,1.0,1472.819978606807,1.0,1202.3613415520927,1.0,849.3821797510362,1.0,634.8782735964185,1.0,502.862145265118,1.0,395.8635591539535,1.0,303.8795001705655,0.0,216.44150350466555,0.0,135.37349370529273,0.0,66.4019244879571,0.0,189.151672294
ens2,2023-24,06,2024-01-13,2,87.03390219156793,547.0,2298.0389597345825,1.0,1702.6101319064692,1.0,1308.659899607082,1.0,926.8182583324988,1.0,719.6275952927923,1.0,559.0822432136204,1.0,446.19249947113275,1.0,336.4778764001402,1.0,254.09472306285068,1.0,173.09039375245487,0.0,82.49796931999356,0.0,302.1266903765
ens2,2023-24,06,2024-01-13,3,88.96987645018251,464.0,2797.4098821106118,1.0,1926.3277215075605,1.0,1449.594012208657,1.0,986.7981918529822,1.0,752.6000508129091,1.0,600.4252009544294,1.0,454.08146229265134,1.0,353.8286165874431,1.0,255.08841570965683,1.0,177.07978025944902,0.0,86.29304545283776,0.0,344.9738100378
ens3,2023-24,06,2024-01-13,0,179.5536577077514,1096.0,1629.7942173041395,1.0,1304.195985669744,1.0,1046.741008307481,1.0,772.3083671315273,1.0,607.4736973259902,1.0,486.89601191846873,0.0,387.3270649013807,0.0,294.8243908645985,0.0,217.084801814951,0.0,146.28287850167578,0.0,63.53189975676446,0.0,48.5007304348
ens3,2023-24,06,2024-01-13,1,100.65074701359742,732.0,2053.2565158400503,1.0,1554.2604164462318,1.0,1243.4386831226095,1.0,889.071197117043,1.0,674.8943651179385,1.0,534.7110313109293,1.0,420.7295301167519,1.0,323.52965384647166,1.0,231.93755841489565,0.0,146.7083308650151,0.0,71.91303864465817,0.0,189.151672294
ens3,2023-24,06,2024-01-13,2,88.09142743682587,547.0,2513.0210978493587,1.0,1800.5096776718606,1.0,1362.2479278675808,1.0,958.060163119234,1.0,741.658855539955,1.0,576.7754491673388,1.0,458.12392115480213,1.0,346.34203048708724,1.0,257.4573523521219,1.0,173.49402742133321,0.0,82.9579974598679,0.0,302.1266903765
ens3,2023-24,06,2024-01-13,3,91.98313009662289,464.0,3119.2859284982746,1.0,2046.49721560501,1.0,1491.2435401671992,1.0,1009.017418719342,1.0,763.7941102240113,1.0,601.8785698491332,1.0,459.7680471516156,1.0,354.1178431521472,1.0,255.22768221707238,1.0,173.09949028415303,0.0,84.51142110935433,0.0,344.9738100378
pf,2023-24,36,2024-01-13,0,77.668221304996,851.0,1958.9094212182865,1.0,1528.7589018662834,1.0,1209.7554553444452,1.0,903.5739442870137,1.0,715.4797715820058,1.0,574.458776780447,1.0,457.27179412729924,1.0,350.42809316244563,1.0,257.130571042774,1.0,166.87216941673648,1.0,84.60786590387329,0.0,56.1678826087
pf,2023-24,36,2024-01-13,1,125.52499794626945,884.0,2608.932278085603,1.0,1955.4770615648358,1.0,1514.6385562365451,1.0,1102.3217020614857,1.0,860.6208415143162,1.0,677.8641493405256,1.0,537.8224432609122,1.0,408.9328676832069,1.0,295.5159968980231,0.0,191.09145592674463,0.0,94.91537657806339,0.0,34.5842846225
pf,2023-24,36,2024-01-13,2,128.6459278133349,764.0,3229.94218940454,1.0,2355.2951036904005,1.0,1759.3348780791814,1.0,1238.6541037661898,1.0,946.8492901057971,1.0,738.8367545333903,1.0,581.9896498267375,1.0,445.6109127913391,1.0,323.96028188755776,0.0,209.96731898757957,0.0,104.32491824232898,0.0,100.1028892801
pf,2023-24,36,2024-01-13,3,162.8852243076532,765.0,3600.3583790482767,1.0,2575.942094683226,1.0,1908.6825400629841,1.0,1314.5755983808954,1.0,985.715873648601,1.0,762.1583546361552,1.0,591.9710551499174,1.0,450.26379728243654,0.0,327.9260032513563,0.0,213.08382543286643,0.0,105.27723729297497,0.0,96.3134311215
analogue,2023-24,36,2024-01-13,0,135.43551081788974,851.0,1176.1553407190634,1.0,963.5615501519753,1.0,791.1847951629501,1.0,561.3454965357968,1.0,438.94978620815135,1.0,351.73594412158513,0.0,279.77959846846727,0.0,203.90279255319143,0.0,152.07017994392254,0.0,113.46584254998072,0.0,33.44254365715244,0.0,56.1678826087
analogue,2023-24,36,2024-01-13,1,306.08088508543466,884.0,1180.6057946498818,1.0,961.6947877938366,1.0,873.7445518723143,1.0,592.87962962963,0.0,412.2206767317399,0.0,324.9186252710526,0.0,255.9315580985915,0.0,192.22951522762185,0.0,132.00571932677747,0.0,75.5763512496236,0.0,35.520712193295424,0.0,34.5842846225
analogue,2023-24,36,2024-01-13,2,274.86425327096,764.0,1005.3211786093016,1.0,916.0803016508639,1.0,781.8751984126977,1.0,574.1095100614593,0.0,468.2884154665055,0.0,357.5708392581584,0.0,298.05347130100813,0.0,221.19029659700607,0.0,176.77167477332415,0.0,127.38799261083739,0.0,58.28877393018013,0.0,100.1028892801
analogue,2023-24,36,2024-01-13,3,316.1774646736541,765.0,922.129292556103,1.0,822.423723887139,1.0,719.2574007347741,1.0,532.1374863335261,0.0,436.5173698134224,0.0,374.49939133548173,0.0,278.43778106963646,0.0,226.23705597158212,0.0,165.10174110500623,0.0,126.8434650455927,0.0,61.43783448044326,0.0,96.3134311215
ens2,2023-24,36,2024-01-13,0,89.65241691129086,851.0,1567.532380968675,1.0,1246.1602260091292,1.0,1000.4701252536978,1.0,732.4597204114052,1.0,577.2147788950786,1.0,463.0973604510161,1.0,368.5256962978832,1.0,277.16544285781856,0.0,204.60037549334822,0.0,140.1690059833586,0.0,59.02520478051292,0.0,56.1678826087
ens2,2023-24,36,2024-01-13,1,186.69770274172708,884.0,1894.7690363677423,1.0,1458.5859246793364,1.0,1194.1915540544296,1.0,847.6006658455578,1.0,636.420759123028,1.0,501.39138730578907,0.0,396.87700067975186,0.0,300.58119145541434,0.0,213.76085811240023,0.0,133.33390358818417,0.0,65.21804438567943,0.0,34.5842846225
ens2,2023-24,36,2024-01-13,2,171.7586454896718,764.0,2117.6316840069203,1.0,1635.687702670632,1.0,1270.6050382459396,1.0,906.3818069138247,1.0,707.5688527861513,1.0,548.2037968957743,1.0,440.02156056387275,0.0,333.40060469417267,0.0,250.36597833044095,0.0,168.67765579920848,0.0,81.30684608625455,0.0,100.1028892801
ens2,2023-24,36,2024-01-13,3,210.4483044089941,765.0,2261.2438358021896,1.0,1699.1829092851826,1.0,1313.969970398879,1.0,923.3565423572109,1.0,711.1166217310117,1.0,568.3288729858184,0.0,435.2044181097769,0.0,338.2504266270094,0.0,246.51387217818123,0.0,169.96364523922955,0.0,83.35753588670912,0.0,96.3134311215
ens3,2023-24,36,2024-01-13,0,86.72354758283274,851.0,1691.7137946368443,1.0,1330.4729203551312,1.0,1059.7623051029823,1.0,783.463556647392,1.0,617.5178434990797,1.0,494.8148647403219,1.0,392.9592462255023,1.0,298.3132414751184,1.0,219.92405322927232,0.0,148.3934798511135,0.0,66.60931254171192,0.0,56.1678826087
ens3,2023-24,36,2024-01-13,1,174.64872868376867,884.0,2095.5853898580813,1.0,1580.5171067792978,1.0,1263.57573300714,1.0,902.8398994284514,1.0,686.7573183149913,1.0,542.6862214645382,0.0,428.60466361318163,0.0,325.96376387398243,0.0,234.24563634424885,0.0,148.9820674762824,0.0,72.47897333414369,0.0,34.5842846225
ens3,2023-24,36,2024-01-13,2,170.11099365271227,764.0,2394.981158419795,1.0,1782.2660052554386,1.0,1359.6297655981462,1.0,958.6892812134394,1.0,741.4571915073658,1.0,575.6483829734889,1.0,456.98266776242053,0.0,346.62924471782594,0.0,257.5046668608667,0.0,171.1555974745396,0.0,83.50493183955979,0.0,100.1028892801
ens3,2023-24,36,2024-01-13,3,214.3895049013257,765.0,2568.9728675216566,1.0,1863.4557761330898,1.0,1400.6731331500355,1.0,965.9946437163451,1.0,735.2889500372585,1.0,579.7595707369486,0.0,444.79389012555305,0.0,343.81107410057774,0.0,250.44259135500783,0.0,169.30351637057618,0.0,83.07021062237749,0.0,96.3134311215
pf,2023-24,42,2024-01-13,0,54.644492107407366,454.0,1175.1405042516385,1.0,912.2882316231327,1.0,728.5810922949179,1.0,550.9862617914846,1.0,431.7656913723409,1.0,344.819459814427,1.0,275.34716315703366,1.0,212.0482158303398,1.0,156.26387833584153,0.0,104.2512717038162,0.0,50.88689967600169,0.0,126.7789434783
pf,2023-24,42,2024-01-13,1,57.93997766027804,401.0,1600.841677278008,1.0,1201.335425794292,1.0,931.4609293935787,1.0,686.1953908138297,1.0,528.988343378582,1.0,419.67486930278847,1.0,331.8774614095545,1.0,256.0485243767312,1.0,186.13732948193478,1.0,121.47195702220404,1.0,60.3383636293774,0.0,153.8776357579
pf,2023-24,42,2024-01-13,2,67.41073364762448,443.0,2086.457457799872,1.0,1499.0825353006292,1.0,1139.561199861007,1.0,781.9304127650875,1.0,601.3671032572452,1.0,469.2015540611996,1.0,369.2157706274436,1.0,282.6860442460948,1.0,207.92469106408618,1.0,134.1796793945507,1.0,65.71709945281947,0.0,114.2858791914
pf,2023-24,42,2024-01-13,3,79.62156288903604,425.0,2420.271087548873,1.0,1723.2384878280848,1.0,1259.6785276189598,1.0,861.1256218491556,1.0,640.5634695095991,1.0,500.3866757470799,1.0,387.8197023191108,1.0,295.98476661502804,1.0,213.3682159554018,1.0,137.6077279015226,0.0,67.45476857917771,0.0,121.3304904028
analogue,2023-24,42,2024-01-13,0,37.686800592554434,454.0,788.7159343645484,1.0,646.1530395136776,1.0,530.5592155798607,1.0,376.43168591224014,1.0,294.3545625160544,1.0,235.86998605800426,1.0,187.6169072082663,1.0,136.73481382978719,1.0,101.97647360945399,0.0,76.08885912175174,0.0,22.426176334796367,0.0,126.7789434783
analogue,2023-24,42,2024-01-13,1,77.51346324428201,401.0,791.7003564122737,1.0,644.9012106382197,1.0,585.922817137905,1.0,397.5781045751637,1.0,276.43033616128446,1.0,217.88660753470583,0.0,171.62469190140845,0.0,128.90685138793467,0.0,88.5214823720743,0.0,50.68061201445346,0.0,23.81977170609224,0.0,153.8776357579
analogue,2023-24,42,2024-01-13,2,135.3419720046024,443.0,674.1565550674139,1.0,614.3126728717558,1.0,524.3163095238092,1.0,384.9910832176845,1.0,314.0287021363625,0.0,239.78279809076503,0.0,199.871151343029,0.0,148.32761065916878,0.0,118.54100543622914,0.0,85.42488916256153,0.0,39.08776604729729,0.0,114.2858791914
analogue,2023-24,42,2024-01-13,3,146.98140981440437,425.0,618.3690550082102,1.0,551.5076736654933,1.0,482.3255510809662,1.0,356.84513789424693,0.0,292.7234126984127,0.0,251.13488595438184,0.0,186.71710024669738,0.0,151.71190812211978,0.0,110.71528521159242,0.0,85.0597353835151,0.0,41.19948900453252,0.0,121.3304904028
ens2,2023-24,42,2024-01-13,0,37.5899481205661,454.0,981.9282193080934,1.0,779.2206355684051,1.0,629.5701539373893,1.0,463.7089738518624,1.0,363.0601269441976,1.0,290.3447229362156,1.0,231.48203518264995,1.0,174.39151483006344,1.0,129.12017597264776,1.0,90.17006541278397,1.0,36.656538005399,1.0,126.7789434783
ens2,2023-24,42,2024-01-13,1,46.40329088951516,401.0,1196.2710168451408,1.0,923.1183182162558,1.0,758.6918732657418,1.0,541.8867476944966,1.0,402.70933976993325,1.0,318.78073841874715,1.0,251.75107665548148,1.0,192.477687882333,1.0,137.32940592700453,1.0,86.07628451832875,0.0,42.079067667734876,0.0,153.8776357579
ens2,2023-24,42,2024-01-13,2,82.84514929902842,443.0,1380.307006433643,1.0,1056.6976040861925,1.0,831.9387546924081,1.0,583.460747991386,1.0,457.6979026968038,1.0,354.49217607598234,1.0,284.5434609852363,1.0,215.50682745263177,0.0,163.23284825015764,0.0,109.8022842785561,0.0,52.40243275005844,0.0,114.2858791914
ens2,2023-24,42,2024-01-13,3,95.80510399983916,425.0,1519.3200712785417,1.0,1137.373080746789,1.0,871.0020393499631,1.0,608.9853798717013,1.0,466.6434411040059,1.0,375.7607808507309,1.0,287.26840128290405,0.0,223.8483373685739,0.0,162.0417505834971,0.0,111.33373164251887,0.0,54.3271287918551,0.0,121.3304904028
ens3,2023-24,42,2024-01-13,0,40.34143636381257,454.0,1033.5910607154449,1.0,818.8990016503769,1.0,660.9743088399189,1.0,488.4231918420698,1.0,384.4431337001154,1.0,307.9787321240518,1.0,244.83332574849686,1.0,186.31634955979962,1.0,137.63076144492635,1.0,93.9439010617649,1.0,41.660840620192175,0.0,126.7789434783
ens3,2023-24,42,2024-01-13,1,46.91131302809563,401.0,1274.0673167132832,1.0,981.871434513025,1.0,792.3459444344433,1.0,570.8585967896165,1.0,432.45044885907873,1.0,342.832409714099,1.0,270.2492830764834,1.0,207.36421887743893,1.0,148.97538094494723,1.0,94.7586372261581,1.0,46.23710243005809,0.0,153.8776357579
ens3,2023-24,42,2024-01-13,2,81.69162486274824,443.0,1480.67658236816,1.0,1112.2273495862792,1.0,865.0902862910642,1.0,610.7243427292742,1.0,475.5741004517946,1.0,371.84847190499175,1.0,296.1175404180945,1.0,224.96940625313698,0.0,168.0354252838057,0.0,112.09525688530448,0.0,53.75850746131448,0.0,114.2858791914
ens3,2023-24,42,2024-01-13,3,97.49896567369261,425.0,1637.0529898028142,1.0,1193.2991276211233,1.0,900.0999382740289,1.0,626.2867936687147,1.0,477.26226071556346,1.0,380.112303801206,1.0,292.0088515184914,0.0,226.33149931543392,0.0,163.70499222538356,0.0,110.47566722108775,0.0,54.143255065227606,0.0,121.3304904028
pf,2023-24,50,2024-01-13,0,3.6628688158606857,26.0,107.0907161877946,1.0,81.57500985526424,1.0,62.38268478820013,1.0,45.100947195967144,1.0,34.92886536323334,1.0,27.589488317496766,1.0,21.782438515993476,1.0,16.644719233712177,1.0,12.36514181564916,1.0,8.166923945500951,1.0,3.6080116838994627,1.0,1.8453173913
pf,2023-24,50,2024-01-13,1,5.287559243521984,21.0,179.91296501693373,1.0,128.7021983399247,1.0,95.05933729595924,1.0,63.71945595749875,1.0,48.943502741492935,1.0,37.77202324794189,1.0,28.818777670879655,1.0,22.428059188193938,1.0,16.264055648414413,1.0,11.028368379780684,1.0,5.104327465938091,0.0,1.2938987678
pf,2023-24,50,2024-01-13,2,6.478603653880795,18.0,231.75613374411878,1.0,159.37347893586934,1.0,116.44767827130693,1.0,78.20115080237163,1.0,58.3356255082638,1.0,45.078915460079195,1.0,34.756066267752985,1.0,26.06705253402707,1.0,19.04899992871209,1.0,12.250385918251421,0.0,6.2382684788200145,0.0,2.9347350229
pf,2023-24,50,2024-01-13,3,6.149879451061443,20.0,226.58284125731225,1.0,159.41033143687778,1.0,118.42039720976376,1.0,81.13574823464573,1.0,60.526056779048254,1.0,46.86128306333031,1.0,36.389899459783415,1.0,27.032496741553395,1.0,19.151447411227103,1.0,12.47653922420989,1.0,5.686315769417085,1.0,2.0872821448
analogue,2023-24,50,2024-01-13,0,6.880624458156879,26.0,28.932163461538455,1.0,23.702583586626133,1.0,19.462299774061876,1.0,13.80849884526559,0.0,10.797695275708538,0.0,8.652328037215463,0.0,6.882278892807214,0.0,5.01579061895551,0.0,3.74076378471681,0.0,2.791138372887225,0.0,0.8226508065395794,0.0,1.8453173913
analogue,2023-24,50,2024-01-13,1,6.978274271573816,21.0,29.041639868392814,1.0,23.6566632291532,1.0,21.493181489907197,1.0,14.584204793028333,0.0,10.140187769871678,0.0,7.9926506751168,0.0,6.295642605633803,0.0,4.728640481535084,0.0,3.2471995128512097,0.0,1.8590974104185474,0.0,0.8737715298885504,0.0,1.2938987678
analogue,2023-24,50,2024-01-13,2,6.174805393180088,18.0,24.72982578397212,1.0,22.53459565558275,1.0,19.233293650793637,1.0,14.122479926645523,0.0,11.519394177250938,0.0,8.795860217045607,0.0,7.331796620238701,0.0,5.441044729124214,0.0,4.348394138809043,0.0,3.1336083743842345,0.0,1.4338414977477472,0.0,2.9347350229
analogue,2023-24,50,2024-01-13,3,8.721228075551918,20.0,22.683394362342643,1.0,20.230744010057965,1.0,17.692962798823324,0.0,13.090013032803318,0.0,10.737860433913065,0.0,9.21228449274447,0.0,6.849271619894799,0.0,5.565189612135175,0.0,4.061326251780902,0.0,3.1202135786616383,0.0,1.5113050193050208,0.0,2.0872821448
ens2,2023-24,50,2024-01-13,0,3.6576272775563297,26.0,68.01143982466652,1.0,52.63879672094519,1.0,40.92249228113101,1.0,29.45472302061637,1.0,22.863280319470945,1.0,18.120908177356114,1.0,14.332358704400345,1.0,10.830254926333845,0.0,8.052952800182982,0.0,5.47903115919409,0.0,2.21533124521952,0.0,1.8453173913
ens2,2023-24,50,2024-01-13,1,3.4139367512590333,21.0,104.47730244266326,1.0,76.17943078453895,1.0,58.27625939293322,1.0,39.15183037526354,1.0,29.541845255682308,1.0,22.88233696152934,1.0,17.55721013825673,1.0,13.578349834864511,1.0,9.755627580632812,1.0,6.443732895099615,0.0,2.989049497913321,0.0,1.2938987678
ens2,2023-24,50,2024-01-13,2,3.751569518382584,18.0,128.24297976404546,1.0,90.95403729572604,1.0,67.84048596105028,1.0,46.16181536450857,1.0,34.92750984275737,1.0,26.937387838562405,1.0,21.043931443995845,1.0,15.75404863157564,1.0,11.698697033760567,1.0,7.69199714631783,1.0,3.836054988283882,0.0,2.9347350229
ens2,2023-24,50,2024-01-13,3,4.5186748598301465,20.0,124.63311780982745,1.0,89.82053772346787,1.0,68.05668000429354,1.0,47.11288063372452,1.0,35.631958606480666,1.0,28.036783778037396,1.0,21.619585539839107,1.0,16.298843176844283,1.0,11.606386831504002,1.0,7.798376401435766,0.0,3.5988103943610525,0.0,2.0872821448
ens3,2023-24,50,2024-01-13,0,3.490320539720058,26.0,83.96177328627877,1.0,62.9436658464077,1.0,48.18510929673199,1.0,34.44341438542346,1.0,26.56192589684165,1.0,21.259622201429472,1.0,16.63608339751312,1.0,12.834660349975248,1.0,9.25643046198078,0.0,6.143647526624726,0.0,2.8520772088696162,0.0,1.8453173913
ens3,2023-24,50,2024-01-13,1,3.7070510829779932,21.0,130.44314306817876,1.0,93.08830881929912,1.0,69.87542232847325,1.0,46.953940291054664,1.0,35.55201450964195,1.0,27.28061226662634,1.0,20.904820102701397,1.0,16.138147723574527,1.0,11.778592992463224,1.0,7.499099921261074,1.0,3.7385211526348527,0.0,1.2938987678
ens3,2023-24,50,2024-01-13,2,4.295189563514264,18.0,159.8974220961779,1.0,111.88423513377415,1.0,81.88999571295524,1.0,55.096658490767915,1.0,41.305940178945576,1.0,31.742259941995496,1.0,24.60566789481572,1.0,18.623127623127708,1.0,13.771416912277118,1.0,9.01579335940401,1.0,4.644650586613153,1.0,2.9347350229
ens3,2023-24,50,2024-01-13,3,4.818733095691868,20.0,150.9500951235031,1.0,109.00795315489117,1.0,81.7750210911765,1.0,55.7307622674314,1.0,41.77729227233508,1.0,32.163175316823505,1.0,25.010976260725084,1.0,18.648605367321093,1.0,13.406322821267883,1.0,8.751332564446482,0.0,4.170685554656917,0.0,2.0872821448
pf,2023-24,56,2024-01-13,0,10.564306057130782,23.0,154.22507423352192,1.0,117.45697533608941,1.0,90.4443588934439,1.0,66.08109819048315,1.0,51.11020819924529,1.0,40.83601236567109,0.0,32.2795956725044,0.0,25.105401999145396,0.0,17.93242999938957,0.0,12.291964700740671,0.0,5.995557562582633,0.0,26.8066782609
pf,2023-24,56,2024-01-13,1,7.00120185631256,40.0,175.74446532807954,1.0,125.52680638345977,1.0,93.94393279371116,1.0,65.94141436481647,1.0,50.21032890300066,1.0,38.556760621359544,1.0,30.486284801809717,1.0,23.173357493364293,1.0,16.419979936654325,0.0,10.839684553120517,0.0,5.379932612084069,0.0,10.7735904938
pf,2023-24,56,2024-01-13,2,9.943571191563501,39.0,164.40758026958628,1.0,115.65080240381492,1.0,83.38909122881452,1.0,56.9484571806261,1.0,43.037831998534955,1.0,34.013042046484806,1.0,25.929839906866647,0.0,19.726419577641582,0.0,14.345434968843662,0.0,9.146147843616305,0.0,4.642915834641485,0.0,10.6509068193
pf,2023-24,56,2024-01-13,3,10.168239299127023,33.0,150.6324690063072,1.0,100.27746367084067,1.0,72.28231830066655,1.0,48.419495314890206,1.0,35.866217413893786,1.0,27.762083103154982,0.0,20.62331256063399,0.0,15.409704152578584,0.0,11.596656162801194,0.0,7.173616771935286,0.0,3.613228184373506,0.0,14.2360757231
analogue,2023-24,56,2024-01-13,0,7.312042912175981,23.0,70.44352842809363,1.0,57.710638297872315,1.0,47.38646901510717,1.0,33.620692840646655,1.0,26.29004067129035,0.0,21.066537829742003,0.0,16.756852956400174,0.0,12.21235976789168,0.0,9.10794660626702,0.0,6.795815168768897,0.0,2.0029758767920214,0.0,26.8066782609
analogue,2023-24,56,2024-01-13,1,9.40503355762411,40.0,70.71007967956511,1.0,57.59883221011213,1.0,52.33122449716535,1.0,35.50936819172115,1.0,24.689152830991915,0.0,19.46036686115395,0.0,15.32852112676056,0.0,11.513211607215855,0.0,7.906224900855122,0.0,4.5264980427582024,0.0,2.127443724946037,0.0,10.7735904938
analogue,2023-24,56,2024-01-13,2,11.718706049644817,39.0,60.21174973488864,1.0,54.86684159620148,1.0,46.82888888888885,1.0,34.38516851704996,1.0,28.047220605480543,0.0,21.41600748498061,0.0,17.85133090145075,0.0,13.247761079606782,0.0,10.587394424926364,0.0,7.629655172413788,0.0,3.4910923423423394,0.0,10.6509068193
analogue,2023-24,56,2024-01-13,3,9.799311578899449,33.0,55.229134099616864,1.0,49.257463676662866,1.0,43.07851811887418,1.0,31.871336079868946,1.0,26.144355839092682,0.0,22.429910069290884,0.0,16.676487422352558,0.0,13.550026881720425,0.0,9.88844652607524,0.0,7.59704175674138,0.0,3.6796991774383105,0.0,14.2360757231
ens2,2023-24,56,2024-01-13,0,8.912763071576729,23.0,112.33430133080779,1.0,87.58380681698085,1.0,68.91541395427555,1.0,49.8508955155649,1.0,38.700124435267824,0.0,30.951275097706546,0.0,24.51822431445229,0.0,18.65888088351854,0.0,13.520188302828295,0.0,9.543889934754787,0.0,3.999266719687327,0.0,26.8066782609
ens2,2023-24,56,2024-01-13,1,7.501124117379232,40.0,123.22727250382232,1.0,91.56281929678595,1.0,73.13757864543825,1.0,50.725391278268816,1.0,37.44974086699629,1.0,29.00856374125675,1.0,22.907402964285133,0.0,17.343284550290075,0.0,12.163102418754725,0.0,7.6830912979393595,0.0,3.753688168515051,0.0,10.7735904938
ens2,2023-24,56,2024-01-13,2,10.586126050106076,39.0,112.30966500223745,1.0,85.2588220000082,1.0,65.10899005885167,1.0,45.666812848838035,1.0,35.54252630200775,1.0,27.71452476573271,0.0,21.8905854041587,0.0,16.48709032862418,0.0,12.466414696885014,0.0,8.387901508015046,0.0,4.067004088491913,0.0,10.6509068193
ens2,2023-24,56,2024-01-13,3,9.941878205811657,33.0,102.93080155296202,1.0,74.76746367375178,1.0,57.68041820977036,1.0,40.145415697379576,1.0,31.005286626493238,1.0,25.09599658622293,0.0,18.64989999149327,0.0,14.479865517149506,0.0,10.742551344438219,0.0,7.385329264338333,0.0,3.64646368090591,0.0,14.2360757231
ens3,2023-24,56,2024-01-13,0,8.966021611385218,23.0,130.06776987664344,1.0,99.82612148463741,1.0,77.69660297833491,1.0,55.961813129025074,1.0,43.38424285877497,1.0,34.59832192289031,0.0,27.294134041525478,0.0,20.829927226646166,0.0,15.231776878012859,0.0,10.468443372529244,0.0,4.671911647394033,0.0,26.8066782609
ens3,2023-24,56,2024-01-13,1,7.66495552870719,40.0,144.22780019040624,1.0,105.48470685386215,1.0,81.44451715197783,1.0,56.208087145399844,1.0,42.05924151808392,1.0,32.50231898187569,1.0,25.46027670284067,1.0,19.358881590993022,0.0,13.851808119830501,0.0,8.725268855693958,0.0,4.535124469271079,0.0,10.7735904938
ens3,2023-24,56,2024-01-13,2,10.836455028269691,39.0,135.93104585132272,1.0,97.62255432176026,1.0,72.77293821500797,1.0,49.8000309070407,1.0,38.203833974235664,1.0,29.374721882382445,0.0,23.263262967337454,0.0,17.582006821309104,0.0,12.873679198142261,0.0,8.593544047264594,0.0,4.206376796727874,0.0,10.6509068193
ens3,2023-24,56,2024-01-13,3,10.473760664937602,33.0,121.99912562856979,1.0,85.52983482116107,1.0,63.05332084680078,1.0,42.95434553245369,1.0,32.36044043227464,1.0,25.712871186268103,0.0,19.31520502494065,0.0,14.791782833778525,0.0,10.761615105801381,0.0,7.3225349631382635,0.0,3.6296434021706716,0.0,14.2360757231
pf,2023-24,02,2024-01-20,0,2.9236587339857967,7.0,64.16247858677806,1.0,48.08431635637656,1.0,36.543631505633684,1.0,25.927546432599055,1.0,19.327724950443958,1.0,15.328273907594658,1.0,11.991016609115555,1.0,8.545905995245107,0.0,7.045165998298476,0.0,4.316318611174413,0.0,1.9914620720900498,0.0,1.2349826087
pf,2023-24,02,2024-01-20,1,5.527071702933568,8.0,202.3862080653086,1.0,130.87567407399297,1.0,87.57268988657476,1.0,55.615153105274366,1.0,38.95579057054383,1.0,29.677486502494006,1.0,22.63623799184206,0.0,16.86655648824828,0.0,11.870839532062568,0.0,8.253685950243277,0.0,4.670157464484449,0.0,1.3223745262
pf,2023-24,02,2024-01-20,2,9.616677411146819,11.0,483.9770191579812,1.0,306.56547815189316,1.0,198.8029960971235,1.0,115.96351073014657,1.0,79.16626275725424,1.0,57.775801651702935,1.0,42.59884067638037,1.0,30.641762353387964,1.0,21.712388758967066,0.0,13.749102554309587,0.0,7.07458795735138,0.0,1.8957254706
pf,2023-24,02,2024-01-20,3,21.746399296232166,2.0,649.656553276588,1.0,467.4414888939916,1.0,329.0327992794624,0.0,205.16305076319006,0.0,140.92830118167325,0.0,100.45670552270724,0.0,73.02820628666188,0.0,51.559134578660945,0.0,35.5536746780819,0.0,22.381739776658414,0.0,11.278670870015695,0.0,3.9205421772
analogue,2023-24,02,2024-01-20,0,0.7342594217845871,7.0,15.038199370709359,1.0,11.986043322734492,1.0,9.334274263506714,1.0,6.586805345816973,1.0,5.070798319327731,1.0,4.411978221415608,1.0,3.5,1.0,2.743392857142857,1.0,1.9433359936735073,0.0,1.3254549377650466,0.0,0.5974280068263784,0.0,1.2349826087
analogue,2023-24,02,2024-01-20,1,1.9244280174872206,8.0,16.012834556747507,1.0,10.446585136644567,1.0,8.813512426247096,1.0,7.3700097370983455,1.0,5.9620359636916085,1.0,4.382607296137341,0.0,3.3710392179121125,0.0,2.811137640449438,0.0,1.8220754716981125,0.0,1.1271609403254965,0.0,0.6428571428571432,0.0,1.3223745262
analogue,2023-24,02,2024-01-20,2,4.6776506574455174,11.0,12.484636579886367,1.0,9.369069900687547,0.0,8.657233441878528,0.0,7.227300556586269,0.0,5.603287864155802,0.0,4.638434442270059,0.0,3.9008928571428565,0.0,3.124360289455034,0.0,2.133298387245756,0.0,1.4463025868826764,0.0,0.6101351351351356,0.0,1.8957254706
analogue,2023-24,02,2024-01-20,3,0.7571887710068986,2.0,11.851806239737284,1.0,9.029888954910676,1.0,7.7541267421602695,1.0,6.527401247401247,1.0,5.41389705882353,1.0,4.288759578700232,1.0,3.523461735889481,1.0,2.8245540506005624,1.0,2.1345396573195345,0.0,1.200580908364536,0.0,0.6017161371237463,0.0,3.9205421772
ens2,2023-24,02,2024-01-20,0,1.4689202338892382,7.0,39.600338978743714,1.0,30.035179839555525,1.0,22.9389528845702,1.0,16.257175889208014,1.0,12.199261634885845,1.0,9.870126064505133,1.0,7.745508304557777,1.0,5.644649426193982,1.0,4.4942509959859915,1.0,2.820886774469731,0.0,1.294445039458214,0.0,1.2349826087
ens2,2023-24,02,2024-01-20,1,2.448590123327278,8.0,109.19952131102805,1.0,70.66112960531878,1.0,48.19310115641093,1.0,31.492581421186358,1.0,22.45891326711772,1.0,17.03004689931567,1.0,13.003638604877086,1.0,9.838847064348858,1.0,6.84645750188034,1.0,4.690423445284387,1.0,2.6565073036707965,0.0,1.3223745262
ens2,2023-24,02,2024-01-20,2,4.41409773479767,11.0,248.23082786893377,1.0,157.96727402629037,1.0,103.73011476950101,1.0,61.59540564336641,1.0,42.384775310705024,1.0,31.207118046986498,1.0,23.249866766761613,1.0,16.8830613214215,1.0,11.922843573106409,1.0,7.597702570596132,1.0,3.842361546243257,1.0,1.8957254706
ens2,2023-24,02,2024-01-20,3,11.108007122252532,2.0,330.7541797581627,1.0,238.23568892445113,1.0,168.39346301081133,1.0,105.84522600529564,0.0,73.17109912024839,0.0,52.37273255070374,0.0,38.275834011275684,0.0,27.19184431463075,0.0,18.844107167700713,0.0,11.791160342511475,0.0,5.940193503569722,0.0,3.9205421772
ens3,2023-24,02,2024-01-20,0,1.916617375522629,7.0,51.341658908676806,1.0,37.77224213978605,1.0,28.513606801220902,1.0,19.93649786809192,1.0,14.977003509844515,1.0,11.903321480719459,1.0,9.360343804011817,1.0,6.821432131767636,1.0,5.33189337317936,0.0,3.4015161651844004,0.0,1.6234258507411,0.0,1.2349826087
ens3,2023-24,02,2024-01-20,1,3.458778582091513,8.0,161.9860231884354,1.0,100.34214876402466,1.0,65.75975110965051,1.0,41.393326491401105,1.0,29.42139617568867,1.0,21.999839474975857,1.0,16.89847212129366,1.0,12.579536307633212,1.0,9.007535522544757,1.0,5.81211418223211,0.0,3.256610101541696,0.0,1.3223745262
ens3,2023-24,02,2024-01-20,2,6.064512692172058,11.0,360.5458475470268,1.0,223.56343338393313,1.0,145.10425090512067,1.0,83.37626029847752,1.0,56.36645975998053,1.0,40.588543383242815,1.0,29.948698508784602,1.0,21.468142357377623,1.0,15.345028183390706,1.0,9.852008929358385,1.0,4.828833937558343,0.0,1.8957254706
ens3,2023-24,02,2024-01-20,3,13.811958291138252,2.0,455.245678203677,1.0,327.2684973915403,1.0,229.3758869536121,1.0,140.268799761813,0.0,95.54917594962315,0.0,67.5788164383909,0.0,48.5395339948656,0.0,34.49667696833403,0.0,23.942644932682228,0.0,15.016295705679779,0.0,7.382210212340121,0.0,3.9205421772
pf,2023-24,06,2024-01-20,0,95.53835835545219,732.0,1985.671993426507,1.0,1536.9970124188071,1.0,1215.0987378391499,1.0,906.0886493431099,1.0,713.5343666350301,1.0,572.4242514593186,1.0,453.73403250851584,1.0,351.71946479946496,1.0,255.82056625377288,0.0,168.5167222147869,0.0,82.78927976536727,0.0,214.9748826087
pf,2023-24,06,2024-01-20,1,132.1675955555152,547.0,3291.5204218392873,1.0,2267.158015826362,1.0,1706.8488277016922,1.0,1197.8899530930637,1.0,917.2162748456035,1.0,718.2992828364984,1.0,561.0331289653054,1.0,432.74418811044814,0.0,316.6159216998335,0.0,204.45199703579055,0.0,99.13321390036583,0.0,331.1031610927
pf,2023-24,06,2024-01-20,2,141.58629220059944,464.0,5084.209965704629,1.0,3306.7605213582824,1.0,2250.7708213959345,1.0,1492.0789545582275,1.0,1110.9015041797516,1.0,852.8037731702257,1.0,658.698988654327,1.0,503.51984468996574,1.0,364.2745588096338,0.0,238.6063328765306,0.0,116.88243877965135,0.0,369.1150817497
pf,2023-24,06,2024-01-20,3,172.01407475214234,342.0,7559.420346679952,1.0,4477.90213710846,1.0,2928.5415602588864,1.0,1779.843455016182,1.0,1292.1779915919053,1.0,962.0823407800804,1.0,737.9281215294841,1.0,558.4040493240029,0.0,404.3308740139804,0.0,262.2692049154231,0.0,129.90519810069253,0.0,440.1880423837
analogue,2023-24,06,2024-01-20,0,69.72059272066801,732.0,1722.7092834668165,1.0,1373.0678517488068,1.0,1069.2929739639358,1.0,754.5551457263666,1.0,580.8881185807656,1.0,505.41661625327697,1.0,400.94444444444434,1.0,314.27089285714294,1.0,222.61993438637614,1.0,151.83822675952933,1.0,68.43869722644399,0.0,214.9748826087
analogue,2023-24,06,2024-01-20,1,70.14452054903546,547.0,1834.3591586674088,1.0,1196.7143639867274,1.0,1009.6368123845283,1.0,844.2755598831548,1.0,682.9843420628943,1.0,502.0520135908443,1.0,386.17127040748755,1.0,322.03143414481895,1.0,208.7288679245283,1.0,129.12254771950973,1.0,73.64285714285717,0.0,331.1031610927
analogue,2023-24,06,2024-01-20,2,70.36312894514272,464.0,1430.1844793180935,1.0,1073.2790075120956,1.0,991.7341865085291,1.0,827.9274304267159,1.0,641.8877542160703,1.0,531.3584344422701,1.0,446.8689484126984,1.0,357.9128287142378,1.0,244.38118191670827,1.0,165.6819963417821,1.0,69.89436936936937,0.0,369.1150817497
analogue,2023-24,06,2024-01-20,3,63.46166197396486,342.0,1357.6902481299046,1.0,1034.4239458347677,1.0,888.2782967963598,1.0,747.7500762300763,1.0,620.1919852941177,1.0,491.30123618221546,1.0,403.6321166335617,1.0,323.56835846324213,1.0,244.52337629960442,1.0,137.53321294709298,1.0,68.9299263749536,1.0,440.1880423837
ens2,2023-24,06,2024-01-20,0,69.98522717998902,732.0,1854.190638446662,1.0,1455.032432083807,1.0,1142.1958559015427,1.0,830.3218975347382,1.0,647.2112426078979,1.0,538.9204338562979,1.0,427.3392384764802,1.0,332.9951788283039,1.0,239.22025032007457,1.0,160.17747448715818,1.0,75.61398849590557,0.0,214.9748826087
ens2,2023-24,06,2024-01-20,1,83.83342162372104,547.0,2562.939790253348,1.0,1731.9361899065448,1.0,1358.2428200431102,1.0,1021.0827564881093,1.0,800.1003084542489,1.0,610.1756482136714,1.0,473.60219968639655,1.0,377.3878111276335,1.0,262.67239481218087,1.0,166.7872723776502,1.0,86.38803552161153,0.0,331.1031610927
ens2,2023-24,06,2024-01-20,2,96.22501466708681,464.0,3257.1972225113614,1.0,2190.019764435189,1.0,1621.2525039522318,1.0,1160.003192492472,1.0,876.394629197911,1.0,692.0811038062479,1.0,552.7839685335127,1.0,430.7163367021018,1.0,304.327870363171,1.0,202.1441646091563,1.0,93.38840407451039,0.0,369.1150817497
ens2,2023-24,06,2024-01-20,3,113.07029786577787,342.0,4458.555297404929,1.0,2756.163041471614,1.0,1908.409928527623,1.0,1263.7967656231292,1.0,956.1849884430115,1.0,726.6917884811479,1.0,570.7801190815228,1.0,440.98620389362253,1.0,324.4271251567924,1.0,199.901208931258,0.0,99.41756223782306,0.0,440.1880423837
ens3,2023-24,06,2024-01-20,0,73.08698728165429,732.0,1824.6724807522303,1.0,1440.563860008403,1.0,1141.6571711337897,1.0,836.5680010753906,1.0,656.1919273767116,1.0,539.4518736077529,1.0,427.81095772607705,1.0,334.01456210008223,1.0,241.6877338930782,1.0,160.90496460834925,1.0,77.69772237591587,0.0,214.9748826087
ens3,2023-24,06,2024-01-20,1,88.14973464804187,547.0,2552.926542018015,1.0,1779.6875539733373,1.0,1387.1579507912925,1.0,1026.46917144017,1.0,799.3754113918297,1.0,615.1673377508845,1.0,480.1753473415546,1.0,377.7574471846783,1.0,268.3967367620462,1.0,172.36840185443464,0.0,88.27246199341766,0.0,331.1031610927
ens3,2023-24,06,2024-01-20,2,96.11894540020356,464.0,3369.570903918274,1.0,2280.2559702112035,1.0,1666.2472066658643,1.0,1163.7695512598175,1.0,880.2998970676867,1.0,689.5003237126806,1.0,545.223432461215,1.0,421.3212440976134,1.0,300.23217194901446,1.0,198.1430232339809,1.0,92.60003985114162,0.0,369.1150817497
ens3,2023-24,06,2024-01-20,3,109.11925833851396,342.0,4569.718030377754,1.0,2831.017214277146,1.0,1939.2438520213352,1.0,1261.0599594871785,1.0,941.6363209967725,1.0,717.0044837041705,1.0,559.8734374417113,1.0,430.3183512256874,1.0,313.56370440327885,1.0,196.7276417646645,0.0,96.62080627411558,0.0,440.1880423837
pf,2023-24,36,2024-01-20,0,123.86587960618272,884.0,1572.6560865664208,1.0,1209.9746525560363,1.0,972.3185315864139,1.0,724.8762610442259,1.0,566.872966291693,1.0,455.38961847466777,1.0,363.08022638274815,0.0,281.4892775445762,0.0,204.74585341923284,0.0,133.16817148273094,0.0,67.22912616657197,0.0,52.5102521739
pf,2023-24,36,2024-01-20,1,129.5986368422742,764.0,2062.597557000022,1.0,1554.981033682146,1.0,1185.1732600811617,1.0,848.1438695875262,1.0,660.1956225824144,1.0,520.6875440388897,1.0,408.30708693520484,0.0,311.9644329362077,0.0,226.8002757575532,0.0,147.82201743455244,0.0,73.67840150495624,0.0,29.7281463657
pf,2023-24,36,2024-01-20,2,182.22418499594136,765.0,2708.1823694055734,1.0,1864.2511547349318,1.0,1372.6782693682155,1.0,940.5747079592466,1.0,716.1962505317917,1.0,558.4261836813864,1.0,431.1046590123246,0.0,330.36305320310584,0.0,238.0379125544739,0.0,155.61892783666445,0.0,76.04499211773413,0.0,35.2728815275
pf,2023-24,36,2024-01-20,3,237.46211514924886,780.0,3287.2404127359505,1.0,2223.3905314150757,1.0,1521.0327008433956,1.0,984.0380070801243,1.0,730.9946829757001,1.0,556.5599383188099,0.0,430.735270336667,0.0,326.48735531488796,0.0,236.28254984722918,0.0,152.04208698552034,0.0,74.75751265202075,0.0,38.5136837033
analogue,2023-24,36,2024-01-20,0,194.2700819051749,884.0,1343.4124771167028,1.0,1070.7532034976145,1.0,833.8618342065997,1.0,588.4212775596496,1.0,452.99131652661066,0.0,394.13672111312775,0.0,312.66666666666663,0.0,245.0764285714286,0.0,173.60468210149998,0.0,118.40730777367753,0.0,53.37023527648978,0.0,52.5102521739
analogue,2023-24,36,2024-01-20,1,200.66347560916822,764.0,1430.479887069444,1.0,933.2282722069147,1.0,787.3404434114071,1.0,658.3875365141188,1.0,532.6085460897837,0.0,391.5129184549358,0.0,301.146170133482,0.0,251.12829588014984,0.0,162.7720754716981,0.0,100.693044002411,0.0,57.428571428571445,0.0,29.7281463657
analogue,2023-24,36,2024-01-20,2,241.54877023189368,765.0,1115.2942011365153,1.0,836.9702444614209,1.0,773.3795208078151,1.0,645.6388497217067,1.0,500.5603825312517,0.0,414.3668101761253,0.0,348.47976190476186,0.0,279.1095191913164,0.0,190.57465592728758,0.0,129.2030310948524,0.0,54.50540540540544,0.0,35.2728815275
analogue,2023-24,36,2024-01-20,3,293.9212985048127,780.0,1058.761357416531,1.0,806.6700799720205,1.0,692.7019889663173,0.0,583.1145114345114,0.0,483.6414705882353,0.0,383.129189030554,0.0,314.7625817394603,0.0,252.32682852031692,0.0,190.68554272054504,0.0,107.2518944805652,0.0,53.75330824972133,0.0,38.5136837033
ens2,2023-24,36,2024-01-20,0,154.51579444142692,884.0,1458.0342818415616,1.0,1140.3639280268255,1.0,903.0901828965068,1.0,656.6487693019378,1.0,509.9321414091519,1.0,424.76316979389776,0.0,337.87344652470733,0.0,263.2828530580024,0.0,189.1752677603664,0.0,125.78773962820424,0.0,60.299680721530876,0.0,52.5102521739
ens2,2023-24,36,2024-01-20,1,161.56721502149352,764.0,1746.538722034733,1.0,1244.1046529445302,1.0,986.2568517462844,1.0,753.2657030508225,1.0,596.402084336099,1.0,456.10023124691276,0.0,354.7266285343434,0.0,281.5463644081787,0.0,194.78617561462556,0.0,124.2575307184818,0.0,65.55348646676384,0.0,29.7281463657
ens2,2023-24,36,2024-01-20,2,206.21407378362974,765.0,1911.7382852710443,1.0,1350.6106995981763,1.0,1073.0288950880154,1.0,793.1067788404767,1.0,608.3783165315217,1.0,486.3964969287558,0.0,389.7922104585432,0.0,304.73628619721114,0.0,214.30628424088076,0.0,142.4109794657585,0.0,65.27519876156981,0.0,35.2728815275
ens2,2023-24,36,2024-01-20,3,256.8253733087204,780.0,2173.0008850762406,1.0,1515.030305693548,1.0,1106.8673449048565,1.0,783.5762592573179,1.0,607.3180767819676,0.0,469.84456367468204,0.0,372.7489260380637,0.0,289.4070919176025,0.0,213.4840462838871,0.0,129.6469907330428,0.0,64.25541045087101,0.0,38.5136837033
ens3,2023-24,36,2024-01-20,0,150.45218230199274,884.0,1493.0527196431083,1.0,1161.642299725098,1.0,918.5398824737838,1.0,672.8748387597573,1.0,523.9733469491188,1.0,430.2435520574761,0.0,342.4336879496455,0.0,265.57243874225264,0.0,191.95910614098386,0.0,127.3015972827045,0.0,61.57797679627561,0.0,52.5102521739
ens3,2023-24,36,2024-01-20,1,159.41052064048299,764.0,1881.007570062877,1.0,1331.5527688899626,1.0,1035.8037131178671,1.0,769.8577433289495,1.0,604.8534961613434,1.0,466.6555852226297,0.0,364.4173698742036,0.0,285.52697979161985,0.0,201.56369056472545,0.0,129.88674379794065,0.0,66.635695616612,0.0,29.7281463657
ens3,2023-24,36,2024-01-20,2,211.6090408394298,765.0,2224.824103068237,1.0,1505.2770249336531,1.0,1141.0438513212578,1.0,812.690514121218,1.0,619.2778733012149,1.0,488.9082993257126,0.0,387.8844009699891,0.0,300.47679656748176,0.0,212.74881934030168,0.0,140.05554748393075,0.0,65.91045678709935,0.0,35.2728815275
ens3,2023-24,36,2024-01-20,3,267.8970175744956,780.0,2592.6611083679195,1.0,1714.5982144173188,1.0,1199.0502349782714,1.0,809.7274175519144,1.0,612.1218949835655,0.0,469.2442693640504,0.0,368.21633939287136,0.0,282.822851570183,0.0,206.9345466636323,0.0,128.2304740802139,0.0,63.658242618160784,0.0,38.5136837033
pf,2023-24,42,2024-01-20,0,33.96024362296762,401.0,794.5303673338701,1.0,630.7916191358634,1.0,501.8134148364435,1.0,375.01565764601736,1.0,294.899610740767,1.0,237.11634632400967,1.0,187.91233358187412,1.0,144.85996449123598,1.0,106.49875209968701,1.0,70.5099135315998,0.0,34.386514810089466,0.0,41.2859869565
pf,2023-24,42,2024-01-20,1,79.93968597532127,443.0,1109.445626002047,1.0,810.819019798794,1.0,615.8683170795856,1.0,439.0417282567612,1.0,339.79344033251647,1.0,269.94124590380426,1.0,210.83382255244817,0.0,161.2353880984093,0.0,117.71001807571758,0.0,77.35972949088753,0.0,38.749928156837484,0.0,18.5056830208
pf,2023-24,42,2024-01-20,2,101.74490613565371,425.0,1503.0709802828267,1.0,1001.9065199955977,1.0,735.4634988421893,1.0,490.9449405083295,1.0,368.7847787012537,1.0,287.5275319502835,0.0,223.92122901413225,0.0,171.10151934455124,0.0,123.71299426164387,0.0,81.45425932481834,0.0,40.20271350019931,0.0,29.4600276716
pf,2023-24,42,2024-01-20,3,169.5768730535996,493.0,1944.2444333431724,1.0,1224.1666935819042,1.0,846.1324827318738,1.0,537.4593824760024,1.0,389.60968280247477,0.0,294.0328197928761,0.0,225.6746617493504,0.0,172.35231576299338,0.0,123.70800441375016,0.0,80.04410007044646,0.0,38.76316916883576,0.0,31.289472455
analogue,2023-24,42,2024-01-20,0,51.3668984437514,401.0,775.302723112127,1.0,617.9471224165338,1.0,481.23369536301277,1.0,339.5864089398973,1.0,261.42782446311855,1.0,227.4619883040936,1.0,180.4444444444444,1.0,141.43714285714287,0.0,100.18976678494522,0.0,68.33456568033131,0.0,30.800732796382135,0.0,41.2859869565
analogue,2023-24,42,2024-01-20,1,117.16529373248125,443.0,825.5505815923158,1.0,538.5795003781199,1.0,454.38552953096126,1.0,379.96494644595913,1.0,307.37607635032293,0.0,225.94775393419178,0.0,173.79579967902444,0.0,144.92976279650435,0.0,93.93811320754713,0.0,58.11140847900339,0.0,33.14285714285717,0.0,18.5056830208
analogue,2023-24,42,2024-01-20,2,128.64527773711706,425.0,643.6523747852526,1.0,483.0276037687802,1.0,446.3284796701819,1.0,372.60749536178093,1.0,288.8806187742547,0.0,239.13706457925636,0.0,201.11269841269842,0.0,161.07813047857064,0.0,109.98338352022566,0.0,74.56493336817354,0.0,31.455855855855873,0.0,29.4600276716
analogue,2023-24,42,2024-01-20,3,205.02466459243786,493.0,611.0264550264556,1.0,465.5409416753949,1.0,399.76831204026274,0.0,336.52379764379765,0.0,279.1164705882353,0.0,221.10938272410087,0.0,181.65402727252433,0.0,145.6214532754068,0.0,110.04737788847378,0.0,61.89661572012719,0.0,31.021809736157564,0.0,31.289472455
ens2,2023-24,42,2024-01-20,0,41.20448587439515,401.0,784.9165452229986,1.0,624.3693707761986,1.0,491.5235550997281,1.0,357.3010332929573,1.0,278.1637176019428,1.0,232.28916731405164,1.0,184.17838901315923,1.0,143.14855367418943,1.0,103.34425944231612,0.0,69.4222396059655,0.0,32.5936238032358,0.0,41.2859869565
ens2,2023-24,42,2024-01-20,1,97.80706956332213,443.0,967.4981037971814,1.0,674.6992600884569,1.0,535.1269233052734,1.0,409.5033373513602,1.0,323.58475834141973,1.0,247.94449991899802,0.0,192.31481111573635,0.0,153.0825754474568,0.0,105.82406564163233,0.0,67.73556898494547,0.0,35.9463926498473,0.0,18.5056830208
ens2,2023-24,42,2024-01-20,2,112.93857109074598,425.0,1073.3616775340395,1.0,742.4670618821889,1.0,590.8959892561857,1.0,431.77621793505523,1.0,328.8326987377542,0.0,263.3322982647699,0.0,212.51696371341535,0.0,166.08982491156098,0.0,116.84818889093475,0.0,78.00959634649593,0.0,35.82928467802759,0.0,29.4600276716
ens2,2023-24,42,2024-01-20,3,180.48378932940534,493.0,1277.635444184814,1.0,844.8538176286496,1.0,622.9503973860683,1.0,436.99159005990003,0.0,334.36307669535506,0.0,257.57110125848845,0.0,203.66434451093735,0.0,158.98688451920006,0.0,116.87769115111197,0.0,70.97035789528681,0.0,34.89248945249665,0.0,31.289472455
ens3,2023-24,42,2024-01-20,0,41.339294847414976,401.0,780.6279645613326,1.0,618.3738861992892,1.0,490.59235367540157,1.0,358.4317860404298,1.0,279.6868082717731,1.0,230.25008339472203,1.0,182.67159111603542,1.0,141.34748244324737,1.0,102.34618312172097,0.0,68.42928405641709,0.0,32.78953538694009,0.0,41.2859869565
ens3,2023-24,42,2024-01-20,1,101.9437704413933,443.0,955.5139107247138,1.0,678.2302076044982,1.0,532.9767815164116,1.0,400.16599672206877,1.0,315.9133968081544,1.0,244.52390548380424,0.0,190.74733943583647,0.0,150.11111868462376,0.0,105.40898247907617,0.0,68.27594794985586,0.0,35.367386892791046,0.0,18.5056830208
ens3,2023-24,42,2024-01-20,2,124.1413851489614,425.0,1086.0428353687741,1.0,747.8927244592156,1.0,577.685877195038,1.0,415.1344525474949,1.0,315.08727975770995,0.0,250.8859997370497,0.0,200.63522337099513,0.0,155.61359608955536,0.0,110.47915009745975,0.0,72.92110830798234,0.0,34.30332688151944,0.0,29.4600276716
ens3,2023-24,42,2024-01-20,3,198.73111259684225,493.0,1271.5903989241185,1.0,836.3337163881447,1.0,601.3700521961042,1.0,410.78796134436897,0.0,310.86281709893217,0.0,239.20712682025322,0.0,187.72873603754658,0.0,145.21190997664974,0.0,106.08510533291371,0.0,65.59888507260658,0.0,32.166196366678975,0.0,31.289472455
pf,2023-24,50,2024-01-20,0,4.252265082699518,21.0,102.84380062469734,1.0,78.78974281467521,1.0,61.079825473972654,1.0,44.359316841040105,1.0,35.238902618975956,1.0,27.643780178065413,1.0,21.610593532157775,1.0,16.65090105352243,1.0,12.628630612990193,1.0,7.953987243893611,0.0,3.9240959353534492,0.0,3.3217217391
pf,2023-24,50,2024-01-20,1,6.062279166917889,18.0,154.75794365870715,1.0,114.1946615862067,1.0,85.18360298357345,1.0,59.842463014140066,1.0,46.37219025371315,1.0,37.15502556900963,1.0,29.30936348625982,1.0,22.44316617136426,1.0,15.671436285668168,0.0,9.953750717194328,0.0,5.004089784430995,0.0,5.1234148983
pf,2023-24,50,2024-01-20,2,5.735431658461724,20.0,183.10523323305557,1.0,133.41243629406964,1.0,98.91970468934389,1.0,70.49163146575955,1.0,53.83078647232139,1.0,42.06726531815453,1.0,32.48641234780018,1.0,24.486619196356514,1.0,17.63036582137669,1.0,11.659109785051662,1.0,5.876788607125562,0.0,3.4916302436
pf,2023-24,50,2024-01-20,3,5.448495114386875,21.0,180.1519230196192,1.0,134.39687303188177,1.0,101.41985439076264,1.0,70.62007582046697,1.0,53.18006036569744,1.0,41.38611874777226,1.0,32.3223373391906,1.0,24.486619196356514,1.0,17.630365821376685,1.0,11.728629758505505,1.0,5.824714331502399,1.0,2.9653607428
analogue,2023-24,50,2024-01-20,0,2.3579088610008845,21.0,43.44368707093815,1.0,34.62634737678853,1.0,26.96568120568606,1.0,19.02854877680459,1.0,14.648972922502335,1.0,12.745714861867313,1.0,10.11111111111111,1.0,7.925357142857143,1.0,5.614081759501241,0.0,3.8290920424323573,0.0,1.7259031308317585,0.0,3.3217217391
analogue,2023-24,50,2024-01-20,1,2.923923526154746,18.0,46.25929983060391,1.0,30.1790237280843,1.0,25.461258120269385,1.0,21.29113924050633,1.0,17.223659450664645,1.0,12.66086552217454,1.0,9.738557740634992,1.0,8.12106429463171,0.0,5.26377358490566,0.0,3.256242716495878,0.0,1.8571428571428577,0.0,5.1234148983
analogue,2023-24,50,2024-01-20,2,4.786792097180279,20.0,36.0667278974495,1.0,27.06620193531958,1.0,25.009785498760188,1.0,20.878868274582555,1.0,16.18727605200565,1.0,13.399921722113504,0.0,11.269246031746029,0.0,9.025929725092322,0.0,6.16286200759885,0.0,4.17820747321662,0.0,1.7626126126126138,0.0,3.4916302436
analogue,2023-24,50,2024-01-20,3,6.374139438994049,21.0,34.23855135924104,1.0,26.086345869741958,1.0,22.400810588463,1.0,18.85693693693694,1.0,15.64014705882353,0.0,12.389749894022891,0.0,10.178889459236279,0.0,8.15982281284607,0.0,6.166447898923099,0.0,3.4683448463864375,0.0,1.7382910628019346,0.0,2.9653607428
ens2,2023-24,50,2024-01-20,0,2.6113458550295925,21.0,73.14374384781775,1.0,56.708045095731876,1.0,44.02275333982935,1.0,31.693932808922348,1.0,24.94393777073915,1.0,20.19474751996636,1.0,15.860852321634445,1.0,12.288129098189785,1.0,9.121356186245716,1.0,5.891539643162986,1.0,2.8249995330926048,1.0,3.3217217391
ens2,2023-24,50,2024-01-20,1,3.2415652792682352,18.0,100.50862174465553,1.0,72.1868426571455,1.0,55.322430551921414,1.0,40.566801127323195,1.0,31.797924852188896,1.0,24.907945545592085,1.0,19.523960613447404,1.0,15.282115232997985,1.0,10.467604935286914,1.0,6.6049967168451005,1.0,3.4306163207869282,1.0,5.1234148983
ens2,2023-24,50,2024-01-20,2,3.748340977094366,20.0,109.58598056525254,1.0,80.23931911469462,1.0,61.96474509405204,1.0,45.685249870171056,1.0,35.009031262163525,1.0,27.73359352013402,1.0,21.87782918977311,1.0,16.75627446072442,1.0,11.896613914487768,1.0,7.918658629134139,1.0,3.819700609869086,0.0,3.4916302436
ens2,2023-24,50,2024-01-20,3,4.285438376533062,21.0,107.19523718943012,1.0,80.24160945081186,1.0,61.91033248961281,1.0,44.738506378701956,1.0,34.41010371226049,1.0,26.88793432089757,1.0,21.250613399213435,1.0,16.32322100460129,1.0,11.898406860149894,1.0,7.598487302445971,0.0,3.7815026971521686,0.0,2.9653607428
ens3,2023-24,50,2024-01-20,0,3.0750550265764205,21.0,88.70843692620842,1.0,66.8647480219585,1.0,51.266707685376204,1.0,36.872935487968746,1.0,28.90892155269218,1.0,23.109501193190514,1.0,18.072294245575872,1.0,14.011345059017401,1.0,10.353479084966022,1.0,6.762638793237436,1.0,3.2275193519020178,0.0,3.3217217391
ens3,2023-24,50,2024-01-20,1,3.895255969583141,18.0,126.3792295687588,1.0,89.70341700395556,1.0,67.2537408187329,1.0,47.887064118112384,1.0,36.93474270943811,1.0,29.005586628285013,1.0,22.589794319176242,1.0,17.333777630107097,1.0,12.274280726454553,1.0,7.837336868674996,1.0,3.9377362673426575,0.0,5.1234148983
ens3,2023-24,50,2024-01-20,2,4.233125973222782,20.0,142.64262100477754,1.0,101.2064398764329,1.0,75.95172502363339,1.0,53.87252771921102,1.0,40.51321891081808,1.0,31.895545946303546,1.0,24.863732398701906,1.0,18.89992103706458,1.0,13.45439430046786,1.0,8.821832360642173,1.0,4.3407831583296925,1.0,3.4916302436
ens3,2023-24,50,2024-01-20,3,4.681438421854028,21.0,136.6565284568739,1.0,99.88411852144274,1.0,74.7064901008302,1.0,52.33832537927801,1.0,39.7272355364297,1.0,30.600865483568555,1.0,23.758949286498154,1.0,17.986444275500727,1.0,13.11565741447361,1.0,8.476666453167521,0.0,4.201234710401799,0.0,2.9653607428
pf,2023-24,56,2024-01-20,0,17.381243283889564,40.0,57.71850537826853,1.0,42.37655986505281,1.0,32.7471613150517,0.0,23.47052842927144,0.0,18.728017665883527,0.0,14.63729199776041,0.0,11.356707304486177,0.0,8.465341806927805,0.0,6.156612223220222,0.0,4.39140527454772,0.0,1.7922955779491918,0.0,12.4532521739
pf,2023-24,56,2024-01-20,1,21.62147381544521,39.0,54.892565931846505,1.0,37.85569101495393,0.0,27.761807523053314,0.0,18.95378403275008,0.0,14.537165816994566,0.0,11.482772010525139,0.0,8.69139569979525,0.0,6.926188751122749,0.0,4.946815565184465,0.0,3.1780077724377023,0.0,1.5142276405981576,0.0,10.6013727951
pf,2023-24,56,2024-01-20,2,19.887671948130418,33.0,49.25289778576177,1.0,32.9355395591079,0.0,23.470528429271436,0.0,15.34470551970923,0.0,10.978513186369302,0.0,8.70745925147296,0.0,6.5871079118215805,0.0,5.262408619283203,0.0,3.558652630625266,0.0,2.7769009211201836,0.0,1.3377370521436145,0.0,5.9696726564
pf,2023-24,56,2024-01-20,3,32.28505738293029,44.0,45.426829217944714,1.0,29.24390806029605,0.0,19.684959327776042,0.0,12.442314944551875,0.0,8.503017455739045,0.0,6.561894970613789,0.0,5.287334034490101,0.0,3.659504395456434,0.0,2.877177633949563,0.0,2.1203513396513785,0.0,0.7571138202990788,0.0,12.5927069846
analogue,2023-24,56,2024-01-20,0,17.566050823751947,40.0,38.430953947368366,1.0,30.6309996025437,0.0,23.854256451183822,0.0,16.8329469948656,0.0,12.958706816059758,0.0,11.275055454728777,0.0,8.944444444444443,0.0,7.010892857142858,0.0,4.966303094943406,0.0,3.387273729844008,0.0,1.5267604618896318,0.0,12.4532521739
analogue,2023-24,56,2024-01-20,1,20.04520546976599,39.0,40.92168831168807,1.0,26.696828682536115,0.0,22.523420644853687,0.0,18.834469328140216,0.0,15.23631412943411,0.0,11.199996423462093,0.0,8.614878001330954,0.0,7.184018414481898,0.0,4.656415094339621,0.0,2.880522403054048,0.0,1.6428571428571441,0.0,10.6013727951
analogue,2023-24,56,2024-01-20,2,16.417764240525017,33.0,31.90518237082071,1.0,23.943178635090398,0.0,22.124041018134015,0.0,18.469768089053797,0.0,14.319513430620383,0.0,11.853776908023484,0.0,9.968948412698412,0.0,7.984476295273977,0.0,5.4517625451836,0.0,3.696106610922395,0.0,1.5592342342342356,0.0,5.9696726564
analogue,2023-24,56,2024-01-20,3,29.144588171642955,44.0,30.28794927932862,0.0,23.076382884771732,0.0,19.81610167440958,0.0,16.681136521136523,0.0,13.835514705882353,0.0,10.96016336778948,0.0,9.004402213939786,0.0,7.218304795979215,0.0,5.4549346798165885,0.0,3.0681512102649258,0.0,1.5377190170940178,0.0,12.5927069846
ens2,2023-24,56,2024-01-20,0,17.305766619038145,40.0,48.07472966281845,1.0,36.50377973379826,1.0,28.30070888311776,0.0,20.15173771206852,0.0,15.843362240971643,0.0,12.956173726244593,0.0,10.15057587446531,0.0,7.738117332035332,0.0,5.561457659081814,0.0,3.889339502195863,0.0,1.6595280199194136,0.0,12.4532521739
ens2,2023-24,56,2024-01-20,1,20.8333396426056,39.0,47.90712712176729,1.0,32.27625984874503,0.0,25.1426140839535,0.0,18.894126680445147,0.0,14.886739973214338,0.0,11.341384216993617,0.0,8.6531368505631,0.0,7.055103582802323,0.0,4.801615329762043,0.0,3.029265087745875,0.0,1.57854239172765,0.0,10.6013727951
ens2,2023-24,56,2024-01-20,2,18.15271809432772,33.0,40.579040078291236,1.0,28.43935909709915,0.0,22.797284723702724,0.0,16.90723680438151,0.0,12.649013308494842,0.0,10.280618079748221,0.0,8.278028162259996,0.0,6.623442457278591,0.0,4.505207587904433,0.0,3.23650376602129,0.0,1.4484856431889241,0.0,5.9696726564
ens2,2023-24,56,2024-01-20,3,30.652786724332508,44.0,37.85738924863667,0.0,26.16014547253389,0.0,19.75053050109281,0.0,14.561725732844199,0.0,11.169266080810699,0.0,8.761029169201635,0.0,7.145868124214942,0.0,5.438904595717824,0.0,4.166056156883076,0.0,2.594251274958152,0.0,1.1474164186965474,0.0,12.5927069846
ens3,2023-24,56,2024-01-20,0,17.57435641842482,40.0,52.2952325033772,1.0,38.85738046499161,1.0,29.905690327677807,0.0,21.32231494888915,0.0,16.634880186888374,0.0,13.540380313635097,0.0,10.596513209195393,0.0,8.126694368233583,0.0,5.866147152267899,0.0,4.0878238166499585,0.0,1.7423853066460318,0.0,12.4532521739
ens3,2023-24,56,2024-01-20,1,21.300412718609536,39.0,51.47613967285088,1.0,34.738372432220146,0.0,26.26674241588184,0.0,19.085382894433938,0.0,14.680294155785479,0.0,11.48417592850515,0.0,8.75985065999809,0.0,6.896341856824339,0.0,5.007138197295404,0.0,3.0987644149372606,0.0,1.5804171329987762,0.0,10.6013727951
ens3,2023-24,56,2024-01-20,2,18.768793306105408,33.0,47.01889897966769,1.0,31.10118424134956,0.0,23.562411078211902,0.0,16.667762985121062,0.0,12.215851606389764,0.0,9.821694866708846,0.0,7.633108258018813,0.0,6.0460814792187385,0.0,4.062883795983142,0.0,2.949752485118041,0.0,1.234086189631011,0.0,5.9696726564
ens3,2023-24,56,2024-01-20,3,30.74667467647561,44.0,45.221581040961595,1.0,28.772267724309373,0.0,20.451987240031947,0.0,14.02483458098951,0.0,10.60130664354452,0.0,8.207033055054131,0.0,6.349179029579712,0.0,4.939473256057072,0.0,3.8221943722859595,0.0,2.2553557260283332,0.0,1.0289720483878706,0.0,12.5927069846
pf,2023-24,02,2024-01-27,0,1.2505400144751813,8.0,31.63338851608223,1.0,24.12345242288258,1.0,18.741693286266585,1.0,13.319321480455677,1.0,10.761566237218684,1.0,8.502753529718143,1.0,6.068733010305568,1.0,5.115510486473983,1.0,3.531105255619094,1.0,2.5577552432369917,0.0,0.8687531778292774,0.0,1.2123391304
pf,2023-24,02,2024-01-27,1,2.269911883409532,11.0,72.27340500260422,1.0,48.617477110053365,1.0,34.95598832423889,1.0,23.268557613696398,1.0,17.42815616176807,1.0,12.869286170387026,1.0,9.989491110341756,1.0,7.673265729710975,1.0,5.706438216396252,0.0,3.426508421066269,0.0,1.7005507059436287,0.0,2.6530252105
pf,2023-24,02,2024-01-27,2,4.908978171125291,2.0,157.3428095638066,1.0,98.90393400780647,1.0,64.0814168642496,1.0,39.22353318584824,1.0,27.47110055343983,0.0,20.477879513096884,0.0,15.394045155709332,0.0,11.93619113510596,0.0,7.814158149564597,0.0,5.244194201377563,0.0,2.550826058915443,0.0,2.4476456905
pf,2023-24,02,2024-01-27,3,5.777599740858262,4.0,282.21418768795746,1.0,174.78084544143903,1.0,113.21423258387324,1.0,63.98413605802582,1.0,44.07999742690839,1.0,32.3035342286074,1.0,23.120434631885512,0.0,17.11241362209629,0.0,11.952359231856242,0.0,7.492118332756317,0.0,3.961013077137224,0.0,2.0582037628
analogue,2023-24,02,2024-01-27,0,1.8488029590086432,8.0,14.585000000000006,1.0,10.762019230769221,1.0,8.892613636363631,1.0,5.902840909090912,1.0,4.276595744680852,0.0,3.3013964534807014,0.0,2.5460772104607723,0.0,2.185971300064253,0.0,1.6695793148202025,0.0,1.1176279688779687,0.0,0.5711961722488033,0.0,1.2123391304
analogue,2023-24,02,2024-01-27,1,4.481983960392142,11.0,17.395525423728813,1.0,13.622857142857097,1.0,8.847692307692311,0.0,6.217017855259922,0.0,4.947460801393729,0.0,4.099520547945207,0.0,3.468208092485549,0.0,2.9309173117017537,0.0,2.074064516129032,0.0,1.3840430408140043,0.0,0.5717869870685277,0.0,2.6530252105
analogue,2023-24,02,2024-01-27,2,0.9420260797129935,2.0,18.05489361702127,1.0,12.440773809523812,1.0,10.934482958609625,1.0,7.947727272727272,1.0,5.809410609915062,1.0,4.44385026737968,1.0,3.6497916507378236,0.0,2.600607902735563,0.0,1.8771428571428572,0.0,1.137931034482759,0.0,0.7563025210084033,0.0,2.4476456905
analogue,2023-24,02,2024-01-27,3,0.6939506989377147,4.0,24.122274625399147,1.0,20.36842105263158,1.0,13.614768003075213,1.0,8.07034138655462,1.0,5.684312371033879,1.0,4.295700416088765,1.0,3.168273809523809,1.0,2.5483479645657807,1.0,1.6616824118061464,1.0,1.167574705335746,0.0,0.46019385026737947,0.0,2.0582037628
ens2,2023-24,02,2024-01-27,0,1.2855573380955627,8.0,23.10919425804112,1.0,17.4427358268259,1.0,13.817153461315108,1.0,9.611081194773293,1.0,7.519080990949768,1.0,5.902074991599422,1.0,4.30740511038317,1.0,3.650740893269118,0.0,2.6003422852196483,0.0,1.8376916060574793,0.0,0.7199746750390403,0.0,1.2123391304
ens2,2023-24,02,2024-01-27,1,2.675513595935938,11.0,44.83446521316652,1.0,31.12016712645523,1.0,21.9018403159656,1.0,14.742787734478158,1.0,11.187808481580898,1.0,8.484403359166116,1.0,6.7288496014136525,0.0,5.302091520706364,0.0,3.8902513662626426,0.0,2.4052757309401374,0.0,1.1361688465060782,0.0,2.6530252105
ens2,2023-24,02,2024-01-27,2,2.905683696565387,2.0,87.69885159041394,1.0,55.672353908665144,1.0,37.50794991142961,1.0,23.585630229287755,1.0,16.640255581677447,0.0,12.460864890238282,0.0,9.521918403223577,0.0,7.268399518920761,0.0,4.845650503353728,0.0,3.191062617930161,0.0,1.6535642899619232,0.0,2.4476456905
ens2,2023-24,02,2024-01-27,3,2.938318562889932,4.0,153.1682311566783,1.0,97.57463324703531,1.0,63.414500293474234,1.0,36.02723872229022,1.0,24.882154898971137,1.0,18.29961732234808,1.0,13.14435422070466,1.0,9.830380793331036,1.0,6.807020821831195,0.0,4.329846519046032,0.0,2.210603463702302,0.0,2.0582037628
ens3,2023-24,02,2024-01-27,0,1.286177932430713,8.0,27.37873196278497,1.0,20.117861172053612,1.0,15.927075455050499,1.0,11.081662533428975,1.0,8.518809456738982,1.0,6.854426624149804,1.0,5.20721096836263,1.0,3.9008822300684445,1.0,2.907266158503605,0.0,1.8147423235158442,0.0,1.0598236063768622,0.0,1.2123391304
ens3,2023-24,02,2024-01-27,1,2.620954968748307,11.0,56.821502957038355,1.0,37.724123026481884,1.0,26.287042050734257,1.0,17.712223746826606,1.0,13.009240633638651,1.0,9.756343168981447,1.0,7.705741016413049,0.0,5.878713038877159,0.0,4.345589075342867,0.0,2.771575930294161,0.0,1.342871585332043,0.0,2.6530252105
ens3,2023-24,02,2024-01-27,2,3.1587659023209547,2.0,117.18762864065084,1.0,71.28099474463347,1.0,46.33167994895402,1.0,27.72555073518922,1.0,19.290859647871123,1.0,14.44108798597728,0.0,10.740350215429697,0.0,8.059673781302793,0.0,5.855773316665566,0.0,3.8759724943854907,0.0,1.9753788573377902,0.0,2.4476456905
ens3,2023-24,02,2024-01-27,3,3.321520101596734,4.0,199.35304723426356,1.0,123.16067962064353,1.0,77.61011151308846,1.0,42.752479303102994,1.0,28.85259291968159,1.0,20.39710080831821,1.0,14.896747539621531,1.0,10.935720073910382,1.0,7.749665524911865,1.0,4.930029715580781,0.0,2.351874173960187,0.0,2.0582037628
pf,2023-24,06,2024-01-27,0,43.92431367170081,547.0,1107.6020677151646,1.0,878.3334619098252,1.0,709.1030860470165,1.0,532.3213984803068,1.0,421.44936433275006,1.0,336.2029885138779,1.0,268.2416709627627,1.0,208.6594347436445,1.0,153.37055309258852,1.0,101.17995611726155,1.0,50.52139051992771,1.0,99.7184652174
pf,2023-24,06,2024-01-27,1,53.02243170077233,464.0,1513.8566844746688,1.0,1128.3871339320003,1.0,862.4590937574415,1.0,622.8044726875729,1.0,483.53122273862164,1.0,380.5289002991368,1.0,298.2827526591927,1.0,228.80481162750033,1.0,168.10209218558379,1.0,111.80870391107607,1.0,53.27965389232355,0.0,144.5167865229
pf,2023-24,06,2024-01-27,2,54.915498564728274,342.0,2076.0283771887152,1.0,1427.0049077436324,1.0,1021.6835262060624,1.0,697.1265613137111,1.0,525.6457615157277,1.0,409.04696935855156,1.0,321.35134936187535,1.0,243.92413391525153,1.0,175.4508175270301,1.0,114.82243829326023,1.0,57.08189871524485,1.0,213.4654283429
pf,2023-24,06,2024-01-27,3,61.347437173319776,302.0,2939.0670893907964,1.0,1792.2608351348856,1.0,1223.5819865252531,1.0,771.5314304102036,1.0,561.035293344843,1.0,428.0209899401372,1.0,331.0055848188634,1.0,248.4007481728628,1.0,178.6747559818931,1.0,115.146019362566,1.0,57.71894407572722,0.0,227.4947424659
analogue,2023-24,06,2024-01-27,0,53.764885247179514,547.0,1682.1366666666672,1.0,1241.2195512820501,1.0,1025.614772727272,1.0,680.7943181818184,1.0,493.23404255319156,1.0,380.76105763477426,1.0,293.64757160647576,1.0,252.11535660741038,1.0,192.55814764259662,1.0,128.89975907725898,1.0,65.8779585326954,1.0,99.7184652174
analogue,2023-24,06,2024-01-27,1,64.72423214270536,464.0,2006.28393220339,1.0,1571.1695238095185,1.0,1020.4338461538464,1.0,717.0293926399776,1.0,570.6071457607434,1.0,472.8113698630139,1.0,400.0,1.0,338.03246328293557,1.0,239.20877419354838,1.0,159.6262973738818,1.0,65.94609917523678,1.0,144.5167865229
analogue,2023-24,06,2024-01-27,2,72.43317529599453,342.0,2082.3310638297867,1.0,1434.8359126984128,1.0,1261.1103678929765,1.0,916.6378787878789,1.0,670.0186903435372,1.0,512.524064171123,1.0,420.94263705176235,1.0,299.93677811550157,1.0,216.49714285714282,1.0,131.24137931034488,0.0,87.22689075630257,0.0,213.4654283429
analogue,2023-24,06,2024-01-27,3,74.31191287541104,302.0,2782.102340129368,1.0,2349.157894736842,1.0,1570.2365763546745,1.0,930.7793732492996,1.0,655.5906934592407,1.0,495.4374479889043,1.0,365.4075793650793,1.0,293.9094652465867,1.0,191.64737149497546,1.0,134.660282682056,1.0,53.07569073083778,0.0,227.4947424659
ens2,2023-24,06,2024-01-27,0,48.55764293770102,547.0,1394.869367190916,1.0,1059.7765065959377,1.0,867.3589293871443,1.0,606.5578583310626,1.0,457.3417034429708,1.0,358.48202307432604,1.0,280.94462128461925,1.0,230.38739567552744,1.0,172.9643503675926,1.0,115.03985759726032,1.0,58.19967452631147,1.0,99.7184652174
ens2,2023-24,06,2024-01-27,1,58.15602442524387,464.0,1760.0703083390292,1.0,1349.7783288707597,1.0,941.4464699556438,1.0,669.9169326637752,1.0,527.0691842496825,1.0,426.6701350810753,1.0,349.14137632959637,1.0,283.4186374552179,1.0,203.6554331895661,1.0,135.7175006424789,1.0,59.61287653378014,0.0,144.5167865229
ens2,2023-24,06,2024-01-27,2,62.07694991623013,342.0,2079.1797205092507,1.0,1430.9204102210228,1.0,1141.3969470495194,1.0,806.8822200507951,1.0,597.8322259296324,1.0,460.7855167648372,1.0,371.14699320681893,1.0,271.93045601537654,1.0,195.97398019208646,1.0,123.0319088018025,1.0,72.15439473577368,1.0,213.4654283429
ens2,2023-24,06,2024-01-27,3,63.6589355146329,302.0,2860.584714760082,1.0,2070.709364935864,1.0,1396.9092814399637,1.0,851.1554018297516,1.0,608.3129934020419,1.0,461.7292189645208,1.0,348.20658209197137,1.0,271.15510670972475,1.0,185.16106373843428,1.0,124.90315102231102,1.0,55.3973174032825,1.0,227.4947424659
ens3,2023-24,06,2024-01-27,0,46.94144196411167,547.0,1294.9314643662963,1.0,993.987113300767,1.0,809.9877793388711,1.0,577.0843218619445,1.0,441.6776599795532,1.0,348.66670311126035,1.0,274.79136916300865,1.0,220.72251805421416,1.0,164.3367639900738,1.0,108.81360460123898,1.0,54.77133195984493,1.0,99.7184652174
ens3,2023-24,06,2024-01-27,1,57.05621371869283,464.0,1635.1022674043852,1.0,1238.6612111110967,1.0,887.4987089381424,1.0,635.993362586645,1.0,499.54652551318,1.0,402.9270166678483,1.0,326.0707442505603,1.0,260.6082239962201,1.0,187.96053084418588,1.0,124.96808306594164,1.0,57.262682055456764,0.0,144.5167865229
ens3,2023-24,06,2024-01-27,2,56.21464070313052,342.0,1944.678309590477,1.0,1342.0951683341323,1.0,1045.7472035900018,1.0,733.927273117295,1.0,547.4442926845763,1.0,423.86059885664497,1.0,338.2348498256512,1.0,251.31311437263614,1.0,181.68581360200974,1.0,115.61080541438531,1.0,64.23445918511112,1.0,213.4654283429
ens3,2023-24,06,2024-01-27,3,58.321385143867396,302.0,2606.734176921357,1.0,1823.9476303681713,1.0,1234.0003083696047,1.0,761.5104676932158,1.0,548.1765214692632,1.0,417.5771398657182,1.0,317.5152052081604,1.0,245.57455846551926,1.0,170.36967442299724,1.0,114.28077531327654,1.0,52.11416080494479,1.0,227.4947424659
pf,2023-24,36,2024-01-27,0,74.85925129172246,764.0,2040.4682616160844,1.0,1573.272374830026,1.0,1245.3203115783685,1.0,920.6627150768263,1.0,718.6278017088955,1.0,576.9984110313108,1.0,455.9054498616624,1.0,350.15438812842274,1.0,253.9106351196416,1.0,167.89464848665398,1.0,85.09688795785507,1.0,78.3811913043
pf,2023-24,36,2024-01-27,1,103.2904355637282,765.0,3416.3542686210335,1.0,2428.2331774070913,1.0,1815.1665804598326,1.0,1275.6947358878042,1.0,971.4009528913846,1.0,760.4084878547612,1.0,593.6256490873325,1.0,453.3204446826462,1.0,330.16736795553606,1.0,215.21966347395312,1.0,104.86780445508805,0.0,69.3040578166
pf,2023-24,36,2024-01-27,2,141.10186994644414,780.0,5092.827863962222,1.0,3525.6383303842113,1.0,2507.0243998406827,1.0,1651.6574129253945,1.0,1220.858917486251,1.0,942.7020422991193,1.0,716.059179157562,1.0,543.1489198962581,1.0,392.89118243662233,1.0,258.2231544937619,0.0,123.95158975314314,0.0,60.3579966057
pf,2023-24,36,2024-01-27,3,174.99597469895735,782.0,6669.834277706591,1.0,4642.732576271077,1.0,3199.8648306315567,1.0,2001.466916529739,1.0,1434.0157621130434,1.0,1070.9776840653556,1.0,803.37315754565,1.0,604.1044837988297,1.0,430.74286688039217,1.0,278.58762404187974,0.0,134.18274249022988,0.0,61.1627205079
analogue,2023-24,36,2024-01-27,0,73.2819768829844,764.0,2139.133333333334,1.0,1578.4294871794855,1.0,1304.249999999999,1.0,865.7500000000002,1.0,627.2340425531916,1.0,484.2048131771695,1.0,373.4246575342466,1.0,320.6091240094237,1.0,244.87163284029634,1.0,163.9187687687687,1.0,83.7754385964912,0.0,78.3811913043
analogue,2023-24,36,2024-01-27,1,113.53562573945783,765.0,2551.343728813559,1.0,1998.019047619041,1.0,1297.6615384615388,1.0,911.8292854381218,1.0,725.6275842044133,1.0,601.2630136986304,1.0,508.67052023121386,1.0,429.86787238292385,1.0,304.196129032258,0.0,202.99297931938736,0.0,83.86209143671726,0.0,69.3040578166
analogue,2023-24,36,2024-01-27,2,145.11161875192144,780.0,2648.051063829786,1.0,1824.6468253968255,1.0,1603.7241672627447,1.0,1165.6666666666667,1.0,852.0468894542091,1.0,651.7647058823529,1.0,535.3027754415475,1.0,381.4224924012159,0.0,275.3142857142857,0.0,166.89655172413802,0.0,110.92436974789922,0.0,60.3579966057
analogue,2023-24,36,2024-01-27,3,171.3188232957215,782.0,3537.933611725208,1.0,2987.3684210526317,1.0,1996.8326404510312,1.0,1183.6500700280112,1.0,833.6991477516356,1.0,630.0360610263523,1.0,464.6801587301586,0.0,373.7577014696479,0.0,243.7134203982347,0.0,171.24429011590945,0.0,67.49509803921563,0.0,61.1627205079
ens2,2023-24,36,2024-01-27,0,71.84372439339522,764.0,2089.8007974747097,1.0,1575.8509310047557,1.0,1274.7851557891838,1.0,893.2063575384134,1.0,672.9309221310434,1.0,530.6016121042402,1.0,414.6650536979545,1.0,335.3817560689232,1.0,249.3911339799689,1.0,165.9067086277114,1.0,84.43616327717314,1.0,78.3811913043
ens2,2023-24,36,2024-01-27,1,105.25580086379203,765.0,2983.8489987172966,1.0,2213.1261125130663,1.0,1556.4140594606856,1.0,1093.7620106629631,1.0,848.5142685478991,1.0,680.8357507766959,1.0,551.1480846592732,1.0,441.59415853278495,1.0,317.1817484938971,1.0,209.10632139667018,0.0,94.36494794590271,0.0,69.3040578166
ens2,2023-24,36,2024-01-27,2,137.88497240163585,780.0,3870.4394638960043,1.0,2675.1425778905186,1.0,2055.3742835517137,1.0,1408.6620397960307,1.0,1036.45290347023,1.0,797.233374090736,1.0,625.6809772995548,1.0,462.285706148737,1.0,334.10273407545407,0.0,212.55985310894994,0.0,117.43797975052121,0.0,60.3579966057
ens2,2023-24,36,2024-01-27,3,166.47161105250964,782.0,5103.883944715899,1.0,3815.0504986618544,1.0,2598.348735541294,1.0,1592.558493278875,1.0,1133.8574549323396,1.0,850.5068725458538,1.0,634.0266581379043,1.0,488.9310926342388,1.0,337.22814363931343,0.0,224.91595707889462,0.0,100.83892026472273,0.0,61.1627205079
ens3,2023-24,36,2024-01-27,0,72.12727412123293,764.0,2068.7408351271215,1.0,1565.2778024284942,1.0,1253.2935669372737,1.0,894.7138801891956,1.0,684.3061125987122,1.0,541.1998468591041,1.0,424.603774510745,1.0,337.88316451462424,1.0,249.1040521335309,1.0,165.24579540897275,1.0,83.51651183651234,1.0,78.3811913043
ens3,2023-24,36,2024-01-27,1,105.60113504833075,765.0,3085.6266216281024,1.0,2247.10116234255,1.0,1599.8972860507183,1.0,1112.0164593732538,1.0,857.6401570047841,1.0,683.0315324134366,1.0,546.5145859825691,1.0,430.92802196847686,1.0,310.75391521741903,1.0,204.03638177485425,0.0,94.88500173824048,0.0,69.3040578166
ens3,2023-24,36,2024-01-27,2,142.9329495627162,780.0,4163.591237036439,1.0,2799.6660428781674,1.0,2078.1502396622614,1.0,1397.3093309846913,1.0,1028.1199097717756,1.0,790.0458328412557,1.0,614.882631914557,1.0,456.2508298368532,1.0,328.71384267430557,0.0,209.337909420267,0.0,111.92542396269016,0.0,60.3579966057
ens3,2023-24,36,2024-01-27,3,175.03551641339487,782.0,5347.623296708657,1.0,3801.128480898748,1.0,2560.084238209845,1.0,1562.9957350406846,1.0,1115.136072012011,1.0,833.9244723715572,1.0,626.1536731827985,1.0,477.89254721043204,0.0,333.4828514732771,0.0,220.27717585942793,0.0,102.13946847122713,0.0,61.1627205079
pf,2023-24,42,2024-01-27,0,57.39076513034557,443.0,777.1779404192723,1.0,609.3736593061378,1.0,487.2620856817165,1.0,358.6585222615513,1.0,282.26945204239223,1.0,225.80930869639832,1.0,179.70056610345654,0.0,139.3630599966496,0.0,101.71612537925739,0.0,66.84813173388414,0.0,32.64823498228054,0.0,22.0553521739
pf,2023-24,42,2024-01-27,1,77.43222779043977,425.0,1252.750258393166,1.0,888.0620362405971,1.0,664.8642362151429,1.0,468.73920888797045,1.0,358.0715118162092,1.0,280.71642712765856,1.0,219.86507452208642,0.0,166.82877255073382,0.0,121.07952512152454,0.0,78.75791428832906,0.0,38.33238877018081,0.0,17.023159277
pf,2023-24,42,2024-01-27,2,135.9698721714822,493.0,1926.2515159260984,1.0,1275.7663563979968,1.0,896.1960281536373,1.0,582.1593381818594,1.0,434.09857676853363,1.0,333.9538279230042,0.0,256.55652585622045,0.0,194.28331732438508,0.0,138.89286150554668,0.0,91.50818508841161,0.0,44.75893897702613,0.0,50.2156091174
pf,2023-24,42,2024-01-27,3,152.89961131226727,493.0,2848.6769385066186,1.0,1758.0453977070647,1.0,1156.843478175392,1.0,714.5108052447272,1.0,507.2990240859826,1.0,379.0342694376761,0.0,288.736896474163,0.0,214.46268418450387,0.0,154.3982431714964,0.0,99.9034284135443,0.0,49.334796653856074,0.0,51.2861603677
analogue,2023-24,42,2024-01-27,0,64.21994467780362,443.0,994.2108333333338,1.0,733.6109775641019,1.0,606.1798295454541,1.0,402.37698863636376,1.0,291.5212765957447,1.0,225.04519157893446,1.0,173.55759651307596,0.0,149.01037695437986,0.0,113.80965662691045,0.0,76.18497321184822,0.0,38.93653907496014,0.0,22.0553521739
analogue,2023-24,42,2024-01-27,1,78.90587925306511,425.0,1185.7949830508473,1.0,928.6247619047589,1.0,603.1176923076926,1.0,423.79338380021795,1.0,337.2519112950058,1.0,279.4506506849316,1.0,236.41618497109826,0.0,199.7908634143362,0.0,141.382064516129,0.0,94.34560061548797,0.0,38.97681295183793,0.0,17.023159277
analogue,2023-24,42,2024-01-27,2,132.0568184176347,493.0,1230.7419148936167,1.0,848.0460813492064,1.0,745.3672550118893,1.0,541.7700757575758,1.0,396.00815657587674,1.0,302.92245989304814,0.0,248.7941308586283,0.0,177.2747720364742,0.0,127.95857142857142,0.0,77.5689655172414,0.0,51.554621848739515,0.0,50.2156091174
analogue,2023-24,42,2024-01-27,3,149.60412411522614,493.0,1644.335053631375,1.0,1388.4473684210527,1.0,928.073352209627,1.0,550.1282711834734,1.0,387.480626625476,0.0,292.8235783633842,0.0,215.97066468253965,0.0,173.71238625123408,0.0,113.27135107145227,0.0,79.58967574705335,0.0,31.369880793226372,0.0,51.2861603677
ens2,2023-24,42,2024-01-27,0,60.8053549040746,443.0,885.694386876303,1.0,671.49231843512,1.0,546.7209576135851,1.0,380.51775544895753,1.0,286.89536431906845,1.0,225.42725013766636,1.0,176.62908130826625,0.0,144.18671847551474,0.0,107.76289100308395,0.0,71.51655247286618,0.0,35.79238702862028,0.0,22.0553521739
ens2,2023-24,42,2024-01-27,1,78.16905352175245,425.0,1219.2726207220066,1.0,908.343399072678,1.0,633.9909642614177,1.0,446.2662963440942,1.0,347.6617115556075,1.0,280.083538906295,1.0,228.1406297465923,0.0,183.30981798253498,0.0,131.23079481882678,0.0,86.55175745190851,0.0,38.654600861009385,0.0,17.023159277
ens2,2023-24,42,2024-01-27,2,134.01334529455846,493.0,1578.4967154098576,1.0,1061.9062188736018,1.0,820.7816415827633,1.0,561.9647069697176,1.0,415.0533666722052,1.0,318.4381439080262,0.0,252.67532835742438,0.0,185.77904468042965,0.0,133.42571646705903,0.0,84.53857530282653,0.0,48.156780412882824,0.0,50.2156091174
ens2,2023-24,42,2024-01-27,3,150.89294228515664,493.0,2246.505996068997,1.0,1573.2463830640588,1.0,1042.4584151925096,1.0,632.3195382141002,1.0,447.3898253557294,1.0,335.9289239005301,0.0,252.35378057835135,0.0,194.087535217869,0.0,133.83479712147434,0.0,89.74655208029884,0.0,40.35233872354121,0.0,51.2861603677
ens3,2023-24,42,2024-01-27,0,62.483770979491325,443.0,849.8848976566975,1.0,649.8016345723038,1.0,523.0550666018971,1.0,369.57259528966074,1.0,282.57758377094575,1.0,223.43201205095738,1.0,176.082962079676,0.0,141.23549041774953,0.0,105.02380107618183,0.0,69.42026145974802,0.0,34.84775414517247,0.0,22.0553521739
ens3,2023-24,42,2024-01-27,1,83.35701588196844,425.0,1196.3433188107263,1.0,878.1719128945543,1.0,626.5923093324716,1.0,436.4569468365082,1.0,338.35881452970625,1.0,270.5483839743081,1.0,217.7846750816243,0.0,172.4972132829357,0.0,123.92918424180678,0.0,81.59761777259956,0.0,37.81147951038855,0.0,17.023159277
ens3,2023-24,42,2024-01-27,2,145.94104652734282,493.0,1602.6032340912245,1.0,1064.5608933290725,1.0,786.436468182443,1.0,526.9195220349926,1.0,389.54965118283985,0.0,298.6372167773104,0.0,235.60871221534774,0.0,173.9836558303823,0.0,124.95144945382268,0.0,79.89945770915466,0.0,43.70536004617037,0.0,50.2156091174
ens3,2023-24,42,2024-01-27,3,166.74425613329012,493.0,2261.237523650998,1.0,1498.011944914794,1.0,972.0897875958934,1.0,583.2643329355786,1.0,411.9451668590271,0.0,308.3778084063188,0.0,232.8531867930759,0.0,177.37701518728815,0.0,123.13132485042087,0.0,81.56207906057634,0.0,37.887721941786424,0.0,51.2861603677
pf,2023-24,50,2024-01-27,0,2.5871738776179427,18.0,72.69270242245928,1.0,55.81062410865799,1.0,43.621679336665686,1.0,32.19212966200469,1.0,24.926673906666107,1.0,19.633889560259817,1.0,15.904546918846178,1.0,11.632970324385996,1.0,8.801350002389661,1.0,6.06634444413768,1.0,2.6707150614285133,1.0,1.8416869565
pf,2023-24,50,2024-01-27,1,3.335450409137198,20.0,100.60897962956658,1.0,73.56797284505318,1.0,55.818353561596965,1.0,39.08985228958354,1.0,30.26810402952313,1.0,23.32716595194868,1.0,18.69500542999958,1.0,14.183941936089616,1.0,10.58556869281257,1.0,6.3832520146356,1.0,3.49316642294181,0.0,0.988053621
pf,2023-24,50,2024-01-27,2,4.227163649920851,21.0,125.88459554225828,1.0,88.54646101699484,1.0,64.40744768282629,1.0,44.711291197228725,1.0,33.1327322035831,1.0,25.79458242771921,1.0,19.61892162904421,1.0,15.134052014761565,1.0,11.439428840744101,1.0,7.12190683047603,0.0,3.5459854840224025,0.0,1.192246685
pf,2023-24,50,2024-01-27,3,6.909572500994165,26.0,136.52044113486255,1.0,93.96861532659369,1.0,67.96116261978767,1.0,45.21131492128565,1.0,33.82905744476114,1.0,26.077225239284573,1.0,20.451557316808163,0.0,15.070438307095216,0.0,10.766597118550534,0.0,7.153806591556599,0.0,3.5609534152380142,0.0,2.9592521774000002
analogue,2023-24,50,2024-01-27,0,1.7185372941937491,18.0,51.04750000000003,1.0,37.66706730769227,1.0,31.124147727272707,1.0,20.65994318181819,1.0,14.96808510638298,1.0,11.554887587182453,1.0,8.911270236612703,1.0,7.650899550224885,1.0,5.84352760187071,1.0,3.9116978910728903,1.0,1.9991866028708127,0.0,1.8416869565
analogue,2023-24,50,2024-01-27,1,3.267198860341282,20.0,60.884338983050846,1.0,47.67999999999984,1.0,30.966923076923088,1.0,21.759562493409724,1.0,17.31611280487805,1.0,14.348321917808223,1.0,12.138728323699421,1.0,10.25821059095614,0.0,7.25922580645161,0.0,4.844150642849016,0.0,2.001254454739845,0.0,0.988053621
analogue,2023-24,50,2024-01-27,2,4.450081203779404,21.0,63.192127659574446,1.0,43.54270833333334,1.0,38.27069035513368,1.0,27.817045454545454,1.0,20.332937134702718,1.0,15.553475935828876,1.0,12.77427077758238,0.0,9.10212765957447,0.0,6.57,0.0,3.9827586206896566,0.0,2.647058823529413,0.0,1.192246685
analogue,2023-24,50,2024-01-27,3,8.129455931503585,26.0,84.427961188897,1.0,71.28947368421052,1.0,47.651688010763245,1.0,28.246194852941176,1.0,19.895093298618576,0.0,15.03495145631068,0.0,11.088958333333332,0.0,8.919217875980234,0.0,5.81588844132151,0.0,4.086511468675111,0.0,1.6106784759358277,0.0,2.9592521774000002
ens2,2023-24,50,2024-01-27,0,2.0972580944781907,18.0,61.87010121122965,1.0,46.738845708175134,1.0,37.372913531969196,1.0,26.426036421911437,1.0,19.94737950652454,1.0,15.594388573721137,1.0,12.407908577729442,1.0,9.64193493730544,1.0,7.322438802130186,1.0,4.989021167605284,1.0,2.334950832149662,1.0,1.8416869565
ens2,2023-24,50,2024-01-27,1,3.165765799880768,20.0,80.74665930630871,1.0,60.62398642252651,1.0,43.39263831926003,1.0,30.42470739149663,1.0,23.792108417200588,1.0,18.837743934878453,1.0,15.4168668768495,1.0,12.221076263522878,1.0,8.922397249632091,1.0,5.613701328742307,0.0,2.7472104388408276,0.0,0.988053621
ens2,2023-24,50,2024-01-27,2,4.167909358875295,21.0,94.53836160091636,1.0,66.04458467516409,1.0,51.339069018979984,1.0,36.26416832588709,1.0,26.732834669142918,1.0,20.674029181774046,1.0,16.19659620331329,1.0,12.118089837168018,0.0,9.00471442037205,0.0,5.552332725582843,0.0,3.096522153775908,0.0,1.192246685
ens2,2023-24,50,2024-01-27,3,7.274326213865882,26.0,110.47420116187978,1.0,82.6290445054021,1.0,57.80642531527546,1.0,36.72875488711341,1.0,26.86207537168986,1.0,20.556088347797626,0.0,15.770257825070747,0.0,11.994828091537725,0.0,8.291242779936022,0.0,5.620159030115854,0.0,2.585815945586921,0.0,2.9592521774000002
ens3,2023-24,50,2024-01-27,0,2.2910383047681493,18.0,68.34297826536859,1.0,51.35620439126817,1.0,40.45836012552343,1.0,28.54892335090394,1.0,22.002380289374315,1.0,17.14595154873483,1.0,13.732837775578375,1.0,10.649153092579898,1.0,7.925984468076159,1.0,5.354251871698331,1.0,2.4699414680965823,1.0,1.8416869565
ens3,2023-24,50,2024-01-27,1,3.385866279500584,20.0,92.19202976243832,1.0,66.7364177872217,1.0,48.41232058610529,1.0,33.96105256603644,1.0,26.148922934646677,1.0,20.640899864108498,1.0,16.36662845121173,1.0,12.858778830946108,1.0,9.367743409347732,1.0,5.90509649952428,0.0,2.95925546336243,0.0,0.988053621
ens3,2023-24,50,2024-01-27,2,4.486972808394229,21.0,107.77764582045458,1.0,74.81145613186506,1.0,56.5602762938601,1.0,38.85512665729525,1.0,28.762303253134494,1.0,22.002454341153978,1.0,17.053519549738105,1.0,12.824500704412644,0.0,9.461396982375174,0.0,5.85944740836244,0.0,3.2647236826427495,0.0,1.192246685
ens3,2023-24,50,2024-01-27,3,7.66103109784385,26.0,117.10422825329684,1.0,86.13848739015961,1.0,60.45699879677374,1.0,38.868530139895554,1.0,28.312551963719724,1.0,21.619391258504102,1.0,16.445580617988313,0.0,12.380744847297173,0.0,8.674667046644464,0.0,5.866771432273561,0.0,2.6564623633105846,0.0,2.9592521774000002
pf,2023-24,56,2024-01-27,0,5.851094720168328,39.0,125.84651102469921,1.0,90.47664089439519,1.0,71.47564294953187,1.0,50.847466372515846,1.0,39.480362896369826,1.0,30.854023536610264,1.0,24.77846265789467,1.0,18.671597463935008,1.0,14.690816629338649,0.0,8.77569777792667,0.0,3.846027439976183,0.0,0.9177739130000001
pf,2023-24,56,2024-01-27,1,6.457670976931554,33.0,160.38381247411922,1.0,109.80690002491886,1.0,80.14525058727463,1.0,54.254101764784316,1.0,40.92059593220844,1.0,32.21200145526308,1.0,24.675226810231145,1.0,19.664135257457396,1.0,13.56352544119608,0.0,8.744727023627608,0.0,3.7127011916161976,0.0,4.4261867041
pf,2023-24,56,2024-01-27,2,14.613572140492394,44.0,189.55858050133222,1.0,122.14237271064414,1.0,84.25852376786843,1.0,54.285498982508514,1.0,39.64554025263148,1.0,30.818224550873047,0.0,23.539539524999938,0.0,18.454588952129022,0.0,12.344035563286429,0.0,8.624198640369277,0.0,4.867562048879856,0.0,2.9922015828
pf,2023-24,56,2024-01-27,3,7.858149154408539,27.0,198.52069054841533,1.0,123.30656067097125,1.0,83.01372526946042,1.0,52.04652231260536,1.0,38.236277971091916,1.0,28.361025454616282,1.0,21.08234042874318,0.0,16.03889742665024,0.0,11.181278950351663,0.0,7.402568043069341,0.0,3.701284021534672,0.0,7.6471494313
analogue,2023-24,56,2024-01-27,0,4.328775390386749,39.0,97.23333333333338,1.0,71.7467948717948,1.0,59.28409090909087,1.0,39.35227272727274,1.0,28.510638297872347,1.0,22.00930968987134,1.0,16.97384806973848,1.0,14.573142000428348,1.0,11.130528765468014,0.0,7.450853125853126,0.0,3.807974481658693,0.0,0.9177739130000001
analogue,2023-24,56,2024-01-27,1,4.6931060278103685,33.0,115.97016949152543,1.0,90.81904761904732,1.0,58.98461538461541,1.0,41.44678570173281,1.0,32.98307200929152,1.0,27.330136986301383,1.0,23.121387283236995,1.0,19.53944874467836,1.0,13.82709677419355,1.0,9.226953605426697,0.0,3.8119132471235133,0.0,4.4261867041
analogue,2023-24,56,2024-01-27,2,10.53261113471074,44.0,120.36595744680847,1.0,82.93849206349208,1.0,72.89655305739748,1.0,52.98484848484849,1.0,38.729404066100415,1.0,29.62566844919786,0.0,24.331944338252157,0.0,17.337386018237083,0.0,12.514285714285712,0.0,7.586206896551726,0.0,5.042016806722689,0.0,2.9922015828
analogue,2023-24,56,2024-01-27,3,4.703842718816019,27.0,160.8151641693276,1.0,135.78947368421052,1.0,90.76512002050141,1.0,53.802275910364145,1.0,37.89541580689252,1.0,28.638002773925102,1.0,21.121825396825393,1.0,16.98898643043854,1.0,11.077882745374303,0.0,7.783831368904973,0.0,3.06795900178253,0.0,7.6471494313
ens2,2023-24,56,2024-01-27,0,5.089935055277539,39.0,111.53992217901629,1.0,81.111717883095,1.0,65.37986692931136,1.0,45.099869549894294,1.0,33.99550059712109,1.0,26.4316666132408,1.0,20.87615536381658,1.0,16.622369732181678,1.0,12.910672697403328,0.0,8.113275451889894,0.0,3.82700096081744,0.0,0.9177739130000001
ens2,2023-24,56,2024-01-27,1,5.539427773058198,33.0,138.17699098282233,1.0,100.31297382198309,1.0,69.56493298594502,1.0,47.850443733258565,1.0,36.95183397074998,1.0,29.77106922078223,1.0,23.898307046734068,1.0,19.601792001067874,1.0,13.695311107694813,0.0,8.985840314527152,0.0,3.762307219369859,0.0,4.4261867041
ens2,2023-24,56,2024-01-27,2,12.573091637601568,44.0,154.96226897407035,1.0,102.54043238706811,1.0,78.57753841263296,1.0,53.6351737336785,1.0,39.18747215936594,1.0,30.221946500035457,0.0,23.935741931626048,0.0,17.89598748518305,0.0,12.429160638786072,0.0,8.105202768460504,0.0,4.954789427801273,0.0,2.9922015828
ens2,2023-24,56,2024-01-27,3,6.0532537661052155,27.0,179.66792735887145,1.0,129.54801717759088,1.0,86.88942264498093,1.0,52.92439911148475,1.0,38.065846888992226,1.0,28.49951411427069,1.0,21.10208291278429,1.0,16.51394192854439,0.0,11.129580847862982,0.0,7.593199705987159,0.0,3.384621511658601,0.0,7.6471494313
ens3,2023-24,56,2024-01-27,0,5.4264870117674295,39.0,131.55584434688188,1.0,94.57301364043342,1.0,73.56116267073557,1.0,50.74442347821312,1.0,38.459522073004834,1.0,29.834368779964787,1.0,23.94511039769255,1.0,18.68634913556423,1.0,13.881909054975452,0.0,8.670237895107753,0.0,4.171421667032902,0.0,0.9177739130000001
ens3,2023-24,56,2024-01-27,1,6.054458363298562,33.0,183.56352806846633,1.0,124.47842839844552,1.0,85.73469972656875,1.0,56.86609293930119,1.0,42.508032815644974,1.0,33.61812487233566,1.0,26.10507941073415,1.0,21.092904149319047,1.0,14.770098364383749,0.0,9.616204397776539,0.0,4.521611142438651,0.0,4.4261867041
ens3,2023-24,56,2024-01-27,2,12.984817758933147,44.0,212.25907668069436,1.0,135.6361304148594,1.0,96.61214388901293,1.0,62.53650548470618,1.0,44.656051734268566,1.0,33.84484237725921,0.0,26.118419902707743,0.0,19.569588070477696,0.0,13.902765855869124,0.0,9.00738700983644,0.0,4.914590368797189,0.0,2.9922015828
ens3,2023-24,56,2024-01-27,3,6.934279060127097,27.0,220.49233800075987,1.0,154.00500673231147,1.0,102.47869332507238,1.0,61.27328921081515,1.0,43.20254102214132,1.0,31.95891471055261,1.0,23.40038298577294,1.0,17.89174149320722,0.0,12.27632636754399,0.0,7.912494583738971,0.0,3.8504312055855454,0.0,7.6471494313
pf,2023-24,02,2024-02-03,0,1.9141022073372693,11.0,35.87931873525322,1.0,27.357827816962182,1.0,20.772237162515022,1.0,15.107081572738199,1.0,12.547154674301359,1.0,9.679501319219385,1.0,7.039226754317942,1.0,5.880094872899315,0.0,3.992457329967226,0.0,2.9400474364496576,0.0,1.7220824612116674,0.0,2.3496956522
pf,2023-24,02,2024-02-03,1,4.232270968115939,2.0,80.25637085517167,1.0,53.261014789332414,1.0,38.676073316287884,1.0,25.48041111589703,1.0,19.35900263843877,0.0,14.748499903160077,0.0,10.959290002917484,0.0,8.820142309348972,0.0,6.466802986318155,0.0,4.004523010195174,0.0,1.9359002638438776,0.0,2.8595657335
pf,2023-24,02,2024-02-03,2,4.499016176687166,4.0,180.34078627456222,1.0,112.35891919724034,1.0,72.59625989414539,1.0,43.55775593648723,1.0,30.487959818207703,1.0,22.683656534862365,1.0,16.995466769330474,0.0,13.490973445767404,0.0,9.6071072378517,0.0,5.99776106053804,0.0,2.903850395765815,0.0,2.0888059041
pf,2023-24,02,2024-02-03,3,5.164457598647686,11.0,329.52869458715134,1.0,201.3336274397632,1.0,125.8572746834778,1.0,73.50118591124144,1.0,49.980806419644175,1.0,35.77795784042788,1.0,26.460426928046914,1.0,18.883851965922748,1.0,13.55130184690714,1.0,8.82014230934897,1.0,4.239920472833983,1.0,2.5716429069
analogue,2023-24,02,2024-02-03,0,2.826863685233423,11.0,19.343333333333334,1.0,15.42,1.0,11.415716486902927,1.0,7.487730663564489,0.0,5.711851851851849,0.0,4.355932812359652,0.0,3.4594594594594597,0.0,2.5149642424925327,0.0,1.7393939393939402,0.0,1.2560386473429936,0.0,0.5625711820534942,0.0,2.3496956522
analogue,2023-24,02,2024-02-03,1,2.1793730789501096,2.0,28.83952542372874,1.0,19.46388888888889,1.0,14.326459719142647,0.0,8.981160453823719,0.0,6.609531650405972,0.0,5.413703703703704,0.0,4.491666666666666,0.0,3.54103448275862,0.0,2.5835526315789483,0.0,1.7270136408875354,0.0,0.8718110236220475,0.0,2.8595657335
analogue,2023-24,02,2024-02-03,2,1.043620191258175,4.0,26.554333333333357,1.0,21.14999999999999,1.0,15.638209225593577,1.0,11.607519379844966,1.0,8.713748006379586,1.0,6.9294721407624635,1.0,5.32608695652174,1.0,4.002786377708979,1.0,2.8508148148148154,0.0,1.8186582284044208,0.0,0.8824472912486492,0.0,2.0888059041
analogue,2023-24,02,2024-02-03,3,3.150815807285028,11.0,43.940795523290745,1.0,27.19548611111112,1.0,21.066666666666624,1.0,13.969999999999999,1.0,10.010746531818285,1.0,7.627586206896554,0.0,5.145158481365378,0.0,3.511666666666665,0.0,3.2065647664499646,0.0,1.8707783543365455,0.0,0.9630577007418379,0.0,2.5716429069
ens2,2023-24,02,2024-02-03,0,2.1541537975030045,11.0,27.611326034293278,1.0,21.388913908481094,1.0,16.093976824708975,1.0,11.297406118151343,1.0,9.129503263076604,1.0,7.017717065789518,1.0,5.2493431068887,0.0,4.1975295576959235,0.0,2.8659256346805826,0.0,2.098043041896325,0.0,1.1423268216325813,0.0,2.3496956522
ens2,2023-24,02,2024-02-03,1,3.2037854152768976,2.0,54.547948139450206,1.0,36.36245183911065,1.0,26.501266517715266,1.0,17.230785784860373,0.0,12.98426714442237,0.0,10.08110180343189,0.0,7.725478334792076,0.0,6.180588396053796,0.0,4.525177808948552,0.0,2.865768325541355,0.0,1.403855643732963,0.0,2.8595657335
ens2,2023-24,02,2024-02-03,2,2.7364144284201073,4.0,103.44755980394778,1.0,66.75445959862017,1.0,44.11723455986948,1.0,27.5826376581661,1.0,19.600853912293644,1.0,14.806564337812414,1.0,11.160776862926108,0.0,8.74687991173819,0.0,6.228961026333257,0.0,3.9082096444712295,0.0,1.8931488435072321,0.0,2.0888059041
ens2,2023-24,02,2024-02-03,3,3.2941180019854848,11.0,186.73474505522103,1.0,114.26455677543716,1.0,73.46197067507221,1.0,43.73559295562072,1.0,29.995776475731233,1.0,21.70277202366222,1.0,15.802792704706146,1.0,11.197759316294707,1.0,8.378933306678553,1.0,5.345460331842759,1.0,2.601489086787911,0.0,2.5716429069
ens3,2023-24,02,2024-02-03,0,2.1623134910895896,11.0,30.689275903066363,1.0,23.553554478961725,1.0,18.047756848129325,1.0,12.840961485353041,1.0,10.069597740135308,1.0,7.988005740871742,1.0,5.855958053708501,0.0,4.809699145844564,0.0,3.263796399505779,0.0,2.0888590553962505,0.0,1.4057132613194874,0.0,2.3496956522
ens3,2023-24,02,2024-02-03,1,3.220085110910398,2.0,64.24813437955649,1.0,42.16631460078618,1.0,29.980755362802086,1.0,19.782367673414885,1.0,14.646001561149493,0.0,11.367873805608427,0.0,8.803397419957232,0.0,6.782536026199382,0.0,4.709336121842736,0.0,3.2293021933110158,0.0,1.5867014172715441,0.0,2.8595657335
ens3,2023-24,02,2024-02-03,2,2.8613814591560685,4.0,127.86596615795249,1.0,78.44530603333162,1.0,51.319431979376304,1.0,31.367205396976853,1.0,22.11829342474186,1.0,16.50815437559961,1.0,12.143516321674753,1.0,9.518721138023256,1.0,6.804958922547038,0.0,4.269312947666352,0.0,1.9472862172230023,0.0,2.0888059041
ens3,2023-24,02,2024-02-03,3,3.6516258181739056,11.0,223.71959024443612,1.0,134.41313203886924,1.0,84.58081993565185,1.0,49.123140186640185,1.0,32.94195711827562,1.0,23.75950739047051,1.0,17.172306620195435,1.0,12.12392446131596,1.0,8.616118026637842,1.0,5.5643952977793525,1.0,2.7301416157130003,0.0,2.5716429069
pf,2023-24,06,2024-02-03,0,43.46390465740799,464.0,842.3201123619027,1.0,661.8443809048612,1.0,528.5609147912451,1.0,395.0204707993893,1.0,311.2627205356788,1.0,246.72893014477086,1.0,197.2543637152039,1.0,152.36705171910472,1.0,111.73141285179435,0.0,72.62887929794346,0.0,35.869814730351436,0.0,36.7130675303
pf,2023-24,06,2024-02-03,1,40.60108945052986,342.0,1227.459743035791,1.0,875.5039873087095,1.0,662.2047714793614,1.0,472.67227962022093,1.0,367.24783688424753,1.0,290.38097163192265,1.0,228.39133875435363,1.0,175.20762093025553,1.0,127.60740581475022,1.0,84.45721070340232,1.0,40.74979510707249,0.0,108.3023053711
pf,2023-24,06,2024-02-03,2,49.60360066663825,302.0,1922.2311123756704,1.0,1221.120333047208,1.0,840.5438057954417,1.0,557.6164884929453,1.0,417.5100199631842,1.0,322.5781124980143,1.0,251.40563533652278,1.0,190.28373218154985,1.0,136.08785517808235,1.0,89.20199782157101,0.0,42.86792882864421,0.0,127.9785804883
pf,2023-24,06,2024-02-03,3,57.71428404814663,266.0,3055.5388625691203,1.0,1689.8301546991102,1.0,1083.577551509131,1.0,659.320833170218,1.0,471.95001448220404,1.0,358.7908989716398,1.0,270.2940493297551,1.0,202.12793123398538,1.0,145.1904858159613,1.0,95.67059941404474,0.0,45.78579901126503,0.0,145.6839081439
analogue,2023-24,06,2024-02-03,0,42.64613664031118,464.0,1428.6433333333334,1.0,1138.8771428571429,1.0,843.1322033898305,1.0,553.0223932946916,1.0,421.861058201058,1.0,321.71675199856287,1.0,255.50579150579142,1.0,185.74807333837708,1.0,128.4666666666667,1.0,92.767425810904,1.0,41.54990016023663,1.0,36.7130675303
analogue,2023-24,06,2024-02-03,1,62.94119007768244,342.0,2130.0049491525374,1.0,1437.5472222222222,1.0,1058.1113821138213,1.0,663.3228506609803,1.0,488.1611233228411,1.0,399.8406878306879,1.0,331.7416666666667,1.0,261.5306896551724,1.0,190.81381578947372,1.0,127.55229319126516,0.0,64.38947131608546,0.0,108.3023053711
analogue,2023-24,06,2024-02-03,2,75.07880555435379,302.0,1961.2271904761922,1.0,1562.078571428571,1.0,1154.9934528045542,1.0,857.298217054264,1.0,643.5725313283208,1.0,511.7910138248848,1.0,393.36956521739137,1.0,295.63436532507745,1.0,210.5530370370371,0.0,134.32090058358364,0.0,65.1750356536503,0.0,127.9785804883
analogue,2023-24,06,2024-02-03,3,86.09394575223709,266.0,3245.341612220188,1.0,2008.5809027777784,1.0,1555.923809523806,1.0,1031.7842857142855,1.0,739.3651367071504,1.0,563.3517241379313,1.0,380.0067049808429,1.0,259.36166666666657,1.0,236.827712036376,0.0,138.17034417028486,0.0,71.12869018336147,0.0,145.6839081439
ens2,2023-24,06,2024-02-03,0,40.67912278024512,464.0,1135.4817228476181,1.0,900.360761881002,1.0,685.8465590905378,1.0,474.0214320470404,1.0,366.56188936836844,1.0,284.22284107166683,1.0,226.38007761049766,1.0,169.05756252874096,1.0,120.09903975923055,1.0,82.69815255442376,1.0,38.70985744529406,0.0,36.7130675303
ens2,2023-24,06,2024-02-03,1,47.375381134256436,342.0,1678.7323460941643,1.0,1156.525604765466,1.0,860.1580767965913,1.0,567.9975651406007,1.0,427.70448010354437,1.0,345.11082973130533,1.0,280.0665027105101,1.0,218.3691552927139,1.0,159.21061080211194,1.0,106.00475194733372,1.0,52.569633211579,1.0,108.3023053711
ens2,2023-24,06,2024-02-03,2,54.27370602695023,302.0,1941.7291514259314,1.0,1391.5994522378896,1.0,997.768629299998,1.0,707.4573527736047,1.0,530.5412756457525,1.0,417.1845631614496,1.0,322.3876002769571,1.0,242.95904875331362,1.0,173.32044610755972,1.0,111.7614492025773,1.0,54.02148224114728,1.0,127.9785804883
ens2,2023-24,06,2024-02-03,3,61.58466549252275,266.0,3150.4402373946536,1.0,1849.2055287384442,1.0,1319.7506805164687,1.0,845.5525594422518,1.0,605.6575755946773,1.0,461.07131155478555,1.0,325.150377155299,1.0,230.74479895032601,1.0,191.00909892616863,1.0,116.92047179216479,1.0,58.45724459731326,1.0,145.6839081439
ens3,2023-24,06,2024-02-03,0,42.396833672654495,464.0,1008.6091418110858,1.0,799.8290741111526,1.0,619.7507037440037,1.0,438.0080833835592,1.0,341.6283892307847,1.0,267.0721113998951,1.0,212.8320008006496,1.0,160.58157607359453,1.0,115.21563332815504,0.0,78.56517291761679,0.0,37.33964830755406,0.0,36.7130675303
ens3,2023-24,06,2024-02-03,1,41.96699958692367,342.0,1423.5472066411216,1.0,996.4389623664414,1.0,747.2699777860116,1.0,506.2143232546097,1.0,383.750494764089,1.0,308.6478217281968,1.0,249.15661637692043,1.0,193.6118336322837,1.0,141.24026566900005,1.0,93.39853664384344,1.0,46.30797748858555,1.0,108.3023053711
ens3,2023-24,06,2024-02-03,2,48.15787261298865,302.0,1645.5817882172107,1.0,1173.5770229502737,1.0,846.6283337726882,1.0,596.633348599996,1.0,448.70794379505554,1.0,352.4303012835702,1.0,273.1068378919377,1.0,206.56062634122932,1.0,148.0602706493156,1.0,95.33702943697827,1.0,46.19320760937637,0.0,127.9785804883
ens3,2023-24,06,2024-02-03,3,52.643707552588396,266.0,2524.0517929720995,1.0,1496.213251705779,1.0,1061.940625471765,1.0,684.5329597496756,1.0,491.7195467928032,1.0,375.12454207499695,1.0,269.8008219080107,1.0,193.84308299737523,1.0,156.60991340990347,1.0,96.88681965016664,1.0,48.3731194107167,0.0,145.6839081439
pf,2023-24,36,2024-02-03,0,83.77792326206432,765.0,1549.9413626662895,1.0,1213.8824376316607,1.0,963.303185992333,1.0,702.8576826727902,1.0,559.1805863026634,1.0,443.79619790356486,1.0,354.63767204161803,1.0,270.8242744137805,1.0,195.61703148550532,0.0,128.1622960039134,0.0,65.44503496068955,0.0,35.3331429221
pf,2023-24,36,2024-02-03,1,125.452572255356,780.0,2548.677039040931,1.0,1812.1485784694733,1.0,1362.575307522597,1.0,966.0734256967492,1.0,735.1524314152016,1.0,578.6924420291185,1.0,457.520627856835,1.0,352.95116733727184,0.0,256.1214983067889,0.0,166.64892763678222,0.0,81.90027087384209,0.0,43.5750052231
pf,2023-24,36,2024-02-03,2,157.96974797941783,782.0,3986.694139198901,1.0,2632.823443778923,1.0,1872.6135921473272,1.0,1237.4477129401646,1.0,932.8371381228479,1.0,716.4858404363445,1.0,555.3548290353122,1.0,421.80765116357384,0.0,303.6903512488037,0.0,198.28222977773925,0.0,97.50032246885962,0.0,47.1147050457
pf,2023-24,36,2024-02-03,3,179.51488106888328,764.0,5295.262013348257,1.0,3563.6381037502915,1.0,2415.4120109485916,1.0,1530.993225080017,1.0,1115.4036890437542,1.0,843.6249323342925,1.0,648.0517323344451,1.0,484.2670032419215,0.0,346.7158954790955,0.0,226.24585253911175,0.0,112.38989680981803,0.0,45.7765311122
analogue,2023-24,36,2024-02-03,0,85.54925790728298,765.0,1964.73,1.0,1566.2314285714285,1.0,1159.5106317411403,1.0,760.5395002563359,1.0,580.1609523809522,1.0,442.43831851253043,1.0,351.38223938223933,1.0,255.44851091602726,0.0,176.67272727272734,0.0,127.57763975155262,0.0,57.141158634290605,0.0,35.3331429221
analogue,2023-24,36,2024-02-03,1,118.12544993135191,780.0,2929.2717966101623,1.0,1976.975,1.0,1455.158980044346,1.0,912.2292975240948,1.0,671.3395719198065,1.0,549.8776190476191,1.0,456.2249999999999,1.0,359.6679310344827,0.0,262.41513157894747,0.0,175.41524266729118,0.0,88.55109111361082,0.0,43.5750052231
analogue,2023-24,36,2024-02-03,2,137.4503535877272,782.0,2697.161571428574,1.0,2148.235714285713,1.0,1588.395251342433,1.0,1178.992325581396,1.0,885.067833219412,1.0,703.8363845831589,1.0,540.9782608695652,1.0,406.56873065015486,1.0,289.5613333333334,0.0,184.72371434222038,0.0,89.63143201111285,0.0,47.1147050457
analogue,2023-24,36,2024-02-03,3,152.50145244248773,764.0,4463.129373865674,1.0,2762.2843750000006,1.0,2139.771428571424,1.0,1418.952857142857,1.0,1016.8058263032573,1.0,774.7448275862073,1.0,522.6010971786833,1.0,356.68499999999983,0.0,325.6953641351321,0.0,190.01762999046917,0.0,97.81914646106378,0.0,45.7765311122
ens2,2023-24,36,2024-02-03,0,84.47761039861702,765.0,1757.3356813331445,1.0,1390.0569331015447,1.0,1061.4069088667366,1.0,731.6985914645633,1.0,569.6707693418077,1.0,443.1172582080476,1.0,353.0099557119287,1.0,263.13639266490384,0.0,186.14487937911633,0.0,127.86996787773296,0.0,61.29309679749008,0.0,35.3331429221
ens2,2023-24,36,2024-02-03,1,121.78901109335393,780.0,2738.9744178255464,1.0,1894.5617892347366,1.0,1408.8671437834714,1.0,939.151361610422,1.0,703.2460016675041,1.0,564.2850305383688,1.0,456.8728139284174,1.0,356.30954918587736,0.0,259.2683149428682,0.0,171.03208515203676,0.0,85.22568099372643,0.0,43.5750052231
ens2,2023-24,36,2024-02-03,2,147.70570295748553,782.0,3341.9278553137374,1.0,2390.529579032318,1.0,1730.5044217448801,1.0,1208.2200192607802,1.0,908.9524856711299,1.0,710.1611125097517,1.0,548.1665449524387,1.0,414.18819090686435,0.0,296.62584229106847,0.0,191.5029720599798,0.0,93.56587723998632,0.0,47.1147050457
ens2,2023-24,36,2024-02-03,3,166.00816675568552,764.0,4879.1956936069655,1.0,3162.9612393751463,1.0,2277.591719760008,1.0,1474.973041111437,1.0,1066.1047576735057,1.0,809.1848799602499,1.0,585.3264147565642,1.0,420.4760016209606,0.0,336.2056298071137,0.0,208.13174126479043,0.0,105.1045216354409,0.0,45.7765311122
ens3,2023-24,36,2024-02-03,0,87.33835732028194,765.0,1644.131840930383,1.0,1294.0314155754857,1.0,998.2609579979428,1.0,702.3352145810927,1.0,548.796296723277,1.0,429.6395745709717,1.0,341.8210594677614,1.0,257.9270420146774,0.0,184.43847756471348,0.0,124.95714980187518,0.0,60.5532238126782,0.0,35.3331429221
ens3,2023-24,36,2024-02-03,1,128.76757672219136,780.0,2526.041553520303,1.0,1766.0019534067621,1.0,1312.521095700466,1.0,887.5334750837166,1.0,672.0204334915277,1.0,537.0011544872268,1.0,431.3547515281257,1.0,335.03450960937187,0.0,244.042951970177,0.0,160.2956144117503,0.0,79.35167320646485,0.0,43.5750052231
ens3,2023-24,36,2024-02-03,2,159.23343239230095,782.0,3211.33090696003,1.0,2243.2464724236474,1.0,1608.9949798874466,1.0,1111.386006715799,1.0,833.065223639001,1.0,649.8027353206718,1.0,502.4773027807523,1.0,379.88737928090603,0.0,272.7353161014517,0.0,176.24017426649777,0.0,86.66301460657974,0.0,47.1147050457
ens3,2023-24,36,2024-02-03,3,180.1529343384671,764.0,4496.593771965834,1.0,2881.0500623608455,1.0,2044.9994072339894,1.0,1317.5772274901358,1.0,952.1896314994407,1.0,721.8942597369827,1.0,529.8513675640286,1.0,386.770806032429,0.0,300.1822238768579,0.0,188.13723869670264,0.0,94.04866669977753,0.0,45.7765311122
pf,2023-24,42,2024-02-03,0,38.01536268967764,425.0,1055.9095142985038,1.0,811.643249002577,1.0,631.831004597371,1.0,465.14782592907534,1.0,363.7719453155018,1.0,289.4037167613305,1.0,229.67014371891503,1.0,176.6515072693744,1.0,129.44315980711724,1.0,84.44131503273951,1.0,42.40965792197528,1.0,12.8598798955
pf,2023-24,42,2024-02-03,1,72.1196380275841,493.0,2126.9151611877455,1.0,1466.542691087733,1.0,1081.7929879292685,1.0,731.9832725499522,1.0,550.0702838124877,1.0,423.52126788992365,1.0,329.0539128639208,1.0,251.7319548359671,1.0,181.63988298329747,0.0,118.27259665982547,0.0,56.919471610998244,0.0,31.664221953
pf,2023-24,42,2024-02-03,2,96.13395001090217,493.0,3723.7236228942193,1.0,2435.5373850563965,1.0,1672.264917061145,1.0,1053.3877642637021,1.0,756.9449651599562,1.0,567.5995763921076,1.0,434.4166723821887,1.0,325.2013991463821,1.0,232.44353146163968,1.0,148.7783357400433,0.0,71.28694493753358,0.0,33.4782093294
pf,2023-24,42,2024-02-03,3,134.3521246055072,540.0,5493.5705924432805,1.0,3561.843305459116,1.0,2385.219628202105,1.0,1436.7407406901661,1.0,984.756746588977,1.0,722.0035178781143,1.0,536.0039687353808,1.0,395.37666586968226,1.0,280.14679940928784,0.0,179.81333872303253,0.0,89.14362191364017,0.0,57.474703313
analogue,2023-24,42,2024-02-03,0,39.392401233726,425.0,1224.1566666666668,1.0,975.8657142857143,1.0,722.4517719568566,1.0,473.86638342272414,1.0,361.4786243386242,1.0,275.66831941076083,1.0,218.93436293436292,1.0,159.16130848917032,1.0,110.07878787878792,1.0,79.48930296756373,1.0,35.60271909281397,0.0,12.8598798955
analogue,2023-24,42,2024-02-03,1,76.34239646245611,493.0,1825.1299661016906,1.0,1231.786111111111,1.0,906.6602365114561,1.0,568.3791544348439,1.0,418.2889315899779,1.0,342.61010582010584,1.0,284.2583333333333,1.0,224.09689655172414,0.0,163.50197368421055,0.0,109.29529184473978,0.0,55.17318335208097,0.0,31.664221953
analogue,2023-24,42,2024-02-03,2,87.89005397819069,493.0,1680.5099523809538,1.0,1338.4928571428568,1.0,989.6752409911363,1.0,734.59015503876,1.0,551.4557666894509,1.0,438.5365940511102,1.0,337.0652173913044,1.0,253.31919504643966,0.0,180.41585185185187,0.0,115.09508502616546,0.0,55.84630714616452,0.0,33.4782093294
analogue,2023-24,42,2024-02-03,3,121.57455676855585,540.0,2780.824630973971,1.0,1721.0857638888895,1.0,1333.2190476190449,1.0,884.1014285714285,1.0,633.5372447993572,1.0,482.7172413793105,1.0,325.6150296064088,0.0,222.23833333333323,0.0,202.92974164819063,0.0,118.39354442444136,0.0,60.94779448980489,0.0,57.474703313
ens2,2023-24,42,2024-02-03,0,38.36075680086653,425.0,1140.033090482585,1.0,893.7544816441456,1.0,677.141388277114,1.0,469.5071046758997,1.0,362.62528482706296,1.0,282.5360180860457,1.0,224.302253326639,1.0,167.90640787927236,1.0,119.76097384295258,1.0,81.96530900015159,1.0,39.006188507394654,0.0,12.8598798955
ens2,2023-24,42,2024-02-03,1,73.37658446141192,493.0,1976.022563644718,1.0,1349.164401099422,1.0,994.2266122203623,1.0,650.181213492398,1.0,484.17960770123284,1.0,383.06568685501475,1.0,306.65612309862706,1.0,237.91442569384566,1.0,172.57092833375395,0.0,113.78394425228265,0.0,56.046327481539606,0.0,31.664221953
ens2,2023-24,42,2024-02-03,2,91.57393197678154,493.0,2702.1167876375866,1.0,1887.0151210996266,1.0,1330.9700790261409,1.0,893.9889596512312,1.0,654.2003659247036,1.0,503.06808522160884,1.0,385.7409448867466,1.0,289.2602970964109,1.0,206.42969165674577,0.0,131.9367103831044,0.0,63.56662604184908,0.0,33.4782093294
ens2,2023-24,42,2024-02-03,3,124.74743759340558,540.0,4137.197611708626,1.0,2641.4645346740026,1.0,1859.219337910575,1.0,1160.4210846307974,1.0,809.1469956941671,1.0,602.3603796287124,1.0,430.8094991708948,1.0,308.8074996015077,0.0,241.5382705287392,0.0,149.10344157373697,0.0,75.0457082017225,0.0,57.474703313
ens3,2023-24,42,2024-02-03,0,37.77494554942981,425.0,1060.3983041281685,1.0,831.6586466146507,1.0,639.7251325543892,1.0,452.1437903563228,1.0,351.28872363754033,1.0,275.5969279472329,1.0,218.67755952588163,1.0,164.63727070523356,1.0,118.62737277627235,1.0,80.1691925613456,1.0,38.553329151950436,0.0,12.8598798955
ens3,2023-24,42,2024-02-03,1,75.55467946039597,493.0,1814.910014872888,1.0,1257.4811421836991,1.0,932.3461487187824,1.0,620.188445830338,1.0,465.78361952070685,1.0,367.45439702945237,1.0,292.87841109015733,1.0,226.39638358500008,0.0,164.30101079842524,0.0,107.85290843040576,0.0,52.84365878350485,0.0,31.664221953
ens3,2023-24,42,2024-02-03,2,95.28823453878431,493.0,2563.2126121382767,1.0,1763.4364663971285,1.0,1242.515433752304,1.0,828.2317919348029,1.0,608.0691295157075,1.0,467.4939478933885,1.0,359.03752950401906,1.0,270.1361902333008,0.0,193.41777750025278,0.0,123.80869178822087,0.0,60.05735883632042,0.0,33.4782093294
ens3,2023-24,42,2024-02-03,3,133.73980030761714,540.0,3812.2441500663003,1.0,2433.279968233469,1.0,1675.8000089594416,1.0,1044.2733478208625,1.0,728.5597810927242,1.0,543.0104515531771,1.0,394.6494366532733,1.0,286.20854920970675,0.0,218.47985450562308,0.0,136.77874663131024,0.0,68.79250526450676,0.0,57.474703313
pf,2023-24,50,2024-02-03,0,3.6729960406589304,20.0,52.01990814750791,1.0,40.49487945083444,1.0,31.688425083786345,1.0,22.887960551536096,1.0,18.12128864141836,1.0,14.638049911889006,1.0,11.452421235374864,0.0,8.809554796442205,0.0,6.790616973186079,0.0,3.6996824044495096,0.0,1.9409103014813383,0.0,2.5425652174
pf,2023-24,50,2024-02-03,1,5.274495402163366,21.0,71.1290754968603,1.0,51.09541781936479,1.0,38.13976553895025,1.0,26.022832498851326,1.0,19.95083824911935,1.0,15.613699499310794,0.0,12.143988499463951,0.0,8.917776633902282,0.0,6.288437924652131,0.0,4.401530875295402,0.0,1.7690533097249812,0.0,2.9777384414
pf,2023-24,50,2024-02-03,2,9.251194977873734,26.0,91.61936988299894,1.0,60.79945582513372,1.0,44.01530875295403,1.0,29.072829437429554,1.0,21.64705847375066,0.0,16.429613548883026,0.0,12.401015363431634,0.0,9.541705249578818,0.0,6.261382465287111,0.0,4.337138749808553,0.0,1.8836605264310275,0.0,6.1676654598
pf,2023-24,50,2024-02-03,3,12.802746490710186,30.0,107.39735335720783,1.0,71.12907549686028,1.0,49.33350686007635,1.0,31.214520573524222,1.0,22.02518560027579,0.0,16.481127249272504,0.0,12.970833060378133,0.0,9.683367925649886,0.0,6.9394219996936854,0.0,4.337138749808553,0.0,1.8566050670660088,0.0,8.6669785149
analogue,2023-24,50,2024-02-03,0,3.2025081026841224,20.0,44.21333333333333,1.0,35.245714285714286,1.0,26.09306625577812,1.0,17.11481294529026,1.0,13.05566137566137,1.0,9.956417856822062,0.0,7.907335907335906,0.0,5.748489697125789,0.0,3.9757575757575765,0.0,2.8709454796411293,0.0,1.285876987550843,0.0,2.5425652174
analogue,2023-24,50,2024-02-03,1,4.331802456719716,21.0,65.91891525423712,1.0,44.48888888888889,1.0,32.74619364375462,1.0,20.52836675159707,1.0,15.107500915213649,1.0,12.374179894179896,0.0,10.266666666666666,0.0,8.093793103448276,0.0,5.905263157894739,0.0,3.947459750600082,0.0,1.9927109111361077,0.0,2.9777384414
analogue,2023-24,50,2024-02-03,2,7.178297586182071,26.0,60.695619047619104,1.0,48.34285714285713,1.0,35.74447822992818,1.0,26.531472868217065,1.0,19.917138300296195,1.0,15.838793464599918,0.0,12.173913043478262,0.0,9.149226006191952,0.0,6.516148148148149,0.0,4.156933093495818,0.0,2.017022379996913,0.0,6.1676654598
analogue,2023-24,50,2024-02-03,3,10.081128577376726,30.0,100.436104053236,1.0,62.16111111111113,1.0,48.152380952380845,1.0,31.93142857142857,1.0,22.881706358441793,0.0,17.434482758620696,0.0,11.760362243120863,0.0,8.026666666666664,0.0,7.329290894742776,0.0,4.2760648099121035,0.0,2.201274744552773,0.0,8.6669785149
ens2,2023-24,50,2024-02-03,0,3.4184658915333554,20.0,48.11662074042062,1.0,37.87029686827436,1.0,28.890745669782234,1.0,20.00138674841318,1.0,15.588475008539863,1.0,12.297233884355535,1.0,9.679878571355385,0.0,7.279022246783999,0.0,5.383187274471828,0.0,3.2853139420453186,0.0,1.6133936445160906,0.0,2.5425652174
ens2,2023-24,50,2024-02-03,1,4.803148929441541,21.0,68.5239953755487,1.0,47.79215335412684,1.0,35.44297959135244,1.0,23.275599625224196,1.0,17.5291695821665,1.0,13.993939696745347,0.0,11.20532758306531,0.0,8.50578486867528,0.0,6.096850541273435,0.0,4.174495312947743,0.0,1.8808821104305444,0.0,2.9777384414
ens2,2023-24,50,2024-02-03,2,8.201800875032152,26.0,76.15749446530901,1.0,54.57115648399542,1.0,39.879893491441095,1.0,27.802151152823313,1.0,20.782098387023428,0.0,16.13420350674147,0.0,12.287464203454949,0.0,9.345465627885385,0.0,6.388765306717629,0.0,4.247035921652186,0.0,1.9503414532139711,0.0,6.1676654598
ens2,2023-24,50,2024-02-03,3,11.441937534043456,30.0,103.91672870522191,1.0,66.6450933039857,1.0,48.7429439062286,1.0,31.572974572476394,1.0,22.453445979358793,0.0,16.9578050039466,0.0,12.365597651749496,0.0,8.855017296158273,0.0,7.134356447218231,0.0,4.30660177986033,0.0,2.0289399058093913,0.0,8.6669785149
ens3,2023-24,50,2024-02-03,0,3.6408787862288627,20.0,50.311998606003584,1.0,38.905304366777806,1.0,29.710167333024497,1.0,21.009165874087856,1.0,16.528773904935868,1.0,13.103505588003094,1.0,10.189011365114155,0.0,7.658524467691132,0.0,5.722848204263981,0.0,3.4466393218704336,0.0,1.7125288618981287,0.0,2.5425652174
ens3,2023-24,50,2024-02-03,1,5.217935149758437,21.0,69.96277968273064,1.0,48.55337364848608,1.0,35.990425504884186,1.0,23.867371957442682,1.0,18.204913862652504,1.0,14.541824863764193,0.0,11.488230337269568,0.0,8.733548060760553,0.0,6.228111922893742,0.0,4.049279974290691,0.0,1.8876884952802797,0.0,2.9777384414
ens3,2023-24,50,2024-02-03,2,9.052904687728782,26.0,78.89896714873012,1.0,55.54359720553648,1.0,40.1860207176232,1.0,27.445986845815437,1.0,20.30894033497336,0.0,15.722841048589428,0.0,11.920695567051844,0.0,9.018949400110053,0.0,6.12231692651124,0.0,4.352694268253993,0.0,1.921065807654534,0.0,6.1676654598
ens3,2023-24,50,2024-02-03,3,12.48585111307008,30.0,102.1635460051231,1.0,65.53856005672803,1.0,46.63308505844078,1.0,29.961603726021146,1.0,21.150520830176678,0.0,15.94002972502511,0.0,11.647057232872577,0.0,8.663282351285776,0.0,6.610704684660065,0.0,3.814628488825595,0.0,1.9734647760514825,0.0,8.6669785149
pf,2023-24,56,2024-02-03,0,4.477140375293409,33.0,130.88745281099065,1.0,99.6132183878027,1.0,77.49242567277776,1.0,56.20192183653448,1.0,43.65539126052202,1.0,34.46478257409633,1.0,27.348985976706658,1.0,20.678869544457797,1.0,14.934739115441744,1.0,10.122715904959385,1.0,5.170900998443372,1.0,4.7812173913
pf,2023-24,56,2024-02-03,1,8.927421179444222,44.0,176.87830846571305,1.0,127.67551804190505,1.0,94.20373903586332,1.0,65.56890880929024,1.0,49.17904883162551,1.0,37.797655016334815,1.0,29.44795617323964,1.0,22.159045924510192,0.0,16.39222720232256,0.0,10.537860344350218,0.0,5.545320252466546,0.0,2.6372636326
pf,2023-24,56,2024-02-03,2,5.624705469318941,27.0,202.71078363807212,1.0,142.47006815929925,1.0,103.32820586491523,1.0,70.03105547767456,1.0,51.03117248981867,1.0,39.80969463421192,1.0,29.774806718240868,1.0,23.027483261552522,1.0,16.216105318944628,1.0,10.424639133607258,1.0,4.897355773336788,0.0,7.8800910699
pf,2023-24,56,2024-02-03,3,5.930808003474266,25.0,202.19847035521877,1.0,141.69772524872192,1.0,101.09669555068258,1.0,67.18100774991346,1.0,49.31133254637305,1.0,36.762434745702755,1.0,28.65438208623044,1.0,21.651317343930952,1.0,15.152483594519778,1.0,10.286257653810317,0.0,4.633172948269893,0.0,8.7722181561
analogue,2023-24,56,2024-02-03,0,3.433749827040902,33.0,110.53333333333333,1.0,88.11428571428571,1.0,65.2326656394453,1.0,42.787032363225656,1.0,32.63915343915342,1.0,24.891044642055157,1.0,19.76833976833976,1.0,14.371224242814474,1.0,9.939393939393941,1.0,7.177363699102827,1.0,3.2146924688771037,0.0,4.7812173913
analogue,2023-24,56,2024-02-03,1,6.691824982378999,44.0,164.79728813559282,1.0,111.22222222222223,1.0,81.86548410938656,1.0,51.32091687899268,1.0,37.76875228803412,1.0,30.935449735449737,1.0,25.666666666666664,1.0,20.234482758620693,0.0,14.763157894736846,0.0,9.868649376500205,0.0,4.981777277840269,0.0,2.6372636326
analogue,2023-24,56,2024-02-03,2,5.110790804871209,27.0,151.73904761904777,1.0,120.8571428571428,1.0,89.36119557482043,1.0,66.32868217054266,1.0,49.79284575074048,1.0,39.5969836614998,1.0,30.434782608695656,1.0,22.873065015479877,1.0,16.290370370370372,1.0,10.392332733739547,1.0,5.0425559499922805,0.0,7.8800910699
analogue,2023-24,56,2024-02-03,3,5.737754921366697,25.0,251.09026013308997,1.0,155.40277777777783,1.0,120.38095238095212,1.0,79.82857142857142,1.0,57.20426589610449,1.0,43.586206896551744,1.0,29.40090560780215,1.0,20.066666666666663,1.0,18.323227236856937,1.0,10.69016202478026,1.0,5.503186861381931,0.0,8.7722181561
ens2,2023-24,56,2024-02-03,0,3.9270327226704107,33.0,120.71039307216198,1.0,93.86375205104422,1.0,71.36254565611154,1.0,49.494477099880065,1.0,38.14727234983772,1.0,29.677913608075748,1.0,23.558662872523215,1.0,17.525046893636137,1.0,12.43706652741784,1.0,8.650039802031106,1.0,4.192796733660234,1.0,4.7812173913
ens2,2023-24,56,2024-02-03,1,7.809623080911612,44.0,170.8377983006529,1.0,119.44887013206363,1.0,88.03461157262494,1.0,58.444912844141456,1.0,43.473900559829815,1.0,34.36655237589228,1.0,27.55731141995315,1.0,21.19676434156544,0.0,15.577692548529704,0.0,10.203254860425215,0.0,5.263548765153402,0.0,2.6372636326
ens2,2023-24,56,2024-02-03,2,5.1730542497936565,27.0,177.22491562855996,1.0,131.663605508221,1.0,96.34470071986783,1.0,68.17986882410861,1.0,50.41200912027958,1.0,39.70333914785586,1.0,30.104794663468258,1.0,22.9502741385162,1.0,16.2532378446575,1.0,10.408485933673404,1.0,4.9699558616645305,1.0,7.8800910699
ens2,2023-24,56,2024-02-03,3,5.386416255416365,25.0,226.64436524415436,1.0,148.5502515132499,1.0,110.73882396581736,1.0,73.50478958924245,1.0,53.25779922123877,1.0,40.17432082112725,1.0,29.027643847016293,1.0,20.858992005298806,1.0,16.737855415688358,1.0,10.48820983929529,1.0,5.068179904825911,1.0,8.7722181561
ens3,2023-24,56,2024-02-03,0,4.53131000846522,33.0,140.43820841613032,1.0,107.899687831195,1.0,82.26576796471038,1.0,57.28247344993443,1.0,43.77741563818255,1.0,34.22738067991551,1.0,27.17648350226084,1.0,20.35979587334525,1.0,14.534977718020336,1.0,9.832762149893128,1.0,4.753029115783711,1.0,4.7812173913
ens3,2023-24,56,2024-02-03,1,8.234675494629643,44.0,208.62253560850752,1.0,147.02568484094718,1.0,107.34936301630873,1.0,71.2584968849968,1.0,52.6894491009505,1.0,40.91803321697248,1.0,32.02023242042852,1.0,24.452274926715482,1.0,17.63472698758131,0.0,11.357175030282413,0.0,5.683912096670728,0.0,2.6372636326
ens3,2023-24,56,2024-02-03,2,5.995527696558476,27.0,229.95564002974373,1.0,164.90511720351572,1.0,118.45521760371956,1.0,79.84113451105398,1.0,58.20283600556865,1.0,44.910203154899136,1.0,34.099244563881214,1.0,25.783554609462655,1.0,18.323614646761087,1.0,11.50774868918673,1.0,5.63599170985443,1.0,7.8800910699
ens3,2023-24,56,2024-02-03,3,6.124529744124652,25.0,258.028276160624,1.0,171.46735582953954,1.0,125.0856370833371,1.0,81.31320792295426,1.0,58.66813645162515,1.0,43.914303184787954,1.0,32.34723469502806,1.0,23.361557759473804,1.0,18.189444925747352,1.0,11.416964786762488,1.0,5.625223428314101,0.0,8.7722181561
pf,2023-24,02,2024-02-10,0,7.264499362995818,2.0,55.9002986219198,0.0,41.17806925107179,0.0,32.696401080745545,0.0,24.254716171836563,0.0,18.980322297327838,0.0,14.777047774678604,0.0,11.616783913000456,0.0,8.455544809455484,0.0,7.373653898641972,0.0,4.223070199771005,0.0,2.1115350998855007,0.0,5.9831391304
pf,2023-24,02,2024-02-10,1,7.594895338630141,4.0,138.1678818345685,1.0,91.75930595525087,1.0,64.38570816109964,1.0,43.243627235824746,0.0,32.69171629893081,0.0,25.30787719340624,0.0,19.00381589896952,0.0,14.780745699198519,0.0,10.547226155079208,0.0,6.337774949245002,0.0,4.205306314378888,0.0,4.0589221445
pf,2023-24,02,2024-02-10,2,6.948155650128848,11.0,284.77510618713865,1.0,184.5754127794513,1.0,124.58057089324465,1.0,74.96055259579816,1.0,53.79085339090396,1.0,41.12871642602505,1.0,30.586955849729705,1.0,23.218433699837874,1.0,16.866192284497263,0.0,10.565965282338146,0.0,5.273613077539604,0.0,1.7580616365000001
pf,2023-24,02,2024-02-10,3,13.379359208590396,5.0,438.76460805129506,1.0,290.3609054085187,1.0,195.12368386896534,1.0,119.18052074909055,1.0,83.38476958568641,0.0,61.23636685893953,0.0,46.407795082348514,0.0,33.78469796592573,0.0,24.248469796083583,0.0,15.82858912517003,0.0,7.395127323982003,0.0,3.4529997905
analogue,2023-24,02,2024-02-10,0,5.815419377348384,2.0,30.559415204678363,0.0,24.294285714285703,0.0,17.627123287671232,0.0,12.833333333333336,0.0,9.65964884328596,0.0,7.440401076057716,0.0,5.524014778325123,0.0,4.2474060150375905,0.0,3.013669772256728,0.0,1.8649395791228631,0.0,1.0741046015180267,0.0,5.9831391304
analogue,2023-24,02,2024-02-10,1,3.735262196082374,4.0,48.92799999999997,1.0,31.87982336956519,1.0,25.45669895076672,1.0,17.16275,0.0,11.646367521367516,0.0,8.866830870279149,0.0,6.9987922705314,0.0,5.317106709080394,0.0,3.72719298245614,0.0,2.4663532177490453,0.0,1.5714285714285712,0.0,4.0589221445
analogue,2023-24,02,2024-02-10,2,1.6665417496844672,11.0,56.63634751773043,1.0,39.46249999999996,1.0,30.633043699186977,1.0,19.852380952380955,1.0,16.54639059427791,1.0,12.550789577518305,1.0,9.97537037037037,1.0,7.23968271275146,1.0,5.0110209627329185,1.0,3.2249999999999996,1.0,1.9039730134932533,1.0,1.7580616365000001
analogue,2023-24,02,2024-02-10,3,3.151835922338003,5.0,79.52590196078427,1.0,52.47965444516538,1.0,40.9625,1.0,26.16748338870433,1.0,19.322490421455935,1.0,14.596825396825402,0.0,11.253174603174603,0.0,8.005059523809487,0.0,5.26559523809524,0.0,3.032021276595744,0.0,2.253487573129398,0.0,3.4529997905
ens2,2023-24,02,2024-02-10,0,6.539959370172101,2.0,43.22985691329908,0.0,32.73617748267875,0.0,25.161762184208385,0.0,18.544024752584953,0.0,14.319985570306901,0.0,11.10872442536816,0.0,8.57039934566279,0.0,6.351475412246538,0.0,5.193661835449349,0.0,3.044004889446933,0.0,1.5928198507017637,0.0,5.9831391304
ens2,2023-24,02,2024-02-10,1,5.665078767356256,4.0,93.54794091728424,1.0,61.81956466240803,1.0,44.921203555933175,1.0,30.203188617912375,0.0,22.16904191014916,0.0,17.087354031842693,0.0,13.001304084750462,0.0,10.048926204139455,0.0,7.137209568767673,0.0,4.402064083497024,0.0,2.8883674429037303,0.0,4.0589221445
ens2,2023-24,02,2024-02-10,2,3.9858781135141674,11.0,170.70572685243454,1.0,112.01895638972564,1.0,77.6068072962158,1.0,47.40646677408956,1.0,35.168621992590936,1.0,26.839753001771676,1.0,20.281163110050038,1.0,15.229058206294667,1.0,10.938606623615092,1.0,6.895482641169075,0.0,3.5887930455164287,0.0,1.7580616365000001
ens2,2023-24,02,2024-02-10,3,8.260766647589803,5.0,259.14525500603963,1.0,171.42027992684203,1.0,118.04309193448267,1.0,72.67400206889744,1.0,51.353630003571176,0.0,37.916596127882464,0.0,28.830484842761557,0.0,20.894878744867608,0.0,14.757032517089412,0.0,9.430305200882888,0.0,4.8243074485557,0.0,3.4529997905
ens3,2023-24,02,2024-02-10,0,6.582052025407872,2.0,49.25353142862974,1.0,37.05022574003083,0.0,28.441040518008734,0.0,20.748003327442227,0.0,16.107680316342943,0.0,12.50992420648015,0.0,9.723970074626274,0.0,7.155433889354775,0.0,5.740075145295336,0.0,3.447582432337528,0.0,1.7915986563000743,0.0,5.9831391304
ens3,2023-24,02,2024-02-10,1,5.98496908707897,4.0,114.50051132992955,1.0,74.78038611712081,1.0,52.61936711224154,1.0,35.08236298826422,0.0,25.416205068729575,0.0,19.49350712791422,0.0,14.942230907584529,0.0,11.524839393585616,0.0,8.213595213382204,0.0,5.313660427171698,0.0,2.989262674798834,0.0,4.0589221445
ens3,2023-24,02,2024-02-10,2,4.612838594826411,11.0,221.35466341990204,1.0,141.09400895862328,1.0,94.27494879392484,1.0,56.757578995449684,1.0,40.819259527378726,1.0,30.653438475101225,1.0,23.032147314029803,1.0,17.16741699585246,1.0,12.39651233864477,1.0,7.788041566035087,0.0,4.041760979352398,0.0,1.7580616365000001
ens3,2023-24,02,2024-02-10,3,8.979276927395414,5.0,328.5584577075418,1.0,217.82066162532263,1.0,146.4166334530447,1.0,87.47933776407255,1.0,60.44324833159226,1.0,43.67485595374194,0.0,32.72012021140404,0.0,23.432954836464088,0.0,16.574689415080915,0.0,10.541607652040646,0.0,5.403679789804389,0.0,3.4529997905
pf,2023-24,06,2024-02-10,0,30.798575226355457,342.0,711.1286965333559,1.0,549.9558061714706,1.0,432.788528355543,1.0,321.60636281938025,1.0,253.78034710600437,1.0,201.94463254392377,1.0,161.2945659045493,1.0,123.97002228204954,1.0,90.7811974191386,1.0,59.54465637169312,0.0,29.32417091463134,0.0,36.4970891304
pf,2023-24,06,2024-02-10,1,41.76537875548697,302.0,1109.734486166201,1.0,788.1722551714308,1.0,582.7068645047867,1.0,411.856897018939,1.0,315.24808439579897,1.0,245.98776074863375,1.0,190.34767200787135,1.0,144.69004076318905,1.0,106.5621005668871,0.0,69.36877494019905,0.0,34.27350390785355,0.0,60.1692527662
pf,2023-24,06,2024-02-10,2,50.566237337583686,266.0,1839.757613913991,1.0,1186.333607918847,1.0,804.1401443351924,1.0,511.72129641957133,1.0,377.79208781285945,1.0,287.66162858797065,1.0,220.6080711475842,1.0,164.25473580807943,1.0,116.39402315640382,0.0,75.47157400626074,0.0,37.010024876946346,0.0,81.3311298699
pf,2023-24,06,2024-02-10,3,52.14096096526116,207.0,3380.1610232851926,1.0,1861.635090849019,1.0,1121.5227477503572,1.0,645.2298010112972,1.0,445.52339961592617,1.0,324.76322630134194,1.0,241.42686013900283,1.0,179.99152766506467,1.0,127.44078752771888,1.0,81.20346135822425,0.0,40.87344423383894,0.0,111.1930446404
analogue,2023-24,06,2024-02-10,0,36.95189707359653,342.0,1097.3608187134503,1.0,872.3857142857139,1.0,632.9739726027397,1.0,460.83333333333337,1.0,346.8692084634504,1.0,267.17803864025433,1.0,198.3623488580385,1.0,152.52048872180438,1.0,108.21814182194612,1.0,66.96828488668461,1.0,38.57011978178366,0.0,36.4970891304
analogue,2023-24,06,2024-02-10,1,51.429012732601265,302.0,1756.959999999999,1.0,1144.7754755434773,1.0,914.1269168684412,1.0,616.2987499999999,1.0,418.21047008546986,1.0,318.3998357963876,1.0,251.32026789635486,1.0,190.93246818970505,1.0,133.84011164274324,1.0,88.56450191007934,0.0,56.428571428571445,0.0,60.1692527662
analogue,2023-24,06,2024-02-10,2,70.47946878373025,266.0,2033.7597517730471,1.0,1417.0624999999986,1.0,1100.0047510162597,1.0,712.8809523809524,1.0,594.1658440672521,1.0,450.6874439199755,1.0,358.20648148148143,1.0,259.97042468516605,1.0,179.9412072981366,0.0,115.80681818181819,0.0,68.369940029985,0.0,81.3311298699
analogue,2023-24,06,2024-02-10,3,98.48786306103065,207.0,2855.702843137253,1.0,1884.4966823491204,1.0,1470.9261363636363,1.0,939.65053986711,1.0,693.8530651340996,1.0,524.1587301587304,1.0,404.09126984126976,0.0,287.45441017315886,0.0,189.08273809523814,0.0,108.87712765957446,0.0,80.92069012601013,0.0,111.1930446404
ens2,2023-24,06,2024-02-10,0,30.25146156086698,342.0,904.2447576234031,1.0,711.1707602285923,1.0,532.8812504791413,1.0,391.21984807635675,1.0,300.3247777847273,1.0,234.56133559208908,1.0,179.8284573812939,1.0,138.24525550192698,1.0,99.49966962054236,1.0,63.25647062918881,1.0,33.94714534820753,1.0,36.4970891304
ens2,2023-24,06,2024-02-10,1,38.154299250887476,302.0,1433.3472430830998,1.0,966.4738653574541,1.0,748.416890686614,1.0,514.0778235094695,1.0,366.7292772406345,1.0,282.19379827251066,1.0,220.8339699521131,1.0,167.811254476447,1.0,120.20110610481515,1.0,78.9666384251392,1.0,45.351037668212484,1.0,60.1692527662
ens2,2023-24,06,2024-02-10,2,48.77750348694231,266.0,1936.7586828435192,1.0,1301.6980539594229,1.0,952.0724476757262,1.0,612.3011244002619,1.0,485.9789659400558,1.0,369.1745362539731,1.0,289.40727631453285,1.0,212.11258024662274,1.0,148.1676152272702,1.0,95.63919609403945,1.0,52.68998245346566,1.0,81.3311298699
ens2,2023-24,06,2024-02-10,3,60.9544906007351,207.0,3117.9319332112227,1.0,1873.0658865990697,1.0,1296.2244420569968,1.0,792.4401704392036,1.0,569.6882323750128,1.0,424.46097823003606,1.0,322.75906499013627,1.0,233.72296891911176,1.0,158.26176281147852,1.0,95.04029450889934,1.0,60.897067179924534,0.0,111.1930446404
ens3,2023-24,06,2024-02-10,0,29.106232140838777,342.0,802.1357493806241,1.0,629.7596816302103,1.0,480.5780974563496,1.0,354.98215189582305,1.0,274.7881247955712,1.0,215.93834107764442,1.0,166.8331061476303,1.0,128.36452583552608,1.0,92.8085989876626,1.0,59.63664833090456,1.0,31.48256255303113,0.0,36.4970891304
ens3,2023-24,06,2024-02-10,1,35.94401883090694,302.0,1208.030554615857,1.0,830.3543012775388,1.0,640.2536691668492,1.0,444.9056122598539,1.0,323.765220073122,1.0,250.33487959699738,1.0,196.24576910626283,1.0,149.41224812081106,1.0,107.70601471034283,1.0,70.88855506668324,1.0,39.190234114831526,0.0,60.1692527662
ens3,2023-24,06,2024-02-10,2,42.92785212174418,266.0,1610.12345455612,1.0,1086.8483660245215,1.0,789.5554302858111,1.0,514.0827593851226,1.0,403.1417802412071,1.0,307.8834004336303,1.0,241.3680551131226,1.0,177.75435058971067,1.0,125.07825296263101,1.0,80.7619211999318,1.0,43.55085010491581,0.0,81.3311298699
ens3,2023-24,06,2024-02-10,3,46.789529570568476,207.0,2494.8804662536472,1.0,1498.8216044140545,1.0,1030.0236139172866,1.0,634.1619284237382,1.0,456.74921005089914,1.0,341.6631981038939,1.0,260.3336159614517,1.0,189.949651351221,1.0,129.85797686904078,1.0,79.17193386988939,1.0,47.952801503676625,1.0,111.1930446404
pf,2023-24,36,2024-02-10,0,69.22123090917998,780.0,1673.2947541266133,1.0,1292.7281219507076,1.0,1030.159041035719,1.0,761.3885124911938,1.0,605.7707080062004,1.0,485.58630604387747,1.0,383.935714082352,1.0,295.8006469025265,1.0,216.61634548172378,1.0,140.46926813979098,0.0,67.78522978337878,0.0,10.0462217391
pf,2023-24,36,2024-02-10,1,100.27190578065179,782.0,2742.85136073562,1.0,1966.457485597108,1.0,1452.65645195866,1.0,1048.849636288379,1.0,804.4233524823446,1.0,634.3804496680483,1.0,497.6203861002304,1.0,380.0072431660573,1.0,278.68816332619383,1.0,181.70946681258079,0.0,90.29889987599574,0.0,19.7656637639
pf,2023-24,36,2024-02-10,2,127.2759463334495,764.0,4322.286649110548,1.0,2837.0656444673214,1.0,2049.4073647703417,1.0,1345.9454847828877,1.0,1017.4157877949137,1.0,786.0765577225945,1.0,610.6754122240255,1.0,464.6116942808935,1.0,337.69630901196473,1.0,221.36612601486212,0.0,111.34739826758153,0.0,28.4883139816
pf,2023-24,36,2024-02-10,3,128.9291952892954,593.0,6145.981087759707,1.0,3917.73812150838,1.0,2657.853861315668,1.0,1687.2175037476418,1.0,1217.8466797565175,1.0,926.6899907745234,1.0,708.571759652637,1.0,533.4430563965815,1.0,383.0759114710373,1.0,250.00114065955808,1.0,122.38851118997712,1.0,100.8425999759
analogue,2023-24,36,2024-02-10,0,69.43726178138385,780.0,2147.4934502923975,1.0,1707.2257142857136,1.0,1238.7060273972602,1.0,901.8333333333335,1.0,678.8098687145498,1.0,522.8572756175104,1.0,388.18758396775627,1.0,298.47680451127803,1.0,211.77879399585913,1.0,131.0543904238158,1.0,75.48025972485766,0.0,10.0462217391
analogue,2023-24,36,2024-02-10,1,89.84237882581613,782.0,3438.3039999999983,1.0,2240.2821331521723,1.0,1788.9116626311525,1.0,1206.07325,1.0,818.4220085470083,1.0,623.0963875205257,1.0,491.8242204655247,1.0,373.647589647195,1.0,261.9200159489633,1.0,173.31736702909188,1.0,110.42857142857144,0.0,19.7656637639
analogue,2023-24,36,2024-02-10,2,116.72112951636421,764.0,3979.9906028368746,1.0,2773.137499999997,1.0,2152.667525406503,1.0,1395.0809523809526,1.0,1162.7599935797114,1.0,881.9782130383318,1.0,700.9964814814814,1.0,508.7522488142616,1.0,352.13810947204956,1.0,226.62954545454545,1.0,133.79737631184412,1.0,28.4883139816
analogue,2023-24,36,2024-02-10,3,137.7576435273515,593.0,5588.502019607839,1.0,3687.8884441920763,1.0,2878.546590909091,1.0,1838.8604235880407,1.0,1357.8440996168583,1.0,1025.7587301587305,1.0,790.7912698412698,1.0,562.5373647186123,1.0,370.0277380952383,1.0,213.06840425531914,1.0,158.35871763900218,0.0,100.8425999759
ens2,2023-24,36,2024-02-10,0,69.16173077121401,780.0,1910.3941022095057,1.0,1499.9769181182105,1.0,1134.4325342164898,1.0,831.6109229122636,1.0,642.2902883603749,1.0,504.22179083069386,1.0,386.0616490250542,1.0,297.1387257069023,1.0,214.19756973879146,1.0,135.76182928180344,1.0,71.63274475411822,0.0,10.0462217391
ens2,2023-24,36,2024-02-10,1,94.63464808457779,782.0,3090.577680367809,1.0,2103.36980937464,1.0,1620.7840572949062,1.0,1127.4614431441896,1.0,811.4226805146764,1.0,628.7384185942869,1.0,494.72230328287753,1.0,376.8274164066262,1.0,270.3040896375786,1.0,177.51341692083633,0.0,100.3637356522836,0.0,19.7656637639
ens2,2023-24,36,2024-02-10,2,119.76464464427444,764.0,4151.138625973711,1.0,2805.101572233659,1.0,2101.037445088422,1.0,1370.5132185819202,1.0,1090.0878906873124,1.0,834.0273853804633,1.0,655.8359468527534,1.0,486.6819715475775,1.0,344.9172092420072,1.0,223.9978357347038,0.0,122.57238728971276,0.0,28.4883139816
ens2,2023-24,36,2024-02-10,3,130.43488224905377,593.0,5867.241553683773,1.0,3802.813282850228,1.0,2768.2002261123794,1.0,1763.038963667841,1.0,1287.845389686688,1.0,976.2243604666271,1.0,749.6815147469534,1.0,547.9902105575968,1.0,376.5518247831378,1.0,231.53477245743863,1.0,140.37361441448957,1.0,100.8425999759
ens3,2023-24,36,2024-02-10,0,70.084655482967,780.0,1820.8566415737027,1.0,1418.573497512498,1.0,1088.603271529074,1.0,801.3473073666917,1.0,623.7584278269002,1.0,493.1310687415267,1.0,381.16061854383224,1.0,294.30247967404546,1.0,212.55610685280283,1.0,136.59459398154934,0.0,71.1107500617718,0.0,10.0462217391
ens3,2023-24,36,2024-02-10,1,98.81382429774628,782.0,2902.2291010263925,1.0,1999.798656388115,1.0,1536.9763588542182,1.0,1080.140370266659,1.0,795.2992509022372,1.0,619.3397090334342,1.0,486.9854464344302,1.0,370.3571384115568,1.0,266.4380136935414,1.0,175.2051237243361,0.0,94.8608789563142,0.0,19.7656637639
ens3,2023-24,36,2024-02-10,2,124.9989816417219,764.0,3988.253959786612,1.0,2683.2483067384687,1.0,1989.5063365359795,1.0,1314.2805369496236,1.0,1029.420401732644,1.0,789.2508249514542,1.0,617.7023661741337,1.0,460.263433463201,1.0,328.2291639803337,1.0,212.49172767723775,0.0,113.25784035003767,0.0,28.4883139816
ens3,2023-24,36,2024-02-10,3,122.93658613976297,593.0,5487.836555404022,1.0,3553.2411943404213,1.0,2546.3682387160134,1.0,1628.344650617914,1.0,1185.5516369519842,1.0,899.9643205088698,1.0,690.8359734144611,1.0,510.28562766641835,1.0,355.64257942251623,1.0,220.85906566740687,1.0,127.05545923823769,1.0,100.8425999759
pf,2023-24,42,2024-02-10,0,51.420266988938494,493.0,960.0848331971783,1.0,741.2080138200655,1.0,585.514271336734,1.0,434.5250719759782,1.0,340.68397661966367,1.0,270.00471541540827,1.0,214.68093606857354,1.0,166.0909825490226,1.0,119.65170265175169,0.0,78.23033447603092,0.0,39.40637730520109,0.0,44.5749782609
pf,2023-24,42,2024-02-10,1,68.36150668561199,493.0,1698.8501645402087,1.0,1231.0362064959343,1.0,908.8215970725105,1.0,637.3443421998664,1.0,488.40091520964654,1.0,384.96902173745787,1.0,301.8144525737195,1.0,230.27890969572718,1.0,165.99907355228447,0.0,108.49604290437514,0.0,54.06063102048557,0.0,41.1996192764
pf,2023-24,42,2024-02-10,2,101.50474932017595,540.0,2792.0971235865095,1.0,1934.07607085874,1.0,1350.4997157651524,1.0,894.4281172935456,1.0,663.4793093170322,1.0,510.43972717090696,1.0,390.1659446351597,1.0,294.6298338213413,1.0,211.15854050935576,0.0,137.1619211833417,0.0,68.06057960588402,0.0,67.1209449425
pf,2023-24,42,2024-02-10,3,112.97997129473956,511.0,4114.792035221619,1.0,2750.795258121812,1.0,1887.0009904675467,1.0,1174.6724435399685,1.0,849.3717060123893,1.0,633.354259025072,1.0,480.5710588269817,1.0,359.0441909285078,1.0,254.90203096556797,0.0,164.36159214903205,0.0,79.62859743866153,0.0,51.5747427751
analogue,2023-24,42,2024-02-10,0,54.64336459128288,493.0,1183.4828070175438,1.0,940.8514285714281,1.0,682.6504109589041,1.0,497.0,1.0,374.09185520361984,1.0,288.14644167278067,1.0,213.93002686968208,1.0,164.49045112781943,0.0,116.71121118012417,0.0,72.22402370057637,0.0,41.59714184060721,0.0,44.5749782609
analogue,2023-24,42,2024-02-10,1,65.06870900714567,493.0,1894.847999999999,1.0,1234.618614130434,1.0,985.8685230024201,1.0,664.6665,1.0,451.03205128205104,1.0,343.38817733990146,1.0,271.0441370223978,1.0,205.917041642568,1.0,144.34401913875598,0.0,95.51513370555392,0.0,60.85714285714289,0.0,41.1996192764
analogue,2023-24,42,2024-02-10,2,92.34473881640817,540.0,2193.371276595742,1.0,1528.2749999999985,1.0,1186.3342378048776,1.0,768.8285714285715,1.0,640.7965811965807,1.0,486.0578509111634,1.0,386.31888888888886,1.0,280.3731668756474,1.0,194.06317546583847,0.0,124.89545454545458,0.0,73.73568215892055,0.0,67.1209449425
analogue,2023-24,42,2024-02-10,3,97.24560420820663,511.0,3079.821294117645,1.0,2032.39389033095,1.0,1586.365909090909,1.0,1013.3952657807313,1.0,748.307356321839,1.0,565.2952380952382,1.0,435.80476190476185,1.0,310.014123376622,1.0,203.9221428571429,0.0,117.42191489361699,0.0,87.27142783210212,0.0,51.5747427751
ens2,2023-24,42,2024-02-10,0,52.95216349838655,493.0,1071.7838201073612,1.0,841.0297211957468,1.0,634.0823411478191,1.0,465.7625359879891,1.0,357.3879159116418,1.0,279.07557854409447,1.0,214.3054814691278,1.0,165.29071683842096,0.0,118.18145691593793,0.0,75.22717908830361,0.0,40.50175957290418,0.0,44.5749782609
ens2,2023-24,42,2024-02-10,1,66.71510784637886,493.0,1796.8490822701037,1.0,1232.8274103131844,1.0,947.3450600374654,1.0,651.0054210999333,1.0,469.71648324584874,1.0,364.17859953867963,1.0,286.4292947980587,1.0,218.09797566914762,1.0,155.1715463455202,0.0,102.00558830496453,0.0,57.4588869388142,0.0,41.1996192764
ens2,2023-24,42,2024-02-10,2,96.92474406829206,540.0,2492.734200091126,1.0,1731.1755354293693,1.0,1268.416976785015,1.0,831.6283443610586,1.0,652.1379452568065,1.0,498.2487890410352,1.0,388.2424167620243,1.0,287.50150034849446,1.0,202.61085798759711,0.0,131.0286878643982,0.0,70.89813088240226,0.0,67.1209449425
ens2,2023-24,42,2024-02-10,3,105.11278775147312,511.0,3597.306664669632,1.0,2391.594574226381,1.0,1736.6834497792279,1.0,1094.0338546603498,1.0,798.8395311671142,1.0,599.3247485601552,1.0,458.18791036587174,1.0,334.52915715256495,1.0,229.41208691135546,0.0,140.89175352132452,0.0,83.45001263538182,0.0,51.5747427751
ens3,2023-24,42,2024-02-10,0,52.7535335140231,493.0,1041.5686974737346,1.0,811.2724929302866,1.0,623.8626041289107,1.0,458.8104476122021,1.0,355.05640027649537,1.0,279.13650957362546,1.0,216.31677326234637,1.0,167.23304339454705,1.0,120.02195816755017,0.0,77.01780127065575,0.0,40.54503806667293,0.0,44.5749782609
ens3,2023-24,42,2024-02-10,1,68.24243394021055,493.0,1754.5373164224688,1.0,1227.532370965166,1.0,937.5431654292142,1.0,650.6168886129274,1.0,480.49028472166185,1.0,374.5358390698241,1.0,294.14792010130526,1.0,223.42669959577114,1.0,160.62166061208052,0.0,105.27870762886624,0.0,56.05785654930287,0.0,41.1996192764
ens3,2023-24,42,2024-02-10,2,99.89708900921069,540.0,2555.6626843856875,1.0,1753.251114129568,1.0,1278.308435646761,1.0,843.4959181717517,1.0,651.0885665154287,1.0,497.86455553516066,1.0,387.8711675924131,1.0,289.03994096716815,1.0,205.15230530832412,0.0,133.01259256914216,0.0,69.33417112981971,0.0,67.1209449425
ens3,2023-24,42,2024-02-10,3,109.26929267027288,511.0,3631.5956037367396,1.0,2407.3312175757032,1.0,1724.0211881871535,1.0,1092.4918353477367,1.0,795.5793892347442,1.0,597.677359147326,1.0,454.8470721149297,1.0,335.1977731514286,1.0,234.22388531199016,0.0,147.12125099506386,0.0,81.91985633584159,0.0,51.5747427751
pf,2023-24,50,2024-02-10,0,2.853799814635293,21.0,63.76503998388707,1.0,49.13044064332283,1.0,38.636736278803845,1.0,28.223870156802473,1.0,22.600275612686797,1.0,18.216244299666368,1.0,14.372446760491261,1.0,11.210245929505911,1.0,8.327709799448613,1.0,5.22664262163009,0.0,2.3283720444408793,0.0,0.7077043478
pf,2023-24,50,2024-02-10,1,5.964207006938579,26.0,93.21943482477297,1.0,65.67732908109005,1.0,49.08849093818362,1.0,34.289401034666106,1.0,25.5073816352165,1.0,19.861241962194335,1.0,15.679927864890262,0.0,11.897069812314534,0.0,8.694670488275484,0.0,5.492271164236431,0.0,3.031151002586512,0.0,3.6357651266
pf,2023-24,50,2024-02-10,2,9.331052244147905,30.0,117.58360529033864,1.0,80.39199893300598,1.0,58.249914742522215,1.0,37.58267815568795,1.0,27.964999372695406,1.0,21.256151362680416,0.0,16.23044828304353,0.0,12.543942291912213,0.0,8.782072322724913,0.0,5.593656233732265,0.0,2.9961532225140264,0.0,6.1964393394
pf,2023-24,50,2024-02-10,3,10.000342964698968,29.0,133.47328168092494,1.0,91.10081130602813,1.0,61.45406527864677,1.0,39.69955046234728,1.0,29.216768165113894,1.0,22.245546946820824,0.0,16.66932344903067,0.0,12.54394229191221,0.0,8.558393485257778,0.0,5.39444144218692,0.0,2.3528096287250175,0.0,5.2217900346
analogue,2023-24,50,2024-02-10,0,1.9567059455855542,21.0,55.562573099415204,1.0,44.17142857142855,1.0,32.04931506849315,1.0,23.333333333333336,1.0,17.562997896883566,1.0,13.528001956468573,1.0,10.043663233318405,1.0,7.722556390977438,1.0,5.479399585921325,1.0,3.390799234768842,0.0,1.952917457305503,0.0,0.7077043478
analogue,2023-24,50,2024-02-10,1,4.189089341840905,26.0,88.95999999999995,1.0,57.96331521739126,1.0,46.284907183212226,1.0,31.205,1.0,21.175213675213666,1.0,16.121510673234813,1.0,12.725076855511636,0.0,9.667466743782533,0.0,6.77671451355662,0.0,4.4842785777255365,0.0,2.8571428571428577,0.0,3.6357651266
analogue,2023-24,50,2024-02-10,2,6.084456310723703,30.0,102.9751773049644,1.0,71.74999999999993,1.0,55.696443089430865,1.0,36.0952380952381,1.0,30.08434653505074,1.0,22.819617413669647,1.0,18.137037037037036,1.0,13.163059477729925,0.0,9.11094720496894,0.0,5.863636363636363,0.0,3.46176911544228,0.0,6.1964393394
analogue,2023-24,50,2024-02-10,3,6.297684527527067,29.0,144.59254901960773,1.0,95.41755353666431,1.0,74.47727272727272,1.0,47.57724252491696,1.0,35.13180076628352,1.0,26.539682539682545,1.0,20.46031746031746,1.0,14.554653679653615,0.0,9.573809523809526,0.0,5.512765957446808,0.0,4.0972501329625395,0.0,5.2217900346
ens2,2023-24,50,2024-02-10,0,2.405252880110424,21.0,59.66380654165114,1.0,46.65093460737569,1.0,35.34302567364849,1.0,25.778601745067903,1.0,20.08163675478518,1.0,15.872123128067471,1.0,12.208054996904833,1.0,9.466401160241674,1.0,6.903554692684969,1.0,4.308720928199467,0.0,2.140644750873193,0.0,0.7077043478
ens2,2023-24,50,2024-02-10,1,5.076648174389743,26.0,91.08971741238646,1.0,61.82032214924065,1.0,47.68669906069792,1.0,32.747200517333056,1.0,23.341297655215087,1.0,17.991376317714572,1.0,14.202502360200949,0.0,10.782268278048532,0.0,7.735692500916052,0.0,4.988274870980984,0.0,2.9441469298646847,0.0,3.6357651266
ens2,2023-24,50,2024-02-10,2,7.5766786528754055,30.0,110.27939129765151,1.0,76.07099946650297,1.0,56.97317891597654,1.0,36.83895812546302,1.0,29.02467295387308,1.0,22.03788438817503,0.0,17.18374266004028,0.0,12.853500884821068,0.0,8.94650976384693,0.0,5.728646298684314,0.0,3.2289611689781523,0.0,6.1964393394
ens2,2023-24,50,2024-02-10,3,7.881711731048214,29.0,139.03291535026636,1.0,93.25918242134622,1.0,67.96566900295976,1.0,43.63839649363212,1.0,32.17428446569871,1.0,24.392614743251684,1.0,18.564820454674063,0.0,13.549297985782912,0.0,9.066101504533652,0.0,5.453603699816863,0.0,3.2250298808437776,0.0,5.2217900346
ens3,2023-24,50,2024-02-10,0,2.6004347708106463,21.0,62.908148964415844,1.0,48.99088287732465,1.0,37.0870324225036,1.0,27.24567275924962,1.0,21.218029856213832,1.0,16.701786794480995,1.0,13.101929519601608,1.0,10.204428510054598,1.0,7.465480788914997,1.0,4.6688981656813695,0.0,2.4812382311206136,0.0,0.7077043478
ens3,2023-24,50,2024-02-10,1,5.45634162257147,26.0,93.47308187491606,1.0,64.84051951560097,1.0,49.23128402371507,1.0,33.69340136158432,1.0,24.549926013647294,1.0,19.100875474584882,1.0,14.857587547445819,0.0,11.432339885831027,0.0,8.330162947485416,0.0,5.4589034744739,0.0,2.7216762858929684,0.0,3.6357651266
ens3,2023-24,50,2024-02-10,2,8.327137991357684,30.0,118.72229601277895,1.0,79.54363753501352,1.0,58.023896233859475,1.0,37.80119376326189,1.0,29.012781573295644,1.0,21.883171653586476,0.0,17.140734633156963,0.0,12.840058055166374,0.0,8.862142295126501,0.0,5.642411510824932,0.0,3.2026983765887866,0.0,6.1964393394
ens3,2023-24,50,2024-02-10,3,8.687217902398825,29.0,142.07727487641742,1.0,94.20571927053994,1.0,67.02165478384194,1.0,42.69204154959858,1.0,31.05940227402521,1.0,23.729369618545952,0.0,17.769983515885052,0.0,12.990562467604619,0.0,8.907178663480783,0.0,5.4369846836986415,0.0,2.8783493853819078,0.0,5.2217900346
pf,2023-24,56,2024-02-10,0,9.618206891049555,44.0,95.33401356305026,1.0,72.82429284331411,1.0,56.6190949976207,1.0,41.98904800022472,1.0,32.76770471243223,1.0,25.647886829021935,0.0,20.221105356293105,0.0,15.91976159550235,0.0,11.268185601258764,0.0,7.788465671396416,0.0,3.737740519272826,0.0,9.1768956522
pf,2023-24,56,2024-02-10,1,4.430491176900351,27.0,128.04564494572335,1.0,90.99497410331898,1.0,67.67243087071842,1.0,47.419605430248524,1.0,36.26942829656153,1.0,27.841306797785755,1.0,22.524858972851014,1.0,17.001386173379526,1.0,12.929449573647073,1.0,8.195044073642737,0.0,3.7910414848355707,0.0,2.6332757361
pf,2023-24,56,2024-02-10,2,5.03922721902809,25.0,156.71356651127158,1.0,105.14974785272416,1.0,74.77819724800632,1.0,51.33841605319206,1.0,38.92070323496975,1.0,29.320602766625,1.0,22.566111129156027,1.0,17.43077764851838,1.0,12.292566110464106,0.0,7.377363345823413,0.0,4.097522036821369,0.0,3.824098894
pf,2023-24,56,2024-02-10,3,3.895996604791135,15.0,170.05740833317722,1.0,113.22486475385071,1.0,78.86231088954312,1.0,51.26987114129422,1.0,37.94141229195826,1.0,29.249179797310525,1.0,21.632129252268864,1.0,16.49669007841097,1.0,12.012736041259684,1.0,7.3172412197349495,1.0,4.097522036821369,1.0,9.2684744716
analogue,2023-24,56,2024-02-10,0,7.932315446600581,44.0,86.12198830409356,1.0,68.46571428571426,1.0,49.67643835616438,1.0,36.16666666666667,1.0,27.222646740169523,1.0,20.968403032526286,0.0,15.567678011643526,0.0,11.969962406015032,0.0,8.493069358178051,0.0,5.255738813891707,0.0,3.0270220588235297,0.0,9.1768956522
analogue,2023-24,56,2024-02-10,1,3.547656302357307,27.0,137.88799999999992,1.0,89.84313858695646,1.0,71.74160613397893,1.0,48.36775,1.0,32.821581196581185,1.0,24.98834154351396,1.0,19.723869126043034,1.0,14.984573452862929,1.0,10.503907496012758,1.0,6.950631795474582,1.0,4.428571428571431,1.0,2.6332757361
analogue,2023-24,56,2024-02-10,2,4.749493083842896,25.0,159.61152482269483,1.0,111.21249999999989,1.0,86.32948678861784,1.0,55.94761904761905,1.0,46.63073712932865,1.0,35.37040699118795,1.0,28.112407407407407,1.0,20.402742190481387,1.0,14.121968167701858,1.0,9.088636363636361,1.0,5.365742128935533,0.0,3.824098894
analogue,2023-24,56,2024-02-10,3,8.368612698130416,15.0,224.118450980392,1.0,147.8972079818297,1.0,115.43977272727273,1.0,73.74472591362128,1.0,54.454291187739464,1.0,41.13650793650795,0.0,31.713492063492062,0.0,22.559713203463104,0.0,14.839404761904767,0.0,8.544787234042552,0.0,6.350737706091937,0.0,9.2684744716
ens2,2023-24,56,2024-02-10,0,8.775261168825066,44.0,90.72800093357192,1.0,70.64500356451418,1.0,53.147766676892545,1.0,39.07785733344569,1.0,29.995175726300875,1.0,23.30814493077411,0.0,17.89439168396832,0.0,13.94486200075869,0.0,9.880627479718413,0.0,6.52210224264406,0.0,3.382381289048176,0.0,9.1768956522
ens2,2023-24,56,2024-02-10,1,3.6829329160992805,27.0,132.96682247286165,1.0,90.41905634513772,1.0,69.70701850234867,1.0,47.893677715124255,1.0,34.54550474657136,1.0,26.414824170649858,1.0,21.124364049447024,1.0,15.992979813121224,1.0,11.716678534829914,1.0,7.572837934558656,1.0,4.109806456703502,1.0,2.6332757361
ens2,2023-24,56,2024-02-10,2,4.327944133878289,25.0,158.16254566698322,1.0,108.18112392636202,1.0,80.55384201831208,1.0,53.64301755040555,1.0,42.7757201821492,1.0,32.345504878906475,1.0,25.339259268281715,1.0,18.91675991949988,1.0,13.20726713908298,1.0,8.232999854729886,1.0,4.731632082878448,1.0,3.824098894
ens2,2023-24,56,2024-02-10,3,5.292139244058365,15.0,197.0879296567846,1.0,130.56103636784022,1.0,97.15104180840792,1.0,62.50729852745775,1.0,46.19785173984886,1.0,35.192843866909236,1.0,26.67281065788046,1.0,19.528201640937038,1.0,13.426070401582226,1.0,7.931014226888749,0.0,5.22412987145665,0.0,9.2684744716
ens3,2023-24,56,2024-02-10,0,9.076804559703614,44.0,98.87237823394452,1.0,75.87903679715615,1.0,57.12667121810527,1.0,41.48898639802084,1.0,32.15667703923768,1.0,25.120016236169004,0.0,19.499950857896387,0.0,15.055658125169131,0.0,10.79125106292733,0.0,7.11350098054368,0.0,3.630115232178234,0.0,9.1768956522
ens3,2023-24,56,2024-02-10,1,4.158668344394648,27.0,145.88278571053993,1.0,99.84824612566241,1.0,74.93749478041808,1.0,51.00956451601529,1.0,37.13948967696007,1.0,28.72263658016959,1.0,22.618828970554773,1.0,17.06193034297754,1.0,12.549709769208587,1.0,8.138954364328914,1.0,4.294788352683941,0.0,2.6332757361
ens3,2023-24,56,2024-02-10,2,4.78026656301814,25.0,174.32941772920296,1.0,118.53628699263642,1.0,86.69589557703887,1.0,56.7724971540237,1.0,43.87889468773501,1.0,33.04436047868403,1.0,25.600430889107123,1.0,19.209723869038186,1.0,13.621322521866954,1.0,8.471657583704719,0.0,4.706804532493095,0.0,3.824098894
ens3,2023-24,56,2024-02-10,3,4.735880039142216,15.0,205.95129838496987,1.0,136.39754411189887,1.0,98.72748740813965,1.0,62.688914424384244,1.0,45.66795117039087,1.0,34.57464971100917,1.0,26.176412686832236,1.0,19.09874770480991,1.0,13.223845867427515,1.0,8.170332856420382,1.0,4.824619142568903,0.0,9.2684744716
pf,2023-24,02,2024-02-17,0,1.26022825073371,4.0,8.213801321940936,1.0,6.414952683694424,1.0,4.923060361541188,1.0,3.84641141863539,1.0,2.860568264689431,0.0,2.452051997723129,0.0,2.066468138366567,0.0,1.425545040820983,0.0,1.1200638166283094,0.0,0.7032943373630265,0.0,0.28851287885514965,0.0,1.1248434783
pf,2023-24,02,2024-02-17,1,6.984227443640113,11.0,13.010945241215994,1.0,8.909656505131144,0.0,6.720382899769857,0.0,4.5019627033744944,0.0,3.511732595291401,0.0,2.8341217363044424,0.0,2.100404829041615,0.0,1.7148209696850536,0.0,1.0833760551869345,0.0,0.797614247098112,0.0,0.35164716868151347,0.0,4.8538531162
pf,2023-24,02,2024-02-17,2,1.9793632367132292,5.0,21.282232146901485,1.0,13.067411193996945,1.0,8.960510533026476,1.0,5.978001867585727,1.0,4.219766024178161,0.0,3.207476341847212,0.0,2.613482238799389,0.0,1.7914094840736936,0.0,1.3916083501459346,0.0,0.726989794981689,0.0,0.3733546055427699,0.0,1.7242369848
pf,2023-24,02,2024-02-17,3,4.709155348017892,9.0,37.335460554276985,1.0,21.028590371328875,1.0,13.010945241215994,1.0,7.484111464310161,0.0,5.345793903078687,0.0,3.7552534922889547,0.0,2.851090081641966,0.0,2.2401276332566193,0.0,1.4350232238684477,0.0,1.0352220899406892,0.0,0.37060353477644314,0.0,3.3784672857
analogue,2023-24,02,2024-02-17,0,1.1836502226257202,4.0,7.873333333333335,1.0,5.333333333333333,1.0,3.777777777777778,1.0,2.881504702194359,0.0,1.912321824516944,0.0,1.4755517438536319,0.0,1.1315789473684212,0.0,0.8285714285714283,0.0,0.6172726791667402,0.0,0.3743454177575174,0.0,0.1650399779432039,0.0,1.1248434783
analogue,2023-24,02,2024-02-17,1,7.044701065730971,11.0,9.489347826086956,0.0,7.220833333333322,0.0,5.2,0.0,3.333333333333333,0.0,2.645962854349951,0.0,1.893766212578516,0.0,1.3735588972431076,0.0,1.1408998830209134,0.0,0.7284317812808976,0.0,0.4589500316255535,0.0,0.1886181139122316,0.0,4.8538531162
analogue,2023-24,02,2024-02-17,2,1.6341294128085597,5.0,11.974666666666662,1.0,9.269999999999989,1.0,6.294377811094453,1.0,4.226703296703297,1.0,3.035488011925959,0.0,2.477192982456141,0.0,1.922348484848485,0.0,1.5523161215341195,0.0,1.1491935483870972,0.0,0.7418842389042684,0.0,0.3342170882180333,0.0,1.7242369848
analogue,2023-24,02,2024-02-17,3,4.422506917853629,9.0,15.01199999999999,1.0,11.47641065830721,1.0,8.560833333333331,1.0,5.121043478260869,0.0,3.83407894736842,0.0,2.981050799723683,0.0,2.2970126799914032,0.0,1.7364705882352918,0.0,1.3246228747619624,0.0,0.7173252715720428,0.0,0.2780351592851593,0.0,3.3784672857
ens2,2023-24,02,2024-02-17,0,1.220739836379865,4.0,8.043567327637135,1.0,5.874143008513879,1.0,4.350419069659482,1.0,3.363958060414874,1.0,2.386445044603188,0.0,1.9638018707883806,0.0,1.5990235428674942,0.0,1.1270582346962057,0.0,0.8686682478975247,0.0,0.5388198775602719,0.0,0.2267764283991769,0.0,1.1248434783
ens2,2023-24,02,2024-02-17,1,6.970985993815978,11.0,11.250146533651474,1.0,8.065244919232233,0.0,5.9601914498849276,0.0,3.9176480183539137,0.0,3.078847724820676,0.0,2.363943974441479,0.0,1.7369818631423615,0.0,1.4278604263529837,0.0,0.9059039182339159,0.0,0.6282821393618327,0.0,0.27013264129687253,0.0,4.8538531162
ens2,2023-24,02,2024-02-17,2,1.8067463247608944,5.0,16.62844940678407,1.0,11.168705596998468,1.0,7.627444172060464,1.0,5.102352582144512,1.0,3.6276270180520602,0.0,2.8423346621516767,0.0,2.2679153618239374,0.0,1.6718628028039069,0.0,1.2704009492665163,0.0,0.7344370169429788,0.0,0.3537858468804016,0.0,1.7242369848
ens2,2023-24,02,2024-02-17,3,4.5658311329357595,9.0,26.17373027713849,1.0,16.252500514818042,1.0,10.785889287274662,1.0,6.302577471285515,0.0,4.589936425223554,0.0,3.3681521460063184,0.0,2.5740513808166847,0.0,1.9882991107459556,0.0,1.379823049315205,0.0,0.8762736807563662,0.0,0.32431934703080123,0.0,3.3784672857
ens3,2023-24,02,2024-02-17,0,1.3019358721174386,4.0,7.971411065707641,1.0,5.967847300078295,1.0,4.541680948628223,1.0,3.3430921821099675,0.0,2.5374134136831312,0.0,2.119713054264115,0.0,1.615908101001211,0.0,1.1643928197118307,0.0,0.9814980753874287,0.0,0.5022707568119309,0.0,0.282450650728447,0.0,1.1248434783
ens3,2023-24,02,2024-02-17,1,7.2132183238313425,11.0,11.20767068260824,1.0,7.949509543533142,0.0,5.758588704204557,0.0,3.847623010071695,0.0,3.0137877778267765,0.0,2.2612592447195685,0.0,1.705121765046652,0.0,1.3643935599429056,0.0,1.0082351845540352,0.0,0.5599989357372925,0.0,0.31273406739581255,0.0,4.8538531162
ens3,2023-24,02,2024-02-17,2,2.057220103875093,5.0,16.830538428849366,1.0,10.695504275389135,1.0,7.25142981074486,1.0,4.755610281453352,1.0,3.375902260533593,0.0,2.5814773661580173,0.0,2.0612136476614777,0.0,1.520787769876374,0.0,1.121880169055785,0.0,0.6274762504468094,0.0,0.3721066411180938,0.0,1.7242369848
ens3,2023-24,02,2024-02-17,3,4.952400121142725,9.0,25.98048638932476,1.0,15.229160928109518,1.0,9.789478675537229,1.0,5.574893496970809,0.0,4.00778694216561,0.0,2.9224557106827183,0.0,2.257651011220594,0.0,1.7358831327111117,0.0,1.1945170694328966,0.0,0.7195866431732783,0.0,0.21674695222731133,0.0,3.3784672857
pf,2023-24,06,2024-02-17,0,27.879256469603593,302.0,580.6248381748877,1.0,451.83382324578315,1.0,361.7803344752459,1.0,264.77375987541063,1.0,208.69027515202475,1.0,168.26022535199368,1.0,133.56699203269926,1.0,102.67463258600219,1.0,74.7330281437772,0.0,49.27057033263554,0.0,24.12237698416982,0.0,20.5337108696
pf,2023-24,06,2024-02-17,1,35.15792058674043,266.0,918.9912210022073,1.0,652.5830811757354,1.0,481.8965945841228,1.0,336.02503040885824,1.0,256.47330099982366,1.0,202.37346407017338,1.0,158.7510172424319,1.0,122.72704337171822,1.0,88.71885728305043,0.0,57.10538342574199,0.0,28.002085867404844,0.0,44.0360938725
pf,2023-24,06,2024-02-17,2,35.35957248336199,207.0,1534.0535340105148,1.0,968.7690594802995,1.0,649.4684610597828,1.0,424.3562849707851,1.0,308.9850825993069,1.0,236.9410069415145,1.0,183.359606668419,1.0,139.4663593906481,1.0,100.68095039986619,1.0,66.00491668745428,1.0,33.00245834372714,0.0,75.7573499994
pf,2023-24,06,2024-02-17,3,43.23708532380377,188.0,2767.3189559933876,1.0,1484.7509211094375,1.0,907.0219258215766,1.0,520.1257023281707,1.0,361.7685655587004,1.0,270.0208234561108,1.0,203.06756273564142,1.0,152.30232947788065,1.0,111.00826897435495,1.0,72.33539029753607,0.0,35.88627935044735,0.0,87.518426769
analogue,2023-24,06,2024-02-17,0,33.564831054502484,302.0,1287.2900000000002,1.0,872.0,1.0,617.6666666666667,1.0,471.12601880877764,1.0,312.66461830852035,1.0,241.25271012006883,1.0,185.01315789473688,1.0,135.47142857142853,1.0,100.92408304376204,1.0,61.20547580335409,1.0,26.984036393713836,0.0,20.5337108696
analogue,2023-24,06,2024-02-17,1,50.2977748986371,266.0,1551.5083695652174,1.0,1180.6062499999982,1.0,850.2,1.0,545.0,1.0,432.614926686217,1.0,309.63077575658735,1.0,224.57687969924808,1.0,186.53713087391932,1.0,119.09859623942674,0.0,75.03833017077801,0.0,30.839061624649844,0.0,44.0360938725
analogue,2023-24,06,2024-02-17,2,84.96830206145793,207.0,1957.8579999999993,1.0,1515.6449999999982,1.0,1029.130772113943,1.0,691.065989010989,1.0,496.3022899498943,1.0,405.02105263157904,1.0,314.30397727272725,0.0,253.80368587082853,0.0,187.89314516129036,0.0,121.29807306084791,0.0,54.64449392364844,0.0,75.7573499994
analogue,2023-24,06,2024-02-17,3,100.05177967788009,188.0,2454.461999999998,1.0,1876.3931426332288,1.0,1399.6962499999995,1.0,837.2906086956522,1.0,626.8719078947366,1.0,487.4018057548222,0.0,375.56157317859436,0.0,283.9129411764702,0.0,216.57584002358084,0.0,117.28268190202897,0.0,45.45874854312359,0.0,87.518426769
ens2,2023-24,06,2024-02-17,0,27.107034473440446,302.0,933.9574190874439,1.0,661.9169116228916,1.0,489.72350057095633,1.0,367.94988934209414,1.0,260.67744673027255,1.0,204.75646773603125,1.0,159.2900749637181,1.0,119.07303057871533,1.0,87.82855559376964,1.0,55.23802306799479,1.0,25.553206688941827,1.0,20.5337108696
ens2,2023-24,06,2024-02-17,1,33.66885254298424,266.0,1235.2497952837123,1.0,916.5946655878668,1.0,666.0482972920614,1.0,440.5125152044291,1.0,344.5441138430203,1.0,256.00211991338034,1.0,191.66394847083996,1.0,154.63208712281877,1.0,103.9087267612386,1.0,66.07185679826,1.0,29.420573746027344,1.0,44.0360938725
ens2,2023-24,06,2024-02-17,2,48.783256525125815,207.0,1745.955767005257,1.0,1242.2070297401488,1.0,839.299616586863,1.0,557.7111369908871,1.0,402.64368627460067,1.0,320.98102978654674,1.0,248.83179197057314,1.0,196.6350226307383,1.0,144.2870477805783,1.0,93.6514948741511,0.0,43.82347613368776,0.0,75.7573499994
ens2,2023-24,06,2024-02-17,3,57.17868446724262,188.0,2610.8904779966933,1.0,1680.572031871333,1.0,1153.359087910788,1.0,678.7081555119114,1.0,494.32023672671846,1.0,378.71131460546644,1.0,289.3145679571179,1.0,218.10763532717542,1.0,163.7920544989679,1.0,94.8090360997825,0.0,40.67251394678544,0.0,87.518426769
ens3,2023-24,06,2024-02-17,0,26.861371776307614,302.0,795.7213308772281,1.0,577.9923789277789,1.0,435.42586075698597,1.0,327.4298472767897,1.0,239.42890550542108,1.0,188.88341502018767,1.0,148.02864105673314,1.0,111.68796338190793,1.0,82.07737732767293,1.0,52.1309308147726,1.0,24.443642634849652,0.0,20.5337108696
ens3,2023-24,06,2024-02-17,1,31.89726393783734,266.0,1068.093419775006,1.0,788.5224915366491,1.0,577.006217133264,1.0,388.5696191734974,1.0,302.19586031580167,1.0,227.5822277053022,1.0,172.2249947005576,1.0,137.0983000090491,1.0,94.16241263159029,1.0,60.38623245698034,1.0,27.589448107080187,0.0,44.0360938725
ens3,2023-24,06,2024-02-17,2,37.04574992892881,207.0,1494.5968840616065,1.0,1045.2338586985002,1.0,713.5043264942287,1.0,474.1748855106869,1.0,344.6169106502188,1.0,272.8288132750368,1.0,211.12435952858675,1.0,165.46533014053153,1.0,121.2936034560654,1.0,79.05608228342027,1.0,37.330934637645385,1.0,75.7573499994
ens3,2023-24,06,2024-02-17,3,42.60688223981932,188.0,2232.4236616927496,1.0,1383.6497955559873,1.0,942.2471904378102,1.0,557.8701801419757,1.0,405.1968889163677,1.0,309.42742955702636,1.0,236.47571069082704,1.0,178.11127534367577,1.0,132.76615780032077,1.0,78.74046310477101,1.0,34.67643945335391,1.0,87.518426769
pf,2023-24,36,2024-02-17,0,66.85897014052058,782.0,1795.5951596299565,1.0,1380.8284644629748,1.0,1093.9810409059978,1.0,814.7746798028421,1.0,646.2781625911184,1.0,512.5830146035294,1.0,407.2256182080829,1.0,312.6796278155622,1.0,229.86380375728993,1.0,150.03634929541806,1.0,74.61097486824292,1.0,9.7912913043
pf,2023-24,36,2024-02-17,1,96.23393219882348,764.0,3282.749297923931,1.0,2336.7815329056593,1.0,1725.2137841207768,1.0,1211.894746896405,1.0,926.6077929737608,1.0,731.2688316972344,1.0,570.0465131919611,1.0,436.8671847306907,1.0,314.3226085035757,1.0,204.6510619586678,1.0,98.74951799515327,1.0,23.1395582136
pf,2023-24,36,2024-02-17,2,139.91928343231092,593.0,5558.185674306998,1.0,3694.268931790457,1.0,2613.833330712732,1.0,1727.8789653134581,1.0,1261.3570380797682,1.0,963.3263186016354,1.0,738.609530947708,1.0,559.0568821113416,1.0,401.4671964240225,1.0,258.4643692017454,0.0,129.92955882245428,0.0,111.9210567193
pf,2023-24,36,2024-02-17,3,215.01539085399187,411.0,7864.66719239525,1.0,5346.116254129558,1.0,3632.871417862805,1.0,2281.2411854869733,1.0,1628.2017976275836,1.0,1202.8393462390407,1.0,901.8219979800031,1.0,679.7669025897362,0.0,485.1503323540959,0.0,315.0231508953252,0.0,156.95333161207873,0.0,234.7724387027
analogue,2023-24,36,2024-02-17,0,76.81172926516368,782.0,3094.2200000000007,1.0,2096.0,1.0,1484.666666666667,1.0,1132.4313479623831,1.0,751.542477035159,1.0,579.8918353344773,1.0,444.7105263157896,1.0,325.62857142857126,1.0,242.5881629125289,1.0,147.11774917870434,1.0,64.86071133167923,1.0,9.7912913043
analogue,2023-24,36,2024-02-17,1,98.47056233248055,764.0,3729.313695652174,1.0,2837.7874999999954,1.0,2043.6,1.0,1309.9999999999998,1.0,1039.8634017595307,1.0,744.2501215433567,1.0,539.8086466165413,1.0,448.373654027219,1.0,286.2736900433928,1.0,180.3673624288425,1.0,74.12691876750705,1.0,23.1395582136
analogue,2023-24,36,2024-02-17,2,166.68253674457904,593.0,4706.043999999998,1.0,3643.109999999995,1.0,2473.69047976012,1.0,1661.0943956043957,1.0,1192.946788686902,1.0,973.5368421052633,1.0,755.4829545454545,1.0,610.060235762909,1.0,451.63306451612925,0.0,291.5605058893774,0.0,131.34731566968708,0.0,111.9210567193
analogue,2023-24,36,2024-02-17,3,263.60312099677117,411.0,5899.715999999997,1.0,4510.229388714733,1.0,3364.407499999999,1.0,2012.5700869565217,1.0,1506.7930263157891,1.0,1171.5529642914073,0.0,902.7259832366212,0.0,682.4329411764696,0.0,520.5767897814512,0.0,281.90883172781275,0.0,109.2678175990676,0.0,234.7724387027
ens2,2023-24,36,2024-02-17,0,71.66143665936386,782.0,2444.907579814979,1.0,1738.4142322314872,1.0,1289.3238537863324,1.0,973.6030138826126,1.0,698.9103198131386,1.0,546.2374249690034,1.0,425.9680722619363,1.0,319.1540996220667,1.0,236.22598333490942,1.0,148.57704923706115,1.0,69.73584309996113,1.0,9.7912913043
ens2,2023-24,36,2024-02-17,1,96.3957255265216,764.0,3506.031496788052,1.0,2587.2845164528276,1.0,1884.4068920603884,1.0,1260.9473734482021,1.0,983.2355973666458,1.0,737.7594766202955,1.0,554.9275799042514,1.0,442.6204193789548,1.0,300.2981492734842,1.0,192.50921219375516,1.0,86.43821838133022,1.0,23.1395582136
ens2,2023-24,36,2024-02-17,2,151.6451737630593,593.0,5132.114837153498,1.0,3668.689465895226,1.0,2543.7619052364257,1.0,1694.486680458927,1.0,1227.1519133833349,1.0,968.4315803534492,1.0,747.0462427465811,1.0,584.5585589371253,1.0,426.5501304700758,1.0,275.0124375455614,0.0,130.63843724607068,0.0,111.9210567193
ens2,2023-24,36,2024-02-17,3,235.9003895106673,411.0,6882.191596197623,1.0,4928.172821422146,1.0,3498.639458931402,1.0,2146.905636221748,1.0,1567.4974119716862,1.0,1187.1961552652242,1.0,902.2739906083123,0.0,681.0999218831031,0.0,502.8635610677735,0.0,298.4659913115689,0.0,133.1105746055731,0.0,234.7724387027
ens3,2023-24,36,2024-02-17,0,69.067240996637,782.0,2193.504415091546,1.0,1588.9639304696695,1.0,1200.8969509838985,1.0,903.8378201757715,1.0,667.3492308688653,1.0,524.3900613891747,1.0,411.31918291426257,1.0,311.01424668624566,1.0,229.7152355709053,1.0,146.39891971187626,1.0,69.45765893976989,1.0,9.7912913043
ens3,2023-24,36,2024-02-17,1,93.70573717838357,764.0,3260.0788353547396,1.0,2393.0879661621047,1.0,1759.7932856001337,1.0,1197.5217833109211,1.0,930.0355408662977,1.0,707.0528185034213,1.0,539.5071643452607,1.0,424.2142783869881,1.0,294.9071884272455,1.0,190.2457978567902,1.0,88.43859006494381,1.0,23.1395582136
ens3,2023-24,36,2024-02-17,2,132.5223419195183,593.0,4841.622756295294,1.0,3393.9939927930077,1.0,2369.7842538928844,1.0,1581.2447154145398,1.0,1154.9207800717274,1.0,907.8075695948364,1.0,700.9948900743163,1.0,544.114221257455,1.0,396.0032256024101,1.0,256.32623896696214,0.0,123.20073674554737,0.0,111.9210567193
ens3,2023-24,36,2024-02-17,3,196.69999718399194,411.0,6387.535681934754,1.0,4501.862590014202,1.0,3166.3497177913973,1.0,1961.2575303500203,1.0,1429.1490725437793,1.0,1083.0897124026205,1.0,826.2402031436463,1.0,623.9797709058644,0.0,457.7082807736109,0.0,278.7970497717897,0.0,128.80411677042105,0.0,234.7724387027
pf,2023-24,42,2024-02-17,0,47.092391381754624,493.0,1179.2433501198996,1.0,927.7710527753434,1.0,738.7571149192131,1.0,550.20075731118,1.0,435.61053121227786,1.0,349.9948821590652,1.0,277.9063840427204,1.0,212.90645261319662,1.0,153.8869848652185,1.0,99.72800153701621,1.0,49.6635935099888,0.0,8.2509347826
pf,2023-24,42,2024-02-17,1,73.12216254965163,540.0,2326.723651961835,1.0,1695.4532668165334,1.0,1272.4687554344528,1.0,904.00853937746,1.0,701.5241647435917,1.0,551.6337247163774,1.0,434.27453151532103,1.0,331.56888231109434,1.0,243.90360811167722,1.0,160.69362531040684,1.0,78.62404755189789,1.0,27.0500470706
pf,2023-24,42,2024-02-17,2,113.27831079112512,511.0,4129.421247360265,1.0,2829.691587124898,1.0,2088.219081062274,1.0,1388.4871593713362,1.0,1033.9710545116889,1.0,795.5907883517768,1.0,612.3014962088257,1.0,468.7072451798369,1.0,337.4522636171058,1.0,221.69034338903555,1.0,108.06042286626655,0.0,22.128841152
pf,2023-24,42,2024-02-17,3,192.38828300669704,367.0,5982.43099202043,1.0,4119.931523070551,1.0,2966.4349812035975,1.0,1924.3004937102346,1.0,1410.4271370589195,1.0,1067.7833929924761,1.0,825.2526310358573,1.0,624.9429935731158,0.0,449.8353381763212,0.0,291.1193818881819,0.0,142.04693030613225,0.0,76.2532977175
analogue,2023-24,42,2024-02-17,0,48.915157471859914,493.0,1964.396666666667,1.0,1330.6666666666667,1.0,942.5555555555557,1.0,718.9354231974926,1.0,477.12429521697754,1.0,368.15016009148115,1.0,282.32894736842115,1.0,206.72857142857129,1.0,154.00953345210166,1.0,93.39918173050057,1.0,41.17747449682935,1.0,8.2509347826
analogue,2023-24,42,2024-02-17,1,65.09119527467604,540.0,2367.5922826086958,1.0,1801.5979166666639,1.0,1297.4,1.0,831.6666666666665,1.0,660.1677321603129,1.0,472.4946700383397,1.0,342.7029448621554,1.0,284.6545208137179,1.0,181.74372942958394,1.0,114.50803289057563,1.0,47.060219421101806,0.0,27.0500470706
analogue,2023-24,42,2024-02-17,2,83.73104722824839,511.0,2987.679333333332,1.0,2312.8649999999975,1.0,1570.4472638680659,1.0,1054.5624725274727,1.0,757.3542589755268,1.0,618.0596491228072,1.0,479.625946969697,1.0,387.3028723227628,1.0,286.7237903225807,1.0,185.10011760661502,1.0,83.38716351039932,1.0,22.128841152
analogue,2023-24,42,2024-02-17,3,119.31016797041754,367.0,3745.4939999999974,1.0,2863.364459247649,1.0,2135.927916666666,1.0,1277.700347826087,1.0,956.6026973684209,1.0,743.7721745310588,1.0,573.1046636578551,1.0,433.2494117647053,1.0,330.49340725310964,0.0,178.97265525722474,0.0,69.36977224164724,0.0,76.2532977175
ens2,2023-24,42,2024-02-17,0,47.49857934791973,493.0,1571.8200083932834,1.0,1129.218859721005,1.0,840.6563352373844,1.0,634.5680902543363,1.0,456.36741321462773,1.0,359.07252112527317,1.0,280.11766570557074,1.0,209.81751202088395,1.0,153.9482591586601,1.0,96.56359163375834,1.0,45.4205340034091,1.0,8.2509347826
ens2,2023-24,42,2024-02-17,1,67.30993889356651,540.0,2347.157967285265,1.0,1748.5255917415986,1.0,1284.9343777172264,1.0,867.8376030220633,1.0,680.8459484519524,1.0,512.0641973773586,1.0,388.4887381887381,1.0,308.1117015624061,1.0,212.82366877063055,1.0,137.6008291004913,1.0,62.84213348649985,1.0,27.0500470706
ens2,2023-24,42,2024-02-17,2,96.81321312992426,511.0,3558.550290346798,1.0,2571.2782935624477,1.0,1829.33317246517,1.0,1221.5248159494045,1.0,895.6626567436077,1.0,706.8252187372921,1.0,545.9637215892615,1.0,428.0050587512999,1.0,312.08802696984327,1.0,203.3952304978253,1.0,95.72379318833293,0.0,22.128841152
ens2,2023-24,42,2024-02-17,3,155.33490323791793,367.0,4863.962496010213,1.0,3491.6479911590995,1.0,2551.181448935132,1.0,1601.000420768161,1.0,1183.5149172136703,1.0,905.7777837617673,1.0,699.178647346856,1.0,529.0962026689106,0.0,390.16437271471534,0.0,235.04601857270336,0.0,105.70835127388978,0.0,76.2532977175
ens3,2023-24,42,2024-02-17,0,46.44850548656571,493.0,1435.207406574279,1.0,1056.782708997403,1.0,804.5782483366536,1.0,604.4290005322052,1.0,446.08525336490135,1.0,352.1304539853986,1.0,276.476767792705,1.0,209.16409010951895,1.0,153.49243954896133,1.0,97.85849296621473,1.0,47.17929938643039,1.0,8.2509347826
ens3,2023-24,42,2024-02-17,1,67.66217667854922,540.0,2258.663707869405,1.0,1684.8357836018135,1.0,1253.1927919402485,1.0,859.6523106406917,1.0,669.2418669294871,1.0,512.4544733452323,1.0,393.05585322602894,1.0,308.5402923538595,1.0,217.32831854598908,1.0,141.4001200842951,1.0,66.73964536534675,1.0,27.0500470706
ens3,2023-24,42,2024-02-17,2,93.46258062496464,511.0,3489.740570488245,1.0,2499.8177078980193,1.0,1788.8101934586891,1.0,1199.9880543031422,1.0,884.9933510755125,1.0,695.7117117334034,1.0,538.9033593680452,1.0,417.52499138086574,1.0,303.16139470831047,1.0,197.09502826662134,1.0,94.5990591669829,1.0,22.128841152
ens3,2023-24,42,2024-02-17,3,139.04012446568234,367.0,4746.143613562358,1.0,3357.8266745649007,1.0,2426.1095528610804,1.0,1542.3859351474787,1.0,1137.9906968701507,1.0,873.2005085411515,1.0,673.2700921475549,1.0,507.2710215535473,1.0,368.584085627143,0.0,225.98309447739854,0.0,104.16460393715954,0.0,76.2532977175
pf,2023-24,50,2024-02-17,0,3.896248453336525,26.0,72.16560749852556,1.0,55.09862847942697,1.0,43.284057456809016,1.0,30.82091080299827,1.0,24.21357430133712,1.0,19.00275693225762,1.0,15.488662166091732,1.0,11.673848271820312,0.0,8.967669900894528,0.0,5.925363787097265,0.0,2.836432488329354,0.0,3.314626087
pf,2023-24,50,2024-02-17,1,6.658902719780526,30.0,115.04499107709411,1.0,79.13843830067596,1.0,57.330183286672074,1.0,40.21929438663386,1.0,30.61555283530394,1.0,24.236898801806678,1.0,18.757423818064453,0.0,13.724213339963836,0.0,10.07382239924619,0.0,6.78002497458905,0.0,3.841205585090105,0.0,5.8511209388
pf,2023-24,50,2024-02-17,2,7.295188474967255,29.0,159.22543306123995,1.0,107.16544329441925,1.0,73.22686643232741,1.0,47.50689233064405,1.0,35.04929589217639,1.0,27.204452951631275,1.0,21.0753228617735,0.0,15.745211850489607,0.0,10.668091491449367,0.0,7.389961029211296,0.0,3.895724054910808,0.0,4.8056564381
pf,2023-24,50,2024-02-17,3,6.256560063552135,24.0,188.9040902167287,1.0,125.62428259081653,1.0,83.41024142898858,1.0,53.01952865095781,1.0,38.14019455816469,1.0,29.24013474096592,1.0,22.177892512002472,1.0,16.849888823425974,0.0,11.612795903046322,0.0,7.428812536612925,0.0,3.950242524731511,0.0,2.0633360423
analogue,2023-24,50,2024-02-17,0,3.119360385969446,26.0,82.67000000000002,1.0,56.0,1.0,39.66666666666667,1.0,30.255799373040773,1.0,20.079379157427915,1.0,15.493293310463136,1.0,11.881578947368425,1.0,8.699999999999996,0.0,6.481363131250774,0.0,3.9306268864539327,0.0,1.7329197684036401,0.0,3.314626087
analogue,2023-24,50,2024-02-17,1,4.885862700586247,30.0,99.63815217391304,1.0,75.81874999999988,1.0,54.6,1.0,35.0,1.0,27.782609970674486,1.0,19.88454523207442,1.0,14.42236842105263,0.0,11.97944877171959,0.0,7.648533703449424,0.0,4.818975332068312,0.0,1.9804901960784314,0.0,5.8511209388
analogue,2023-24,50,2024-02-17,2,4.522596555689474,29.0,125.73399999999995,1.0,97.33499999999988,1.0,66.09096701649176,1.0,44.38038461538462,1.0,31.87262412522257,1.0,26.010526315789477,1.0,20.184659090909093,1.0,16.299319276108257,1.0,12.06653225806452,0.0,7.789784508494819,0.0,3.50927942628935,0.0,4.8056564381
analogue,2023-24,50,2024-02-17,3,4.377311574194564,24.0,157.62599999999992,1.0,120.50231191222571,1.0,89.88874999999997,1.0,53.77095652173913,1.0,40.25782894736841,1.0,31.30103339709867,1.0,24.11863313990973,1.0,18.23294117647056,1.0,13.908540185000604,1.0,7.5319153515064485,1.0,2.919369172494175,0.0,2.0633360423
ens2,2023-24,50,2024-02-17,0,3.507804419652986,26.0,77.41780374926279,1.0,55.54931423971348,1.0,41.47536206173784,1.0,30.53835508801952,1.0,22.146476729382513,1.0,17.248025121360374,1.0,13.685120556730077,1.0,10.186924135910154,0.0,7.724516516072651,0.0,4.927995336775595,0.0,2.284676128366499,0.0,3.314626087
ens2,2023-24,50,2024-02-17,1,5.772382710183387,30.0,107.34157162550358,1.0,77.47859415033791,1.0,55.96509164333603,1.0,37.60964719331693,1.0,29.19908140298922,1.0,22.06072201694055,1.0,16.589896119558542,0.0,12.851831055841712,0.0,8.861178051347805,0.0,5.799500153328683,0.0,2.9108478905842716,0.0,5.8511209388
ens2,2023-24,50,2024-02-17,2,5.778637532649514,29.0,142.47971653061995,1.0,102.25022164720957,1.0,69.65891672440958,1.0,45.94363847301433,1.0,33.46096000869947,1.0,26.607489633710372,1.0,20.629990976341297,1.0,16.022265563298934,0.0,11.367311874756943,0.0,7.589872768853057,0.0,3.7025017406000806,0.0,4.8056564381
ens2,2023-24,50,2024-02-17,3,5.051871259548717,24.0,173.26504510836432,1.0,123.06329725152112,1.0,86.64949571449428,1.0,53.395242586348466,1.0,39.19901175276655,1.0,30.270584069032296,1.0,23.148262825956103,1.0,17.541414999948266,1.0,12.760668044023463,1.0,7.480363944059686,0.0,3.434805848612841,0.0,2.0633360423
ens3,2023-24,50,2024-02-17,0,3.7010321131549717,26.0,78.80346982389162,1.0,56.63885603761092,1.0,42.95826705137046,1.0,31.472782149312994,1.0,23.148405507976335,1.0,18.249645635845393,1.0,14.511598684915601,1.0,11.00332364314529,0.0,8.3422820995501,0.0,5.119705033076293,0.0,2.5522244270028374,0.0,3.314626087
ens3,2023-24,50,2024-02-17,1,6.226321222505827,30.0,115.38514275070587,1.0,81.36824975360646,1.0,58.33350716332563,1.0,38.982764892110765,1.0,29.991729575420575,1.0,22.969031647951326,1.0,17.500948682216872,0.0,13.263189785877021,0.0,9.315716770903364,0.0,6.077416519231853,0.0,3.29368645420978,0.0,5.8511209388
ens3,2023-24,50,2024-02-17,2,6.483666530923485,29.0,158.11589413302156,1.0,106.9399427174739,1.0,71.76200448779946,1.0,46.8013098863128,1.0,34.28624915708699,1.0,26.718634723188394,1.0,20.57836162610412,1.0,15.775593630692065,0.0,11.456209540155056,0.0,7.596105039021904,0.0,3.5893785609919284,0.0,4.8056564381
ens3,2023-24,50,2024-02-17,3,5.546244421139105,24.0,183.76264098896308,1.0,125.55448906805005,1.0,85.94682534298637,1.0,53.195132155216236,1.0,38.6043993465841,1.0,29.43653640990884,1.0,22.32852114277401,1.0,16.723249315032476,1.0,12.148843430975205,0.0,7.443933146131705,0.0,3.359844932144421,0.0,2.0633360423
pf,2023-24,56,2024-02-17,0,8.073392489766231,27.0,146.15703446063873,1.0,112.24002818378709,1.0,87.53316772656241,1.0,64.4453984179284,1.0,50.740251429435226,1.0,40.38478271124163,1.0,31.20399114682877,0.0,24.167024406723154,0.0,17.30776401910356,0.0,11.538509346069041,0.0,5.726532050193221,0.0,12.2976695652
pf,2023-24,56,2024-02-17,1,8.183095025549243,25.0,214.13812057895336,1.0,151.17282984929295,1.0,113.97979640137127,1.0,79.71824878269547,1.0,60.12841646808289,1.0,47.359572544615006,1.0,37.632765564478305,1.0,27.880401971067403,0.0,20.483412756796586,0.0,12.80753299826518,0.0,6.712214456353891,0.0,12.692247574
pf,2023-24,56,2024-02-17,2,10.787815382426757,15.0,242.82105475326597,1.0,174.08657432587387,1.0,128.07745374136633,1.0,88.14455936500924,1.0,66.92335420720042,1.0,51.85803645949491,1.0,40.360938151142136,0.0,30.82970037911492,0.0,22.74378223397594,0.0,13.91309668387714,0.0,6.871838460231864,0.0,19.0808518959
pf,2023-24,56,2024-02-17,3,10.260501707717077,11.0,237.69633277759462,1.0,168.48583829718407,1.0,125.7697518721525,1.0,87.00056454009562,1.0,65.76950327259351,1.0,50.79680335985597,1.0,39.26437451093187,0.0,29.92107783689533,0.0,21.819799306067264,0.0,13.908805200337483,0.0,6.904864116206614,0.0,21.1359065465
analogue,2023-24,56,2024-02-17,0,9.931653198304163,27.0,173.21333333333337,1.0,117.33333333333333,1.0,83.11111111111111,1.0,63.393103448275895,1.0,42.071080139372775,0.0,32.462138364779904,0.0,24.894736842105267,0.0,18.22857142857142,0.0,13.579998941668286,0.0,8.235599190665383,0.0,3.6308795147504824,0.0,12.2976695652
analogue,2023-24,56,2024-02-17,1,11.597863789019375,25.0,208.76565217391305,1.0,158.8583333333331,1.0,114.4,1.0,73.33333333333333,1.0,58.211182795698925,1.0,41.662856676727344,0.0,30.218295739348367,0.0,25.0997974264601,0.0,16.025499188179744,0.0,10.09690069576218,0.0,4.149598506069097,0.0,12.692247574
analogue,2023-24,56,2024-02-17,2,19.72342493343034,15.0,263.4426666666665,1.0,203.93999999999974,1.0,138.47631184407797,0.0,92.98747252747253,0.0,66.7807362623711,0.0,54.49824561403509,0.0,42.29166666666667,0.0,34.15095467375063,0.0,25.282258064516135,0.0,16.3214532558939,0.0,7.352775940796732,0.0,19.0808518959
analogue,2023-24,56,2024-02-17,3,23.58878219878648,11.0,330.2639999999998,1.0,252.48103448275862,0.0,188.33833333333328,0.0,112.66295652173913,0.0,84.34973684210524,0.0,65.58311759392103,0.0,50.53427895981086,0.0,38.202352941176414,0.0,29.14170324476317,0.0,15.78115597458494,0.0,6.116773504273503,0.0,21.1359065465
ens2,2023-24,56,2024-02-17,0,8.840344323034714,27.0,159.68518389698605,1.0,114.78668075856021,1.0,85.32213941883676,1.0,63.91925093310215,1.0,46.405665784404,1.0,36.42346053801076,0.0,28.049363994467015,0.0,21.197797917647286,0.0,15.443881480385926,0.0,9.887054268367216,0.0,4.678705782471852,0.0,12.2976695652
ens2,2023-24,56,2024-02-17,1,9.629537325830661,25.0,211.4518863764332,1.0,155.01558159131304,1.0,114.18989820068563,1.0,76.52579105801439,1.0,59.169799631890896,1.0,44.511214610671175,1.0,33.925530651913334,0.0,26.49009969876375,0.0,18.25445597248816,0.0,11.45221684701368,0.0,5.430906481211494,0.0,12.692247574
ens2,2023-24,56,2024-02-17,2,14.85337754511397,15.0,253.13186070996622,1.0,189.01328716293682,1.0,133.27688279272215,1.0,90.5660159462409,1.0,66.85204523478575,0.0,53.17814103676501,0.0,41.3263024089044,0.0,32.49032752643278,0.0,24.01302014924603,0.0,15.117274969885514,0.0,7.1123072005143015,0.0,19.0808518959
ens2,2023-24,56,2024-02-17,3,16.36020174480329,11.0,283.9801663887972,1.0,210.48343638997133,1.0,157.0540426027429,1.0,99.83176053091738,0.0,75.05962005734938,0.0,58.189960476888494,0.0,44.89932673537136,0.0,34.06171538903587,0.0,25.480751275415216,0.0,14.844980587461215,0.0,6.51081881024006,0.0,21.1359065465
ens3,2023-24,56,2024-02-17,0,8.877829208161403,27.0,170.21801539815266,1.0,123.18093673521557,1.0,92.51677572506176,1.0,68.22435238767412,1.0,50.67811216046641,1.0,39.65488819707313,1.0,30.873793283937058,0.0,23.313483281711456,0.0,17.186670161792847,0.0,10.998546153819177,0.0,5.317800158435098,0.0,12.2976695652
ens3,2023-24,56,2024-02-17,1,9.528953542406283,25.0,241.96076942128062,1.0,174.58989914918462,1.0,127.77787566908528,1.0,84.98462649119617,1.0,64.73115724431334,1.0,49.22667386905845,1.0,37.77393127507197,1.0,29.150833037344885,0.0,20.65469784879184,0.0,13.099206241522623,0.0,6.477999536759761,0.0,12.692247574
ens3,2023-24,56,2024-02-17,2,13.704013105998637,15.0,286.6485706607079,1.0,208.08733196573255,1.0,146.8790809758773,1.0,98.48750211291642,1.0,72.41037308538387,1.0,56.735287284354065,0.0,43.7220084432645,0.0,34.07975896250469,0.0,24.791665232869498,0.0,15.923224947800676,0.0,7.63838201344079,0.0,19.0808518959
ens3,2023-24,56,2024-02-17,3,14.194060499032167,11.0,299.994813540644,1.0,218.16514938762703,1.0,161.13340285136655,1.0,102.8324460276003,1.0,76.42370234634592,0.0,59.083669130635194,0.0,44.99894693340444,0.0,34.06756893831331,0.0,25.126425748880212,0.0,15.052314967033102,0.0,7.225131406766394,0.0,21.1359065465
pf,2023-24,02,2024-02-24,0,1.7165651368681276,11.0,50.77169342968104,1.0,37.384140824700864,1.0,29.345037818816962,1.0,21.025611577799488,1.0,16.24605020495233,1.0,13.611087400277057,1.0,10.321209715709916,1.0,7.534268659445868,1.0,6.0758698817637224,1.0,3.7410681439961397,1.0,1.5553980806149283,1.0,0.8578521739
pf,2023-24,02,2024-02-24,1,4.262599324696612,5.0,122.26540952238672,1.0,78.01504112365622,1.0,54.76322318681408,1.0,34.60289292284162,1.0,25.471266598518177,1.0,19.778588863134107,1.0,14.816564190199383,0.0,11.145005874808032,0.0,8.569915311094483,0.0,5.094253319703634,0.0,2.547126659851818,0.0,2.7722601042
pf,2023-24,02,2024-02-24,2,4.5002431971589525,9.0,286.0551507867395,1.0,167.10104376516088,1.0,98.51479445856499,1.0,56.94598590297874,1.0,39.58615125921156,1.0,28.481681680064966,1.0,22.149094374271552,1.0,16.07859221434729,1.0,11.462069969333179,1.0,7.2963519811685735,1.0,2.864190754376965,0.0,1.8198135025
pf,2023-24,02,2024-02-24,3,6.503945087579019,10.0,473.86863157284427,1.0,287.3067804675888,1.0,167.22361316071655,1.0,89.14943309481362,1.0,59.80400907341716,1.0,42.07728934132577,1.0,29.685260751852358,1.0,21.783279685043095,1.0,15.282759959110905,1.0,9.19677806017038,1.0,4.875137387178739,0.0,2.0942686618
analogue,2023-24,02,2024-02-24,0,1.0438867110719965,11.0,37.52873563218385,1.0,26.0,1.0,18.047619047619037,1.0,14.361590038314182,1.0,9.216182074282742,1.0,7.507044065386081,1.0,5.747126436781608,1.0,4.367023778416511,1.0,3.0931818181818187,1.0,2.0503075871496907,1.0,0.9707707125015865,0.0,0.8578521739
analogue,2023-24,02,2024-02-24,1,3.455369930112508,5.0,47.416531385281424,1.0,36.61231884057971,1.0,25.853281853281857,1.0,16.666666666666664,1.0,13.290450928381965,0.0,9.223125564588978,0.0,7.29862757091521,0.0,5.421199116933275,0.0,4.397190893901421,0.0,2.693498452012383,0.0,1.2736943907156668,0.0,2.7722601042
analogue,2023-24,02,2024-02-24,2,1.9930120885406017,9.0,59.23333333333334,1.0,46.92595108695652,1.0,31.256284038542105,1.0,22.293999104343932,1.0,15.70623510849836,1.0,13.37962962962963,1.0,10.354289414692698,1.0,7.793521097546523,1.0,5.758569066107892,1.0,3.8251366120218577,0.0,2.523148148148149,0.0,1.8198135025
analogue,2023-24,02,2024-02-24,3,2.0033503323085378,10.0,72.36000000000001,1.0,56.98220338983051,1.0,42.92890442890442,1.0,26.27093596059114,1.0,19.124137931034483,1.0,14.879892037786776,1.0,11.07079190180938,1.0,8.604329916658683,1.0,6.428571428571429,1.0,3.676190476190474,1.0,1.9320652173913082,1.0,2.0942686618
ens2,2023-24,02,2024-02-24,0,1.3700231383132315,11.0,44.15021453093244,1.0,31.692070412350432,1.0,23.696328433217996,1.0,17.693600808056836,1.0,12.731116139617535,1.0,10.559065732831572,1.0,8.034168076245763,1.0,5.9506462189311895,1.0,4.584525849972771,1.0,2.8956878655729152,1.0,1.2630843965582574,1.0,0.8578521739
ens2,2023-24,02,2024-02-24,1,3.814988577781148,5.0,84.84097045383407,1.0,57.31367998211797,1.0,40.308252520047965,1.0,25.63477979475414,1.0,19.38085876345007,1.0,14.50085721386154,0.0,11.057595880557297,0.0,8.28310249587065,0.0,6.483553102497954,0.0,3.8938758858580087,0.0,1.9104105252837407,0.0,2.7722601042
ens2,2023-24,02,2024-02-24,2,3.2429295258707054,9.0,172.6442420600364,1.0,107.0134974260587,1.0,64.88553924855354,1.0,39.61999250366134,1.0,27.646193183854958,1.0,20.9306556548473,1.0,16.251691894482125,1.0,11.936056655946906,1.0,8.610319517720537,1.0,5.560744296595216,0.0,2.693669451262556,0.0,1.8198135025
ens2,2023-24,02,2024-02-24,3,4.253647709943778,10.0,273.11431578642214,1.0,172.14449192870964,1.0,105.07625879481049,1.0,57.71018452770238,1.0,39.46407350222583,1.0,28.478590689556277,1.0,20.37802632683087,1.0,15.193804800850888,1.0,10.855665693841168,1.0,6.436484268180429,1.0,3.4036013022850238,0.0,2.0942686618
ens3,2023-24,02,2024-02-24,0,1.5069729001293646,11.0,46.99481232724323,1.0,33.863814859367395,1.0,25.463885748453436,1.0,19.184787493313777,1.0,14.13405555640062,1.0,11.391717776878682,1.0,8.877686290324995,1.0,6.601297875280702,1.0,4.835280186975998,1.0,3.240578491417608,1.0,1.3169920687063108,0.0,0.8578521739
ens3,2023-24,02,2024-02-24,1,3.6600317114689718,5.0,97.83056747013522,1.0,64.32316371802446,1.0,43.6046087020685,1.0,28.073286854140818,1.0,21.180094254574126,1.0,15.813705733225255,0.0,11.793549257490493,0.0,9.04364257007492,0.0,6.956569130991875,0.0,4.3368535059017255,0.0,1.748542821189968,0.0,2.7722601042
ens3,2023-24,02,2024-02-24,2,3.3585813313836668,9.0,207.29390130631472,1.0,120.20417419035843,1.0,73.11129732029242,1.0,43.09659751039808,1.0,29.746881072213156,1.0,22.317509255364268,1.0,17.000706323917246,1.0,12.379189774416899,1.0,9.24782668405293,1.0,5.896512958034824,1.0,3.0717055140460463,0.0,1.8198135025
ens3,2023-24,02,2024-02-24,3,4.471180206633259,10.0,325.2010987065808,1.0,197.96566488882306,1.0,117.49135197260854,1.0,62.6240926522394,1.0,41.71743301321019,1.0,29.86657868051494,1.0,21.508892923416504,1.0,15.836637391885947,1.0,11.203608405216414,1.0,6.516787000659573,1.0,3.5747697213539738,1.0,2.0942686618
pf,2023-24,06,2024-02-24,0,24.739795385011522,266.0,512.7907447554593,1.0,395.74482090182244,1.0,315.59457255876083,1.0,234.0447710261429,1.0,184.13423675764298,1.0,147.01510087228965,1.0,117.28087881499948,1.0,90.34278776153067,1.0,65.40194871464408,0.0,43.19938502594107,0.0,21.3767883265796,0.0,13.8894630435
pf,2023-24,06,2024-02-24,1,24.99353754747285,207.0,867.815983119972,1.0,602.6676643499954,1.0,443.08102989946707,1.0,309.21835348252455,1.0,238.67161478656595,1.0,186.5159775320869,1.0,146.09338907870793,1.0,111.20102544845676,1.0,80.74880856138753,1.0,52.373892085227,1.0,26.160963050674468,1.0,46.0018263184
pf,2023-24,06,2024-02-24,2,32.405208304044045,188.0,1568.938129663264,1.0,965.1602015111064,1.0,640.1992427651425,1.0,405.0118606801302,1.0,301.3338276893009,1.0,230.37796580098274,1.0,178.01842556094596,1.0,134.71772880428205,1.0,97.67874154672774,1.0,63.00010201458943,1.0,30.400490260157966,0.0,59.8568438693
pf,2023-24,06,2024-02-24,3,41.96372574154621,175.0,2886.4750882560916,1.0,1558.917218725837,1.0,943.6049556899526,1.0,544.8912601643761,1.0,379.8410043058122,1.0,279.6403364330117,1.0,210.76061827709037,1.0,157.34838436942616,1.0,111.1129644439832,1.0,70.90244623366603,1.0,34.5301225135554,0.0,70.4446047067
analogue,2023-24,06,2024-02-24,0,27.71154909627771,266.0,1028.2873563218375,1.0,712.4,1.0,494.5047619047616,1.0,393.5075670498086,1.0,252.52338883534713,1.0,205.6930073915786,1.0,157.47126436781608,1.0,119.6564515286124,1.0,84.75318181818184,1.0,56.178427887901535,1.0,26.59911752254345,0.0,13.8894630435
analogue,2023-24,06,2024-02-24,1,53.876711906927895,207.0,1299.212959956711,1.0,1003.177536231884,1.0,708.3799227799229,1.0,456.66666666666663,1.0,364.1583554376658,1.0,252.713640469738,1.0,199.98239544307674,0.0,148.5408558039717,0.0,120.4830304928989,0.0,73.80185758513932,0.0,34.89922630560926,0.0,46.0018263184
analogue,2023-24,06,2024-02-24,2,73.84724220843475,188.0,1622.9933333333336,1.0,1285.7710597826087,1.0,856.4221826560536,1.0,610.8555754590237,1.0,430.350841972855,1.0,366.60185185185185,1.0,283.7075299625799,0.0,213.54247807277474,0.0,157.78479241135628,0.0,104.8087431693989,0.0,69.1342592592593,0.0,59.8568438693
analogue,2023-24,06,2024-02-24,3,87.54045983235436,175.0,1982.6640000000004,1.0,1561.312372881356,1.0,1176.251981351981,1.0,719.8236453201972,1.0,524.0013793103449,1.0,407.70904183535765,0.0,303.33969810957706,0.0,235.75863971644787,0.0,176.14285714285717,0.0,100.72761904761904,0.0,52.93858695652182,0.0,70.4446047067
ens2,2023-24,06,2024-02-24,0,23.551318469328056,266.0,770.5390505386483,1.0,554.0724104509112,1.0,405.0496672317612,1.0,313.7761690379757,1.0,218.32881279649507,1.0,176.3540541319341,1.0,137.37607159140777,1.0,104.99961964507153,1.0,75.07756526641293,1.0,49.6889064569213,1.0,23.98795292456151,1.0,13.8894630435
ens2,2023-24,06,2024-02-24,1,33.73532861802231,207.0,1083.5144715383415,1.0,802.9226002909397,1.0,575.7304763396951,1.0,382.94251007459553,1.0,301.41498511211586,1.0,219.61480900091243,1.0,173.0378922608923,1.0,129.8709406262142,1.0,100.6159195271432,1.0,63.08787483518313,0.0,30.530094678141893,0.0,46.0018263184
ens2,2023-24,06,2024-02-24,2,45.568530209016565,188.0,1595.9657314982987,1.0,1125.4656306468576,1.0,748.310712710598,1.0,507.93371806957697,1.0,365.84233483107795,1.0,298.48990882641726,1.0,230.8629777617629,1.0,174.13010343852838,1.0,127.73176697904199,1.0,83.90442259199415,0.0,49.767374759708616,0.0,59.8568438693
ens2,2023-24,06,2024-02-24,3,53.35972104948178,175.0,2434.569544128046,1.0,1560.1147958035965,1.0,1059.9284685209668,1.0,632.3574527422867,1.0,451.9211918080785,1.0,343.6746891341847,1.0,257.05015819333374,1.0,196.55351204293703,1.0,143.6279107934202,1.0,85.8150326406425,0.0,43.73435473503861,0.0,70.4446047067
ens3,2023-24,06,2024-02-24,0,23.57739814307805,266.0,670.1089817032312,1.0,491.45497067920337,1.0,368.30339585113916,1.0,282.98089915674694,1.0,203.8369863832518,1.0,164.33247025623828,1.0,129.0717975239493,1.0,99.01694377319717,1.0,71.25150945023725,1.0,46.87019728594291,1.0,23.084697598132777,0.0,13.8894630435
ens3,2023-24,06,2024-02-24,1,27.311658677478675,207.0,940.5743402986186,1.0,695.6152545696405,1.0,506.31319691138197,1.0,343.32694282690466,1.0,268.87127225408966,1.0,200.00571484658082,1.0,157.6224362237303,1.0,118.77462870998673,1.0,90.6432961966359,1.0,57.40698604934366,1.0,27.867198818199256,1.0,46.0018263184
ens3,2023-24,06,2024-02-24,2,34.95282422529649,188.0,1379.9589971971188,1.0,958.1699439000363,1.0,647.7837099110794,1.0,437.3590144822606,1.0,317.8351932281374,1.0,256.5079640511588,1.0,198.2367990586066,1.0,150.31190362807575,1.0,109.74513724479485,1.0,72.19523911202532,1.0,41.10389319350202,1.0,59.8568438693
ens3,2023-24,06,2024-02-24,3,40.084548050461564,175.0,2085.618623850766,1.0,1311.4657318832822,1.0,883.2316460136101,1.0,531.6327121912424,1.0,380.1289482125678,1.0,288.0413486950994,1.0,216.55580303508214,1.0,165.0897437115719,1.0,120.29645678516243,1.0,72.89713896052984,1.0,37.184177480359835,1.0,70.4446047067
pf,2023-24,36,2024-02-24,0,71.9433119431279,764.0,1862.7177644817716,1.0,1454.20136725899,1.0,1155.6283431633565,1.0,859.100148964041,1.0,685.1931553825377,1.0,550.670304835786,1.0,434.1255938713176,1.0,335.04152645423767,1.0,244.9463288163306,1.0,161.51118065828643,1.0,80.06802893873225,0.0,22.2533173913
pf,2023-24,36,2024-02-24,1,148.05412376461956,593.0,3411.543036605652,1.0,2501.1361273652683,1.0,1904.0811526970817,1.0,1329.9495817653058,1.0,1027.111403830429,1.0,808.8816871141827,1.0,638.9777467781752,1.0,488.19343354199316,0.0,353.9135861042091,0.0,231.5660844932246,0.0,111.79711720576097,0.0,128.6466579532
pf,2023-24,36,2024-02-24,2,267.1798787749322,411.0,5822.243006049754,1.0,4011.000323151155,1.0,2873.7907202190204,1.0,1937.124234555516,1.0,1443.34826742874,1.0,1127.4920637037062,0.0,869.8603189682563,0.0,656.0260622916633,0.0,473.21747199243146,0.0,307.32422203934925,0.0,153.01383767818288,0.0,256.8314439685
pf,2023-24,36,2024-02-24,3,325.371445783322,355.0,8364.449512218183,1.0,5727.717771073066,1.0,3985.791030185231,1.0,2596.030750414874,1.0,1917.2855719512843,1.0,1445.5593165910766,0.0,1109.7106625796082,0.0,835.3317114301183,0.0,596.7289032058295,0.0,388.2962393452401,0.0,195.14460280702212,0.0,289.9572700707
analogue,2023-24,36,2024-02-24,0,82.10310569867994,764.0,2994.7931034482717,1.0,2074.8,1.0,1440.1999999999991,1.0,1146.0548850574717,1.0,735.4513295277628,1.0,599.0621164178092,1.0,458.62068965517244,1.0,348.4884975176375,1.0,246.835909090909,1.0,163.61454545454535,1.0,77.46750285762664,0.0,22.2533173913
analogue,2023-24,36,2024-02-24,1,161.63077917165262,593.0,3783.8392045454575,1.0,2921.663043478261,1.0,2063.091891891892,1.0,1329.9999999999998,1.0,1060.5779840848807,1.0,736.0054200542005,1.0,582.4304801590338,0.0,432.6116895312754,0.0,350.89583333333337,0.0,214.9411764705883,0.0,101.64081237911023,0.0,128.6466579532
analogue,2023-24,36,2024-02-24,2,290.57329031575904,411.0,4726.820000000001,1.0,3744.6908967391305,1.0,2494.25146627566,1.0,1779.061128526646,1.0,1253.357561658169,0.0,1067.6944444444446,0.0,826.2722952924771,0.0,621.9229835842126,0.0,459.53381147540995,0.0,305.2459016393443,0.0,201.34722222222229,0.0,256.8314439685
analogue,2023-24,36,2024-02-24,3,356.1065373506381,355.0,5774.328000000001,1.0,4547.179830508475,1.0,3425.726573426572,1.0,2096.4206896551727,0.0,1526.1062068965518,0.0,1187.4153846153847,0.0,883.4491937643887,0.0,686.6255273493629,0.0,513.0,0.0,293.36,0.0,154.17880434782637,0.0,289.9572700707
ens2,2023-24,36,2024-02-24,0,77.02320882090392,764.0,2428.7554339650214,1.0,1764.500683629495,1.0,1297.914171581678,1.0,1002.5775170107562,1.0,710.3222424551502,1.0,574.8662106267975,1.0,446.37314176324503,1.0,341.7650119859376,1.0,245.89111895361975,1.0,162.56286305641584,1.0,78.7677658981795,0.0,22.2533173913
ens2,2023-24,36,2024-02-24,1,154.35329693232194,593.0,3597.691120575555,1.0,2711.399585421764,1.0,1983.586522294487,1.0,1329.9747908826528,1.0,1043.8446939576547,1.0,772.4435535841916,1.0,610.7041134686044,1.0,460.40256153663427,0.0,352.4047097187712,0.0,223.2536304819065,0.0,106.7189647924356,0.0,128.6466579532
ens2,2023-24,36,2024-02-24,2,278.227125822953,411.0,5274.531503024877,1.0,3877.8456099451428,1.0,2684.02109324734,1.0,1858.0926815410812,1.0,1348.3529145434545,0.0,1097.5932540740755,0.0,848.0663071303667,0.0,638.9745229379378,0.0,466.3756417339206,0.0,306.2850618393468,0.0,177.18052995020253,0.0,256.8314439685
ens2,2023-24,36,2024-02-24,3,337.83734171034854,355.0,7069.388756109092,1.0,5137.44880079077,1.0,3705.7588018059014,1.0,2346.225720035023,1.0,1721.695889423918,0.0,1316.4873506032307,0.0,996.5799281719984,0.0,760.9786193897407,0.0,554.8644516029148,0.0,340.82811967262,0.0,174.6617035774243,0.0,289.9572700707
ens3,2023-24,36,2024-02-24,0,73.5448611795705,764.0,2218.9296738108314,1.0,1648.8242915914057,1.0,1242.9317542832212,1.0,947.627258172485,1.0,693.5363883472469,1.0,559.4105491662924,1.0,437.55201241752,1.0,335.61387919817105,1.0,242.48294271249074,1.0,160.1296311884446,1.0,78.70400093844137,1.0,22.2533173913
ens3,2023-24,36,2024-02-24,1,140.17939296442884,593.0,3419.6382923876504,1.0,2559.005263649201,1.0,1894.8132334333359,1.0,1293.5863021814203,1.0,1010.0347957966807,1.0,761.6273203171645,1.0,599.7115348741613,1.0,454.8286582276713,0.0,342.52339477269265,0.0,219.14321141066398,0.0,105.78602270885801,0.0,128.6466579532
ens3,2023-24,36,2024-02-24,2,244.70645157259142,411.0,5080.353895090787,1.0,3675.503725282626,1.0,2573.767057419195,1.0,1769.8251476744217,1.0,1302.8661291594833,1.0,1041.7863767083156,0.0,807.3646993562409,0.0,607.0022802514125,0.0,439.2361109819192,0.0,288.4547931302841,0.0,159.10584725321883,0.0,256.8314439685
ens3,2023-24,36,2024-02-24,3,286.07392623661747,355.0,6937.969717354037,1.0,4889.560690747762,1.0,3464.74064234267,1.0,2219.3016863329917,1.0,1622.154767207267,1.0,1239.8490531601292,0.0,937.9647909181673,0.0,713.0868948779894,0.0,519.2717664283516,0.0,324.2177488040452,0.0,162.89439932584708,0.0,289.9572700707
pf,2023-24,42,2024-02-24,0,44.44622821982474,540.0,1082.148667647118,1.0,853.7019965853383,1.0,673.3560901400867,1.0,506.38671413989465,1.0,401.3553302704583,1.0,322.26205223472664,1.0,255.7071679370257,1.0,197.76176232712555,1.0,145.61738246114362,1.0,94.8335046465711,1.0,47.902875513773836,0.0,36.2660217391
pf,2023-24,42,2024-02-24,1,64.7390922991542,511.0,2069.505318038741,1.0,1522.9986970896887,1.0,1143.724608416927,1.0,810.4018389978685,1.0,630.0807783685664,1.0,494.5589803459415,1.0,388.13820215356697,1.0,295.6224853571294,1.0,216.5609163851858,1.0,142.20160009519043,1.0,69.2850894945164,1.0,20.7520231318
pf,2023-24,42,2024-02-24,2,122.57823489071538,367.0,3542.1514219044884,1.0,2532.9123217349197,1.0,1797.295489317201,1.0,1197.4061852146024,1.0,897.8355789401653,1.0,696.5510310280176,1.0,539.9325021345371,1.0,411.8686248865856,0.0,303.19742654985305,0.0,195.51310952903947,0.0,95.1151656037535,0.0,69.0447277791
pf,2023-24,42,2024-02-24,3,162.47811477941062,339.0,5282.423638652911,1.0,3624.1590676784695,1.0,2566.5664673673245,1.0,1668.6972258538462,1.0,1209.9715077072424,1.0,917.308245073749,1.0,712.5552732673856,1.0,537.3805621184849,0.0,387.87210272628585,0.0,252.75247843964968,0.0,126.00946900424572,0.0,83.7644415761
analogue,2023-24,42,2024-02-24,0,51.51542116371073,540.0,1816.3908045976984,1.0,1258.4,1.0,873.5047619047614,1.0,695.1009578544064,1.0,446.0632123952848,1.0,363.3409327646862,1.0,278.1609195402298,1.0,211.36395087535908,1.0,149.70999999999998,1.0,99.23488721804506,1.0,46.98530248507677,0.0,36.2660217391
analogue,2023-24,42,2024-02-24,1,62.49887272010534,511.0,2294.9601190476205,1.0,1772.036231884058,1.0,1251.298841698842,1.0,806.6666666666665,1.0,643.2578249336871,1.0,446.3992773261065,1.0,353.2535744322961,1.0,262.38603725957046,1.0,212.8240392648288,1.0,130.36532507739935,1.0,61.646808510638266,1.0,20.7520231318
analogue,2023-24,42,2024-02-24,2,116.73647462936,367.0,2866.893333333334,1.0,2271.2160326086955,1.0,1512.8041474654378,1.0,1079.0295566502464,1.0,760.1817792513206,1.0,647.5740740740741,1.0,501.1476076711265,1.0,377.2064211212517,0.0,278.71474279962206,0.0,185.1366120218579,0.0,122.12037037037044,0.0,69.0447277791
analogue,2023-24,42,2024-02-24,3,139.16741756909477,339.0,3502.2240000000006,1.0,2757.9386440677968,1.0,2077.7589743589733,1.0,1271.513300492611,1.0,925.608275862069,1.0,720.18677462888,1.0,535.8263280475742,0.0,416.44956796628026,0.0,311.14285714285717,0.0,177.92761904761898,0.0,93.51195652173931,0.0,83.7644415761
ens2,2023-24,42,2024-02-24,0,47.98082469176774,540.0,1449.2697361224082,1.0,1056.0509982926692,1.0,773.4304260224241,1.0,600.7438359971505,1.0,423.70927133287154,1.0,342.80149249970646,1.0,266.9340437386278,1.0,204.5628566012423,1.0,147.66369123057177,1.0,97.03419593230814,1.0,47.444088999425276,0.0,36.2660217391
ens2,2023-24,42,2024-02-24,1,63.52493216638034,511.0,2182.232718543181,1.0,1647.5174644868732,1.0,1197.5117250578846,1.0,808.5342528322675,1.0,636.6693016511267,1.0,470.47912883602396,1.0,370.6958882929315,1.0,279.00426130835,1.0,214.6924778250073,1.0,136.28346258629495,1.0,65.4659490025773,1.0,20.7520231318
ens2,2023-24,42,2024-02-24,2,119.65735476003769,367.0,3204.5223776189114,1.0,2402.064177171808,1.0,1655.0498183913194,1.0,1138.2178709324241,1.0,829.0086790957431,1.0,672.062552551046,1.0,520.5400549028318,1.0,394.53752300391864,0.0,290.95608467473755,0.0,190.32486077544877,0.0,108.61776798706194,0.0,69.0447277791
ens2,2023-24,42,2024-02-24,3,150.07678139430485,339.0,4392.323819326456,1.0,3191.048855873133,1.0,2322.162720863149,1.0,1470.1052631732286,1.0,1067.7898917846558,1.0,818.7475098513146,1.0,624.1908006574799,1.0,476.9150650423826,0.0,349.50747993457145,0.0,215.34004874363427,0.0,109.76071276299257,0.0,83.7644415761
ens3,2023-24,42,2024-02-24,0,47.589643013503114,540.0,1322.3547810473754,1.0,980.4557951431178,1.0,738.6683611059935,1.0,568.277620844731,1.0,415.41591660282813,1.0,335.3862518788944,1.0,262.98930855061406,1.0,202.25788805861396,1.0,146.5215183517082,1.0,96.14430549755718,1.0,47.50319067779401,0.0,36.2660217391
ens3,2023-24,42,2024-02-24,1,62.62481087988704,511.0,2041.3712548498356,1.0,1547.4225817913714,1.0,1142.604144413223,1.0,787.3291295792745,1.0,617.7000828739979,1.0,467.38338104393534,1.0,369.5918427995862,1.0,279.3252233391954,1.0,210.92266422416412,1.0,135.0361429534422,1.0,64.98565180978818,1.0,20.7520231318
ens3,2023-24,42,2024-02-24,2,106.79814362901563,367.0,3038.6106073551323,1.0,2251.345895635454,1.0,1584.2268788991457,1.0,1090.2749716615367,1.0,804.8882896231839,1.0,646.452686947598,1.0,502.45764213126114,1.0,382.12210606758856,1.0,280.00439403027383,0.0,182.5951648548346,0.0,100.21000180422857,0.0,69.0447277791
ens3,2023-24,42,2024-02-24,3,129.67642120909994,339.0,4161.511351781897,1.0,2973.224093935122,1.0,2157.3869665660177,1.0,1390.4537707801815,1.0,1018.6324404340044,1.0,781.8189420317697,1.0,599.3372858211699,1.0,457.07129906795103,1.0,332.94597777561,0.0,209.1542250070118,0.0,105.67562241546716,0.0,83.7644415761
