season,asof,location,replicate,Reff__FREE_med,Reff__FREE_q10,Reff__FREE_q90,eps1__FREE_med,eps1__FREE_q10,eps1__FREE_q90,phi1__FREE_med,phi1__FREE_q10,phi1__FREE_q90,mult__FREE_med,mult__FREE_q10,mult__FREE_q90,r__FREE_med,r__FREE_q10,r__FREE_q90,sbeta__FREE_med,sbeta__FREE_q10,sbeta__FREE_q90,sbeta_lo_frac,sbeta_hi_frac,sigma_first,sigma_last,absinc_last,month,stable,turn
2023-24,2023-09-23,Alaska,0,1.4111785292625427,0.8028369545936584,2.298879861831665,0.4946865737438202,0.1635344609618187,0.8263852894306183,24.329391479492188,10.416048049926758,41.23680572509766,0.015482595656067133,0.003989517316222191,0.03799411728978158,10.341421127319336,3.4419595479965213,22.015896987915045,0.104558065533638,0.014315447956323625,0.26070117950439453,0.0727,0.0013,0.11083363,0.12851,0.08970824,09,True,False
2023-24,2023-09-23,Alaska,1,1.4432841539382935,0.8869451582431793,2.2644156932830812,0.47709688544273376,0.14639992564916612,0.8284240543842317,24.2992525100708,11.536500930786133,40.58753776550293,0.01650879718363285,0.003686498384922743,0.038299642503261566,10.16614055633545,3.5608028173446655,22.946484184265138,0.08803804963827133,0.009730416815727951,0.2405817225575448,0.0839,0.0009,0.11221535,0.11480223,0.08286231,09,True,False
2023-24,2023-09-23,Alaska,2,1.3650223016738892,0.8420453071594238,2.1859798431396484,0.4894271641969681,0.1326138973236084,0.8036940693855286,23.46225357055664,10.265192604064941,40.674905395507814,0.016881045885384083,0.0035420693457126617,0.03889590539038182,10.504281044006348,3.487356114387512,24.140880584716797,0.09757070243358612,0.013494430109858513,0.2617049217224121,0.0725,0.0008,0.11025014,0.12574219,0.09140469,09,True,False
2023-24,2023-09-23,California,0,1.3963232636451721,0.9074023365974426,2.0945306777954102,0.4149240553379059,0.1600456774234772,0.7293184995651245,26.01933479309082,11.565015316009525,40.15906257629395,0.0031900162575766444,0.0020000000949949026,0.00575719801709056,23.873411178588867,10.707151031494142,35.63544464111328,0.06883151084184647,0.007898364868015052,0.1788654923439026,0.0846,0.0,0.10926701,0.08927576,0.06710436,09,True,False
2023-24,2023-09-23,California,1,1.1857810020446777,0.8222901821136475,1.9418729901313783,0.35736601054668427,0.09381698891520503,0.6971540033817293,22.33539390563965,7.284827709197999,39.1511116027832,0.003302331198938191,0.0020000000949949026,0.005699832923710346,20.847506523132324,9.793067073822023,33.063358306884766,0.07541276514530182,0.005709528457373381,0.19690220057964325,0.096,0.0,0.1107738,0.09627885,0.07340322,09,True,False
2023-24,2023-09-23,California,2,1.2092108130455017,0.8487114310264587,2.027858090400696,0.36252591013908386,0.09219270199537279,0.7426307559013366,22.506467819213867,7.205755281448365,38.79304695129395,0.0034303198335692286,0.0020000000949949026,0.005935241794213652,19.410901069641113,8.691694736480713,30.526546478271484,0.07178307324647903,0.0083993841893971,0.18284282088279724,0.0845,0.0,0.11002517,0.09282222,0.06777812,09,True,False
2023-24,2023-09-23,New York,0,1.2559958696365356,0.8337583601474763,2.0380711555480957,0.41016604006290436,0.10183237791061402,0.7846819162368774,26.543447494506836,12.663581848144531,40.88243560791017,0.0042906817980110645,0.0021479849237948656,0.007569557568058372,15.822667121887207,6.266942024230957,30.16494216918946,0.08377670496702194,0.008691227994859219,0.21514768451452262,0.0856,0.0001,0.11064904,0.11198257,0.08078417,09,True,False
2023-24,2023-09-23,New York,1,1.2409641742706299,0.8074771881103515,2.0814425945281982,0.3977627754211426,0.09068284556269647,0.8061942458152771,26.462392807006836,10.694665908813477,41.36177444458008,0.003693446982651949,0.002079375321045518,0.006223906297236681,14.943950653076172,6.000646686553956,28.253598785400396,0.07764258980751038,0.006065821880474688,0.19533044993877433,0.0961,0.0004,0.11186284,0.10176675,0.07502792,09,True,False
2023-24,2023-09-23,New York,2,1.2717044353485107,0.873724502325058,2.0858054161071777,0.42041683197021484,0.09814237058162689,0.7993130087852478,26.127166748046875,14.078567504882812,39.44689102172852,0.004214888904243708,0.0020000000949949026,0.008027762174606323,16.355917930603027,6.658520889282227,30.637218475341797,0.07928293198347092,0.007286145351827145,0.2071714371442795,0.0907,0.0005,0.11015778,0.10629599,0.07630857,09,True,False
2023-24,2023-09-23,Pennsylvania,0,1.4193800687789917,0.799217700958252,2.330618405342102,0.46180301904678345,0.14692211151123047,0.7783349752426147,25.10260009765625,8.906699180603027,44.702457427978516,0.01479518972337246,0.003741983626969159,0.04216795042157173,13.237810611724854,5.120197296142578,28.476301193237305,0.09674801304936409,0.012905942276120186,0.2301721990108492,0.0731,0.0,0.11241336,0.11511294,0.08253299,09,True,False
2023-24,2023-09-23,Pennsylvania,1,1.2470322251319885,0.667988258600235,2.10160756111145,0.44630223512649536,0.1269755318760872,0.7426509141922001,21.296382904052734,7.862401199340821,40.80284461975098,0.02046852372586727,0.005418293317779899,0.04858634881675244,13.305624008178711,5.374541807174682,28.300750732421875,0.08327736333012581,0.011169881559908404,0.20163990259170533,0.077,0.0002,0.11082161,0.10283675,0.07481669,09,True,False
2023-24,2023-09-23,Pennsylvania,2,1.3460824489593506,0.7187216401100159,2.274315595626831,0.4419376850128174,0.1282025843858719,0.7640497267246247,22.6119384765625,9.426959037780762,39.61249618530273,0.01903219148516655,0.0046462097205221655,0.056498099863529216,12.442480087280273,4.823115825653076,23.725921630859375,0.09345881640911102,0.011664895340800285,0.23595498353242875,0.0763,0.0001,0.11345306,0.11707047,0.083689,09,True,False
2023-24,2023-09-23,Vermont,0,1.1421841382980347,0.6800540804862976,2.166229486465454,0.5376716256141663,0.15490002632141114,0.8750696778297424,25.34883975982666,11.475099468231202,41.38682098388672,0.04515809006989002,0.005939675495028496,0.12618882060050968,1.33273184299469,0.10000000149011612,3.3198320865631104,0.10590923205018044,0.010838635079562666,0.28014208972454074,0.084,0.0013,0.11184716,0.13129883,0.09006819,09,True,False
2023-24,2023-09-23,Vermont,1,1.1280209422111511,0.6600096821784973,2.1535848617553714,0.5080592930316925,0.1731940895318985,0.8453254699707032,24.860458374023438,10.613979434967042,41.74185791015625,0.0444144681096077,0.006110924296081066,0.12033776193857193,1.4222289323806763,0.10000000149011612,3.570570302009583,0.10426593571901321,0.01198162417858839,0.28005582094192505,0.0788,0.0018,0.11116496,0.13208161,0.09108509,09,True,False
2023-24,2023-09-23,Vermont,2,1.108793020248413,0.6504264891147613,2.2122683048248293,0.49374115467071533,0.14423946738243104,0.8292792022228241,24.947072982788086,9.720886230468752,41.59299507141113,0.04103444144129753,0.005885173473507168,0.11471804976463318,1.397857129573822,0.10000000149011612,3.676851582527162,0.09823910892009735,0.011751051060855389,0.2633449643850327,0.0768,0.0007,0.1118087,0.12104779,0.0825629,09,True,False
2023-24,2023-09-23,Wyoming,0,1.0336823463439941,0.6157277703285218,2.2412145137786865,0.6207514405250549,0.24627847224473956,0.9151382207870484,28.369951248168945,11.628071212768555,42.86321716308594,0.01958094909787178,0.0020000000949949026,0.06534647643566133,1.1598246097564697,0.10000000149011612,3.776842284202577,0.11183461546897888,0.013500392809510238,0.28952281773090366,0.0739,0.0019,0.11260147,0.13417961,0.08894358,09,True,False
2023-24,2023-09-23,Wyoming,1,1.0411964058876038,0.6142159044742584,2.3055018663406375,0.5828104615211487,0.2215066283941269,0.8852237820625305,27.991119384765625,11.510991191864015,42.774085235595706,0.019496934488415718,0.0020000000949949026,0.06743569746613506,1.1285337805747986,0.10000000149011612,3.4748079299926764,0.10214611515402794,0.012021301034837964,0.2787357062101365,0.0781,0.0012,0.10803519,0.12665265,0.08585674,09,True,False
2023-24,2023-09-23,Wyoming,2,1.0446537733078003,0.6149870872497558,2.316672968864441,0.599694162607193,0.2323223203420639,0.8953688740730286,29.11225414276123,12.248134613037111,43.17546043395996,0.020488407462835312,0.0020000000949949026,0.07124148458242417,1.1869673132896423,0.10000000149011612,3.903913617134096,0.1146722063422203,0.015799895115196718,0.2786609560251236,0.0704,0.0011,0.11143178,0.13491024,0.08998913,09,True,False
2023-24,2023-09-30,Alaska,0,1.3567357063293457,0.8433345198631287,2.2284975051879883,0.44506239891052246,0.14861179739236838,0.7914980053901672,25.13345718383789,10.889664649963379,41.499723052978524,0.02206248976290226,0.006722227204591036,0.0488484762609005,11.86229419708252,4.106172561645508,25.929827117919935,0.09466470777988434,0.01235142033547164,0.2342373013496399,0.0773,0.0007,0.1113733,0.11957413,0.08692229,09,True,False
2023-24,2023-09-30,Alaska,1,1.3395232558250427,0.7939837932586671,2.2125713825225835,0.46944037079811096,0.14983899742364884,0.7970348596572876,23.56543731689453,9.720154762268066,40.40018081665039,0.02284781076014042,0.005133127886801958,0.05419159308075905,11.059295654296875,4.27545509338379,22.823719024658203,0.10568999499082565,0.014154529199004173,0.2596157193183899,0.0673,0.002,0.11086968,0.12720729,0.09199557,09,True,False
2023-24,2023-09-30,Alaska,2,1.3272550702095032,0.8565021514892578,2.2790699958801275,0.45771998167037964,0.12243310362100601,0.7924165725708008,24.735517501831055,11.92884349822998,40.33025131225587,0.020856285467743874,0.005593845900148156,0.04695817455649376,10.691627502441406,4.0042572021484375,23.225427627563477,0.10049226135015488,0.013665375206619501,0.2504415512084961,0.0727,0.0006,0.11169374,0.12405097,0.08791708,09,True,False
2023-24,2023-09-30,California,0,1.276678204536438,0.8702189326286316,1.8719298839569092,0.3378599286079407,0.08739586919546127,0.6477144360542297,26.14633274078369,11.36522741317749,39.73490867614748,0.003287788014858961,0.0020000000949949026,0.00570624782703817,20.706470489501953,10.839824676513672,31.769421958923342,0.06988189369440079,0.011580714955925941,0.16326600313186646,0.0713,0.0,0.10990717,0.08739557,0.06677421,09,True,False
2023-24,2023-09-30,California,1,1.2755690813064575,0.8624926209449768,2.184356832504273,0.36995385587215424,0.0846366211771965,0.7590575218200684,27.600032806396484,11.359295845031738,43.32655982971191,0.003150208853185177,0.0020000000949949026,0.0053284065797924995,19.67009925842285,10.240262031555176,30.70139102935791,0.06841293722391129,0.009328923188149929,0.17152265757322313,0.0771,0.0,0.11107255,0.08688625,0.06362997,09,True,False
2023-24,2023-09-30,California,2,1.1684558391571045,0.745219349861145,2.0197982788085938,0.37749892473220825,0.08886834979057312,0.7254950404167175,22.821374893188477,5.5315927028656,37.983192443847656,0.003529770765453577,0.0020000000949949026,0.006334992591291666,19.799503326416016,9.992927837371827,32.43020973205569,0.07697485387325287,0.010071452893316747,0.18268558382987976,0.0811,0.0,0.11040305,0.09496113,0.06913293,09,True,False
2023-24,2023-09-30,New York,0,1.5539436340332031,0.9684190154075623,2.3194854259490967,0.5000039935112,0.17144882678985596,0.8009020686149597,22.61714744567871,11.901731491088867,38.94631576538086,0.004727828083559871,0.002397557417862117,0.009753075428307056,13.67731761932373,5.688356876373291,25.316743850708008,0.09963097795844078,0.014955045655369759,0.2348165214061737,0.0558,0.0,0.11005989,0.09639496,0.07416354,09,True,False
2023-24,2023-09-30,New York,1,1.5548471212387085,1.0045239925384521,2.426797866821289,0.48450663685798645,0.16212071478366852,0.8113168418407443,23.27906608581543,12.936709594726562,38.93550491333008,0.004918043501675129,0.0023394401650875807,0.008915262296795845,12.707767486572266,4.691960334777832,22.68570899963379,0.09354986250400543,0.017063437029719353,0.22068068385124207,0.0548,0.0002,0.10957674,0.09604497,0.07270614,09,True,False
2023-24,2023-09-30,New York,2,1.514845848083496,0.9820545315742493,2.38916015625,0.521210253238678,0.17816232442855837,0.8363716006278992,22.21668815612793,12.297884845733645,37.25728225708008,0.004145016428083181,0.002179487608373165,0.007751892786473036,11.85959529876709,4.814831733703613,24.597593307495117,0.08685208112001419,0.012533203512430199,0.20133061707019806,0.0624,0.0,0.11019978,0.08967956,0.06719901,09,True,False
2023-24,2023-09-30,Pennsylvania,0,1.1699947118759155,0.683603823184967,1.9256906509399414,0.40100157260894775,0.09029918909072876,0.7039711833000183,23.305903434753418,7.216819763183594,44.885704040527344,0.032048728317022324,0.01086707664653659,0.061146583408117294,12.743812561035156,5.720184803009034,23.690288543701172,0.08846039697527885,0.014875147584825764,0.19903807193040854,0.0637,0.0001,0.11074894,0.10430767,0.07616902,09,True,False
2023-24,2023-09-30,Pennsylvania,1,1.215674340724945,0.6349463045597077,2.030181646347046,0.48880401253700256,0.20270028412342073,0.7480019569396973,21.735944747924805,7.6145259857177745,37.67753982543945,0.035453399643301964,0.011442234553396704,0.06689300388097763,14.360372543334961,6.405681610107422,24.62714195251465,0.09208391606807709,0.015266533941030502,0.19838560074567796,0.0631,0.0001,0.11058279,0.10619336,0.07717557,09,True,False
2023-24,2023-09-30,Pennsylvania,2,1.238735318183899,0.7410366535186768,2.214667320251465,0.45858755707740784,0.13113197684288025,0.7600560903549198,23.545963287353516,9.921092987060547,39.141749191284184,0.036091890186071396,0.011603589169681072,0.06561153382062912,13.084820747375488,6.024895811080934,23.899749755859375,0.09779499843716621,0.017200477235019215,0.22573260962963107,0.0592,0.0003,0.11067501,0.11668617,0.08368859,09,True,False
2023-24,2023-09-30,Vermont,0,1.1492161750793457,0.6906529486179351,2.0519919395446777,0.5320879817008972,0.17440348863601685,0.8620322108268739,24.71021270751953,11.580664348602296,41.23637313842774,0.043541233986616135,0.007193162105977535,0.1104431226849556,2.46455717086792,0.6233874201774597,6.043800449371349,0.10225444287061691,0.015019861981272697,0.25384077429771423,0.0663,0.0004,0.11176818,0.12300625,0.08570914,09,True,False
2023-24,2023-09-30,Vermont,1,1.0871810913085938,0.6659464836120605,2.081143379211426,0.4909892678260803,0.15007710456848145,0.827892005443573,24.757659912109375,11.165343952178954,42.35093307495117,0.046542709693312645,0.0061102272011339664,0.11427941173315048,2.799996852874756,0.6634448349475861,7.2453742027282715,0.11761124432086945,0.01751057431101799,0.2980015993118287,0.0644,0.002,0.1111235,0.14051835,0.09760231,09,True,False
2023-24,2023-09-30,Vermont,2,1.0992939472198486,0.692188024520874,2.0541837215423584,0.5043192207813263,0.17328514158725739,0.836256617307663,23.54068660736084,10.961520957946782,39.520090484619146,0.048626743257045746,0.009089649002999068,0.11428259238600733,2.5624330043792725,0.661067008972168,6.050007152557382,0.10185971111059189,0.017336436733603484,0.2626531153917314,0.0621,0.0006,0.11012927,0.12395748,0.08689618,09,True,False
2023-24,2023-09-30,Wyoming,0,1.219789743423462,0.7523097395896912,2.2812976837158203,0.5922538042068481,0.2206019937992096,0.8851922750473022,20.390588760375977,11.191217422485352,35.36462135314943,0.021983010694384575,0.002441249461844564,0.05236915871500969,3.4633235931396484,0.10000000149011612,13.639187812805176,0.13378874957561493,0.025049999356269836,0.31363120675086975,0.0608,0.0008,0.11465843,0.13951842,0.09257526,09,True,False
2023-24,2023-09-30,Wyoming,1,1.1447221636772156,0.7014376521110535,2.1158440113067627,0.5791879594326019,0.20631509274244317,0.854545533657074,20.49162483215332,10.444716453552246,36.44300003051758,0.021533217281103134,0.004334410186856985,0.05682545155286789,2.5935118198394775,0.10000000149011612,9.36873722076416,0.12677602469921112,0.020268534310162078,0.3062567114830017,0.0619,0.0063,0.10978236,0.12786476,0.08846288,09,True,False
2023-24,2023-09-30,Wyoming,2,1.3037644624710083,0.7662264704704285,2.3539958000183105,0.577241837978363,0.21067912876605988,0.8924520015716553,22.074735641479492,12.881104469299316,37.25176544189454,0.021896615624427795,0.0039790598675608635,0.054348696023225784,3.658445358276367,0.2531994879245758,12.086248397827148,0.1377347707748413,0.0232237596064806,0.3181309998035431,0.0529,0.002,0.11093986,0.12882409,0.08633632,09,True,False
2023-24,2023-10-07,Alaska,0,1.3121228218078613,0.797132682800293,2.192742967605591,0.47629305720329285,0.14955821633338928,0.7864946126937866,23.300244331359863,9.678696632385254,37.395713806152344,0.03444574773311615,0.011906317714601756,0.07007243335247042,12.636662006378174,4.96958932876587,25.31526756286621,0.09766557812690735,0.014118958823382856,0.23774689435958862,0.0714,0.0002,0.11231857,0.11888598,0.08440545,10,True,False
2023-24,2023-10-07,Alaska,1,1.410930097103119,0.8336770892143249,2.19130916595459,0.47553205490112305,0.15866394340991974,0.8013695001602174,25.309468269348145,11.552237415313721,39.934029006958006,0.03316236101090908,0.011638984736055137,0.07129393070936205,11.560977935791016,4.576853227615357,23.436632919311528,0.09804849699139595,0.014944340102374554,0.2198752909898758,0.0645,0.0003,0.11302187,0.11365148,0.08204028,10,True,False
2023-24,2023-10-07,Alaska,2,1.3604403734207153,0.7803213059902193,2.269890785217285,0.4828873574733734,0.16924825012683872,0.7979729175567627,24.567140579223633,10.355150985717774,39.56980400085451,0.036686137318611145,0.012069400399923325,0.07529448345303537,11.455012321472168,4.5626537799835205,22.786633300781254,0.10252243652939796,0.013237561378628016,0.24705660790205006,0.0778,0.0002,0.11156274,0.12251645,0.0869824,10,True,False
2023-24,2023-10-07,California,0,1.28793066740036,0.835453987121582,2.0636412620544435,0.36408111453056335,0.07519957423210144,0.7097706556320191,27.824792861938477,10.902464962005615,41.43632850646973,0.0034691470209509134,0.0020000000949949026,0.0057847782038152225,21.362159729003906,10.897060871124268,33.1858699798584,0.06906381621956825,0.010071353986859322,0.15883881002664568,0.0772,0.0,0.11025465,0.08358822,0.06223981,10,True,False
2023-24,2023-10-07,California,1,1.2552971839904785,0.9140164494514466,2.0223457336425783,0.31212517619132996,0.06587271392345428,0.6854404211044312,30.147549629211426,11.870255565643312,45.0503215789795,0.0035940532106906176,0.0020000000949949026,0.006595884915441275,20.661483764648438,10.587640762329102,32.47926292419434,0.06892590969800949,0.01264070915058256,0.15958531200885773,0.0631,0.0,0.11040074,0.0856645,0.06549788,10,True,False
2023-24,2023-10-07,California,2,1.377184808254242,0.8779757916927338,2.0417091131210334,0.40156954526901245,0.12570318132638933,0.71440349817276,27.424012184143066,13.335319519042969,38.57155990600586,0.0032160338014364243,0.0020000000949949026,0.0056444271467626095,19.712766647338867,10.348059177398682,29.55754566192627,0.06879179924726486,0.009948686324059968,0.16898609697818756,0.0789,0.0,0.11010353,0.08752993,0.06397244,10,True,False
2023-24,2023-10-07,New York,0,1.3858814239501953,0.8825371325016022,2.1732304096221924,0.4138587415218353,0.12763112783432007,0.7684472799301147,26.072202682495117,11.629365348815918,39.91914710998535,0.006670631933957338,0.0020000000949949026,0.01456331554800272,11.022199630737305,4.999163627624512,19.59088134765625,0.08881527185440063,0.01496974378824234,0.208632230758667,0.0643,0.0,0.11287808,0.11434981,0.0824556,10,True,False
2023-24,2023-10-07,New York,1,1.3078269958496094,0.8525564670562744,2.139425039291382,0.3928663432598114,0.09530850499868393,0.7330440878868103,24.234732627868652,9.099532127380371,39.66176986694336,0.004903070162981749,0.0020999303087592125,0.009443698171526198,11.994367599487305,5.263752746582031,21.97902011871339,0.09621921926736832,0.017406512051820755,0.2204386442899704,0.0615,0.0,0.11226716,0.12276241,0.08871664,10,True,False
2023-24,2023-10-07,New York,2,1.343501329421997,0.8350349426269531,2.132667112350464,0.4368003010749817,0.1235579401254654,0.7787232339382172,26.417728424072266,11.82529745101929,42.679642868041995,0.005594361107796431,0.0020361335016787054,0.012707467656582596,11.415955543518066,4.889211177825928,21.28643798828125,0.09846330434083939,0.02011356167495252,0.230028435587883,0.0553,0.0,0.10841337,0.12472588,0.08939167,10,True,False
2023-24,2023-10-07,Pennsylvania,0,0.9768884479999542,0.6619031846523286,1.8654111385345462,0.38845014572143555,0.10230355709791183,0.7291297197341919,21.609149932861328,4.813595294952393,43.161481094360354,0.039966486394405365,0.014752081967890263,0.06893853172659874,15.139321327209473,7.132184171676636,25.48854141235352,0.08302677422761917,0.011599548161029816,0.20327734798192987,0.0734,0.0,0.11294597,0.10469133,0.0768875,10,True,False
2023-24,2023-10-07,Pennsylvania,1,1.2585911750793457,0.7266729474067688,1.9843210816383363,0.38484998047351837,0.09392581135034561,0.7187983632087709,25.01001262664795,10.73777952194214,40.13792419433594,0.028580093756318092,0.010548080317676067,0.0590023547410965,17.230791091918945,7.684977674484253,30.640872955322266,0.09060893207788467,0.014264268800616266,0.23395614326000214,0.07,0.0,0.10932871,0.11485586,0.08254653,10,True,False
2023-24,2023-10-07,Pennsylvania,2,1.2214652299880981,0.7310272514820099,2.0672925472259522,0.4855799973011017,0.13400302827358246,0.8336822986602783,24.73445415496826,11.281262397766113,38.07921295166016,0.03667472302913666,0.01266055554151535,0.06909825950860979,15.366997718811035,6.94014949798584,27.864667892456055,0.08056184276938438,0.013973367400467396,0.18907958269119263,0.065,0.0,0.11282004,0.09614174,0.07035315,10,True,False
2023-24,2023-10-07,Vermont,0,1.0472419261932373,0.6349687576293945,2.0527369022369384,0.4955085813999176,0.16108648777008058,0.8221946001052857,25.972583770751953,12.810405731201172,42.21259498596192,0.050099486485123634,0.003638925147242845,0.12126111537218094,2.2549614906311035,0.10000000149011612,5.63261604309082,0.1096414253115654,0.014477755781263113,0.2656083106994629,0.0714,0.0007,0.1133713,0.13039753,0.09205841,10,True,False
2023-24,2023-10-07,Vermont,1,1.0341194868087769,0.6371219396591187,2.030641579627991,0.46959884464740753,0.13436354249715807,0.813096284866333,24.73526954650879,11.339950942993164,40.15093231201172,0.04530911706387997,0.0020000000949949026,0.1168003834784031,2.322219133377075,0.10000000149011612,5.759884786605837,0.10512768477201462,0.013216888811439276,0.25429203510284437,0.0753,0.0014,0.10888857,0.12870456,0.09231451,10,True,False
2023-24,2023-10-07,Vermont,2,1.035855770111084,0.6335525274276733,1.9985275268554688,0.48904699087142944,0.16193579137325287,0.8367968201637268,25.85985565185547,11.788609504699707,41.180355072021484,0.04808000847697258,0.0028022749815136195,0.11694622784852984,2.207295060157776,0.27110205292701733,5.277335071563722,0.11218578368425369,0.01880542002618313,0.25927025675773624,0.0618,0.0004,0.11101579,0.13247575,0.09399715,10,True,False
2023-24,2023-10-07,Wyoming,0,1.446703314781189,0.8504140436649323,2.364590883255005,0.6113710999488831,0.24154873192310333,0.9042002558708191,21.00526237487793,11.747533130645753,32.38731575012209,0.02619554102420807,0.00599005501717329,0.062284260988235474,6.750771760940552,1.6731488466262818,18.586899948120124,0.1453407108783722,0.03043361455202103,0.3260791599750519,0.0397,0.0011,0.11324138,0.15536895,0.10927412,10,True,False
2023-24,2023-10-07,Wyoming,1,1.3781573176383972,0.8510065078735352,2.4320102453231813,0.6199012398719788,0.261456698179245,0.9220283150672913,20.631494522094727,12.781838607788085,32.00608634948731,0.023699510842561722,0.004453553352504969,0.05644966550171376,6.258060932159424,1.4368069171905518,20.002397537231445,0.14814451336860657,0.024491803720593452,0.3350855201482774,0.051,0.003,0.10974433,0.14561066,0.10153096,10,True,False
2023-24,2023-10-07,Wyoming,2,1.3848803043365479,0.8383354187011719,2.2993898391723633,0.60481858253479,0.2617393434047699,0.8944908380508423,20.0468807220459,10.510124206542969,31.439931869506847,0.0250866562128067,0.0031735441880300684,0.058302078396081924,6.50576114654541,1.397128939628601,16.68874168395996,0.14409193396568298,0.02295466884970665,0.297499218583107,0.0535,0.0004,0.11134204,0.14553324,0.10395206,10,True,False
2023-24,2023-10-14,Alaska,0,1.2657594680786133,0.7647209644317627,2.052079439163208,0.4532008767127991,0.14005444943904882,0.7643188834190369,24.62786293029785,9.871016502380371,38.59906005859376,0.05136197805404663,0.0231462474912405,0.09685353934764862,13.032464027404785,5.896731853485107,23.47462272644043,0.0974910706281662,0.013401099387556315,0.24820893257856375,0.0738,0.0001,0.11456561,0.1207448,0.08766321,10,True,False
2023-24,2023-10-14,Alaska,1,1.2234309911727905,0.7475069761276245,2.0788745641708375,0.44250431656837463,0.13109101355075836,0.7714380025863647,23.687959671020508,10.10159559249878,38.979872131347655,0.05460149422287941,0.023268792405724527,0.10118915885686874,12.063632488250732,5.292229890823364,22.240024566650398,0.10142834484577179,0.01861433871090412,0.221893310546875,0.0564,0.0001,0.11149825,0.11849588,0.08709515,10,True,False
2023-24,2023-10-14,Alaska,2,1.1772224307060242,0.769517582654953,2.0344619750976562,0.43446266651153564,0.13754798471927643,0.7487314641475677,22.611454010009766,8.788387298583984,37.01414108276367,0.05342741683125496,0.022365549579262733,0.09381396323442459,13.573573112487793,5.826579523086548,25.25434112548828,0.08948072046041489,0.012131277471780777,0.2203287035226822,0.0732,0.0,0.11266851,0.11269745,0.08209954,10,True,False
2023-24,2023-10-14,California,0,1.442399263381958,0.8568077087402344,2.194883346557617,0.45334118604660034,0.16286811232566833,0.7202696800231934,26.849196434020996,10.385502815246582,39.7480167388916,0.004346382105723023,0.0020000000949949026,0.008236114867031574,19.80552864074707,9.593261051177981,32.323202896118175,0.07380133122205734,0.011312318034470085,0.16833128035068512,0.0725,0.0,0.10916235,0.08846776,0.0673271,10,True,False
2023-24,2023-10-14,California,1,1.3641862869262695,0.8941765427589417,2.0010315656662,0.36682917177677155,0.10660094022750854,0.6886539459228516,26.784456253051758,12.522375011444092,40.65488815307617,0.004882240667939186,0.0021946216002106667,0.009235525131225587,17.85268783569336,9.013718891143801,28.454694747924805,0.07521340623497963,0.013408209197223186,0.1715367153286934,0.071,0.0,0.11121302,0.08705234,0.06490283,10,True,False
2023-24,2023-10-14,California,2,1.2900227904319763,0.8919144868850708,2.1146304368972784,0.3462968170642853,0.07240351289510732,0.6789499700069429,26.182735443115234,9.39373779296875,43.76420860290528,0.004432574845850468,0.002191781043075025,0.008505896478891373,18.408573150634766,9.59432315826416,28.460014724731447,0.07634346187114716,0.01067283470183611,0.17798691987991333,0.0723,0.0,0.11224114,0.09144734,0.0688526,10,True,False
2023-24,2023-10-14,New York,0,1.2747066617012024,0.8203477680683137,2.06815505027771,0.4100557714700699,0.08664509654045108,0.7576767206192017,28.437171936035156,12.458860874176025,41.95654373168946,0.004994384478777647,0.0020009903237223625,0.009662674739956856,13.480433940887451,5.688339471817017,26.377224540710454,0.09008787199854851,0.013414939865469933,0.20981607139110567,0.0721,0.0,0.11102988,0.10464416,0.07731143,10,True,False
2023-24,2023-10-14,New York,1,1.292832851409912,0.7812455534934998,2.0882935523986816,0.4429824650287628,0.12466967105865479,0.7840888142585755,27.189151763916016,12.671647071838379,39.70573806762695,0.006185109261423349,0.0020000000949949026,0.01322895046323538,11.803905487060547,5.260984992980958,21.68631534576417,0.10437057912349701,0.015140284597873692,0.2643916606903076,0.0679,0.0002,0.11075802,0.12628716,0.09139927,10,True,False
2023-24,2023-10-14,New York,2,1.2567474842071533,0.7238695621490479,2.0462313890457153,0.43510259687900543,0.12995564043521882,0.7654777765274048,28.306217193603516,9.721794128417969,42.80875358581543,0.00499612488783896,0.0020599823910743,0.009595451038330793,12.772822856903076,5.454034328460693,24.377050399780273,0.08077040314674377,0.01425138395279646,0.19503867626190186,0.0617,0.0,0.11106955,0.0967325,0.07222632,10,True,False
2023-24,2023-10-14,Pennsylvania,0,1.095207929611206,0.6785904765129089,1.8957476973533638,0.42441678047180176,0.130775585770607,0.7319728136062623,25.625324249267578,10.794226932525643,39.71648025512696,0.042810337617993355,0.019672679156064986,0.06764234304428102,18.949188232421875,8.962245082855224,31.86694984436036,0.06823974847793579,0.010676579549908638,0.1613987237215042,0.0725,0.0,0.10979841,0.08552852,0.06339526,10,True,False
2023-24,2023-10-14,Pennsylvania,1,1.1613221168518066,0.6777361571788788,1.8708197593688967,0.44883936643600464,0.1588899865746498,0.7261919975280762,28.048758506774902,10.216561508178712,41.7230110168457,0.04611778259277344,0.02141389381140471,0.07305378466844559,19.361685752868652,8.755091285705566,31.742149353027344,0.07713701575994492,0.009869951754808426,0.18400008976459506,0.0797,0.0002,0.11108085,0.09724174,0.07139795,10,True,False
2023-24,2023-10-14,Pennsylvania,2,0.8505592346191406,0.6154901385307312,1.5924135446548462,0.3854539841413498,0.13011781573295594,0.6609874308109284,16.90625286102295,3.3884987831115723,35.43725662231446,0.048229094594717026,0.021929694339632988,0.07615314051508905,17.288856506347656,8.570240688323976,26.65159034729004,0.08758528530597687,0.012740785162895918,0.19922109693288806,0.0666,0.0,0.11218038,0.10571543,0.0731333,10,True,False
2023-24,2023-10-14,Vermont,0,1.0290241241455078,0.6384599328041077,1.9555668830871582,0.46431006491184235,0.1459393948316574,0.8115388810634613,27.543092727661133,12.883906841278078,41.59457778930664,0.047593533992767334,0.0020000000949949026,0.11973965913057327,2.3828591108322144,0.10000000149011612,5.490491104125978,0.10354336723685265,0.018051717802882197,0.23771352916955948,0.0584,0.0003,0.11146283,0.12015274,0.0855934,10,True,False
2023-24,2023-10-14,Vermont,1,1.0300114154815674,0.6299777746200561,1.9855390310287477,0.47073905169963837,0.14988486468791962,0.8211950302124025,26.902511596679688,11.168962001800537,41.11094703674318,0.04435222037136555,0.0026448507793247708,0.10679319947957994,2.470309019088745,0.10000000149011612,6.149052143096927,0.1059945672750473,0.015584219805896289,0.24792194366455078,0.0642,0.0004,0.11040685,0.12311788,0.08743265,10,True,False
2023-24,2023-10-14,Vermont,2,0.9999889135360718,0.621874988079071,1.9864737868309021,0.4794400930404663,0.16293378174304962,0.8203423619270325,26.845542907714844,12.137373924255371,41.42970657348633,0.04859951138496399,0.0020000000949949026,0.12029068768024445,2.5806140899658203,0.10000000149011612,6.261615753173828,0.10127818584442139,0.017172247543931016,0.253887414932251,0.0652,0.0002,0.11070058,0.12332176,0.08642255,10,True,False
2023-24,2023-10-14,Wyoming,0,1.3063486814498901,0.7812397062778473,2.2883670330047607,0.550574541091919,0.24860814213752747,0.8463326692581177,23.6444149017334,12.595386409759522,36.537513732910156,0.02389753982424736,0.0020000000949949026,0.058382192626595546,6.016305208206177,1.7562572956085205,13.793357658386231,0.16263143718242645,0.03157608583569527,0.33889976143836975,0.0464,0.0019,0.1146628,0.17810111,0.11751993,10,True,False
2023-24,2023-10-14,Wyoming,1,1.2569456100463867,0.7498321533203125,2.213876581192017,0.5504788756370544,0.2493840754032135,0.8589779257774353,21.454505920410156,11.504140281677246,33.12180709838867,0.021426345221698284,0.0020000000949949026,0.05991493538022041,7.270049095153809,1.86612868309021,17.105974197387695,0.1402103453874588,0.031802133843302736,0.29299280047416687,0.0395,0.0012,0.11038055,0.15979481,0.11266491,10,True,False
2023-24,2023-10-14,Wyoming,2,1.185679316520691,0.6728163003921509,2.105694532394409,0.5637141764163971,0.2256832867860794,0.8480600118637085,21.173288345336914,9.361468315124512,33.402421951293945,0.02839460875838995,0.0020000000949949026,0.06239202618598938,6.462065935134888,1.8863871335983278,16.881227493286133,0.1425788700580597,0.029521353542804718,0.3023453652858734,0.0439,0.003,0.11208648,0.16480849,0.11625123,10,True,False
2023-24,2023-10-21,Alaska,0,1.2105631828308105,0.7223545134067535,1.982533442974091,0.44351300597190857,0.13737556338310242,0.7286795973777771,24.594154357910156,9.002604484558105,39.99744415283203,0.07184804230928421,0.032975351065397264,0.12513451278209686,15.151424407958984,6.965777587890625,26.10548973083496,0.0824522003531456,0.01227733362466097,0.20805657207965852,0.0738,0.0,0.11147338,0.10418609,0.07570871,10,True,False
2023-24,2023-10-21,Alaska,1,1.2241891622543335,0.7341663837432861,1.9180987119674686,0.41235029697418213,0.13169807195663452,0.721228837966919,23.61369228363037,9.308256149291992,36.645240020751956,0.06677884608507156,0.032846953347325326,0.11957251280546188,14.29704761505127,6.589047908782959,24.20710277557373,0.09416673332452774,0.01568736881017685,0.20808998346328744,0.0642,0.0,0.11375204,0.11101242,0.0819872,10,True,False
2023-24,2023-10-21,Alaska,2,1.1734294891357422,0.7407073378562927,2.0585720539093018,0.43461091816425323,0.12921349704265594,0.7241139054298402,22.94432258605957,8.664738941192628,36.81989059448242,0.06819873303174973,0.033543359488248825,0.11470064744353296,15.4376859664917,7.05209493637085,28.94286346435549,0.08527013659477234,0.012074736133217813,0.20119633376598367,0.0721,0.0002,0.11222982,0.10392747,0.07553731,10,True,False
2023-24,2023-10-21,California,0,1.323862910270691,0.9222421884536743,2.1649701595306396,0.3280658721923828,0.04151917025446894,0.7199997305870056,29.5006160736084,13.58536081314087,42.7777614593506,0.004407780943438411,0.002017892082221806,0.008167345635592939,15.21970510482788,8.250266075134277,22.98627471923828,0.06578364968299866,0.014039892703294754,0.14540511965751649,0.0549,0.0,0.1129293,0.07826076,0.05812434,10,True,False
2023-24,2023-10-21,California,1,1.2359966039657593,0.9013958096504211,1.9616030216217044,0.27734363079071045,0.04348302632570267,0.6503588914871217,27.536904335021973,10.793590354919434,40.729881668090826,0.004611760377883911,0.0020000000949949026,0.008535637799650433,18.566024780273438,9.713821029663087,30.10792350769043,0.07343919202685356,0.013159960508346558,0.16926920562982561,0.0654,0.0,0.11099678,0.09102495,0.06960218,10,True,False
2023-24,2023-10-21,California,2,1.2853846549987793,0.8777463734149934,1.9477424144744877,0.3232693672180176,0.07062425464391708,0.6634008884429932,29.45598793029785,13.223362731933596,42.856572341918955,0.005720121320337057,0.0020000000949949026,0.01193056805059314,16.342681884765625,8.063183498382568,26.981237411499023,0.06760090216994286,0.011583683080971241,0.15511946976184846,0.0668,0.0,0.11169417,0.08321734,0.06293402,10,True,False
2023-24,2023-10-21,New York,0,1.3376944065093994,0.8402899503707886,2.217447280883789,0.4325011223554611,0.14202876389026642,0.7597808241844177,26.93880271911621,9.132615089416504,41.44484329223633,0.007243218366056681,0.0027086326852440836,0.014326317608356478,12.52606201171875,5.63213586807251,22.54765510559082,0.09280528873205185,0.01558572519570589,0.209316198527813,0.0664,0.0,0.11206752,0.10924511,0.08179806,10,True,False
2023-24,2023-10-21,New York,1,1.3866931200027466,0.9176521837711334,2.216188430786133,0.4052044749259949,0.11722100526094437,0.7436554431915283,27.700510025024414,14.819380569458009,40.431697845458984,0.005383042618632317,0.0022247939603403212,0.01022385060787201,12.867283821105957,5.921159267425537,23.427181243896484,0.0982634462416172,0.01718851365149021,0.20916983634233474,0.0579,0.0003,0.11053911,0.11744668,0.08637324,10,True,False
2023-24,2023-10-21,New York,2,1.2574070692062378,0.7800500392913818,2.021978282928469,0.41373661160469055,0.14191345274448394,0.7372362017631531,25.987112045288086,10.212753295898438,41.392844009399425,0.00815118569880724,0.0020000000949949026,0.01642659679055214,11.39286756515503,5.215944290161133,21.610841751098633,0.09842611849308014,0.012981508858501911,0.23523850739002228,0.071,0.0008,0.11091579,0.12092078,0.08576655,10,True,False
2023-24,2023-10-21,Pennsylvania,0,1.0802198648452759,0.6928929388523102,1.7732641100883497,0.3788619041442871,0.11609226688742638,0.7015495300292969,25.910139083862305,8.398947429656983,41.440677642822266,0.04630889557301998,0.02264111116528511,0.0736221894621849,17.85801124572754,9.121417999267578,29.240476608276367,0.07889730110764503,0.012681564316153526,0.18215112388134003,0.0675,0.0,0.11177518,0.09670416,0.07086263,10,True,False
2023-24,2023-10-21,Pennsylvania,1,0.959936797618866,0.6270720958709717,1.5215870141983032,0.40326108038425446,0.1474723517894745,0.6710819005966187,20.925976753234863,6.94263219833374,35.93307838439944,0.04951481521129608,0.025221964158117775,0.08000632822513583,20.14100456237793,10.535945892333984,30.896512985229492,0.07110098004341125,0.013705276884138584,0.1593589335680008,0.0588,0.0,0.11092092,0.08621143,0.06180842,10,True,False
2023-24,2023-10-21,Pennsylvania,2,1.047069787979126,0.6440251886844636,1.8771095037460332,0.4170904755592346,0.08580946251749999,0.7191140592098236,24.955930709838867,8.301921844482422,40.0098014831543,0.047720491886138916,0.024121867492794994,0.07595006600022317,18.903261184692383,9.832891464233398,29.874820709228516,0.0890490896999836,0.015726184472441673,0.19801278412342072,0.0577,0.0,0.11094322,0.10501151,0.07530394,10,True,False
2023-24,2023-10-21,Vermont,0,1.155900001525879,0.7139310240745544,2.0189754962921143,0.47730183601379395,0.18712416291236877,0.7928571701049805,22.97804355621338,11.63576602935791,36.367637634277344,0.05222218856215477,0.01235898770391941,0.11450464278459549,4.091346263885498,0.7479642033576968,9.8776216506958,0.11430949717760086,0.022903336212038994,0.26399660110473633,0.0473,0.0005,0.10870203,0.12865408,0.09056222,10,True,False
2023-24,2023-10-21,Vermont,1,1.1746311783790588,0.730595588684082,2.1676504611968994,0.5039584040641785,0.18200409412384033,0.8185569047927856,23.099679946899414,11.696993827819824,37.18875808715821,0.04576488956809044,0.009101811796426773,0.10363910347223282,4.3973424434661865,0.7728159427642822,11.438634872436523,0.1157349944114685,0.02297459915280342,0.2588491529226305,0.0536,0.0002,0.11098129,0.12745793,0.08883206,10,True,False
2023-24,2023-10-21,Vermont,2,1.1702893376350403,0.7115693688392639,2.143528580665589,0.5259335041046143,0.18685460388660435,0.8409504890441895,23.407405853271484,12.063470268249516,37.50327682495117,0.04405451938509941,0.01066411379724741,0.10055974125862122,4.413074493408203,0.6293483972549438,11.851759910583496,0.1100752130150795,0.02315373346209526,0.24622435718774802,0.0509,0.0,0.11243873,0.12528957,0.08712148,10,True,False
2023-24,2023-10-21,Wyoming,0,1.1811779141426086,0.6862569272518159,2.0825798511505127,0.5211121439933777,0.19503224939107897,0.8394039273262024,22.7501277923584,10.519774436950684,36.438370895385745,0.027024426497519016,0.0020000000949949026,0.06707636043429376,7.974142074584961,2.626489186286926,18.64656639099121,0.1368737816810608,0.02634460497647524,0.3150352686643601,0.0538,0.0035,0.11243087,0.15805102,0.11308168,10,True,False
2023-24,2023-10-21,Wyoming,1,1.2545868754386902,0.7741939425468445,2.0353989601135254,0.5172252058982849,0.19797507375478746,0.8242942214012148,24.29226303100586,12.425349235534668,38.57801628112793,0.03130086697638035,0.004061742685735226,0.0688885122537613,8.088610649108887,2.843601942062378,16.655663871765142,0.12780893594026566,0.026774208247661593,0.26517877578735355,0.0441,0.0006,0.11198223,0.14057078,0.1013799,10,True,False
2023-24,2023-10-21,Wyoming,2,1.2351645827293396,0.7028028070926666,2.0993354320526123,0.5626450777053833,0.19268984049558646,0.8401622176170349,22.74385356903076,10.80358819961548,34.16757431030273,0.02550158742815256,0.0020000000949949026,0.06631771698594098,8.424506187438965,2.8449254989624024,17.31250228881836,0.12696531414985657,0.025234080478549005,0.2970374822616577,0.0503,0.0007,0.11079889,0.14838141,0.10604942,10,True,False
2023-24,2023-10-28,Alaska,0,1.1697999238967896,0.768612802028656,1.9172013044357301,0.3695988059043884,0.10152261704206467,0.7073363542556763,22.689172744750977,9.40074634552002,37.121241760253916,0.0854499526321888,0.04280763976275921,0.13895578682422638,15.397897720336914,7.588442325592041,25.035602569580078,0.0780143216252327,0.011932788509875537,0.19199158251285553,0.0729,0.0001,0.11038784,0.09789753,0.07267067,10,True,False
2023-24,2023-10-28,Alaska,1,1.1930838823318481,0.7764073491096497,1.9496169328689577,0.3801361918449402,0.10844771564006805,0.7080936431884766,24.01257610321045,9.065202426910403,38.41451568603516,0.08448740094900131,0.04317093826830387,0.1399858877062798,16.93750286102295,8.199790096282959,29.11713981628418,0.08779401332139969,0.018345599249005327,0.19670617878437044,0.0519,0.0002,0.11063188,0.10314026,0.07504324,10,True,False
2023-24,2023-10-28,Alaska,2,1.1827689409255981,0.7807542085647583,1.868631362915039,0.3557983636856079,0.08163966238498688,0.6990995407104492,23.58577823638916,9.658740043640137,36.542724609375,0.08572306483983994,0.04290030524134636,0.14753389954566962,16.289182662963867,7.813150882720947,28.121729850769043,0.084002286195755,0.014081583730876448,0.18660873174667358,0.0661,0.0,0.11024725,0.10269761,0.07810296,10,True,False
2023-24,2023-10-28,California,0,1.4008827209472656,1.029718017578125,2.0372114181518555,0.31279292702674866,0.06948506832122803,0.6240295171737671,28.560667037963867,16.689237594604492,40.482906341552734,0.005382046103477478,0.0023160279961302876,0.01016467809677124,21.017616271972656,10.264127445220948,32.896446228027344,0.0686747208237648,0.00857914229854942,0.1586339801549913,0.0824,0.0,0.11251659,0.08346688,0.06388669,10,True,False
2023-24,2023-10-28,California,1,1.3109707832336426,0.885725200176239,2.0802793502807617,0.35527920722961426,0.08666803613305092,0.6483836770057678,28.17991352081299,12.055109786987305,41.5085334777832,0.007790609262883663,0.0026559485122561455,0.016022425144910812,14.989300727844238,7.754422616958618,23.58766250610353,0.07672020047903061,0.013150415383279324,0.1662677526473999,0.0645,0.0,0.11232214,0.08844776,0.06725108,10,True,False
2023-24,2023-10-28,California,2,1.295426607131958,0.8551793038845062,2.1343276500701904,0.3492017984390259,0.07861890047788621,0.7005282640457153,27.207619667053223,13.921346664428711,40.096595764160156,0.007159318309277296,0.002228431403636933,0.015426950994879014,16.090089797973633,8.698485279083252,26.268054962158203,0.07457586377859116,0.010210302658379078,0.17430502772331244,0.0722,0.0,0.11335111,0.09062233,0.06703831,10,True,False
2023-24,2023-10-28,New York,0,1.3391481637954712,0.8286744415760041,2.0290794372558594,0.40245428681373596,0.1285269558429718,0.7063993811607361,26.83555793762207,14.369312286376953,39.65327453613282,0.012716658413410187,0.0035703234840184462,0.025041374005377304,13.36488962173462,5.91227912902832,25.386198043823242,0.09271824732422829,0.012953140400350093,0.2160094529390335,0.0694,0.0004,0.11088246,0.11362216,0.08394256,10,True,False
2023-24,2023-10-28,New York,1,1.4233707189559937,0.9212129712104797,2.2088089466094973,0.42204540967941284,0.12546490132808688,0.7243466436862946,28.673118591308594,14.383264541625977,41.587127685546875,0.009473884478211403,0.00342016548383981,0.018155649304389954,12.54713249206543,5.848896789550781,23.239149856567387,0.08353742212057114,0.010328146070241928,0.20546917617321014,0.08,0.0002,0.11217103,0.10334697,0.07667684,10,True,False
2023-24,2023-10-28,New York,2,1.2537823915481567,0.8280864715576173,1.970225501060487,0.3617244064807892,0.06735160946846008,0.6889580190181732,25.235729217529297,11.956899166107178,38.97065353393555,0.009947332553565502,0.0031939967535436157,0.019728398881852627,10.853409767150879,5.219722366333008,18.778821945190433,0.08017393201589584,0.012232728488743313,0.1892845153808594,0.0688,0.0,0.11398913,0.09538609,0.07219908,10,True,False
2023-24,2023-10-28,Pennsylvania,0,0.8558709621429443,0.6132726669311523,1.4232216000556954,0.39080023765563965,0.15654715597629554,0.6217769205570222,16.683090209960938,6.175755119323731,31.368849372863775,0.052310168743133545,0.029635811410844325,0.08064982071518899,20.952213287353516,12.07334852218628,29.52499752044678,0.05901453085243702,0.008645274955779315,0.14060194790363317,0.0808,0.0,0.11065379,0.07361257,0.05372509,10,True,False
2023-24,2023-10-28,Pennsylvania,1,0.9234833717346191,0.6300375461578369,1.552563643455506,0.4060424268245697,0.14943797886371613,0.6509578824043274,19.53754425048828,6.93535795211792,36.443081283569335,0.055806079879403114,0.030131127685308456,0.08419380486011505,17.77571678161621,10.164655303955078,25.389613342285156,0.08305761218070984,0.01687293164432049,0.1781209632754327,0.0492,0.0,0.11083484,0.09626302,0.0705556,10,True,False
2023-24,2023-10-28,Pennsylvania,2,0.8471097946166992,0.6284909248352051,1.4476846098899843,0.4088793396949768,0.1642526999115944,0.6552085518836975,16.7396297454834,6.696130752563477,31.254797172546386,0.050847241654992104,0.02641824260354042,0.08022454902529717,19.19486427307129,9.897631835937501,29.657272338867188,0.08035019785165787,0.012524040415883064,0.18163709342479706,0.0696,0.0,0.11251328,0.09795917,0.07028007,10,True,False
2023-24,2023-10-28,Vermont,0,1.0635616779327393,0.6534743309020996,1.915906703472138,0.45113299787044525,0.1502338945865631,0.7838605463504791,24.70152473449707,11.263414573669433,38.36148033142091,0.04529082961380482,0.0035599034046754274,0.10599750280380249,3.2994964122772217,0.10000000149011612,8.478503227233887,0.11156674474477768,0.0179457925260067,0.2556582987308502,0.0615,0.0004,0.1138716,0.13348821,0.09498016,10,True,False
2023-24,2023-10-28,Vermont,1,1.0555040836334229,0.6552627801895142,1.9027576923370364,0.489925280213356,0.17684957385063174,0.8112698197364807,25.00444221496582,11.34306173324585,39.61663818359376,0.04343964904546738,0.004188775084912779,0.09643536061048508,3.2723439931869507,0.10000000149011612,8.668654537200927,0.11468527466058731,0.020106032863259314,0.25830611288547517,0.0591,0.0002,0.11299872,0.13546785,0.09650362,10,True,False
2023-24,2023-10-28,Vermont,2,1.0599380731582642,0.639480036497116,1.956404185295105,0.4653216600418091,0.16257442981004716,0.7927924036979677,25.07059097290039,11.352200317382815,38.78231430053711,0.04524627514183521,0.0023530302802100785,0.1034465253353119,3.454576253890991,0.10000000149011612,9.777148246765137,0.10976672172546387,0.01938685104250908,0.25204292833805086,0.0555,0.0001,0.11027415,0.12858075,0.09223748,10,True,False
2023-24,2023-10-28,Wyoming,0,1.1813486814498901,0.6768793821334839,2.1224799156188965,0.5395870804786682,0.19052039086818695,0.835942715406418,22.552163124084473,11.038182258605957,34.51761245727539,0.007838505320250988,0.0020000000949949026,0.05635492131114006,6.256670236587524,0.10000000149011612,14.70331020355225,0.14654020965099335,0.029287924990057945,0.31986936926841736,0.041,0.0025,0.1115895,0.15513554,0.11052158,10,True,False
2023-24,2023-10-28,Wyoming,1,1.2483243346214294,0.6468496918678284,2.2982208728790283,0.5578389763832092,0.2525615692138672,0.8601830959320069,24.97231674194336,12.133020401000977,38.70777168273927,0.013623064383864403,0.0020000000949949026,0.05566760748624803,6.197481870651245,0.10000000149011612,16.776382446289062,0.1620672196149826,0.035376522690057755,0.3383197635412216,0.0424,0.003,0.11257558,0.16095717,0.11166431,10,True,False
2023-24,2023-10-28,Wyoming,2,1.1925314664840698,0.6693928420543671,2.1603169441223145,0.5740190744400024,0.21574929803609852,0.8808271944522859,24.245285034179688,11.316727924346925,40.075740814208984,0.014585569500923157,0.0020000000949949026,0.05463964864611626,5.66708517074585,0.10000000149011612,15.558946037292484,0.1502677947282791,0.03163893520832062,0.30708804726600647,0.0386,0.0012,0.11223666,0.14859206,0.10215781,10,True,False
2023-24,2023-11-04,Alaska,0,1.119636058807373,0.7137065827846527,1.7756810665130616,0.35329654812812805,0.08864381313323975,0.6816235184669495,23.633073806762695,7.779516220092773,40.25382957458496,0.10394928231835365,0.05325792506337166,0.16788711845874787,18.305164337158203,9.401874923706055,30.175024223327636,0.07493716478347778,0.01210505058988929,0.17721164226531982,0.068,0.0,0.11107131,0.09290136,0.06880745,11,False,False
2023-24,2023-11-04,Alaska,1,1.2381911277770996,0.7851436078548432,2.0210049152374268,0.3803333640098572,0.10625101625919342,0.7139238238334656,28.534393310546875,11.449363708496096,41.856561279296876,0.09911354258656502,0.04862866885960102,0.15778531730175022,15.916581153869629,8.275049209594727,25.34493637084961,0.08794562518596649,0.015336264669895173,0.1896439701318741,0.0646,0.0,0.1128947,0.10394474,0.07621926,11,False,False
2023-24,2023-11-04,Alaska,2,1.0793971419334412,0.6881697177886963,1.808388352394104,0.36920055747032166,0.11075285077095032,0.6899614691734315,21.705169677734375,7.628046989440918,38.90798568725586,0.09786989167332649,0.048433467745780945,0.15440809428691865,16.61674976348877,8.7647705078125,26.548748779296876,0.07410874217748642,0.009183159563690433,0.17311154603958132,0.0832,0.0,0.10952816,0.09139777,0.06685767,11,False,False
2023-24,2023-11-04,California,0,1.1296029090881348,0.6662706434726715,1.8907394647598268,0.42759624123573303,0.17652200162410736,0.6682372689247131,24.408379554748535,11.40522575378418,39.20526542663575,0.022658085450530052,0.007156572444364431,0.04342036806046963,17.882091522216797,9.17061290740967,28.950853347778324,0.09039575234055519,0.016699066385626793,0.20095689594745636,0.0575,0.0,0.10891546,0.10427884,0.07681563,11,False,False
2023-24,2023-11-04,California,1,1.363053023815155,0.9021394848823547,1.9745926260948181,0.3611888587474823,0.09126355871558196,0.6592500507831573,28.56599235534668,15.42106447219849,39.579139709472656,0.012287060730159283,0.003122338256798685,0.02679676562547684,16.31194305419922,8.650403499603271,25.32900199890137,0.08004753291606903,0.011356911808252336,0.17809437215328217,0.0699,0.0,0.1131385,0.09407673,0.0709916,11,False,False
2023-24,2023-11-04,California,2,1.3127647638320923,0.7984987497329712,2.0094130992889405,0.3677176982164383,0.07364391684532165,0.6854410231113434,28.403440475463867,13.296766662597657,40.37600860595703,0.014136483892798424,0.0042820586822927,0.02808145694434643,18.41231632232666,9.939523696899414,27.55016326904297,0.07741232961416245,0.012441741302609444,0.17605619579553605,0.0719,0.0,0.11145999,0.09258024,0.06829917,11,False,False
2023-24,2023-11-04,New York,0,1.2637431621551514,0.7512120604515076,2.1460442543029785,0.4335450232028961,0.13627053350210194,0.7351414322853089,25.347900390625,11.488434791564941,39.70804328918457,0.013472537510097027,0.004802355915307999,0.025877520442008972,14.545021533966064,7.166825914382935,24.559253692626953,0.09492123126983643,0.018796723894774915,0.21117694675922394,0.0556,0.0003,0.11045275,0.11256049,0.08195594,11,False,False
2023-24,2023-11-04,New York,1,1.6033399105072021,0.9148844361305237,2.325343108177185,0.47956301271915436,0.14651286602020264,0.7341400027275086,30.348529815673828,16.224843978881836,41.495553207397464,0.011799185536801815,0.0038087251596152782,0.02301973327994347,16.063817977905273,7.438852691650391,27.156452178955078,0.08914285153150558,0.012188234366476536,0.20565598160028464,0.0762,0.0003,0.11156115,0.10754399,0.07897157,11,False,False
2023-24,2023-11-04,New York,2,1.2556688785552979,0.7754615366458892,2.092571496963501,0.425464004278183,0.12949301302433014,0.715792763233185,25.724541664123535,9.762337017059327,41.90754585266114,0.012975133024156094,0.004206762043759227,0.025245968252420425,13.361861228942871,6.859303426742554,22.6389217376709,0.0890994518995285,0.019392387941479683,0.18091188371181488,0.0464,0.0,0.1142794,0.1000532,0.07355341,11,False,False
2023-24,2023-11-04,Pennsylvania,0,0.9639929831027985,0.6962157785892487,1.5357034683227542,0.31018535792827606,0.08850615099072458,0.6017257750034333,22.53936195373535,8.441387176513672,37.47015495300294,0.052651677280664444,0.027798864245414737,0.08286824151873588,17.191704750061035,9.680501937866211,25.371898841857913,0.0696418285369873,0.014056543819606304,0.1572824612259865,0.0586,0.0,0.11058564,0.08394613,0.06386214,11,False,False
2023-24,2023-11-04,Pennsylvania,1,0.9499597549438477,0.6658804416656494,1.7126719951629639,0.333060085773468,0.07955806702375412,0.6692591130733491,22.457398414611816,6.454706192016602,39.797542572021484,0.055859021842479706,0.028674552589654925,0.08793731778860092,19.290983200073242,10.686996459960938,29.803032875061056,0.08009390532970428,0.009369615465402603,0.1968119591474533,0.0757,0.0,0.11343162,0.1001948,0.07301173,11,False,False
2023-24,2023-11-04,Pennsylvania,2,0.984706699848175,0.6602075576782227,1.6134680747985846,0.37685835361480713,0.1020729720592499,0.656013011932373,23.663776397705078,6.548826217651367,40.130126953125,0.04899816960096359,0.02733881361782551,0.07415945082902908,18.66751480102539,10.84488296508789,27.179697036743164,0.07081729918718338,0.01287282472476364,0.1628115296363832,0.0634,0.0,0.11208162,0.08634775,0.06378607,11,False,False
2023-24,2023-11-04,Vermont,0,1.0085231065750122,0.6198593974113464,1.8275492191314697,0.4875945448875427,0.1849284663796425,0.7991181135177613,26.889267921447754,12.270809173583984,39.83086395263672,0.04771958664059639,0.003835355630144477,0.10826947689056399,3.537652015686035,0.10000000149011612,10.035199832916263,0.11808093637228012,0.023569149896502495,0.2556855082511902,0.0504,0.0001,0.11101015,0.13170728,0.09244922,11,False,False
2023-24,2023-11-04,Vermont,1,1.0283442735671997,0.6463155627250672,1.882408571243287,0.44566696882247925,0.1556703746318817,0.7772299110889435,26.705158233642578,11.250377655029297,40.63923263549805,0.045063458383083344,0.0023959444370120764,0.10305629894137391,3.786247134208679,0.10000000149011612,10.97974100112915,0.1084270104765892,0.022942500188946724,0.24017951339483268,0.049,0.0004,0.11139063,0.12517483,0.08939935,11,False,False
2023-24,2023-11-04,Vermont,2,0.9729043245315552,0.6270164847373962,1.7653539180755615,0.4404759556055069,0.14319810122251514,0.792043149471283,25.114503860473633,10.638352394104004,37.86151885986328,0.04313775710761547,0.0028198054060339928,0.0927845172584057,3.4991865158081055,0.10000000149011612,9.33184909820557,0.11136079579591751,0.024418488144874573,0.23644135892391205,0.0443,0.0,0.11128487,0.12496073,0.08714015,11,False,False
2023-24,2023-11-04,Wyoming,0,1.1936377882957458,0.6679959118366241,2.1691094875335697,0.5880527496337891,0.25418160259723666,0.878373181819916,26.665063858032227,13.672021675109864,39.66950874328614,0.011768927332013845,0.0020000000949949026,0.046469517797231685,8.611104488372803,1.7245162725448608,19.737646675109865,0.1570238471031189,0.03703231252729894,0.31140719950199147,0.0354,0.0023,0.11108655,0.16664493,0.1124509,11,False,False
2023-24,2023-11-04,Wyoming,1,1.2262570261955261,0.6707115769386292,2.2542037963867188,0.5693044662475586,0.2647572159767151,0.8510555028915405,26.166885375976562,11.499578094482422,41.03486976623536,0.013789261691272259,0.0020000000949949026,0.050259385257959366,6.727937698364258,1.5372644901275636,15.270477104187012,0.1595674827694893,0.03443622887134552,0.3112518370151521,0.0405,0.0016,0.1121873,0.16837502,0.11406708,11,False,False
2023-24,2023-11-04,Wyoming,2,1.1801204681396484,0.6427005529403687,2.17595956325531,0.5096251368522644,0.1856609895825386,0.8324475646018983,26.04899501800537,12.16951847076416,38.50912246704102,0.014748658519238234,0.0020000000949949026,0.04966557733714581,8.801673889160156,1.9397097826004028,19.41490478515625,0.1579861044883728,0.03933752849698067,0.320488116145134,0.0334,0.0031,0.10890845,0.17056016,0.1174526,11,False,False
2023-24,2023-11-11,Alaska,0,1.1215964555740356,0.7220325469970703,1.7184042096138004,0.3318057954311371,0.07835301160812379,0.6651505827903748,24.53162384033203,8.869154930114746,39.18746566772461,0.11939240619540215,0.059456711262464525,0.19807235449552538,17.78581714630127,9.367280960083008,29.326231002807617,0.08009928464889526,0.014571488834917545,0.17138641774654395,0.0645,0.0,0.11421102,0.09619771,0.06997567,11,False,False
2023-24,2023-11-11,Alaska,1,1.1383736729621887,0.734960675239563,1.8275646686553955,0.3569042980670929,0.08923282101750375,0.6829945921897889,25.006547927856445,10.286019325256348,39.09468383789063,0.11617843061685562,0.058248333632946014,0.18652263283729553,17.250067710876465,9.215284252166748,27.639629364013672,0.0767626017332077,0.0123715465888381,0.17005831003189087,0.0643,0.0,0.1140885,0.09237956,0.06820768,11,False,False
2023-24,2023-11-11,Alaska,2,1.1039406061172485,0.7153058290481568,1.8260864019393923,0.3677118718624115,0.10999815464019777,0.6822767853736877,24.582000732421875,8.92752742767334,38.2631950378418,0.12316480651497841,0.06639138460159302,0.19846315681934357,19.01933002471924,10.000378608703613,28.832294654846194,0.07483293116092682,0.013721054419875145,0.16745569407939914,0.0648,0.0,0.11510548,0.09054912,0.06753655,11,False,False
2023-24,2023-11-11,California,0,1.033643126487732,0.6867592334747316,1.8048583269119263,0.4662526249885559,0.18243375420570374,0.7130516767501831,19.522397994995117,10.326001739501953,32.79818840026856,0.03847479820251465,0.02020256221294403,0.05898626893758774,18.651763916015625,9.642136383056641,29.52861785888672,0.11349576339125633,0.023903684690594673,0.23082475662231447,0.0441,0.0,0.1111151,0.12585329,0.08643203,11,False,False
2023-24,2023-11-11,California,1,1.1231228113174438,0.6984806656837463,1.7378638863563538,0.3830174207687378,0.0886300727725029,0.7042827010154724,22.32990074157715,11.127350807189941,36.20564270019531,0.039737097918987274,0.020649288408458234,0.06422774493694305,20.46461582183838,10.69807004928589,31.79096794128418,0.08946823328733444,0.016765238344669347,0.17602737247943878,0.0502,0.0,0.10889704,0.09202132,0.06699754,11,False,False
2023-24,2023-11-11,California,2,1.0094780921936035,0.6728194355964661,1.7464429140090942,0.462617963552475,0.18574243783950806,0.7126464247703552,18.165803909301758,9.661503791809082,33.584373474121094,0.04333760589361191,0.02441043220460415,0.06807879209518433,24.24816131591797,13.650441265106203,35.123802185058594,0.09753002226352692,0.015726329758763313,0.225383883714676,0.0585,0.0,0.11232703,0.10589571,0.07493919,11,False,False
2023-24,2023-11-11,New York,0,1.3278189897537231,0.8255606651306153,2.077174663543701,0.4004736542701721,0.1388745278120041,0.6674489259719849,27.290382385253906,12.741769218444825,40.66906394958497,0.018160671927034855,0.00701129250228405,0.034914057701826096,13.545756340026855,7.409275054931641,21.89649772644043,0.09248898923397064,0.019011415541172028,0.21240082383155823,0.0514,0.0,0.10884236,0.11191913,0.08157271,11,False,False
2023-24,2023-11-11,New York,1,1.301627516746521,0.7926564812660217,2.138490915298462,0.3926442861557007,0.11231156438589096,0.7041680216789246,26.87582778930664,12.627189636230469,40.2633171081543,0.021078091114759445,0.008020341396331787,0.039217445999383926,12.6243896484375,6.759767055511475,20.067962646484375,0.08513151854276657,0.017597626894712448,0.19405631870031365,0.0525,0.0,0.11290543,0.10002358,0.0737476,11,False,False
2023-24,2023-11-11,New York,2,1.3552870750427246,0.8377296924591064,2.273166108131409,0.49261489510536194,0.1854631468653679,0.7845490574836731,27.444527626037598,14.289162063598633,38.225303649902344,0.02053304947912693,0.007890329603105784,0.03701265528798103,16.045671463012695,7.69623670578003,27.745488357543945,0.08419564738869667,0.014283327665179969,0.18459220528602602,0.063,0.0,0.11206942,0.09753368,0.07234957,11,False,False
2023-24,2023-11-11,Pennsylvania,0,1.107121229171753,0.750565767288208,1.790088415145875,0.3873930871486664,0.1329587996006012,0.6574703454971313,23.849403381347656,10.958240509033203,38.94289016723633,0.05640014261007309,0.02987997978925705,0.089119553565979,17.40031909942627,9.875679969787598,26.186676025390625,0.09187642484903336,0.016266798600554466,0.20363476872444153,0.0541,0.0,0.11197797,0.10527436,0.07549556,11,False,False
2023-24,2023-11-11,Pennsylvania,1,1.052569568157196,0.7345938682556152,1.7909575700759888,0.3812602162361145,0.11179552227258682,0.6640551388263705,22.166109085083008,10.305950164794922,35.93654251098633,0.061089325696229935,0.03407254330813885,0.09092804864048959,19.506179809570312,10.521557807922363,29.545801162719727,0.08573205024003983,0.012841845862567425,0.20760230720043182,0.0688,0.0,0.11152022,0.1025958,0.07209993,11,False,False
2023-24,2023-11-11,Pennsylvania,2,0.9692091941833496,0.7092179656028748,1.5686432123184206,0.3616189658641815,0.12555077672004702,0.5981237888336182,18.295034408569336,8.24463939666748,34.75945281982422,0.06521303206682205,0.03731604292988778,0.0982571251690388,19.522090911865234,10.862617111206056,27.619697380065922,0.06482362002134323,0.00888046994805336,0.15209998339414604,0.0817,0.0,0.1098163,0.07368726,0.05442328,11,False,False
2023-24,2023-11-11,Vermont,0,1.100692629814148,0.6775871515274048,1.8955764770507812,0.4483788013458252,0.17302799224853516,0.7649244368076328,24.063363075256348,12.071500968933108,36.53555526733399,0.043598465621471405,0.009942003525793552,0.10184451937675476,4.597612380981445,0.8329624235630039,12.659083461761474,0.11038428917527199,0.021521940082311633,0.23840650916099548,0.0519,0.0,0.11160662,0.12893968,0.08967517,11,False,False
2023-24,2023-11-11,Vermont,1,1.1085058450698853,0.673142808675766,2.0044256687164306,0.4796225130558014,0.16560444235801697,0.7808374762535096,24.03223419189453,11.81299734115601,36.087133789062506,0.042685605585575104,0.009449131134897473,0.09211151450872421,4.903103351593018,0.8719122946262362,11.90926742553711,0.11031268164515495,0.0202183835208416,0.23397051244974149,0.0493,0.0001,0.11146301,0.1231546,0.08592919,11,False,False
2023-24,2023-11-11,Vermont,2,1.101461410522461,0.6741133391857148,1.960749626159668,0.432997927069664,0.15034608244895936,0.7390379309654236,24.16010856628418,11.910414123535157,37.33226127624513,0.04925435781478882,0.011272023897618057,0.10536931455135345,4.683005332946777,0.7961646914482117,11.597783088684084,0.11404704302549362,0.028270840644836426,0.24856415390968323,0.0414,0.0001,0.11256919,0.13235158,0.09132476,11,False,False
2023-24,2023-11-11,Wyoming,0,1.257360816001892,0.7076453566551208,2.1557562351226807,0.5231491923332214,0.20515191704034813,0.8581023216247559,24.194364547729492,12.597990989685059,34.662901687622075,0.021095545031130314,0.005816700402647257,0.05966445431113243,6.907372951507568,1.8700828552246094,14.470503807067871,0.145952470600605,0.033015044033527376,0.28182765245437624,0.0404,0.0,0.11132791,0.17068776,0.11380242,11,False,False
2023-24,2023-11-11,Wyoming,1,1.1666666269302368,0.6836817264556885,2.2062880277633674,0.515387237071991,0.22881573140621198,0.8062150835990907,22.848881721496582,12.767919540405273,34.394737243652344,0.02098277397453785,0.005624701268970966,0.06385085731744766,6.66689395904541,1.7244998335838317,14.576419067382828,0.1514764428138733,0.03228806331753731,0.3131340444087982,0.0387,0.0026,0.11135681,0.18717563,0.12363262,11,False,False
2023-24,2023-11-11,Wyoming,2,1.2511053085327148,0.7291668653488159,2.25370454788208,0.5204144716262817,0.22575540840625763,0.8432464599609375,24.175905227661133,11.788612079620362,36.090641021728516,0.021407965570688248,0.00559341642074287,0.060868688672781,8.137203216552734,2.148680257797241,16.929655075073242,0.15616858005523682,0.03186342492699624,0.3402635961771014,0.0447,0.0025,0.11158828,0.18091072,0.11883789,11,False,False
2023-24,2023-11-18,Alaska,0,0.9834225177764893,0.6769363224506378,1.6546252965927124,0.37348824739456177,0.09307594522833824,0.6739029884338379,26.387747764587402,6.7861248493194655,41.35869674682619,0.114376749843359,0.05033896118402481,0.18089069426059723,16.892051696777344,8.45054407119751,26.738293838500976,0.08680384233593941,0.017673111148178582,0.1960248053073883,0.0478,0.0,0.11199319,0.08738186,0.06551144,11,False,False
2023-24,2023-11-18,Alaska,1,1.0382776260375977,0.6599504947662354,1.6859066486358643,0.3539274036884308,0.06756310164928436,0.7109604477882385,28.393150329589844,6.614532279968268,41.82339019775391,0.09849736094474792,0.047387660667300234,0.16597628593444824,16.48628044128418,8.725688934326172,26.530958366394042,0.08062566071748734,0.01781415697187185,0.17186731100082397,0.056,0.0,0.11139761,0.08441839,0.06396099,11,False,False
2023-24,2023-11-18,Alaska,2,0.9820824265480042,0.6533408761024475,1.6027759313583374,0.37108051776885986,0.09505780786275864,0.6805734038352966,26.501657485961914,6.35448470115662,40.7360782623291,0.11475813388824463,0.0485246405005455,0.1923503577709198,16.995030403137207,8.499028205871582,27.179771423339844,0.0823737159371376,0.018047155812382698,0.17388422787189484,0.046,0.0,0.11043921,0.0852811,0.0652964,11,False,False
2023-24,2023-11-18,California,0,0.9234960079193115,0.6361960351467133,1.46087760925293,0.45514483749866486,0.1470622763037682,0.7230569243431092,17.924992561340332,9.533197593688966,33.400338363647464,0.055949002504348755,0.03278561420738697,0.08418730646371841,20.831189155578613,12.012153625488281,30.913238525390625,0.08946434408426285,0.020482009463012218,0.1892736554145813,0.0404,0.0,0.11192851,0.10691458,0.07737178,11,False,False
2023-24,2023-11-18,California,1,1.0079070925712585,0.6804078102111817,1.5902212858200075,0.44548463821411133,0.19781702905893328,0.687158465385437,21.01018524169922,10.374201488494872,35.54493522644044,0.055480729788541794,0.03003016859292984,0.08640637993812561,19.1379337310791,11.338314056396484,27.863351821899414,0.0937533900141716,0.023932208679616453,0.18734188973903657,0.038,0.0,0.11238124,0.10804543,0.08101005,11,False,False
2023-24,2023-11-18,California,2,1.2096166610717773,0.8578954637050629,1.8689861297607422,0.3814665824174881,0.1393839716911316,0.6957781314849854,26.894790649414062,15.761651039123535,36.20781707763672,0.04682966135442257,0.025972137227654457,0.06829278916120529,22.643651008605957,12.452741622924805,33.14743423461915,0.07107523083686829,0.012755165621638299,0.15634791553020477,0.0617,0.0,0.11265913,0.08720546,0.06622932,11,False,False
2023-24,2023-11-18,New York,0,1.2218888998031616,0.7950463712215424,1.9538745880126953,0.34424644708633423,0.07704158872365952,0.6840371191501619,27.639446258544922,13.197736072540284,40.17706298828125,0.031029876321554184,0.014441865403205157,0.053674920275807385,14.488258838653564,7.6635211467742925,23.32756385803223,0.08985303342342377,0.013995474204421043,0.20125420391559612,0.0671,0.0,0.10972644,0.10873635,0.0796347,11,False,False
2023-24,2023-11-18,New York,1,1.270401954650879,0.8088811218738556,2.2214600563049336,0.39595380425453186,0.12147094309329987,0.7344908714294434,27.1326904296875,13.008166313171387,39.39026145935058,0.02654510736465454,0.011474264785647392,0.04444236755371094,15.973729610443115,8.558833980560303,24.869647979736328,0.08244318887591362,0.015574661735445266,0.18793180584907532,0.0591,0.0,0.10995898,0.09980934,0.07308225,11,False,False
2023-24,2023-11-18,New York,2,1.3069756031036377,0.8572543144226075,2.038399362564087,0.34969766438007355,0.097892764210701,0.6516762256622315,28.99612522125244,14.583627700805664,41.31976699829102,0.027988548390567303,0.012462272867560386,0.04824103862047196,16.27311420440674,8.541571712493898,24.925028228759768,0.06889533996582031,0.01335397083312273,0.15228989720344543,0.0575,0.0,0.11039732,0.08209868,0.06345703,11,False,False
2023-24,2023-11-18,Pennsylvania,0,0.9633047580718994,0.7029612123966218,1.4210015654563903,0.3316420316696167,0.09901000559329987,0.5749104619026184,18.977325439453125,8.639928817749023,35.27118148803711,0.06047694757580757,0.034244828298687933,0.08892449513077737,22.943906784057617,13.293047523498535,33.58346939086914,0.05847107246518135,0.01099205669015646,0.13960547745227814,0.0652,0.0,0.10988201,0.07621302,0.05839495,11,False,False
2023-24,2023-11-18,Pennsylvania,1,1.055102825164795,0.7218608260154724,1.8020530939102173,0.37413831055164337,0.10828372091054916,0.6586125493049622,23.869638442993164,10.395740509033203,38.904275894165046,0.0591716393828392,0.0348427165299654,0.08841975405812263,18.746795654296875,10.913878917694094,27.858042907714847,0.0751776173710823,0.014314995147287846,0.16424164026975632,0.0587,0.0002,0.10945886,0.08987666,0.06758611,11,False,False
2023-24,2023-11-18,Pennsylvania,2,1.0978660583496094,0.6832094967365265,1.9881724119186401,0.4107375144958496,0.10571758449077606,0.7356696844100953,26.125198364257812,11.1156644821167,41.50236511230469,0.05829904228448868,0.03234431520104408,0.08867660686373711,18.61031436920166,10.84898862838745,27.831449508666992,0.07954969629645348,0.011785183753818278,0.19023268669843674,0.073,0.0,0.11123222,0.09926826,0.07220525,11,False,False
2023-24,2023-11-18,Vermont,0,1.239328384399414,0.7700797915458679,2.0665290355682373,0.47897371649742126,0.18304257094860077,0.7544174194335938,24.536731719970703,13.883588790893556,35.54204483032227,0.043077502399683,0.009661459363996983,0.09421935155987743,6.3724353313446045,1.939825487136841,14.014451026916504,0.10868534818291664,0.025290587916970253,0.23120323270559315,0.0446,0.0,0.11011643,0.11993066,0.08789167,11,False,False
2023-24,2023-11-18,Vermont,1,1.209167718887329,0.7370417714118958,2.0107494592666626,0.4820239394903183,0.18141040205955505,0.791240155696869,24.118383407592773,12.244747829437257,35.48689155578613,0.04510372132062912,0.012372547760605812,0.09528569877147676,6.364890098571777,1.7491060495376587,14.23663787841797,0.11155932024121284,0.02220182493329048,0.23643172830343248,0.0439,0.0,0.11270711,0.12406044,0.08982092,11,False,False
2023-24,2023-11-18,Vermont,2,1.2057597041130066,0.7422764599323273,2.0985345602035523,0.4834286570549011,0.20158633589744568,0.7861248850822449,24.10421657562256,12.662994766235354,35.44641609191895,0.040911849588155746,0.008443356677889828,0.09594308584928513,5.699276685714722,1.6424336194992066,11.644728660583496,0.12269234657287598,0.02899257279932499,0.2534594327211382,0.0452,0.0003,0.11125148,0.13260095,0.09440628,11,False,False
2023-24,2023-11-18,Wyoming,0,1.1938239336013794,0.713639110326767,2.20566246509552,0.4857035279273987,0.19997648894786835,0.7945014894008636,23.365270614624023,12.033191680908203,34.46634063720704,0.02592059224843979,0.006373916892334819,0.06799372285604477,8.17750597000122,2.7583956003189094,16.836093902587894,0.13059517741203308,0.024780385196208954,0.29839393496513367,0.0534,0.0014,0.11286928,0.14655238,0.10204175,11,False,False
2023-24,2023-11-18,Wyoming,1,1.1476454734802246,0.6807940542697907,2.1252454519271855,0.5065165460109711,0.19226956367492676,0.7945689916610719,21.685585975646973,11.007721710205079,32.75169410705567,0.028490141965448856,0.00856548734009266,0.07343236804008484,7.926168918609619,2.910839319229126,15.365101623535159,0.13266795873641968,0.03534412011504173,0.26814526319503784,0.0335,0.0,0.10975985,0.14307251,0.09958025,11,False,False
2023-24,2023-11-18,Wyoming,2,1.2275393605232239,0.7400821447372437,2.2560262203216555,0.525212287902832,0.19966000467538833,0.8250293135643005,23.961477279663086,12.367589950561523,36.330496215820325,0.03113388456404209,0.010424066334962845,0.07639870792627335,7.638942241668701,2.5060054779052736,16.01012420654297,0.13835804164409637,0.02757062464952469,0.285440593957901,0.0446,0.0006,0.11023616,0.14870467,0.10383048,11,False,False
2023-24,2023-11-25,Alaska,0,0.8613414764404297,0.6129573941230774,1.3876410007476807,0.35919971764087677,0.09504791051149371,0.6454404592514038,21.829261779785156,5.563847541809082,39.44808502197266,0.12493134289979935,0.05523607432842255,0.21219809353351593,19.24423313140869,10.14707202911377,30.559627342224125,0.08587390929460526,0.020540639571845532,0.17193918079137807,0.0452,0.0,0.11051658,0.09243691,0.06539582,11,False,False
2023-24,2023-11-25,Alaska,1,0.8975798785686493,0.6324674487113953,1.3520663380622866,0.2935659885406494,0.057278172671794914,0.5832761526107788,23.025901794433594,5.231517791748049,38.77594070434571,0.12791040539741516,0.05880616493523121,0.21485137343406685,17.9770565032959,9.779839420318604,26.458476638793947,0.09563521668314934,0.02626921236515045,0.1793938532471657,0.0292,0.0,0.11124051,0.09776373,0.07193718,11,False,False
2023-24,2023-11-25,Alaska,2,0.968594491481781,0.6232849836349488,1.6408132910728457,0.39647743105888367,0.11931542381644249,0.7028454124927521,27.321979522705078,8.713220596313477,41.69412269592285,0.11640473455190659,0.050292979925870895,0.19325543940067297,16.697640419006348,8.80419111251831,25.496228599548342,0.088581383228302,0.023188545741140845,0.16724873632192613,0.0368,0.0,0.11161711,0.09225375,0.067918,11,False,False
2023-24,2023-11-25,California,0,0.9134853482246399,0.6605235934257507,1.4440412521362305,0.39938463270664215,0.14055396616458893,0.653510570526123,21.016992568969727,9.779006481170654,36.58959197998047,0.05325371026992798,0.031789615750312805,0.08236531168222427,23.67910861968994,13.83896255493164,32.79595947265625,0.07282513380050659,0.014873661845922474,0.1596922129392624,0.059,0.0,0.11117984,0.0856718,0.06445173,11,False,False
2023-24,2023-11-25,California,1,1.1260133981704712,0.6950127184391022,1.8201686263084411,0.38199296593666077,0.07874814420938492,0.6963545680046082,28.526639938354492,11.683537197113036,43.20163764953613,0.05568856745958328,0.03222097456455231,0.08427677303552628,21.17837905883789,12.211396503448487,31.605109214782715,0.10093122720718384,0.022828668355941772,0.2097952082753182,0.0426,0.0003,0.11033473,0.11409327,0.08485273,11,False,False
2023-24,2023-11-25,California,2,0.8158580958843231,0.6136216521263123,1.2478304386138928,0.4643700420856476,0.14531554579734804,0.7091902494430542,16.995712280273438,8.823216438293457,30.064118385314945,0.057496558874845505,0.03276291489601135,0.0868047907948494,22.391464233398438,13.418042469024659,31.61284637451172,0.07161298021674156,0.015883896313607693,0.15187540650367737,0.0552,0.0,0.11030086,0.08342371,0.0621392,11,False,False
2023-24,2023-11-25,New York,0,1.1311230659484863,0.7292801141738892,1.8816432595253,0.3754231780767441,0.0882226750254631,0.6814172267913818,26.59932518005371,13.415040016174316,39.358375549316406,0.04440685361623764,0.02247757110744715,0.07609003037214279,16.113264083862305,8.671390533447266,25.157766342163086,0.08344099298119545,0.014327866025269032,0.18757430016994475,0.0629,0.0,0.11146232,0.10054544,0.07336553,11,False,False
2023-24,2023-11-25,New York,1,1.120924174785614,0.710117781162262,1.8733388185501099,0.3925054371356964,0.14321617782115936,0.6862409114837646,26.70560073852539,12.73776912689209,41.77246856689453,0.0389515720307827,0.020446326583623886,0.0650295689702034,16.686610221862793,9.053801441192627,26.61507225036621,0.07486697286367416,0.015958677977323532,0.168266162276268,0.0533,0.0,0.11121486,0.0916977,0.06841626,11,False,False
2023-24,2023-11-25,New York,2,1.0644454956054688,0.7031848430633545,1.5113982796669008,0.34843720495700836,0.09997222572565079,0.6504993498325349,24.74186611175537,12.318868637084963,36.172073745727545,0.05087040737271309,0.02679177187383175,0.07868283987045288,14.649655818939209,8.541147804260254,22.61814308166504,0.0821157693862915,0.01735514830797911,0.16712303161621098,0.0525,0.0,0.11211572,0.09302805,0.06865609,11,False,False
2023-24,2023-11-25,Pennsylvania,0,1.132700502872467,0.8265868663787843,1.5329841375350952,0.24863189458847046,0.048685434460639956,0.5133957266807556,27.592866897583008,14.910194778442385,39.13281593322754,0.06015661358833313,0.03629632294178009,0.09157595038414001,21.913806915283203,13.315815258026124,31.639299392700195,0.05636662244796753,0.010309995431452992,0.12515680789947511,0.0674,0.0,0.11153376,0.06764929,0.05246313,11,False,False
2023-24,2023-11-25,Pennsylvania,1,0.9966517984867096,0.6699974536895752,1.4383009672164917,0.3148159980773926,0.059867266565561295,0.6330134272575378,20.01191997528076,9.60860824584961,36.055484771728516,0.06634382903575897,0.03895233944058418,0.09830806776881221,22.446735382080078,13.977679729461672,31.95693016052246,0.06463131681084633,0.012609041668474682,0.14162191003561023,0.0572,0.0,0.11227963,0.07585854,0.05657462,11,False,False
2023-24,2023-11-25,Pennsylvania,2,1.050865888595581,0.7739681005477905,1.583393287658692,0.2872934937477112,0.073726586997509,0.5850671708583832,23.50516986846924,11.439264297485352,37.339630126953125,0.0657871626317501,0.03744439408183098,0.09727961122989656,24.451648712158203,15.082221984863281,34.100694274902345,0.06015835702419281,0.011792713776230812,0.13432495296001437,0.0597,0.0,0.10946989,0.07212757,0.05517319,11,False,False
2023-24,2023-11-25,Vermont,0,1.0834781527519226,0.6979027569293976,1.7840837240219116,0.39654119312763214,0.13363823294639587,0.6843712747097016,24.03164005279541,11.514745235443115,37.1479606628418,0.04157203435897827,0.00728913932107389,0.09020543843507767,6.569624900817871,2.033451795578003,13.922595024108887,0.10283159464597702,0.020011767745018005,0.2270006537437439,0.0487,0.0003,0.11173129,0.12154062,0.08785424,11,False,False
2023-24,2023-11-25,Vermont,1,1.0770999193191528,0.6879819750785827,1.814112901687622,0.4468813091516495,0.1711533382534981,0.7312275767326355,23.972993850708008,10.990174961090089,37.631684494018565,0.04310866445302963,0.007798188738524915,0.09530120342969894,6.195004940032959,2.036083698272705,12.862866401672363,0.10519084706902504,0.020089369267225266,0.22773006707429888,0.0536,0.0,0.11309943,0.12379714,0.08904343,11,False,False
2023-24,2023-11-25,Vermont,2,1.0627692341804504,0.6795573115348816,1.7708125710487366,0.4307253062725067,0.15169577300548553,0.7222497940063477,24.386760711669922,11.793917560577395,38.03166580200195,0.03993797115981579,0.006756558548659086,0.08892650827765469,6.675594329833984,2.2279161453247074,13.587803840637207,0.10951003059744835,0.02660239115357399,0.22467544674873352,0.0411,0.0002,0.11180792,0.1256293,0.092175,11,False,False
2023-24,2023-11-25,Wyoming,0,1.2460594177246094,0.7512679100036621,1.9664421081542969,0.5410919189453125,0.217930868268013,0.8358621776103974,24.08647632598877,14.464592266082764,33.10387420654297,0.04518439620733261,0.017522582784295082,0.10066601634025574,8.546721458435059,3.029887342453003,17.49873924255371,0.131058931350708,0.03606794402003288,0.25685489475727086,0.0308,0.0,0.11127653,0.13683347,0.09878943,11,False,False
2023-24,2023-11-25,Wyoming,1,1.32969069480896,0.7983931839466095,2.1643919944763184,0.5078895688056946,0.2501313924789429,0.8027613759040833,25.2463436126709,14.707409858703613,35.82173461914063,0.0441933311522007,0.016747143119573593,0.0978928878903389,10.330963611602783,3.7850074052810676,20.377700805664062,0.1324802041053772,0.03448344655334951,0.2809153199195862,0.034,0.0,0.11209575,0.14261181,0.10111275,11,False,False
2023-24,2023-11-25,Wyoming,2,1.1985048055648804,0.7560325860977173,2.3018155097961426,0.5628530979156494,0.2848388582468033,0.8543268978595735,23.240795135498047,14.39777307510376,33.24983596801758,0.04243757203221321,0.016437077149748805,0.08670432791113854,10.605607032775879,4.079026699066162,20.25812625885011,0.13372933119535446,0.02833895403891802,0.2847756117582322,0.0467,0.0027,0.11161646,0.14403671,0.10111636,11,False,False
2023-24,2023-12-02,Alaska,0,0.9892780184745789,0.6506198644638062,1.5264554262161256,0.3529822826385498,0.09467156231403351,0.6376878023147583,27.184425354003906,9.660771369934082,42.1496265411377,0.12561671435832977,0.06239479519426823,0.2083156153559685,18.990385055541992,10.157994270324707,28.88752994537354,0.08226118236780167,0.02274410072714091,0.1747460663318634,0.0374,0.0,0.11096916,0.09658077,0.06952392,12,False,False
2023-24,2023-12-02,Alaska,1,0.9286781549453735,0.6418464779853821,1.4776569604873657,0.34258103370666504,0.09871398657560349,0.6395167112350464,24.848756790161133,8.80716609954834,40.902854919433594,0.1376311182975769,0.0685005933046341,0.221111461520195,19.45761013031006,10.256381034851074,30.050355339050295,0.08526656776666641,0.01930783875286579,0.17585447430610657,0.042,0.0,0.11277926,0.09738983,0.06808162,12,False,False
2023-24,2023-12-02,Alaska,2,1.0292549133300781,0.6881992816925049,1.5501010417938232,0.34699109196662903,0.09364906772971154,0.6150297522544861,29.520662307739258,10.906757354736328,43.40080184936524,0.12994366884231567,0.06000303737819195,0.20898728817701342,17.25178623199463,9.461715888977052,26.303939819335938,0.07900825887918472,0.018446709960699085,0.16160930693149567,0.0446,0.0,0.11183757,0.09260638,0.068009,12,False,False
2023-24,2023-12-02,California,0,1.0856146812438965,0.7889466941356659,1.4336137771606445,0.24950140714645386,0.05073506981134415,0.5542556524276734,25.41855239868164,12.993347835540773,37.34649391174317,0.054525263607501984,0.03157621175050736,0.08119430392980576,22.235142707824707,14.20923728942871,30.23908805847168,0.0671716220676899,0.013841777946799994,0.14922109842300418,0.0596,0.0,0.11050475,0.08241388,0.06313148,12,False,False
2023-24,2023-12-02,California,1,1.021536111831665,0.7377231001853943,1.4575426697731018,0.30936765670776367,0.07914189770817756,0.5757341384887695,23.591018676757812,11.016038990020752,37.46401596069336,0.06162412837147713,0.03626633733510971,0.08720102906227112,19.060969352722168,12.079287433624268,26.27547264099121,0.0635705441236496,0.01423358591273427,0.13949970304965975,0.0514,0.0,0.10885973,0.07396139,0.0566725,12,False,False
2023-24,2023-12-02,California,2,1.0237507224082947,0.6972996592521667,1.4781593561172495,0.31699223816394806,0.08925446942448616,0.5991144776344299,23.395440101623535,11.139101028442383,39.61965713500977,0.05883357487618923,0.03643038496375084,0.08306566551327706,22.982587814331055,14.545716285705566,31.390121459960938,0.06309071183204651,0.01594901885837317,0.12696576118469238,0.047,0.0,0.11163196,0.07209438,0.0552669,12,False,False
2023-24,2023-12-02,New York,0,1.1037132740020752,0.7522922158241272,1.6442705512046816,0.34519335627555847,0.10718700215220452,0.6474168300628662,23.26481819152832,12.158256721496583,38.48362350463867,0.04745689779520035,0.026828020252287393,0.07047304138541222,16.65577507019043,9.43447208404541,24.793041610717776,0.08439269289374352,0.016602610051631928,0.192038431763649,0.0573,0.0,0.11343347,0.10086917,0.07592135,12,False,False
2023-24,2023-12-02,New York,1,1.1352567672729492,0.7480983674526215,1.7930456399917603,0.3387925326824188,0.09272696375846864,0.6409562230110168,24.89728355407715,13.28927993774414,38.479067993164065,0.05007682554423809,0.027740794606506827,0.08021246492862702,14.242795467376709,8.094175910949708,22.256086730957033,0.07315098866820335,0.0138167204335332,0.16527401208877565,0.0602,0.0,0.11052785,0.08686574,0.06600532,12,False,False
2023-24,2023-12-02,New York,2,1.0805631875991821,0.7469264268875122,1.787635326385498,0.38035260140895844,0.12069837749004364,0.6895555257797242,23.138343811035156,12.273138999938965,37.84567642211914,0.050198350101709366,0.027318756468594073,0.07795890420675278,16.045076370239258,9.104047679901125,24.180132865905765,0.07122164219617844,0.012194081861525775,0.16997007727622987,0.0629,0.0,0.11119511,0.08634917,0.06330911,12,False,False
2023-24,2023-12-02,Pennsylvania,0,1.0837018489837646,0.8083015978336334,1.4563268661499023,0.27552592754364014,0.07914482802152639,0.5343318581581116,21.769786834716797,11.770927429199219,34.83671607971192,0.06501879170536995,0.03896244615316391,0.092450088262558,20.28382682800293,12.426898956298828,29.55378055572511,0.06487365067005157,0.013411670923233032,0.13153666257858276,0.057,0.0,0.11265969,0.07241876,0.05651213,12,False,False
2023-24,2023-12-02,Pennsylvania,1,1.0384358167648315,0.7766517758369446,1.531240463256836,0.32959510385990143,0.11422040313482285,0.5866389989852906,20.155017852783203,11.164556503295898,35.93693542480469,0.056580785661935806,0.03578412346541882,0.07944267243146896,24.345763206481934,15.096619319915773,34.19638442993164,0.06405526399612427,0.015835542231798172,0.12765230238437653,0.0476,0.0,0.11177941,0.06935871,0.05456835,12,False,False
2023-24,2023-12-02,Pennsylvania,2,1.096239984035492,0.8480145335197449,1.609775185585022,0.28497400879859924,0.08911791443824768,0.5553404688835144,24.447839736938477,15.406326961517335,36.22154273986816,0.06778847798705101,0.04070281609892845,0.09630864560604097,24.483837127685547,14.784257125854493,33.865821838378906,0.05280057713389397,0.010683978907763958,0.11396937817335134,0.0605,0.0,0.11035155,0.05985438,0.04658454,12,False,False
2023-24,2023-12-02,Vermont,0,1.0346994400024414,0.6537501811981201,1.8403496742248535,0.4237210303544998,0.15509909391403198,0.7051331818103793,25.77042579650879,11.901890277862549,38.9608039855957,0.045125238597393036,0.005329906474798918,0.09574687480926514,7.012377738952637,2.506880521774292,14.31233024597168,0.10227112472057343,0.024151698127388956,0.21539139747619634,0.0407,0.0002,0.11125918,0.11432587,0.08354147,12,False,False
2023-24,2023-12-02,Vermont,1,0.9641086161136627,0.6362453639507294,1.750194621086121,0.45025163888931274,0.17122571170330048,0.7397913336753845,23.991318702697754,10.712026596069336,37.9571647644043,0.043071772903203964,0.005056784953922033,0.09784524887800217,7.757548570632935,2.8715739250183105,15.549105644226074,0.11215806007385254,0.02458851784467697,0.21949042528867724,0.0404,0.0008,0.10982688,0.11775458,0.08561975,12,False,False
2023-24,2023-12-02,Vermont,2,0.9666733741760254,0.6233314275741577,1.6670805215835571,0.4474320411682129,0.15777229219675076,0.7325705289840698,24.72274875640869,11.319550514221191,38.57161331176758,0.04955645278096199,0.009849362075328827,0.10532185435295105,7.010617733001709,2.528800320625306,15.677404212951668,0.10224100947380066,0.022095249965786934,0.21176861226558685,0.0455,0.0,0.11106069,0.11423241,0.08389228,12,False,False
2023-24,2023-12-02,Wyoming,0,1.1755772829055786,0.7086732387542725,2.0738384246826174,0.5373846888542175,0.24767032116651536,0.8109365701675415,24.838045120239258,12.85654172897339,36.7502124786377,0.05339176207780838,0.021335601806640625,0.11004837602376938,10.033884048461914,4.261341094970703,17.262130737304688,0.12559659779071808,0.028805317357182503,0.25562262535095215,0.0427,0.0001,0.1100711,0.14207051,0.10270916,12,False,False
2023-24,2023-12-02,Wyoming,1,1.2678868770599365,0.7844367623329163,2.20322585105896,0.49350956082344055,0.1912132978439331,0.7861505746841431,26.343725204467773,15.764366722106935,36.54410171508789,0.04560070484876633,0.019703619182109833,0.09620927497744561,10.494577407836914,4.329899311065674,19.400257110595703,0.12648309767246246,0.03219885677099228,0.2449427843093872,0.0383,0.0002,0.10999176,0.14210716,0.10249507,12,False,False
2023-24,2023-12-02,Wyoming,2,1.2103663682937622,0.6866927146911621,2.129514527320862,0.5332478284835815,0.24033011496067047,0.7996134638786316,25.229904174804688,14.135662555694582,36.62293739318848,0.050491953268647194,0.020598518289625646,0.10856110006570822,9.25356674194336,3.8929901123046875,17.116788864135742,0.1304410696029663,0.03144856654107571,0.25027115643024445,0.0335,0.0,0.11239946,0.14343032,0.1020992,12,False,False
2023-24,2023-12-09,Alaska,0,0.9812160134315491,0.6920150816440582,1.521511042118073,0.31993468105793,0.08540196716785431,0.6111221432685853,27.341270446777344,9.199381828308105,42.437538146972656,0.13069382309913635,0.06416192650794983,0.20226919054985046,19.134493827819824,10.878955078125,28.09539222717285,0.08039024472236633,0.019337594509124756,0.15966422855854034,0.0429,0.0,0.11097822,0.09004044,0.06792424,12,False,False
2023-24,2023-12-09,Alaska,1,0.9394283592700958,0.6708439707756043,1.4144893169403079,0.31312812864780426,0.07107424139976504,0.5982511520385744,23.01189422607422,7.199508571624756,41.402675247192384,0.13016105443239212,0.06414715200662613,0.2057577520608902,16.79027557373047,9.843906116485595,24.781718635559084,0.07323867455124855,0.01821428146213293,0.15123999416828157,0.0441,0.0,0.11060013,0.08480727,0.0637473,12,False,False
2023-24,2023-12-09,Alaska,2,0.9328552484512329,0.6647034287452698,1.3928589820861816,0.30073386430740356,0.08577484861016274,0.5568876683712006,23.799588203430176,7.555520629882814,40.78623313903809,0.12789974361658096,0.061398311331868176,0.21162447929382333,20.827305793762207,11.711909198760987,31.1321310043335,0.06818268448114395,0.014716045279055835,0.145636285841465,0.0497,0.0,0.11142511,0.07905791,0.05937169,12,False,False
2023-24,2023-12-09,California,0,0.9646533131599426,0.6656976938247681,1.445000171661377,0.348206102848053,0.08261160552501678,0.6375522017478943,21.544607162475586,10.606903076171875,39.058902740478516,0.07363365590572357,0.04498208798468113,0.10343713089823726,23.11590576171875,14.201876163482666,32.39268112182617,0.07038316130638123,0.015567542053759098,0.1448032706975937,0.0503,0.0,0.11169986,0.08162294,0.05989635,12,False,False
2023-24,2023-12-09,California,1,0.9776222705841064,0.7264642238616943,1.353192925453186,0.29299595952033997,0.08506990224123001,0.5498440563678744,21.53510093688965,10.307019519805909,37.53888130187988,0.07122301310300827,0.04319817125797272,0.10414493903517723,24.78573989868164,16.401254653930664,33.8681640625,0.06362919509410858,0.0150193702429533,0.13011455535888672,0.046,0.0,0.11240985,0.07228529,0.05631474,12,False,False
2023-24,2023-12-09,California,2,0.9579934477806091,0.7111427187919617,1.312213397026062,0.30284222960472107,0.08256690949201584,0.5643961429595947,19.920080184936523,10.079861640930176,35.94503402709961,0.06437060981988907,0.03813253343105316,0.09459839761257172,26.261762619018555,16.598451614379883,35.81983680725098,0.060794560238718987,0.013499495573341846,0.12706779539585114,0.0534,0.0,0.11402631,0.07224762,0.05623705,12,False,False
2023-24,2023-12-09,New York,0,1.077979326248169,0.768525242805481,1.5755600214004517,0.32735253870487213,0.1064075790345669,0.6084908187389374,23.690690994262695,13.241031837463378,36.931346893310554,0.059802357107400894,0.03329599238932133,0.09064473211765291,16.52500820159912,9.707776641845703,24.678138160705572,0.0678744688630104,0.013628982938826084,0.14956976622343066,0.0572,0.0,0.11088866,0.08141288,0.06230273,12,False,False
2023-24,2023-12-09,New York,1,1.087315022945404,0.7387704253196716,1.519794225692749,0.3184097409248352,0.08023328408598901,0.6289108991622925,24.243282318115234,13.205681800842285,37.98219680786133,0.06238529831171036,0.036911483854055405,0.09520118534564972,16.774383544921875,10.137567520141602,24.938581466674805,0.06902472674846649,0.010833275504410279,0.16604703068733218,0.0757,0.0,0.1120081,0.0863294,0.06575629,12,False,False
2023-24,2023-12-09,New York,2,0.9790273308753967,0.7035200834274292,1.5199219465255742,0.3973105549812317,0.1457195281982422,0.6583070456981659,20.902193069458008,12.048218250274658,35.96167373657227,0.061701977625489235,0.0347018837928772,0.0963386669754982,18.51637554168701,10.363909721374512,28.156248092651367,0.07871979475021362,0.011749864555895329,0.18775875866413116,0.0763,0.0,0.11299396,0.09949014,0.0736115,12,False,False
2023-24,2023-12-09,Pennsylvania,0,1.070813536643982,0.7460383176803589,1.4628369212150574,0.28839533030986786,0.06921111792325974,0.5842963457107544,23.512239456176758,12.225289535522462,38.91996879577637,0.07277456670999527,0.04291417449712753,0.10359945669770242,23.61986541748047,14.984745025634766,32.96592254638672,0.06365731358528137,0.012272837013006218,0.14127441942691804,0.0586,0.0,0.11250767,0.07871382,0.06032705,12,False,False
2023-24,2023-12-09,Pennsylvania,1,1.0819377899169922,0.7983410894870758,1.4099944710731507,0.23184576630592346,0.046459585428237915,0.5041235387325288,23.54212760925293,13.312108421325684,37.13193550109863,0.07436597347259521,0.04619919247925282,0.10348347574472427,24.75764274597168,15.728432655334473,34.16476936340332,0.050907306373119354,0.011469347774982454,0.10805684104561807,0.06,0.0,0.11213429,0.0602507,0.04785379,12,False,False
2023-24,2023-12-09,Pennsylvania,2,1.0430315732955933,0.8317756652832031,1.332863450050354,0.23681533336639404,0.06805077269673347,0.45106181502342224,21.58040714263916,12.194391918182374,34.91694679260254,0.07476859167218208,0.04636095091700554,0.10458880662918091,25.355182647705078,16.257120513916018,34.48246192932129,0.05393119156360626,0.014435701724141837,0.10896126925945282,0.0408,0.0,0.11058431,0.06173432,0.04942646,12,False,False
2023-24,2023-12-09,Vermont,0,1.0704796314239502,0.6789527118206025,1.777000904083252,0.41124147176742554,0.14315917938947678,0.7039825081825257,24.62875461578369,13.214963340759278,37.32114791870117,0.04979607090353966,0.011737953964620828,0.09926139414310457,8.473299026489258,3.3829872608184814,16.265138626098633,0.09953104704618454,0.023079585470259192,0.21656096130609515,0.0453,0.0,0.11136446,0.11809672,0.08455438,12,False,False
2023-24,2023-12-09,Vermont,1,1.0540196299552917,0.664020836353302,1.8608213305473333,0.45085352659225464,0.16954432427883148,0.7212852478027344,25.319466590881348,13.161148929595948,38.191043853759766,0.06310372799634933,0.018543315306305888,0.12296557649970055,8.010693550109863,2.9621562242507937,16.13666496276856,0.10180632770061493,0.024030889384448546,0.20537979602813722,0.0423,0.0,0.11120079,0.11693027,0.08391571,12,False,False
2023-24,2023-12-09,Vermont,2,1.0361468195915222,0.6963673114776612,1.7120297908782964,0.4185229539871216,0.1447819024324417,0.7002657055854797,24.3138427734375,12.697027206420898,36.878823852539064,0.054565638303756714,0.015415382478386166,0.10675498396158219,8.030519008636475,3.2139081954956055,15.751946353912354,0.09479406476020813,0.02086339574307204,0.20610985159873962,0.0473,0.0,0.11045134,0.11392827,0.08242504,12,False,False
2023-24,2023-12-09,Wyoming,0,1.313212513923645,0.7955335974693298,1.9951248168945312,0.46551674604415894,0.17815753817558289,0.7343644618988038,27.736167907714844,16.35736656188965,38.42957305908203,0.06528651714324951,0.031372164562344554,0.12505050003528595,12.1607985496521,5.2203288078308105,23.400842666625977,0.10554984956979752,0.0186599213629961,0.2378668487071991,0.0591,0.0005,0.11144547,0.12656223,0.09239696,12,False,False
2023-24,2023-12-09,Wyoming,1,1.179133653640747,0.7122316479682922,2.100863265991211,0.5102981925010681,0.21967318654060364,0.7848455488681794,25.067477226257324,15.011913204193116,36.13796272277832,0.06471162289381027,0.029983949661254887,0.13238757997751238,11.037737846374512,4.803887367248535,20.614067649841317,0.14454738795757294,0.03734977729618549,0.2808055341243744,0.0339,0.0003,0.11216602,0.16143029,0.11289971,12,False,False
2023-24,2023-12-09,Wyoming,2,1.1364868879318237,0.7088396549224854,1.943899154663086,0.4682810455560684,0.20877219587564472,0.7334639549255373,24.01327896118164,13.466730785369874,35.4639705657959,0.07044504582881927,0.032798849046230316,0.13602922558784486,11.01572322845459,4.756041526794434,19.69830722808838,0.1296074390411377,0.03280860185623169,0.25210609138011936,0.0357,0.0,0.11276179,0.14151027,0.10220457,12,False,False
2023-24,2023-12-16,Alaska,0,0.8726191818714142,0.6364631056785583,1.2755959033966064,0.2892669141292572,0.0831566132605076,0.533104157447815,25.25775909423828,6.20432186126709,43.413787841796875,0.14409545809030533,0.0699482411146164,0.23352882862091065,19.888039588928223,10.622808456420898,30.34961814880371,0.0750039592385292,0.017011301591992378,0.1556166559457779,0.0514,0.0,0.11452729,0.08223449,0.0616772,12,False,False
2023-24,2023-12-16,Alaska,1,0.9056600332260132,0.6341021418571472,1.3522133469581608,0.3097391426563263,0.0785096436738968,0.5652173757553101,28.300748825073242,8.230603504180909,43.998027420043954,0.1296989470720291,0.06248757243156433,0.2038044288754463,18.779712677001953,10.36457509994507,27.61677360534668,0.07421217113733292,0.021199243515729913,0.14358932971954347,0.0345,0.0,0.1114422,0.07908257,0.06005219,12,False,False
2023-24,2023-12-16,Alaska,2,0.8730396330356598,0.6215177059173584,1.2597599625587463,0.2997838854789734,0.07050439715385437,0.5831689238548279,24.352073669433594,5.214812755584717,42.945498657226565,0.1398947685956955,0.06648071110248566,0.2314119204878807,18.1610050201416,10.026276683807373,27.275882720947266,0.07721196115016937,0.017411047592759132,0.16216955035924913,0.0505,0.0,0.11205247,0.08588161,0.06384229,12,False,False
2023-24,2023-12-16,California,0,1.040094256401062,0.7406034290790559,1.3206857800483705,0.22400936484336853,0.03488127514719963,0.524323320388794,24.514070510864258,12.045035648345948,39.7276252746582,0.07273075729608536,0.043509770184755325,0.10264052450656891,22.821038246154785,15.086353874206543,32.189856719970706,0.055514365434646606,0.009899041056632998,0.11778709292411804,0.0699,0.0,0.11297423,0.06540077,0.05123809,12,False,False
2023-24,2023-12-16,California,1,1.0246481895446777,0.8429193735122681,1.2101094365119935,0.16997656226158142,0.027752038650214673,0.3774336874485016,22.170032501220703,11.174698829650879,34.86760177612306,0.07081525027751923,0.042650144547224045,0.10133160799741746,25.32604217529297,16.871827697753908,34.56206512451172,0.04814737103879452,0.010283255390822888,0.1023108959197998,0.0617,0.0,0.11128017,0.05780984,0.04548798,12,False,False
2023-24,2023-12-16,California,2,0.9720802903175354,0.6444776058197021,1.4062312722206116,0.34249868988990784,0.07758300155401232,0.6372885584831238,21.588882446289062,10.405448818206787,40.26130561828614,0.07391795516014099,0.044802162796258926,0.10893598943948746,24.711286544799805,15.235400390625001,33.537044525146484,0.06883855536580086,0.012336441315710545,0.15560965240001678,0.0679,0.0,0.11190016,0.08478941,0.06300458,12,False,False
2023-24,2023-12-16,New York,0,1.1148213148117065,0.8157145380973816,1.5901212692260742,0.26778915524482727,0.07129362225532533,0.5551573932170868,25.84347915649414,14.296268367767334,40.41595230102539,0.06224309653043747,0.036564599722623825,0.09365902096033096,21.89975929260254,13.413131713867188,30.206632614135742,0.061235349625349045,0.01248618196696044,0.12905925512313843,0.0579,0.0,0.11430042,0.07144093,0.05570212,12,False,False
2023-24,2023-12-16,New York,1,1.0814018249511719,0.7598479390144348,1.4923065900802612,0.2731866240501404,0.07043667882680893,0.5474687218666077,24.70380401611328,13.807524013519288,39.2122917175293,0.07108860462903976,0.04111559391021729,0.10556411743164062,18.702518463134766,11.076736450195312,27.84891700744629,0.06205623224377632,0.013339504599571228,0.13107832670211791,0.0535,0.0,0.11093221,0.07332095,0.0572791,12,False,False
2023-24,2023-12-16,New York,2,1.0699083805084229,0.7368494868278503,1.5713996410369875,0.3057192713022232,0.06908352002501494,0.6230498552322388,23.982181549072266,13.457463264465332,38.805747985839844,0.06603369116783142,0.037925663590431216,0.09443760141730309,20.607698440551758,12.295995235443115,30.0670108795166,0.07042957842350006,0.01605381630361081,0.14846709370613106,0.0489,0.0,0.11268825,0.08347766,0.06130994,12,False,False
2023-24,2023-12-16,Pennsylvania,0,1.1469756364822388,0.8760119676589966,1.5118974447250366,0.24088753014802933,0.04914381839334965,0.5058408319950105,29.517419815063477,16.732031440734865,40.5535400390625,0.08360316604375839,0.05192006006836891,0.11802694946527481,25.23179054260254,16.056604385375977,34.79870376586914,0.054514506831765175,0.009736265707761052,0.11633384227752686,0.0703,0.0,0.11083502,0.06462777,0.05092965,12,False,False
2023-24,2023-12-16,Pennsylvania,1,1.0741822719573975,0.8276916682720185,1.4176026582717896,0.2516312301158905,0.0606628842651844,0.5043264627456665,24.502931594848633,13.444679260253906,38.44986343383789,0.07775301486253738,0.04750339686870575,0.11328272521495819,22.712167739868164,14.88156509399414,32.09476852416992,0.0501962099224329,0.01226851409301162,0.10422214865684509,0.0521,0.0,0.11256849,0.05852282,0.04545403,12,False,False
2023-24,2023-12-16,Pennsylvania,2,1.0357180833816528,0.7844225823879242,1.3277555704116821,0.24573679268360138,0.060881711542606354,0.4949968159198761,21.175722122192383,11.382109928131104,36.24472427368164,0.07470358163118362,0.04461248219013214,0.10736332833766937,24.311674118041992,15.785429096221925,33.24308853149414,0.05591690354049206,0.012711250223219395,0.11358690038323403,0.0539,0.0,0.10963038,0.06430852,0.05166507,12,False,False
2023-24,2023-12-16,Vermont,0,0.9897430241107941,0.656893253326416,1.65245350599289,0.4003894329071045,0.12013522312045098,0.6835809409618377,23.679609298706055,11.743043422698975,38.494347000122076,0.058665044605731964,0.020745176821947098,0.1133505865931511,8.611701011657715,3.5368429899215705,15.873040199279785,0.10467389971017838,0.023749652318656445,0.2109704196453095,0.0412,0.0,0.11242794,0.11600459,0.0851014,12,False,False
2023-24,2023-12-16,Vermont,1,0.9544344544410706,0.6603450775146484,1.6163958311080933,0.41499660909175873,0.14293070137500763,0.6830922365188599,23.026111602783203,11.557079124450684,38.181496047973646,0.0562644824385643,0.02001914568245411,0.10341286659240723,8.136826992034912,3.458101511001587,14.85647983551026,0.10309335589408875,0.023157011158764364,0.20888181030750275,0.044,0.0,0.11206193,0.11524124,0.08333586,12,False,False
2023-24,2023-12-16,Vermont,2,1.0400032997131348,0.6853157579898834,1.681675910949708,0.37412577867507935,0.10036097466945648,0.6619710922241211,25.87403106689453,12.897947311401367,39.58722686767578,0.05732928030192852,0.01928303949534893,0.10889960825443268,9.258796215057373,3.922461175918579,16.735095214843753,0.09348148107528687,0.02339745685458185,0.1980893909931183,0.0416,0.0,0.11042359,0.11018052,0.0803491,12,False,False
2023-24,2023-12-16,Wyoming,0,1.1280586123466492,0.7029515087604523,1.8531911849975589,0.43063148856163025,0.15378655195236207,0.7009219467639924,24.205801010131836,12.927997398376466,37.23733901977539,0.08675596117973328,0.040302667766809464,0.16400359570980072,11.676493644714355,5.425380229949951,19.568740844726562,0.11722512170672417,0.027352636866271502,0.24765879511833194,0.0418,0.0,0.11168976,0.13525912,0.09741208,12,False,False
2023-24,2023-12-16,Wyoming,1,1.1415437459945679,0.6785370707511902,2.1297855377197266,0.5011666715145111,0.23568487167358398,0.7669389247894287,25.884275436401367,14.717954063415528,39.76629791259766,0.08397423475980759,0.041262540966272354,0.15562433004379275,13.109626770019531,6.232004070281983,21.329862594604492,0.13174541294574738,0.03217155225574972,0.25243109464645386,0.0366,0.0005,0.11182213,0.14676511,0.10446843,12,False,False
2023-24,2023-12-16,Wyoming,2,1.139575481414795,0.6785097599029541,2.018611192703247,0.49909640848636627,0.20709453523159027,0.7604978442192077,26.431129455566406,15.041844367980957,39.49249267578125,0.08334115147590637,0.04046458378434181,0.1466589719057083,11.324613571166992,5.347201824188232,19.565529441833498,0.12832553684711456,0.036878518760204315,0.25220367610454564,0.0287,0.0002,0.11192571,0.14345608,0.10522571,12,False,False
2023-24,2023-12-23,Alaska,0,0.8071162700653076,0.6022676229476929,1.13736252784729,0.29111355543136597,0.07828044444322586,0.5524017214775085,18.78223705291748,2.7854390144348145,42.290750885009764,0.15643996745347977,0.06871930062770845,0.25346748232841493,18.16601848602295,9.79073133468628,27.892654418945312,0.08453916013240814,0.021741782873868947,0.16154644191265108,0.0368,0.0,0.11390548,0.08666377,0.061598,12,False,False
2023-24,2023-12-23,Alaska,1,0.8122989237308502,0.6000000238418579,1.1983686685562134,0.3188257962465286,0.0832624800503254,0.5711801648139954,20.55331516265869,3.408662915229798,42.28778762817383,0.13930533826351166,0.06178246811032295,0.22375428676605225,17.551644325256348,9.410916328430176,26.805329322814945,0.08768035843968391,0.021899021789431573,0.17409121543169023,0.0398,0.0,0.11167268,0.09069833,0.06551669,12,False,False
2023-24,2023-12-23,Alaska,2,0.8383675217628479,0.6117233633995056,1.1895928144454957,0.3117704689502716,0.08802780583500863,0.5404889345169069,23.2136173248291,3.8936131954193125,44.41240959167481,0.1232745572924614,0.05616158209741117,0.202989698946476,19.548898696899414,10.850691795349121,29.831821441650394,0.07595222443342209,0.01809273473918438,0.14812156558036804,0.0447,0.0,0.1115905,0.07912209,0.05896059,12,False,False
2023-24,2023-12-23,California,0,1.0724704265594482,0.7093874216079712,1.3674434661865236,0.25205397605895996,0.05077608190476895,0.5953466892242432,24.570364952087402,13.863506317138672,38.047019958496094,0.08685474842786789,0.05605059117078781,0.12055452689528466,25.653827667236328,16.977083587646487,33.65982437133789,0.04835367575287819,0.011290927417576313,0.10177424475550653,0.0579,0.0,0.11293158,0.05779797,0.04357383,12,False,False
2023-24,2023-12-23,California,1,1.0485160946846008,0.8241925239562988,1.2830299139022827,0.20745983719825745,0.0431474331766367,0.4624084234237671,22.053386688232422,12.750181293487548,34.508270263671875,0.08169196546077728,0.05303610526025295,0.11204151585698129,23.891557693481445,16.344318389892578,32.21628189086914,0.0505788829177618,0.010730314999818804,0.10655968338251116,0.0655,0.0,0.1124353,0.05792563,0.04547898,12,False,False
2023-24,2023-12-23,California,2,1.0848050117492676,0.8368478417396545,1.389578938484192,0.21448220312595367,0.040806563571095515,0.45922306180000305,25.077590942382812,14.159138298034668,38.59333038330078,0.08362555503845215,0.05209548771381378,0.1174931526184082,27.210128784179688,18.287614822387695,36.04606246948242,0.04916554503142834,0.012228194531053305,0.10128456354141235,0.0532,0.0,0.11142358,0.05641532,0.04529591,12,False,False
2023-24,2023-12-23,New York,0,1.044790804386139,0.7723852753639222,1.3796866655349738,0.2613174617290497,0.05508869923651219,0.5356780409812928,23.185864448547363,12.73240852355957,38.18080368041992,0.08570997789502144,0.04997544549405575,0.12687250971794128,20.839757919311523,12.75154972076416,29.369980239868166,0.059541333466768265,0.01332358391955495,0.12404683902859688,0.0497,0.0,0.11294654,0.07012557,0.05482026,12,False,False
2023-24,2023-12-23,New York,1,1.0113149881362915,0.7386123359203338,1.3507980108261108,0.2880764901638031,0.07980433627963068,0.5719459772109987,22.48514175415039,12.724485397338867,36.60573196411133,0.07983338087797165,0.04576367810368538,0.11870352923870087,20.39585781097412,12.332341480255128,29.67832107543946,0.06266046687960625,0.011800727806985378,0.13978908956050873,0.0598,0.0,0.1135603,0.07507197,0.05715772,12,False,False
2023-24,2023-12-23,New York,2,1.0258349180221558,0.7266893446445465,1.2916898727416992,0.274646133184433,0.056161976978182794,0.5670667231082918,23.023902893066406,12.903992557525635,35.2168083190918,0.07875064015388489,0.046650017425417904,0.11516201272606853,19.501566886901855,12.550587940216065,27.405641555786133,0.060001084581017494,0.010552886873483658,0.12895611673593524,0.0671,0.0,0.1113172,0.06985349,0.05461229,12,False,False
2023-24,2023-12-23,Pennsylvania,0,1.0864035487174988,0.8453361749649048,1.4149143695831299,0.2459486424922943,0.06571980565786362,0.4874666154384613,22.929168701171875,13.67541217803955,36.531319808959964,0.09067971259355545,0.059669316932559016,0.12778130173683167,24.07465934753418,15.44595355987549,33.33409881591797,0.05011909082531929,0.012559324502944946,0.10551848262548447,0.0533,0.0,0.11183722,0.05700772,0.04404398,12,False,False
2023-24,2023-12-23,Pennsylvania,1,1.1422926783561707,0.9166394770145416,1.416993534564972,0.20020954310894012,0.05104523450136186,0.3994942516088486,25.5882568359375,14.28017339706421,38.70893020629883,0.09878847748041153,0.06340079009532928,0.13989610075950623,25.01648235321045,16.14468765258789,34.18723258972168,0.04854467697441578,0.011419899389147762,0.10548260882496834,0.0616,0.0,0.11123408,0.05731446,0.04539359,12,False,False
2023-24,2023-12-23,Pennsylvania,2,1.0873152613639832,0.8617373228073121,1.382559895515442,0.24184105545282364,0.05539312139153483,0.4697572588920593,23.787190437316895,14.12221622467041,37.815189361572266,0.09955697506666183,0.06499586924910546,0.13869471848011017,24.990628242492676,16.61937141418457,33.77952575683594,0.048489995300769806,0.011887971032410861,0.10198240727186203,0.0484,0.0,0.11253724,0.05526352,0.04256602,12,False,False
2023-24,2023-12-23,Vermont,0,1.0358369946479797,0.6898114502429963,1.687684392929078,0.36305584013462067,0.11759474873542786,0.6509194731712342,25.384300231933594,13.245062923431396,39.957270812988284,0.05817514657974243,0.025212441571056843,0.10258917510509491,10.202909469604492,5.006285619735718,16.532685661315917,0.08706941828131676,0.02052230704575777,0.17693820595741272,0.0422,0.0,0.11340665,0.10089676,0.07634519,12,False,False
2023-24,2023-12-23,Vermont,1,1.0182039737701416,0.6963924467563629,1.6078962087631226,0.35420332849025726,0.1170752875506878,0.6453841924667358,24.608946800231934,12.528736782073976,39.42287063598633,0.06306890398263931,0.025067387335002425,0.11171853542327881,9.58543872833252,4.511256694793701,16.137165069580078,0.09093175083398819,0.021061189472675323,0.1831973284482956,0.0454,0.0,0.11250217,0.10202217,0.07525709,12,False,False
2023-24,2023-12-23,Vermont,2,1.0272564888000488,0.6847084820270538,1.6415647983551027,0.38529764115810394,0.11790806949138642,0.6684057712554932,24.946910858154297,13.016578960418702,39.728431701660156,0.05846048519015312,0.023651234805583954,0.10529349744319916,10.1034574508667,4.705873537063599,18.127187728881836,0.08877860009670258,0.016099579632282257,0.18973252177238464,0.0555,0.0001,0.1132103,0.10426855,0.078627,12,False,False
2023-24,2023-12-23,Wyoming,0,1.0760406255722046,0.6608624637126923,2.001499891281128,0.47339795529842377,0.17043326795101174,0.7819099426269531,25.961111068725586,14.155921268463135,38.47273635864258,0.06386943906545639,0.03267548978328705,0.12201593816280365,13.318730354309082,6.496529006958008,23.989147186279297,0.11820146068930626,0.025342165492475043,0.23864010423421864,0.0419,0.0008,0.11334504,0.12714505,0.08920655,12,False,False
2023-24,2023-12-23,Wyoming,1,1.0777308344841003,0.6372864246368408,2.0311152935028076,0.49765950441360474,0.22857485711574554,0.7532013654708862,26.388684272766113,12.48775863647461,42.0920364379883,0.07877041399478912,0.03691634647548199,0.16166403889656067,11.12759780883789,5.335378170013428,17.647541046142578,0.11701692640781403,0.0343017540872097,0.22104587405920031,0.0253,0.0,0.10994108,0.12343054,0.08800559,12,False,False
2023-24,2023-12-23,Wyoming,2,1.1330750584602356,0.6309449911117554,1.991332769393921,0.4574959874153137,0.16448570787906647,0.7266438603401184,26.12266731262207,12.898533821105957,40.23179626464844,0.07315480336546898,0.03587759844958783,0.13217157125473022,12.483524799346924,6.1040215492248535,21.10748863220215,0.12136095762252808,0.028529308363795285,0.24803775548934937,0.036,0.0,0.11084768,0.13364992,0.09470372,12,False,False
2023-24,2023-12-30,Alaska,0,0.9067477285861969,0.6612482666969299,1.3423565030097964,0.2743178606033325,0.0659178748726845,0.524116986989975,25.701120376586914,11.093085289001467,42.3019905090332,0.14765524864196777,0.07490157485008239,0.2307203859090805,19.365958213806152,10.997371006011964,27.93505020141602,0.07456694915890694,0.016995627619326117,0.15488291680812838,0.046,0.0,0.11234089,0.08523219,0.06282456,12,False,False
2023-24,2023-12-30,Alaska,1,0.8898524641990662,0.6482921242713928,1.2637561082839968,0.2903522551059723,0.07920517772436142,0.5384529232978821,21.909998893737793,7.793419361114502,40.62821960449219,0.1476353257894516,0.07555171102285385,0.2286917120218277,20.96063995361328,11.30397415161133,30.83878555297852,0.07773484289646149,0.024108880758285527,0.14664903134107593,0.0271,0.0,0.11232904,0.08436173,0.06198771,12,False,False
2023-24,2023-12-30,Alaska,2,0.9154916703701019,0.6513791084289551,1.377016484737397,0.3080724775791168,0.0802779495716095,0.5731529235839844,24.86446189880371,8.947946548461914,42.66546859741211,0.15075255185365677,0.07602565810084344,0.2435147807002068,18.362476348876953,10.429805278778076,27.503416061401367,0.07955693453550339,0.017631792649626738,0.16618804335594187,0.0495,0.0,0.11520607,0.09216788,0.06608808,12,False,False
2023-24,2023-12-30,California,0,1.0667948722839355,0.8391312479972839,1.317842960357666,0.1986716091632843,0.040227264165878296,0.4025934219360355,25.89124298095703,13.674412727355957,40.22919158935547,0.09360344335436821,0.059255171567201614,0.1324545919895172,24.759769439697266,17.017106819152833,32.885775375366215,0.041908424347639084,0.010001448914408684,0.08991825580596924,0.0578,0.0,0.11250499,0.05087617,0.04023375,12,False,False
2023-24,2023-12-30,California,1,1.0942440032958984,0.8316428065299988,1.3585342168807983,0.18588530272245407,0.021107974089682104,0.458129107952118,28.677820205688477,14.844461345672608,42.35897445678711,0.09855352714657784,0.06124661862850189,0.14335782080888748,27.827777862548828,19.08469009399414,35.54747772216797,0.05254751816391945,0.0117654325440526,0.1064882591366768,0.0546,0.0,0.11198063,0.0623817,0.04893477,12,False,False
2023-24,2023-12-30,California,2,1.0678038597106934,0.7968688368797302,1.323889291286469,0.19175797700881958,0.028834663331508636,0.4689853459596634,24.51972007751465,11.887379169464111,41.27226905822754,0.09178128093481064,0.05398204065859318,0.13248763978481293,25.494279861450195,17.58313617706299,34.05331039428711,0.04962043650448322,0.01135814618319273,0.10080665349960327,0.0547,0.0,0.11192424,0.05695728,0.04434235,12,False,False
2023-24,2023-12-30,New York,0,1.1188514232635498,0.8188342452049255,1.4905421733856208,0.2505379617214203,0.051013167947530746,0.5587127983570103,27.613017082214355,15.715025806427002,40.64788818359375,0.09229858219623566,0.05484606735408306,0.13217179477214813,19.04341697692871,12.40460205078125,25.65253448486328,0.054780181497335434,0.012973537668585777,0.11964249908924106,0.0588,0.0,0.11135922,0.06568767,0.05148888,12,False,False
2023-24,2023-12-30,New York,1,1.074449062347412,0.8236052393913269,1.5086354374885564,0.26623180508613586,0.06604720652103424,0.515806144475937,24.535325050354004,13.565364837646484,41.37443046569826,0.09635216370224953,0.05712857805192471,0.14485153555870056,23.543967247009277,14.35093879699707,32.836605072021484,0.053790491074323654,0.009683446586132051,0.11879200488328934,0.0654,0.0,0.11152725,0.06585315,0.05243951,12,False,False
2023-24,2023-12-30,New York,2,1.0489412546157837,0.7842142105102539,1.425511169433594,0.2693212032318115,0.06438789889216423,0.5243679165840152,24.18892478942871,14.021297264099124,39.23764114379883,0.09706944972276688,0.06003507226705551,0.14218071103096008,17.54778289794922,11.687553405761719,24.631505966186523,0.05986642837524414,0.012767991051077846,0.12751064896583558,0.0638,0.0,0.11145487,0.07172185,0.05591882,12,False,False
2023-24,2023-12-30,Pennsylvania,0,1.0654852390289307,0.9005766332149505,1.2758307099342348,0.2041945904493332,0.05523047037422657,0.3726311981678009,22.858328819274902,14.658715724945068,33.418690872192386,0.12402387708425522,0.08292257338762285,0.16815440356731415,25.412195205688477,17.5325984954834,33.99170074462891,0.04503699205815792,0.011923639103770258,0.08995758146047592,0.0499,0.0,0.1133446,0.05074744,0.0404831,12,False,False
2023-24,2023-12-30,Pennsylvania,1,1.1186777353286743,0.8726462960243225,1.3709609508514404,0.19087080657482147,0.032270465046167374,0.43326616287231445,24.84232807159424,14.011863327026367,39.295387268066406,0.12528087943792343,0.0816710963845253,0.1680254340171814,27.523831367492676,18.557416915893555,35.834682083129884,0.051957808434963226,0.012285240460187198,0.10646842718124391,0.0519,0.0,0.11217723,0.06033111,0.04789448,12,False,False
2023-24,2023-12-30,Pennsylvania,2,1.0502538681030273,0.8155445039272309,1.273106336593628,0.2359045296907425,0.06255286969244483,0.4681318372488022,22.11103057861328,13.443094158172608,33.59784622192383,0.1275806874036789,0.08416186943650246,0.1774890273809433,26.245525360107422,17.076982498168945,34.78327941894532,0.04600547067821026,0.010475099086761475,0.10025043785572052,0.0602,0.0,0.11223715,0.05471021,0.04259288,12,False,False
2023-24,2023-12-30,Vermont,0,1.0369832515716553,0.7347407341003418,1.5119456768035895,0.3202514350414276,0.0849210686981678,0.6257097125053407,24.05449104309082,13.92558765411377,38.826011657714844,0.061054131016135216,0.02903040684759617,0.10811012908816338,11.429885864257812,5.354249811172486,19.146249771118164,0.07418191432952881,0.014747513458132744,0.15892374068498613,0.0573,0.0,0.11249275,0.08799868,0.06760494,12,False,False
2023-24,2023-12-30,Vermont,1,1.0273825526237488,0.7316011190414429,1.4413126707077026,0.31513094902038574,0.08734749257564545,0.6054098010063171,25.02279281616211,13.924967861175539,37.69319534301758,0.07396490126848221,0.03417981043457985,0.12879084050655365,10.169537544250488,5.068630218505859,17.845972061157227,0.07303193211555481,0.015143521130084991,0.15829891413450245,0.0572,0.0,0.11460419,0.08723951,0.06581032,12,False,False
2023-24,2023-12-30,Vermont,2,1.044605016708374,0.6984600841999055,1.5820263504981995,0.3562748432159424,0.10997239351272584,0.6391238808631897,26.223297119140625,14.584810733795166,39.453266906738286,0.07151608914136887,0.03152400255203247,0.12769761681556702,10.627782344818115,5.065311908721924,19.04247283935547,0.08344024047255516,0.02073524557054043,0.16980188786983494,0.0427,0.0,0.10963282,0.09776357,0.0723215,12,False,False
2023-24,2023-12-30,Wyoming,0,1.2035231590270996,0.7519039869308473,2.0418765544891357,0.43564268946647644,0.16768679022789001,0.7132279872894287,25.8469181060791,15.298222541809082,39.39904022216797,0.09996648877859116,0.05738084763288498,0.16536249220371246,10.659375190734863,4.995068550109863,17.797349739074722,0.11184927821159363,0.023699132725596428,0.23599225729703907,0.0465,0.0,0.11220745,0.1241737,0.08586196,12,False,False
2023-24,2023-12-30,Wyoming,1,1.167066216468811,0.7016053795814514,1.904187798500061,0.48676083981990814,0.17534984648227692,0.7707863450050354,25.221454620361328,15.031017303466797,36.95568656921387,0.10261202603578568,0.05817193612456322,0.18452034890651703,11.604732513427734,5.318050193786622,19.12798500061035,0.11786554008722305,0.026178402826189995,0.23765790015459068,0.0518,0.0,0.11102463,0.12828389,0.08960311,12,False,False
2023-24,2023-12-30,Wyoming,2,1.2082780599594116,0.7643303871154786,1.9374604225158691,0.436941921710968,0.1485674858093262,0.7226388454437256,27.877809524536133,16.166730690002442,38.76945495605471,0.10767243802547455,0.05780290439724922,0.19360223412513733,10.986420631408691,4.841857767105102,19.542312049865746,0.10520116239786148,0.021044236794114126,0.2181239277124405,0.0467,0.0,0.1109422,0.12178619,0.08731495,12,False,False
2023-24,2024-01-06,Alaska,0,0.8881752490997314,0.6392103970050812,1.3253632545471192,0.3058965802192688,0.08858539164066315,0.545355498790741,23.49396324157715,10.237487792968752,40.76358451843262,0.13496167957782745,0.06782729774713517,0.21507670432329182,18.855026245117188,10.936880970001221,27.305328369140625,0.07705355063080788,0.020301586017012596,0.146925063431263,0.0352,0.0,0.11228141,0.08385593,0.0618948,01,False,False
2023-24,2024-01-06,Alaska,1,0.8044934272766113,0.6091645956039429,1.2070153951644897,0.3435263931751251,0.11379659473896028,0.5653926730155945,22.640978813171387,9.807305812835695,40.08724594116211,0.16724716126918793,0.08773807808756828,0.25156821906566623,19.464061737060547,10.719354820251466,28.509309768676758,0.07883543893694878,0.02101258933544159,0.1562361717224121,0.0376,0.0,0.11204625,0.08747059,0.06289119,01,False,False
2023-24,2024-01-06,Alaska,2,0.9048638343811035,0.6545038819313049,1.3125978708267212,0.2896009683609009,0.08520119264721872,0.530861759185791,25.31245708465576,10.907612800598145,41.578099822998055,0.1462685763835907,0.07203250676393509,0.23115416169166564,18.489513397216797,10.73271131515503,27.554973220825197,0.07356437668204308,0.01926189288496971,0.1401166021823883,0.0363,0.0,0.1127615,0.08073652,0.0584722,01,False,False
2023-24,2024-01-06,California,0,1.0199980735778809,0.7887639999389648,1.2437682151794434,0.16852310299873352,0.02109997346997261,0.38640532195568084,25.152087211608887,11.885599136352539,41.63941192626953,0.09577912837266922,0.05863487720489502,0.13534386456012726,26.73632049560547,18.349423027038576,35.27084732055664,0.047463346272706985,0.011802155431360014,0.09783801883459092,0.0482,0.0,0.11217168,0.04951163,0.03943463,01,False,False
2023-24,2024-01-06,California,1,1.0103713274002075,0.7381105422973633,1.3023605227470398,0.2121322602033615,0.03402410447597504,0.4712553024291992,26.29265594482422,11.845065116882324,44.32144546508789,0.09966153651475906,0.06309227794408798,0.1429109126329422,27.478073120117188,18.536331176757812,35.538543701171875,0.04497773200273514,0.012431858945637942,0.09206187725067139,0.0424,0.0,0.10848647,0.04873133,0.03778845,01,False,False
2023-24,2024-01-06,California,2,0.9913962781429291,0.7120752334594727,1.1796964406967163,0.1876986026763916,0.014682445675134659,0.4751067817211152,22.24091339111328,10.695970153808593,39.789498519897464,0.10338382422924042,0.06256148219108582,0.1507536917924881,26.78611183166504,18.3560848236084,35.4887809753418,0.04806935228407383,0.011776275932788849,0.09519514441490173,0.0522,0.0,0.10953958,0.0514772,0.04068302,01,False,False
2023-24,2024-01-06,New York,0,1.0685136914253235,0.8023852050304413,1.3834173679351807,0.19536861777305603,0.029736438207328336,0.4737868517637253,27.25483989715576,13.6090087890625,42.87228012084961,0.11887279525399208,0.06851652264595032,0.1741628736257553,21.47908592224121,14.09646396636963,29.852091217041018,0.05489550903439522,0.011259176768362524,0.12063673436641696,0.0612,0.0,0.1137135,0.06542158,0.05093049,01,False,False
2023-24,2024-01-06,New York,1,1.0547585487365723,0.7991877794265747,1.465956199169159,0.23675953596830368,0.052327851578593265,0.47655922174453735,26.723649978637695,13.427071094512941,43.43879699707031,0.11329058930277824,0.06805634796619416,0.16209349483251573,21.64546775817871,14.319937705993654,29.953903198242188,0.04700321890413761,0.0083567307330668,0.11249506324529648,0.0717,0.0,0.11265637,0.05853109,0.04566446,01,False,False
2023-24,2024-01-06,New York,2,1.0545505285263062,0.7937489151954651,1.3472407698631288,0.2253652662038803,0.04130291752517224,0.47288344502449037,25.64672565460205,13.818665504455566,41.11464614868164,0.10954466462135315,0.06404048725962638,0.1656629741191864,20.673344612121582,13.23019027709961,28.316898345947266,0.051711246371269226,0.011404866352677345,0.11038708686828617,0.0614,0.0,0.11210166,0.05914596,0.04633911,01,False,False
2023-24,2024-01-06,Pennsylvania,0,1.0501126050949097,0.8601812124252319,1.2531821727752686,0.1681218445301056,0.019414179027080536,0.3804676532745363,25.937410354614258,13.183801651000977,40.892974853515625,0.13637655973434448,0.08134647086262703,0.19149404764175415,26.2192440032959,18.0730770111084,34.57791366577149,0.044332362711429596,0.012847512029111387,0.08639968186616898,0.0364,0.0,0.11190912,0.04677049,0.03736898,01,False,False
2023-24,2024-01-06,Pennsylvania,1,1.0362406969070435,0.8113343119621277,1.2413387894630432,0.20441162586212158,0.04412693902850151,0.4114481717348099,24.36004638671875,13.423185348510742,38.251298141479495,0.11040357872843742,0.07094109803438187,0.15648140013217926,24.495281219482422,16.086759567260742,32.45196609497071,0.04703596793115139,0.01213959138840437,0.09385627508163452,0.0441,0.0,0.11227638,0.05015433,0.04016527,01,False,False
2023-24,2024-01-06,Pennsylvania,2,1.0371698141098022,0.8094096779823303,1.2464264631271362,0.18031422793865204,0.029781818389892595,0.408208939433098,24.251319885253906,12.41678628921509,39.16538047790528,0.12310194969177246,0.07752880230545998,0.17558884620666504,25.47088050842285,17.399600982666016,33.82197570800781,0.04859389737248421,0.012562321312725546,0.09731370210647583,0.0421,0.0,0.11260669,0.05278403,0.04163249,01,False,False
2023-24,2024-01-06,Vermont,0,1.020078420639038,0.7207132816314697,1.4565317630767822,0.29857683181762695,0.0809936374425888,0.5605568885803223,26.356977462768555,14.293167400360108,40.322669982910156,0.05991636961698532,0.026043681427836418,0.10557607561349869,11.871305465698242,5.7990570068359375,19.839569091796875,0.06735920161008835,0.012793134897947311,0.1498701572418213,0.0576,0.0,0.11162261,0.0796185,0.06178192,01,False,False
2023-24,2024-01-06,Vermont,1,1.0347586870193481,0.691158652305603,1.5716203451156616,0.33476682007312775,0.08297731727361679,0.6423556208610535,28.875322341918945,14.036166858673097,43.657007217407234,0.07692659646272659,0.03504590690135956,0.1354077309370041,11.282810688018799,5.476118087768555,18.862829208374023,0.0829293392598629,0.021573168970644475,0.16866479814052582,0.0403,0.0,0.11165837,0.09407292,0.07175453,01,False,False
2023-24,2024-01-06,Vermont,2,1.0168728232383728,0.7256015539169312,1.5867268443107607,0.31660333275794983,0.07657036557793619,0.5980178117752075,26.473773956298828,13.663728713989258,41.73173141479492,0.061671508476138115,0.028194873034954073,0.10551659166812898,11.57576036453247,5.804440784454346,18.53733940124512,0.07454053685069084,0.015455290675163269,0.16148485839366913,0.0535,0.0,0.11090331,0.08749187,0.06613584,01,False,False
2023-24,2024-01-06,Wyoming,0,1.271609902381897,0.7691256523132325,2.124041795730591,0.4788060784339905,0.20465336740016937,0.747665286064148,28.355792999267578,16.875347137451172,40.863233947753905,0.12101779133081436,0.06713011115789413,0.1961705982685089,11.273453712463379,5.482955265045167,19.263776779174805,0.11627568304538727,0.03531563729047776,0.2151289895176888,0.0244,0.0,0.11203977,0.12434153,0.09043733,01,False,False
2023-24,2024-01-06,Wyoming,1,1.2100056409835815,0.8017855048179626,1.9633245944976814,0.41738179326057434,0.17765294015407562,0.7056098580360413,28.327280044555664,18.13559799194336,39.468307495117195,0.12339378893375397,0.06919169425964355,0.2148220568895341,10.695709228515625,5.430469036102295,18.394718170166016,0.10316453874111176,0.020898608677089214,0.22138603031635284,0.0541,0.0,0.11229048,0.11579142,0.08387753,01,False,False
2023-24,2024-01-06,Wyoming,2,1.0877305269241333,0.673752373456955,1.9374375343322754,0.5001550912857056,0.23641537576913835,0.7417486250400546,25.98487377166748,16.797870635986328,37.97316398620606,0.1378582864999771,0.07531965300440788,0.22162578254938128,11.851224899291992,5.783984088897705,19.190974998474125,0.11586213856935501,0.028057774528861046,0.221368345618248,0.0395,0.0,0.11026728,0.1252385,0.08939081,01,False,False
2023-24,2024-01-13,Alaska,0,1.0788798928260803,0.7455095052719116,1.5719238162040714,0.3393523097038269,0.10942692309617996,0.590368926525116,28.07028579711914,16.212114524841308,41.904022216796875,0.15554705262184143,0.07975803315639496,0.23839937150478363,20.108192443847656,11.480507469177248,29.784473419189453,0.08281071111559868,0.02366427052766085,0.16508475691080096,0.0317,0.0,0.11283606,0.08393289,0.06236961,01,False,False
2023-24,2024-01-13,Alaska,1,1.0807512402534485,0.7706745028495788,1.5523153662681584,0.3231114149093628,0.10357221513986595,0.5591499209403992,28.999155044555664,16.150175094604492,41.27082023620608,0.14407803118228912,0.07530010789632798,0.2222370058298111,19.91438865661621,11.782058715820312,28.000754737854006,0.08457504212856293,0.024311279691755797,0.15320153534412384,0.0333,0.0,0.11044588,0.08328672,0.06298412,01,False,False
2023-24,2024-01-13,Alaska,2,1.022209882736206,0.7492098212242126,1.4414595365524292,0.31803303956985474,0.09151479229331018,0.5682656824588777,24.14778709411621,11.941307067871094,38.0676383972168,0.1573478877544403,0.08093063533306122,0.2416553214192391,18.380958557128906,10.753059387207031,26.37774085998535,0.08563729375600815,0.023144423030316833,0.1670889467000962,0.0316,0.0,0.11098811,0.08597327,0.06343035,01,False,False
2023-24,2024-01-13,California,0,0.9460631608963013,0.6840354204177856,1.2895594835281372,0.2530164420604706,0.05855000764131546,0.4786214500665665,31.132658004760742,14.079028129577637,45.75865783691407,0.11408229172229767,0.06442417949438095,0.16599533557891846,27.431900024414062,19.546610260009768,35.19132843017579,0.058940693736076355,0.02106527853757143,0.10532476454973226,0.0205,0.0,0.1117121,0.05644447,0.04464364,01,False,False
2023-24,2024-01-13,California,1,0.9069773256778717,0.6535158514976501,1.2435153722763062,0.2753501534461975,0.04925975948572159,0.5449880361557007,24.458913803100586,11.421097755432129,44.04326248168945,0.10883604735136032,0.06135886162519455,0.16336610913276672,26.95211410522461,17.718379783630372,35.05241050720215,0.05173029378056526,0.014998175762593751,0.10269265696406367,0.0415,0.0,0.11078379,0.05406016,0.04130475,01,False,False
2023-24,2024-01-13,California,2,0.9145000576972961,0.7214459657669068,1.136525356769562,0.21208485960960388,0.044700347632169735,0.4178283214569092,20.14030361175537,8.220296478271484,39.999144363403325,0.11746546253561974,0.06939759701490404,0.1703554540872574,25.533236503601074,17.61645259857178,33.02093505859375,0.05224514380097389,0.016161091998219492,0.1000133350491524,0.0351,0.0,0.11134558,0.05120823,0.04007906,01,False,False
2023-24,2024-01-13,New York,0,0.9655667543411255,0.730897843837738,1.1978709697723389,0.20209334790706635,0.031564172357320786,0.4438028335571289,23.239992141723633,11.63207368850708,38.44201545715334,0.12199434638023376,0.06950243562459946,0.184564831852913,21.212200164794922,14.281025886535645,28.735733795166023,0.053379081189632416,0.011850330047309399,0.11170713603496552,0.0528,0.0,0.11126977,0.05817254,0.0454528,01,False,False
2023-24,2024-01-13,New York,1,0.9694974422454834,0.7289415597915649,1.2618441581726074,0.22636903822422028,0.04233312979340553,0.48415231704711914,23.727476119995117,10.99453239440918,41.61144256591797,0.12662163376808167,0.07098281383514404,0.19096656143665314,20.924510955810547,14.198278617858888,28.260089874267578,0.05616046488285065,0.013454777840524915,0.10997821390628815,0.0458,0.0,0.10872868,0.05809157,0.04582591,01,False,False
2023-24,2024-01-13,New York,2,0.9083861112594604,0.6801510155200958,1.3017258286476134,0.2859228551387787,0.06915941089391708,0.5260485112667084,25.256332397460938,12.05716609954834,44.59898376464844,0.12448500096797943,0.0714508667588234,0.19232626259326935,23.43007469177246,15.23813533782959,32.11967849731445,0.06352780759334564,0.013639755733311179,0.1325496390461922,0.0567,0.0,0.11010865,0.06803416,0.05386525,01,False,False
2023-24,2024-01-13,Pennsylvania,0,0.9922342896461487,0.7988928496837616,1.2107698440551762,0.1777707040309906,0.0311314407736063,0.3700844079256059,26.259077072143555,13.001416206359863,42.38878364562989,0.1247459128499031,0.07163804545998576,0.18199504911899567,25.533015251159668,17.537100410461427,33.632168197631835,0.05472502298653126,0.015405189245939256,0.10506757423281672,0.0382,0.0,0.111681,0.05370455,0.0424576,01,False,False
2023-24,2024-01-13,Pennsylvania,1,0.9762938618659973,0.7530818939208984,1.2229209780693056,0.1799466758966446,0.027465077862143517,0.40508276522159586,26.27483367919922,13.404220581054688,40.435999679565434,0.12985141575336456,0.07164274156093597,0.19055615067481996,26.082531929016113,17.42958641052246,34.756644439697276,0.05550519935786724,0.0178218986839056,0.1031591981649399,0.0245,0.0,0.10985315,0.05329908,0.04242928,01,False,False
2023-24,2024-01-13,Pennsylvania,2,0.8982383608818054,0.6611242055892944,1.1576709747314453,0.24735064804553986,0.03924738168716432,0.5367029488086701,20.987552642822266,11.459710121154785,38.20593261718752,0.15259897708892822,0.08638732880353928,0.21092071682214739,29.492740631103516,20.552650451660156,37.0999252319336,0.05269522964954376,0.015799602866172793,0.10388274416327478,0.0338,0.0,0.1106932,0.05340116,0.04097457,01,False,False
2023-24,2024-01-13,Vermont,0,1.0107673406600952,0.7127049565315247,1.5936401963233948,0.3289957046508789,0.09019092470407486,0.6139106512069703,26.864898681640625,15.806498241424562,42.049461364746094,0.0714876651763916,0.03513728082180023,0.12201905548572545,11.854618072509766,6.100770950317383,18.97433090209961,0.07273364812135696,0.017406548187136665,0.15075699836015702,0.048,0.0,0.10927109,0.08436128,0.06293348,01,False,False
2023-24,2024-01-13,Vermont,1,1.0052303671836853,0.7143138229846955,1.3954735875129705,0.31309883296489716,0.08495073020458221,0.5870422124862671,24.879812240600586,13.558537197113036,39.554273986816405,0.07197133079171181,0.03461665622889996,0.12317404076457025,12.581868171691895,6.582600545883179,20.646148681640625,0.07706718891859055,0.0182851416990161,0.15841460227966309,0.0428,0.0,0.11328413,0.0905083,0.06893368,01,False,False
2023-24,2024-01-13,Vermont,2,0.9786488115787506,0.6959743499755859,1.5411882877349854,0.34197863936424255,0.11869357526302338,0.6031022071838379,25.902490615844727,14.58164930343628,41.4981803894043,0.08019091188907623,0.03817929215729236,0.138322651386261,12.004519939422607,6.375598907470703,19.102987289428714,0.08344287425279617,0.018481403589248657,0.16465996950864797,0.0446,0.0,0.11002808,0.09365177,0.07002945,01,False,False
2023-24,2024-01-13,Wyoming,0,1.13545823097229,0.6756405830383301,2.098731327056885,0.48814862966537476,0.21134601533412933,0.7558779418468476,28.14142894744873,15.884827613830566,43.711814880371094,0.13182826340198517,0.07122548669576645,0.23101677000522614,12.035499572753906,6.377594423294068,19.015892028808597,0.11709995567798615,0.026090781390666975,0.25045849084854127,0.04,0.0,0.11355175,0.13611572,0.09746149,01,False,False
2023-24,2024-01-13,Wyoming,1,1.139697551727295,0.7428520917892456,1.774512779712677,0.3543246388435364,0.10165975838899614,0.6619434952735901,26.17360496520996,16.186526107788087,37.673417282104495,0.11811383068561554,0.06897550076246262,0.19280874431133274,11.86009407043457,6.312359809875488,18.544063568115234,0.1006147488951683,0.021111799404025078,0.21637368947267538,0.0469,0.0002,0.11050837,0.11922887,0.08906973,01,False,False
2023-24,2024-01-13,Wyoming,2,1.067014455795288,0.6603143155574799,1.8515390157699585,0.4741424322128296,0.20385015010833743,0.7217148542404175,25.7592830657959,15.444172859191895,37.5532958984375,0.12400498241186142,0.06582441106438637,0.23305701911449433,12.199482440948486,6.161551284790039,20.296215057373047,0.10464970767498016,0.027886276319622996,0.19880067557096484,0.0315,0.0,0.11065522,0.11527662,0.08443985,01,False,False
2023-24,2024-01-20,Alaska,0,1.0282204151153564,0.7613835334777832,1.4117333412170412,0.29982776939868927,0.10634901374578476,0.512549638748169,27.20314598083496,15.212887477874757,41.12087173461915,0.1569061130285263,0.08449650555849075,0.24107393622398376,19.46411895751953,11.73687677383423,27.905067443847656,0.07516764104366302,0.019684644415974617,0.1469787210226059,0.0402,0.0,0.11034116,0.08085899,0.06226421,01,False,False
2023-24,2024-01-20,Alaska,1,1.0869930386543274,0.7750982046127319,1.5238125324249268,0.3093242049217224,0.09757768586277964,0.5499998927116394,31.084060668945312,16.83456497192383,43.792614746093754,0.1609085649251938,0.08520139753818512,0.24960340559482574,19.461841583251953,11.796846389770508,28.21265163421631,0.07651212811470032,0.022587493062019348,0.1438385546207428,0.0283,0.0,0.11290011,0.0803988,0.0631372,01,False,False
2023-24,2024-01-20,Alaska,2,1.0333131551742554,0.7449968814849853,1.4614484310150146,0.3034002482891083,0.10242813602089881,0.5421236157417298,28.586825370788574,16.883281707763672,42.92724609375,0.16590739786624908,0.08762143105268479,0.2579109698534013,19.565120697021484,11.43669242858887,29.07567596435547,0.07607760652899742,0.02136821858584881,0.1466631785035134,0.0339,0.0,0.11088235,0.08200702,0.06259647,01,False,False
2023-24,2024-01-20,California,0,0.9464206099510193,0.7337822854518891,1.178133249282837,0.17620225995779037,0.017312442883849147,0.4398298293352128,24.296911239624023,10.590835094451904,41.707061767578125,0.11529696732759476,0.07062313482165337,0.16493737399578096,25.643840789794922,17.797589683532717,33.29767189025879,0.057877909392118454,0.01503386925905943,0.1145407035946846,0.0428,0.0,0.11240755,0.06712944,0.05168324,01,False,False
2023-24,2024-01-20,California,1,0.9458361864089966,0.7656457185745239,1.1033512353897095,0.16534264385700226,0.027105828747153282,0.35743194818496704,20.538652420043945,9.240885639190674,36.04430923461914,0.1052245981991291,0.06277427077293396,0.14996381253004074,28.69249725341797,20.716730690002443,36.50979690551758,0.046265821903944016,0.013227080926299095,0.08864220976829529,0.0384,0.0,0.11435803,0.05167664,0.04031322,01,False,False
2023-24,2024-01-20,California,2,0.9460071623325348,0.7682132303714753,1.130988597869873,0.18661648780107498,0.04117726907134056,0.35824424028396606,19.545808792114258,8.365823745727539,39.06781005859375,0.11032643541693687,0.06653334200382233,0.1596162959933281,29.4212589263916,20.47808837890625,37.42509841918946,0.043494198471307755,0.013047841377556324,0.08319510072469712,0.0361,0.0,0.11031178,0.04874153,0.0375741,01,False,False
2023-24,2024-01-20,New York,0,0.8775913119316101,0.6809648454189301,1.1398879528045656,0.28123700618743896,0.07609978318214419,0.5003299415111542,21.575496673583984,10.967415809631348,38.05044174194336,0.13393547385931015,0.08204847574234009,0.19159094244241714,23.797791481018066,15.780285167694093,32.44172134399414,0.05192932114005089,0.013898315839469433,0.10102911740541459,0.0474,0.0,0.11213534,0.05657828,0.04218136,01,False,False
2023-24,2024-01-20,New York,1,0.9371844828128815,0.7347548007965088,1.1463149905204773,0.1943352371454239,0.029695581085979944,0.4320208311080933,21.586185455322266,10.921501541137697,38.87671661376953,0.12875820696353912,0.07816504687070847,0.18524686247110367,23.04205894470215,15.581616592407228,30.292909622192383,0.05596247687935829,0.01480513093993068,0.11150243803858757,0.0425,0.0,0.11210706,0.06126257,0.04747858,01,False,False
2023-24,2024-01-20,New York,2,0.9089187979698181,0.7149282693862915,1.1635602593421936,0.2409409135580063,0.07070081010460853,0.4474990874528885,22.175312042236328,10.740477371215821,40.70114517211915,0.13667349517345428,0.08575253188610077,0.19402566701173785,25.770268440246582,16.957908630371094,34.60130348205566,0.054707279428839684,0.011529352515935898,0.11870574951171882,0.0596,0.0,0.10982723,0.06348058,0.04793837,01,False,False
2023-24,2024-01-20,Pennsylvania,0,0.9222967326641083,0.7060607254505158,1.1752256989479064,0.22804494202136993,0.044235004112124485,0.45727824270725254,21.372188568115234,10.015894889831543,42.09468460083008,0.1376093626022339,0.08116300404071808,0.2037454947829247,23.875301361083984,15.973088836669922,32.095821380615234,0.059386538341641426,0.017826126888394356,0.10853830724954605,0.0283,0.0,0.10966403,0.05987261,0.04685214,01,False,False
2023-24,2024-01-20,Pennsylvania,1,0.9130781292915344,0.7336883008480073,1.1171029806137085,0.20518538355827332,0.04018044620752335,0.4155510663986206,20.443830490112305,8.216229915618896,39.0628532409668,0.15082137286663055,0.08614649623632431,0.21516625583171844,27.82307243347168,19.23745059967041,35.64583969116211,0.05565447919070721,0.015000333078205585,0.10260703340172768,0.0399,0.0,0.11109338,0.05835182,0.04557963,01,False,False
2023-24,2024-01-20,Pennsylvania,2,0.894403725862503,0.7283571183681488,1.07463937997818,0.21800316125154495,0.06743999570608139,0.39022794365882874,17.06222152709961,8.312833786010742,32.612575912475585,0.14741570502519608,0.08938125893473625,0.20991182327270508,28.057905197143555,19.371927452087405,36.520225524902344,0.05834732577204704,0.019783715158700945,0.10356391966342926,0.0269,0.0,0.11290327,0.06090764,0.04762874,01,False,False
2023-24,2024-01-20,Vermont,0,0.9713548421859741,0.6996552765369416,1.3137969970703125,0.2972975969314575,0.0768202468752861,0.572046160697937,25.031997680664062,14.307731914520266,39.189937591552734,0.10897670686244965,0.05381783843040466,0.18127241283655168,11.756269454956055,6.007036018371583,18.363819313049323,0.07136210054159164,0.01615503430366516,0.1439076587557794,0.0451,0.0,0.11167272,0.08095685,0.06076424,01,False,False
2023-24,2024-01-20,Vermont,1,1.02498060464859,0.7542610764503479,1.4406101107597353,0.29050780832767487,0.07922616079449658,0.5487480759620667,25.765249252319336,15.7575044631958,39.76066207885742,0.067453533411026,0.03594505041837692,0.10909538492560387,13.077678680419922,7.08006558418274,20.09177360534668,0.06676679104566574,0.012236590217798951,0.14902130365371705,0.0607,0.0,0.11139863,0.08005321,0.06167503,01,False,False
2023-24,2024-01-20,Vermont,2,1.0074262022972107,0.683864164352417,1.4018105268478394,0.3035123199224472,0.07373749315738679,0.608514666557312,26.928829193115234,16.1008358001709,41.295935440063495,0.09269649907946587,0.046187114715576176,0.15360449850559235,12.983253479003906,7.018588066101074,20.541988372802734,0.07716919481754303,0.017033440992236137,0.16123396009206772,0.0449,0.0,0.11305601,0.0881313,0.06654647,01,False,False
2023-24,2024-01-20,Wyoming,0,0.9410205185413361,0.6002496480941772,1.8157742023468018,0.4724859893321991,0.1947906315326691,0.756822967529297,23.81138038635254,12.909892082214355,38.211106872558595,0.11660822853446007,0.057773374021053314,0.20730634480714802,11.95612907409668,5.925349235534668,19.870126724243164,0.1260986551642418,0.036132621020078665,0.22934365272521975,0.0301,0.0,0.11160459,0.12343467,0.08835911,01,False,False
2023-24,2024-01-20,Wyoming,1,1.1339476108551025,0.6839497089385986,2.1387157440185547,0.3749549984931946,0.10790988802909851,0.6878276467323303,27.120967864990234,13.019139480590821,42.25270805358887,0.1118597500026226,0.06001703813672066,0.1925569325685501,10.513470649719238,5.504728317260742,16.83061981201172,0.11747446656227112,0.02850969508290291,0.22650315761566167,0.0358,0.0,0.10863701,0.11996003,0.08688659,01,False,False
2023-24,2024-01-20,Wyoming,2,0.9927233755588531,0.6410499811172485,1.636829137802124,0.40177324414253235,0.1369648262858391,0.7023890852928162,24.34294891357422,13.683606147766113,37.42056770324707,0.11484405398368835,0.05858873911201954,0.2059307277202607,11.989242553710938,6.278569173812866,18.57770538330078,0.11478252336382866,0.034879063814878465,0.20922548472881317,0.0261,0.0,0.1111104,0.11487878,0.08419447,01,False,False
2023-24,2024-01-27,Alaska,0,0.9680640697479248,0.7288999319076538,1.2993213057518005,0.26526370644569397,0.0896087594330311,0.4769175946712494,27.879898071289062,15.615981101989746,42.50364227294922,0.17407561093568802,0.09079500436782838,0.27200100123882304,20.156203269958496,11.46418743133545,29.269941329956055,0.07361356541514397,0.021753467433154584,0.13954375237226488,0.0311,0.0,0.11070615,0.08126701,0.06462306,01,False,False
2023-24,2024-01-27,Alaska,1,0.9757441282272339,0.7436879336833954,1.3031821489334108,0.2522583305835724,0.06993862092494965,0.4898956388235092,24.970752716064453,12.75578260421753,40.962419509887695,0.1592794507741928,0.08418136090040208,0.24870239943265915,20.881141662597656,12.189384460449219,29.611236000061037,0.06420719623565674,0.018515611253678805,0.13138637989759447,0.0369,0.0,0.10899906,0.07502946,0.05865999,01,False,False
2023-24,2024-01-27,Alaska,2,0.9166730642318726,0.6576139330863953,1.3407697677612305,0.3560750186443329,0.11966792345046999,0.5722542703151704,25.44503116607666,14.32321367263794,41.7980712890625,0.16700351238250732,0.08639377802610398,0.26401230990886687,20.653182983398438,11.51307487487793,30.37862777709961,0.07174583524465561,0.018434103578329086,0.14094758033752441,0.0424,0.0,0.11121637,0.08201101,0.064218,01,False,False
2023-24,2024-01-27,California,0,0.8899473547935486,0.6802847385406494,1.1282364130020142,0.18400190770626068,0.03164350986480713,0.4290827810764313,24.301895141601562,11.04834966659546,43.29851531982422,0.1300036460161209,0.07764468342065811,0.1798228770494461,27.567352294921875,18.892683029174805,35.947344589233396,0.05618070065975189,0.01743773799389601,0.1008081316947937,0.0279,0.0,0.11122485,0.05802614,0.04488701,01,False,False
2023-24,2024-01-27,California,1,0.8905903697013855,0.68442702293396,1.0934524536132812,0.2158593386411667,0.04160195589065552,0.42174587845802325,18.43874168395996,6.642122745513916,36.89345932006836,0.13649199903011322,0.08620528131723404,0.18845832347869873,26.634445190429688,18.704174041748047,34.33081245422364,0.05382498353719711,0.016864540055394173,0.09616986811161043,0.0296,0.0,0.11046313,0.0560772,0.0435499,01,False,False
2023-24,2024-01-27,California,2,0.895852655172348,0.7133126258850098,1.1021500825881958,0.20140723884105682,0.05047212578356267,0.37142773270607005,20.602582931518555,8.355337715148925,42.6223129272461,0.12771138548851013,0.07890055328607559,0.18016551434993744,26.843332290649414,19.087409019470215,34.52987289428711,0.04952850006520748,0.012821557000279427,0.09545571357011795,0.0511,0.0,0.1108927,0.05217201,0.04126416,01,False,False
2023-24,2024-01-27,New York,0,0.978300929069519,0.7448218464851379,1.3020740747451782,0.21907997876405716,0.04715070128440857,0.4666343629360199,26.802645683288574,14.154701232910156,43.95312423706055,0.1420530304312706,0.08732439577579498,0.20111051201820374,20.441716194152832,13.748430538177491,27.334087371826172,0.055388644337654114,0.01443488709628582,0.11106189340353012,0.0471,0.0,0.11142283,0.06351712,0.04849294,01,False,False
2023-24,2024-01-27,New York,1,0.9728466868400574,0.7725096583366394,1.1744073629379272,0.18282712996006012,0.02393372915685177,0.414994478225708,23.242916107177734,12.950476264953613,37.37376670837403,0.1426618993282318,0.0840432196855545,0.20912884175777435,22.312593460083008,14.904717445373535,29.907147789001463,0.05272382125258446,0.013015738688409328,0.1045584335923195,0.0483,0.0,0.11243622,0.06067649,0.04654201,01,False,False
2023-24,2024-01-27,New York,2,0.9765165448188782,0.7731265306472779,1.2077019214630127,0.18793043494224548,0.02946219965815544,0.42687246203422546,23.76570701599121,11.419391632080078,40.18503189086914,0.14863239228725433,0.0860823318362236,0.21550214290618896,21.988054275512695,14.636795997619629,29.3850154876709,0.05093824118375778,0.014709462597966197,0.09958739578723907,0.0411,0.0,0.11229412,0.05780943,0.04498841,01,False,False
2023-24,2024-01-27,Pennsylvania,0,0.8837811648845673,0.6763694286346436,1.0845011472702026,0.2607967257499695,0.0714673213660717,0.49348144233226776,19.875843048095703,9.67968111038208,36.58287811279297,0.16702044010162354,0.10005229935050011,0.23408052325248718,22.69718360900879,15.575648307800293,29.647031974792483,0.05359926447272301,0.01626381911337376,0.09922658875584606,0.032,0.0,0.111569,0.0580838,0.04392928,01,False,False
2023-24,2024-01-27,Pennsylvania,1,0.8814646005630493,0.6566078543663025,1.2108895778656006,0.30224156379699707,0.08102169632911682,0.5495718717575073,24.153977394104004,11.48179168701172,43.72556953430176,0.16533182561397552,0.09998973235487939,0.2402910739183426,25.368494033813477,17.883882522583008,33.39420700073242,0.06526055186986923,0.019062059000134468,0.11545249074697495,0.029,0.0,0.11321168,0.06936555,0.0531636,01,False,False
2023-24,2024-01-27,Pennsylvania,2,0.9026494026184082,0.7053603529930115,1.1474535465240479,0.22926023602485657,0.06147126108407974,0.4578852802515032,23.81204128265381,11.40762710571289,41.99874687194824,0.16069446504116058,0.09365776926279068,0.2399400115013123,26.264859199523926,18.831863403320312,34.16101837158203,0.05101858451962471,0.018501488491892815,0.0905413568019867,0.025,0.0,0.11176858,0.05524132,0.04223599,01,False,False
2023-24,2024-01-27,Vermont,0,0.9234394431114197,0.6440519869327546,1.3128135204315186,0.34262320399284363,0.09333556443452835,0.6212785840034486,26.018463134765625,15.553702449798585,40.3405948638916,0.09263447299599648,0.04397132396697998,0.15479420125484467,11.066653728485107,6.422312593460083,16.284221649169922,0.0774124339222908,0.01923980135470629,0.15597832798957828,0.0422,0.0,0.112487,0.0873184,0.06478411,01,False,False
2023-24,2024-01-27,Vermont,1,0.919292688369751,0.6540089845657349,1.3065186738967896,0.3284568190574646,0.09736315011978151,0.5967546284198761,24.307778358459473,14.115362167358398,40.3156623840332,0.0974392294883728,0.04828226566314697,0.16170528233051304,11.746266841888428,6.186869716644288,18.504018783569336,0.07684234157204628,0.018971463665366173,0.16007939875125887,0.0424,0.0,0.10951961,0.08784297,0.0656353,01,False,False
2023-24,2024-01-27,Vermont,2,0.9748612940311432,0.6988627910614014,1.2920311093330386,0.29197491705417633,0.0721707470715046,0.5553603768348694,26.10133934020996,15.501934051513672,38.80043029785156,0.07464330643415451,0.038459842279553416,0.1242048516869545,10.919310569763184,6.25018310546875,16.382266807556157,0.07004436105489731,0.015564580634236339,0.14423790574073792,0.0462,0.0,0.11092718,0.07970643,0.06172046,01,False,False
2023-24,2024-01-27,Wyoming,0,1.0990115404129028,0.6869895458221436,1.935966002941133,0.4454386532306671,0.16590262949466705,0.7041311621665955,27.629518508911133,17.24566078186035,40.7659481048584,0.135901041328907,0.07560199499130249,0.22800762951374054,10.50013256072998,5.479324531555176,16.581092834472656,0.10570579394698143,0.025620907731354236,0.21489441394805908,0.0352,0.0,0.11199157,0.12201583,0.08674129,01,False,False
2023-24,2024-01-27,Wyoming,1,1.1082308888435364,0.6685007810592651,2.1325152397155773,0.47867241501808167,0.17329822480678558,0.7459766268730164,26.38629913330078,16.148754119873047,40.91226081848144,0.13250336050987244,0.07473948523402216,0.22679173946380615,11.372784614562988,5.530289363861084,19.01014518737793,0.11863237619400024,0.03311223164200783,0.23389925062656403,0.033,0.0,0.11298169,0.14103669,0.09920259,01,False,False
2023-24,2024-01-27,Wyoming,2,1.0850266814231873,0.7131251752376556,1.7994458675384521,0.39826810359954834,0.14515547454357147,0.6706569194793701,26.53386878967285,16.37518367767334,39.78358840942383,0.143981471657753,0.07722025364637375,0.23964345455169678,11.8203125,5.755486488342285,19.603664970397958,0.1099398285150528,0.026743562892079353,0.21282295882701874,0.0368,0.0,0.11220389,0.12456406,0.08802535,01,False,False
2023-24,2024-02-03,Alaska,0,0.9394606351852417,0.7101274728775024,1.2410403490066528,0.2690958082675934,0.08098924160003662,0.4866289794445038,23.8208646774292,12.901679039001465,38.581412887573244,0.1539316624403,0.0858938679099083,0.22671270370483398,21.668977737426758,12.940422821044923,30.746422958374026,0.06816710531711578,0.020286502316594124,0.1270729020237923,0.0332,0.0,0.11303069,0.07307658,0.05686538,02,False,True
2023-24,2024-02-03,Alaska,1,0.9820992350578308,0.7235019207000732,1.3227921724319458,0.27042293548583984,0.07289239019155504,0.5079479813575745,26.66269588470459,14.704107284545898,42.38943634033204,0.14760995656251907,0.0785412296652794,0.22510604560375214,20.884601593017578,12.543571472167969,28.82286262512207,0.07537618279457092,0.022530787065625196,0.1403635397553444,0.0281,0.0,0.11145456,0.08229208,0.06297226,02,False,True
2023-24,2024-02-03,Alaska,2,0.9183065295219421,0.6677774667739869,1.2892075657844546,0.3292883038520813,0.1182819411158562,0.5412559807300568,25.611658096313477,14.534872627258306,40.6870979309082,0.16374368965625763,0.0869048871099949,0.24938055872917175,19.868730545043945,11.595077991485597,28.749916076660156,0.07355087250471115,0.02110208012163639,0.1439841240644455,0.0338,0.0,0.11023268,0.08218702,0.0618439,02,False,True
2023-24,2024-02-03,California,0,0.8985842764377594,0.7218176245689392,1.062453269958496,0.18222540616989136,0.04121733568608762,0.35678035020828247,18.807828903198242,7.824690341949463,34.862770080566406,0.12217839807271957,0.07019754946231842,0.17452535033226013,28.378183364868164,20.091692543029787,35.94744873046875,0.05212060920894146,0.017046381533145905,0.09567672461271289,0.0321,0.0,0.10997905,0.05617439,0.04431127,02,False,True
2023-24,2024-02-03,California,1,0.9100529253482819,0.751314103603363,1.0582107424736023,0.16190588474273682,0.02843015268445015,0.3462679594755173,16.92341709136963,8.177046585083009,28.806116485595705,0.11074549704790115,0.06716077998280526,0.15955588221549988,28.196195602416992,20.454672050476074,35.23083305358887,0.044548772275447845,0.013417767733335499,0.08323540389537812,0.0339,0.0,0.11206443,0.04898829,0.0381183,02,False,True
2023-24,2024-02-03,California,2,0.9001057147979736,0.7337673127651215,1.0569846272468568,0.17283810675144196,0.03450843319296837,0.330854532122612,18.032241821289062,6.919763708114625,34.238957595825205,0.12513989210128784,0.0763752356171608,0.17642418146133426,27.083904266357422,19.63681983947754,34.78989295959473,0.0477529875934124,0.01553656067699194,0.087740458548069,0.0305,0.0,0.11167864,0.05096473,0.03999878,02,False,True
2023-24,2024-02-03,New York,0,0.9264055490493774,0.7403773903846741,1.1301417946815493,0.21922658383846283,0.0492145698517561,0.4416375488042832,21.74864673614502,11.661730098724366,34.99744911193848,0.16523034870624542,0.09855719655752182,0.2413193479180336,26.405620574951172,17.66241683959961,34.70448226928711,0.04919910989701748,0.01232864521443844,0.10068056955933571,0.0513,0.0,0.11098328,0.05706902,0.04465408,02,False,True
2023-24,2024-02-03,New York,1,0.9753990769386292,0.7409220457077026,1.1927947998046875,0.19278912246227264,0.022853119112551216,0.4445645272731782,26.226985931396484,14.188988685607912,41.30685157775879,0.15438013523817062,0.08879464790225029,0.23239679634571075,21.474973678588867,14.535489368438721,29.258020973205568,0.054606370627880096,0.013140524737536907,0.11636167392134666,0.0488,0.0,0.11154456,0.06406147,0.04920164,02,False,True
2023-24,2024-02-03,New York,2,0.9838818311691284,0.7884837627410889,1.1707083106040956,0.15347328037023544,0.023037342354655266,0.35014548003673557,23.975333213806152,12.031938648223877,38.7750171661377,0.14809300005435944,0.08899876773357392,0.21025517582893372,23.645869255065918,16.73624782562256,30.690139389038087,0.04443521425127983,0.013219770975410938,0.08591493815183641,0.0414,0.0,0.11208228,0.05047072,0.03996594,02,False,True
2023-24,2024-02-03,Pennsylvania,0,0.9487897753715515,0.7869117021560669,1.1265965938568117,0.20001523196697235,0.04846359454095364,0.36994698643684387,22.59170913696289,11.948198318481445,35.9603157043457,0.16341307759284973,0.09956072568893433,0.22543716430664062,26.807960510253906,18.91031265258789,34.95833969116212,0.05380605161190033,0.019090374931693077,0.09205034524202349,0.0218,0.0,0.11264395,0.05593796,0.04423095,02,False,True
2023-24,2024-02-03,Pennsylvania,1,0.9409452080726624,0.7804367899894715,1.1310828924179077,0.1993233859539032,0.06080244667828086,0.3727325141429903,20.923734664916992,11.100936889648438,35.339378356933594,0.1789368987083435,0.11082541942596436,0.2527559697628021,26.600074768066406,18.496156692504883,34.250064849853516,0.05400000140070915,0.016524236649274826,0.10005892813205719,0.0253,0.0,0.11070188,0.05711046,0.0444352,02,False,True
2023-24,2024-02-03,Pennsylvania,2,0.9473376870155334,0.7342283129692078,1.1496764421463013,0.2187684178352356,0.04762365780770779,0.4364478588104248,23.292705535888672,12.51913299560547,38.55046844482422,0.17478980123996735,0.1007067859172821,0.2589985549449921,27.55301856994629,19.71759624481201,35.835899353027344,0.05222271382808685,0.017102779820561412,0.09216932207345963,0.029,0.0,0.11112865,0.05505742,0.04361179,02,False,True
2023-24,2024-02-03,Vermont,0,0.951685756444931,0.6701114177703857,1.4066132307052612,0.3031092882156372,0.08836884200572968,0.5447092652320862,26.802440643310547,14.943646430969238,43.272621917724614,0.07961937040090561,0.03900019302964211,0.13475243151187896,12.284067153930664,7.054775238037109,18.182922554016113,0.07042712345719337,0.01839645802974701,0.14152327179908752,0.0402,0.0,0.11173132,0.07743609,0.05812918,02,False,True
2023-24,2024-02-03,Vermont,1,0.9006338715553284,0.6485528588294983,1.258459985256195,0.31279900670051575,0.08589904755353928,0.5777308344841003,23.69614028930664,12.575024223327638,40.490338516235354,0.09475140273571014,0.0482229121029377,0.1567090541124344,13.436619758605957,7.596275568008423,20.208959579467773,0.07577371969819069,0.01827876828610897,0.15502263754606246,0.0427,0.0,0.10937091,0.08432581,0.06217716,02,False,True
2023-24,2024-02-03,Vermont,2,0.9525260925292969,0.6978313088417053,1.3749871373176576,0.28163957595825195,0.05863735117018225,0.5396521866321565,26.89832592010498,13.90439510345459,43.4395736694336,0.08631450682878494,0.04362510330975056,0.144182488322258,12.67437744140625,7.017799758911133,20.135897064208987,0.07529938966035843,0.017462857812643052,0.14840659499168396,0.0452,0.0,0.11028713,0.08163675,0.06227469,02,False,True
2023-24,2024-02-03,Wyoming,0,1.176741361618042,0.7314171612262726,1.807841181755066,0.39473503828048706,0.13140121698379517,0.6801863312721252,28.641151428222656,18.91499767303467,39.64234161376953,0.13940581679344177,0.08601910918951035,0.22099770605564117,10.226163864135742,5.711306571960449,15.442722797393799,0.08867937326431274,0.01658255346119404,0.19106239080429077,0.0594,0.0,0.11351552,0.10123889,0.07482313,02,False,True
2023-24,2024-02-03,Wyoming,1,1.2620042562484741,0.8060669779777528,1.9955669403076173,0.35046084225177765,0.12159092947840691,0.631585419178009,29.363014221191406,19.2919864654541,41.13893394470215,0.1361815184354782,0.08122604340314865,0.21201401352882385,10.803588390350342,5.662289619445801,17.110977172851562,0.10191533342003822,0.02517331186681986,0.20691154897212982,0.0379,0.0,0.11138039,0.11066333,0.08125356,02,False,True
2023-24,2024-02-03,Wyoming,2,1.2403104305267334,0.7693351805210114,2.0792834758758545,0.4209703803062439,0.15093065947294237,0.6850568473339081,29.044682502746582,19.5116024017334,39.15070953369141,0.13313329964876175,0.0812209889292717,0.2042300507426262,12.128499984741211,6.0450580596923835,20.660586357116703,0.09779470413923264,0.025090649724006653,0.19601000249385833,0.0366,0.0,0.11418314,0.10539831,0.07732093,02,False,True
2023-24,2024-02-10,Alaska,0,1.012062668800354,0.7456718683242798,1.3221690654754639,0.24532101303339005,0.06035363450646401,0.47796039581298827,27.292600631713867,14.308613777160645,42.02737731933594,0.18553148210048676,0.10241434723138809,0.2794118940830231,19.26955223083496,11.837305068969727,27.096433639526367,0.076596949249506,0.02130125276744366,0.14429014921188354,0.0329,0.0,0.11293436,0.08419797,0.06413,02,False,True
2023-24,2024-02-10,Alaska,1,0.9379261136054993,0.6883246302604675,1.2404825568199163,0.2913418412208557,0.09625233337283134,0.524765819311142,25.545530319213867,15.591484069824219,37.789599609375,0.18992016464471817,0.10628924220800401,0.28896753787994384,21.138404846191406,12.691848659515381,29.912147521972663,0.06710831820964813,0.020036889240145683,0.12667879015207292,0.0275,0.0,0.11061914,0.07425572,0.05668374,02,False,True
2023-24,2024-02-10,Alaska,2,0.9202086329460144,0.693240761756897,1.219275712966919,0.3092453181743622,0.11487934291362763,0.5284166038036348,24.111607551574707,15.079007911682131,35.61714401245117,0.17359697818756104,0.09720710664987564,0.2600034922361374,21.55869197845459,12.888367462158204,31.138639450073242,0.07283315807580948,0.020650646276772024,0.14324474334716797,0.033,0.0,0.10974614,0.08230709,0.06211362,02,False,True
2023-24,2024-02-10,California,0,0.8999963998794556,0.6911832094192505,1.0996110916137696,0.18102747201919556,0.03429431691765785,0.3857065349817277,21.213455200195312,7.712969875335695,42.16342544555664,0.13548841327428818,0.08521618843078614,0.18639731407165527,27.974319458007812,20.266328620910645,35.4276008605957,0.046352971345186234,0.014316735789179802,0.08496863394975662,0.0356,0.0,0.11303022,0.04998777,0.03906255,02,False,True
2023-24,2024-02-10,California,1,0.877993643283844,0.6698979139328003,1.1110409498214722,0.19579000025987625,0.033572033047676086,0.4219513565301899,24.045549392700195,10.355304622650147,44.47365646362306,0.13962115347385406,0.08960215002298355,0.1872173249721527,28.419602394104004,20.05553436279297,35.5869255065918,0.057460272684693336,0.017338696867227554,0.1087528035044671,0.0355,0.0,0.11260874,0.06295388,0.0493587,02,False,True
2023-24,2024-02-10,California,2,0.8827916383743286,0.703015148639679,1.0710129737854004,0.1756368726491928,0.03185234218835831,0.384013295173645,22.0853910446167,10.088537216186523,39.99847412109375,0.12301112711429596,0.07959502190351486,0.1713504478335381,30.78761100769043,22.881977081298828,37.6258544921875,0.05212107673287392,0.015118644572794437,0.09931791573762894,0.0385,0.0,0.11148575,0.05729846,0.04433062,02,False,True
2023-24,2024-02-10,New York,0,0.9567978978157043,0.7353004097938538,1.145824670791626,0.17162427306175232,0.02172241359949112,0.4241835415363312,23.826923370361328,12.493122100830078,37.52756881713867,0.19205138087272644,0.120868019759655,0.28233039379119873,24.562058448791504,16.709346771240234,33.699134826660156,0.05105147510766983,0.014273938722908497,0.10169787257909778,0.045,0.0,0.1108722,0.05799744,0.0456394,02,False,True
2023-24,2024-02-10,New York,1,0.9910893142223358,0.8045727670192718,1.1509612798690796,0.15865516662597656,0.02718728091567756,0.3483799993991852,22.706174850463867,11.942533111572267,35.72849197387697,0.16349636018276215,0.10644621402025223,0.22757885605096817,28.314672470092773,20.05703353881836,36.397792434692384,0.04695657454431057,0.012666489649564029,0.09187420457601547,0.0433,0.0,0.1101971,0.05206878,0.04124024,02,False,True
2023-24,2024-02-10,New York,2,0.9699500203132629,0.7492225766181946,1.1760437846183782,0.18843218684196472,0.03300338201224806,0.4251776337623596,25.675923347473145,14.818251705169677,40.61016845703125,0.1754334419965744,0.10895590633153918,0.2453564777970314,22.1297607421875,15.291754722595215,29.483932495117188,0.054686954244971275,0.01631455533206463,0.10340775549411774,0.0338,0.0,0.11290215,0.05849086,0.04521788,02,False,True
2023-24,2024-02-10,Pennsylvania,0,0.9681303203105927,0.7287960886955261,1.1684679985046387,0.18705348670482635,0.03183639310300351,0.44404882192611694,26.61733627319336,15.589779090881349,39.60914459228516,0.18426570296287537,0.1161626048386097,0.25991836190223694,27.924521446228027,20.838935089111327,34.52789306640625,0.061958085745573044,0.023821348324418068,0.1054111234843731,0.0184,0.0,0.11079037,0.06516765,0.05097944,02,False,True
2023-24,2024-02-10,Pennsylvania,1,0.9664272367954254,0.8224291384220124,1.1312949657440188,0.14893220365047455,0.03256856054067612,0.2993423044681549,22.935818672180176,11.377503967285158,37.219155883789064,0.21277355402708054,0.13406912535429,0.2882663816213608,27.5194034576416,19.69260597229004,35.44471549987793,0.05561077408492565,0.019164505787193774,0.09735064208507538,0.0238,0.0,0.11164286,0.05786677,0.04697561,02,False,True
2023-24,2024-02-10,Pennsylvania,2,0.9946655035018921,0.7713213622570038,1.2115306854248047,0.19995301961898804,0.04156992621719837,0.43167804181575775,27.7145357131958,14.791043663024903,42.275978088378906,0.17025912553071976,0.10539253354072571,0.23955540359020233,26.49197006225586,18.67579231262207,33.99520606994629,0.057963207364082336,0.018440320901572705,0.10092411115765572,0.0239,0.0,0.11349244,0.06129357,0.04779854,02,False,True
2023-24,2024-02-10,Vermont,0,0.967533141374588,0.7201255559921265,1.252421581745148,0.24411161243915558,0.05433080904185774,0.5198618054389954,25.07222080230713,14.070857238769532,39.26145553588867,0.0920325443148613,0.05178033858537674,0.1448387160897255,14.20710039138794,8.199705123901367,20.798961639404297,0.06002216413617134,0.013632562104612594,0.12676024436950684,0.0546,0.0,0.11139039,0.07021297,0.05277677,02,False,True
2023-24,2024-02-10,Vermont,1,1.0015344619750977,0.717926561832428,1.3509681224822998,0.26669397950172424,0.06170625686645511,0.534892338514328,26.82027816772461,15.59991626739502,41.96560897827148,0.08861792460083961,0.04689745232462883,0.14648075252771378,14.50725269317627,8.372899055480957,21.364316940307617,0.062251584604382515,0.01586379110813141,0.12723224610090256,0.0451,0.0,0.11272355,0.07054108,0.05428213,02,False,True
2023-24,2024-02-10,Vermont,2,0.9763554930686951,0.6985206604003906,1.2551215887069704,0.24270673096179962,0.043134415522217764,0.5224162995815278,26.98625373840332,15.805257511138917,41.51149368286133,0.0951480008661747,0.051265645772218704,0.14858068525791168,14.843888282775879,8.559105777740479,21.649842643737795,0.06265413016080856,0.013597001601010562,0.13489080518484117,0.0581,0.0,0.1129797,0.07493188,0.05663903,02,False,True
2023-24,2024-02-10,Wyoming,0,1.1423988938331604,0.7330145835876465,1.9267971515655518,0.3916073590517044,0.15954788029193878,0.6456772089004517,28.415145874023438,17.756086349487305,42.113920593261724,0.1669953614473343,0.08906453847885132,0.27592143416404724,12.59999418258667,6.83647346496582,19.5250696182251,0.10036309063434601,0.02657321132719517,0.19219091534614563,0.0367,0.0,0.11277296,0.11068525,0.08283131,02,False,True
2023-24,2024-02-10,Wyoming,1,1.1924656629562378,0.7632374167442322,1.91387939453125,0.35458776354789734,0.11349248886108398,0.6283655643463135,30.19913959503174,19.563384437561034,41.99839897155763,0.14918427914381027,0.0850890651345253,0.2464432418346405,12.798328399658203,6.553751468658447,20.653064727783203,0.09442531317472458,0.019477255642414093,0.1996603161096573,0.0558,0.0,0.1128733,0.11062975,0.0811771,02,False,True
2023-24,2024-02-10,Wyoming,2,1.13458251953125,0.7044991850852966,1.8060634851455688,0.4194602370262146,0.17666184902191162,0.6996933817863464,27.445812225341797,18.691322326660156,39.308250427246094,0.1457691714167595,0.08725845068693161,0.21806246042251587,12.70698070526123,7.213552474975586,19.907435226440434,0.10174684226512909,0.024418320506811142,0.20050936937332153,0.0396,0.0,0.11311816,0.11438808,0.08538483,02,False,True
2023-24,2024-02-17,Alaska,0,0.8700883388519287,0.6459813714027405,1.1370487213134766,0.24766142666339874,0.0591735575348139,0.5061526298522949,24.625235557556152,12.90851879119873,43.06444320678712,0.17137401551008224,0.07939662784337997,0.27276507616043094,18.876699447631836,10.780681610107422,27.4044189453125,0.07827826589345932,0.023909699916839604,0.14766830205917358,0.0313,0.0,0.1106766,0.07672292,0.05831123,02,False,True
2023-24,2024-02-17,Alaska,1,0.847014307975769,0.6245781183242798,1.1559793949127197,0.2803271561861038,0.08005754426121713,0.5169558942317964,25.94408130645752,13.532342720031739,44.1864486694336,0.1684487760066986,0.08465197682380676,0.25938498973846436,19.896167755126953,11.41709089279175,28.819066238403327,0.08271843194961548,0.028139343298971657,0.14780078828334808,0.0222,0.0,0.10980597,0.07924284,0.06152471,02,False,True
2023-24,2024-02-17,Alaska,2,0.8426634073257446,0.630440479516983,1.1323994398117065,0.3088277280330658,0.08696979284286499,0.5386216044425964,23.191272735595703,12.225596809387207,40.91901550292969,0.15450966358184814,0.08256089687347412,0.2313739284873009,19.91250705718994,11.654461860656738,28.44064712524414,0.07713663578033447,0.024438816122710705,0.1337245211005211,0.0226,0.0,0.10955776,0.07416438,0.05709622,02,False,True
2023-24,2024-02-17,California,0,0.8868321776390076,0.6756406605243683,1.093948233127594,0.19328099489212036,0.033727618306875234,0.4280054956674576,24.720930099487305,9.568901062011719,43.27455139160157,0.143251433968544,0.0884799897670746,0.2013798087835312,29.80376625061035,22.5347038269043,36.82802543640137,0.050272274762392044,0.01517597064375878,0.09794257506728174,0.0354,0.0,0.11175701,0.05608504,0.04303164,02,False,True
2023-24,2024-02-17,California,1,0.9195311665534973,0.7309279203414917,1.111143946647644,0.15934406220912933,0.024868705868721013,0.36719584465026855,22.2661075592041,6.19829068183899,43.840152740478516,0.14090946316719055,0.08731255680322647,0.1924196034669876,30.476691246032715,22.249927139282228,37.488773727417,0.04816916957497597,0.01566867753863335,0.08559898585081101,0.0288,0.0,0.11193932,0.05213665,0.04058787,02,False,True
2023-24,2024-02-17,California,2,0.8353536427021027,0.6469319045543671,1.022240161895752,0.23878788203001022,0.051175981760025024,0.46274339556694033,22.324541091918945,12.387773132324218,34.83203201293946,0.13543979078531265,0.09009688794612884,0.1844547837972641,28.6213436126709,21.12136878967285,35.68899269104004,0.05143522471189499,0.016056260094046593,0.09362880438566208,0.0299,0.0,0.11261522,0.05540922,0.04275354,02,False,True
2023-24,2024-02-17,New York,0,1.0103647708892822,0.8505156874656677,1.187818992137909,0.13936245441436768,0.02344621289521456,0.3158590435981751,27.110525131225586,14.830150699615482,40.94952392578125,0.17887601256370544,0.11128626018762589,0.25639098286628725,25.657954216003418,18.046173477172854,32.95764312744141,0.044720664620399475,0.013382608070969582,0.08410173654556274,0.0412,0.0,0.11340051,0.04806199,0.03792142,02,False,True
2023-24,2024-02-17,New York,1,1.000723123550415,0.8108012080192566,1.1873012781143188,0.15050452947616577,0.020020149648189545,0.36889356374740606,24.716394424438477,12.543387889862062,40.243272399902345,0.20433028042316437,0.12791268527507782,0.2839473247528076,24.887449264526367,17.197363090515136,32.178470611572266,0.04594357870519161,0.011848571337759496,0.09382757395505906,0.0501,0.0,0.11251017,0.05170223,0.04015328,02,False,True
2023-24,2024-02-17,New York,2,1.0197811126708984,0.8473560214042664,1.2618677854537965,0.1562860906124115,0.025499807484447964,0.3589897334575653,28.181652069091797,14.778074264526367,44.17238845825195,0.18887832760810852,0.1162668563425541,0.2662092447280884,25.556644439697266,17.67659854888916,32.92015075683594,0.04895608313381672,0.012659096252173185,0.09836481213569645,0.0499,0.0,0.11263339,0.05532409,0.04360687,02,False,True
2023-24,2024-02-17,Pennsylvania,0,1.0399349331855774,0.8380741357803345,1.2500055313110352,0.18257398903369904,0.04969340190291405,0.3800925582647325,31.496448516845703,19.14251003265381,43.57024459838867,0.18146900832653046,0.11028464436531067,0.26145651936531067,26.37021255493164,18.745330810546875,33.4982666015625,0.05893843248486519,0.01976932995021344,0.1036846935749054,0.0226,0.0,0.11309154,0.06060804,0.04829354,02,False,True
2023-24,2024-02-17,Pennsylvania,1,1.0057896375656128,0.8321201801300049,1.190331542491913,0.18867088854312897,0.05440296605229378,0.35628683269023903,25.56052017211914,16.54597282409668,36.642147064208984,0.16801810264587402,0.10589802265167236,0.23847010731697083,27.683435440063477,20.274965286254883,35.44091033935547,0.05547000654041767,0.019931311719119556,0.09376507997512817,0.0219,0.0,0.11102852,0.05472705,0.04351984,02,False,True
2023-24,2024-02-17,Pennsylvania,2,0.9715763628482819,0.8061091899871826,1.1525050044059755,0.2209986448287964,0.07187655568122864,0.38046473264694214,24.37723731994629,15.237211227416992,36.71831130981445,0.19443078339099884,0.12445449829101562,0.2711127996444702,30.02931022644043,21.980775833129883,37.404117584228516,0.050395261496305466,0.016598980873823166,0.08713753521442413,0.0257,0.0,0.11192969,0.05114147,0.04015666,02,False,True
2023-24,2024-02-17,Vermont,0,0.9898079037666321,0.7232418954372406,1.2787528634071352,0.24448531866073608,0.036366103217005744,0.5173790097236635,26.922964096069336,15.628077602386474,41.45722770690919,0.10177190601825714,0.05809513479471207,0.15863870084285736,14.886862754821777,8.948289966583252,21.502695083618164,0.05816303566098213,0.013060163520276547,0.12271959856152535,0.056,0.0,0.11274083,0.06859107,0.05259612,02,False,True
2023-24,2024-02-17,Vermont,1,1.0048731565475464,0.7434259057044983,1.3056569933891298,0.22897747159004211,0.042512595653533936,0.4772208541631699,27.70569610595703,16.05414409637451,42.41304397583008,0.10499154776334763,0.057170238345861435,0.16928958594799048,14.788936614990234,8.319611549377441,23.03481674194336,0.05779452994465828,0.012524974159896373,0.1237626001238823,0.0585,0.0,0.11091237,0.06690001,0.05139978,02,False,True
2023-24,2024-02-17,Vermont,2,0.9897580742835999,0.7139101803302765,1.2961622714996344,0.26787564158439636,0.06719755902886393,0.5251005291938782,26.677806854248047,16.214912033081056,39.99421424865723,0.09329511970281601,0.05414052531123161,0.1386087641119957,14.724828720092773,8.872431182861328,21.45566177368164,0.06336511671543121,0.014077400788664818,0.13455963134765625,0.0491,0.0,0.10981322,0.07272877,0.05620736,02,False,True
2023-24,2024-02-17,Wyoming,0,1.2392137050628662,0.7985369563102722,2.1340762376785283,0.43143777549266815,0.19952313601970673,0.6677695393562317,29.952207565307617,20.80540657043457,40.92468109130859,0.1552594006061554,0.09559027552604675,0.24193064868450165,13.002233982086182,7.141544580459595,19.603261947631836,0.09825059771537781,0.02633775770664215,0.18868198990821838,0.0324,0.0,0.11275641,0.10528906,0.07893136,02,False,True
2023-24,2024-02-17,Wyoming,1,1.2223272323608398,0.7621286511421204,1.9868326902389526,0.39903488755226135,0.144105114042759,0.6769416749477386,29.106504440307617,20.865970611572266,40.89733123779297,0.1680740788578987,0.09708273932337762,0.2703435719013214,14.09054183959961,7.839291095733643,21.497100257873537,0.10227793455123901,0.03118195123970509,0.18638369590044024,0.0256,0.0,0.11348237,0.10465048,0.07737606,02,False,True
2023-24,2024-02-17,Wyoming,2,1.2997729778289795,0.8004620850086213,2.2936103343963623,0.4389951527118683,0.21454561948776246,0.6808611154556274,29.339778900146484,20.68731269836426,40.73424072265625,0.14251743257045746,0.0855475664138794,0.21946868002414704,12.676532745361328,6.975317430496216,19.58059482574463,0.10605275630950928,0.03132535517215729,0.2016640305519104,0.0295,0.0,0.11179746,0.11354291,0.08298218,02,False,True
2023-24,2024-02-24,Alaska,0,0.9493925273418427,0.7020938396453857,1.2485568523406982,0.2643764019012451,0.07486944645643234,0.4916599333286289,23.66165542602539,12.433921813964844,36.804134368896484,0.16755175590515137,0.09134042263031006,0.25723194777965547,19.91506576538086,11.90537462234497,27.767012405395516,0.0714699923992157,0.01917421631515026,0.13206282258033752,0.0337,0.0,0.11244908,0.08204631,0.05957614,02,False,True
2023-24,2024-02-24,Alaska,1,0.912240743637085,0.6675991475582124,1.220530307292939,0.30114060640335083,0.09771490916609765,0.5488598346710205,25.648530960083008,14.919778823852539,39.48151779174805,0.165121391415596,0.09543862193822861,0.23942388445138932,21.193315505981445,12.108230590820312,29.882994079589842,0.06531356275081635,0.01767688170075417,0.1247565820813179,0.0411,0.0,0.11232883,0.07539813,0.05512288,02,False,True
2023-24,2024-02-24,Alaska,2,0.9206056594848633,0.6882268309593201,1.2127086400985718,0.29289576411247253,0.09902271777391437,0.512668514251709,26.198392868041992,15.71868476867676,39.70311088562012,0.16335125267505646,0.08952382132411005,0.24985569715499878,19.294601440429688,10.3746976852417,28.204679489135742,0.07780173793435097,0.024650469422340393,0.1365218311548233,0.0268,0.0,0.1119578,0.08635521,0.06303308,02,False,True
2023-24,2024-02-24,California,0,0.8954744338989258,0.7357490658760071,1.068347477912903,0.18921564519405365,0.0577138252556324,0.3507656216621399,17.866073608398438,7.345200538635254,27.818783187866213,0.1514982134103775,0.10083510577678681,0.20216439366340638,29.949179649353027,22.574983978271487,36.50899925231934,0.042645521461963654,0.01452543307095766,0.0782126858830452,0.031,0.0,0.11209919,0.04671676,0.03603656,02,False,True
2023-24,2024-02-24,California,1,0.9267329275608063,0.7400020360946655,1.1244027972221375,0.15324187278747559,0.01975416950881482,0.3533025085926056,26.87117576599121,11.347891807556156,46.03812713623048,0.13246966898441315,0.08160039782524109,0.18832165002822876,28.238351821899414,21.308452606201172,35.55826187133789,0.046575676649808884,0.015125615149736404,0.08445598185062408,0.0316,0.0,0.11213323,0.05030764,0.03951757,02,False,True
2023-24,2024-02-24,California,2,0.9101266264915466,0.7517961263656616,1.0620644688606262,0.1563134640455246,0.03382922150194646,0.332827627658844,22.088153839111328,9.914595603942871,37.518733978271484,0.13646772503852844,0.08705152571201324,0.1894751936197281,27.40462017059326,20.291336059570312,34.61973571777344,0.04829540476202965,0.01683035921305418,0.08527171611785889,0.025,0.0,0.11089639,0.05176164,0.04111603,02,False,True
2023-24,2024-02-24,New York,0,0.9883896708488464,0.8094063997268677,1.226607084274292,0.20055558532476425,0.05085112899541855,0.3899620473384857,27.381247520446777,15.916952991485596,41.24781036376953,0.1991201937198639,0.12548533082008362,0.2786485552787781,24.71908187866211,17.057920074462892,32.86788558959961,0.04823628067970276,0.014826306141912937,0.09111728519201279,0.0297,0.0,0.11316596,0.05215734,0.04098236,02,False,True
2023-24,2024-02-24,New York,1,1.0427027940750122,0.8705114722251892,1.2508015632629395,0.15212270617485046,0.027591484412550958,0.3281952232122424,30.563142776489258,17.356531143188477,44.62813415527344,0.18967941403388977,0.11678892374038696,0.2701982259750366,22.970312118530273,16.04447364807129,30.166513442993164,0.04947943612933159,0.014208785165101292,0.0901659041643143,0.0349,0.0,0.1098888,0.05353706,0.04257266,02,False,True
2023-24,2024-02-24,New York,2,0.9786268770694733,0.7668907642364502,1.1850586891174317,0.20129253715276718,0.043091614916920686,0.4160235971212387,24.435253143310547,13.077091598510743,37.55994415283203,0.21337318420410156,0.14164727926254272,0.29058779776096344,26.83623504638672,18.971354484558105,35.26169204711914,0.04788477532565594,0.012891933415085079,0.09633263200521469,0.0475,0.0,0.11273995,0.05267404,0.0412919,02,False,True
2023-24,2024-02-24,Pennsylvania,0,0.9470793008804321,0.7965935468673706,1.1432111978530883,0.21865130215883255,0.0741962604224682,0.3697616219520569,26.803529739379883,17.055173873901367,37.07863235473633,0.2032838985323906,0.13485974073410034,0.2692425549030304,29.738679885864258,21.37059211730957,37.43340492248536,0.05683990754187107,0.022452939487993716,0.09387144446372986,0.0142,0.0,0.10879437,0.0594087,0.0473534,02,False,True
2023-24,2024-02-24,Pennsylvania,1,0.9856560826301575,0.8173542141914368,1.1612559199333192,0.1884271651506424,0.05296064503490925,0.35315864980220796,28.35841941833496,18.4633056640625,40.59931411743164,0.20093544572591782,0.13285420835018158,0.27904481887817384,29.059837341308594,20.258839416503907,36.60075416564941,0.05302932299673557,0.019813728146255018,0.09076806902885437,0.0183,0.0,0.111621,0.05606777,0.04463756,02,False,True
2023-24,2024-02-24,Pennsylvania,2,0.9934316575527191,0.797028797864914,1.190600037574768,0.19223476946353912,0.049120669811964036,0.39362133145332345,23.069883346557617,12.440541934967042,35.08395080566407,0.20404928922653198,0.13719623535871506,0.27762091159820557,26.672992706298828,19.220306396484375,33.961883544921875,0.052668411284685135,0.016678634472191336,0.09211280941963196,0.0295,0.0,0.11066012,0.05532008,0.04381944,02,False,True
2023-24,2024-02-24,Vermont,0,1.085456132888794,0.781054675579071,1.4084458351135254,0.2749987244606018,0.06949407607316971,0.5254499197006226,29.7458438873291,20.482484817504883,41.86716499328614,0.09889665991067886,0.059952184185385705,0.1489925846457482,14.23547649383545,8.446527862548828,20.950156593322756,0.06173408403992653,0.013468876481056213,0.12712602317333221,0.0536,0.0,0.11221694,0.0631068,0.04885892,02,False,True
2023-24,2024-02-24,Vermont,1,1.126581072807312,0.805280327796936,1.5137568473815919,0.2684304118156433,0.06671435460448266,0.5217450022697452,31.017078399658203,19.523990821838378,43.13941955566406,0.09652379900217056,0.056855812668800354,0.1457035839557648,14.309900760650635,8.407090091705323,21.042831420898438,0.0698963887989521,0.017422078177332878,0.14222943782806396,0.0395,0.0,0.11034432,0.0723161,0.05552616,02,False,True
2023-24,2024-02-24,Vermont,2,1.0914475917816162,0.8430584669113159,1.4168599367141723,0.21809455752372742,0.04223594442009926,0.4806261956691742,28.931880950927734,16.990562438964844,42.72983398437501,0.10896707698702812,0.06467546224594116,0.1668802797794342,14.599433422088623,8.849420547485352,21.695894241333008,0.06393896043300629,0.01610022969543934,0.1304285854101181,0.0474,0.0,0.11224977,0.06655063,0.05225024,02,False,True
2023-24,2024-02-24,Wyoming,0,1.1837966442108154,0.7453924119472504,2.0091845989227295,0.39781554043293,0.15255045890808105,0.6740017533302307,29.301613807678223,19.804266357421877,39.92183303833008,0.14598186314105988,0.0861140638589859,0.22507994174957277,12.856554508209229,6.8567931175231935,20.036739349365234,0.0998137965798378,0.025946329161524777,0.194704268872738,0.0329,0.0,0.11192696,0.10775457,0.08104836,02,False,True
2023-24,2024-02-24,Wyoming,1,1.1467864513397217,0.7277343273162842,1.9827498435974125,0.3486671596765518,0.11785536259412766,0.6200629055500031,28.698405265808105,19.676403045654297,40.56594467163086,0.17186667025089264,0.09240972995758057,0.27731348276138307,13.067555904388428,7.3175835609436035,19.630015373229984,0.0998212918639183,0.023701759055256847,0.1927499771118164,0.0408,0.0,0.11151935,0.10973214,0.0818668,02,False,True
2023-24,2024-02-24,Wyoming,2,1.170551359653473,0.7134767770767212,1.9725264310836792,0.41054363548755646,0.16888582706451416,0.6604800403118135,28.741294860839844,19.425304412841797,41.298492431640625,0.1483217477798462,0.08433146327733994,0.24090968370437624,12.769957542419434,7.3548883438110355,19.837396049499525,0.10859042033553123,0.02821844257414341,0.2089884877204895,0.0341,0.0,0.1128306,0.11672987,0.08790103,02,False,True
2023-24,2024-03-02,Alaska,0,0.9666096568107605,0.7144540965557098,1.3061538934707642,0.2917221337556839,0.0882665291428566,0.5273190140724182,28.906400680541992,17.860828399658203,42.820518493652344,0.18760579824447632,0.09697452932596207,0.27917012572288513,18.65451431274414,11.015542030334473,26.909992218017578,0.07422920316457748,0.022344358265399933,0.13689358532428741,0.0291,0.0,0.11342574,0.08021697,0.05841077,03,False,False
2023-24,2024-03-02,Alaska,1,0.9817197322845459,0.7235559284687042,1.3114951848983765,0.28485456109046936,0.08311641216278078,0.5392128169536591,28.351764678955078,17.734304618835452,41.51497306823732,0.16004285216331482,0.07825775444507599,0.24831480234861375,19.46541976928711,11.70503044128418,27.96776008605957,0.0728268213570118,0.022035920061171055,0.13606852293014526,0.0282,0.0,0.11151036,0.0796762,0.05897658,03,False,False
2023-24,2024-03-02,Alaska,2,0.9564847052097321,0.722775399684906,1.2549000978469849,0.2862725555896759,0.08844010680913926,0.5013894438743591,26.727455139160156,16.867201614379884,37.30647583007813,0.15839433670043945,0.08444468677043915,0.23882152140140533,19.91450786590576,12.322616577148441,27.81186294555664,0.06632990390062332,0.01992664858698845,0.12615278363227844,0.0328,0.0,0.10968023,0.07311571,0.05400397,03,False,False
2023-24,2024-03-02,California,0,0.9240150451660156,0.7076104700565338,1.0826739311218263,0.17004135251045227,0.024479173123836517,0.3880338847637177,23.71221351623535,11.226449775695801,36.557681274414065,0.13636738061904907,0.09009089097380639,0.18784929811954498,30.501678466796875,23.337040519714357,37.05624771118164,0.046264488250017166,0.015268705878406764,0.08328410238027573,0.0291,0.0,0.11307397,0.04980939,0.03924905,03,False,False
2023-24,2024-03-02,California,1,0.9440220594406128,0.7584053874015808,1.1031348705291748,0.15207527577877045,0.027871071174740795,0.335470974445343,22.791483879089355,9.40672950744629,37.359074020385755,0.13792412728071213,0.09020550549030304,0.1934370994567871,30.043214797973633,22.426086616516113,37.23904647827148,0.044765232130885124,0.014281658269464972,0.0816148892045021,0.0307,0.0,0.11017918,0.04802415,0.03760886,03,False,False
2023-24,2024-03-02,California,2,0.9222420454025269,0.7730415463447571,1.087317943572998,0.14453966170549393,0.02381887473165989,0.3197748988866807,30.12169361114502,17.499860954284667,44.37004280090333,0.14175496250391006,0.09205535277724267,0.19620566219091415,30.288050651550293,23.010168266296386,36.95915603637695,0.0472311619669199,0.016137538477778435,0.08292292132973672,0.0277,0.0,0.1088321,0.04990518,0.03922798,03,False,False
2023-24,2024-03-02,New York,0,1.0150154829025269,0.7911616325378418,1.245686411857605,0.1670949012041092,0.02633599117398263,0.38060430586338045,31.66999912261963,19.191062355041506,47.35401458740235,0.21997223794460297,0.14003056287765503,0.3110524863004685,23.500804901123047,16.872464752197267,30.065492057800295,0.05533689446747303,0.015320301987230778,0.10194075107574463,0.0357,0.0,0.11212654,0.05973386,0.04746104,03,False,False
2023-24,2024-03-02,New York,1,1.018896460533142,0.8266777753829956,1.2158035039901733,0.15869547426700592,0.03630775101482869,0.32712165713310243,29.21664810180664,16.81839714050293,44.66032791137695,0.21141602098941803,0.13220010399818422,0.3034240067005157,24.5561580657959,17.49152374267578,33.04239349365235,0.046720679849386215,0.014260136056691408,0.08854077681899072,0.0384,0.0,0.11119739,0.0517287,0.04150065,03,False,False
2023-24,2024-03-02,New York,2,0.9943705797195435,0.8155697584152222,1.1515640020370483,0.15517358481884003,0.02870082091540099,0.33557425141334546,25.71853256225586,15.317715930938721,36.80237579345703,0.207136869430542,0.13497409224510193,0.2825872302055359,28.904972076416016,20.44878578186035,37.32211875915527,0.04901260510087013,0.015242175199091434,0.09191498011350635,0.0383,0.0,0.11164165,0.05415068,0.04282535,03,False,False
2023-24,2024-03-02,Pennsylvania,0,1.0010550022125244,0.799590116739273,1.1986050605773926,0.2160266488790512,0.048910245299339294,0.39843252301216137,23.02373695373535,12.3146842956543,33.86173210144043,0.2211163565516472,0.14808574318885803,0.301318883895874,28.011289596557617,19.713563919067383,35.94596481323242,0.05196702852845192,0.017265763133764267,0.08773909732699396,0.0233,0.0,0.10897117,0.0527029,0.04092976,03,False,False
2023-24,2024-03-02,Pennsylvania,1,0.9785020351409912,0.7976807951927185,1.1537259221076968,0.1893528550863266,0.051218871027231216,0.36416110396385193,27.4263973236084,17.167711639404295,37.869163513183594,0.22606195509433746,0.1450277864933014,0.31930164992809296,29.00459098815918,21.108003616333008,36.30155448913575,0.05375903472304344,0.020713742822408676,0.08983978629112244,0.0164,0.0,0.11250516,0.05534119,0.0434304,03,False,False
2023-24,2024-03-02,Pennsylvania,2,0.9911184310913086,0.7866423487663269,1.2085685729980469,0.18924084305763245,0.05162859335541726,0.37598339319229124,31.77371883392334,20.8676176071167,44.70499801635742,0.24824371933937073,0.15285534411668777,0.3505125343799591,28.522418975830078,21.254590415954592,35.466426849365234,0.06398871541023254,0.025254590436816216,0.1031491681933403,0.0157,0.0,0.11195728,0.0664343,0.05303651,03,False,False
2023-24,2024-03-02,Vermont,0,1.0766987800598145,0.829697060585022,1.3648877978324891,0.20429357886314392,0.04417618140578271,0.4412279725074768,30.419553756713867,18.826863288879395,44.14164772033691,0.10448882728815079,0.06366269811987878,0.1561766415834427,16.859832763671875,9.913023662567138,24.118816947937013,0.05795703083276749,0.014027698617428542,0.11468387693166733,0.0484,0.0,0.11329134,0.06413851,0.05150595,03,False,False
2023-24,2024-03-02,Vermont,1,1.037258267402649,0.7749702155590057,1.3118116855621338,0.22126264870166779,0.04762277007102966,0.4878644645214081,27.842998504638672,16.161809158325195,39.777008056640625,0.11544019728899002,0.06866020113229751,0.17878699749708177,14.844932556152344,9.165028285980226,21.40473327636719,0.06590984389185905,0.01756247449666262,0.12550146877765656,0.04,0.0,0.11172104,0.07042706,0.05417956,03,False,False
2023-24,2024-03-02,Vermont,2,1.0274583101272583,0.8045494616031647,1.2912455797195435,0.22953155636787415,0.05332018956542016,0.4546576142311099,29.937681198120117,20.086462020874023,40.80127716064453,0.11308344453573227,0.06616214662790298,0.17312051355838776,15.67759895324707,9.732977867126465,22.112606048583984,0.05485542304813862,0.011913480889052159,0.1240304633975029,0.0575,0.0,0.10980966,0.06519616,0.05180897,03,False,False
2023-24,2024-03-02,Wyoming,0,1.1022326946258545,0.7028420627117157,1.8301921844482423,0.39233702421188354,0.13279093950986864,0.6698620915412903,27.774548530578613,19.18601417541504,37.95525016784668,0.16680194437503815,0.09950312301516533,0.25616881251335144,13.483190536499023,7.767911434173584,19.67160987854004,0.09714315459132195,0.024583446979522708,0.20151531249284751,0.0406,0.0,0.1121857,0.1132775,0.08312447,03,False,False
2023-24,2024-03-02,Wyoming,1,1.265870213508606,0.784681522846222,2.2407624006271365,0.3800363391637802,0.13088129460811615,0.636243611574173,32.2511100769043,21.22859764099121,45.26920928955078,0.15483726561069489,0.08816174417734146,0.24422898441553118,13.920860290527344,7.9805634975433355,20.99734115600586,0.10053055360913277,0.023217709735035896,0.201800149679184,0.042,0.0,0.1108916,0.11317053,0.08121983,03,False,False
2023-24,2024-03-02,Wyoming,2,1.1859807968139648,0.7864917516708374,1.966921424865723,0.366297110915184,0.12554486691951752,0.6439204514026642,29.13071060180664,20.913561820983887,39.06802749633789,0.15053623169660568,0.0913243517279625,0.22611944377422333,13.824129581451416,8.092850685119629,20.661559486389162,0.0801701694726944,0.021269576624035835,0.16144079566001895,0.0374,0.0,0.11083569,0.09104253,0.06977099,03,False,False
2023-24,2024-03-09,Alaska,0,0.9175425171852112,0.7033884644508361,1.157782030105591,0.2438058853149414,0.06940446197986602,0.454760879278183,26.74051284790039,15.355319499969482,41.5389518737793,0.19216682016849518,0.09854231029748917,0.2935489624738694,20.193121910095215,12.426149368286133,28.39654541015625,0.06431977823376656,0.018709833920001986,0.1210594117641449,0.0323,0.0,0.11249257,0.07162329,0.05548296,03,False,False
2023-24,2024-03-09,Alaska,1,0.9199831485748291,0.6995831727981567,1.1726601481437686,0.251849889755249,0.07118393033742905,0.4656928241252899,24.78047752380371,13.281805992126465,39.30440101623535,0.19351869821548462,0.1041879951953888,0.2833887606859208,18.945319175720215,11.252989768981934,26.996030807495117,0.06649715453386307,0.016490238904953002,0.13022415339946747,0.0473,0.0,0.11326936,0.07563862,0.05912451,03,False,False
2023-24,2024-03-09,Alaska,2,0.8949991762638092,0.6738796830177307,1.1482473611831665,0.27450741827487946,0.08511642441153526,0.5017713308334351,27.228939056396484,16.943435668945312,40.60216522216797,0.16489752382040024,0.0877667933702469,0.24697083234786987,19.4536190032959,10.846990585327148,28.115494346618654,0.0719180628657341,0.022257674671709544,0.138398377597332,0.0328,0.0,0.11171769,0.08113151,0.06361545,03,False,False
2023-24,2024-03-09,California,0,0.912475198507309,0.7685232162475586,1.0705738067626953,0.14612090587615967,0.03072233479470016,0.301738640666008,22.189395904541016,10.006729984283448,35.52973899841309,0.1473020315170288,0.09639716222882272,0.2033756673336029,30.165233612060547,22.802830314636235,36.75845718383789,0.04368948936462402,0.015217140968889,0.08043255656957626,0.0316,0.0,0.11222862,0.04793601,0.03844864,03,False,False
2023-24,2024-03-09,California,1,0.9381060600280762,0.7703871488571167,1.115726351737976,0.1467946469783783,0.029551083222031593,0.3116926848888397,20.610450744628906,6.796509742736816,34.36553955078125,0.1411975920200348,0.09103529900312424,0.19905498921871187,29.85235023498535,22.64012336730957,36.673439025878906,0.04699431359767914,0.015188439656049017,0.08119264766573908,0.026,0.0,0.10937474,0.04971049,0.03926615,03,False,False
2023-24,2024-03-09,California,2,0.9336817264556885,0.7640294432640076,1.1022101998329163,0.15343591570854187,0.030136647447943695,0.32981249690055847,21.31832504272461,8.621633148193363,32.66576652526856,0.13315556943416595,0.08747144043445587,0.1822003722190857,31.141160011291504,24.029144287109375,37.35136413574219,0.04309610463678837,0.0136460623703897,0.07743285745382311,0.0333,0.0,0.11242763,0.04687629,0.03790077,03,False,False
2023-24,2024-03-09,New York,0,0.9442877769470215,0.753899335861206,1.1281907200813295,0.17306268215179443,0.0322551354765892,0.38553564250469213,28.79373550415039,17.011398315429688,43.8897762298584,0.23038263618946075,0.14972732961177826,0.31650519371032715,26.00749397277832,19.279617309570312,32.97660827636719,0.04781721159815788,0.015581658855080607,0.09177517890930176,0.0285,0.0,0.11107477,0.05210448,0.04010441,03,False,False
2023-24,2024-03-09,New York,1,0.9854689240455627,0.7958200812339783,1.1436588764190674,0.15933606028556824,0.029675396904349338,0.33866515159606947,24.473947525024414,13.596919059753418,37.14373435974122,0.20713365077972412,0.13205070793628693,0.2933928966522217,27.31068992614746,19.215778350830078,34.88151741027832,0.04086516425013542,0.010522768832743168,0.0820775181055069,0.0576,0.0,0.11083603,0.04663723,0.03635984,03,False,False
2023-24,2024-03-09,New York,2,0.9729765057563782,0.7881454229354858,1.1494191646575929,0.16877052932977676,0.0414167121052742,0.344217786192894,24.566268920898438,13.640821170806886,36.78450393676758,0.2139773815870285,0.13620524555444719,0.30311697721481323,25.158554077148438,17.929096221923828,32.80356979370117,0.046814318746328354,0.013624736759811646,0.08877172321081161,0.0383,0.0,0.11191581,0.05210366,0.04053023,03,False,False
2023-24,2024-03-09,Pennsylvania,0,0.9529911279678345,0.7691265761852265,1.1974030375480653,0.2251610904932022,0.06501690596342087,0.4162769913673401,28.032501220703125,17.367242431640626,42.70747184753418,0.23869868367910385,0.15856902301311493,0.31708064675331116,28.31912899017334,20.814316940307616,36.38784523010254,0.058677565306425095,0.01835649274289608,0.10523728504776957,0.0292,0.0,0.11177274,0.06314331,0.04979031,03,False,False
2023-24,2024-03-09,Pennsylvania,1,0.9455208778381348,0.7858404397964478,1.1347659587860108,0.2045636624097824,0.0703833483159542,0.35275131762027745,25.46276569366455,16.155094146728516,35.971103286743165,0.24835443496704102,0.1680285155773163,0.3312757611274719,29.48231315612793,22.06159210205078,36.443674087524414,0.05414772406220436,0.022993304394185548,0.08658880963921547,0.011,0.0,0.11060855,0.05572815,0.04496049,03,False,False
2023-24,2024-03-09,Pennsylvania,2,0.9465011954307556,0.7241787314414978,1.1623984694480898,0.2281927466392517,0.05311983115971091,0.4583064019680023,26.205354690551758,16.14796257019043,37.863346099853516,0.25065693259239197,0.15691954046487808,0.3523878425359726,28.792354583740234,20.977082824707033,35.90677947998047,0.056424034759402275,0.02025451324880123,0.10016527101397517,0.0231,0.0,0.11128643,0.0612607,0.04786831,03,False,False
2023-24,2024-03-09,Vermont,0,1.0105323791503906,0.7392371714115143,1.2842932224273682,0.25846631824970245,0.06444495916366577,0.4959679841995239,28.48107147216797,18.628224563598632,39.630723571777345,0.1244189664721489,0.07505951449275018,0.18597881495952606,14.721414566040039,9.25190544128418,20.684687995910647,0.06767920032143593,0.018285383470356478,0.12548932433128357,0.0366,0.0,0.10770161,0.0737241,0.05689922,03,False,False
2023-24,2024-03-09,Vermont,1,1.0280256271362305,0.7611500799655915,1.2796071648597718,0.22504544258117676,0.04653854668140412,0.501840353012085,29.370036125183105,18.73979377746582,42.365406036376974,0.13025696575641632,0.07733771950006485,0.20066594481468203,15.838077545166016,10.153708457946777,21.57805824279785,0.059054214507341385,0.01896162871271372,0.11340077221393585,0.0277,0.0,0.11178798,0.06569988,0.05057071,03,False,False
2023-24,2024-03-09,Vermont,2,1.0312089920043945,0.7572280764579773,1.3841694593429565,0.2484639436006546,0.0597812701016665,0.5149891138076782,29.241497039794922,19.5699520111084,41.857686614990236,0.12222381308674812,0.07392977550625801,0.18115545809268951,13.76255989074707,8.79327392578125,19.070701599121094,0.06131134182214737,0.0158984437584877,0.13000065088272098,0.0455,0.0,0.11193053,0.07187454,0.05469116,03,False,False
2023-24,2024-03-09,Wyoming,0,1.128749966621399,0.7578734159469604,1.9459659457206735,0.32533665001392365,0.09125203564763071,0.6059672415256501,27.917250633239746,17.613098335266116,40.30979537963867,0.16069833934307098,0.08989066630601883,0.2539166808128357,12.319318771362305,7.408451795578003,17.864578819274907,0.09685196354985237,0.026585628837347035,0.18806065618991852,0.0338,0.0,0.11248462,0.104494,0.077488,03,False,False
2023-24,2024-03-09,Wyoming,1,0.9744118452072144,0.6373153388500213,1.6454143643379218,0.43123988807201385,0.18758893013000488,0.6594205498695374,26.557140350341797,18.96675624847412,35.43766975402833,0.18278267979621887,0.10701977461576462,0.28495347797870635,14.006180763244629,8.126093482971191,21.130786895751953,0.09649014845490456,0.02506701797246933,0.18459519743919373,0.0345,0.0,0.11503889,0.10398986,0.07757129,03,False,False
2023-24,2024-03-09,Wyoming,2,1.0484576225280762,0.7011003494262695,1.7641823291778564,0.3821471333503723,0.14018869400024414,0.6409951269626617,28.505821228027344,20.49629077911377,38.2071720123291,0.16986015439033508,0.09531901031732559,0.26995933055877686,13.918583393096924,8.115256881713867,21.211763381958008,0.08503149449825287,0.020397767424583435,0.1727863848209381,0.0421,0.0,0.11075376,0.0938956,0.07066214,03,False,False
2023-24,2024-03-16,Alaska,0,0.9604171514511108,0.731151819229126,1.2107270956039429,0.22302474081516266,0.06237253546714783,0.431243708729744,26.67831039428711,15.496725463867188,39.02342109680176,0.17544515430927277,0.08776134252548218,0.2778787314891815,20.122756958007812,12.072059631347656,28.98130836486817,0.06240328401327133,0.01804026961326599,0.11540088057518005,0.0338,0.0,0.10817272,0.06684109,0.05171208,03,False,False
2023-24,2024-03-16,Alaska,1,0.93427973985672,0.6943194270133972,1.2159912586212158,0.27550235390663147,0.08692250400781631,0.48777207434177405,29.883073806762695,17.949610328674318,44.20729293823242,0.18507865071296692,0.10107824206352234,0.27501718997955327,18.922510147094727,10.953566169738771,27.478546142578125,0.07385366410017014,0.021737710200250157,0.14002001285552979,0.0285,0.0,0.11205748,0.08250644,0.06206545,03,False,False
2023-24,2024-03-16,Alaska,2,0.9428614974021912,0.7107678055763245,1.2086081504821777,0.25546975433826447,0.07419735938310623,0.4708140790462494,29.34137535095215,18.404570388793946,43.025767517089854,0.1719312146306038,0.08766420483589173,0.2697111904621125,17.837209701538086,10.661635875701904,25.339399528503424,0.06660354882478714,0.016348520293831825,0.1302358314394951,0.0381,0.0,0.11109072,0.07338125,0.05641446,03,False,False
2023-24,2024-03-16,California,0,0.9178990125656128,0.7470263361930847,1.0802016258239746,0.14996493607759476,0.03434988409280777,0.31271996200084695,24.492633819580078,9.517425251007081,39.13868026733399,0.1644044816493988,0.10914097651839257,0.21730697751045228,27.86541175842285,21.161862945556642,35.47354164123535,0.04306061565876007,0.013738018460571766,0.07916438803076749,0.0384,0.0,0.10908757,0.04691286,0.03721318,03,False,False
2023-24,2024-03-16,California,1,0.9275878071784973,0.7703317999839783,1.0767995119094849,0.134678915143013,0.022350655868649483,0.287301117181778,26.571189880371094,13.295763874053955,40.7762477874756,0.1405567228794098,0.0901317223906517,0.1961167395114899,30.144609451293945,23.329086303710938,36.71313362121582,0.0456624049693346,0.015921511501073838,0.08109045773744583,0.0258,0.0,0.112319,0.04899748,0.03812402,03,False,False
2023-24,2024-03-16,California,2,0.9373473525047302,0.7886078834533692,1.10608868598938,0.12708647549152374,0.020260469987988472,0.2867154836654663,27.53303050994873,13.047881603240967,45.24973793029786,0.14545081555843353,0.09245247095823288,0.20709786862134935,30.043136596679688,22.75173568725586,36.84582748413086,0.04460619390010834,0.014058105647563934,0.08100566491484643,0.0284,0.0,0.10950668,0.04811725,0.03834374,03,False,False
2023-24,2024-03-16,New York,0,0.9204308390617371,0.7097836673259735,1.0774054765701295,0.17334827035665512,0.028334619477391243,0.3917349159717561,23.758087158203125,13.608291530609131,37.19222831726074,0.25014302134513855,0.16643956154584885,0.3426274716854096,25.721031188964844,18.738086318969728,32.64852523803711,0.05111667141318321,0.01417994312942028,0.09720033705234528,0.0368,0.0,0.1118624,0.05470051,0.04315793,03,False,False
2023-24,2024-03-16,New York,1,0.905883252620697,0.717870831489563,1.063491940498352,0.18982966244220734,0.04401280842721463,0.3922690987586976,24.15046501159668,15.607351303100586,35.42136497497559,0.23920239508152008,0.15282791554927827,0.3328627347946167,27.685705184936523,20.443117141723633,35.31885871887207,0.044239550828933716,0.01237728986889124,0.08832050859928131,0.0419,0.0,0.1100715,0.04874011,0.03834357,03,False,False
2023-24,2024-03-16,New York,2,0.9433967769145966,0.7570571303367615,1.1023927688598634,0.16264408826828003,0.03568057119846345,0.3484991312026978,23.475783348083496,11.496078491210938,37.137135696411136,0.23152253031730652,0.1471245363354683,0.32329198420047767,23.27290630340576,16.364260101318358,30.893280029296875,0.04811062663793564,0.013326304964721203,0.0990459635853768,0.0433,0.0,0.11185302,0.0540728,0.04257818,03,False,False
2023-24,2024-03-16,Pennsylvania,0,0.9231257438659668,0.7499544441699982,1.0887930393218994,0.18524935841560364,0.04851510375738144,0.35225937664508833,25.721548080444336,16.59328422546387,36.09878158569336,0.2378055825829506,0.1565091609954834,0.32839274406433105,29.000545501708984,21.522113418579103,36.19144821166992,0.059855151921510696,0.02307589091360569,0.09748820215463638,0.0192,0.0,0.1110179,0.06190159,0.04890369,03,False,False
2023-24,2024-03-16,Pennsylvania,1,0.9139065146446228,0.6976280808448792,1.0985621213912964,0.23122195899486542,0.06930933892726898,0.4416089355945587,26.395416259765625,16.78264808654785,38.75535392761231,0.22985735535621643,0.14572753012180328,0.3218630254268646,27.909128189086914,20.27383499145508,35.491207122802734,0.05134792998433113,0.016406159289181235,0.09366374835371971,0.0323,0.0,0.11069351,0.05544957,0.04364735,03,False,False
2023-24,2024-03-16,Pennsylvania,2,0.9239956140518188,0.718496561050415,1.0945669889450074,0.1770804598927498,0.0412687323987484,0.37434524297714233,26.63533592224121,16.452781677246094,38.740203857421875,0.2622790038585663,0.16085510104894638,0.3719921678304673,26.469026565551758,19.773576736450195,32.889952468872075,0.055714257061481476,0.01850096508860588,0.09918556362390518,0.0239,0.0,0.11316718,0.05841991,0.04753434,03,False,False
2023-24,2024-03-16,Vermont,0,1.0130559206008911,0.7609570920467377,1.2641926169395448,0.22855722904205322,0.05219593942165375,0.4826604932546616,27.792024612426758,18.20225086212158,39.15166893005371,0.12261873111128807,0.07253809049725532,0.18358785063028338,15.77247667312622,9.989232540130615,22.013057708740234,0.06024698354303837,0.014385870192199947,0.11750610768795015,0.047,0.0,0.11025535,0.06711731,0.05180434,03,False,False
2023-24,2024-03-16,Vermont,1,1.0229634046554565,0.8308568835258484,1.2145366549491883,0.17306463420391083,0.031311303749680525,0.3873591989278794,27.368691444396973,17.26016139984131,38.14411010742188,0.13409990817308426,0.08063612878322601,0.19386765509843829,14.835247993469238,9.843143939971924,20.3304500579834,0.04715637117624283,0.010860061459243299,0.09812163487076761,0.0569,0.0,0.11365255,0.05529548,0.0433951,03,False,False
2023-24,2024-03-16,Vermont,2,1.0188589692115784,0.7940146625041962,1.2698760032653809,0.21197500079870224,0.050954386591911316,0.4208709418773651,29.611048698425293,20.32370471954346,40.56571731567383,0.11630802229046822,0.07046621069312096,0.17432905733585358,15.98965072631836,10.372763538360596,22.088883018493654,0.055351657792925835,0.015591176506131888,0.10849770605564117,0.0372,0.0,0.11249813,0.06233749,0.0489873,03,False,False
2023-24,2024-03-16,Wyoming,0,1.1080598831176758,0.7207986116409302,1.748695182800293,0.3762669861316681,0.13639110922813416,0.6517542004585266,26.831552505493164,19.448902130126953,35.73609924316406,0.1549001783132553,0.09235804751515389,0.24437161087989812,15.237035751342773,9.07671480178833,21.633106231689453,0.08707540482282639,0.024189043417572977,0.1712665557861328,0.0326,0.0,0.1106299,0.09529337,0.07109672,03,False,False
2023-24,2024-03-16,Wyoming,1,1.0523566603660583,0.6794596552848816,1.9141963720321655,0.41352224349975586,0.16042527258396153,0.685610294342041,27.29761505126953,18.744164085388185,37.954305267333986,0.15920713543891907,0.08883005380630493,0.2502997606992722,13.32620906829834,7.981053209304809,19.07921600341797,0.10200856998562813,0.02903650086373091,0.19106305986642838,0.0319,0.0,0.11301396,0.11020403,0.0805675,03,False,False
2023-24,2024-03-16,Wyoming,2,1.135964035987854,0.7247697055339813,1.7455654978752138,0.3415406346321106,0.11576250493526459,0.5891198217868805,29.90885066986084,21.202003479003906,40.266622924804686,0.15924079716205597,0.08991087153553964,0.24982256293296817,16.635128021240234,9.751777648925781,24.040792274475102,0.08203225210309029,0.019580910913646225,0.16576020419597626,0.0464,0.0,0.11154523,0.09114964,0.06838706,03,False,False
2023-24,2024-03-23,Alaska,0,0.9938810467720032,0.7592812597751617,1.2546911239624023,0.22903302311897278,0.05374757945537567,0.45462706685066223,29.18153476715088,17.483530044555664,41.98679733276367,0.18142195791006088,0.09415721893310547,0.26994360089302066,18.95517349243164,11.192147159576416,27.01361255645752,0.06840335205197334,0.021680413372814664,0.12546015381813053,0.03,0.0,0.11153463,0.07292378,0.05602119,03,False,False
2023-24,2024-03-23,Alaska,1,0.9904246032238007,0.7547690272331238,1.264216423034668,0.23844802379608154,0.07295418530702591,0.4486503601074219,31.72496795654297,20.47766036987305,44.7906379699707,0.16644088923931122,0.09390287995338441,0.2500339150428772,17.312045097351074,10.6982421875,24.162658309936525,0.06242063269019127,0.01859147846698761,0.11700167134404184,0.0346,0.0,0.11027235,0.0670186,0.05144632,03,False,False
2023-24,2024-03-23,Alaska,2,0.9624243676662445,0.6874870300292969,1.2569280982017517,0.2740166336297989,0.07617011219263077,0.5247423529624939,30.09771728515625,18.643445014953613,42.65871047973633,0.1843387335538864,0.10215857997536659,0.2745817542076111,22.231752395629883,13.280163860321045,31.16160011291504,0.0699751153588295,0.020437995530664922,0.12723147571086885,0.0269,0.0,0.1111205,0.07536388,0.05801063,03,False,False
2023-24,2024-03-23,California,0,0.9312196671962738,0.7945751667022706,1.0742933154106142,0.12097648903727531,0.021535329520702362,0.26334497332572937,24.852377891540527,12.837054634094239,36.076568603515625,0.1522618681192398,0.09869670867919922,0.2099013477563858,30.727231979370117,23.839126586914062,36.93273963928223,0.04267540201544762,0.014500008895993233,0.07980769127607346,0.0256,0.0,0.11340357,0.04738498,0.037065,03,False,False
2023-24,2024-03-23,California,1,0.8998189568519592,0.6875830292701721,1.087991726398468,0.1957107037305832,0.046756312251091,0.3988490968942643,30.297338485717773,16.57811737060547,44.34979248046875,0.14836681634187698,0.09776840135455131,0.20173043012619019,31.061717987060547,23.966670989990234,37.33902473449707,0.05108591169118881,0.017427334561944008,0.08954132497310639,0.0273,0.0,0.10980775,0.05412703,0.04200766,03,False,False
2023-24,2024-03-23,California,2,0.9324527382850647,0.7934855222702026,1.0771570205688477,0.12681658565998077,0.02099396288394928,0.2641093134880066,26.703859329223633,12.713858604431152,40.599693298339844,0.15033306181430817,0.10214852541685104,0.20222005397081375,30.35354232788086,23.33853054046631,36.852587890625,0.04693886637687683,0.017971713095903397,0.08211392164230347,0.0244,0.0,0.10965939,0.05043022,0.03999265,03,False,False
2023-24,2024-03-23,New York,0,0.939842700958252,0.7762817144393921,1.0967399954795838,0.14009524136781693,0.020923081785440445,0.3076188266277313,25.913877487182617,14.98819351196289,39.179073333740234,0.22155562043190002,0.1438814401626587,0.2979562282562256,24.198431968688965,17.58294677734375,30.36103057861328,0.045421719551086426,0.014024847187101841,0.08266409486532211,0.0308,0.0,0.11089203,0.04853332,0.03758776,03,False,False
2023-24,2024-03-23,New York,1,0.9227932691574097,0.7259345054626465,1.0905851244926454,0.16054710745811462,0.026836048811674118,0.36061748266220095,26.219331741333008,13.752232265472415,40.789485931396484,0.23890802264213562,0.155013769865036,0.3283389449119568,24.17564296722412,17.756235122680664,30.752187728881836,0.045961879193782806,0.01484356913715601,0.08588622510433197,0.0307,0.0,0.11136317,0.04991953,0.03978704,03,False,False
2023-24,2024-03-23,New York,2,0.9544475078582764,0.789883553981781,1.118068277835846,0.12998832762241364,0.022377416491508484,0.29642388224601746,25.975021362304688,14.967411994934082,39.98022384643555,0.21804778277873993,0.1411789506673813,0.29477632939815523,24.004277229309082,17.746112823486328,30.528082466125493,0.04177393764257431,0.013782883994281292,0.07841336056590083,0.0311,0.0,0.11139665,0.04583884,0.03667083,03,False,False
2023-24,2024-03-23,Pennsylvania,0,0.9479976296424866,0.7771522998809814,1.1007322549819947,0.16367899626493454,0.04086843878030777,0.3225807845592499,25.782124519348145,14.810140609741211,37.74771575927735,0.2353185936808586,0.15294284075498582,0.32489895820617676,29.450231552124023,21.661639404296874,36.62155876159668,0.05345648154616356,0.017977670393884183,0.0905500128865242,0.0236,0.0,0.1099928,0.0559884,0.04464072,03,False,False
2023-24,2024-03-23,Pennsylvania,1,0.9158801138401031,0.7487595081329346,1.1035178899765015,0.20663753151893616,0.06547165513038636,0.3721039652824402,24.684772491455078,14.462406539916993,35.895286560058594,0.2546832859516144,0.16662381440401078,0.33958983421325684,28.12490463256836,21.064241790771483,34.750575637817384,0.0494222491979599,0.01848914846777916,0.08587650209665298,0.0159,0.0,0.11106767,0.05257309,0.04145404,03,False,False
2023-24,2024-03-23,Pennsylvania,2,0.9079868793487549,0.7298752069473267,1.0827782034873963,0.18405845016241074,0.03958483785390854,0.38292394280433656,27.15044593811035,17.923698234558106,38.143635559082036,0.24483564496040344,0.16045571863651276,0.329984575510025,30.720964431762695,23.31318054199219,36.68716049194336,0.05927497148513794,0.024593908339738846,0.09726670011878014,0.0114,0.0,0.11206367,0.06204678,0.04746462,03,False,False
2023-24,2024-03-23,Vermont,0,1.012416958808899,0.7595043182373047,1.2652382850646973,0.2322506457567215,0.05853226557374001,0.47505420446395874,28.959823608398438,20.55449676513672,38.69912757873535,0.11520952731370926,0.07161512747406959,0.16153212040662768,18.493661880493164,11.889326858520509,25.39369773864746,0.049707621335983276,0.011887183133512736,0.10195879638195038,0.0507,0.0,0.1124125,0.05721383,0.04369297,03,False,False
2023-24,2024-03-23,Vermont,1,1.00224769115448,0.7658555507659912,1.2420884370803833,0.21053877472877502,0.05131392218172551,0.43488947451114657,29.38326644897461,19.464311599731445,41.902980422973634,0.13160260766744614,0.07459897100925446,0.19179707765579226,16.069615364074707,10.910393810272216,21.421705627441405,0.05354662984609604,0.01219321433454752,0.1108886495232582,0.0508,0.0,0.10898584,0.0604527,0.04745696,03,False,False
2023-24,2024-03-23,Vermont,2,1.0042390823364258,0.777642834186554,1.3040269613265991,0.20320533961057663,0.03882229030132294,0.4462537467479706,26.986896514892578,16.122602462768555,38.841516494750984,0.13650120794773102,0.07995025664567948,0.20110771358013155,15.988765716552734,10.253906345367433,21.874468231201174,0.05625751242041588,0.014403236657381057,0.11578819155693056,0.0453,0.0,0.11255909,0.0648858,0.05016307,03,False,False
2023-24,2024-03-23,Wyoming,0,1.0622808933258057,0.6831473708152771,1.686971187591553,0.4016154408454895,0.14331291615962982,0.6826958656311035,27.36160945892334,20.159378242492675,36.378841400146484,0.14781710505485535,0.08569575846195221,0.21592877805233002,13.284544467926025,8.481569290161133,18.55428123474121,0.09233446046710014,0.02636769972741604,0.17773521393537522,0.0337,0.0,0.11304611,0.09775911,0.07380783,03,False,False
2023-24,2024-03-23,Wyoming,1,1.1054669618606567,0.7000640630722046,1.8456783533096317,0.36797235906124115,0.1120939761400223,0.6513370871543884,28.74458885192871,20.660747528076172,38.60697402954102,0.14597269892692566,0.0865339756011963,0.2195964902639389,14.801033973693848,8.851818084716797,21.28944969177246,0.08517945557832718,0.02466224506497383,0.1616033747792244,0.0342,0.0,0.10977249,0.08921908,0.06697298,03,False,False
2023-24,2024-03-23,Wyoming,2,1.00434809923172,0.6328544080257416,1.743794322013855,0.4021098017692566,0.14820446372032167,0.642282247543335,25.99448871612549,16.629836654663087,38.120523452758796,0.17409880459308624,0.09792902767658233,0.2623744726181031,13.496135234832764,8.255798053741454,19.444935417175294,0.10935062542557716,0.029652640223503113,0.2025446891784668,0.0301,0.0,0.11359353,0.11363795,0.08046354,03,False,False
2023-24,2024-03-30,Alaska,0,0.9372036159038544,0.6925389707088471,1.1765316724777222,0.25654280185699463,0.061882004141807556,0.4789176881313324,28.70745277404785,18.414794921875,39.316104888916016,0.19615188241004944,0.11121937781572341,0.29836538434028625,19.862548828125,12.243136882781982,27.418230056762695,0.05812321417033672,0.016499143093824387,0.1130426749587059,0.0385,0.0,0.11179374,0.06450363,0.05058058,03,False,False
2023-24,2024-03-30,Alaska,1,0.9596987366676331,0.7258094549179077,1.2285688638687136,0.25080448389053345,0.07402291297912598,0.46100139021873476,26.494958877563477,16.070714950561523,36.486629486083984,0.19072461873292923,0.10512129962444305,0.29631836116313937,19.101974487304688,11.554862594604492,26.943355751037597,0.0614130012691021,0.01924248058348894,0.11457912251353264,0.0327,0.0,0.11266025,0.06742755,0.05293973,03,False,False
2023-24,2024-03-30,Alaska,2,0.9813779592514038,0.7463360905647278,1.228303074836731,0.2200615555047989,0.05897890776395798,0.431621950864792,27.833127975463867,15.603245735168457,40.53131103515625,0.19487467408180237,0.11386725157499315,0.2802034020423889,20.628738403320312,12.49577922821045,28.490955352783203,0.058772604912519455,0.017569489777088165,0.1153840571641922,0.0338,0.0,0.11231759,0.06597036,0.05227497,03,False,False
2023-24,2024-03-30,California,0,0.9846802353858948,0.8488823175430298,1.1456236124038697,0.12090759351849556,0.025640375912189484,0.24544670730829243,20.354631423950195,6.081180810928346,33.13799285888672,0.1681828871369362,0.11406876146793365,0.226029734313488,31.119128227233887,24.489656829833983,37.23570137023926,0.041425926610827446,0.014385399874299766,0.07489621043205263,0.031,0.0,0.11190834,0.04348181,0.03485992,03,False,False
2023-24,2024-03-30,California,1,0.9723716974258423,0.8235044598579406,1.1217382192611693,0.11740532517433167,0.018906725011765962,0.25883924663066865,24.062705993652344,10.34419813156128,36.30923118591309,0.1573415845632553,0.10324707627296448,0.21426230370998384,28.810893058776855,22.22250747680664,35.50063514709473,0.044759854674339294,0.016166895627975464,0.07830843925476075,0.021,0.0,0.1111937,0.04667867,0.03665704,03,False,False
2023-24,2024-03-30,California,2,0.9311346411705017,0.7597414255142212,1.112128233909607,0.16561200469732285,0.03406082540750504,0.34698434770107267,28.492682456970215,14.728927612304688,40.07743721008301,0.1465691551566124,0.10007131472229958,0.19460472464561462,30.720802307128906,24.17366924285889,36.6324348449707,0.04372898489236832,0.01493543526157737,0.07968069240450859,0.024,0.0,0.11071854,0.04659434,0.03743885,03,False,False
2023-24,2024-03-30,New York,0,0.9545107483863831,0.8082111060619355,1.0999350547790527,0.1230475977063179,0.020093681477010256,0.2817250311374667,26.477416038513184,15.238137245178223,38.43285369873047,0.2524406313896179,0.16448081880807877,0.34261253476142883,24.72700309753418,18.33622169494629,31.543209838867188,0.045067932456731796,0.013124699797481298,0.08879734575748444,0.037,0.0,0.11094235,0.05071097,0.03997831,03,False,False
2023-24,2024-03-30,New York,1,0.9499586224555969,0.7975627779960632,1.0909029245376587,0.13054421544075012,0.01859002560377121,0.2948241382837296,26.127870559692383,15.551810264587402,37.87293663024903,0.27465012669563293,0.18293588906526564,0.37764497697353366,28.54957389831543,20.482647132873538,36.152183532714844,0.04253466799855232,0.013210135512053967,0.07909367978572845,0.0342,0.0,0.11122763,0.04737053,0.03760152,03,False,False
2023-24,2024-03-30,New York,2,0.948181688785553,0.763670039176941,1.1236389756202698,0.16360119730234146,0.03184373676776886,0.370065301656723,25.893657684326172,13.325571727752687,37.26945190429688,0.256858766078949,0.1648148983716965,0.3563365995883942,25.683120727539062,18.353138542175294,32.89362716674805,0.04772359877824783,0.01392207881435752,0.09036872163414955,0.0371,0.0,0.11263949,0.05272914,0.04113582,03,False,False
2023-24,2024-03-30,Pennsylvania,0,0.9475229978561401,0.7817981123924256,1.133884608745575,0.18579081445932388,0.05762573331594467,0.3378447115421295,21.396333694458008,10.427652359008789,30.350498008728028,0.26141366362571716,0.17963728159666062,0.34325843155384067,29.239744186401367,22.571213722229004,36.462066650390625,0.04358499497175217,0.016694122739136223,0.07534528374671937,0.0222,0.0,0.11158053,0.04588618,0.03583575,03,False,False
2023-24,2024-03-30,Pennsylvania,1,0.9855257272720337,0.8258577108383178,1.169455087184906,0.17712152749300003,0.054698556289076807,0.32739059031009693,18.161073684692383,8.433527374267578,26.176227569580078,0.27531251311302185,0.1929287165403366,0.36412230134010315,30.101959228515625,23.459847068786623,36.936824798583984,0.049424994736909866,0.020887533202767372,0.07775720953941345,0.0109,0.0,0.10966053,0.05047221,0.04037779,03,False,False
2023-24,2024-03-30,Pennsylvania,2,0.9478601813316345,0.7523295283317566,1.1517242193222046,0.20602333545684814,0.06843454986810685,0.37147727608680725,21.85610008239746,12.456041145324708,30.507343292236328,0.2408803105354309,0.1624768167734146,0.3298105299472809,31.590450286865234,24.707392692565918,37.28248596191406,0.05069592781364918,0.01537662111222744,0.08996554911136627,0.0302,0.0,0.11258075,0.053842,0.04247598,03,False,False
2023-24,2024-03-30,Vermont,0,1.0285035967826843,0.8114857852458954,1.2897565126419068,0.1979401335120201,0.04440239407122135,0.40774355232715614,30.395366668701172,19.821421241760255,42.811763763427734,0.11828895285725594,0.07282611280679703,0.16818515807390214,17.94414710998535,11.895342350006104,24.226004600524906,0.05290782451629639,0.015221740305423736,0.10502564907073975,0.0387,0.0,0.11252158,0.05983567,0.04648725,03,False,False
2023-24,2024-03-30,Vermont,1,1.0078535079956055,0.7667699217796325,1.2731058597564697,0.21420928835868835,0.04384722709655762,0.4460158526897431,29.39531898498535,19.32866668701172,40.64782791137696,0.12719334661960602,0.07548953890800476,0.19025561064481736,14.801074028015137,9.998170852661133,20.135209465026858,0.056769661605358124,0.015049313195049763,0.11019430309534074,0.0415,0.0,0.11375891,0.06304337,0.04892144,03,False,False
2023-24,2024-03-30,Vermont,2,1.0317671298980713,0.8289484918117523,1.2751119136810303,0.1991744264960289,0.038052886724472046,0.39540041387081154,29.051352500915527,19.795703315734865,40.39624710083008,0.11500248312950134,0.07140952423214912,0.16293330490589142,16.741714477539062,10.452046489715576,23.119457244873047,0.04694816842675209,0.013330414891242981,0.09737302958965303,0.0448,0.0,0.11006087,0.05451813,0.04267435,03,False,False
2023-24,2024-03-30,Wyoming,0,1.1764473915100098,0.7786896228790283,1.943887305259705,0.3316235691308975,0.11157096177339554,0.6058969497680664,28.96345806121826,19.4889238357544,39.20380783081055,0.1801178902387619,0.10456173345446587,0.27053169012069705,14.331548690795898,8.639117240905762,20.45714569091797,0.08192222192883492,0.020568961277604103,0.16483202576637268,0.0408,0.0,0.11270625,0.09455012,0.07035165,03,False,False
2023-24,2024-03-30,Wyoming,1,1.2054998874664307,0.801358050107956,2.159775495529175,0.3715684711933136,0.13044919073581696,0.6107305884361267,31.035340309143066,22.416671752929688,41.5392951965332,0.1581728756427765,0.08952506631612778,0.2398168295621872,13.21987247467041,7.9484028816223145,18.744967079162603,0.09228678047657013,0.027307845652103424,0.16990964114665985,0.0271,0.0,0.1118617,0.10272861,0.07642629,03,False,False
2023-24,2024-03-30,Wyoming,2,1.2245161533355713,0.758996844291687,1.9991806387901305,0.42784519493579865,0.16475655883550647,0.6998009324073792,31.25950813293457,23.596002960205077,40.13694763183594,0.1398826688528061,0.08450305387377739,0.21113194525241852,13.99898910522461,8.66553783416748,19.833202362060547,0.08571690320968628,0.02117961272597313,0.17389161884784698,0.0416,0.0,0.11132483,0.09852468,0.0732551,03,False,False
2023-24,2024-04-06,Alaska,0,0.907574474811554,0.6793763637542725,1.1157703161239625,0.2157278209924698,0.055496346205472946,0.4354322850704193,23.465065002441406,13.651176071166992,34.656349182128906,0.21116109192371368,0.11721769422292709,0.3119204521179199,21.788158416748047,13.415193653106689,30.590211868286133,0.061289094388484955,0.017752891406416893,0.11856515407562256,0.0327,0.0,0.1127205,0.06475398,0.0505289,04,True,False
2023-24,2024-04-06,Alaska,1,0.880401074886322,0.6664672493934631,1.1024392366409301,0.25121262669563293,0.07072367295622828,0.4546324044466019,26.285304069519043,16.129966735839844,39.429127883911136,0.19371016323566437,0.11263991892337799,0.2821434736251831,21.306697845458984,13.255756187438966,29.869892120361328,0.06498400121927261,0.019292070157825955,0.12383390367031098,0.0286,0.0,0.11195785,0.06899622,0.05401544,04,True,False
2023-24,2024-04-06,Alaska,2,0.9077496528625488,0.6837432384490967,1.1007781147956848,0.19948207587003708,0.04397781006991864,0.41539260745048523,26.370710372924805,16.087703704833984,38.70976638793945,0.20579922944307327,0.1149448350071907,0.31039485335350037,17.946611404418945,10.937656784057618,25.157033920288086,0.05742684751749039,0.01666224990040064,0.1142182469367981,0.0338,0.0,0.11258506,0.06129186,0.04766087,04,True,False
2023-24,2024-04-06,California,0,0.9575439095497131,0.8124227523803712,1.1096211671829224,0.12957052886486053,0.02563189193606377,0.2782268702983857,26.178882598876953,11.231157779693604,40.142234802246094,0.14591269940137863,0.09914403483271599,0.19726821780204773,29.381157875061035,23.01666259765625,35.71831970214844,0.04042350873351097,0.010199690237641335,0.07917460799217227,0.0512,0.0,0.1119879,0.04541756,0.03581876,04,True,False
2023-24,2024-04-06,California,1,0.9676903486251831,0.8364621698856354,1.1087623834609985,0.11760460585355759,0.02373293600976467,0.2333557903766632,22.79142665863037,10.647552394866944,33.54788589477539,0.15243146568536758,0.1030469462275505,0.20522557199001312,31.265087127685547,23.970195198059084,37.6222038269043,0.04071015864610672,0.015256883390247826,0.06946890726685526,0.0248,0.0,0.11297286,0.04344775,0.03473387,04,True,False
2023-24,2024-04-06,California,2,0.961833655834198,0.801891565322876,1.135655117034912,0.12685513496398926,0.021102186292409897,0.293029597401619,22.777055740356445,8.500391960144043,34.91482925415039,0.1680959016084671,0.11418436467647552,0.22266903519630432,31.791202545166016,25.324413299560547,37.55546188354492,0.039656076580286026,0.012572397477924824,0.07649352848529815,0.0401,0.0,0.11273389,0.04502056,0.03506864,04,True,False
2023-24,2024-04-06,New York,0,0.9893606901168823,0.8286773562431335,1.1676593899726868,0.13075530529022217,0.018039325065910834,0.3210517078638077,27.966856956481934,12.711612701416016,40.13136024475098,0.27218450605869293,0.17393814027309418,0.37793456315994267,26.114011764526367,18.926091766357423,33.61281204223633,0.046162378042936325,0.013017595745623112,0.08799504935741426,0.0386,0.0,0.11152352,0.04877267,0.0387629,04,True,False
2023-24,2024-04-06,New York,1,0.983653336763382,0.8097310066223145,1.1723321676254272,0.1692224144935608,0.03539928011596203,0.35239779055118564,31.030481338500977,18.363616943359375,43.35104751586914,0.2354670688509941,0.15332739651203156,0.32039674520492556,24.353450775146484,17.96333751678467,31.097767448425294,0.04603178799152374,0.014060280472040177,0.09040660038590433,0.0387,0.0,0.11192408,0.04975808,0.03965257,04,True,False
2023-24,2024-04-06,New York,2,0.9887787103652954,0.7966629862785339,1.1918302774429321,0.17938069999217987,0.0353856198489666,0.3629508912563324,26.338375091552734,14.748432159423828,36.11128616333008,0.2430315986275673,0.16619942486286163,0.32960662245750433,27.038618087768555,19.493021774291993,34.375897598266604,0.04613664932549,0.014704428613185883,0.08484701812267303,0.0315,0.0,0.11023798,0.04815146,0.03830712,04,True,False
2023-24,2024-04-06,Pennsylvania,0,0.9341366589069366,0.7211534202098846,1.1362293124198914,0.2113833874464035,0.053460173308849335,0.3994736671447754,24.993669509887695,13.285571289062501,34.67823333740235,0.2687469571828842,0.18322390764951707,0.35918933153152466,31.576187133789062,24.753675079345705,37.44926834106445,0.04513080418109894,0.016859978996217256,0.07956376224756243,0.02,0.0,0.11170832,0.04856476,0.03843477,04,True,False
2023-24,2024-04-06,Pennsylvania,1,0.9197536706924438,0.738411158323288,1.0729119777679443,0.16361261904239655,0.037034307792782786,0.3451132774353028,27.88454818725586,16.7606782913208,40.68661880493164,0.2956346869468689,0.19059792160987854,0.40030109882354736,26.46748161315918,19.677280807495116,33.20092468261719,0.04885721020400524,0.018024060688912873,0.08750107884407043,0.0228,0.0,0.10973576,0.05358544,0.04209528,04,True,False
2023-24,2024-04-06,Pennsylvania,2,0.9353708624839783,0.7606027960777283,1.1337546467781068,0.19514326751232147,0.049448632076382636,0.36585716605186475,26.948647499084473,14.16566038131714,37.930877685546875,0.23830223828554153,0.1623991072177887,0.3218573331832886,29.69609546661377,22.786998176574706,36.1869384765625,0.04605584591627121,0.016821936517953873,0.07950386106967927,0.0199,0.0,0.11426082,0.04895034,0.0392318,04,True,False
2023-24,2024-04-06,Vermont,0,0.9587219953536987,0.7324184656143189,1.227927565574646,0.21886719018220901,0.04853816181421283,0.44041547179222107,28.51840877532959,19.97472381591797,40.363543319702146,0.12149051949381828,0.07028656452894211,0.18544045090675354,16.90568733215332,11.182902812957764,22.889405059814454,0.0528100561350584,0.014052290283143523,0.10364763662219048,0.0412,0.0,0.11217632,0.05698839,0.04360359,04,True,False
2023-24,2024-04-06,Vermont,1,0.9448584914207458,0.7140514135360718,1.2411803007125854,0.236834816634655,0.05702514424920084,0.46128403842449195,28.89213275909424,19.628402709960938,40.014007568359375,0.11484590545296669,0.0694575086236,0.16997370570898057,16.84836483001709,11.270238494873047,22.50069236755371,0.05899523012340069,0.015584407374262811,0.11846672743558884,0.0408,0.0,0.11377435,0.06455008,0.05053019,04,True,False
2023-24,2024-04-06,Vermont,2,0.970382958650589,0.7397545874118805,1.2132628917694093,0.20277628302574158,0.03923363983631136,0.4184831976890564,26.518080711364746,15.536348724365235,40.91530075073243,0.13975359499454498,0.08139017224311829,0.20421407222747803,16.074649810791016,10.433658790588378,21.8675537109375,0.05925951153039932,0.017430441454052925,0.11294835805892944,0.0344,0.0,0.10995582,0.0632029,0.04891604,04,True,False
2023-24,2024-04-06,Wyoming,0,1.2302585244178772,0.7870792508125305,2.1186773777008057,0.3609992414712906,0.11766261607408524,0.6440180659294129,30.084202766418457,21.773668670654295,38.93319854736328,0.15410395711660385,0.093768011033535,0.22493162751197815,15.121950149536133,9.242774963378906,21.334392547607422,0.09072074294090271,0.023813587427139283,0.1778309941291809,0.0343,0.0,0.11192745,0.10147521,0.07495781,04,True,False
2023-24,2024-04-06,Wyoming,1,1.077025055885315,0.7149880647659301,1.6080238461494447,0.3169816881418228,0.07519347220659256,0.5944244265556337,29.66337490081787,21.159442138671874,38.548710632324216,0.19520333409309387,0.10998207777738571,0.3056769073009491,13.196455001831055,8.447537517547607,18.276195526123047,0.08303546905517578,0.020520118251442912,0.1716117113828659,0.0419,0.0,0.11375772,0.0950419,0.07081806,04,True,False
2023-24,2024-04-06,Wyoming,2,1.240957498550415,0.8058931410312653,2.1442760229110727,0.38129639625549316,0.15342657119035724,0.6170070171356201,29.72637367248535,22.72729778289795,37.61764144897461,0.1556369960308075,0.08783551380038261,0.23495282232761383,14.174012184143066,8.921969413757324,19.472054100036623,0.07928061112761497,0.018495909869670868,0.15932400226593021,0.048,0.0,0.11049256,0.08928658,0.06633938,04,True,False
2023-24,2024-04-13,Alaska,0,0.9208017587661743,0.6959870755672455,1.1294455528259277,0.22612553089857101,0.057027995586395264,0.43260812759399414,27.717320442199707,17.653460121154787,38.59315490722656,0.21815915405750275,0.12631324976682662,0.3158261775970459,19.966755867004395,12.196632385253906,27.83184814453125,0.058377787470817566,0.01726549174636603,0.11192303821444514,0.0327,0.0,0.1117247,0.0641848,0.04914621,04,True,False
2023-24,2024-04-13,Alaska,1,0.9098268747329712,0.6795672118663788,1.1303322315216064,0.24770846962928772,0.06623959541320801,0.45414405465126045,28.53141975402832,18.13106212615967,39.32781982421875,0.2145901918411255,0.12290869653224945,0.3193267554044725,19.379220008850098,11.936702728271484,27.272820854187014,0.05781715735793114,0.017994455993175507,0.11070768162608147,0.0303,0.0,0.11231332,0.0639515,0.04881646,04,True,False
2023-24,2024-04-13,Alaska,2,0.9402989149093628,0.734258770942688,1.146302580833435,0.19931469857692719,0.04588985405862333,0.39266934096813205,28.437833786010742,17.017296981811523,40.878486251831056,0.19449251145124435,0.10982499569654465,0.296678638458252,20.692216873168945,12.829501152038574,28.900157928466797,0.056656237691640854,0.01737944781780243,0.10845695436000824,0.0323,0.0,0.11200953,0.06361978,0.04963325,04,True,False
2023-24,2024-04-13,California,0,0.9827938675880432,0.8438741624355316,1.1576810598373413,0.11610613018274307,0.019440188817679897,0.25069376528263104,26.459686279296875,11.592569351196289,37.83129005432129,0.1510525941848755,0.10226238593459129,0.20252292156219484,28.82051658630371,21.702849769592287,35.423308563232425,0.04339240677654743,0.01637535560876131,0.07577044889330864,0.0209,0.0,0.11328809,0.04542576,0.03647952,04,True,False
2023-24,2024-04-13,California,1,1.0217281579971313,0.8817822933197021,1.1861355304718018,0.11517208069562912,0.020583074539899826,0.24953186511993408,22.67542266845703,9.078332328796389,34.4086799621582,0.14548233151435852,0.09834740310907364,0.19982925057411194,30.948408126831055,24.264732360839844,37.14271621704101,0.039569584652781487,0.016161493957042694,0.0679839625954628,0.0196,0.0,0.11258876,0.04152862,0.03329693,04,True,False
2023-24,2024-04-13,California,2,0.9728703200817108,0.814740926027298,1.129862415790558,0.12874645739793777,0.0222119502723217,0.2814925014972687,29.699813842773438,12.6071102142334,42.669132995605466,0.15859544277191162,0.10394040793180466,0.21553001850843437,31.06043243408203,24.121090698242188,37.48993682861328,0.04368104599416256,0.01596682146191597,0.07369186729192734,0.0229,0.0,0.10809111,0.04459907,0.03549393,04,True,False
2023-24,2024-04-13,New York,0,0.9793429374694824,0.8043378949165344,1.1558274865150453,0.15111394226551056,0.02641911245882511,0.33297914266586304,25.891733169555664,12.82421979904175,36.64949073791505,0.27735912799835205,0.18718090653419495,0.3741205334663391,26.652542114257812,19.311199188232422,33.44441566467285,0.04421843960881233,0.013463676907122135,0.08141779899597168,0.0376,0.0,0.1121392,0.04864642,0.03885625,04,True,False
2023-24,2024-04-13,New York,1,0.9612031877040863,0.8181505799293518,1.1097034215927124,0.12783797830343246,0.029459110088646413,0.26016712188720703,29.32284641265869,15.3561372756958,40.76115188598635,0.3033153712749481,0.20442605018615723,0.40443193912506104,28.157289505004883,20.66664218902588,35.55128479003906,0.040739208459854126,0.013174096122384071,0.0774453729391098,0.0326,0.0,0.11180979,0.04565384,0.0366382,04,True,False
2023-24,2024-04-13,New York,2,0.9604681134223938,0.7636235356330872,1.1471459865570068,0.1833096295595169,0.04436293952167035,0.3793853908777237,27.53116512298584,16.583716583251952,38.211891174316406,0.2663823217153549,0.17951974272727966,0.35629042983055115,24.114160537719727,18.022138595581055,30.22884750366211,0.045880794525146484,0.013686710502952339,0.08442045152187348,0.0378,0.0,0.11170972,0.05010916,0.03950494,04,True,False
2023-24,2024-04-13,Pennsylvania,0,0.9337097406387329,0.7844232320785522,1.0993702650070192,0.15469786524772644,0.0455421905964613,0.28565406799316406,26.804580688476562,16.052988052368164,36.6287841796875,0.2638864666223526,0.17373189330101013,0.348629891872406,28.746726989746094,22.13634490966797,35.23034934997559,0.049302853643894196,0.016948696225881577,0.08631885796785355,0.0257,0.0,0.10960441,0.05318968,0.04221522,04,True,False
2023-24,2024-04-13,Pennsylvania,1,0.8911280930042267,0.7377585172653198,1.0311755657196044,0.1485220491886139,0.02938317693769932,0.30908397734165194,28.68821620941162,18.76347408294678,38.878290557861334,0.32321444153785706,0.2179802030324936,0.4289713025093079,26.4910306930542,19.3005880355835,33.83866424560547,0.05146966874599457,0.019267600402235987,0.08780377358198166,0.019,0.0,0.10808641,0.0545104,0.04373837,04,True,False
2023-24,2024-04-13,Pennsylvania,2,0.9161683917045593,0.7240543961524963,1.1056469678878784,0.16497233510017395,0.032559704035520554,0.3476787805557251,27.592348098754883,14.478005409240723,39.355587005615234,0.29199153184890747,0.18534253686666488,0.4084925055503845,29.63510799407959,22.34037971496582,36.67517013549805,0.04733594134449959,0.015469686314463615,0.08644974231719971,0.0342,0.0,0.11193674,0.0517225,0.04192672,04,True,False
2023-24,2024-04-13,Vermont,0,1.0324629545211792,0.7988830924034118,1.3433616042137149,0.24078935384750366,0.06603404134511948,0.4629339277744293,31.68922996520996,21.212776756286623,42.70207672119141,0.11710409820079803,0.07167877778410911,0.17295508682727814,16.239118576049805,10.661228561401368,21.91778564453125,0.054428162053227425,0.014689660631120205,0.10481591522693634,0.0429,0.0,0.11182097,0.0617904,0.04786858,04,True,False
2023-24,2024-04-13,Vermont,1,1.0386635065078735,0.8366183042526245,1.2924860715866089,0.1808185875415802,0.03509188368916512,0.38977310061454773,28.83574104309082,16.486932754516605,40.39866256713867,0.12987644970417023,0.07996515929698944,0.188734932243824,15.85773515701294,10.436395645141602,21.335769271850587,0.049999283626675606,0.013288755156099803,0.09976312518119812,0.0458,0.0,0.11325395,0.05790076,0.04444663,04,True,False
2023-24,2024-04-13,Vermont,2,1.050256371498108,0.7980720400810242,1.307686686515808,0.21100729703903198,0.04638906568288803,0.45123642683029175,30.941287994384766,21.85654487609863,41.24124526977539,0.11475807428359985,0.07348534762859345,0.163892924785614,16.96484375,10.876941013336182,23.029268264770508,0.05085356347262859,0.013424279168248177,0.1016390472650528,0.0457,0.0,0.11355371,0.05790678,0.04564074,04,True,False
2023-24,2024-04-13,Wyoming,0,1.0303850769996643,0.6661242067813873,1.8673408031463623,0.3970893323421478,0.1405123472213745,0.6371634602546692,30.792176246643066,22.591148757934572,40.024097824096685,0.19097017496824265,0.10797995328903198,0.2788681447505951,15.204682350158691,9.072250938415529,22.64144515991211,0.07739365100860596,0.019871674478054054,0.15884960740804674,0.0414,0.0,0.11100823,0.08740515,0.06416722,04,True,False
2023-24,2024-04-13,Wyoming,1,1.164125919342041,0.7553583264350892,1.7637002110481266,0.35677796602249146,0.11765950918197632,0.6239675879478455,29.7889347076416,21.008725929260258,38.455194854736334,0.16321001946926117,0.0966978445649147,0.24344336986541748,13.780426025390625,8.299394512176514,19.462739944458008,0.08045898377895355,0.021894317120313644,0.16004418283700944,0.0362,0.0,0.11158388,0.09043625,0.06798895,04,True,False
2023-24,2024-04-13,Wyoming,2,1.1653959155082703,0.7734657406806946,1.7736336469650273,0.3545157015323639,0.1239490881562233,0.6054532527923584,30.37809944152832,22.40606689453125,38.75141143798828,0.16909629106521606,0.0962046779692173,0.2535935103893281,14.794224739074707,8.941194438934327,21.252164840698242,0.07221999764442444,0.017286354675889015,0.14881750345230105,0.0429,0.0,0.11081547,0.08186845,0.0631962,04,True,False
2023-24,2024-04-20,Alaska,0,0.8449752330780029,0.6377462208271026,1.0585170149803163,0.2434425726532936,0.0709886983036995,0.4493721753358841,27.184149742126465,17.64048480987549,38.888126373291016,0.20044592022895813,0.11295884251594543,0.2908213436603546,20.525816917419434,12.387251853942871,28.20901107788086,0.060204919427633286,0.018317620269954205,0.11525570601224899,0.028,0.0,0.11139481,0.06137067,0.04729252,04,True,False
2023-24,2024-04-20,Alaska,1,0.8636848330497742,0.6595290899276733,1.0599796891212463,0.21628303825855255,0.05564836561679843,0.4200550615787506,26.696392059326172,16.759777069091797,38.62362747192383,0.195156529545784,0.10627944022417068,0.284761381149292,19.704242706298828,12.445239257812501,27.489614486694336,0.06045292504131794,0.017533415183424952,0.11409677565097809,0.0334,0.0,0.11066131,0.06020501,0.04665379,04,True,False
2023-24,2024-04-20,Alaska,2,0.8825035691261292,0.6784536838531494,1.0914984941482544,0.2251938208937645,0.0621614970266819,0.4178336262702942,24.348310470581055,14.512453079223633,34.31255683898926,0.20784100890159607,0.11221875250339508,0.30410444736480713,20.38366985321045,12.365688991546632,28.405412673950195,0.05773013457655907,0.017241323366761208,0.10322095453739166,0.0338,0.0,0.11168498,0.05819752,0.04558807,04,True,False
2023-24,2024-04-20,California,0,0.9731324911117554,0.8302015066146851,1.1276173114776613,0.1265801042318344,0.024412741884589195,0.24584083259105682,27.555657386779785,13.370633125305176,39.60822944641113,0.15044589340686798,0.10547389090061188,0.2015007331967354,29.77805519104004,23.249834060668945,36.04618453979492,0.03863617032766342,0.012920492328703403,0.072847381234169,0.0313,0.0,0.10907138,0.04294018,0.0343057,04,True,False
2023-24,2024-04-20,California,1,0.9920313954353333,0.8605597019195557,1.1404297351837158,0.1055043488740921,0.019011536054313185,0.21575076282024386,25.909170150756836,9.838275909423828,38.97134017944336,0.16508762538433075,0.11100469529628754,0.21982824802398682,32.825069427490234,26.02844524383545,38.073646545410156,0.04136083275079727,0.014989788085222246,0.07363518252968791,0.026,0.0,0.11286717,0.0448643,0.03609355,04,True,False
2023-24,2024-04-20,California,2,0.9755817651748657,0.8535330116748809,1.106134295463562,0.10137107223272324,0.014952126890420914,0.21560090631246567,28.199874877929688,12.277737617492676,40.3872184753418,0.16111604124307632,0.10876219719648361,0.20959429591894152,30.445276260375977,23.730576705932616,36.52405548095703,0.03732076659798622,0.013534572161734114,0.0672324076294899,0.0277,0.0,0.11102195,0.04083856,0.0327775,04,True,False
2023-24,2024-04-20,New York,0,0.9434163570404053,0.7624379396438599,1.0876999616622924,0.1454569399356842,0.02655990552157164,0.33174929022789,25.85077476501465,14.265693664550781,39.13557434082031,0.28366222977638245,0.18370888680219652,0.37693050503730774,24.232176780700684,18.32574920654297,30.656442642211914,0.042134370654821396,0.012266895640641453,0.08338099792599679,0.0386,0.0,0.10998271,0.04761193,0.03815625,04,True,False
2023-24,2024-04-20,New York,1,0.9820325970649719,0.8040664196014404,1.144145405292511,0.14169863611459732,0.025585661828517917,0.3159989982843399,22.99159526824951,11.243976211547851,33.12819137573242,0.24478992819786072,0.17086906284093856,0.3298839032649994,26.071860313415527,19.517266845703126,33.06123008728027,0.03992865048348904,0.012973102647811176,0.07741956859827044,0.0327,0.0,0.11099398,0.04524015,0.03589904,04,True,False
2023-24,2024-04-20,New York,2,0.9334349036216736,0.7044887721538544,1.1070250272750854,0.18997004628181458,0.036784715950489044,0.40053321123123176,25.897385597229004,14.799125671386719,36.84126358032227,0.2523217648267746,0.17050549387931824,0.33878079056739807,26.122838020324707,19.682991790771485,32.29631690979004,0.04559515044093132,0.013351788092404605,0.09077182412147522,0.0401,0.0,0.11009141,0.05169828,0.04074552,04,True,False
2023-24,2024-04-20,Pennsylvania,0,0.8988406956195831,0.713346391916275,1.0805379033088685,0.19212310761213303,0.04742492362856865,0.37504881620407104,25.364356994628906,13.821637439727784,35.34492874145508,0.3182622343301773,0.21394354999065401,0.4271391898393631,25.591374397277832,19.650766754150393,31.335407638549807,0.04341123066842556,0.014050400163978339,0.08214885741472244,0.0316,0.0,0.1118506,0.04791853,0.03755326,04,True,False
2023-24,2024-04-20,Pennsylvania,1,0.9868570864200592,0.8372394561767578,1.1506828665733337,0.14529548585414886,0.04018956981599331,0.26133702993392943,22.696439743041992,12.930645370483399,31.58728466033936,0.2324679046869278,0.1605258509516716,0.30799314379692083,32.192840576171875,26.022975158691406,37.48419036865234,0.042289793491363525,0.015778448432683945,0.07119189947843552,0.0225,0.0,0.1111645,0.04437195,0.03533756,04,True,False
2023-24,2024-04-20,Pennsylvania,2,0.9048692584037781,0.7647944688796997,1.039913034439087,0.14588382840156555,0.035360030829906464,0.28294659256935123,27.204012870788574,18.392267990112305,37.441558837890625,0.2896111309528351,0.19689404517412185,0.3963823914527893,26.8419771194458,19.987525749206544,33.51160430908203,0.04452912695705891,0.014756332058459522,0.07963038980960846,0.0305,0.0,0.11346412,0.04801008,0.03853502,04,True,False
2023-24,2024-04-20,Vermont,0,0.9783770442008972,0.7595117688179016,1.2101310133934022,0.19684332609176636,0.04053081162273884,0.41663144230842597,30.228312492370605,18.20815601348877,41.894962310791016,0.16084005683660507,0.0959339439868927,0.23744560033082962,16.37195873260498,10.269440364837648,23.205231285095216,0.053529078140854836,0.014069873839616776,0.10254913941025738,0.0448,0.0,0.11326836,0.05946527,0.04627696,04,True,False
2023-24,2024-04-20,Vermont,1,1.0030192136764526,0.7951602816581727,1.2525822639465334,0.18885599821805954,0.03895776234567166,0.3960808008909226,28.298093795776367,17.136073112487797,39.150254821777345,0.16109856963157654,0.0935011513531208,0.24018432796001438,14.841371059417725,9.993438720703125,20.07664394378662,0.049965379759669304,0.012950705643743277,0.10055090710520746,0.0466,0.0,0.1113032,0.05735402,0.04507548,04,True,False
2023-24,2024-04-20,Vermont,2,1.056519091129303,0.8224829196929931,1.3168825268745423,0.19616219401359558,0.039060987532138824,0.4185569375753403,30.100555419921875,20.02719020843506,40.00460891723633,0.11768423020839691,0.07512214854359628,0.16642771214246752,17.19112777709961,11.196465492248535,23.827001571655273,0.0489440131932497,0.012346516456454992,0.0980767086148262,0.0493,0.0,0.10995302,0.05534034,0.0434902,04,True,False
2023-24,2024-04-20,Wyoming,0,1.1687504053115845,0.7622283458709717,1.787319302558899,0.3195042014122009,0.10570821166038513,0.5654876232147217,29.052631378173828,21.655248832702636,37.35870971679688,0.15945442020893097,0.08937595039606094,0.23953807353973394,13.656373977661133,8.590456008911133,18.983570480346682,0.08031292259693146,0.02181498520076275,0.1488497108221054,0.0342,0.0,0.11146191,0.08401636,0.06507833,04,True,False
2023-24,2024-04-20,Wyoming,1,1.121272325515747,0.7526949763298035,2.00575363636017,0.3878136873245239,0.15585244596004488,0.6218048632144929,30.807947158813477,23.375654220581055,40.53861618041992,0.14872407913208008,0.08326253741979599,0.22767172753810883,13.910714149475098,8.620471954345703,19.190806198120118,0.07415512949228287,0.0210582222789526,0.1456039875745774,0.0356,0.0,0.10951082,0.07990814,0.0606713,04,True,False
2023-24,2024-04-20,Wyoming,2,1.0827347040176392,0.7115873098373413,1.903056752681733,0.35267360508441925,0.10844924300909042,0.6160373032093049,29.570478439331055,22.26055908203125,37.98289489746094,0.16553670167922974,0.09094972163438797,0.25694558024406433,15.826167106628418,9.357180118560791,23.628381729125977,0.08132573217153549,0.02216079644858837,0.16119927167892456,0.0293,0.0,0.11131011,0.08799011,0.06718188,04,True,False
2023-24,2024-04-27,Alaska,0,0.8483501374721527,0.6465567111968994,1.093083381652832,0.2544246315956116,0.07893329709768296,0.4493137001991272,27.173137664794922,17.752785301208498,37.82271308898926,0.18259388208389282,0.10076384991407394,0.27103211581707004,18.4265775680542,11.50945987701416,25.050530052185064,0.06362558156251907,0.01846707072108984,0.11968065425753595,0.0329,0.0,0.11316508,0.06867093,0.050982,04,True,False
2023-24,2024-04-27,Alaska,1,0.855364978313446,0.654342669248581,1.0693464756011963,0.2147124707698822,0.055956012010574346,0.40499531626701357,27.35016632080078,17.232115745544434,39.56777648925781,0.20776280015707016,0.11477746590971948,0.30261062979698183,18.871746063232422,11.694701194763184,26.262862968444825,0.06496252864599228,0.01999963466078043,0.11752132251858712,0.0293,0.0,0.11158297,0.06813588,0.05124168,04,True,False
2023-24,2024-04-27,Alaska,2,0.875429630279541,0.6789999008178711,1.0909204959869385,0.21837569773197174,0.06513035297393799,0.3896907061338425,25.226765632629395,14.393199443817139,36.535047912597655,0.20367077738046646,0.10945541411638261,0.2986638069152832,20.680232048034668,12.5277099609375,29.238474655151368,0.05880150757730007,0.01855894923210144,0.11314401030540466,0.0283,0.0,0.11259993,0.06441752,0.04877829,04,True,False
2023-24,2024-04-27,California,0,1.0013819336891174,0.8376573324203491,1.1370339751243592,0.11350089684128761,0.015573055483400822,0.2619974315166474,23.338723182678223,9.042269420623779,36.184801864624035,0.16138985753059387,0.11035745069384575,0.21456681936979294,29.813366889953613,23.53569984436035,36.25614242553711,0.0410192497074604,0.01543431654572487,0.07030219584703445,0.0203,0.0,0.11084713,0.04344228,0.03454579,04,True,False
2023-24,2024-04-27,California,1,0.9641755819320679,0.8253873586654663,1.0929865002632142,0.11555973067879677,0.020443999581038957,0.24062443375587467,30.98094940185547,17.762482833862304,42.502583312988286,0.15568003803491592,0.10842513740062713,0.20258712768554688,31.00249481201172,24.321439361572267,36.80735893249512,0.04179365374147892,0.014995754696428776,0.07545742690563202,0.027,0.0,0.11170152,0.04568489,0.03586914,04,True,False
2023-24,2024-04-27,California,2,0.969214916229248,0.8503617107868194,1.1023857474327088,0.10793470591306686,0.023054994642734528,0.22126457393169408,29.844541549682617,16.655909156799318,41.90821838378906,0.1496112197637558,0.1022530049085617,0.20352467447519304,31.442197799682617,24.815998077392578,37.545631408691406,0.03845503367483616,0.012606743164360524,0.07146500721573831,0.0359,0.0,0.10891555,0.04290176,0.03417682,04,True,False
2023-24,2024-04-27,New York,0,0.9209718108177185,0.739051342010498,1.0797278404235842,0.15575335919857025,0.026431705988943583,0.3224776834249497,25.84733295440674,15.221662521362305,37.542181015014656,0.25502943992614746,0.17003903090953829,0.3445301413536072,26.215702056884766,19.094981956481934,33.41855239868164,0.04494884982705116,0.013427855074405672,0.08438234627246859,0.0348,0.0,0.10907855,0.04663969,0.03621048,04,True,False
2023-24,2024-04-27,New York,1,0.9422969222068787,0.7768901109695435,1.0746917724609375,0.1499720960855484,0.03268386423587799,0.3002567887306214,23.829715728759766,14.468416213989258,33.12165565490723,0.2680603712797165,0.17371554523706437,0.38234871327877046,25.31595802307129,19.402106094360352,31.471988677978516,0.03968674689531326,0.011783203110098839,0.07758878916501999,0.0455,0.0,0.10987563,0.04293912,0.03397443,04,True,False
2023-24,2024-04-27,New York,2,0.9115416407585144,0.7272765874862671,1.0608807325363159,0.16545091569423676,0.031349203363060955,0.36060048043727877,23.778985023498535,13.184442996978762,34.947592163085936,0.30149027705192566,0.20206205546855927,0.4045284688472748,27.49888038635254,20.421326637268066,34.29115333557129,0.04309971444308758,0.013867759145796299,0.07748838514089584,0.0294,0.0,0.11197944,0.04558027,0.03590638,04,True,False
2023-24,2024-04-27,Pennsylvania,0,0.9140220284461975,0.7513548135757446,1.0676095366477967,0.13273906707763672,0.02870158851146698,0.2876774072647095,29.875298500061035,16.863601684570312,43.4786262512207,0.27000635862350464,0.18137475848197937,0.365000718832016,31.555288314819336,25.023263931274414,37.577593612670896,0.04617307148873806,0.015667373314499855,0.08194985762238505,0.0233,0.0,0.11280259,0.04946419,0.0392817,04,True,False
2023-24,2024-04-27,Pennsylvania,1,0.9538149237632751,0.8198500096797944,1.0885777473449707,0.13085482269525528,0.03922607749700546,0.23809119164943696,24.450897216796875,13.309465312957764,36.99750518798828,0.25810572504997253,0.17702192217111587,0.3445730566978455,32.83491516113281,27.2380428314209,38.04740905761719,0.03817018307745457,0.015637846663594246,0.06421022787690163,0.021,0.0,0.11128385,0.0400985,0.0322234,04,True,False
2023-24,2024-04-27,Pennsylvania,2,0.8989664912223816,0.7545976340770721,1.0568657875061036,0.16328904032707214,0.04804009944200516,0.3044153332710267,25.98824119567871,16.608789443969727,34.485321044921875,0.3154093474149704,0.21706637740135193,0.41322407126426697,29.290063858032227,23.10124397277832,35.217044830322266,0.04564758203923702,0.01609344780445099,0.08136510848999023,0.0282,0.0,0.109556,0.0493205,0.03905402,04,True,False
2023-24,2024-04-27,Vermont,0,0.9484671950340271,0.7191322982311249,1.2293135046958925,0.24035969376564026,0.07151176631450655,0.4448501169681549,29.635594367980957,20.603591918945312,39.22559661865235,0.14278438687324524,0.08689927160739899,0.2067480832338333,15.658342361450195,10.472746849060059,21.061796188354492,0.05034792795777321,0.014879344031214714,0.09677083045244217,0.0381,0.0,0.10836241,0.05524234,0.04308196,04,True,False
2023-24,2024-04-27,Vermont,1,1.0237877368927002,0.8028723299503326,1.3213364720344545,0.18968310952186584,0.03932759128510952,0.3994891762733462,28.578774452209473,19.081222534179688,38.053948974609376,0.12193983793258667,0.07112730517983437,0.1760077178478241,16.071195602416992,10.725366592407227,21.616827774047852,0.04867182672023773,0.012847975827753544,0.10233890265226364,0.0501,0.0,0.11250122,0.05503905,0.0437605,04,True,False
2023-24,2024-04-27,Vermont,2,1.019842505455017,0.802161055803299,1.3021977543830872,0.19548793137073517,0.0386134646832943,0.4135301560163498,30.012405395507812,20.08402442932129,39.74611206054688,0.11367335915565491,0.0715505100786686,0.15970218181610107,15.755132675170898,10.344197177886963,21.420839309692383,0.050535205751657486,0.014082625601440668,0.10022123157978058,0.0366,0.0,0.11277822,0.05647529,0.04493781,04,True,False
2023-24,2024-04-27,Wyoming,0,1.185466706752777,0.8411192238330841,1.839406490325928,0.300492525100708,0.08624894469976427,0.5430855453014375,30.667092323303223,22.670092964172362,39.36275787353516,0.16436758637428284,0.09159032255411148,0.2457480788230896,14.713755130767822,9.438478755950928,19.939726829528812,0.07127340137958527,0.01760365925729275,0.14692720621824265,0.0462,0.0,0.11166096,0.08219353,0.06197152,04,True,False
2023-24,2024-04-27,Wyoming,1,1.2057084441184998,0.7694777071475983,1.9069259524345403,0.3394157290458679,0.13319981396198274,0.5608673095703125,32.13092803955078,24.764734840393068,40.98123741149902,0.15525759011507034,0.08990763947367668,0.23156548887491227,14.956382274627686,9.63740062713623,20.672113609313968,0.07111343741416931,0.01904112566262484,0.1408267691731453,0.0344,0.0,0.11060157,0.08097785,0.06023584,04,True,False
2023-24,2024-04-27,Wyoming,2,1.1228222250938416,0.7346704721450806,1.9447221755981448,0.32431402802467346,0.10170114412903787,0.5784673094749451,31.69529438018799,23.820363998413086,40.295249938964844,0.17512018233537674,0.09972042888402939,0.2624551802873612,15.65415096282959,9.478670024871827,22.254578399658204,0.07594864815473557,0.019186331145465377,0.15323479771614076,0.039,0.0,0.1113413,0.08649677,0.06442468,04,True,False
2024-25,2024-11-16,Alaska,0,1.111621379852295,0.7043485045433044,1.8762670755386353,0.41279327869415283,0.11927540525794031,0.719115138053894,25.94510555267334,11.534357547760012,40.14820861816406,0.09755618870258331,0.03285940736532211,0.18376988172531128,7.956478595733643,3.403306245803833,14.876286506652832,0.09365080669522285,0.018412034958600998,0.2060806006193161,0.0567,0.0,0.11388253,0.10992872,0.08193622,11,False,False
2024-25,2024-11-16,Alaska,1,1.1454523205757141,0.7385769844055177,1.8939645290374756,0.422054648399353,0.14225700497627258,0.753918331861496,27.50136375427246,11.189257621765137,42.216587448120116,0.09735894203186035,0.033965766057372095,0.18325171768665321,7.817136764526367,3.4658350944519043,14.815665245056152,0.08781426399946213,0.018872899934649467,0.1845274567604065,0.0487,0.0,0.10978426,0.10098078,0.07522388,11,False,False
2024-25,2024-11-16,Alaska,2,1.065004587173462,0.7115417718887329,1.806147825717926,0.38828176259994507,0.11778529584407808,0.6832097768783569,24.80554485321045,10.775103569030762,38.96673965454102,0.07681021839380264,0.02592914178967476,0.15060275048017502,8.05836009979248,3.4801337718963623,15.832262992858887,0.09656186401844025,0.019018342159688475,0.21336413174867633,0.053,0.0,0.11420348,0.10864357,0.08027234,11,False,False
2024-25,2024-11-16,California,0,0.9963595271110535,0.6685733795166016,1.8832597732543945,0.459062784910202,0.17849299311637878,0.7228376269340515,20.292823791503906,9.924113273620605,36.79039764404297,0.04437660053372383,0.020837506838142877,0.07061258628964424,12.779406547546387,6.795754003524781,20.338329315185547,0.09519905596971512,0.01853435542434454,0.20593684911727905,0.0571,0.0,0.11470378,0.10832038,0.07555782,11,False,False
2024-25,2024-11-16,California,1,1.138257622718811,0.7419502139091492,1.939927339553833,0.40827658772468567,0.11259347572922707,0.7158387303352356,24.099809646606445,10.784753608703614,38.23428726196289,0.04487532377243042,0.02253322210162878,0.07109172195196152,16.900287628173828,8.695774745941163,26.402782440185547,0.08969366550445557,0.018402581103146083,0.19399294257164001,0.0512,0.0,0.11112373,0.1054618,0.07589584,11,False,False
2024-25,2024-11-16,California,2,1.1595823764801025,0.741142213344574,1.863120198249817,0.40290725231170654,0.11897048652172089,0.7058798670768738,25.64574432373047,12.911640357971194,38.413265228271484,0.044087544083595276,0.021255401894450188,0.07273390144109726,12.605764389038086,6.864114761352539,19.080358505249023,0.08824367821216583,0.014626320451498032,0.20690077543258667,0.0587,0.0,0.10939786,0.10682446,0.07794821,11,False,False
2024-25,2024-11-16,New York,0,0.9677411913871765,0.6456109881401062,1.603424406051636,0.4792855978012085,0.18431119322776796,0.7448458671569824,21.678035736083984,11.331649017333985,33.76765441894531,0.04041989520192146,0.014174696058034897,0.07538559660315514,7.999330520629883,3.1679226160049443,15.457837963104252,0.10265954211354256,0.020621892437338838,0.21811464428901672,0.0505,0.0,0.11139999,0.11972121,0.08890189,11,False,False
2024-25,2024-11-16,New York,1,1.0859125256538391,0.706429409980774,1.7871538519859322,0.47405873239040375,0.18992097675800323,0.7503488659858704,24.420817375183105,12.077690124511719,37.173837280273446,0.04176832549273968,0.013545496389269829,0.08254936337471008,8.114021301269531,3.268254518508911,15.625164985656758,0.10933388769626617,0.026016593538224702,0.22774113714694977,0.0398,0.0005,0.11167109,0.12452755,0.09203166,11,False,False
2024-25,2024-11-16,New York,2,1.1156888604164124,0.6869222521781921,1.8076999187469482,0.4655122607946396,0.15394430309534074,0.7724718451499939,24.64807891845703,12.395671558380126,35.69059753417969,0.0407103281468153,0.011098564602434635,0.08097385466098786,8.641091346740723,3.338109016418457,16.60434322357178,0.11170268058776855,0.022439274936914444,0.2340030074119568,0.0454,0.0,0.11144994,0.12892616,0.09411304,11,False,False
2024-25,2024-11-16,Pennsylvania,0,1.0412762761116028,0.7264560461044312,1.9057708978652954,0.3756330609321594,0.14493334293365479,0.6954050183296204,22.26518154144287,8.308680057525637,39.234413146972656,0.05451953783631325,0.02215302847325802,0.09137732833623889,3.0751103162765503,1.2842464923858645,7.872207307815552,0.08013205975294113,0.013687133137136698,0.18527307063341142,0.0643,0.0,0.11118137,0.09859316,0.07213714,11,False,False
2024-25,2024-11-16,Pennsylvania,1,1.21596097946167,0.8134979486465455,2.0687895536422736,0.3442870080471039,0.0349550422281027,0.7169051170349121,28.862409591674805,13.297379493713379,39.453290176391604,0.03887583687901497,0.01166351428255439,0.08119438588619232,9.88277816772461,3.1620895862579346,19.76364517211914,0.06685834005475044,0.010807504504919057,0.15619680136442185,0.0723,0.0,0.11095683,0.08326184,0.06223686,11,False,False
2024-25,2024-11-16,Pennsylvania,2,1.2634285688400269,0.832770824432373,2.221973419189453,0.3486317992210388,0.04907957501709462,0.703732967376709,24.375150680541992,10.249931812286377,41.364925384521484,0.0366777740418911,0.011749984696507454,0.08528523445129402,7.707651138305664,2.6817290782928467,16.66472625732422,0.0890347883105278,0.026172656565904617,0.15830731689929964,0.0286,0.0,0.11400844,0.09531497,0.07178191,11,False,False
2024-25,2024-11-16,Vermont,0,1.1103909015655518,0.6996625065803528,2.062070274353029,0.5954651534557343,0.3041136860847473,0.8548921704292299,21.873414993286133,13.352472114562989,31.188201904296875,0.034350235015153885,0.007681440562009811,0.08002398088574414,3.4015692472457886,0.5669955193996431,8.653789520263672,0.13704879581928253,0.03749586157500745,0.2822236120700836,0.0324,0.0009,0.11317825,0.14297396,0.09962053,11,False,False
2024-25,2024-11-16,Vermont,1,1.1561715602874756,0.6778862476348877,2.0020365715026855,0.6000073552131653,0.2999725341796875,0.8595389127731323,22.102476119995117,12.538553237915039,31.930742263793945,0.03449184633791447,0.007391408085823059,0.0778295859694481,3.4241936206817627,0.5678607225418091,8.47226619720459,0.12541574239730835,0.028356146067380905,0.26430168747901917,0.0437,0.0003,0.11158047,0.13437193,0.0930924,11,False,False
2024-25,2024-11-16,Vermont,2,1.1412784457206726,0.7054218053817749,2.016711950302124,0.620441198348999,0.31011066138744353,0.8818843841552736,22.334484100341797,14.476567268371582,32.33352279663086,0.0380290262401104,0.008367648255079985,0.0853208601474762,3.976027250289917,0.610064685344696,9.869337940216067,0.12808725237846375,0.02837120182812214,0.2636836767196655,0.0431,0.0005,0.11184366,0.13742459,0.09387336,11,False,False
2024-25,2024-11-16,Wyoming,0,1.2514057159423828,0.7260724067687989,2.194122791290283,0.5033625066280365,0.1888271182775498,0.8160851657390594,24.565120697021484,11.258666515350344,38.62396507263184,0.036468908190727234,0.005563336052000523,0.08755823373794555,3.468092203140259,0.5467989206314087,14.099164962768555,0.11370453238487244,0.023202768340706826,0.2443660944700241,0.0464,0.0,0.11070714,0.12757167,0.08977796,11,False,False
2024-25,2024-11-16,Wyoming,1,1.2503050565719604,0.7146868705749512,2.1448827505111705,0.46214912831783295,0.17600399553775786,0.739170777797699,22.928741455078125,10.896978092193605,35.844181060791016,0.02915475331246853,0.006194745935499669,0.07646796852350235,3.349435329437256,0.633493846654892,11.878663349151621,0.11666034162044525,0.03018099255859852,0.22598826140165335,0.033,0.0008,0.10990246,0.12759249,0.09232774,11,False,False
2024-25,2024-11-16,Wyoming,2,1.283930778503418,0.7481726408004761,2.300499510765076,0.4899741858243942,0.20097073912620544,0.7552738785743713,24.358811378479004,12.667487144470215,36.18720245361328,0.029531745240092278,0.005890695005655289,0.07587787210941314,3.533272862434387,0.6478983163833619,14.15329647064209,0.11587533354759216,0.021608999930322174,0.24252238869667062,0.0542,0.0,0.11316036,0.13131087,0.09282175,11,False,False
2024-25,2024-11-30,Alaska,0,1.0173712968826294,0.6659788489341736,1.7876027822494507,0.3706013262271881,0.09749742448329929,0.6781139433383943,25.25102424621582,10.589385890960694,39.98645553588867,0.10511330515146255,0.04108402132987976,0.19348431527614599,8.553425312042236,3.925287413597107,15.288252639770509,0.09931208193302155,0.017372994311153897,0.2175736278295517,0.059,0.0,0.1121887,0.11873389,0.08475789,11,False,False
2024-25,2024-11-30,Alaska,1,1.00327467918396,0.6628901958465576,1.696342945098877,0.37617120146751404,0.11041867733001709,0.6873716711997986,24.70937728881836,9.926199913024902,39.317115783691406,0.11658918112516403,0.04627489186823368,0.2114109992980957,8.655595779418945,4.005350589752197,15.099252128601075,0.09990522265434265,0.022233664058148864,0.20576982051134116,0.0423,0.0,0.11341217,0.11506232,0.08168596,11,False,False
2024-25,2024-11-30,Alaska,2,1.0706644654273987,0.6624208092689514,1.7505561232566837,0.40295200049877167,0.1315128192305565,0.6943590700626374,28.431973457336426,12.334525012969971,42.340412902832036,0.11868540942668915,0.04741194620728493,0.20722660422325134,8.219221591949463,3.9020073652267464,14.769686794281007,0.09062426537275314,0.015996182337403297,0.20411163568496704,0.0561,0.0,0.11319479,0.10860549,0.07936237,11,False,False
2024-25,2024-11-30,California,0,1.06673002243042,0.7271189868450165,1.6725006103515625,0.3510829210281372,0.10988354012370109,0.6495254039764404,24.031822204589844,11.23814868927002,39.10710067749024,0.06580069661140442,0.03680027984082699,0.09977936744689941,16.73252296447754,9.129599571228027,25.852924346923828,0.07206972315907478,0.01511183474212885,0.15178686231374755,0.0574,0.0,0.11304783,0.08329551,0.06442268,11,False,False
2024-25,2024-11-30,California,1,0.9824177026748657,0.7213115811347962,1.37856924533844,0.33466412127017975,0.10509380772709848,0.5958893895149231,20.861862182617188,11.593657493591309,34.29454040527344,0.05897213891148567,0.03261382430791855,0.08944566249847412,18.720441818237305,10.95109806060791,28.25016975402832,0.06649646535515785,0.013594874180853367,0.14361786842346191,0.0597,0.0,0.11166215,0.07825005,0.06019937,11,False,False
2024-25,2024-11-30,California,2,1.0420557260513306,0.7376479864120483,1.502187967300415,0.3161725103855133,0.07055400311946869,0.6024335622787476,22.190526962280273,10.529486560821534,39.5491943359375,0.060098253190517426,0.03476468101143837,0.08745127394795418,18.306133270263672,10.326225280761719,26.86867675781252,0.06925848126411438,0.014913746155798435,0.15142556428909312,0.0519,0.0,0.11309213,0.08403928,0.06495131,11,False,False
2024-25,2024-11-30,New York,0,0.9946110248565674,0.6629578471183777,1.5193982124328613,0.38880254328250885,0.11646504700183868,0.6898550987243652,23.272113800048828,10.852934837341309,36.98257713317871,0.05797252058982849,0.024647276476025583,0.10438443720340729,10.996110916137695,5.117317199707031,18.85678215026856,0.0952991470694542,0.022416594438254837,0.21093599498271942,0.0406,0.0,0.11406486,0.11324658,0.0819419,11,False,False
2024-25,2024-11-30,New York,1,1.0040134191513062,0.6772610545158386,1.6427290439605713,0.44122305512428284,0.1674906462430954,0.7089772582054138,25.53262710571289,13.329161071777346,37.65078964233398,0.05500895902514458,0.022618804313242435,0.09699119627475739,10.029626846313477,4.866462230682373,16.89590835571289,0.09028830379247665,0.014845089986920357,0.20700855553150177,0.0643,0.0002,0.11209224,0.10932474,0.08061154,11,False,False
2024-25,2024-11-30,New York,2,0.9686166942119598,0.6473221838474273,1.6850048303604126,0.47110792994499207,0.1800057291984558,0.7213839232921601,24.347665786743164,11.476171016693115,38.9697006225586,0.06808061897754669,0.026623546332120898,0.12618713080883026,12.14880657196045,5.530352497100831,20.897932052612315,0.09784374013543129,0.022384993918240077,0.21093031764030457,0.0472,0.0,0.11048633,0.11309904,0.08118102,11,False,False
2024-25,2024-11-30,Pennsylvania,0,1.123194694519043,0.8040625214576721,2.3574025630950928,0.2505362331867218,0.04556101635098458,0.6362402439117432,22.17886734008789,10.414795875549316,35.88998985290528,0.038038112223148346,0.018038403242826462,0.07364843264222146,12.251495361328125,4.388224124908447,25.539047241210938,0.07782391458749771,0.018824780359864235,0.16318501979112632,0.0413,0.0,0.11102383,0.08980237,0.06478967,11,False,False
2024-25,2024-11-30,Pennsylvania,1,1.1325430274009705,0.8885489165782928,1.4409048557281494,0.16902296245098114,0.008151907473802567,0.5083150267601013,35.404001235961914,18.94936275482178,45.33149719238281,0.05074334889650345,0.027114776894450188,0.09496797174215318,15.504849433898926,3.8703062295913697,25.510068893432617,0.04413468390703201,0.004999999888241291,0.12491533756256105,0.1181,0.0,0.1128606,0.06675984,0.05042375,11,False,False
2024-25,2024-11-30,Pennsylvania,2,1.058548927307129,0.701454758644104,2.383955478668213,0.47884881496429443,0.1821310967206955,0.8131971240043641,26.681859970092773,10.409820556640625,43.27202224731445,0.0419490709900856,0.017546260356903078,0.08026011660695079,11.69481372833252,4.632472038269043,22.756820678710938,0.08079098910093307,0.020438705570995815,0.1536422073841095,0.0377,0.0,0.11265267,0.08704801,0.06418516,11,False,False
2024-25,2024-11-30,Vermont,0,0.9788560569286346,0.6473225951194763,1.7651555657386786,0.5343756973743439,0.250011856853962,0.8162961184978486,23.417654037475586,13.268364620208741,33.659689331054686,0.03307969123125076,0.005357218440622091,0.0755380317568779,4.137952089309692,0.556371694803238,11.042001628875736,0.11731486395001411,0.024980968050658702,0.243704691529274,0.0444,0.0001,0.112741,0.13282542,0.09359486,11,False,False
2024-25,2024-11-30,Vermont,1,1.0013096332550049,0.6368826329708099,1.7982253074646,0.5698028206825256,0.2816392779350281,0.8305422246456147,23.787158012390137,13.912172317504883,33.987213134765625,0.037375714629888535,0.004254505969583988,0.08500206172466278,4.262016534805298,0.5295126080513004,11.876569747924805,0.12091690674424171,0.02646378129720688,0.2603955864906311,0.0453,0.0001,0.11493772,0.14009768,0.09871984,11,False,False
2024-25,2024-11-30,Vermont,2,0.9940178394317627,0.6293972730636597,1.8172492980957031,0.5477191209793091,0.28318674564361573,0.8104268312454225,23.51481056213379,13.550162982940673,33.69379425048828,0.03539848513901234,0.004596758633852005,0.0753703683614731,3.5137875080108643,0.5335787177085878,9.23823356628418,0.12508216500282288,0.02498641610145569,0.264019250869751,0.0456,0.0007,0.10871855,0.14276644,0.09878549,11,False,False
2024-25,2024-11-30,Wyoming,0,1.1359666585922241,0.6881600618362427,2.0370395660400393,0.4098207950592041,0.1447133168578148,0.683100700378418,24.047014236450195,9.983491325378418,39.70900344848633,0.04100826196372509,0.00764059815555811,0.10365002974867822,7.046064376831055,2.2542755126953127,17.044578552246097,0.11191453039646149,0.030270363017916684,0.2309008851647377,0.0354,0.0,0.11276079,0.12134804,0.08697206,11,False,False
2024-25,2024-11-30,Wyoming,1,1.0701069235801697,0.6850391030311584,1.928099620342255,0.4092262089252472,0.13292736709117892,0.7015506267547608,23.71415901184082,9.965958595275879,37.22087669372559,0.038172872737050056,0.00892103658989072,0.08690275996923447,6.074329614639282,1.8487588524818428,16.163087463378908,0.09674388915300369,0.021904416382312775,0.1961298868060112,0.0437,0.0,0.11067564,0.10529794,0.07854722,11,False,False
2024-25,2024-11-30,Wyoming,2,1.1329433917999268,0.6843139111995697,2.0745744466781617,0.42754891514778137,0.15596598088741304,0.7084807753562927,25.89931297302246,10.987317085266113,40.444112396240236,0.040582915768027306,0.00985515397042036,0.09240635186433792,6.510753154754639,2.0413267850875854,16.614930725097658,0.10800690948963165,0.023097955994307997,0.23064349442720422,0.0478,0.0,0.11208209,0.11921081,0.08714597,11,False,False
2024-25,2024-12-14,Alaska,0,1.1406490802764893,0.7449997544288636,1.908010590076447,0.3825388699769974,0.11998620778322223,0.6714775562286377,28.361772537231445,14.562947273254395,41.22401351928711,0.1266113966703415,0.06154343821108342,0.21826822459697723,8.571863174438477,4.429318571090699,13.997066879272461,0.08801064640283585,0.018468506634235382,0.18119476735591888,0.049,0.0,0.10803752,0.10005286,0.07446177,12,False,False
2024-25,2024-12-14,Alaska,1,1.116567850112915,0.7670893847942353,1.7718767523765564,0.3558899462223053,0.11124407425522806,0.6376916050910951,27.958133697509766,13.70122013092041,43.22088623046875,0.13959254324436188,0.06776230186223985,0.24420233219861984,8.664665222167969,4.287950038909912,14.682804107666017,0.09197165817022324,0.018065423145890238,0.19016927480697632,0.0536,0.0,0.11116685,0.10406143,0.07678795,12,False,False
2024-25,2024-12-14,Alaska,2,1.076101303100586,0.7645175635814667,1.6753746986389162,0.3336561322212219,0.09911740943789482,0.617885947227478,26.204286575317383,13.763437938690188,39.660348892211914,0.12116573378443718,0.05957384780049324,0.20153678953647614,9.236544609069824,4.7248505592346195,14.866201400756838,0.08596628159284592,0.017538340762257576,0.17845214605331422,0.0501,0.0,0.10935135,0.10054813,0.074754,12,False,False
2024-25,2024-12-14,California,0,1.1129628419876099,0.7953467249870301,1.392712950706482,0.21676833927631378,0.029132722131907957,0.5165629386901855,26.699275970458984,14.719825553894044,38.377498626708984,0.07699282467365265,0.04408799856901169,0.11375100165605545,16.21803569793701,9.653248310089111,23.229423141479494,0.0529349111020565,0.012602759525179863,0.114219792932272,0.052,0.0,0.11142528,0.06262646,0.04874804,12,False,False
2024-25,2024-12-14,California,1,1.0787256956100464,0.8039762675762177,1.4637466669082644,0.25215229392051697,0.05530891194939613,0.5017045736312866,24.60248374938965,12.368599891662598,39.691341400146484,0.07975063472986221,0.04495285823941231,0.11862425431609155,18.69172477722168,11.554459571838379,26.596737289428713,0.05155371129512787,0.011127757839858532,0.11313067376613617,0.06,0.0,0.11124576,0.06045513,0.04681767,12,False,False
2024-25,2024-12-14,California,2,1.042137861251831,0.7249624729156494,1.4107545614242554,0.2767021954059601,0.061661962419748306,0.5785980701446534,22.393470764160156,10.782795047760011,39.51587104797364,0.07709265500307083,0.046888730674982074,0.11345069110393524,20.648561477661133,12.680866241455078,29.772621154785156,0.06071815825998783,0.012569926679134369,0.13077835440635682,0.0599,0.0,0.11356931,0.07256593,0.05629922,12,False,False
2024-25,2024-12-14,New York,0,1.0178700685501099,0.72391277551651,1.3626611232757568,0.3103582561016083,0.07898706421256066,0.5952903032302856,23.714616775512695,12.309015464782716,36.94224853515625,0.09406847506761551,0.047476042062044144,0.15783059149980547,12.828737258911133,6.773913049697877,21.925565719604492,0.07138486951589584,0.012876656372100115,0.1514441967010498,0.0664,0.0,0.11153557,0.08345635,0.06250364,12,False,False
2024-25,2024-12-14,New York,1,1.0252339839935303,0.6765937447547913,1.678194344043732,0.4084364175796509,0.12429192662239075,0.6876384019851685,24.959836959838867,12.31591510772705,40.235923767089844,0.08955733478069305,0.04368336498737335,0.15082070231437683,12.870652198791504,6.477791786193848,22.184125328063995,0.08307359367609024,0.017804302275180817,0.17695352435112,0.0508,0.0,0.1099712,0.09555015,0.06988233,12,False,False
2024-25,2024-12-14,New York,2,1.0421535968780518,0.7045217752456665,1.603080153465271,0.36081939935684204,0.09141303375363352,0.6760788023471833,25.13741683959961,12.98333740234375,39.22177505493164,0.10271750390529633,0.05277916043996811,0.16519248485565188,12.211979866027832,6.431234693527221,19.700864791870117,0.09019413590431213,0.020160755142569542,0.18720655143260956,0.0506,0.0,0.11263246,0.10402465,0.07758391,12,False,False
2024-25,2024-12-14,Pennsylvania,0,1.058985710144043,0.8908723592758179,1.459939420223237,0.3267415761947632,0.13724874109029772,0.5442044854164124,22.68421459197998,15.217707538604737,32.48444862365723,0.04546146094799042,0.023383324779570103,0.07565083354711533,16.329875946044922,8.09621810913086,25.419149971008302,0.060034628957509995,0.014956464711576701,0.12341517210006714,0.0459,0.0,0.11034019,0.06780438,0.05248203,12,False,False
2024-25,2024-12-14,Pennsylvania,1,1.2337883710861206,1.092949891090393,1.4514503479003906,0.09062913060188293,0.0,0.2733487129211427,33.09825134277344,20.246319198608397,47.19460678100586,0.04537448659539223,0.027880946174263954,0.06711234971880914,10.945738792419434,6.027431488037109,17.632875442504883,0.04634936340153217,0.009602842107415199,0.10243950933218007,0.0653,0.0,0.11122078,0.0504925,0.03955128,12,False,False
2024-25,2024-12-14,Pennsylvania,2,1.1136907935142517,0.9196018874645233,1.7691798686981204,0.2835550308227539,0.10617358461022378,0.5019266605377197,23.191757202148438,14.228541278839112,35.7619743347168,0.04764682427048683,0.025657182559370995,0.08174029737710953,20.265426635742188,10.326421356201173,30.26573429107666,0.06380343809723854,0.015597576647996903,0.12662126123905182,0.0459,0.0,0.11144703,0.06624129,0.0519263,12,False,False
2024-25,2024-12-14,Vermont,0,0.9436558485031128,0.6291902363300323,1.7002668380737305,0.516987681388855,0.2404332011938095,0.7785249590873721,22.69300365447998,12.371164321899414,33.956390380859375,0.0351039357483387,0.007260751910507679,0.08276344463229186,3.063637375831604,0.39793068170547485,9.865524291992188,0.11799949407577515,0.025641968473792076,0.24187138974666597,0.0443,0.0009,0.11302086,0.13777893,0.09197161,12,False,False
2024-25,2024-12-14,Vermont,1,0.9709954559803009,0.6373304963111878,1.7118345499038696,0.5200948715209961,0.25667086541652684,0.7616145610809326,23.72650146484375,13.038939476013184,34.57761268615723,0.035691093653440475,0.006181280594319105,0.08564816415309906,2.875380516052246,0.38973330557346364,8.706611633300781,0.12629996240139008,0.03279956467449665,0.2552897036075592,0.0384,0.0003,0.11156662,0.14483288,0.09760039,12,False,False
2024-25,2024-12-14,Vermont,2,0.9307649731636047,0.613052487373352,1.6907665729522705,0.5256651341915131,0.23330401182174682,0.7761549949645996,22.51430606842041,13.320483303070068,34.2210807800293,0.03458913415670395,0.006966110318899155,0.07973324507474899,3.0068140029907227,0.3292781293392182,9.445154190063477,0.12739358097314835,0.031659443303942686,0.24999359101057056,0.0395,0.0,0.11163126,0.13901597,0.09338141,12,False,False
2024-25,2024-12-14,Wyoming,0,1.2136268615722656,0.7911213040351868,2.0843350887298584,0.43294066190719604,0.17451170086860657,0.702603280544281,24.737616539001465,13.739326477050781,36.799686431884766,0.07283517718315125,0.029911769926548003,0.1405983418226242,7.01914119720459,2.1892058849334717,16.940587997436523,0.10866560786962509,0.02966470457613468,0.2170373797416687,0.0339,0.0,0.11204446,0.1116098,0.07772958,12,False,False
2024-25,2024-12-14,Wyoming,1,1.242572009563446,0.7982763648033142,1.9429802894592285,0.44391965866088867,0.16047169268131256,0.7038851320743561,26.138944625854492,14.921155738830574,37.61973190307617,0.07856758683919907,0.02803860977292061,0.14990694820880893,6.5797014236450195,1.9664102792739868,13.814043998718262,0.10670699924230576,0.021343033760786057,0.21902090311050415,0.0473,0.0,0.11281536,0.11377772,0.08120635,12,False,False
2024-25,2024-12-14,Wyoming,2,1.2141270637512207,0.8344853579998017,1.9434974193572998,0.4040587842464447,0.1448554486036301,0.6791726231575017,25.854211807250977,15.404073429107667,37.051902770996094,0.07448598742485046,0.02946760132908821,0.14930962026119232,6.1929030418396,1.9105712175369263,15.155881595611575,0.0925726369023323,0.019724588841199875,0.2039201259613037,0.053,0.0,0.11245512,0.1007241,0.07286136,12,False,False
2024-25,2024-12-21,Alaska,0,0.9970500469207764,0.6431942582130432,1.6057891964912414,0.3728391230106354,0.10843250527977946,0.6472103595733643,27.568520545959473,13.198238372802734,42.61439895629883,0.1437983512878418,0.0624769687652588,0.24694037437438965,9.835070133209229,4.780648899078369,16.92317771911621,0.08016864210367203,0.019008474424481392,0.16226389706134803,0.0448,0.0,0.11240782,0.08817906,0.06495614,12,False,False
2024-25,2024-12-21,Alaska,1,0.9966988265514374,0.6914803206920624,1.5459272861480713,0.3285163342952728,0.09130092337727548,0.6079797863960267,27.38545322418213,13.03304386138916,42.28306579589844,0.1405450999736786,0.06435160338878632,0.2530798614025116,8.284242153167725,4.201686811447145,13.467938423156738,0.08212299272418022,0.015812524594366554,0.17899371683597565,0.0563,0.0,0.11148994,0.09343149,0.07154096,12,False,False
2024-25,2024-12-21,Alaska,2,0.9838303923606873,0.6570829629898072,1.5803845882415772,0.3635903298854828,0.09702213853597641,0.6406604945659639,26.68511199951172,12.165775394439699,42.349036407470706,0.14461372792720795,0.0632531315088272,0.2613242268562317,9.570089340209961,4.602896881103516,16.192625045776367,0.09274964779615402,0.02067377306520939,0.19733770191669464,0.0436,0.0,0.11007849,0.10270345,0.0758123,12,False,False
2024-25,2024-12-21,California,0,1.1236439943313599,0.8534356415271759,1.4499503374099731,0.22406171262264252,0.04240432195365429,0.4827173054218292,26.558902740478516,15.449682331085205,38.40670890808106,0.09158307313919067,0.05565282627940178,0.13302400708198547,20.5189151763916,12.60299243927002,29.824657440185547,0.051139965653419495,0.011749550420790913,0.10916880518198013,0.0587,0.0,0.11060696,0.06127613,0.04754572,12,False,False
2024-25,2024-12-21,California,1,1.152024269104004,0.8744748711585999,1.6197303533554077,0.24462784826755524,0.05100473761558533,0.5380608439445496,28.648420333862305,15.521706581115723,41.501670837402344,0.09218281880021095,0.054763286188244824,0.1351345181465149,20.99333095550537,13.183742237091066,28.73911876678467,0.05248732678592205,0.011803683824837208,0.10827315598726273,0.0537,0.0,0.11431986,0.05989685,0.04658948,12,False,False
2024-25,2024-12-21,California,2,1.1198906898498535,0.8947305023670197,1.3912334322929385,0.19227543473243713,0.03198974207043648,0.42257604002952576,25.19818687438965,12.962011337280273,39.22495269775391,0.091142438352108,0.05403191223740578,0.13509982228279113,20.35488986968994,13.167162513732912,28.647543334960936,0.05134173482656479,0.011279804818332196,0.11001076474785808,0.0574,0.0,0.11247986,0.06052509,0.04751498,12,False,False
2024-25,2024-12-21,New York,0,1.0284199118614197,0.7094630599021912,1.4530038118362434,0.3259769231081009,0.08535606414079666,0.6555739820003511,23.430270195007324,12.385991191864013,38.470391082763676,0.1279386579990387,0.06357165575027467,0.21042987704277039,12.70383358001709,7.210968732833862,19.053599166870118,0.07967869937419891,0.016990680247545242,0.16668316870927816,0.0528,0.0,0.11205529,0.09389969,0.07073662,12,False,False
2024-25,2024-12-21,New York,1,1.0289446711540222,0.7342246770858765,1.5132008075714112,0.3302750736474991,0.09578566849231723,0.6252573728561401,23.77053451538086,13.045477294921875,38.161784744262704,0.12379565834999084,0.0651218593120575,0.20188740342855457,13.86580514907837,7.437476873397827,21.846483230590827,0.07850589603185654,0.01574927531182766,0.16878986358642584,0.0528,0.0,0.11253273,0.0929419,0.06930769,12,False,False
2024-25,2024-12-21,New York,2,1.094398558139801,0.7577340006828308,1.7242925882339484,0.3460998386144638,0.0990938611328602,0.6559388279914856,27.56458282470703,13.542543983459474,42.00436630249024,0.15058814734220505,0.07866422086954117,0.23426586389541626,12.892284393310547,6.97359037399292,19.942119598388672,0.08143923059105873,0.016439197584986687,0.1687929481267929,0.0543,0.0,0.11084595,0.09605596,0.07196116,12,False,False
2024-25,2024-12-21,Pennsylvania,0,1.0107744932174683,0.8057804703712463,1.3676162958145142,0.3320613503456116,0.09094148129224777,0.5812466859817506,21.61594009399414,15.104216480255129,29.84073848724365,0.05142492055892944,0.028454753570258617,0.08217514529824259,19.3428373336792,10.320219039916992,28.56511878967285,0.07211551070213318,0.020739443600177765,0.1357441395521164,0.0319,0.0,0.11002718,0.07923707,0.06279786,12,False,False
2024-25,2024-12-21,Pennsylvania,1,0.9089937806129456,0.7681026041507721,1.2008333206176758,0.3881322145462036,0.1970422551035881,0.5376110494136811,20.038321495056152,13.66264820098877,30.148491287231455,0.05859161727130413,0.03322873711585999,0.0980266310274601,14.711878776550293,8.10776424407959,21.037691116333008,0.059389710426330566,0.017635434865951538,0.10852900668978692,0.0322,0.0,0.11220895,0.06392511,0.04984489,12,False,False
2024-25,2024-12-21,Pennsylvania,2,1.2731202840805054,0.9950418710708618,1.7350327968597412,0.19288270175457,0.024727737344801434,0.43400631844997417,32.78287315368652,20.01309280395508,45.440223693847656,0.05516417697072029,0.030584222078323363,0.09542350620031358,12.107221603393555,5.392191648483276,21.08438243865967,0.06598708033561707,0.020076792128384115,0.12519857585430147,0.0323,0.0,0.11095932,0.07276686,0.05702493,12,False,False
2024-25,2024-12-21,Vermont,0,0.9297760725021362,0.6214985191822052,1.6578477859497072,0.4878279119729996,0.18692107051610946,0.7463189959526062,23.03231906890869,13.303306579589844,34.883752059936526,0.03079707082360983,0.007510010106489063,0.07282868027687073,4.302123308181763,1.119407403469086,12.119163513183594,0.12642286717891693,0.03148755021393299,0.24678276479244232,0.0316,0.0002,0.11483226,0.14026935,0.10096147,12,False,False
2024-25,2024-12-21,Vermont,1,0.9302847385406494,0.6340864896774292,1.54831862449646,0.4834078252315521,0.2145429909229279,0.7496811151504517,23.44166851043701,13.544957160949707,34.62334175109864,0.040666062384843826,0.00796836419031024,0.09547968208789825,4.470325231552124,1.1399530410766603,11.375176429748535,0.11293405666947365,0.02644906733185053,0.2232636660337448,0.0407,0.0002,0.10946278,0.12749881,0.09060575,12,False,False
2024-25,2024-12-21,Vermont,2,0.9430637359619141,0.6342125058174133,1.644646406173706,0.48175597190856934,0.19938756823539733,0.7509071171283722,23.470319747924805,13.314831352233888,34.847557067871094,0.037982840090990067,0.007837753742933273,0.08627659976482392,5.181193828582764,1.2254850625991822,12.920588588714603,0.12269581109285355,0.030016830936074268,0.24337463080883026,0.0347,0.0,0.11190817,0.13779314,0.10022944,12,False,False
2024-25,2024-12-21,Wyoming,0,1.1268323063850403,0.7264072299003601,1.908361554145813,0.3738695979118347,0.1137036681175232,0.6922534704208374,26.14881706237793,14.08394775390625,38.93962860107422,0.05620170384645462,0.008903732430189857,0.13947880417108538,4.724846363067627,1.0781059265136719,13.305624008178711,0.08762873709201813,0.018920261412858963,0.1958170086145401,0.0578,0.0,0.1107173,0.10678606,0.07914942,12,False,False
2024-25,2024-12-21,Wyoming,1,1.053739845752716,0.6852214634418488,1.8738965511322025,0.3772772252559662,0.11689891666173935,0.6789532899856567,25.36170196533203,12.712472915649414,38.553001403808594,0.06018814072012901,0.01366127748042345,0.12749172747135162,4.103759288787842,1.1147971153259277,10.242924690246582,0.09936827421188354,0.024927498772740364,0.19677903503179553,0.0363,0.0,0.1117286,0.10668916,0.07975985,12,False,False
2024-25,2024-12-21,Wyoming,2,1.0721015930175781,0.718366265296936,1.7671322464942933,0.34932440519332886,0.09619642794132233,0.6238038957118988,24.301288604736328,11.680863571166993,37.42673873901367,0.06377080827951431,0.011853676289319992,0.1491670310497284,4.507964134216309,1.2111719846725464,11.473620414733887,0.08826135098934174,0.019412110000848772,0.17252422869205475,0.0503,0.0,0.11195133,0.10298998,0.07886137,12,False,False
2024-25,2024-12-28,Alaska,0,0.9301474690437317,0.6589391231536865,1.4548161029815674,0.3323208838701248,0.07560495212674141,0.6305012106895447,25.02924919128418,10.429819107055664,41.90417594909668,0.17403054982423782,0.07398580089211464,0.31190840899944305,9.385987281799316,4.833504676818848,15.646323204040527,0.08552582561969757,0.020781850442290306,0.17233768105506897,0.0397,0.0,0.11145789,0.09351047,0.0707265,12,False,False
2024-25,2024-12-28,Alaska,1,0.9702277779579163,0.6814459562301636,1.3566014289855957,0.2700287997722626,0.04449025504291058,0.5477069616317749,25.92803955078125,12.402565002441406,40.12158203125,0.14463885873556137,0.06410989910364151,0.2542408645153046,10.075109481811523,5.402586269378662,15.963379859924316,0.07048209011554718,0.014166757464408875,0.14878830760717396,0.0536,0.0,0.10791926,0.08032308,0.06100218,12,False,False
2024-25,2024-12-28,Alaska,2,0.9700332581996918,0.6621821999549866,1.4758961200714111,0.31463488936424255,0.05780963972210884,0.6150407254695892,27.427921295166016,11.433782482147217,42.92824211120606,0.15416523069143295,0.0670064389705658,0.28355637490749364,9.38296127319336,4.821677207946777,14.756199836730957,0.08356394246220589,0.017881406471133232,0.17296229153871537,0.0465,0.0,0.11037245,0.0942776,0.07117693,12,False,False
2024-25,2024-12-28,California,0,1.0826864838600159,0.8117375373840332,1.3192833304405216,0.20127881318330765,0.04201193526387215,0.46860623061656953,21.989054679870605,11.644237518310547,36.37754440307617,0.11312227323651314,0.06990379765629769,0.1617836058139801,20.335877418518066,13.340827941894531,27.725605010986328,0.050507694482803345,0.01206009453162551,0.10859407484531403,0.0532,0.0,0.11133874,0.05980097,0.04712682,12,False,False
2024-25,2024-12-28,California,1,1.1062278151512146,0.8892446160316467,1.2908904552459717,0.16785061359405518,0.026484156027436256,0.3780396282672882,21.80950164794922,11.776151752471923,34.88861618041992,0.10927688330411911,0.06582005321979523,0.15948322415351868,20.712169647216797,13.475957870483398,29.058596801757812,0.043847694993019104,0.010060202330350876,0.0900997415184975,0.0595,0.0,0.11269396,0.04971058,0.03934664,12,False,False
2024-25,2024-12-28,California,2,1.078930139541626,0.8379905223846436,1.2899436950683594,0.19669127464294434,0.03489116765558722,0.4499739706516266,21.91748809814453,11.665400505065918,37.149928665161134,0.11909026652574539,0.07742782682180405,0.1660556972026825,22.69460678100586,14.260729694366457,32.014207458496095,0.044294942170381546,0.008485516533255577,0.09429975599050522,0.0699,0.0,0.11209782,0.05245772,0.04270677,12,False,False
2024-25,2024-12-28,New York,0,1.021907389163971,0.7266246497631074,1.5505971670150758,0.38083937764167786,0.12415874898433688,0.6398873746395112,24.070730209350586,14.189899444580078,38.77892723083497,0.18719279021024704,0.09901239424943924,0.30667926967144016,13.803914070129395,7.497267723083496,20.992618560791016,0.08056678622961044,0.013846512418240309,0.17468069642782216,0.0646,0.0,0.11297544,0.09471659,0.07132563,12,False,False
2024-25,2024-12-28,New York,1,1.0850005149841309,0.7326204776763916,1.6098612546920776,0.3674686551094055,0.11536526679992676,0.6505908370018005,25.89139175415039,14.592928886413576,41.254902648925786,0.17383044958114624,0.09694468230009079,0.2803613543510437,14.181000709533691,7.740292072296143,21.568700790405273,0.07387281209230423,0.014584992546588188,0.1597343236207962,0.0586,0.0,0.11191376,0.08835412,0.06720036,12,False,False
2024-25,2024-12-28,New York,2,1.086228847503662,0.7520997285842895,1.5411720871925356,0.30605341494083405,0.08910965770483018,0.618351936340332,25.383960723876953,14.775684356689453,39.67425193786622,0.1790323257446289,0.09495967999100687,0.2943131119012833,15.55596399307251,8.896119976043703,23.662681579589844,0.08070728927850723,0.019230011850595474,0.15605450868606568,0.0431,0.0,0.11191574,0.08865895,0.06787354,12,False,False
2024-25,2024-12-28,Pennsylvania,0,1.3793646693229675,1.0481207370758057,1.698954463005066,0.3769451677799225,0.22038500010967255,0.5472952127456665,31.478914260864258,24.86987762451172,36.50080108642578,0.062259603291749954,0.03716907799243927,0.1007235199213028,15.677227020263672,8.932931900024414,22.914596557617188,0.04800720512866974,0.010124428197741508,0.10275750160217288,0.0629,0.0,0.11126163,0.05110561,0.04034341,12,False,False
2024-25,2024-12-28,Pennsylvania,1,1.36509108543396,1.05704665184021,1.7839454412460327,0.29901227355003357,0.13185353577136993,0.5153478384017944,30.042388916015625,19.25947303771973,38.29233932495117,0.06671740859746933,0.03687223047018051,0.11155880987644196,11.745929718017578,5.879644393920898,17.87935447692871,0.06318604946136475,0.01826372724026442,0.11794028431177139,0.0333,0.0,0.11317692,0.06023101,0.04764337,12,False,False
2024-25,2024-12-28,Pennsylvania,2,1.0309334993362427,0.7114822864532471,1.8443794250488281,0.5614608526229858,0.2697255313396454,0.8111475706100464,23.017719268798828,16.463992881774903,36.30504608154297,0.0751613937318325,0.04249012470245361,0.12817227840423584,13.760759353637695,6.7275573253631595,22.16155242919922,0.07934216409921646,0.027011826634407043,0.13928277939558031,0.0176,0.0,0.11056826,0.07092567,0.05375745,12,False,False
2024-25,2024-12-28,Vermont,0,0.9652154445648193,0.677812546491623,1.519026756286621,0.45213669538497925,0.19026328921318056,0.7303092122077943,23.56315040588379,14.46524715423584,36.18101119995117,0.05255551636219025,0.017689396999776362,0.10139056220650673,6.093080043792725,1.9467073082923891,13.242330455780031,0.09174076467752457,0.018784701824188232,0.18715053349733357,0.0551,0.0,0.11361935,0.10270933,0.07642678,12,False,False
2024-25,2024-12-28,Vermont,1,0.9752007722854614,0.6565366387367249,1.5105074167251589,0.47550657391548157,0.15744557976722717,0.7573054850101472,23.735036849975586,15.019525527954102,34.70089340209961,0.04575199447572231,0.016203527525067332,0.09284122660756111,5.396131992340088,1.772019863128662,12.01600456237793,0.11061562970280647,0.02824886329472065,0.21472284197807312,0.0346,0.0002,0.11302508,0.12167157,0.08760273,12,False,False
2024-25,2024-12-28,Vermont,2,0.98871248960495,0.6627881824970245,1.6702098846435547,0.4940167963504791,0.22970820218324667,0.7526082515716556,24.734529495239258,14.679658889770508,36.59247589111328,0.04589671827852726,0.015638930629938843,0.09550286829471588,5.319828033447266,1.7186418771743774,11.68659782409668,0.1070849783718586,0.02571389265358448,0.22528234124183655,0.0422,0.0,0.11236257,0.12074459,0.08676543,12,False,False
2024-25,2024-12-28,Wyoming,0,1.191232681274414,0.8188266873359681,1.9122825980186466,0.4312601685523987,0.16849840730428697,0.7171814560890198,27.29042339324951,17.241602897644043,37.62761306762695,0.12950794398784637,0.057605218887329106,0.22036144435405733,5.533295154571533,1.6977150440216064,11.320934867858892,0.09273480623960495,0.0215663118287921,0.1818806380033493,0.0414,0.0,0.11078186,0.098525,0.07201135,12,False,False
2024-25,2024-12-28,Wyoming,1,1.2253228425979614,0.8380782008171082,1.8976128101348877,0.4109594523906708,0.17432336509227753,0.6644788980484009,28.315349578857422,16.75378303527832,39.433258056640625,0.15664158761501312,0.06405238062143326,0.2827981114387512,5.205834865570068,1.6735754728317263,10.30675983428955,0.09075813740491867,0.01793360337615013,0.19057609140872955,0.056,0.0,0.11163519,0.0995869,0.07541739,12,False,False
2024-25,2024-12-28,Wyoming,2,1.1149370670318604,0.7719532251358032,1.9046014547348047,0.42862173914909363,0.1692823931574822,0.7350447893142701,24.36780548095703,15.011011123657227,38.09132766723633,0.14026828110218048,0.06166592165827753,0.24658269435167315,5.271220684051514,1.7611470222473145,11.325358390808105,0.10070493072271347,0.020976324938237666,0.2026025801897049,0.0461,0.0,0.11025344,0.11172383,0.08105163,12,False,False
2024-25,2025-01-11,Alaska,0,1.0277336835861206,0.7013171553611756,1.5105692148208618,0.3081965446472168,0.07340302690863612,0.5992262303829197,27.762344360351562,14.14222755432129,43.00776672363281,0.18071463704109192,0.07937714010477068,0.3132038712501526,8.638605117797852,4.467821693420411,14.247414112091068,0.07537997514009476,0.01627327688038349,0.16591711491346361,0.0609,0.0,0.10982976,0.09001423,0.06813636,01,False,True
2024-25,2025-01-11,Alaska,1,1.0219882726669312,0.6892659068107605,1.5958689451217651,0.3080456852912903,0.06887180358171463,0.6060361206531525,27.60457134246826,16.42366008758545,41.832889556884766,0.1548895239830017,0.06650208011269569,0.2712121903896332,8.233055114746094,4.40607213973999,12.864495658874514,0.06984281539916992,0.015656450763344765,0.14795829355716705,0.0514,0.0,0.1116223,0.08337348,0.06308061,01,False,True
2024-25,2025-01-11,Alaska,2,1.0620117783546448,0.7136797308921814,1.575875747203827,0.29709698259830475,0.06507490500807764,0.609793758392334,29.72616672515869,16.519863319396972,44.11029815673828,0.16375941038131714,0.07685424834489825,0.27795249223709106,9.771073341369629,5.02705192565918,15.111576080322267,0.07541633397340775,0.014725855737924577,0.16790524870157245,0.0589,0.0,0.11109496,0.09395993,0.07130683,01,False,True
2024-25,2025-01-11,California,0,1.0142463445663452,0.7907556891441345,1.2667278051376343,0.20384978502988815,0.0354708604514599,0.4395160973072052,23.28148078918457,10.941267013549805,41.31465530395508,0.14707070589065552,0.09247258231043816,0.20705333352088928,21.44834327697754,13.797982215881348,30.180574417114258,0.0497931893914938,0.012791775166988373,0.10166257619857788,0.0475,0.0,0.11174968,0.05447911,0.04314026,01,False,True
2024-25,2025-01-11,California,1,1.0280197262763977,0.8202517032623291,1.2424584746360778,0.1666320189833641,0.020200692117214203,0.38687947392463684,25.137937545776367,13.110403060913086,40.317543792724614,0.15859311819076538,0.09358354136347771,0.2338993206620217,22.872156143188477,14.412295627593995,31.299402236938477,0.04857473447918892,0.01215264080092311,0.09936898946762085,0.0453,0.0,0.11128508,0.0500659,0.04022662,01,False,True
2024-25,2025-01-11,California,2,1.0201968550682068,0.816406923532486,1.1936735272407533,0.1594511717557907,0.017716435715556145,0.37930219769477846,23.05307388305664,12.15812177658081,37.76487731933594,0.14397048950195312,0.0899871177971363,0.2122460901737213,24.020769119262695,15.989511489868164,31.931359863281255,0.044022081419825554,0.010397450067102909,0.09462714642286309,0.0615,0.0,0.11027023,0.04885813,0.03888359,01,False,True
2024-25,2025-01-11,New York,0,0.9983331561088562,0.6763736665248872,1.277143704891205,0.2640565484762192,0.059114228934049606,0.5850071310997009,23.73507308959961,13.063824653625488,39.13969955444336,0.20858317613601685,0.10534052774310113,0.3440258413553238,15.099091529846191,8.642700576782227,22.438184928894046,0.06227279454469681,0.011399122141301635,0.14070485830307017,0.0666,0.0,0.11064075,0.0713858,0.05409908,01,False,True
2024-25,2025-01-11,New York,1,0.9794471859931946,0.6954683184623719,1.337463140487671,0.29230183362960815,0.08512382954359055,0.5697864890098572,24.68749237060547,13.474140167236328,40.7318229675293,0.22298425436019897,0.1122279092669487,0.35997336208820346,15.758770942687988,8.389177131652833,24.5046184539795,0.06786450743675232,0.014393137767910957,0.14752036333084106,0.0523,0.0,0.111443,0.07434126,0.05701811,01,False,True
2024-25,2025-01-11,New York,2,1.0351197719573975,0.6800277233123779,1.512821078300476,0.31412482261657715,0.06498182639479641,0.6374519884586338,26.028935432434082,12.101841926574707,44.44548034667969,0.21884219348430634,0.10271121561527252,0.3719845443964005,14.17432689666748,8.371850490570068,20.02519416809082,0.08138137683272362,0.017335636541247368,0.16696950793266296,0.0496,0.0,0.11199171,0.08656577,0.06615647,01,False,True
2024-25,2025-01-11,Pennsylvania,0,1.2476075887680054,0.9242906212806702,1.7161778450012208,0.3061123490333557,0.08801069110631943,0.5463386178016664,32.07231140136719,22.7679443359375,41.42544097900391,0.10184542089700699,0.0557662658393383,0.17561206221580505,18.37069320678711,9.986032485961914,28.345590591430664,0.0731571614742279,0.02636488936841488,0.1262943297624588,0.0198,0.0,0.11075781,0.07372312,0.05873037,01,False,True
2024-25,2025-01-11,Pennsylvania,1,1.1132727265357971,0.9188603699207306,1.3603076934814453,0.2547801434993744,0.11502441763877869,0.41092780232429504,25.561187744140625,17.57988929748535,33.9199520111084,0.12208203971385956,0.06910745799541473,0.22046609222888947,16.86646842956543,9.36241626739502,25.185059547424327,0.06112092733383179,0.01937621831893921,0.1108156368136406,0.0252,0.0,0.10888905,0.06579072,0.05255801,01,False,True
2024-25,2025-01-11,Pennsylvania,2,1.2252719402313232,0.938906192779541,1.7541723251342773,0.23105894029140472,0.04576956480741501,0.4668741285800934,25.900127410888672,13.335662841796875,41.73520278930664,0.10840459913015366,0.05759165808558464,0.18234621584415436,20.261743545532227,10.987304782867431,30.933866500854492,0.09286388754844666,0.038057957962155345,0.1421724408864975,0.0106,0.0,0.11060372,0.09160682,0.07267981,01,False,True
2024-25,2025-01-11,Vermont,0,0.9067033529281616,0.6228057146072388,1.3496265411376953,0.4728609621524811,0.1843751221895218,0.7364557385444641,23.113953590393066,14.41486644744873,34.49284362792969,0.0604072529822588,0.025811145082116127,0.11311554163694382,7.770753860473633,3.3450396776199343,14.616415977478027,0.10349170491099358,0.025066852569580078,0.20264118015766147,0.0392,0.0,0.11256674,0.11299264,0.08363707,01,False,True
2024-25,2025-01-11,Vermont,1,0.9031861424446106,0.6261888742446899,1.3424982547760018,0.4596019387245178,0.17720980942249298,0.7331618070602417,22.529159545898438,14.662563514709474,34.90723419189453,0.05828557722270489,0.026530291885137558,0.10691650211811066,7.898138523101807,3.202162265777588,16.569105339050296,0.08966119587421417,0.021196728572249413,0.19342587888240814,0.0486,0.0,0.11203601,0.10439743,0.07635642,01,False,True
2024-25,2025-01-11,Vermont,2,0.9858143925666809,0.6761741220951081,1.4888957738876343,0.43800948560237885,0.16748316437005997,0.7004647254943848,24.19702434539795,14.298579502105714,37.28098678588867,0.0512019507586956,0.024171164259314537,0.10008972212672235,7.634570360183716,3.1988174676895147,13.941484451293945,0.09619622677564621,0.02029290609061718,0.19346221238374717,0.0463,0.0,0.11125746,0.10600598,0.07918148,01,False,True
2024-25,2025-01-11,Wyoming,0,1.1010688543319702,0.6924843788146973,1.7940747737884521,0.3616291582584381,0.10076043382287027,0.6309399008750916,26.47432518005371,14.02801513671875,40.74185829162598,0.17663413286209106,0.06484430953860283,0.3497115820646286,5.796263694763184,2.510443925857544,11.259403705596931,0.0968061313033104,0.027098155021667483,0.19314517080783844,0.0277,0.0,0.1124746,0.09791787,0.07425154,01,False,True
2024-25,2025-01-11,Wyoming,1,1.0546351671218872,0.6955093145370483,1.5575539112091066,0.351177915930748,0.10943958163261414,0.644553166627884,25.683090209960938,14.656967163085938,39.643644714355474,0.15729960799217224,0.0645400732755661,0.3227100670337677,5.912690162658691,2.491227865219116,11.85909652709961,0.09129662811756134,0.02380497641861439,0.1852131485939026,0.0368,0.0,0.11119128,0.09422456,0.07116987,01,False,True
2024-25,2025-01-11,Wyoming,2,1.0679029822349548,0.7585462331771851,1.5632312417030334,0.3301599770784378,0.09599099308252335,0.598648464679718,26.02014923095703,13.610868453979492,39.08257293701172,0.16018936783075333,0.06449217349290848,0.3142426282167435,5.728784084320068,2.408979964256287,11.129907989501957,0.0865519717335701,0.02456536889076233,0.15990367531776428,0.0309,0.0,0.11238273,0.09095906,0.07094507,01,False,True
2024-25,2025-01-25,Alaska,0,0.9257664084434509,0.6477634489536286,1.4251608848571777,0.3227755129337311,0.09264619648456573,0.6129709362983704,25.890085220336914,11.793908882141116,45.41831703186036,0.1873258501291275,0.08174700289964676,0.3347288221120835,10.294827938079834,5.52875623703003,15.723325729370117,0.08096878230571747,0.01989969238638878,0.16170719116926194,0.0414,0.0,0.10998923,0.08796736,0.06501571,01,False,True
2024-25,2025-01-25,Alaska,1,0.9327924847602844,0.6300841927528381,1.4871808290481567,0.3224292993545532,0.0875467285513878,0.5750452876091003,27.164432525634766,14.163969039916992,44.469467926025395,0.16207058727741241,0.06607156991958618,0.2746574878692627,9.280174255371094,5.296689987182617,14.633822441101074,0.08327872306108475,0.021708045154809952,0.17112948298454286,0.0357,0.0,0.1091001,0.08988104,0.06659855,01,False,True
2024-25,2025-01-25,Alaska,2,0.9503758549690247,0.6634485125541687,1.4497189283370973,0.2894037067890167,0.07116016000509262,0.5702099680900574,28.697345733642578,14.579670333862307,46.04102325439453,0.15116068720817566,0.06646743789315224,0.26434165239334106,9.33006763458252,5.2000816822052,14.308816909790039,0.07727212458848953,0.015829934924840937,0.16246192008256916,0.0513,0.0,0.11242909,0.08406135,0.06243518,01,False,True
2024-25,2025-01-25,California,0,1.0568211078643799,0.8724204897880554,1.2433860301971436,0.1396995708346367,0.016146876476705086,0.34688763320446014,25.1101016998291,12.895081520080566,40.58606452941895,0.19696581363677979,0.12087356299161911,0.2844254970550537,22.299001693725586,14.51602840423584,30.440231323242188,0.04268677905201912,0.011074185371398928,0.08612305670976639,0.055,0.0,0.11073284,0.04958911,0.03914238,01,False,True
2024-25,2025-01-25,California,1,1.0208243131637573,0.8032360255718232,1.2078248262405396,0.1526539921760559,0.01759852189570666,0.39884522557258606,26.39589500427246,15.345236778259277,40.24845886230469,0.21409836411476135,0.1326136440038681,0.3027312159538269,24.12730121612549,16.57549476623535,32.36593170166016,0.04709742218255997,0.011012580152601004,0.09778016805648804,0.0489,0.0,0.11209256,0.05527311,0.04240427,01,False,True
2024-25,2025-01-25,California,2,1.049733281135559,0.8054781556129456,1.2756588459014893,0.1772310510277748,0.02381552942097187,0.4156304061412813,26.840911865234375,14.4651460647583,42.510513687133795,0.19796930253505707,0.12497737333178521,0.28964394330978394,24.296663284301758,15.884477615356445,32.53989524841309,0.04282972775399685,0.010464821010828018,0.09206757694482803,0.0581,0.0,0.11043315,0.05002756,0.03959995,01,False,True
2024-25,2025-01-25,New York,0,0.9854876697063446,0.745999276638031,1.2803024053573608,0.25714313983917236,0.0634386293590069,0.49744534492492676,24.93236541748047,12.63106918334961,42.213722229003906,0.2640880346298218,0.14495709538459778,0.41005708277225494,17.608966827392578,10.568429183959962,25.40543556213379,0.0697607584297657,0.017010413110256195,0.13665801286697388,0.0383,0.0,0.11145669,0.07603946,0.06012865,01,False,True
2024-25,2025-01-25,New York,1,1.0093069076538086,0.7235007286071777,1.3365044713020324,0.24542075395584106,0.03873488716781142,0.5547171235084534,25.586149215698242,13.014924049377441,42.29730987548828,0.25248128175735474,0.13462551534175873,0.3978276550769806,15.065572261810303,9.492082023620606,20.562461853027344,0.06217504292726517,0.013794312253594398,0.13156548887491226,0.0516,0.0,0.1101554,0.07179078,0.05511005,01,False,True
2024-25,2025-01-25,New York,2,1.0235170722007751,0.7767462134361267,1.3470444798469543,0.22950847446918488,0.03627098724246025,0.4914049506187439,26.731314659118652,13.081038475036621,43.137857055664064,0.2999594509601593,0.14637329578399658,0.5240617394447327,13.613778114318848,8.551738166809082,19.54037094116211,0.05897299945354462,0.012218577787280083,0.12540994435548783,0.058,0.0,0.11359587,0.06711147,0.05182853,01,False,True
2024-25,2025-01-25,Pennsylvania,0,1.245987057685852,0.9920368194580079,1.6214768290519714,0.222042977809906,0.06883363425731659,0.3991467356681824,30.025659561157227,20.211442947387695,39.710540771484375,0.15212829411029816,0.10267352387309074,0.22498133927583702,18.027116775512695,11.283119201660156,24.68522014617921,0.08164327219128609,0.02034330554306507,0.15581871271133424,0.0401,0.0,0.11228576,0.09030115,0.0718294,01,False,True
2024-25,2025-01-25,Pennsylvania,1,1.2507445812225342,1.0709684371948243,1.6770583510398867,0.22721423208713531,0.07612202316522598,0.4224698841571808,33.125885009765625,25.865509033203125,42.69697570800781,0.15711259841918945,0.10760761052370071,0.2199690043926239,21.655115127563477,13.475300979614259,30.842103958129883,0.04239719361066818,0.013852049317210914,0.0772809237241745,0.0314,0.0,0.11137593,0.04550047,0.03560221,01,False,True
2024-25,2025-01-25,Pennsylvania,2,1.082877516746521,0.8823956310749054,1.538399159908295,0.30394046008586884,0.11381822675466538,0.5363864302635193,23.403364181518555,15.002292919158936,34.066104888916016,0.17039240151643753,0.11154264956712723,0.25503106713294993,25.191165924072266,15.18374719619751,34.91798400878906,0.06523366644978523,0.014293807558715343,0.139792799949646,0.0528,0.0,0.11284406,0.07633913,0.05934924,01,False,True
2024-25,2025-01-25,Vermont,0,0.9820441603660583,0.7083609104156494,1.3463598489761353,0.37414079904556274,0.13365286588668823,0.6489444971084595,23.632287979125977,15.663489437103275,34.69781494140625,0.07679110392928123,0.043687161058187485,0.12761762738227844,10.355797290802002,4.872397422790527,17.562618255615234,0.08272531628608704,0.01527271941304207,0.18655356764793396,0.0602,0.0,0.11400174,0.1010766,0.07481407,01,False,True
2024-25,2025-01-25,Vermont,1,0.9849089980125427,0.7034651637077332,1.3955520391464233,0.3874477446079254,0.13349238485097886,0.6639742255210876,24.367050170898438,16.84602642059326,34.26643943786622,0.06751581281423569,0.04018171541392803,0.10852904617786407,9.298799991607666,4.49942502975464,16.271804809570312,0.08091334998607635,0.01692771352827549,0.17524414062500002,0.0506,0.0,0.11210332,0.09606804,0.07222525,01,False,True
2024-25,2025-01-25,Vermont,2,0.9381924867630005,0.6664227962493896,1.3244030356407166,0.4195965826511383,0.16076441407203676,0.6915188431739813,23.53706169128418,16.017871475219728,34.2618522644043,0.08074865490198135,0.04465952999889851,0.13519419729709625,10.521760940551758,5.109285831451416,18.198955917358404,0.08626235648989677,0.0172510901466012,0.18350339829921722,0.0533,0.0,0.11412942,0.10096498,0.0732193,01,False,True
2024-25,2025-01-25,Wyoming,0,0.9741399586200714,0.6833490133285522,1.3884179949760438,0.33589479327201843,0.08608287647366525,0.6006103157997134,24.76183319091797,14.23767204284668,37.68903350830078,0.2509605437517166,0.1267356425523758,0.434250283241272,6.927255153656006,3.2141573429107666,12.385272026062012,0.08270207792520523,0.020554796606302266,0.16013249158859258,0.0356,0.0,0.11122814,0.09250813,0.06802053,01,False,True
2024-25,2025-01-25,Wyoming,1,1.0963410139083862,0.7542205452919006,1.7039780616760254,0.3276643306016922,0.08726409822702408,0.5882025361061096,28.178091049194336,15.943713188171387,41.29422378540039,0.21366305649280548,0.10993953049182892,0.4206711947917938,7.66704797744751,3.454347848892212,13.89517593383789,0.08070532977581024,0.017023608088493347,0.16683174669742584,0.054,0.0,0.11430944,0.09178063,0.06940413,01,False,True
2024-25,2025-01-25,Wyoming,2,1.0712291598320007,0.7024325132369995,1.7971456050872803,0.34908464550971985,0.0891554161906243,0.649858170747757,29.144556045532227,15.77332592010498,44.029158401489255,0.22773687541484833,0.11168327555060387,0.41271272897720357,7.879927396774292,3.5944112062454234,13.910380554199225,0.08665559440851212,0.020059050992131233,0.18120746761560444,0.0382,0.0,0.11391032,0.09875812,0.07255894,01,False,True
2024-25,2025-02-01,Alaska,0,0.9148218035697937,0.6534712910652161,1.337156367301941,0.2929147481918335,0.06658655703067783,0.5655887722969055,26.7424373626709,13.914727210998537,44.272083663940435,0.19932591170072556,0.0933172605931759,0.3441331088542938,10.652052879333496,5.919905328750611,17.125622749328617,0.07797152176499367,0.018218922615051272,0.1589800864458084,0.0444,0.0,0.11208651,0.08725925,0.0638964,02,False,False
2024-25,2025-02-01,Alaska,1,0.9395174384117126,0.6598056554794312,1.298668384552002,0.27152474224567413,0.057015090063214306,0.531447058916092,27.556042671203613,13.513815212249757,44.027654647827156,0.1951366662979126,0.09118264988064766,0.3303188711404802,9.967208862304688,5.820108175277711,14.646940803527833,0.08210176974534988,0.02058632355183363,0.15982660800218584,0.0408,0.0,0.11334677,0.09054112,0.06695908,02,False,False
2024-25,2025-02-01,Alaska,2,0.9523983597755432,0.6848709046840668,1.328173840045929,0.25948652625083923,0.05688680149614811,0.5268819034099579,31.810840606689453,17.50394630432129,45.6506763458252,0.20203833281993866,0.0920898512005806,0.3563984304666519,9.263772010803223,5.241800117492676,13.807167148590088,0.07536913454532623,0.019442104548215867,0.15026200711727142,0.0437,0.0,0.11027831,0.08429036,0.06187553,02,False,False
2024-25,2025-02-01,California,0,1.0287641882896423,0.8048701286315918,1.2377469539642334,0.15787406265735626,0.01247180150821805,0.41125234961509705,26.243239402770996,13.634850311279298,41.5958984375,0.2616872638463974,0.16834039986133575,0.3663598597049713,22.09450912475586,15.287490177154542,29.391620254516603,0.05032435059547424,0.012688827421516181,0.10291921123862267,0.05,0.0,0.11300328,0.05796635,0.04533866,02,False,False
2024-25,2025-02-01,California,1,1.0216916799545288,0.8310126662254333,1.2096505165100098,0.18011213839054108,0.026621230505406858,0.3873554766178131,25.308229446411133,13.96571969985962,40.37698516845703,0.24882439523935318,0.15655079036951064,0.34850224852561956,24.60842514038086,16.48966407775879,32.792941665649415,0.04391133971512318,0.012374430894851685,0.08477801829576492,0.0412,0.0,0.1113434,0.04850817,0.0386227,02,False,False
2024-25,2025-02-01,California,2,1.036397099494934,0.7800200819969177,1.2289124608039856,0.1757606491446495,0.024204609915614128,0.4322529733181,24.988178253173828,13.268853187561035,41.05682220458984,0.25055310130119324,0.1505689173936844,0.3640855848789215,22.813973426818848,15.392732620239258,30.356762886047367,0.04305506683886051,0.01132759675383568,0.08620145916938783,0.053,0.0,0.11107912,0.04924701,0.03896527,02,False,False
2024-25,2025-02-01,New York,0,1.0458436012268066,0.756219208240509,1.4351754188537598,0.25430548191070557,0.05493608936667443,0.5302682042121888,29.11644172668457,14.359700202941895,46.70652465820313,0.28155840933322906,0.158559350669384,0.41582608222961426,16.741073608398438,10.379724788665772,23.579915618896486,0.06889990344643593,0.016188949532806876,0.13727533072233203,0.0466,0.0,0.11258294,0.07870707,0.06048692,02,False,False
2024-25,2025-02-01,New York,1,0.9844879508018494,0.7288148105144501,1.3756900072097782,0.2837416082620621,0.06908988207578659,0.5350248336791992,26.025779724121094,13.810057830810548,42.93928756713868,0.2864479571580887,0.1574796736240387,0.4522727429866791,15.94813871383667,10.056053161621094,21.81206703186035,0.07188882306218147,0.01817065831273795,0.1494572475552559,0.0449,0.0,0.11209772,0.08311867,0.06433313,02,False,False
2024-25,2025-02-01,New York,2,1.0165413618087769,0.7601028084754944,1.26993887424469,0.2062387466430664,0.04215890169143677,0.4656278163194657,22.446617126464844,8.667974567413331,39.8025993347168,0.3281792104244232,0.185814505815506,0.49016266465187075,18.91141700744629,11.594834518432616,26.510089874267578,0.06646997109055519,0.016473673284053802,0.13605713844299316,0.0457,0.0,0.1123833,0.07444369,0.0569184,02,False,False
2024-25,2025-02-01,Pennsylvania,0,1.1557426452636719,0.8862677812576294,1.5296399593353271,0.2237870842218399,0.03572070449590683,0.5052849292755127,32.755008697509766,20.895915985107422,44.806209564208984,0.3080562949180603,0.18330310732126237,0.4801926970481873,16.471424102783203,10.415028190612793,22.511714935302734,0.048217812553048134,0.014267927035689354,0.09473644644021989,0.0358,0.0,0.1079182,0.05399349,0.04219451,02,False,False
2024-25,2025-02-01,Pennsylvania,1,1.1298964023590088,0.8746913135051727,1.636224389076233,0.280281201004982,0.10413255617022515,0.49978843331336975,31.367159843444824,19.742814445495604,44.924774932861325,0.273393452167511,0.17188556641340255,0.41519458591938024,20.370580673217773,12.574731826782228,29.000498580932618,0.05468432977795601,0.013159769959747793,0.11410737559199334,0.0509,0.0,0.11068435,0.06212757,0.04821672,02,False,False
2024-25,2025-02-01,Pennsylvania,2,1.112156629562378,0.8458824157714844,1.594366228580475,0.3082968145608902,0.12780181020498277,0.5406262695789338,31.700533866882324,20.12407112121582,43.41604423522949,0.28465890884399414,0.1659909039735794,0.4593723416328431,16.774723052978516,10.118652629852296,24.75217056274414,0.054454222321510315,0.014117598906159403,0.11297590583562851,0.045,0.0,0.11237462,0.06218678,0.04929327,02,False,False
2024-25,2025-02-01,Vermont,0,1.0595736503601074,0.7541536152362823,1.4897685527801514,0.3764277994632721,0.13993993401527405,0.6638830900192261,26.220354080200195,17.695668411254882,37.154884338378906,0.08488379046320915,0.05145442858338356,0.12825724482536316,9.819562911987305,4.791554164886475,17.423486328125005,0.08773431926965714,0.02033365182578564,0.1793760061264038,0.046,0.0,0.11039469,0.09733161,0.07413379,02,False,False
2024-25,2025-02-01,Vermont,1,0.9990537762641907,0.6950433671474457,1.3825795650482178,0.4138534665107727,0.12177243009209635,0.6946433782577515,25.097787857055664,17.213246536254882,34.43948516845703,0.0929558277130127,0.054672215878963475,0.14912500977516174,11.72409725189209,5.73080587387085,20.330169677734375,0.08469768613576889,0.01719224099069834,0.17904017865657806,0.0562,0.0,0.11309172,0.09396939,0.07037896,02,False,False
2024-25,2025-02-01,Vermont,2,0.9455534219741821,0.6483487963676453,1.3819459676742554,0.4528645873069763,0.20562250912189484,0.6941967606544495,25.58498191833496,17.86991786956787,35.22016792297364,0.09443263709545135,0.05647715590894223,0.15815645307302476,10.229521751403809,5.040342569351196,17.290242958068855,0.08048325777053833,0.01847454477101565,0.16829781234264374,0.0444,0.0,0.11183253,0.08760813,0.06443721,02,False,False
2024-25,2025-02-01,Wyoming,0,1.048847734928131,0.7204803347587585,1.5246130228042603,0.30974912643432617,0.07483395710587502,0.5960539460182191,28.367623329162598,17.63553237915039,40.66020660400391,0.2710653096437454,0.14741207659244537,0.4839382648468018,8.124350547790527,3.9693024873733522,13.722263145446778,0.0751660168170929,0.018159544095396996,0.15360671281814575,0.044,0.0,0.11316117,0.08557402,0.06396694,02,False,False
2024-25,2025-02-01,Wyoming,1,1.1214892864227295,0.8082685470581055,1.6822483539581299,0.2908061444759369,0.07085870578885081,0.5577894449234009,31.09477138519287,17.996081161499024,45.46971893310547,0.27054373919963837,0.14452531933784485,0.4792575716972352,8.513815879821777,4.122670936584473,14.828683853149414,0.07047628611326218,0.017051949724555017,0.14552699178457262,0.0437,0.0,0.11197138,0.08088684,0.06143627,02,False,False
2024-25,2025-02-01,Wyoming,2,1.0338966846466064,0.7249823868274688,1.4785174012184144,0.2948635220527649,0.08646799623966217,0.5493530631065369,26.811464309692383,16.133716964721682,39.46221160888672,0.27216604351997375,0.14420057982206347,0.45473551750183105,6.939517498016357,3.391344165802002,11.387093544006348,0.07404392957687378,0.01707591563463211,0.14665608555078508,0.0479,0.0,0.11095917,0.08176956,0.0610652,02,False,False
2024-25,2025-02-08,Alaska,0,0.9598422050476074,0.6934897601604462,1.2353536367416382,0.2257394939661026,0.042128610610961924,0.49220469892024993,25.914443016052246,12.244778442382813,43.314422607421875,0.20363622903823853,0.09933285415172577,0.3341032147407532,9.577383518218994,5.900862693786621,13.616284656524659,0.06524631753563881,0.01641172356903553,0.1321199506521225,0.0431,0.0,0.11200847,0.07432871,0.05581973,02,False,False
2024-25,2025-02-08,Alaska,1,0.9809575080871582,0.7028155088424682,1.3778297066688543,0.24971703439950943,0.05790129005908968,0.5150308012962341,27.796281814575195,14.849492740631105,44.987882995605474,0.1959702968597412,0.09790262579917908,0.33172324299812317,10.279531478881836,6.200395250320435,15.494601249694824,0.06444451212882996,0.014627976901829246,0.13697160929441451,0.053,0.0,0.11197306,0.07518668,0.05631531,02,False,False
2024-25,2025-02-08,Alaska,2,0.9560672640800476,0.6688377678394318,1.3398464202880864,0.2783498466014862,0.06628202348947525,0.5393982529640198,29.255399703979492,15.916233062744142,45.21919631958008,0.19059905409812927,0.09587159007787704,0.3099563598632813,12.524552345275879,6.889710903167725,19.449909210205078,0.07292657345533371,0.0187284529209137,0.14801881909370426,0.0349,0.0,0.11043916,0.08266127,0.06041031,02,False,False
2024-25,2025-02-08,California,0,0.996444046497345,0.827997088432312,1.160296082496643,0.14558401703834534,0.02001043148338795,0.326731413602829,24.51488208770752,12.080119132995605,39.86031723022461,0.2920798361301422,0.17835034430027008,0.42760929465293884,23.741174697875977,16.019487380981445,31.75455398559571,0.048185260966420174,0.01409475384280086,0.09179838672280312,0.0394,0.0,0.10973658,0.05345792,0.04309063,02,False,False
2024-25,2025-02-08,California,1,0.9826883673667908,0.7899283170700073,1.1544313549995424,0.18258222937583923,0.0353677898645401,0.3846254885196686,20.58144187927246,10.76749038696289,34.31726837158203,0.2903386056423187,0.18247878551483154,0.4108756184577942,24.218704223632812,16.541182708740237,32.33214378356934,0.04151730611920357,0.01096403319388628,0.08488951623439789,0.0557,0.0,0.11302367,0.0484183,0.03839429,02,False,False
2024-25,2025-02-08,California,2,1.0157931447029114,0.8550218343734741,1.1779840230941774,0.12376471236348152,0.015892439521849155,0.2959796190261841,21.99849510192871,8.909238815307617,38.453067779541016,0.2796426862478256,0.18150676488876344,0.38441601395606995,22.734521865844727,16.238387680053712,29.27579212188721,0.04116910882294178,0.01060235537588597,0.08253687694668771,0.0505,0.0,0.11338877,0.04691333,0.03724964,02,False,False
2024-25,2025-02-08,New York,0,1.0152878761291504,0.7369180917739868,1.287523937225342,0.22617430984973907,0.044292325526475926,0.4791083186864853,27.697525024414062,16.4508358001709,44.31488800048828,0.26216381788253784,0.15190748870372772,0.39568963646888733,17.093265533447266,10.528182411193848,24.596113204956055,0.06720951199531555,0.015721602365374565,0.13200978934764862,0.0414,0.0,0.11044914,0.07525459,0.05758206,02,False,False
2024-25,2025-02-08,New York,1,1.0068329572677612,0.7145916521549225,1.286787986755371,0.21213723719120026,0.028320124372839928,0.49471357464790344,27.927748680114746,14.386830902099613,44.86504821777344,0.3191714286804199,0.17141279578208923,0.5162978172302246,17.318431854248047,10.655006313323975,24.631023406982422,0.06338635087013245,0.016623089089989662,0.12379110604524612,0.0434,0.0,0.111147,0.07044195,0.05418217,02,False,False
2024-25,2025-02-08,New York,2,0.9552627205848694,0.7489274740219116,1.3179997205734253,0.2536803036928177,0.06968042999505997,0.48819777369499207,29.637499809265137,17.61018943786621,44.472389221191406,0.29991424083709717,0.1708881437778473,0.458573579788208,17.93891143798828,10.727749824523926,27.25041389465332,0.06325481086969376,0.013889857474714521,0.1349263966083527,0.0549,0.0,0.10991466,0.07469976,0.05769538,02,False,False
2024-25,2025-02-08,Pennsylvania,0,1.0188214778900146,0.7360056042671204,1.3860459566116334,0.286298543214798,0.07703036069869995,0.5490763783454895,29.78240203857422,19.82678394317627,42.09592056274414,0.46802450716495514,0.27253913879394537,0.7062344193458557,14.407090187072754,8.800261116027832,20.790586471557617,0.06210680305957794,0.014967340044677258,0.1241239532828331,0.0492,0.0,0.11102727,0.07079346,0.05437758,02,False,False
2024-25,2025-02-08,Pennsylvania,1,1.1434041261672974,0.8815480470657349,1.6203835606575017,0.29463544487953186,0.10919190719723702,0.5187873840332031,33.79164123535156,23.36599636077881,46.40757904052735,0.32553087174892426,0.20519327074289323,0.49427756667137146,20.84583568572998,12.6248140335083,29.474336624145508,0.06908220797777176,0.023595239967107773,0.12103144824504852,0.0217,0.0,0.10986601,0.07403883,0.05928117,02,False,False
2024-25,2025-02-08,Pennsylvania,2,1.0341163873672485,0.7865089654922486,1.3038346052169802,0.26308301091194153,0.06443817168474197,0.5307212948799134,26.949308395385742,18.22476119995117,38.2168571472168,0.36094963550567627,0.22719822824001312,0.5440942883491516,15.24746322631836,9.46802806854248,20.61259651184082,0.056669894605875015,0.015784792602062225,0.11245294436812403,0.0402,0.0,0.11143122,0.0642116,0.04922672,02,False,False
2024-25,2025-02-08,Vermont,0,1.0791118144989014,0.753105103969574,1.5724616050720215,0.4085703492164612,0.1831173449754715,0.6962923407554626,26.944701194763184,18.445584297180176,38.85485076904297,0.1192874014377594,0.07233908474445344,0.17577038705348969,12.008917808532715,6.04028844833374,18.82305030822754,0.08930515497922897,0.021981583908200264,0.17279196083545686,0.0431,0.0,0.11052203,0.09568418,0.07196202,02,False,False
2024-25,2025-02-08,Vermont,1,1.0919908285140991,0.7646113634109497,1.6165560841560365,0.40671031177043915,0.16195795983076097,0.6741297602653504,27.488986015319824,18.921321678161622,38.40852584838867,0.11293819919228554,0.07089322134852409,0.17856566011905678,11.426124572753906,6.13473129272461,17.52374839782715,0.09079930931329727,0.022806034050881864,0.17992804944515228,0.0426,0.0,0.11045285,0.09689472,0.07218336,02,False,False
2024-25,2025-02-08,Vermont,2,1.0528454184532166,0.7157600164413452,1.51699630022049,0.3914983570575714,0.12748722732067108,0.7046416997909546,26.216792106628418,18.417340660095213,36.89800109863282,0.1266060620546341,0.07770585417747498,0.19118735194206238,12.688188552856445,6.596159648895264,20.644563674926758,0.08644293248653412,0.020196518115699297,0.17570164799690247,0.0417,0.0,0.11346043,0.09456341,0.07198876,02,False,False
2024-25,2025-02-08,Wyoming,0,0.9800153970718384,0.6667993187904357,1.5697970390319824,0.3389722406864166,0.10340845584869385,0.6200280308723453,26.878368377685547,15.656943035125733,41.98910140991211,0.2818869948387146,0.14723987877368927,0.4765139698982239,8.386296272277832,4.366945266723633,14.005146980285645,0.08071093261241913,0.02123996429145336,0.16060586422681813,0.0369,0.0,0.11284255,0.09144251,0.0684711,02,False,False
2024-25,2025-02-08,Wyoming,1,1.0368152856826782,0.7249654531478882,1.4640916585922241,0.27382197976112366,0.04875430092215538,0.5838363707065584,28.178794860839844,16.509666442871094,43.05008239746094,0.2705347239971161,0.14028608798980713,0.4728167295455933,8.771224975585938,4.4336161613464355,14.560728073120117,0.08528849855065346,0.024495873600244522,0.1559968248009682,0.0242,0.0,0.11147683,0.09142904,0.07126811,02,False,False
2024-25,2025-02-08,Wyoming,2,0.9879514873027802,0.6988881230354309,1.4107325077056885,0.27452902495861053,0.05687707513570787,0.5576896071434021,29.450475692749023,17.791495513916015,43.392416763305675,0.31764425337314606,0.1601130247116089,0.5570265054702759,7.5841965675354,3.8740179538726807,12.639144420623783,0.07306426763534546,0.015904812142252922,0.15114177763462067,0.0496,0.0,0.11046627,0.08178226,0.06122873,02,False,False
2024-25,2025-02-15,Alaska,0,1.019924283027649,0.7259311854839325,1.522011125087738,0.29502104222774506,0.0748638078570366,0.5554061532020569,28.257200241088867,16.345996856689453,44.183349227905275,0.20656108856201172,0.10725698545575146,0.3438030481338501,9.479917049407959,5.221492767333984,14.44854736328125,0.07702163606882095,0.019933365844190122,0.1558785140514374,0.0397,0.0,0.10960087,0.08465495,0.06530699,02,False,False
2024-25,2025-02-15,Alaska,1,0.9788586497306824,0.6841504693031311,1.3384001851081848,0.31325724720954895,0.08038628920912744,0.5574361264705658,29.287057876586914,18.25826644897461,42.674835205078125,0.21202796697616577,0.10805047899484635,0.34608077108860025,10.286446571350098,6.079705238342285,14.97337532043457,0.07503034919500351,0.02152077592909336,0.14128591120243073,0.031,0.0,0.10973563,0.081408,0.06044466,02,False,False
2024-25,2025-02-15,Alaska,2,0.994779646396637,0.7230155885219574,1.3736781835556036,0.26169776916503906,0.07331153750419617,0.5206707715988159,30.50045394897461,19.208742141723633,44.856998443603516,0.2113397717475891,0.11112996935844421,0.33677777647972107,10.967307567596436,6.141985845565796,18.1464900970459,0.06397868692874908,0.013481571339070797,0.13675040006637573,0.0525,0.0,0.11241252,0.07351901,0.05508273,02,False,False
2024-25,2025-02-15,California,0,0.9882025718688965,0.8124201893806458,1.1404019594192505,0.12728579342365265,0.016535912826657298,0.30096544921398166,21.685372352600098,9.224838829040527,36.88471221923828,0.2875640541315079,0.17964894324541092,0.419015109539032,24.626761436462402,17.43540439605713,31.525803375244145,0.043656185269355774,0.01296368082985282,0.08241582587361336,0.0385,0.0,0.10889295,0.04674075,0.03701823,02,False,False
2024-25,2025-02-15,California,1,0.985867977142334,0.7780652463436127,1.117611289024353,0.13312003761529922,0.006303228810429578,0.35037081539630893,21.648613929748535,10.78438949584961,36.27309036254883,0.27792590856552124,0.18421025574207306,0.38907787799835214,25.23739719390869,17.424265480041505,33.6400390625,0.0423047561198473,0.012430692277848725,0.08057573810219767,0.042,0.0,0.11109972,0.04512217,0.03491155,02,False,False
2024-25,2025-02-15,California,2,0.9587138295173645,0.7908272802829742,1.117262363433838,0.15966275334358215,0.030911835841834552,0.3235863864421845,20.391014099121094,9.830514526367187,34.75657577514649,0.3018534183502197,0.1904998928308487,0.4248938322067261,24.301572799682617,17.19831657409668,32.1230583190918,0.039378196001052856,0.011072946060448889,0.0804620318114758,0.048,0.0,0.10831518,0.04444768,0.0349068,02,False,False
2024-25,2025-02-15,New York,0,0.9827007949352264,0.7084174156188965,1.292574369907379,0.24528386443853378,0.045250973850488665,0.5087366342544557,27.905658721923828,15.56864757537842,44.67143249511719,0.29743850231170654,0.17861223071813584,0.4509761333465576,17.014277458190918,10.993649291992188,24.31438045501709,0.0612272284924984,0.015413239598274231,0.12043881416320801,0.0441,0.0,0.10872202,0.06938188,0.05330585,02,False,False
2024-25,2025-02-15,New York,1,0.9791415929794312,0.7372686624526977,1.2577738761901855,0.20589768886566162,0.041783095151186014,0.4378889501094818,29.645544052124023,16.1308650970459,45.05685539245606,0.35780127346515656,0.19748289436101912,0.5631144702434543,17.624292373657227,11.390014266967773,24.199703216552734,0.06233302131295204,0.015155315957963468,0.12807562947273254,0.0478,0.0,0.10936485,0.071153,0.05530136,02,False,False
2024-25,2025-02-15,New York,2,0.9706912040710449,0.6833137750625611,1.242451786994934,0.23003048449754715,0.023962345905601982,0.5342215895652771,26.40419578552246,13.40488338470459,43.05437088012695,0.3490993082523346,0.19438216388225557,0.5249226093292236,17.17384910583496,11.43283748626709,23.483335494995117,0.06791113689541817,0.01755982544273138,0.13871653378009796,0.0399,0.0,0.11024998,0.0774821,0.05780252,02,False,False
2024-25,2025-02-15,Pennsylvania,0,1.2181719541549683,0.8289387822151184,1.5952070951461792,0.2660181224346161,0.09286270663142204,0.48082590997219093,37.90010643005371,24.137203407287597,47.94940643310547,0.4222017675638199,0.24810715317726137,0.6723989665508271,20.18247413635254,12.406954193115235,28.558117103576663,0.049256112426519394,0.014168417919427157,0.09434336423873901,0.0406,0.0,0.1123004,0.05418473,0.04331729,02,False,False
2024-25,2025-02-15,Pennsylvania,1,1.0720425844192505,0.7666788399219513,1.3056364059448242,0.23053789883852005,0.05258300602436067,0.49125908911228183,30.975635528564453,21.986845016479492,39.93495597839355,0.4343268573284149,0.25865674018859863,0.66707022190094,16.837499618530273,10.502949714660645,23.99582290649414,0.056915488094091415,0.014991793595254422,0.11170418411493302,0.0413,0.0,0.11291665,0.06422131,0.05095749,02,False,False
2024-25,2025-02-15,Pennsylvania,2,1.1014368534088135,0.8951231837272644,1.329614579677582,0.20112758874893188,0.05315576270222664,0.393811669945717,31.62923812866211,23.146859169006348,40.17795944213867,0.3661944568157196,0.24147177040576934,0.5310887217521668,19.69123935699463,12.60355052947998,27.034194946289062,0.04966003634035587,0.013527983520179993,0.09358780756592752,0.0447,0.0,0.11318358,0.05445907,0.04355224,02,False,False
2024-25,2025-02-15,Vermont,0,1.0119532346725464,0.6989340364933014,1.5444847226142886,0.4211941510438919,0.17622101306915283,0.6669624865055085,26.46703338623047,18.425650787353515,36.46096687316895,0.13224148005247116,0.08140718936920166,0.2105340600013733,11.528949737548828,6.434417724609375,17.805065155029297,0.08887907862663269,0.025364695116877556,0.16756245046854018,0.0313,0.0,0.11096818,0.09831068,0.07581171,02,False,False
2024-25,2025-02-15,Vermont,1,1.0294508934020996,0.7161076486110688,1.4696967601776123,0.4074409604072571,0.14502719044685364,0.6829255819320679,26.865310668945312,18.6619815826416,37.20447692871094,0.12482429668307304,0.08031419292092323,0.18281413614749908,10.966936588287354,5.9057488441467285,17.92424774169922,0.09326113387942314,0.025704576633870605,0.17403315603733063,0.0332,0.0,0.11188637,0.10149524,0.07651252,02,False,False
2024-25,2025-02-15,Vermont,2,1.0335360765457153,0.7161844074726105,1.4992673516273498,0.40499427914619446,0.14779966920614243,0.6762743830680847,26.54641342163086,18.625712394714355,36.66118545532227,0.12546148151159286,0.08198931738734246,0.19074648320674897,12.282400131225586,6.793419933319092,18.650252532958984,0.08760352432727814,0.022798837535083296,0.1673592582345009,0.0359,0.0,0.10932658,0.09573282,0.07289945,02,False,False
2024-25,2025-02-15,Wyoming,0,0.9818029701709747,0.6918614685535431,1.3977688193321232,0.3095991015434265,0.0901010997593403,0.554802429676056,26.951534271240234,16.481313514709473,40.88247299194336,0.3312164843082428,0.17819800972938538,0.560993653535843,8.175964832305908,4.44197416305542,13.697218418121345,0.07613370195031166,0.020566547848284246,0.14312702119350434,0.037,0.0,0.11036024,0.0824671,0.06289604,02,False,False
2024-25,2025-02-15,Wyoming,1,1.0489110350608826,0.7236130952835084,1.6325668573379517,0.28229765594005585,0.0721199080348015,0.5460826516151428,30.62781047821045,19.612833786010743,44.122562408447266,0.3114570528268814,0.16720512211322788,0.5321378111839294,8.358409881591797,4.452649641036987,13.890924549102785,0.07121223211288452,0.01876835208386183,0.14136489033699035,0.0396,0.0,0.11228804,0.08047985,0.06203527,02,False,False
2024-25,2025-02-15,Wyoming,2,0.9938549399375916,0.7126487076282502,1.466789770126343,0.27631139755249023,0.07476289644837379,0.5398855745792392,26.66836929321289,14.99505138397217,41.04434585571289,0.36063212156295776,0.18768707513809205,0.6011737585067749,8.603422164916992,4.617204236984253,13.949671745300293,0.06919096410274506,0.01759513653814793,0.13884972035884857,0.0407,0.0,0.11302733,0.07836191,0.06060045,02,False,False
2024-25,2025-02-22,Alaska,0,1.016953945159912,0.7667049765586853,1.3488590359687807,0.27222228050231934,0.07016207575798035,0.5147936403751373,28.613892555236816,16.964609336853027,42.35117721557617,0.21408355236053467,0.12011202126741409,0.33348678052425385,9.774530410766602,6.020949411392212,14.1107949256897,0.07061554118990898,0.019046708941459656,0.1417536124587059,0.041,0.0,0.11041413,0.07888758,0.06132642,02,False,False
2024-25,2025-02-22,Alaska,1,1.077584683895111,0.7815983355045318,1.6231483817100527,0.2677316963672638,0.0669446736574173,0.5387789607048035,30.646770477294922,18.356882476806643,45.03119430541992,0.1966681033372879,0.10566327571868897,0.31164568960666666,8.352180004119873,5.1842193603515625,12.206038761138917,0.07145535945892334,0.017617736384272577,0.14459748566150665,0.0423,0.0,0.11032697,0.07993035,0.06138021,02,False,False
2024-25,2025-02-22,Alaska,2,1.0309696197509766,0.7631115913391113,1.3941089272499085,0.26352374255657196,0.06369217485189438,0.49943224191665664,30.2045955657959,18.291555786132815,43.24798583984375,0.22315791249275208,0.11662430912256243,0.3461376756429672,11.13178014755249,6.65217809677124,16.25070896148682,0.07572975009679794,0.018544791638851168,0.15293087363243107,0.0397,0.0,0.11385739,0.08647756,0.06602192,02,False,False
2024-25,2025-02-22,California,0,0.9479549527168274,0.7300293803215027,1.1146413087844849,0.13949338346719742,0.007307546725496652,0.3667463958263397,23.535654067993164,10.738295555114746,41.412209701538096,0.31285160779953003,0.18973645567893982,0.4630648195743561,24.12594223022461,17.715640449523924,30.693877601623537,0.044891905039548874,0.01359438244253397,0.08597812801599503,0.0406,0.0,0.1098151,0.04815063,0.03853582,02,False,False
2024-25,2025-02-22,California,1,0.9271727800369263,0.7136121213436127,1.0958553671836855,0.1578754037618637,0.017855032160878196,0.3762527406215668,22.506328582763672,10.895928382873535,37.78287887573242,0.3257041871547699,0.18909330964088442,0.4899044632911682,23.287531852722168,16.636174392700195,30.258058547973633,0.05179664120078087,0.015739092603325844,0.09757369384169579,0.0358,0.0,0.11123268,0.05574293,0.0431414,02,False,False
2024-25,2025-02-22,California,2,0.9310469627380371,0.7239093780517578,1.1070544719696045,0.16352519392967224,0.020349880307912842,0.37355858087539673,22.39173698425293,10.713514041900636,36.226496887207034,0.31611643731594086,0.19128205925226213,0.4413264989852905,25.749406814575195,18.105886459350586,33.63085174560547,0.045828843489289284,0.013144456781446934,0.08684181198477747,0.041,0.0,0.1108281,0.04877355,0.0386554,02,False,False
2024-25,2025-02-22,New York,0,0.9731243252754211,0.7132722198963165,1.1968565702438354,0.1926075890660286,0.027505967766046524,0.4535989552736283,23.456796646118164,11.440096855163574,40.05002059936524,0.35196253657341003,0.19986497312784196,0.5435424864292145,18.46456527709961,11.793227863311769,25.038612365722656,0.05995466560125351,0.013605276122689247,0.12559716403484344,0.0514,0.0,0.11282448,0.06834028,0.05228937,02,False,False
2024-25,2025-02-22,New York,1,0.9657356441020966,0.6958969831466675,1.2240954637527466,0.21364063024520874,0.03805619850754738,0.4817541539669037,26.744413375854492,15.61479320526123,40.97629165649414,0.2996962368488312,0.1741810366511345,0.4583664596080781,19.203554153442383,12.815564155578613,25.427560043334964,0.059412216767668724,0.013818759657442578,0.129094660282135,0.0518,0.0,0.11118948,0.07047563,0.05406112,02,False,False
2024-25,2025-02-22,New York,2,0.9741666913032532,0.6871205568313599,1.28836749792099,0.23297488689422607,0.044620694965124136,0.5020720958709717,28.016454696655273,16.111005783081055,45.619667053222656,0.31643515825271606,0.18351012468338013,0.4934132248163223,16.771387100219727,10.867213439941407,23.16908283233643,0.05897495523095131,0.013720767106860878,0.1174669548869133,0.0526,0.0,0.10885926,0.06441309,0.04895091,02,False,False
2024-25,2025-02-22,Pennsylvania,0,1.023135781288147,0.8008083701133728,1.2631895780563356,0.20884039252996445,0.03330039232969284,0.4663233429193498,28.93815803527832,17.64067325592041,42.54637908935547,0.5452371835708618,0.34173086285591125,0.7573213577270508,13.229304313659668,8.896484375,18.08349609375,0.05853590741753578,0.01362783182412386,0.12269249558448792,0.0512,0.0,0.11008725,0.0669003,0.05212399,02,False,False
2024-25,2025-02-22,Pennsylvania,1,0.9924395084381104,0.8101332783699036,1.2083982229232788,0.21609005331993103,0.06774506717920303,0.38472306728363037,27.342744827270508,17.349872589111328,40.60132026672363,0.5274035334587097,0.329143762588501,0.7766335010528564,17.372525215148926,11.322854042053223,23.94060688018799,0.056674594059586525,0.013644839636981487,0.12128667458891872,0.0499,0.0,0.11021849,0.06684339,0.05261472,02,False,False
2024-25,2025-02-22,Pennsylvania,2,0.9964386522769928,0.783501386642456,1.3171530961990356,0.26645898818969727,0.08918183147907266,0.4552493095397949,28.261415481567383,19.181422233581543,40.932674407958984,0.4519530236721039,0.27818459272384644,0.6756782591342926,13.239652156829834,8.589382934570313,18.962034225463867,0.058414243161678314,0.015679661184549335,0.11864424720406533,0.0382,0.0,0.11106793,0.06624905,0.05168536,02,False,False
2024-25,2025-02-22,Vermont,0,0.9899303913116455,0.7175724506378174,1.405220663547516,0.3999054282903671,0.15467977225780488,0.6551328301429749,26.328027725219727,18.793984794616698,35.46278762817383,0.13854797184467316,0.09080987423658371,0.2015928104519844,10.790096282958984,6.249697065353393,16.069765090942383,0.07720419764518738,0.019548135809600353,0.15814338326454164,0.0425,0.0,0.10953099,0.0871528,0.06600793,02,False,False
2024-25,2025-02-22,Vermont,1,1.0517173409461975,0.7340435564517975,1.5377269625663759,0.3918592631816864,0.14915102422237397,0.6628947496414185,27.27658176422119,19.55745506286621,38.06000938415527,0.12299542501568794,0.0833629608154297,0.1771441549062729,11.936709880828857,6.803459215164184,18.08169937133789,0.08749090135097504,0.024195605888962746,0.16736778616905212,0.0315,0.0,0.11326463,0.09714625,0.074265,02,False,False
2024-25,2025-02-22,Vermont,2,1.0514602661132812,0.7243494987487793,1.560692095756531,0.3962322473526001,0.14267484843730927,0.6663556098937989,27.656685829162598,19.010876274108888,38.63444900512695,0.12591587007045746,0.08573812246322632,0.17816360294818878,12.730542182922363,7.270444059371949,19.127909088134768,0.08236155658960342,0.022254278883337975,0.16345684230327606,0.0344,0.0,0.11091941,0.09136337,0.07030978,02,False,False
2024-25,2025-02-22,Wyoming,0,1.0565603971481323,0.767937195301056,1.4169046878814697,0.26669472455978394,0.05650797858834267,0.5400366485118866,28.491915702819824,18.587484550476077,40.47405128479004,0.3361806273460388,0.19562481343746185,0.5187088847160339,7.752371549606323,4.396505212783813,11.685299015045166,0.06866125017404556,0.01532397698611021,0.14090822041034698,0.0543,0.0,0.11029777,0.07755353,0.05781757,02,False,False
2024-25,2025-02-22,Wyoming,1,1.0057671070098877,0.7219619154930115,1.5153224945068362,0.33104872703552246,0.1031489983201027,0.5915662646293641,28.16727066040039,18.909834480285646,40.223122406005864,0.3546954393386841,0.19954532980918885,0.5859564542770386,9.153093338012695,5.092796754837036,14.773866653442383,0.07934579253196716,0.023130502551794052,0.14998221397399905,0.0276,0.0,0.11046103,0.08330119,0.06487879,02,False,False
2024-25,2025-02-22,Wyoming,2,1.0167167782783508,0.7363616228103638,1.4589918851852417,0.3120376467704773,0.09648872911930084,0.5628791272640228,28.630163192749023,19.13464393615723,40.5706672668457,0.3595971465110779,0.2093869313597679,0.5787783682346345,9.263981819152832,5.164371538162231,13.914630126953126,0.06641850247979164,0.013148250989615917,0.13917792886495592,0.0579,0.0,0.11068557,0.07646224,0.05732545,02,False,False
2024-25,2025-03-01,Alaska,0,1.0115766525268555,0.7367497086524963,1.4885115265846252,0.29381677508354187,0.09153907969594002,0.5536176562309265,29.564964294433594,18.645263671875,43.23862838745117,0.19163426756858826,0.10444682836532593,0.2945680320262909,12.517279624938965,7.5378915786743175,18.2430513381958,0.07498139142990112,0.02408309578895569,0.14022685438394547,0.0264,0.0,0.11139175,0.08312403,0.06546924,03,False,False
2024-25,2025-03-01,Alaska,1,1.0436040163040161,0.7833157181739807,1.3864665865898134,0.24184566736221313,0.060999621450901036,0.48574053645133974,30.478660583496094,19.75626792907715,44.79987411499024,0.1900688111782074,0.10889256000518799,0.29289957880973816,9.637157440185547,6.139135360717773,13.687683296203616,0.06135771796107292,0.015257426537573338,0.12564149498939514,0.0473,0.0,0.11212566,0.07109617,0.05507084,03,False,False
2024-25,2025-03-01,Alaska,2,1.042605698108673,0.7982168197631836,1.3655521273612978,0.22491496801376343,0.04887599237263203,0.4430759847164154,30.893990516662598,19.143141746520996,45.06752395629883,0.20807358622550964,0.11175870150327682,0.32767527997493745,10.93332576751709,6.8328744888305675,15.579005241394043,0.066158726811409,0.015048746950924397,0.1371789425611496,0.0529,0.0,0.1120988,0.07672266,0.05925777,03,False,False
2024-25,2025-03-01,California,0,0.9158379435539246,0.7267902493476868,1.0764315366744994,0.15728454291820526,0.02082237731665373,0.34433841705322266,23.445003509521484,12.223752975463867,41.096350860595706,0.30722278356552124,0.19201082587242127,0.4407065123319626,25.454108238220215,17.786724853515626,32.93494148254395,0.045757876709103584,0.014680267311632633,0.08425019681453705,0.0338,0.0,0.11205609,0.0486744,0.03764557,03,False,False
2024-25,2025-03-01,California,1,0.9013805389404297,0.7167495250701904,1.0830941557884217,0.16098397225141525,0.02387509886175394,0.35924527049064636,21.09324073791504,9.651264190673828,34.51335525512696,0.3357047438621521,0.20076961815357208,0.471049040555954,26.014854431152344,19.031681060791016,32.81681823730469,0.04530253820121288,0.015087715350091457,0.08525320366024972,0.0265,0.0,0.11083247,0.04779913,0.03763009,03,False,False
2024-25,2025-03-01,California,2,0.9527022242546082,0.7980158269405365,1.102777373790741,0.11330562457442284,0.011837594211101532,0.26221472024917625,21.99911880493164,10.070633888244629,38.62079963684082,0.2730691283941269,0.16943378150463106,0.3930575162172318,28.167534828186035,20.480212783813478,35.143561935424806,0.044880446046590805,0.015079553239047527,0.08200015872716904,0.0306,0.0,0.11193507,0.04633586,0.03646068,03,False,False
2024-25,2025-03-01,New York,0,0.942829430103302,0.7004494428634643,1.2065083622932435,0.20407678186893463,0.038340162485837936,0.4348318129777909,27.60158634185791,14.662129211425782,43.747916412353526,0.3729918599128723,0.21353380978107453,0.5930938124656678,20.218276977539062,13.513713836669922,27.44223518371582,0.06172444671392441,0.01853888798505068,0.1175775371491909,0.0323,0.0,0.11289293,0.06763012,0.05238523,03,False,False
2024-25,2025-03-01,New York,1,0.9775202870368958,0.7154977321624756,1.2195337057113649,0.18618275225162506,0.032438602298498154,0.4264834076166153,27.157282829284668,13.316425418853763,44.32523002624513,0.3510589003562927,0.20426913797855378,0.513451337814331,16.180063247680664,10.9877290725708,22.155506134033203,0.05923895351588726,0.018799171410501005,0.11196450144052505,0.029,0.0,0.11202471,0.06455977,0.05023575,03,False,False
2024-25,2025-03-01,New York,2,0.9905145466327667,0.7520449101924896,1.2180777788162231,0.17078392207622528,0.019367436133325106,0.41206603646278384,26.315104484558105,12.82193660736084,43.97972106933594,0.34045523405075073,0.2078951746225357,0.5083820223808289,20.500267028808594,13.234513187408448,27.694520950317383,0.058607783168554306,0.01589030772447586,0.11805445775389674,0.042,0.0,0.11269658,0.0655594,0.05025978,03,False,False
2024-25,2025-03-01,Pennsylvania,0,1.0894814729690552,0.8918210983276367,1.391842246055603,0.1718066707253456,0.03866700977087021,0.3466587960720062,32.4666633605957,20.703632354736328,46.52463989257813,0.44447921216487885,0.29068525433540343,0.6420836567878724,15.184967994689941,10.290072536468506,20.599750518798828,0.0588805191218853,0.015166542865335942,0.11683202236890793,0.0393,0.0,0.11200613,0.06628433,0.05242399,03,False,False
2024-25,2025-03-01,Pennsylvania,1,0.9865866005420685,0.7866268336772919,1.1691571474075317,0.17532723397016525,0.02575636673718691,0.3763740777969361,24.35069751739502,14.654217815399173,37.43120460510255,0.6369269490242004,0.4207983762025833,0.8566864132881165,12.412368774414062,8.288573741912842,16.757101821899415,0.051350826397538185,0.012879636697471145,0.10795955359935765,0.0531,0.0,0.11017293,0.06037725,0.04735305,03,False,False
2024-25,2025-03-01,Pennsylvania,2,1.0000841617584229,0.7920279502868652,1.257728111743927,0.20200490951538086,0.05740783251821995,0.3920377492904663,28.90115451812744,17.850311660766604,43.5283920288086,0.5546914935112,0.34442734718322754,0.8012264966964722,12.709573745727539,8.230131340026855,17.692123222351075,0.05853131599724293,0.013094522524625066,0.12437102943658829,0.0501,0.0,0.11282481,0.06826217,0.05310505,03,False,False
2024-25,2025-03-01,Vermont,0,1.0271822214126587,0.7223899185657501,1.4562866687774658,0.36075304448604584,0.12554359883069993,0.6124707460403442,26.330476760864258,17.365416526794434,36.749412536621094,0.13449303805828094,0.08771972358226776,0.2012570396065712,12.588287353515625,6.978454065322876,19.618584060668944,0.08637667819857597,0.02757615484297276,0.1576475739479065,0.0245,0.0,0.11224154,0.09055467,0.06986062,03,False,False
2024-25,2025-03-01,Vermont,1,0.9594579339027405,0.6821783363819123,1.4929084777832031,0.4394565522670746,0.2017914801836014,0.6741865575313568,25.88288974761963,17.772314071655273,36.85939407348633,0.136367529630661,0.08730793744325638,0.20536791533231738,13.131669044494629,7.6979875564575195,19.625505447387695,0.08399320021271706,0.024598419666290287,0.1576004222035408,0.0338,0.0,0.10895347,0.08965863,0.06786889,03,False,False
2024-25,2025-03-01,Vermont,2,0.9995876550674438,0.6836789965629578,1.5373983263969424,0.39679448306560516,0.17448891550302506,0.6571324050426484,26.715039253234863,17.592375564575196,37.45738258361816,0.13489481806755066,0.08757293298840522,0.1960980847477913,13.791083335876465,8.142244338989258,20.555541419982912,0.08622367680072784,0.023660182952880863,0.1643466353416443,0.0325,0.0,0.11005922,0.09196098,0.06988787,03,False,False
2024-25,2025-03-01,Wyoming,0,0.9941106736660004,0.7234213352203369,1.3224041938781739,0.2598975896835327,0.06858249306678774,0.48828942179679874,26.222667694091797,15.827668571472168,38.255484771728526,0.3668726831674576,0.19370004534721375,0.6087938964366914,9.630812168121338,5.171700477600098,15.344927501678471,0.06948435306549072,0.019213534891605377,0.13757093101739884,0.0368,0.0,0.11086988,0.0785272,0.06099321,03,False,False
2024-25,2025-03-01,Wyoming,1,0.9701650440692902,0.6737900853157044,1.4124640107154847,0.27913232147693634,0.06839119046926499,0.527405321598053,25.805065155029297,14.40458393096924,40.831459808349614,0.4055997431278229,0.21541862934827805,0.645520031452179,8.270606517791748,4.662858247756958,13.238503456115723,0.07016338407993317,0.01597136054188013,0.14193467348814012,0.0493,0.0,0.11042704,0.07949521,0.06130024,03,False,False
2024-25,2025-03-01,Wyoming,2,1.0045533180236816,0.6932700276374817,1.474113178253174,0.2706509083509445,0.061793386936187744,0.5248315393924714,27.273664474487305,16.785765838623046,40.611798477172854,0.37193986773490906,0.2013985961675644,0.5844468235969544,8.049541473388672,4.639256572723388,12.458884239196777,0.07507043331861496,0.018062084913253784,0.14460361599922186,0.0431,0.0,0.11033623,0.08237559,0.06346115,03,False,False
2024-25,2025-03-08,Alaska,0,1.0330062508583069,0.7125019609928132,1.3945445775985719,0.2980859726667404,0.08263698220252991,0.5652850151062012,31.6234073638916,21.435626983642578,45.32615280151367,0.1991891860961914,0.11303622275590897,0.3093518942594528,12.40229606628418,7.561388731002808,17.82584571838379,0.06663317233324051,0.016988857835531234,0.13712636977434164,0.0432,0.0,0.11107386,0.07608971,0.0577705,03,False,False
2024-25,2025-03-08,Alaska,1,0.9823975563049316,0.7176384150981903,1.2549648761749268,0.24995124340057373,0.0637358993291855,0.5088947415351868,29.201231002807617,19.384155082702637,41.905449295043944,0.23854632675647736,0.1316405490040779,0.3679485976696014,11.373772144317627,7.035758352279664,15.813028717041018,0.07047931104898453,0.017401118576526643,0.14140027910470962,0.0466,0.0,0.11210069,0.07897657,0.06051639,03,False,False
2024-25,2025-03-08,Alaska,2,0.9778712391853333,0.6987096190452575,1.3207579612731934,0.2691790759563446,0.06437676250934601,0.5455197334289552,30.43924331665039,19.336669921875,44.0090129852295,0.24954873323440552,0.13770241439342498,0.36726745367050173,10.397241592407227,6.470338535308838,14.929364109039307,0.07598954811692238,0.019925931841135027,0.14786247909069064,0.0372,0.0,0.11160389,0.08365976,0.06429334,03,False,False
2024-25,2025-03-08,California,0,0.8872256278991699,0.6889610886573792,1.0514146089553833,0.1520095020532608,0.021662565506994726,0.3515105932950974,22.332927703857422,10.076752185821533,37.46912307739259,0.3638077974319458,0.22494053840637207,0.502405047416687,26.840338706970215,18.981525421142578,34.67612838745117,0.0458960197865963,0.01596183516085148,0.08353083580732346,0.0346,0.0,0.11145919,0.04911182,0.03807582,03,False,False
2024-25,2025-03-08,California,1,0.914993166923523,0.7483565211296082,1.0832794904708862,0.1390521228313446,0.018423266895115382,0.304259717464447,19.698083877563477,8.172283172607422,34.102099609375,0.3412613272666931,0.19813676178455353,0.4898393958806992,25.341559410095215,18.29393768310547,32.28243789672852,0.04634406790137291,0.015968886576592924,0.07993849590420724,0.0249,0.0,0.11005592,0.04788597,0.03799206,03,False,False
2024-25,2025-03-08,California,2,0.9270312190055847,0.7862237691879272,1.0670454740524293,0.12542495131492615,0.020206957310438162,0.27511665523052214,19.53799533843994,9.499225616455078,34.29404830932617,0.32050538063049316,0.19905324280261993,0.44379847049713145,26.329989433288574,18.562314987182617,33.931949615478516,0.03936058282852173,0.010549311526119709,0.0784739337861538,0.0502,0.0,0.10868045,0.04291959,0.03444946,03,False,False
2024-25,2025-03-08,New York,0,0.9342760145664215,0.7475854933261872,1.1520957946777344,0.1919960379600525,0.03901200369000435,0.3978707671165467,22.76331901550293,11.830826759338379,36.912513732910156,0.40008415281772614,0.23848329186439515,0.5833466053009033,17.648832321166992,12.329486846923828,23.35389671325684,0.0552041195333004,0.012912310659885406,0.11033378541469574,0.0513,0.0,0.11110641,0.06272766,0.04821093,03,False,False
2024-25,2025-03-08,New York,1,0.9607337117195129,0.7396996021270752,1.1701686978340151,0.1669534295797348,0.017842212505638604,0.39378307759761816,24.984737396240234,13.596184730529785,39.91625328063966,0.345527783036232,0.2078397184610367,0.5176055431365967,17.136737823486328,12.079697608947754,22.41876258850098,0.051489442586898804,0.011858226545155058,0.10401482582092289,0.0519,0.0,0.1118405,0.0574443,0.04459707,03,False,False
2024-25,2025-03-08,New York,2,0.8991711139678955,0.6588188648223877,1.1538180112838745,0.2341657429933548,0.04929288849234581,0.4747094154357911,28.102680206298828,17.287324905395508,43.92164878845215,0.38569439947605133,0.23057758808135986,0.573525607585907,17.836856842041016,12.267510414123535,23.786997032165527,0.05462808907032013,0.014787692669779062,0.10911257565021515,0.0398,0.0,0.11231899,0.06078663,0.04713602,03,False,False
2024-25,2025-03-08,Pennsylvania,0,0.9781385362148285,0.7889486849308014,1.1860694885253906,0.18384402990341187,0.04964419156312944,0.3517407774925232,26.954346656799316,19.355509757995605,36.58135223388672,0.5100683569908142,0.327153554558754,0.7315803587436676,16.376829147338867,11.536226844787597,21.155656433105474,0.05935579538345337,0.017615649849176407,0.1133197620511055,0.0356,0.0,0.11088294,0.06552428,0.05155688,03,False,False
2024-25,2025-03-08,Pennsylvania,1,0.8237137496471405,0.6286404073238373,1.1291275024414062,0.3976670503616333,0.12434461787343029,0.6352947771549226,24.92404556274414,18.812610244750978,31.48831558227539,0.5218276381492615,0.348659360408783,0.7231051445007325,17.7446928024292,11.99233627319336,23.56740894317627,0.06365203857421875,0.01636575646698475,0.12111923843622208,0.039,0.0,0.11159909,0.06972846,0.05178805,03,False,False
2024-25,2025-03-08,Pennsylvania,2,1.0490285754203796,0.8475047945976257,1.3798034191131592,0.17715248465538025,0.03602539449930196,0.37537575066089635,29.039169311523438,16.365394592285156,46.892144775390626,0.47799405455589294,0.29774269461631775,0.7064133882522583,18.84505271911621,12.040525150299073,25.879030799865724,0.051004502922296524,0.015163729898631573,0.09914511442184448,0.0421,0.0,0.11128324,0.05675046,0.04506432,03,False,False
2024-25,2025-03-08,Vermont,0,1.087769865989685,0.718211966753006,1.5043821334838867,0.32913075387477875,0.08194361627101898,0.628171753883362,24.98229217529297,13.99942045211792,35.8421630859375,0.14698068797588348,0.10018901377916337,0.20671697407960893,13.701422691345215,8.184591293334961,19.755691528320312,0.07492221891880035,0.01804131641983986,0.15434403717517853,0.0422,0.0,0.11366139,0.0849509,0.06513121,03,False,False
2024-25,2025-03-08,Vermont,1,1.123472809791565,0.8204683542251587,1.4911754965782167,0.2734557092189789,0.05195013023912907,0.5634266138076782,29.997068405151367,20.871374130249023,41.15713882446289,0.13913220167160034,0.09875373393297196,0.19236614704132082,12.763551712036133,7.916467666625977,18.14867401123047,0.06473878026008606,0.017108456790447236,0.13226385414600372,0.0436,0.0,0.11139678,0.07266602,0.05696497,03,False,False
2024-25,2025-03-08,Vermont,2,0.9421049356460571,0.6665434360504151,1.3700791597366333,0.4078621566295624,0.17570852637290954,0.6465301573276521,26.45961570739746,19.334102630615234,34.63743209838867,0.156430222094059,0.1019492894411087,0.22814801335334778,13.28817367553711,7.972694301605225,19.025026321411133,0.07971210405230522,0.019131443835794938,0.15495195388793948,0.0408,0.0,0.11038559,0.08697598,0.06537833,03,False,False
2024-25,2025-03-08,Wyoming,0,0.9492050409317017,0.6790455102920533,1.2631546258926392,0.2523921877145767,0.05374116450548172,0.5221158862113953,26.12140655517578,15.250931739807129,38.779035568237305,0.3849836587905884,0.21419143527746204,0.6203854739665985,9.744272232055664,5.671920967102051,14.140111923217773,0.0694909319281578,0.019723601453006268,0.13365228474140167,0.0312,0.0,0.11274369,0.07703488,0.05886573,03,False,False
2024-25,2025-03-08,Wyoming,1,0.9832200706005096,0.7150007486343384,1.276067852973938,0.253844678401947,0.06418002396821976,0.4907443046569825,26.536723136901855,15.991819381713867,38.63985290527345,0.3527654707431793,0.20640343427658084,0.5443729758262634,9.360689640045166,5.439940738677978,13.936302185058594,0.06668441370129585,0.016576502472162247,0.13053860813379287,0.0401,0.0,0.11161058,0.07358237,0.05672449,03,False,False
2024-25,2025-03-08,Wyoming,2,0.9485641121864319,0.6867809891700745,1.3915773630142212,0.27662310004234314,0.08410169929265976,0.5007928907871247,26.587812423706055,17.165283203125,38.80878448486328,0.3831857144832611,0.20356495678424835,0.6057222783565522,9.29810380935669,5.5016100883483885,13.759819030761719,0.06655276194214821,0.021569008007645607,0.12337002903223038,0.0288,0.0,0.11330134,0.07227202,0.05535844,03,False,False
2024-25,2025-03-15,Alaska,0,0.9610798358917236,0.7206003069877625,1.2641574144363403,0.2675591707229614,0.07688539177179338,0.5011405348777771,27.885377883911133,17.353035926818848,43.080142974853516,0.20629769563674927,0.11317372620105744,0.30564349889755255,12.352095603942871,7.775040626525879,17.531604766845703,0.07538911700248718,0.02060926463454962,0.14413802325725555,0.034,0.0,0.11065005,0.07913017,0.06115511,03,False,False
2024-25,2025-03-15,Alaska,1,0.921023964881897,0.6957853436470032,1.1623666167259217,0.21546421945095062,0.04850088804960251,0.44016048312187195,28.434144973754883,17.175926208496097,41.74495620727539,0.3014202415943146,0.1627778857946396,0.4603361487388611,10.958161354064941,7.043858098983765,15.465174674987793,0.06901902705430984,0.01771788261830807,0.1370888501405716,0.0394,0.0,0.1122634,0.07369014,0.05711448,03,False,False
2024-25,2025-03-15,Alaska,2,0.9691398739814758,0.7130898833274841,1.288728404045105,0.26220446825027466,0.073958095908165,0.5047101378440857,30.59898090362549,20.113953590393066,44.56398925781251,0.19597215950489044,0.10816509127616883,0.301958829164505,13.066627502441406,8.070988655090332,19.2026309967041,0.07023058086633682,0.01880893521010876,0.13862168788909912,0.0353,0.0,0.11135572,0.07309065,0.05744709,03,False,False
2024-25,2025-03-15,California,0,0.9394016265869141,0.7664638459682465,1.1138402223587036,0.15379997342824936,0.026313917711377144,0.32524925470352173,21.44136905670166,9.846645545959472,32.611799240112305,0.3524310886859894,0.21826541423797607,0.5067414581775666,25.753239631652832,18.668009567260743,32.93962097167969,0.041356660425662994,0.012344935443252325,0.07799205183982849,0.0362,0.0,0.11243578,0.04510563,0.03555026,03,False,False
2024-25,2025-03-15,California,1,0.9436231851577759,0.7982127785682678,1.1063802599906922,0.1397511214017868,0.02821104042232038,0.2901976764202118,19.716047286987305,9.69288444519043,30.296037673950195,0.34165577590465546,0.2238670364022255,0.4705332040786744,25.980045318603516,18.305452346801758,33.602725982666016,0.03887234441936016,0.01174243539571762,0.07752115279436111,0.0441,0.0,0.1139577,0.04377558,0.03477691,03,False,False
2024-25,2025-03-15,California,2,0.9432569742202759,0.7908071875572205,1.0888197422027588,0.12895675003528595,0.022785544767975813,0.2680748701095581,20.35438346862793,8.280943679809571,34.8321418762207,0.37094083428382874,0.22772110998630524,0.525290721654892,23.258108139038086,16.981126976013183,30.160220909118653,0.039586812257766724,0.01183130219578743,0.07344430312514305,0.0381,0.0,0.11044868,0.04361572,0.03424508,03,False,False
2024-25,2025-03-15,New York,0,0.9882058501243591,0.7781160175800323,1.2200596928596497,0.17265401035547256,0.021595645882189273,0.3936322033405304,30.453618049621582,18.67487144470215,44.30885200500489,0.31955212354660034,0.20330989360809326,0.4547025501728058,21.53404712677002,14.167458629608154,29.057479476928712,0.051879290491342545,0.013351354748010637,0.10206907987594604,0.0497,0.0,0.11003494,0.0582189,0.04571885,03,False,False
2024-25,2025-03-15,New York,1,0.9661082923412323,0.7163654565811157,1.158955693244934,0.18772673606872559,0.022262318246066594,0.4425744801759722,26.55053424835205,15.007421493530273,42.40041084289551,0.37258172035217285,0.23363076150417328,0.5426340222358704,18.755157470703125,12.706882190704345,24.94163818359375,0.054231805726885796,0.013338172156363726,0.11213704049587254,0.0491,0.0,0.11059353,0.0627577,0.04753469,03,False,False
2024-25,2025-03-15,New York,2,0.9652913212776184,0.7311297178268432,1.2376244068145754,0.1984335035085678,0.03745394609868527,0.43130319714546206,27.53416347503662,15.003392219543457,44.08067092895508,0.36418263614177704,0.22664909958839416,0.5224652886390686,19.430559158325195,13.588922500610352,25.305578231811523,0.06292497366666794,0.0159519923850894,0.12168310433626175,0.0415,0.0,0.11317898,0.07010397,0.05453787,03,False,False
2024-25,2025-03-15,Pennsylvania,0,0.9587796330451965,0.6756423115730286,1.3238943338394167,0.33503544330596924,0.09400702267885208,0.6001077115535738,32.0085334777832,20.49813003540039,48.17837142944336,0.4877927005290985,0.3205786943435669,0.6746436357498169,14.985088348388672,10.32692461013794,19.656088447570802,0.05699879303574562,0.015125113539397717,0.11030349954962733,0.0438,0.0,0.11127436,0.06284289,0.04811011,03,False,False
2024-25,2025-03-15,Pennsylvania,1,0.9619524776935577,0.7777523934841156,1.1381019473075866,0.18787579983472824,0.04942206293344498,0.3614058792591095,22.09388256072998,12.244008731842042,33.49547576904297,0.6426509618759155,0.48095485568046575,0.8122504711151123,12.97693920135498,9.214400291442871,16.892756271362305,0.048087362200021744,0.01241845041513443,0.09444332569837571,0.0482,0.0,0.10999529,0.05390069,0.04263658,03,False,False
2024-25,2025-03-15,Pennsylvania,2,0.9249206781387329,0.7383332967758178,1.1224802255630493,0.2525649964809418,0.07642190903425217,0.4513699561357498,24.118839263916016,17.45756721496582,32.647878646850586,0.5672205090522766,0.38864040076732637,0.7752634286880493,13.86903190612793,9.485498714447022,18.7362699508667,0.04468357190489769,0.013144642114639282,0.08808618262410164,0.0395,0.0,0.11300844,0.04937117,0.03871643,03,False,False
2024-25,2025-03-15,Vermont,0,1.0253268480300903,0.7373376011848449,1.4446972370147706,0.32030709087848663,0.10404833480715753,0.5769287407398225,27.705245971679688,20.03168487548828,36.30092163085938,0.15420620143413544,0.10755486413836479,0.2143495470285416,14.743423461914062,8.644546508789062,21.948391342163088,0.06752507016062737,0.01869942415505648,0.13906341940164568,0.0384,0.0,0.11256037,0.07833283,0.0604162,03,False,False
2024-25,2025-03-15,Vermont,1,1.0102370977401733,0.687444007396698,1.4368257522583008,0.4307989329099655,0.18553632497787476,0.6747462213039398,28.459707260131836,21.180359077453613,36.712211227416994,0.14720332622528076,0.09979639425873757,0.20770278722047805,13.126148700714111,8.19141674041748,18.234165573120116,0.07892367616295815,0.022196345031261444,0.1494848966598511,0.0327,0.0,0.11312302,0.08508408,0.06425173,03,False,False
2024-25,2025-03-15,Vermont,2,1.11155104637146,0.7578131973743439,1.6137373328208924,0.3580215275287628,0.10806832686066628,0.6468653082847595,30.138765335083008,22.049048042297365,38.5278434753418,0.13134633004665375,0.09572391137480736,0.17636969387531282,14.984522819519043,9.22162036895752,21.726317787170412,0.07488086074590683,0.017734748870134355,0.15400662869215012,0.0458,0.0,0.11120091,0.08635121,0.0675176,03,False,False
2024-25,2025-03-15,Wyoming,0,0.9883777499198914,0.7297582626342773,1.2518539428710938,0.24022865295410156,0.053549244999885566,0.46983975172042847,27.227685928344727,16.885914230346682,38.570200347900396,0.3902636617422104,0.2312198325991631,0.5938108086585999,9.464111328125,5.64394474029541,13.595602035522463,0.05961428955197334,0.015274760313332083,0.12049414217472076,0.0432,0.0,0.11159835,0.06799169,0.05193311,03,False,False
2024-25,2025-03-15,Wyoming,1,1.0268256068229675,0.7516013979911804,1.4679082274436952,0.2215282991528511,0.04300001561641694,0.46023640036582947,28.50102710723877,17.252438354492188,40.6253547668457,0.39464475214481354,0.21810702979564667,0.6413186728954315,10.051355361938477,5.853847455978394,14.939759254455566,0.059406887739896774,0.013365374878048897,0.12441956698894503,0.056,0.0,0.11139081,0.07034956,0.05332406,03,False,False
2024-25,2025-03-15,Wyoming,2,0.9758101105690002,0.7234591901302337,1.3085601329803471,0.2513941824436188,0.07573979869484905,0.483076736330986,28.282042503356934,16.782235145568848,39.91032791137695,0.3887159824371338,0.22128798067569733,0.6161148548126223,11.162766456604004,6.2824273109436035,17.565180397033693,0.0686364434659481,0.01879844442009926,0.13625389337539673,0.0358,0.0,0.11360214,0.07825027,0.05875752,03,False,False
2024-25,2025-03-22,Alaska,0,0.7982086539268494,0.6067044675350189,1.0592202425003054,0.3319415748119354,0.09311308413743974,0.5719041228294373,24.859183311462402,16.439579010009766,39.0526123046875,0.20445400476455688,0.09965847432613373,0.32568278908729553,11.80264139175415,7.306549310684204,16.85478229522705,0.08540615066885948,0.028015420213341725,0.1491827666759491,0.0166,0.0,0.11242487,0.07541895,0.0569923,03,False,False
2024-25,2025-03-22,Alaska,1,0.809394508600235,0.6000000238418579,1.1352423429489136,0.3111412823200226,0.09857937395572663,0.5199903249740601,24.126853942871094,15.03628158569336,38.554069137573244,0.2550846338272095,0.10920584946870804,0.4186338216066361,11.309823036193848,7.1311492919921875,15.613951301574708,0.08861490339040756,0.02592890039086342,0.15527582168579102,0.0272,0.0,0.11218646,0.07591133,0.05688848,03,False,False
2024-25,2025-03-22,Alaska,2,0.8909368216991425,0.6337245106697083,1.2485238313674927,0.2594778537750244,0.06018367037177086,0.5313060879707336,24.577505111694336,15.816738510131836,40.762909698486325,0.1739187389612198,0.08478800654411317,0.27389110028743746,10.673436641693115,6.403541564941406,14.511343002319336,0.08311838656663895,0.0283511970192194,0.1483124941587448,0.0209,0.0,0.10985671,0.07402959,0.05742528,03,False,False
2024-25,2025-03-22,California,0,0.9535305500030518,0.809112548828125,1.0881562232971191,0.11458225548267365,0.018915169872343547,0.24771037548780442,20.171173095703125,9.648190784454346,31.84844970703125,0.3213215172290802,0.20726737529039382,0.4461117058992386,27.98122787475586,20.99683952331543,35.13956909179688,0.03851264528930187,0.012645680829882622,0.07319591715931893,0.0351,0.0,0.10842847,0.04245331,0.03352136,03,False,False
2024-25,2025-03-22,California,1,0.9229540824890137,0.7667719721794128,1.0771199464797974,0.12568292766809464,0.017666335776448258,0.29768237471580505,23.338967323303223,11.116189002990723,38.390419006347656,0.35236145555973053,0.2282610446214676,0.48133796751499186,25.993408203125,18.67913570404053,33.53840637207031,0.04044719785451889,0.013133113179355862,0.07286952361464502,0.0349,0.0,0.11119434,0.04377304,0.0338553,03,False,False
2024-25,2025-03-22,California,2,0.971050351858139,0.8113336563110352,1.1128015875816346,0.11134849116206169,0.018090087920427322,0.24742495268583298,20.497429847717285,8.267275810241701,33.18285369873047,0.3112962245941162,0.19210576713085176,0.4463259637355805,26.58580207824707,19.294946670532227,34.41656684875488,0.03577875718474388,0.013356417883187532,0.0639197662472725,0.0277,0.0,0.11160041,0.03859625,0.03074848,03,False,False
2024-25,2025-03-22,New York,0,0.9932824373245239,0.7710561215877534,1.192196011543274,0.1424265205860138,0.016939351148903378,0.36047022938728335,27.10162353515625,14.904525756835938,41.16879653930664,0.3717644214630127,0.23647913336753845,0.5304518938064575,19.295076370239258,13.087234210968019,26.168350791931154,0.04882526770234108,0.013160596229135992,0.09644750058650971,0.0436,0.0,0.1117368,0.05488821,0.04302259,03,False,False
2024-25,2025-03-22,New York,1,1.0161842107772827,0.8223004817962647,1.2091766595840454,0.13153435289859772,0.01793586462736131,0.33305996656417847,29.280092239379883,17.373960494995117,43.6343433380127,0.33807986974716187,0.21218921542167665,0.48673267662525177,23.261706352233887,16.017588043212893,31.163915634155273,0.0465413685888052,0.011378415673971177,0.09277797788381581,0.0528,0.0,0.11333188,0.05317897,0.04094161,03,False,False
2024-25,2025-03-22,New York,2,0.9922927021980286,0.7378454804420471,1.1701468229293823,0.191022127866745,0.027356883883476256,0.4472593665122986,25.541144371032715,14.946074867248536,37.13922119140625,0.3558274507522583,0.22940367162227632,0.4972527325153351,22.126371383666992,15.52370367050171,29.15341567993164,0.049483753740787506,0.012170926667749882,0.10145535096526147,0.0486,0.0,0.11232793,0.05754907,0.04407106,03,False,False
2024-25,2025-03-22,Pennsylvania,0,1.0501187443733215,0.8214025497436523,1.304406762123108,0.17376689612865448,0.03519581705331803,0.3654844641685487,30.62006950378418,21.17801856994629,41.439453125,0.4674736261367798,0.3103473722934723,0.6658748984336853,17.136000633239746,11.561840057373047,22.672718048095703,0.044730689376592636,0.010951722972095013,0.09488748461008073,0.0568,0.0,0.11290211,0.05280909,0.04159196,03,False,False
2024-25,2025-03-22,Pennsylvania,1,0.9698213934898376,0.7381035685539246,1.160494327545166,0.1972576007246971,0.03379959464073182,0.4318544864654541,24.435072898864746,15.459521865844728,33.362280273437506,0.568838894367218,0.3971538901329041,0.743824303150177,14.348779678344727,10.043644905090332,18.79115104675293,0.05178277939558029,0.014055261388421059,0.09962179735302926,0.0405,0.0,0.11046598,0.0566123,0.0443339,03,False,False
2024-25,2025-03-22,Pennsylvania,2,0.938912957906723,0.6997089982032776,1.1971940994262695,0.22769217193126678,0.053212471306324005,0.4511074125766754,26.408161163330078,16.037328147888186,38.006492614746094,0.5680167376995087,0.38174930214881897,0.7861852169036866,17.191049575805664,11.665681838989258,22.755251693725587,0.05193404108285904,0.01395541084930301,0.10171379074454308,0.0407,0.0,0.11165155,0.05751423,0.04476464,03,False,False
2024-25,2025-03-22,Vermont,0,1.0500612258911133,0.7622432351112366,1.591849684715271,0.312838613986969,0.0945230007171631,0.5871374726295471,28.97772979736328,20.799922943115234,37.83823776245117,0.1781211793422699,0.1154137372970581,0.25461890697479256,14.223349571228027,9.02049446105957,19.721216201782227,0.06474505364894867,0.01716528832912445,0.1284894347190857,0.0397,0.0,0.11332802,0.07027161,0.05344307,03,False,False
2024-25,2025-03-22,Vermont,1,1.0973389148712158,0.803055739402771,1.5075232028961183,0.3286481499671936,0.09880620986223221,0.5856028199195862,27.489516258239746,18.224009704589843,35.584716796875,0.16602982580661774,0.11236309260129929,0.24092119932174683,14.268206596374512,8.977666854858398,19.656625747680664,0.07493234053254128,0.020714491605758667,0.14463257789611816,0.0359,0.0,0.10930129,0.08146433,0.06287942,03,False,False
2024-25,2025-03-22,Vermont,2,1.1301110982894897,0.8693102598190308,1.5350791215896606,0.26300089061260223,0.06297250092029572,0.5454332828521729,29.63086700439453,21.995708465576172,37.58711624145508,0.15150543302297592,0.10892827063798904,0.1983565703034401,15.310059547424316,9.869018459320069,20.91753559112549,0.06394784152507782,0.015008090995252132,0.12821674793958665,0.0473,0.0,0.11316333,0.07054246,0.0550919,03,False,False
2024-25,2025-03-22,Wyoming,0,1.0017449259757996,0.7471473813056946,1.3266178369522095,0.23074981570243835,0.051495493948459634,0.45749518275260925,28.45227336883545,18.722408294677734,39.68672180175781,0.39759281277656555,0.23425474762916565,0.6115339398384094,12.369251251220703,6.834952735900879,20.87234115600586,0.053080132231116295,0.01243855431675911,0.10733620077371597,0.0553,0.0,0.11245036,0.06052879,0.04775008,03,False,False
2024-25,2025-03-22,Wyoming,1,0.9760202467441559,0.7224724292755127,1.2496771812438965,0.2404564470052719,0.059286460280418396,0.4687501847743989,28.81174087524414,18.99471664428711,39.27689971923829,0.4247940480709076,0.24691062420606613,0.6479764580726624,10.002081871032715,6.248022556304932,13.984299850463866,0.06185818091034889,0.015184552408754826,0.12083933949470523,0.0446,0.0,0.11097039,0.06884071,0.05342685,03,False,False
2024-25,2025-03-22,Wyoming,2,0.9799727499485016,0.7507935881614685,1.3312590599060063,0.2309618890285492,0.050482381135225296,0.4573715925216675,27.885597229003906,17.702545166015625,39.85558319091797,0.4113619327545166,0.23243889212608337,0.6245696544647217,10.795572280883789,6.086505889892578,18.677555084228516,0.06144680641591549,0.014942461624741554,0.12948982268571854,0.0492,0.0,0.11282514,0.07113222,0.05457649,03,False,False
2024-25,2025-03-29,Alaska,0,0.929893970489502,0.674606442451477,1.2722549438476562,0.25372612476348877,0.055498156696558,0.5097682476043701,30.596637725830078,19.769700431823733,44.12970352172852,0.24791470170021057,0.12750247418880464,0.3998619616031647,11.161195755004883,7.367778778076172,15.56043529510498,0.07850462943315506,0.024674447253346443,0.14599718600511552,0.0245,0.0,0.11258303,0.08703305,0.06475866,03,False,False
2024-25,2025-03-29,Alaska,1,0.968552827835083,0.7406910061836243,1.2191433906555176,0.20773519575595856,0.04651690274477005,0.41084906458854675,26.769577026367188,15.790960311889648,39.680973052978516,0.22788898646831512,0.1283639505505562,0.34847691655158997,13.351506233215332,8.551231193542481,18.49906349182129,0.061910197138786316,0.01772563885897398,0.11859467923641206,0.035,0.0,0.11355633,0.07204407,0.05486708,03,False,False
2024-25,2025-03-29,Alaska,2,0.9630013704299927,0.7257363259792328,1.2066962718963623,0.22415508329868317,0.048474734649062164,0.45236149430274963,28.548307418823242,17.130596160888672,42.245753860473634,0.22096890211105347,0.1239100992679596,0.33092794716358187,12.687833786010742,8.175207138061523,17.89893321990967,0.06744235008955002,0.01907107569277287,0.12899740338325502,0.034,0.0,0.11118646,0.07798555,0.05795038,03,False,False
2024-25,2025-03-29,California,0,0.9446763396263123,0.795898175239563,1.0895018577575684,0.12147508561611176,0.020649273879826072,0.2560943901538849,17.9558048248291,4.766983509063721,34.470161056518556,0.4114855080842972,0.267593052983284,0.5690916836261749,26.38343620300293,19.698076629638674,33.11228218078613,0.03888058848679066,0.012621137872338295,0.07304848730564119,0.0309,0.0,0.11207252,0.04264743,0.03321523,03,False,False
2024-25,2025-03-29,California,1,0.9468605220317841,0.8105103015899658,1.0869045376777648,0.10671502351760864,0.01744726300239563,0.2345758080482483,21.591949462890625,8.7602294921875,36.03257369995117,0.3458009213209152,0.21439293622970582,0.4873662978410721,25.270883560180664,18.799514770507812,32.28548812866211,0.03611060976982117,0.012985109072178603,0.06224831156432629,0.0283,0.0,0.11153838,0.03841544,0.03045151,03,False,False
2024-25,2025-03-29,California,2,0.906358540058136,0.733955442905426,1.055238151550293,0.12133317440748215,0.014962876215577126,0.2869809865951538,23.543903350830078,10.098577499389648,36.401237106323244,0.39355725049972534,0.25136072635650636,0.5509984016418458,26.053664207458496,19.310593605041504,33.205260848999025,0.04410772584378719,0.013562609907239677,0.08070997148752213,0.0363,0.0,0.11234671,0.04786956,0.0371008,03,False,False
2024-25,2025-03-29,New York,0,0.9582110643386841,0.7064460277557373,1.1452131032943726,0.169840969145298,0.023628579452633858,0.40326328575611115,27.00307846069336,15.715435028076172,39.83173942565918,0.38857491314411163,0.2443454682826996,0.5453371345996857,20.612204551696777,14.52978057861328,26.944033622741703,0.04667721316218376,0.011418319214135412,0.09382991269230845,0.0521,0.0,0.11017118,0.05338927,0.04194123,03,False,False
2024-25,2025-03-29,New York,1,0.9455116391181946,0.7285302162170411,1.1479929327964784,0.15650949627161026,0.020520265772938737,0.38031394183635714,27.712858200073242,14.544501304626465,42.048805236816406,0.4037388116121292,0.2506802022457123,0.5797585546970367,17.94587516784668,12.716326713562012,24.011623573303225,0.05147526413202286,0.014269788935780526,0.1025917246937752,0.0418,0.0,0.11258541,0.05736966,0.04438691,03,False,False
2024-25,2025-03-29,New York,2,0.9932683110237122,0.7513625621795654,1.2225874662399292,0.16359324753284454,0.02753855101764202,0.3583273887634278,26.173269271850586,11.03186016082764,41.87235908508302,0.3539215475320816,0.22448447346687317,0.49666300415992737,23.700912475585938,16.370247077941894,31.136698532104493,0.04852484352886677,0.011216926388442516,0.09807363897562033,0.0537,0.0,0.11227898,0.05565865,0.04360442,03,False,False
2024-25,2025-03-29,Pennsylvania,0,1.0282608270645142,0.7806890070438385,1.3116786479949951,0.19679582118988037,0.04183856658637524,0.38940683305263535,33.8089485168457,22.30739803314209,48.292759323120116,0.5148218870162964,0.3280620932579041,0.7247962057590485,20.500486373901367,14.630362796783448,26.15592441558838,0.05016881972551346,0.014887298550456764,0.09533124417066574,0.0354,0.0,0.11328854,0.05587202,0.04395358,03,False,False
2024-25,2025-03-29,Pennsylvania,1,0.9542639851570129,0.7117014348506928,1.1719389796257023,0.20406890660524368,0.03233828581869602,0.46193328499794006,31.16649055480957,21.453390312194824,44.11686706542969,0.5698258876800537,0.37680580615997317,0.7738006353378296,15.262798309326172,10.986995506286622,19.776165390014647,0.05765732377767563,0.018803673423826696,0.10587603673338894,0.0266,0.0,0.11124135,0.06264973,0.04839096,03,False,False
2024-25,2025-03-29,Pennsylvania,2,1.0350379943847656,0.8390472650527954,1.2024331569671631,0.12910126149654388,0.022130349650979042,0.2785562425851822,30.007949829101562,21.163772583007812,39.91413497924805,0.5169660151004791,0.34471131265163424,0.7282417953014374,19.225302696228027,13.768828487396242,24.3185977935791,0.03696659207344055,0.010182805359363556,0.07451602146029472,0.0523,0.0,0.11131905,0.04196611,0.03356572,03,False,False
2024-25,2025-03-29,Vermont,0,1.1746305227279663,0.8678730309009552,1.8302104473114014,0.35388511419296265,0.12335368990898132,0.6117577731609347,30.256895065307617,23.13974952697754,38.694776916503905,0.15129635483026505,0.10385868400335312,0.20611867308616638,16.680973052978516,10.117471694946289,24.518833541870116,0.07374143227934837,0.020729459635913373,0.1430206865072251,0.0311,0.0,0.11227213,0.07956325,0.06085108,03,False,False
2024-25,2025-03-29,Vermont,1,1.070997416973114,0.7423360347747803,1.4987149477005006,0.34603844583034515,0.09485297054052355,0.6280907392501831,30.246695518493652,22.281701278686523,38.55527725219727,0.1786925420165062,0.12071480005979539,0.24689211547374726,15.893348693847656,9.450261688232422,23.370731353759766,0.0701659619808197,0.0194427015259862,0.13423858135938646,0.0356,0.0,0.1106247,0.07578554,0.0579585,03,False,False
2024-25,2025-03-29,Vermont,2,1.1843623518943787,0.8684836089611053,1.6649698138237001,0.31697556376457214,0.09198006540536881,0.5615879893302917,32.58706474304199,23.738746643066406,41.62644653320313,0.15686027705669403,0.10962923616170883,0.21735522150993347,14.70762014389038,9.717229747772217,20.277524948120117,0.06600290536880493,0.015121961571276188,0.1421498626470566,0.0521,0.0,0.11415487,0.07454389,0.0575935,03,False,False
2024-25,2025-03-29,Wyoming,0,0.9877257347106934,0.7374878525733948,1.2887128829956056,0.21912959218025208,0.0460128378123045,0.45842350721359254,30.166196823120117,18.196604919433597,43.410725402832036,0.39767104387283325,0.22936885058879852,0.6071090459823609,10.158105373382568,6.330668830871582,14.922319316864014,0.057772401720285416,0.014348264783620834,0.12021007388830186,0.0486,0.0,0.1128983,0.06667634,0.05131853,03,False,False
2024-25,2025-03-29,Wyoming,1,0.9744063019752502,0.7115562498569489,1.2125517010688782,0.21449186652898788,0.04507745280861855,0.4614504098892212,29.10059356689453,18.856504821777346,40.96781272888184,0.42495210468769073,0.2578650921583176,0.640574586391449,9.548567295074463,6.205385637283325,13.107038402557373,0.0585116446018219,0.014421716704964638,0.12515219300985336,0.048,0.0,0.11207558,0.06824585,0.05226883,03,False,False
2024-25,2025-03-29,Wyoming,2,1.0396910905838013,0.8009070336818696,1.4073922991752625,0.20357846468687057,0.03887816444039345,0.4445668548345566,28.952688217163086,18.50288505554199,40.415442657470706,0.35708899796009064,0.2152057856321335,0.5297037959098816,10.128082275390625,6.16988468170166,15.127674102783203,0.058546293526887894,0.015105625987052918,0.11863990798592568,0.0447,0.0,0.10980196,0.066199,0.05204606,03,False,False
2024-25,2025-04-05,Alaska,0,0.8930043876171112,0.6434839963912964,1.2162896156311038,0.2617098093032837,0.06774390414357186,0.4870370030403137,27.373262405395508,16.88025665283203,41.39964942932129,0.21846535056829453,0.12140159830451012,0.3271711766719818,12.30503225326538,7.86810302734375,17.300872802734375,0.07600264251232147,0.022695152647793294,0.13674409091472625,0.027,0.0,0.11241846,0.07766001,0.05994502,04,True,False
2024-25,2025-04-05,Alaska,1,0.9092501997947693,0.6629369616508485,1.2069926738739014,0.25140222907066345,0.0650602824985981,0.446577250957489,27.8464298248291,17.80545539855957,42.386966705322266,0.2180234044790268,0.10862716287374496,0.3557198643684387,12.449373245239258,7.9473652839660645,17.189895057678225,0.06723558530211449,0.02181055210530758,0.12113351151347164,0.0279,0.0,0.11295562,0.0684382,0.05271933,04,True,False
2024-25,2025-04-05,Alaska,2,0.8788048923015594,0.6667917966842651,1.1187121868133545,0.21456278860569,0.05309827625751498,0.397268357872963,26.154815673828125,15.74007844924927,38.46137237548828,0.25437211990356445,0.1305622339248657,0.39236143231391907,10.962908744812012,7.011833095550538,15.188247680664062,0.07220184803009033,0.024041672796010976,0.13024262338876724,0.0218,0.0,0.11142,0.07373781,0.05691277,04,True,False
2024-25,2025-04-05,California,0,0.9513623714447021,0.8214520215988159,1.0897021055221559,0.101280577480793,0.01589731127023697,0.22396771609783173,20.357394218444824,6.470935201644901,36.42076568603516,0.37088342010974884,0.2501356929540634,0.5062596917152405,27.25057029724121,20.402238845825195,34.49875755310059,0.03891769051551819,0.013192928396165371,0.07032667100429535,0.0291,0.0,0.11137947,0.0426922,0.03449627,04,True,False
2024-25,2025-04-05,California,1,0.9371349215507507,0.7747791409492493,1.0959231019020081,0.11917252093553543,0.015027055516839027,0.27449949979782107,25.83356475830078,12.671000480651855,39.49678649902344,0.3448527306318283,0.21198015362024308,0.4968814760446549,25.031596183776855,18.19540367126465,32.32838821411133,0.04134873487055302,0.014316764660179615,0.07578964382410051,0.0286,0.0,0.11075637,0.04540661,0.03558976,04,True,False
2024-25,2025-04-05,California,2,0.9363779425621033,0.7949456572532654,1.1060254096984863,0.1325473040342331,0.02976665273308754,0.2598700731992722,20.81300163269043,7.409223556518555,35.1882080078125,0.3874408155679703,0.25483375787734985,0.5373868942260742,25.199397087097168,18.76629810333252,31.82869529724121,0.03594284504652023,0.010840966366231441,0.06831337809562683,0.0403,0.0,0.1112343,0.03975271,0.03125952,04,True,False
2024-25,2025-04-05,New York,0,0.9656959772109985,0.7624817073345185,1.180946946144104,0.15702563524246216,0.02922510914504528,0.34518384933471685,26.287395477294922,13.595995426177982,38.79717597961426,0.3883393108844757,0.2535900890827179,0.5502797901630403,21.09943962097168,14.913457393646242,27.265186309814453,0.041516177356243134,0.010242442600429058,0.08536089956760406,0.0544,0.0,0.11150923,0.04792023,0.03754047,04,True,False
2024-25,2025-04-05,New York,1,0.9938138127326965,0.8017993867397308,1.1849435448646546,0.1358213573694229,0.017543676681816587,0.3402264714241028,24.334970474243164,10.448044776916504,38.811623382568364,0.37699897587299347,0.23486516922712328,0.5240061283111572,18.897598266601562,13.729026794433594,24.07984199523926,0.04354260489344597,0.010663224942982202,0.09187151566147805,0.0561,0.0,0.11253901,0.05105273,0.03961548,04,True,False
2024-25,2025-04-05,New York,2,1.011562705039978,0.7910618185997009,1.2163984775543213,0.16052831709384918,0.028301848098635674,0.35855842828750617,28.061955451965332,16.484261131286623,40.47655639648438,0.318700835108757,0.20033381432294847,0.4454484850168229,21.78492832183838,15.3378342628479,28.491851806640625,0.04009293392300606,0.010316655971109867,0.08870156109333038,0.0597,0.0,0.11223829,0.04760327,0.03731236,04,True,False
2024-25,2025-04-05,Pennsylvania,0,0.9808007478713989,0.7766350209712982,1.2128757119178772,0.15693309158086777,0.028665674850344658,0.33974578976631165,27.61331558227539,13.621571826934815,42.23432540893555,0.588299572467804,0.3952789604663849,0.7993921637535099,21.351420402526855,14.724098587036133,28.33721351623535,0.065692488104105,0.0206725649535656,0.12224840223789217,0.0305,0.0,0.11197394,0.07200032,0.05690256,04,True,False
2024-25,2025-04-05,Pennsylvania,1,0.9070985317230225,0.6708272337913513,1.1269310116767886,0.23385967314243317,0.05278042629361154,0.4675411581993103,27.26910400390625,19.166635894775393,35.935890197753906,0.6194620728492737,0.41123998165130615,0.8448520302772523,15.420252323150635,11.07115297317505,19.747537803649905,0.058904197067022324,0.01595086045563221,0.11496159583330155,0.0388,0.0,0.11227092,0.06519662,0.04984165,04,True,False
2024-25,2025-04-05,Pennsylvania,2,1.0256270170211792,0.8476945161819458,1.2395461082458497,0.16601523756980896,0.04629838652908802,0.296551313996315,29.780961990356445,22.29216823577881,37.45335006713867,0.4827425479888916,0.32157971560955045,0.6741360425949097,21.102134704589844,15.131725788116455,27.65733833312989,0.042822690680623055,0.012009884230792524,0.08297317177057266,0.046,0.0,0.11207083,0.04756989,0.03879839,04,True,False
2024-25,2025-04-05,Vermont,0,1.2343499660491943,0.8657119572162629,1.8155657052993774,0.3765522837638855,0.1616787612438202,0.6330674886703491,33.18809509277344,25.5970401763916,40.64990997314453,0.15630672872066498,0.1100145310163498,0.2084980309009552,14.845093727111816,9.662661838531495,20.805042266845703,0.08107978850603104,0.024175474978983404,0.1506845772266388,0.0285,0.0,0.11494144,0.08547987,0.06581347,04,True,False
2024-25,2025-04-05,Vermont,1,1.2954658269882202,0.853751415014267,1.9042495965957646,0.35634975135326385,0.1319066286087036,0.6206919670104981,32.851924896240234,24.1473726272583,40.99401092529297,0.1556839868426323,0.10751812905073166,0.2175104171037674,15.096561431884766,9.66442584991455,20.35524005889893,0.08726849779486656,0.030879803001880646,0.15488378554582596,0.0191,0.0,0.11158219,0.09043031,0.07104833,04,True,False
2024-25,2025-04-05,Vermont,2,1.2549548149108887,0.855783224105835,2.078852415084839,0.4114827513694763,0.16815598756074907,0.6445173025131226,31.908656120300293,23.988743400573732,38.737857818603516,0.14944589138031006,0.10410407185554504,0.20335112512111664,14.338358879089355,9.172530460357667,19.744110107421875,0.08860886096954346,0.025928396731615067,0.1554010510444641,0.0266,0.0,0.11262429,0.08860105,0.06684124,04,True,False
2024-25,2025-04-05,Wyoming,0,0.9729415774345398,0.6995450854301453,1.2857667326927187,0.20417407155036926,0.032764505967497845,0.4220241725444794,28.662256240844727,18.95727596282959,40.15344429016113,0.38464491069316864,0.2197746217250824,0.578599750995636,10.825529098510742,6.7252624988555905,15.45551986694336,0.058295249938964844,0.015458478592336178,0.11552901566028595,0.0463,0.0,0.11081933,0.06254964,0.04834588,04,True,False
2024-25,2025-04-05,Wyoming,1,0.9831339120864868,0.7052208185195923,1.2633066058158875,0.21030405163764954,0.04361894726753235,0.43998634815216064,28.385214805603027,17.597082901000977,41.87466773986817,0.3822288513183594,0.22627023011446,0.5785706996917725,10.622952938079834,6.534778165817261,15.555771827697754,0.05953436344861984,0.01449540350586176,0.11754607409238815,0.0448,0.0,0.10951809,0.06448385,0.05081258,04,True,False
2024-25,2025-04-05,Wyoming,2,0.9694905877113342,0.7313485085964203,1.251458287239075,0.18527790158987045,0.033158568665385246,0.39147557020187385,27.301525115966797,17.56262969970703,38.566444396972656,0.4207512140274048,0.24644792079925543,0.6109237670898438,10.660008430480957,6.461615562438965,16.152041816711428,0.057346733286976814,0.01718887686729431,0.10962800160050394,0.0345,0.0,0.11384104,0.0622959,0.0485687,04,True,False
2024-25,2025-04-12,Alaska,0,0.9223358631134033,0.7019633889198303,1.1661005020141602,0.20057304203510284,0.04360971599817276,0.41364362835884094,28.237089157104492,17.2001895904541,40.94572334289551,0.24237225949764252,0.1317852884531021,0.3797317445278168,14.985030174255371,9.41170883178711,21.028237342834473,0.06455373764038086,0.01757771521806717,0.12574039697647096,0.0362,0.0,0.11314571,0.07169629,0.05498857,04,True,False
2024-25,2025-04-12,Alaska,1,0.8913511633872986,0.6633897423744202,1.20664381980896,0.2707706689834595,0.07925521582365036,0.48444941341876985,27.01853370666504,14.163398742675781,40.13102912902832,0.27565351128578186,0.1490049406886101,0.41759443283081055,12.612156867980957,8.094168758392334,17.346441650390627,0.06273164227604866,0.01569722406566143,0.12404009848833089,0.0447,0.0,0.11180845,0.06974139,0.05215527,04,True,False
2024-25,2025-04-12,Alaska,2,0.9252352714538574,0.6974730491638184,1.2515839338302615,0.22225000709295273,0.046025546640157705,0.44643184542655945,27.312868118286133,17.11638832092285,38.79448547363281,0.24542556703090668,0.13222303986549377,0.3677880525588989,15.697263717651367,9.941314697265625,21.713093185424807,0.06147046387195587,0.019408218562602997,0.11400320380926134,0.0302,0.0,0.11112018,0.0676906,0.05172145,04,True,False
2024-25,2025-04-12,California,0,0.9639081358909607,0.8019403100013733,1.114076828956604,0.1139652356505394,0.019232098013162613,0.2527040451765062,27.159805297851562,13.858278846740724,39.35345458984375,0.3487543314695358,0.22506605833768845,0.4969216346740723,27.917381286621094,20.88505802154541,34.4987174987793,0.03850976936519146,0.01435408927500248,0.0682635143399239,0.0236,0.0,0.10825736,0.04133151,0.032709,04,True,False
2024-25,2025-04-12,California,1,0.9852951765060425,0.8414359092712402,1.1281359314918518,0.10288721323013306,0.017641357146203525,0.21760078668594363,22.625425338745117,8.144555377960206,36.505547332763676,0.3504678010940552,0.2252332776784897,0.487072616815567,27.618720054626465,20.389476203918456,34.52014923095703,0.03608132526278496,0.009130611084401608,0.07330759391188622,0.0588,0.0,0.11234476,0.04138054,0.03303835,04,True,False
2024-25,2025-04-12,California,2,0.9392608404159546,0.8107416033744812,1.0836459040641784,0.10471179336309433,0.01495316959917546,0.24289290755987172,28.226134300231934,14.829020404815674,41.95124702453613,0.36745160818099976,0.23666635155677795,0.508160412311554,29.358346939086914,21.897600746154787,36.08464431762695,0.04143054410815239,0.01332146767526865,0.07572756186127663,0.0269,0.0,0.11352182,0.04472099,0.03607372,04,True,False
2024-25,2025-04-12,New York,0,0.9365807771682739,0.7196255326271057,1.1355739831924438,0.18448534607887268,0.03449220322072506,0.4040913045406342,27.027480125427246,15.252916812896729,39.79399490356445,0.40163905918598175,0.26377496421337127,0.5486231327056885,20.01738929748535,14.25119104385376,25.624784469604492,0.04731552302837372,0.011484856717288494,0.09874764084815979,0.0497,0.0,0.11279049,0.0544577,0.04270862,04,True,False
2024-25,2025-04-12,New York,1,0.9607686996459961,0.8050480484962463,1.135415780544281,0.1150079071521759,0.009932271763682365,0.28374045193195346,23.800390243530273,11.704293060302735,36.8740894317627,0.4426983594894409,0.2772432863712311,0.6228843927383423,21.549202919006348,15.649227714538574,27.160243034362793,0.03884563595056534,0.009910479187965393,0.07948484495282174,0.0563,0.0,0.11408488,0.04436613,0.03550041,04,True,False
2024-25,2025-04-12,New York,2,0.9575734734535217,0.779344129562378,1.1088927626609804,0.1331094205379486,0.01692646406590939,0.3065847545862198,23.379658699035645,12.078292560577395,34.60841865539551,0.4434797167778015,0.2918955981731415,0.6065320014953614,20.363466262817383,14.917790794372559,26.031618118286133,0.04150227643549442,0.009561549220234156,0.08937512338161469,0.0636,0.0,0.11221027,0.0494451,0.03892229,04,True,False
2024-25,2025-04-12,Pennsylvania,0,0.9625499248504639,0.7612974584102631,1.1670634746551514,0.21075161546468735,0.04647904746234417,0.40348318219184875,27.04274845123291,18.268766021728517,35.730900573730466,0.5748168230056763,0.3880444407463074,0.8013787269592285,15.661475658416748,11.44459114074707,20.237184143066408,0.04485306888818741,0.013168714568018915,0.09043795093894005,0.0431,0.0,0.11151932,0.0514673,0.04075873,04,True,False
2024-25,2025-04-12,Pennsylvania,1,0.998306393623352,0.7147610783576965,1.2389214038848877,0.22516290098428726,0.05138924084603787,0.4374807119369507,33.20223808288574,24.314306831359865,43.97706031799317,0.5115790069103241,0.3207628816366196,0.7385591804981232,20.766316413879395,14.629531192779542,27.390810394287108,0.05120674706995487,0.013655624445527792,0.10392273962497711,0.0444,0.0,0.11091918,0.05870492,0.04537727,04,True,False
2024-25,2025-04-12,Pennsylvania,2,0.9297414422035217,0.6803169250488281,1.177636742591858,0.27159665524959564,0.06714935898780823,0.5036395788192749,27.117444038391113,15.932716274261475,36.285121536254884,0.618041455745697,0.41292786598205566,0.8346955239772796,20.344080924987793,14.448929786682129,27.245582580566406,0.06788669526576996,0.020452767610549927,0.12460497692227365,0.0281,0.0,0.11120531,0.07457487,0.05583295,04,True,False
2024-25,2025-04-12,Vermont,0,1.0855926275253296,0.6888793647289276,1.61357661485672,0.3806346654891968,0.1400458663702011,0.6605237126350403,29.888232231140137,21.844846725463867,38.10966873168945,0.15175259113311768,0.1029241755604744,0.20974862873554231,12.5915846824646,7.5418866157531745,17.692663192749023,0.079865001142025,0.025891605764627457,0.14686169922351844,0.0262,0.0,0.1095979,0.08543173,0.06522213,04,True,False
2024-25,2025-04-12,Vermont,1,1.0547985434532166,0.6853044033050537,1.6083292961120605,0.3991706669330597,0.14568020403385162,0.6596664786338806,27.79634380340576,20.977365493774414,35.892791748046875,0.16210123896598816,0.10985530391335488,0.22428229451179504,12.966529846191406,7.530110836029053,19.022741317749023,0.08961419761180878,0.03401471674442291,0.15214239954948425,0.0142,0.0,0.11084584,0.09018161,0.06891333,04,True,False
2024-25,2025-04-12,Vermont,2,1.0205380320549011,0.719007134437561,1.4572977304458625,0.3101751208305359,0.06559667736291885,0.6056266129016877,27.00014877319336,18.3458158493042,37.03859367370605,0.19169852137565613,0.11771542578935623,0.2646082729101181,12.472926139831543,7.497098922729492,17.486373901367188,0.07569039613008499,0.020205380395054817,0.14982248842716217,0.0365,0.0,0.11091089,0.08047353,0.06154015,04,True,False
2024-25,2025-04-12,Wyoming,0,0.8405049443244934,0.6334829032421112,1.1648136377334595,0.28078699111938477,0.08135515451431274,0.5047350525856018,24.344453811645508,16.366904067993165,34.673552703857425,0.3846626579761505,0.19717442989349365,0.5832700133323669,10.007096767425537,5.61411190032959,14.842118167877198,0.0694645419716835,0.019676307961344723,0.13234922289848328,0.0351,0.0,0.11002103,0.06493282,0.0496481,04,True,False
2024-25,2025-04-12,Wyoming,1,0.8990640640258789,0.6530968546867371,1.205639362335205,0.25748497247695923,0.07434330284595492,0.491323322057724,23.910724639892578,15.028481483459473,36.34928588867188,0.3664626479148865,0.19466392695903778,0.57004314661026,8.936022758483887,5.225180625915527,13.298286914825441,0.06673955172300339,0.021532874554395676,0.1247723177075386,0.0255,0.0,0.11215251,0.06342217,0.04842854,04,True,False
2024-25,2025-04-12,Wyoming,2,0.8229786157608032,0.6050978899002075,1.0905094146728516,0.3244636803865433,0.11606096476316452,0.5536309480667114,24.104372024536133,15.788141441345214,34.06350326538086,0.412442147731781,0.21274596452713013,0.631180465221405,11.028861045837402,6.151818752288818,16.32328987121582,0.07312896847724915,0.02177487686276436,0.13559556007385254,0.0249,0.0,0.11166272,0.06811275,0.05075264,04,True,False
2024-25,2025-04-19,Alaska,0,0.9038663506507874,0.669406670331955,1.158495593070984,0.22302435338497162,0.055977676063776016,0.43258464336395275,27.849271774291992,17.871536827087404,39.52723541259767,0.23723329603672028,0.13042935729026794,0.3597372055053711,10.816060066223145,7.492676019668579,14.178083992004396,0.06374118477106094,0.018846239894628525,0.124109373241663,0.0343,0.0,0.11211671,0.06989898,0.05428648,04,True,False
2024-25,2025-04-19,Alaska,1,0.916947066783905,0.6609437286853791,1.24281165599823,0.22552453726530075,0.04936168901622297,0.4510980427265168,28.768245697021484,18.069034385681153,41.604278564453125,0.23320261389017105,0.12373409792780878,0.36450108885765076,13.2899169921875,8.766750240325928,17.758618354797363,0.06469559669494629,0.021341203525662426,0.11616434156894684,0.0259,0.0,0.11189348,0.06742286,0.05162417,04,True,False
2024-25,2025-04-19,Alaska,2,0.925561249256134,0.7060302913188934,1.156768798828125,0.1933579221367836,0.03565797805786133,0.39598923921585083,27.932519912719727,18.043466567993164,40.13794708251953,0.22830995172262192,0.1271378889679909,0.3465294033288956,13.465707778930664,8.83355712890625,18.163057327270508,0.06008829362690449,0.01792919635772705,0.11596384346485142,0.0351,0.0,0.11186037,0.06477898,0.04999234,04,True,False
2024-25,2025-04-19,California,0,0.9921876490116119,0.8572454333305359,1.1370402574539185,0.09968450292944908,0.01463009519502521,0.22041577994823458,22.63019371032715,9.831574440002441,35.05265312194824,0.33267220854759216,0.2265406847000122,0.4552208185195923,30.561323165893555,23.418038368225098,37.068321228027344,0.033072926104068756,0.01080942153930664,0.06403598934412003,0.036,0.0,0.11220662,0.0372148,0.02926419,04,True,False
2024-25,2025-04-19,California,1,0.9786377549171448,0.8245423913002015,1.1248745560646058,0.11953185126185417,0.025516904890537262,0.25347718596458435,20.161038398742676,6.797554016113281,32.97975158691406,0.39091454446315765,0.26857420802116394,0.5323551177978516,30.17153549194336,23.141506958007813,37.067535400390625,0.03669142723083496,0.011660180985927582,0.06763535737991333,0.0352,0.0,0.11125,0.04054736,0.03229836,04,True,False
2024-25,2025-04-19,California,2,0.944782018661499,0.7931767702102661,1.0851023435592653,0.11914870142936707,0.018060849420726305,0.27378028631210327,25.459304809570312,11.421607971191406,39.31555938720703,0.41768623888492584,0.2711568206548691,0.5755113065242767,25.925095558166504,19.603805541992188,32.19208908081055,0.03899535909295082,0.0128150824457407,0.07333206310868264,0.0368,0.0,0.11152955,0.04318199,0.03380003,04,True,False
2024-25,2025-04-19,New York,0,0.9537709951400757,0.7610405266284943,1.1669217467308044,0.15203436464071274,0.021279750391840935,0.35228753089904785,26.459209442138672,13.06847858428955,39.17662315368653,0.40487995743751526,0.2562079429626465,0.5552644729614258,18.27130126953125,13.277742385864258,23.283328247070312,0.04191463999450207,0.009538641199469566,0.0889247477054596,0.0581,0.0,0.11323614,0.04924008,0.03908924,04,True,False
2024-25,2025-04-19,New York,1,0.9739423394203186,0.7626913189888,1.1816455960273744,0.14336542785167694,0.017256958037614824,0.3432114511728288,30.4903507232666,17.904887771606447,43.77047920227052,0.3706989288330078,0.22812314331531525,0.5416707456111909,18.766056060791016,13.832683563232422,23.338520240783694,0.042237602174282074,0.010660303756594658,0.08898580819368362,0.0546,0.0,0.1101658,0.04916373,0.03921601,04,True,False
2024-25,2025-04-19,New York,2,0.9782399535179138,0.7712505459785461,1.1643909454345704,0.14178362488746643,0.01846606452018024,0.32343160212039956,26.961341857910156,13.206333827972413,40.42863769531251,0.40861091017723083,0.2556813418865204,0.5748096227645875,18.5407133102417,13.815835952758789,23.516568565368658,0.04870171844959259,0.013323013670742512,0.09572263732552529,0.0463,0.0,0.11109942,0.05522133,0.04273824,04,True,False
2024-25,2025-04-19,Pennsylvania,0,1.0139881372451782,0.8501009941101074,1.226153600215912,0.1418212279677391,0.024922058731317524,0.2994695007801056,31.500901222229004,22.740970039367678,40.92721939086914,0.5226214528083801,0.34898948669433594,0.7230759620666505,15.371209621429443,11.432777500152588,19.36444664001465,0.04366222210228443,0.015491346549242736,0.07803828865289689,0.0254,0.0,0.11178154,0.04709167,0.03685933,04,True,False
2024-25,2025-04-19,Pennsylvania,1,1.0787671208381653,0.8889194130897522,1.2640138745307923,0.11010858789086342,0.010681815445423126,0.275435546040535,38.558353424072266,28.694367980957033,48.23066711425781,0.47964897751808167,0.31275436878204343,0.6746110320091248,23.016746520996094,16.212432861328125,30.11137580871582,0.03497547656297684,0.010948694590479136,0.06630571261048317,0.0395,0.0,0.11050364,0.03866857,0.03082015,04,True,False
2024-25,2025-04-19,Pennsylvania,2,0.8749674558639526,0.6433589458465576,1.1543216705322266,0.32567253708839417,0.10486862808465958,0.5536141276359559,30.194515228271484,22.08697509765625,38.76163139343262,0.5992182493209839,0.4055580496788025,0.7921991944313049,17.10599708557129,12.285388946533203,22.59014129638672,0.062042251229286194,0.020038814470171928,0.11336280405521393,0.0287,0.0,0.11481354,0.0663873,0.05053328,04,True,False
2024-25,2025-04-19,Vermont,0,1.2356743812561035,0.8559724688529968,1.8416997194290161,0.3375236243009567,0.12125177681446075,0.5731282234191895,31.027311325073242,21.459778213500975,41.22287368774414,0.15753474086523056,0.1061831384897232,0.22154979407787323,13.208515644073486,7.438737916946412,19.63899841308594,0.08018408715724945,0.023324256762862206,0.14594187587499619,0.0283,0.0,0.11337199,0.09058397,0.06984172,04,True,False
2024-25,2025-04-19,Vermont,1,1.2107831239700317,0.8278141021728516,1.8616098165512085,0.39173825085163116,0.1568164274096489,0.6518517911434174,31.97499656677246,24.70850028991699,39.140874862670906,0.14560934901237488,0.10049142763018608,0.19803383946418762,12.652458190917969,7.350651550292969,18.5967960357666,0.08050088584423065,0.025539807975292206,0.1504267305135727,0.0242,0.0,0.11278142,0.09182049,0.07032374,04,True,False
2024-25,2025-04-19,Vermont,2,1.1459404230117798,0.8213742971420288,1.6484627246856693,0.32115796208381653,0.10038841515779495,0.5755054950714111,31.27898120880127,22.432007598876954,39.86774444580078,0.16239500045776367,0.10797435790300369,0.22391091585159303,13.250051021575928,7.969009685516358,18.4607219696045,0.06715192273259163,0.018900291994214058,0.13258098661899567,0.0338,0.0,0.11142224,0.07799176,0.05983486,04,True,False
2024-25,2025-04-19,Wyoming,0,0.8993082642555237,0.6621938049793243,1.1817460298538207,0.22919049113988876,0.06994076967239381,0.4091363728046417,23.28566837310791,14.686651897430421,32.74282150268555,0.41482768952846527,0.2265536651015282,0.6340452671051026,10.621175765991211,6.296100473403931,15.695847511291506,0.061952995136380196,0.017893657088279724,0.1172632984817028,0.0335,0.0,0.1115454,0.06742088,0.05000572,04,True,False
2024-25,2025-04-19,Wyoming,1,0.9032103419303894,0.6727323651313781,1.1959067583084106,0.21000363677740097,0.053063738346099856,0.3919552832841874,26.137622833251953,16.05763969421387,38.70928726196289,0.3634308874607086,0.18367073684930801,0.547877311706543,9.598721504211426,5.50499210357666,14.29852228164673,0.06408440321683884,0.01966465450823307,0.12081876173615456,0.03,0.0,0.10873689,0.068609,0.05141873,04,True,False
2024-25,2025-04-19,Wyoming,2,0.9081960618495941,0.6550037324428558,1.2123021364212037,0.24603765457868576,0.07902523279190064,0.43695133924484253,24.58167266845703,15.956413269042969,35.17201042175294,0.3652290403842926,0.20852891951799393,0.5511792302131653,9.33376407623291,5.733392190933228,13.58095865249634,0.07252571359276772,0.022546303272247315,0.13488797843456268,0.025,0.0,0.11301072,0.07771862,0.05811315,04,True,False
2024-25,2025-04-26,Alaska,0,0.8837566375732422,0.6726182103157043,1.1425652742385866,0.2126263827085495,0.05532663315534593,0.40662815272808084,25.332168579101562,14.818873405456543,37.301849365234375,0.26313596963882446,0.1517516255378723,0.38763055205345154,14.25462532043457,9.383095741271973,19.45378704071045,0.06711138039827347,0.020533942990005015,0.12319066375494003,0.0295,0.0,0.11237905,0.06999667,0.05346307,04,True,False
2024-25,2025-04-26,Alaska,1,0.834798276424408,0.634831428527832,1.1091713905334473,0.2519441246986389,0.07180435806512833,0.44906042814254765,27.72395610809326,18.12621307373047,38.915992736816406,0.26176872849464417,0.14522646367549896,0.38522482216358195,12.85867977142334,8.812555027008058,17.530006408691406,0.06895683705806732,0.022934787906706337,0.12429493293166163,0.0254,0.0,0.11315322,0.07193144,0.0539499,04,True,False
2024-25,2025-04-26,Alaska,2,0.9225927591323853,0.6977749228477478,1.1922728061676025,0.1916022002696991,0.041504714265465745,0.3856151849031449,27.203245162963867,16.39536952972412,40.11016006469727,0.2093605399131775,0.11962193846702576,0.31078534126281737,13.296326160430908,8.682878780364991,18.0570125579834,0.05993785336613655,0.019282824732363226,0.11376465857028961,0.028,0.0,0.11289115,0.06380281,0.04871404,04,True,False
2024-25,2025-04-26,California,0,0.9399222135543823,0.8121567964553833,1.0873435974121095,0.10715992376208305,0.016472207941114904,0.22938662171363836,25.039761543273926,10.651193428039551,38.69949607849121,0.3845921456813812,0.24459701329469682,0.5237459540367126,30.16671371459961,22.391761779785156,37.2936710357666,0.03608149476349354,0.012313631363213062,0.0666816309094429,0.0346,0.0,0.11029156,0.03992488,0.03175936,04,True,False
2024-25,2025-04-26,California,1,0.9584780633449554,0.794763594865799,1.1033642888069153,0.12250739336013794,0.023006826639175415,0.26729398369789126,21.809833526611328,8.144906997680664,35.58462600708008,0.39452406764030457,0.2597083806991577,0.5291827023029327,29.05121421813965,22.05820236206055,36.030853271484375,0.03833935968577862,0.012048415839672089,0.07262696027755737,0.0388,0.0,0.11393713,0.0426132,0.03332658,04,True,False
2024-25,2025-04-26,California,2,0.9467887580394745,0.797881954908371,1.0849024057388306,0.11094465106725693,0.015479038469493389,0.24432802200317383,24.837787628173828,10.472495937347412,40.08468627929688,0.38919705152511597,0.2604827284812927,0.5303673386573792,26.475625038146973,19.80137062072754,32.72386169433594,0.03731723129749298,0.011485522519797087,0.07229894548654557,0.0403,0.0,0.1118786,0.04175272,0.03362094,04,True,False
2024-25,2025-04-26,New York,0,0.8849301934242249,0.6754282116889954,1.1047306060791016,0.21312353014945984,0.041978193074464806,0.42488953769207033,29.152137756347656,19.439224243164062,38.8189193725586,0.3954777717590332,0.26354471743106844,0.5377456843852997,20.684423446655273,15.544649505615235,26.02462387084961,0.0469032246619463,0.01261721756309271,0.09250351935625076,0.0465,0.0,0.1128345,0.05198061,0.04062111,04,True,False
2024-25,2025-04-26,New York,1,0.9287767708301544,0.7912149429321289,1.0863068580627442,0.11270391568541527,0.018149513192474844,0.24626229554414752,24.31901264190674,12.175911903381348,38.32399711608887,0.47560441493988037,0.3073257297277451,0.6545930743217468,25.983617782592773,19.125305366516113,32.73308486938477,0.03742130845785141,0.01124610099941492,0.07412501424551012,0.0474,0.0,0.11019187,0.04153564,0.03323063,04,True,False
2024-25,2025-04-26,New York,2,0.9802291393280029,0.836626660823822,1.150011658668518,0.08743910491466522,0.008970871567726135,0.20954804122447968,27.261672973632812,15.448804187774659,40.54598770141602,0.3689192831516266,0.23453396558761597,0.5152506351470948,22.50535488128662,16.401813888549803,28.226064682006836,0.03617238253355026,0.010233513079583645,0.07277897670865062,0.0492,0.0,0.11343324,0.04029302,0.03205347,04,True,False
2024-25,2025-04-26,Pennsylvania,0,1.03256756067276,0.8238141536712646,1.2674607038497925,0.13611741364002228,0.016468804329633713,0.3186713457107544,33.23435592651367,21.204059600830078,45.49480476379395,0.5232170820236206,0.3393828600645065,0.7346506476402282,17.78147315979004,12.923001384735107,22.76927719116211,0.04527843929827213,0.01346762040629983,0.08696082308888438,0.0395,0.0,0.11304581,0.04972381,0.03951582,04,True,False
2024-25,2025-04-26,Pennsylvania,1,0.9769225716590881,0.807294636964798,1.1220446348190307,0.12759076058864594,0.02008091639727354,0.29314253330230716,31.184720993041992,19.88355751037598,42.970774078369146,0.582062840461731,0.44347274899482725,0.7259179890155792,16.847801208496094,12.46444673538208,21.34047508239746,0.043649159371852875,0.014688299037516117,0.08102380037307741,0.0302,0.0,0.11177496,0.04800556,0.03759734,04,True,False
2024-25,2025-04-26,Pennsylvania,2,1.0230532884597778,0.8616442143917084,1.2244435548782349,0.11441081017255783,0.01609751768410206,0.25687678158283234,28.192097663879395,16.906880187988282,39.75901870727539,0.5464728474617004,0.38028253316879274,0.733983725309372,16.86377239227295,12.749355792999268,20.895992279052734,0.04418396018445492,0.014284676872193813,0.0826835036277771,0.0332,0.0,0.11100318,0.04927592,0.0390211,04,True,False
2024-25,2025-04-26,Vermont,0,1.2383757829666138,0.8821427226066589,1.8411528229713443,0.3123333752155304,0.108169786632061,0.5452135682106019,33.019222259521484,24.57046890258789,40.68343238830566,0.16076333820819855,0.10648866593837739,0.21847597509622577,14.267791271209717,8.83082094192505,19.93260383605957,0.06654640287160873,0.018676495924592026,0.12808019816875457,0.0393,0.0,0.11161944,0.07391515,0.05842356,04,True,False
2024-25,2025-04-26,Vermont,1,1.1951126456260681,0.8723681390285491,1.8721799850463867,0.33123956620693207,0.12536922097206116,0.549583375453949,33.00431442260742,24.842212677001953,41.06425056457521,0.17249846458435059,0.10971137881278992,0.24673424661159515,12.942605972290039,7.931942939758301,18.03197650909424,0.06652063503861427,0.018883158080279832,0.13202916234731674,0.0329,0.0,0.11338597,0.07494017,0.05776019,04,True,False
2024-25,2025-04-26,Vermont,2,1.2562974691390991,0.9092089533805847,1.811266303062439,0.3168927729129791,0.10426688939332962,0.5606695294380188,33.66862106323242,24.617582321166992,42.66202163696289,0.15635939687490463,0.10791002362966538,0.20686684548854828,13.070087432861328,7.982444763183594,18.461040496826172,0.06857463717460632,0.019712578505277634,0.129425510764122,0.0377,0.0,0.10977583,0.0749891,0.05786617,04,True,False
2024-25,2025-04-26,Wyoming,0,0.8949337005615234,0.6574244201183319,1.2494596242904663,0.28093504905700684,0.09459769949316979,0.49704504013061523,25.867060661315918,17.648154258728027,34.46001434326172,0.3829408586025238,0.20006878376007084,0.5737596333026886,12.968796253204346,7.137401056289673,19.241090774536133,0.06749165058135986,0.021378014236688614,0.12400179803371435,0.0254,0.0,0.1112639,0.07256884,0.05408266,04,True,False
2024-25,2025-04-26,Wyoming,1,0.8971263468265533,0.6929754614830017,1.1589152574539185,0.2176102176308632,0.06903771460056306,0.3958274573087693,23.646717071533203,14.102609443664551,34.5638313293457,0.4142734557390213,0.21863991916179662,0.618074905872345,10.042632102966309,5.851662492752076,14.749328136444092,0.05713184364140034,0.017508537322282795,0.10565640777349472,0.0335,0.0,0.11178478,0.0618649,0.04653894,04,True,False
2024-25,2025-04-26,Wyoming,2,0.8614178895950317,0.6399963080883027,1.1855511665344238,0.2585694491863251,0.06927674487233162,0.4733827829360962,25.491544723510742,15.990931510925293,36.24591255187988,0.42780736088752747,0.22798918485641484,0.6510101974010467,9.967684745788574,5.896901321411133,13.93826084136963,0.06372708082199097,0.01808491572737694,0.1232929416000843,0.0331,0.0,0.11335638,0.06965425,0.05118785,04,True,False
2024-25,2025-05-03,Alaska,0,0.9301952719688416,0.7024916350841522,1.247753381729126,0.21132220327854156,0.052401050180196765,0.4073890447616577,29.40243148803711,18.027999877929688,41.62169647216797,0.26640886068344116,0.14506570994853973,0.4035629957914353,11.772729396820068,7.607428550720215,16.916107177734375,0.062486208975315094,0.017624665051698685,0.11576834097504617,0.0346,0.0,0.11277308,0.06804689,0.05115749,05,True,False
2024-25,2025-05-03,Alaska,1,0.9324122667312622,0.6757328093051911,1.3391530513763428,0.25368282198905945,0.059725986048579226,0.47804057598114014,30.507171630859375,20.624797821044922,40.9334774017334,0.23731575906276703,0.13349243998527527,0.35908573865890503,11.179047107696533,7.920985174179077,14.535975074768066,0.06324410438537598,0.01967111974954605,0.11733266711235046,0.0283,0.0,0.11036664,0.06899752,0.05176187,05,True,False
2024-25,2025-05-03,Alaska,2,0.9267405867576599,0.6735255420207977,1.3359182000160217,0.2469785213470459,0.059932682663202286,0.4801247835159302,30.673995971679688,20.640092849731445,40.867759704589844,0.2431292086839676,0.1358914077281952,0.35904866456985474,12.094237327575684,8.087056636810303,16.03656768798828,0.06810648366808891,0.02056216783821583,0.1288800686597824,0.0279,0.0,0.11170789,0.07448292,0.05563969,05,True,False
2024-25,2025-05-03,California,0,0.9739057421684265,0.8464091539382934,1.1220357418060303,0.0996912382543087,0.01796390488743782,0.21635203361511232,24.19247055053711,8.634452819824219,37.714664459228516,0.3938676118850708,0.2674169957637787,0.5331960022449493,28.313359260559082,22.280975341796875,34.87738037109375,0.03538640774786472,0.012411812413483861,0.06507612094283104,0.0304,0.0,0.11329227,0.03883994,0.03051605,05,True,False
2024-25,2025-05-03,California,1,0.9961256086826324,0.8651771545410156,1.1388906240463257,0.1065865308046341,0.017193380743265152,0.22998453676700592,20.8992977142334,6.957433080673219,35.21534500122071,0.39202868938446045,0.26685819029808044,0.5267777442932129,29.433837890625,22.632755279541016,35.666446685791016,0.03065238893032074,0.010807774960994722,0.05754603035748006,0.0333,0.0,0.11083659,0.03434893,0.02787326,05,True,False
2024-25,2025-05-03,California,2,0.9649722874164581,0.8343184590339661,1.1046956777572632,0.10471582785248756,0.021250149235129356,0.22909508347511293,25.02985382080078,10.843393325805664,36.04772758483887,0.3860694020986557,0.2756905764341354,0.5019382417201996,30.061957359313965,23.41935749053955,36.72745895385742,0.03641847148537636,0.01219562441110611,0.06321453377604484,0.0274,0.0,0.11128256,0.03836797,0.03082171,05,True,False
2024-25,2025-05-03,New York,0,0.9854795336723328,0.8062210440635682,1.1569636702537538,0.1244794949889183,0.01846913807094097,0.2713851034641266,24.71199131011963,11.236577224731446,37.56677742004395,0.4197944104671478,0.2788945436477661,0.566859245300293,23.579296112060547,17.393554115295412,29.864474105834965,0.03802734613418579,0.01082051545381546,0.07635211944580078,0.0469,0.0,0.11017728,0.04314206,0.03456462,05,True,False
2024-25,2025-05-03,New York,1,0.9749305844306946,0.8026048898696899,1.1504008412361144,0.11714528501033783,0.015161460265517235,0.2758688002824784,26.363207817077637,14.587728595733644,38.792972564697266,0.41969209909439087,0.2710762917995453,0.5901808738708496,22.204047203063965,16.35965061187744,28.515527534484864,0.039785800501704216,0.011351087782531978,0.07873556464910508,0.0463,0.0,0.11285709,0.04467974,0.03589363,05,True,False
2024-25,2025-05-03,New York,2,1.0260592699050903,0.8559912204742433,1.2143058776855469,0.11009544506669044,0.01475900523364544,0.25730544328689575,25.620176315307617,12.106430721282962,38.826837158203126,0.3368294835090637,0.22311381995677948,0.470231294631958,20.39759635925293,15.484376239776612,25.25764274597168,0.03701050207018852,0.011331775877624755,0.0724904589354992,0.0452,0.0,0.10997425,0.04146229,0.0324689,05,True,False
2024-25,2025-05-03,Pennsylvania,0,0.9866481721401215,0.7643391966819764,1.1871961116790772,0.1543170064687729,0.01737692262977363,0.3894460201263428,31.28007698059082,20.753818321228028,41.42566070556641,0.6380484700202942,0.43806618452072144,0.8383741796016693,17.067020416259766,12.557645416259765,21.534337997436523,0.0495358482003212,0.012686168309301138,0.10011710673570633,0.0506,0.0,0.112242,0.0577745,0.04597174,05,True,False
2024-25,2025-05-03,Pennsylvania,1,1.0504623651504517,0.7808329463005066,1.292453896999359,0.1697830855846405,0.022124300524592407,0.41807839274406433,33.718833923339844,21.706130981445312,46.084331512451186,0.5422383844852448,0.3661176472902298,0.7348819434642793,13.3608980178833,10.022931289672853,16.52701454162598,0.050994398072361946,0.014420849923044442,0.10078121945261961,0.0422,0.0,0.11188132,0.05830089,0.04671499,05,True,False
2024-25,2025-05-03,Pennsylvania,2,1.0503643155097961,0.8736599981784821,1.2591090321540834,0.1524665728211403,0.02941991575062275,0.32006746232509614,29.348371505737305,20.393291473388672,36.996789169311526,0.5681896209716797,0.36693467199802404,0.7769410371780395,19.55784034729004,13.95387544631958,25.353246879577643,0.04908851347863674,0.012662538886070253,0.09760366305708887,0.0429,0.0,0.11326617,0.05644988,0.04457826,05,True,False
2024-25,2025-05-03,Vermont,0,1.1169959902763367,0.7690889239311218,1.5619224309921265,0.33357685804367065,0.10106670260429386,0.5987500548362732,30.085451126098633,22.19546298980713,37.76023864746094,0.1721537560224533,0.11738642305135727,0.2351509138941765,11.18129014968872,7.187474775314332,15.297193717956544,0.06710324436426163,0.01902312021702528,0.12918183803558356,0.0353,0.0,0.11016447,0.07375911,0.05746667,05,True,False
2024-25,2025-05-03,Vermont,1,1.1584765911102295,0.834995448589325,1.6364080905914307,0.2723643481731415,0.07526636868715286,0.5071414709091187,29.489992141723633,21.590152740478516,37.15793952941895,0.1705198660492897,0.11036261841654778,0.23914867639541626,13.398387908935547,7.7068959236145025,19.670853042602538,0.0683310478925705,0.02185855619609356,0.12678026705980303,0.027,0.0,0.11020666,0.07400327,0.05675247,05,True,False
2024-25,2025-05-03,Vermont,2,1.1705275774002075,0.8497049689292908,1.602076530456543,0.2857641875743866,0.07684487104415894,0.531000018119812,31.131473541259766,21.47908935546875,40.211981582641606,0.1629904806613922,0.10649607554078103,0.225269615650177,13.705351829528809,8.134728145599366,19.6751651763916,0.06380721181631088,0.01830734666436911,0.1214635819196701,0.0346,0.0,0.11113085,0.06955951,0.05443643,05,True,False
2024-25,2025-05-03,Wyoming,0,0.8462713658809662,0.6390585362911224,1.159053945541382,0.26937976479530334,0.08337436020374299,0.4710889756679535,26.29546546936035,17.100679397583008,36.78418502807617,0.427956685423851,0.23529118299484253,0.6285095810890198,9.977211952209473,5.893324518203736,14.441729545593262,0.06935659795999527,0.023461538553237918,0.1246711514890194,0.0258,0.0,0.11222547,0.07316842,0.05473719,05,True,False
2024-25,2025-05-03,Wyoming,1,0.8508244454860687,0.6321111857891083,1.144557273387909,0.24981623142957687,0.07225182205438614,0.4536422640085221,25.69457244873047,16.782041549682617,35.169760131835936,0.47132258117198944,0.24981112778186798,0.6966304779052734,10.835992813110352,6.259927272796631,15.765169525146487,0.06427553296089172,0.021624889224767685,0.11366388201713562,0.0217,0.0,0.1085486,0.06732859,0.05075741,05,True,False
2024-25,2025-05-03,Wyoming,2,0.9157193899154663,0.659548819065094,1.2329341888427734,0.2479725331068039,0.0672684982419014,0.4607233285903931,28.05229377746582,18.469472312927245,39.3764949798584,0.3380907475948334,0.1793482929468155,0.5190629661083221,11.353462219238281,6.63241720199585,16.555543899536133,0.0611310750246048,0.02053980901837349,0.1109650507569313,0.023,0.0,0.11129509,0.06455695,0.04822191,05,True,False
2024-25,2025-05-10,Alaska,0,0.8980061709880829,0.6882054150104523,1.1403701663017274,0.18900179862976074,0.0413317918777466,0.38010284304618835,28.472871780395508,15.999149322509767,40.75549583435058,0.27188991010189056,0.15363148897886278,0.4054699182510376,12.290730953216553,8.296568202972413,16.389590644836424,0.0558934323489666,0.016235936246812344,0.1044815331697464,0.0368,0.0,0.11303488,0.05945581,0.04611305,05,True,False
2024-25,2025-05-10,Alaska,1,0.9626917839050293,0.7106269955635071,1.277952003479004,0.21007800102233887,0.04560218863189221,0.4324241548776627,28.446380615234375,17.550098419189453,39.77344818115235,0.20084869116544724,0.11474591195583343,0.295612433552742,15.157527923583984,9.954320144653321,20.389054107666016,0.060529813170433044,0.017113539762794974,0.113859411329031,0.0358,0.0,0.10873712,0.06450973,0.04918381,05,True,False
2024-25,2025-05-10,Alaska,2,0.9154032170772552,0.6994767189025879,1.1558127403259277,0.1952969878911972,0.0440773107111454,0.3798987150192262,27.924409866333008,17.632335662841797,39.12253112792969,0.24442829936742783,0.14146711826324462,0.3623621076345444,11.543935775756836,7.76144552230835,15.461189460754397,0.05930011905729771,0.01785977371037007,0.11154411584138871,0.0304,0.0,0.11277387,0.06390688,0.05006589,05,True,False
2024-25,2025-05-10,California,0,0.9777913093566895,0.8553468585014343,1.095011055469513,0.0957527756690979,0.013371555134654045,0.21601088196039206,22.170398712158203,9.45694627761841,34.38621139526367,0.363645076751709,0.2521559804677963,0.4824755966663361,28.359376907348633,22.089728355407715,34.38105010986328,0.03238310292363167,0.00975402556359768,0.061826370656490326,0.0448,0.0,0.10997758,0.03573552,0.02845976,05,True,False
2024-25,2025-05-10,California,1,0.9848800599575043,0.876342511177063,1.1135904788970947,0.09783116728067398,0.024162128567695618,0.19117531925439835,20.241013526916504,8.006870365142822,32.30549240112305,0.3537951558828354,0.2586432844400406,0.45768043100833894,27.945441246032715,21.438147163391115,34.28351593017578,0.03147883526980877,0.011311269365251064,0.05758328661322595,0.0343,0.0,0.11114618,0.0346402,0.02740408,05,True,False
2024-25,2025-05-10,California,2,0.965713769197464,0.8389541685581208,1.1073126673698426,0.09740862250328064,0.02075336165726185,0.20820075124502185,23.094629287719727,9.565489768981934,36.62709274291992,0.3738555908203125,0.24978214651346206,0.5087936162948609,25.637365341186523,20.055187797546388,31.341527938842773,0.032535044476389885,0.01148146828636527,0.05772614516317845,0.0318,0.0,0.11163762,0.03489142,0.02765201,05,True,False
2024-25,2025-05-10,New York,0,0.9731633067131042,0.780497407913208,1.1694803476333617,0.13409556448459625,0.016799506917595873,0.3036539852619171,30.51320457458496,20.348663139343262,41.718007278442386,0.3478960394859314,0.21877257525920868,0.49106665849685677,19.599181175231934,14.477230072021484,24.894522285461427,0.04320741444826126,0.012355558946728708,0.08498379066586496,0.0421,0.0,0.10975294,0.04847077,0.0380496,05,True,False
2024-25,2025-05-10,New York,1,0.9918508231639862,0.858997642993927,1.1405327320098877,0.09523962438106537,0.014906621538102627,0.20869906097650529,23.697007179260254,12.135245323181152,36.567169189453125,0.38399696350097656,0.25341516733169556,0.5219276666641235,24.201444625854492,18.42928695678711,29.826032638549805,0.031990472227334976,0.009771960787475109,0.0623607374727726,0.0481,0.0,0.11230601,0.03531316,0.02873823,05,True,False
2024-25,2025-05-10,New York,2,0.9057595729827881,0.702305257320404,1.0932360887527466,0.18605106323957443,0.038610658049583434,0.4068848192691803,27.404953002929688,15.975406169891357,37.07263908386231,0.4402651786804199,0.29251512289047243,0.6086008548736572,23.775245666503906,17.29877166748047,30.307390213012695,0.045454634353518486,0.013514087535440925,0.08735154345631599,0.0363,0.0,0.11108998,0.04997463,0.0390749,05,True,False
2024-25,2025-05-10,Pennsylvania,0,1.0954921245574951,0.9238035082817078,1.2594091176986695,0.10131235420703888,0.015040003694593906,0.21872758865356445,39.61542892456055,29.616623878479004,48.99914474487305,0.5191285908222198,0.36724824607372286,0.7060621380805969,11.821233749389648,8.990726757049561,14.708475017547608,0.03128943592309952,0.008873878605663778,0.06363485008478165,0.0542,0.0,0.11005033,0.035936,0.02807874,05,True,False
2024-25,2025-05-10,Pennsylvania,1,1.0297939777374268,0.8352140843868257,1.234226942062378,0.15857240557670593,0.03377479948103428,0.3406084597110749,36.166900634765625,24.789063262939454,48.18074111938476,0.553027331829071,0.39366161823272705,0.7228891253471375,19.525558471679688,13.961563110351562,25.288360404968262,0.0526785496622324,0.018505750223994255,0.09260690957307816,0.0204,0.0,0.11220605,0.05631565,0.04509288,05,True,False
2024-25,2025-05-10,Pennsylvania,2,0.9940939545631409,0.8128702044487,1.1800649166107178,0.21375160664319992,0.06031378358602524,0.3873281747102738,28.717324256896973,19.94792022705078,36.4495735168457,0.6487953364849091,0.4808647036552429,0.8205479383468628,18.342872619628906,13.901457786560059,22.64689064025879,0.044377751648426056,0.013376799877732992,0.08232184872031212,0.0354,0.0,0.10975513,0.04761367,0.03788693,05,True,False
2024-25,2025-05-10,Vermont,0,1.103662133216858,0.8096581935882569,1.523441231250763,0.2977941036224365,0.08907626569271088,0.5292832255363464,30.22797393798828,22.89183330535889,37.93234634399414,0.15193748474121094,0.10584331154823304,0.19808615744113922,13.738040924072266,8.424790382385254,19.297712326049805,0.06407087296247482,0.018308257684111595,0.12196211516857147,0.0302,0.0,0.11234577,0.06581984,0.05221436,05,True,False
2024-25,2025-05-10,Vermont,1,1.0107080936431885,0.7055608034133911,1.439491868019104,0.3784140795469284,0.14904959499835968,0.6189295053482056,30.4691162109375,23.710389518737795,36.89499282836914,0.16792543232440948,0.10522068664431572,0.23632219433784488,12.482635498046875,6.700231218338013,18.447006225585938,0.07138199359178543,0.021161486953496934,0.13608756065368652,0.0265,0.0,0.11206493,0.07386518,0.05760785,05,True,False
2024-25,2025-05-10,Vermont,2,1.1115764379501343,0.7896688580513,1.5379786491394043,0.29412612318992615,0.07808774709701538,0.5604173541069031,28.615137100219727,20.119760513305664,36.936481475830085,0.15654581785202026,0.10772313922643661,0.21299809217453003,12.574975967407227,7.860993480682373,17.38826560974121,0.06849497556686401,0.02200076505541802,0.12577100098133087,0.0264,0.0,0.11141632,0.07012933,0.05431897,05,True,False
2024-25,2025-05-10,Wyoming,0,1.0494012236595154,0.7604738533496856,1.4276727676391603,0.23473843932151794,0.05582947283983233,0.4566387087106705,31.4360294342041,21.29879379272461,41.021305084228516,0.3558846712112427,0.18067662119865419,0.5487682819366455,8.842039108276367,5.245065212249756,12.687357902526855,0.06808176636695862,0.018875285983085632,0.13024698197841644,0.0333,0.0,0.11294216,0.07332888,0.05559924,05,True,False
2024-25,2025-05-10,Wyoming,1,1.0411109328269958,0.7852001011371613,1.434508204460144,0.208251953125,0.04817868769168854,0.4349553376436234,28.55758285522461,17.526691436767578,38.21193008422851,0.4041460454463959,0.21333405673503877,0.6064262986183167,9.770248413085938,5.332726001739502,14.583537960052492,0.06847348809242249,0.020800258219242102,0.12526239752769472,0.0305,0.0,0.10997316,0.06983904,0.0539176,05,True,False
2024-25,2025-05-10,Wyoming,2,1.0595996379852295,0.8106953501701355,1.4263677597045898,0.1819942444562912,0.040070640668272976,0.36757980883121494,27.1110258102417,17.188674926757812,37.14240188598633,0.3941945433616638,0.21140097975730895,0.588021969795227,9.348684310913086,5.36406741142273,13.702006721496584,0.06250402517616749,0.018246075697243215,0.11870252490043649,0.033,0.0,0.1118533,0.06622839,0.05114231,05,True,False
2024-25,2025-05-17,Alaska,0,0.9498746693134308,0.7168081998825073,1.2242010951042177,0.20854639261960983,0.053220123425126074,0.4040145754814148,30.744417190551758,19.737188148498536,40.171623611450194,0.25945279002189636,0.15042242556810378,0.3788556754589081,12.272135734558105,8.269727897644042,16.3994722366333,0.05846819467842579,0.017388619482517246,0.10985628440976143,0.0318,0.0,0.11118264,0.06285214,0.04735918,05,True,False
2024-25,2025-05-17,Alaska,1,0.9365192651748657,0.7098108530044556,1.213750493526459,0.21218758821487427,0.056292690336704254,0.39958877563476575,30.890771865844727,18.750808334350587,41.26735038757325,0.274425208568573,0.1579255625605583,0.39976038932800295,13.05698013305664,8.156581592559816,18.82361755371094,0.06255293637514114,0.019681822508573532,0.1133425384759903,0.0282,0.0,0.11198591,0.06627137,0.05025742,05,True,False
2024-25,2025-05-17,Alaska,2,0.976291298866272,0.7703812718391418,1.264535975456238,0.1779041439294815,0.04041210934519768,0.36093723475933076,29.223278045654297,17.32496032714844,39.767502593994145,0.26819342374801636,0.15228161811828614,0.39595212042331696,12.805794715881348,8.24746618270874,17.67389678955078,0.05664942413568497,0.015880882740020752,0.11199016869068146,0.0384,0.0,0.11070123,0.06311743,0.04849723,05,True,False
2024-25,2025-05-17,California,0,0.9559390544891357,0.8378204107284546,1.0968918800354004,0.08764747530221939,0.011050324887037277,0.19864548742771151,25.41392707824707,12.224869728088379,38.73111114501955,0.3932636082172394,0.2615057587623596,0.5337546467781067,30.14948081970215,23.44190788269043,36.413639068603516,0.03417527675628662,0.010985921137034893,0.0640120342373848,0.0366,0.0,0.11237433,0.03757951,0.03025027,05,True,False
2024-25,2025-05-17,California,1,0.9826156795024872,0.857538253068924,1.124111247062683,0.08466961979866028,0.014658485632389804,0.18561369478702552,27.331690788269043,13.114333343505862,41.039384078979495,0.3366525173187256,0.22533048689365387,0.4663301467895508,27.440895080566406,21.157835006713867,33.91858253479004,0.03442755714058876,0.011668380256742241,0.06290853023529053,0.0349,0.0,0.11112636,0.03761807,0.03016235,05,True,False
2024-25,2025-05-17,California,2,0.9895272850990295,0.8513787984848022,1.1278510093688965,0.10632803663611412,0.01966348681598902,0.2234957218170166,22.25956630706787,10.11237907409668,33.637400054931646,0.3775425851345062,0.25853776931762695,0.5070957541465759,28.64473247528076,22.455402374267578,34.87479476928711,0.03373851627111435,0.011207749135792255,0.061252593994140625,0.0373,0.0,0.11100732,0.03644473,0.0293041,05,True,False
2024-25,2025-05-17,New York,0,0.8977714776992798,0.7232596278190613,1.0862139463424683,0.16082898527383804,0.03526031970977783,0.32236963510513306,25.275043487548828,14.146606063842773,36.36563148498535,0.4941229969263077,0.30495238304138184,0.6947847604751587,20.544642448425293,15.359513187408448,25.73033027648926,0.04484815523028374,0.014199325907975437,0.08587090149521828,0.0336,0.0,0.10936914,0.04782477,0.03808738,05,True,False
2024-25,2025-05-17,New York,1,0.8910277783870697,0.672603189945221,1.1364202499389648,0.16087894886732101,0.027507959119975566,0.3949906826019287,29.119182586669922,17.852413177490234,40.57130813598633,0.4078092873096466,0.26064828038215637,0.5819517374038696,20.08466339111328,15.345732688903809,24.854996681213382,0.044269852340221405,0.013799679465591908,0.08570493757724762,0.0393,0.0,0.11039393,0.04732041,0.03723073,05,True,False
2024-25,2025-05-17,New York,2,0.9615592360496521,0.795171457529068,1.1043083071708681,0.12569350749254227,0.020039984956383705,0.28047487139701843,25.199867248535156,14.780075263977052,36.27039337158203,0.3834961950778961,0.24399350583553314,0.5276204347610474,21.90951156616211,16.364579963684083,27.383605003356937,0.03824460506439209,0.011890748981386423,0.0718899592757225,0.039,0.0,0.11075291,0.03986222,0.03168227,05,True,False
2024-25,2025-05-17,Pennsylvania,0,0.9852699637413025,0.8165267884731293,1.1639538645744325,0.14681708067655563,0.024011309258639816,0.3207849174737931,30.9923095703125,22.085568618774413,39.88541641235352,0.5942198932170868,0.42801507413387296,0.7722790956497193,17.017072677612305,12.498192882537843,21.92740249633789,0.04464741796255112,0.015720157884061337,0.07811979949474335,0.0277,0.0,0.11358957,0.04703588,0.03745802,05,True,False
2024-25,2025-05-17,Pennsylvania,1,1.0145636796951294,0.8100783228874207,1.2377110719680786,0.14540311694145203,0.024066122807562353,0.35005688667297363,33.7050666809082,24.829313659667967,43.46861953735352,0.5427498519420624,0.34971553385257725,0.7578563094139099,15.278284072875977,11.264350605010986,19.210285186767578,0.04521571844816208,0.012336829490959647,0.0910541206598282,0.047,0.0,0.11170557,0.05004553,0.03912921,05,True,False
2024-25,2025-05-17,Pennsylvania,2,1.0071831941604614,0.8489562273025513,1.167429566383362,0.1101410835981369,0.02419436778873206,0.2278956025838852,31.250093460083008,18.685188674926756,42.492496490478516,0.6327680945396423,0.44966721534729004,0.8214077055454254,13.591750144958496,10.319365406036377,16.935179138183596,0.037252793088555336,0.011541641317307949,0.07212559133768082,0.041,0.0,0.11243035,0.0410842,0.03349059,05,True,False
2024-25,2025-05-17,Vermont,0,1.1227194666862488,0.8483448624610901,1.555161499977112,0.27949345111846924,0.08630207180976868,0.49335139989852905,27.83987045288086,20.17780303955078,35.1456039428711,0.16852767020463943,0.11404566168785095,0.22666959017515184,14.717864990234375,8.817195224761964,20.79609546661377,0.0637475997209549,0.020190775953233247,0.11472087949514391,0.0279,0.0,0.11112338,0.06910915,0.05353378,05,True,False
2024-25,2025-05-17,Vermont,1,1.029360055923462,0.7170354068279267,1.5071833968162538,0.3878336101770401,0.15935002714395524,0.6197857856750488,29.902098655700684,23.14028968811035,36.298573684692386,0.1741383671760559,0.11086868867278099,0.245258566737175,12.460401058197021,7.52401556968689,17.842005920410156,0.06356849148869514,0.018707150965929033,0.12538442015647888,0.0328,0.0,0.10918005,0.07123165,0.05320038,05,True,False
2024-25,2025-05-17,Vermont,2,1.0882527828216553,0.7778120577335358,1.4632812380790712,0.2631382346153259,0.056290240213274965,0.5176150798797607,29.793725967407227,20.867986106872557,39.87318305969238,0.1730496659874916,0.11354850307106971,0.23772144317626953,14.86977767944336,8.320966339111328,22.090656280517578,0.062130846083164215,0.01877656690776348,0.11644885540008545,0.0334,0.0,0.11154628,0.06830779,0.05232082,05,True,False
2024-25,2025-05-17,Wyoming,0,0.9561946988105774,0.7228661715984345,1.2808801770210274,0.2472606748342514,0.07289505153894424,0.452680766582489,30.740474700927734,19.522706985473633,40.504024505615234,0.43687841296195984,0.23392255604267123,0.6388968229293823,8.42322063446045,4.9410834312438965,12.025496482849123,0.06018049083650112,0.018496440909802913,0.1105249896645546,0.0293,0.0,0.11022032,0.06469999,0.0498763,05,True,False
2024-25,2025-05-17,Wyoming,1,1.0172306895256042,0.7812376618385315,1.3402101516723635,0.20862604677677155,0.0524020951241255,0.43179967999458313,27.94836711883545,14.968270301818848,38.94413566589356,0.4209672510623932,0.22071269899606705,0.6350485146045687,10.814220428466797,6.140875148773193,16.03880386352539,0.0578314196318388,0.016210715845227243,0.1088380366563797,0.0345,0.0,0.11036696,0.06318551,0.05031823,05,True,False
2024-25,2025-05-17,Wyoming,2,1.0347250699996948,0.7804405093193054,1.4001628518104556,0.2081552892923355,0.047305968776345256,0.4181731641292572,27.99970245361328,16.415119361877448,38.22221755981445,0.42979297041893005,0.22547853887081146,0.6424487769603732,8.893035888671875,5.01258192062378,13.10349502563477,0.06886942684650421,0.02240327186882496,0.12685538828372955,0.0226,0.0,0.11127836,0.07463704,0.05799045,05,True,False
2024-25,2025-05-24,Alaska,0,1.0386136770248413,0.8056455552577972,1.3473923206329348,0.19592761248350143,0.03802723437547684,0.4138612747192383,32.434743881225586,20.256641387939453,42.89400100708008,0.2554433047771454,0.14498640596866608,0.3760835528373718,14.5581693649292,10.023160362243653,19.63941192626953,0.06727108359336853,0.022626159712672234,0.11380799859762192,0.0211,0.0,0.11196394,0.06495308,0.0501158,05,True,False
2024-25,2025-05-24,Alaska,1,1.0616000890731812,0.8088276386260986,1.420581340789795,0.20340409874916077,0.039473433047533035,0.4087259024381639,34.18856430053711,21.62257480621338,44.09122848510742,0.2130657508969307,0.12729173302650454,0.3136402368545533,12.919480323791504,8.864919662475586,17.288199043273927,0.059488967061042786,0.018763004243373873,0.10715622603893281,0.0279,0.0,0.11153293,0.06110993,0.04791484,05,True,False
2024-25,2025-05-24,Alaska,2,1.056149959564209,0.8028859078884125,1.41985285282135,0.19482337683439255,0.04946588054299355,0.39667208492755895,31.096668243408203,14.624837875366214,42.91630935668945,0.2731117308139801,0.16167256236076355,0.3999279737472534,13.876381874084473,9.294160461425783,18.78031349182129,0.061491843312978745,0.01957718320190907,0.11431555449962616,0.0281,0.0,0.11159415,0.06215049,0.0481325,05,True,False
2024-25,2025-05-24,California,0,1.0270145535469055,0.9287900507450104,1.155025601387024,0.08145901188254356,0.012708302587270737,0.1825963824987412,22.320735931396484,5.653695058822632,37.489070892333984,0.34612783789634705,0.24448861181735992,0.45157185196876526,25.380823135375977,19.571246719360353,31.43084716796875,0.030909452587366104,0.0102473714388907,0.05694986879825592,0.0412,0.0,0.11157653,0.03284159,0.02596835,05,True,False
2024-25,2025-05-24,California,1,0.9902635216712952,0.8763535618782043,1.1376654267311097,0.09203298017382622,0.013855155557394028,0.19863016456365587,26.410850524902344,8.388187408447266,41.437403488159184,0.4012821465730667,0.28524460792541506,0.5197742998600007,28.397968292236328,22.291112899780273,34.39012031555176,0.03208514302968979,0.010337515082210303,0.05904655531048775,0.0371,0.0,0.11201171,0.03393385,0.02704569,05,True,False
2024-25,2025-05-24,California,2,1.0267223119735718,0.9177681803703308,1.151862680912018,0.08550597354769707,0.014104009792208674,0.1857559740543366,19.143856048583984,4.946135234832765,35.00709953308106,0.3907031714916229,0.2642067611217499,0.523414421081543,28.84330940246582,22.256943702697754,34.78763771057129,0.02956165187060833,0.009932405501604081,0.054902803152799606,0.0397,0.0,0.11212964,0.03183608,0.02535872,05,True,False
2024-25,2025-05-24,New York,0,0.9323368668556213,0.7604195475578308,1.1124926924705505,0.1350085213780403,0.02218776009976864,0.28169607520103457,27.441590309143066,17.29570426940918,39.02947578430176,0.40150365233421326,0.2513266563415527,0.5528167963027955,19.72718906402588,14.962150859832764,24.335756301879883,0.039364250376820564,0.011570695042610171,0.08066938817501068,0.0456,0.0,0.11307094,0.04317535,0.03391752,05,True,False
2024-25,2025-05-24,New York,1,0.9012628793716431,0.7355039715766907,1.0995159149169922,0.14163313806056976,0.029978285357356083,0.290825754404068,24.739341735839844,13.568859291076661,36.136603927612306,0.46829572319984436,0.3138154774904251,0.6514430046081543,22.266883850097656,16.639856910705568,28.081907272338867,0.042244018986821175,0.012653764244168999,0.0798283159732819,0.0395,0.0,0.11248287,0.04507317,0.03540641,05,True,False
2024-25,2025-05-24,New York,2,0.9273484945297241,0.7905018925666809,1.0760082006454468,0.12258876860141754,0.031037491187453272,0.24279260635375977,21.197672843933105,11.494399070739746,31.813447761535656,0.48966945707798004,0.31794104576110843,0.6635709404945374,22.727054595947266,17.38959312438965,28.457006835937502,0.03284258022904396,0.010453238151967525,0.06541411280632022,0.0411,0.0,0.11153737,0.03587788,0.02863712,05,True,False
2024-25,2025-05-24,Pennsylvania,0,1.0670549273490906,0.8548044681549072,1.2818448901176454,0.16024192422628403,0.024893058463931084,0.35365744233131413,29.401630401611328,18.101125717163086,38.917265319824224,0.5879840850830078,0.4177605599164963,0.7679823756217958,13.976543426513672,10.503450393676758,17.36914825439453,0.04355839267373085,0.012879012897610667,0.08365146666765214,0.0403,0.0,0.11053671,0.04849423,0.0381263,05,True,False
2024-25,2025-05-24,Pennsylvania,1,1.04342520236969,0.8472648918628692,1.2676805019378665,0.15775587409734726,0.033735291287302974,0.3233574956655503,30.459609985351562,20.949453353881836,39.48866348266602,0.5895824432373047,0.4090995192527771,0.788847702741623,12.896528244018555,9.547816562652589,16.59941864013672,0.04483530670404434,0.01416089665144682,0.08414086252450943,0.0363,0.0,0.1128632,0.04892412,0.03896599,05,True,False
2024-25,2025-05-24,Pennsylvania,2,1.038432240486145,0.8581087589263916,1.2345914840698242,0.14883875846862793,0.024246951751410967,0.3314477950334549,31.18589496612549,21.018482208251953,40.47356986999512,0.5836308002471924,0.4277357757091522,0.7359212219715119,16.1624174118042,11.868707656860352,20.457247161865237,0.040333691984415054,0.010176941752433777,0.0816231653094292,0.0548,0.0,0.1125539,0.04666985,0.03713905,05,True,False
2024-25,2025-05-24,Vermont,0,1.1061463356018066,0.7456828951835632,1.7622369170188905,0.35765106976032257,0.1132294163107872,0.6267589688301087,29.63661766052246,22.368711471557617,36.296329498291016,0.16308598220348358,0.10634033307433129,0.22178218662738802,13.46027946472168,8.539364242553711,18.563186645507812,0.07435747608542442,0.023663548007607477,0.13513563573360443,0.0225,0.0,0.11252124,0.07885059,0.0607377,05,True,False
2024-25,2025-05-24,Vermont,1,1.159302830696106,0.8467896521091461,1.598436748981476,0.2818913161754608,0.08571424186229706,0.5262287437915802,29.28505516052246,20.6341854095459,37.52859535217285,0.1522713527083397,0.10651547461748123,0.20113494992256165,15.354647159576416,9.27352237701416,22.03865718841553,0.06293237209320068,0.018778152763843536,0.11637825444340706,0.0319,0.0,0.11318896,0.06643915,0.05207546,05,True,False
2024-25,2025-05-24,Vermont,2,1.0597702264785767,0.7352570295333862,1.5503311157226562,0.3344492018222809,0.11202599406242374,0.5887665033340455,29.338905334472656,20.781076431274414,37.17788124084473,0.17332467436790466,0.11041699349880219,0.23669973015785217,13.648248672485352,8.469195365905762,18.914583587646487,0.0685342587530613,0.02039466258138419,0.12976205050945283,0.0319,0.0,0.11193376,0.07408738,0.05657332,05,True,False
2024-25,2025-05-24,Wyoming,0,1.114745855331421,0.8556235730648041,1.5823118448257447,0.19258885085582733,0.04320915937423708,0.3856404721736908,30.77303409576416,19.39370517730713,39.5425407409668,0.34695199131965637,0.19147449135780334,0.5243328809738159,10.884147644042969,6.313475608825684,16.1711368560791,0.058277567848563194,0.018199559301137924,0.10826774686574937,0.0312,0.0,0.11228,0.06027636,0.0468209,05,True,False
2024-25,2025-05-24,Wyoming,1,1.0780198574066162,0.8054862022399902,1.4440677165985107,0.19673536717891693,0.04767239503562451,0.40286867916584024,31.04788875579834,19.37718734741211,40.80586814880371,0.40715689957141876,0.2242954343557358,0.6129913210868836,10.174210548400879,5.876010084152222,14.551497364044192,0.06465283781290054,0.022578062303364285,0.11149609163403511,0.0198,0.0,0.11029296,0.06530137,0.05142293,05,True,False
2024-25,2025-05-24,Wyoming,2,1.08689284324646,0.833768779039383,1.506170427799225,0.18630877137184143,0.040877227485179905,0.3780618906021118,30.52020263671875,18.85343532562256,40.42194366455078,0.3782380521297455,0.20322703719139104,0.5653040409088135,8.68463134765625,5.239162731170655,12.198298454284668,0.057650910690426826,0.017840726301074028,0.10946308821439743,0.0311,0.0,0.11140527,0.0610189,0.04840704,05,True,False
2024-25,2025-05-31,Alaska,0,1.013899803161621,0.7801024734973907,1.3643473744392396,0.21437671035528183,0.05241863764822484,0.4097120493650437,34.910804748535156,21.506740760803222,45.86387367248536,0.26315781474113464,0.15033748000860214,0.3920143842697144,13.110372543334961,8.93923387527466,17.621777725219726,0.06584516912698746,0.01812729183584452,0.12164632603526115,0.0353,0.0,0.11271802,0.0700843,0.05544644,05,True,False
2024-25,2025-05-31,Alaska,1,1.0766152739524841,0.8264464795589447,1.459594488143921,0.18777471035718918,0.03221291936933995,0.42302924394607544,32.17387390136719,18.126620674133303,42.156732177734376,0.2325270175933838,0.13983193188905715,0.33820399045944216,12.742033004760742,8.916719055175781,16.661610221862794,0.05962069891393185,0.022010295651853085,0.10317117646336556,0.0189,0.0,0.11310339,0.06203205,0.048229,05,True,False
2024-25,2025-05-31,Alaska,2,1.0262342691421509,0.7826165556907654,1.3808926701545716,0.2293066680431366,0.0550373774021864,0.44692203402519226,34.41090202331543,21.391445350646972,44.39891357421875,0.25368601083755493,0.14830651432275774,0.3644946366548538,14.390864372253418,9.432177543640137,19.136207580566406,0.06784294545650482,0.021591627970337868,0.12053592354059223,0.0259,0.0,0.11236073,0.07009996,0.05384853,05,True,False
2024-25,2025-05-31,California,0,0.9923006594181061,0.8743505477905273,1.1451921463012695,0.09003450721502304,0.01549883894622327,0.1974181979894638,30.59603500366211,12.201208114624023,43.798519134521484,0.4093269407749176,0.2787024676799774,0.5540564358234406,29.39932632446289,23.366856956481936,35.73382911682129,0.03375739045441151,0.011937584728002548,0.061709173023700714,0.0318,0.0,0.11124358,0.036149,0.02933504,05,True,False
2024-25,2025-05-31,California,1,1.0272959470748901,0.896030843257904,1.159682071208954,0.09243394806981087,0.015717107430100442,0.20461998879909515,24.518603324890137,7.178077697753906,41.64123764038087,0.37559501826763153,0.25869213640689853,0.5050522089004517,27.898120880126953,21.73298454284668,33.840782165527344,0.03249814733862877,0.011800101120024921,0.05794401466846466,0.0344,0.0,0.11253334,0.03453209,0.02790562,05,True,False
2024-25,2025-05-31,California,2,1.0311049222946167,0.9036755561828613,1.170405626296997,0.09204880148172379,0.0115980738773942,0.20757992565631866,25.34369945526123,7.320830821990967,41.450992584228516,0.3738535940647125,0.2547089755535126,0.5085145831108093,28.329668045043945,21.890888214111328,34.65911865234375,0.03372851572930813,0.012813006527721882,0.05988463014364243,0.0248,0.0,0.11053145,0.03575771,0.0282783,05,True,False
2024-25,2025-05-31,New York,0,0.9004529714584351,0.7234808802604675,1.0800918698310853,0.13502144813537598,0.024769978597760207,0.2900485903024673,29.524188995361328,20.259339332580566,39.4208683013916,0.46456417441368103,0.3026391118764878,0.6411470770835876,23.375097274780273,17.67161750793457,29.016324043273926,0.04060613363981247,0.01246529258787632,0.07691913843154907,0.0406,0.0,0.11166242,0.04433919,0.03454133,05,True,False
2024-25,2025-05-31,New York,1,0.9221417307853699,0.7641234993934631,1.1038001775741577,0.11554548144340515,0.023741628974676132,0.2377900764346124,28.673483848571777,15.347008609771732,42.13381843566895,0.41431643068790436,0.26603880524635315,0.5789152383804321,19.817155838012695,15.120091438293457,24.532831764221193,0.04349675215780735,0.014968902803957462,0.07582766786217691,0.0279,0.0,0.11149078,0.04551007,0.03578583,05,True,False
2024-25,2025-05-31,New York,2,0.9356963336467743,0.7879791259765625,1.1518687009811401,0.11891132593154907,0.019930778443813333,0.2470350414514542,28.89029884338379,16.872214508056643,41.48768424987793,0.38991183042526245,0.23975206911563873,0.5388777017593384,20.419684410095215,15.75404863357544,25.246500778198246,0.03767687827348709,0.011596905812621117,0.07119911685585976,0.0406,0.0,0.11175022,0.04049596,0.03190297,05,True,False
2024-25,2025-05-31,Pennsylvania,0,1.1200250387191772,0.954358720779419,1.3064210653305053,0.11639215052127838,0.01955869421362877,0.2459036260843277,31.324878692626953,18.875385284423828,41.31291198730469,0.5597549080848694,0.3972491919994354,0.7345019578933716,16.06549835205078,11.881648063659668,20.872517585754398,0.035903096199035645,0.01183550525456667,0.06599891781806946,0.0356,0.0,0.11187492,0.03752888,0.02972194,05,True,False
2024-25,2025-05-31,Pennsylvania,1,1.0870038866996765,0.9193173587322235,1.3007299065589906,0.12899521738290787,0.023699155822396286,0.2735042363405228,36.58569526672363,25.95964241027832,46.37847900390625,0.5312290191650391,0.37080066800117495,0.7089511930942536,17.30339527130127,12.572086715698243,22.1063289642334,0.03803735226392746,0.011052742321044206,0.07325372844934464,0.041,0.0,0.11116895,0.04117535,0.03273262,05,True,False
2024-25,2025-05-31,Pennsylvania,2,1.078263521194458,0.86442129611969,1.3586658358573915,0.1648605912923813,0.03193680942058563,0.35672294795513154,31.905956268310547,19.02306709289551,41.824324035644544,0.6089912354946136,0.41512705385684967,0.7997936487197876,18.204516410827637,13.108735466003418,23.637994956970218,0.047885261476039886,0.015212262980639935,0.09011482447385788,0.0276,0.0,0.1104851,0.05113785,0.04024568,05,True,False
2024-25,2025-05-31,Vermont,0,1.075011968612671,0.752682238817215,1.4250577092170715,0.30156366527080536,0.09483050778508188,0.5245414972305298,29.41674518585205,22.697329902648924,36.03709411621094,0.18301213532686234,0.1233208030462265,0.24903902709484105,14.474347114562988,9.231362342834473,19.64590339660645,0.06409596651792526,0.018199944309890276,0.12208316549658776,0.0351,0.0,0.11073241,0.07036797,0.05405739,05,True,False
2024-25,2025-05-31,Vermont,1,1.1080355644226074,0.7592612206935883,1.5767565131187447,0.3614135980606079,0.13096221387386323,0.6142877280712128,29.933452606201172,22.599803924560547,36.555732345581056,0.16928386688232422,0.11131172627210617,0.22816695570945741,12.697089672088623,8.110756969451904,17.283947372436526,0.060736315324902534,0.018240521289408212,0.11484575867652894,0.0279,0.0,0.11064364,0.06529492,0.05058066,05,True,False
2024-25,2025-05-31,Vermont,2,1.0706193447113037,0.7984538078308105,1.4460269212722778,0.2920904904603958,0.09765465557575226,0.5118743121623993,30.37198257446289,22.98016242980957,37.17848434448242,0.17635732889175415,0.11592067256569863,0.2361117422580719,13.959366798400879,8.766342258453369,19.133559799194337,0.054785339161753654,0.016634584963321687,0.10444074273109437,0.0326,0.0,0.11265168,0.0600636,0.04603738,05,True,False
2024-25,2025-05-31,Wyoming,0,1.127649188041687,0.8428745150566102,1.4957867860794067,0.21372880041599274,0.06427141502499581,0.39249083399772644,28.21259593963623,14.234058380126953,39.6778678894043,0.45785507559776306,0.2634570896625519,0.6451391875743867,10.967124938964844,6.514389610290528,15.80104465484619,0.06297377869486809,0.02202681284397841,0.11181370913982391,0.0228,0.0,0.11183257,0.06437278,0.05057174,05,True,False
2024-25,2025-05-31,Wyoming,1,1.1149890422821045,0.8429037272930145,1.6779411077499393,0.21011857688426971,0.04996455088257792,0.4182640016078949,31.80013656616211,19.029118537902832,41.871665954589844,0.39233897626399994,0.21233603358268738,0.5914540886878967,10.793827533721924,6.421136426925659,15.602057266235354,0.07356751710176468,0.02382567897439003,0.12828004807233812,0.0235,0.0,0.11223375,0.07467515,0.05820569,05,True,False
2024-25,2025-05-31,Wyoming,2,1.1054775714874268,0.8328437626361848,1.5773581266403198,0.23433849215507507,0.06872063130140305,0.43807628750801086,31.126312255859375,20.360132217407227,39.51279067993164,0.3842929005622864,0.21410032510757446,0.5657891213893892,9.118876457214355,5.383881568908691,13.106612491607669,0.07216420024633408,0.024971604347229004,0.1262080103158951,0.0202,0.0,0.11088241,0.07360704,0.05699461,05,True,False
2024-25,2025-06-07,Alaska,0,1.0600185990333557,0.8358516097068787,1.3725237965583803,0.19444181770086288,0.047826461493968964,0.3865857303142548,33.293724060058594,19.78074073791504,43.757875823974615,0.23287291079759598,0.14234527796506882,0.33639058470726013,14.863269805908203,9.82280683517456,19.871761322021484,0.05488169938325882,0.01742964368313551,0.10163893550634384,0.0335,0.0,0.11313715,0.05955104,0.04804628,06,True,False
2024-25,2025-06-07,Alaska,1,1.0755425691604614,0.855301707983017,1.4137992858886719,0.15911602973937988,0.032167373597621916,0.3392062485218048,31.793240547180176,17.791461944580078,43.62864685058594,0.23123733699321747,0.14666671305894852,0.3219913005828858,13.582095623016357,9.568494129180909,17.557787895202637,0.05715976841747761,0.02087987419217825,0.10078032463788987,0.0189,0.0,0.11123983,0.06094332,0.04757347,06,True,False
2024-25,2025-06-07,Alaska,2,1.0100859999656677,0.7643014788627625,1.3499948382377627,0.20831424742937088,0.05452729389071465,0.4137620240449907,33.821699142456055,21.06558609008789,43.16890106201172,0.2744704335927963,0.15957115590572357,0.40529604554176335,14.501977443695068,9.671252250671387,19.23863983154297,0.06271052360534668,0.019385144487023352,0.11415368318557739,0.032,0.0,0.11139285,0.06736335,0.05261375,06,True,False
2024-25,2025-06-07,California,0,1.0079364776611328,0.8913268506526947,1.1363641619682312,0.08628945052623749,0.011712649744004012,0.19723221063613894,22.864986419677734,8.745567321777344,37.713134765625,0.3903960585594177,0.27935117185115815,0.5109582543373108,30.28624153137207,23.601093292236328,36.06792793273926,0.0334862656891346,0.012389875203371049,0.05786809325218201,0.0301,0.0,0.11122066,0.03635548,0.02884773,06,True,False
2024-25,2025-06-07,California,1,1.0123035311698914,0.9022010564804077,1.142844319343567,0.08462094143033028,0.01712603960186243,0.17246690392494202,22.769350051879883,8.000534439086914,37.86379814147949,0.4023462235927582,0.277799516916275,0.5403056919574738,27.638493537902832,21.069651222229005,33.863548278808594,0.03286201320588589,0.011543980799615383,0.057015109807252884,0.0362,0.0,0.1120243,0.03661846,0.02911041,06,True,False
2024-25,2025-06-07,California,2,1.0145063996315002,0.8972446322441101,1.141668426990509,0.09022914618253708,0.0162829639390111,0.1855758711695671,22.227296829223633,7.596587181091309,37.27151603698731,0.4038689583539963,0.27913623154163364,0.5309710502624512,28.750676155090332,22.942801094055177,34.788096237182614,0.03239230439066887,0.011458792816847564,0.05964300706982613,0.0326,0.0,0.11051443,0.03687659,0.02965052,06,True,False
2024-25,2025-06-07,New York,0,0.9493994116783142,0.7998960614204407,1.099507451057434,0.11014258861541748,0.01741480454802513,0.23359205275774003,28.271270751953125,15.945245742797852,40.714181518554696,0.3932667076587677,0.2530621409416199,0.5569591522216797,22.074790954589844,16.46792278289795,27.71619415283203,0.033197710290551186,0.010002850927412512,0.06341417133808136,0.0463,0.0,0.11207667,0.03677194,0.02912301,06,True,False
2024-25,2025-06-07,New York,1,0.9491257071495056,0.8089718222618103,1.1262734293937684,0.11079101264476776,0.016882706433534622,0.2499976694583893,29.138309478759766,19.085575103759766,39.761322021484375,0.38448065519332886,0.2414686545729637,0.543603777885437,21.470166206359863,15.906439781188965,27.147403907775878,0.03394274041056633,0.00943993190303445,0.0696648433804512,0.0538,0.0,0.10874175,0.03905954,0.03110415,06,True,False
2024-25,2025-06-07,New York,2,0.9473573267459869,0.8127087950706482,1.1134651899337769,0.11155591532588005,0.014535153284668922,0.24831979274749758,25.699219703674316,13.85077714920044,37.76899375915527,0.4444485455751419,0.29160943627357483,0.5953547000885011,21.7315092086792,16.707242965698242,26.540412521362306,0.03737163543701172,0.01209497582167387,0.07145883664488795,0.0386,0.0,0.11272084,0.04113687,0.03273987,06,True,False
2024-25,2025-06-07,Pennsylvania,0,1.1151163578033447,0.9281742513179779,1.3320430517196657,0.15270304679870605,0.02276087272912264,0.3289448350667954,29.666863441467285,17.776042938232422,38.04924392700195,0.6140418648719788,0.43469661474227905,0.7933331429958345,18.325660705566406,13.44508695602417,23.538243675231936,0.046466629952192307,0.014540199190378189,0.08537453413009644,0.034,0.0,0.11129123,0.05078278,0.0400592,06,True,False
2024-25,2025-06-07,Pennsylvania,1,1.152571201324463,1.0008105158805847,1.332815408706665,0.10621072351932526,0.020926617085933685,0.2095404013991356,33.9494514465332,25.51102237701416,41.8460693359375,0.48135657608509064,0.3507060110569,0.614311820268631,14.855525016784668,11.238934516906738,18.692974662780763,0.03068441990762949,0.010557380318641665,0.056793764233589186,0.0358,0.0,0.11233839,0.03308664,0.02658288,06,True,False
2024-25,2025-06-07,Pennsylvania,2,1.1758489608764648,0.9955128908157349,1.3729805946350098,0.11934264376759529,0.025227007269859335,0.24299576878547668,35.090087890625,22.09221839904785,44.872185134887694,0.48769980669021606,0.34004002809524536,0.6368177235126495,19.002838134765625,14.411576271057129,23.96781234741211,0.03847913816571236,0.01246414901688695,0.07079418748617172,0.0343,0.0,0.11258224,0.04220067,0.03342545,06,True,False
2024-25,2025-06-07,Vermont,0,1.0799729824066162,0.7571517825126648,1.504707443714142,0.3002680242061615,0.09365364909172058,0.5256431639194489,30.226215362548828,23.148266792297363,37.298221588134766,0.17183662950992584,0.11099419966340066,0.2379734069108963,14.029518127441406,8.976383209228516,19.34363632202149,0.06489972025156021,0.019500216469168663,0.12442311644554138,0.0274,0.0,0.11029702,0.06891785,0.05361971,06,True,False
2024-25,2025-06-07,Vermont,1,1.0838892459869385,0.784815788269043,1.4703572630882262,0.27170276641845703,0.0830908551812172,0.48231047987937936,30.698244094848633,22.82350425720215,38.36454315185547,0.16215695440769196,0.11491566449403763,0.20884145498275758,13.493627071380615,8.644100093841553,18.66397762298584,0.06260339170694351,0.020287107303738595,0.11480180621147157,0.0246,0.0,0.11031451,0.06498017,0.05145755,06,True,False
2024-25,2025-06-07,Vermont,2,1.1034632325172424,0.7697893500328064,1.6229631304740906,0.29836246371269226,0.10287375822663308,0.5128668546676636,29.67470645904541,21.038936424255372,38.13921546936035,0.17287609726190567,0.10424384772777558,0.24571357369422914,11.833771228790283,7.178218793869019,16.759894180297852,0.0700925812125206,0.023481213115155698,0.12715713232755663,0.0241,0.0,0.11025766,0.07355996,0.05606013,06,True,False
2024-25,2025-06-07,Wyoming,0,1.026955008506775,0.7449468612670899,1.4535307884216309,0.24398178607225418,0.0672680102288723,0.45647263526916504,31.19222927093506,20.632110404968262,40.01314163208008,0.3679312914609909,0.19512431025505067,0.5603978574275971,10.520820140838623,5.9924139976501465,15.7447642326355,0.058465154841542244,0.016970803774893285,0.1080861434340477,0.0336,0.0,0.10945359,0.06459786,0.05059675,06,True,False
2024-25,2025-06-07,Wyoming,1,1.0061513185501099,0.755512535572052,1.3037931680679322,0.22288399934768677,0.06530737727880478,0.4128037095069885,30.17892074584961,19.458230590820314,39.924346923828125,0.40834614634513855,0.22952060401439667,0.6018715023994445,9.927111148834229,5.478493404388428,14.318796920776368,0.06105740927159786,0.017433325201272963,0.1136466667056084,0.0336,0.0,0.11156833,0.06775551,0.05315233,06,True,False
2024-25,2025-06-07,Wyoming,2,1.0382959842681885,0.8125788569450378,1.3440609335899354,0.182569682598114,0.035441713780164724,0.3788777858018876,27.63054656982422,16.707057189941406,37.62907791137695,0.42397497594356537,0.23969376981258395,0.6196736812591553,9.487778663635254,5.830145978927613,13.292520523071289,0.0580904446542263,0.017139566689729692,0.11198195815086365,0.0345,0.0,0.11243027,0.06620976,0.05225313,06,True,False
2024-25,2025-06-14,Alaska,0,1.141025424003601,0.9048506379127502,1.5706380724906923,0.16568437218666077,0.04142529480159283,0.3250842481851578,34.927541732788086,25.07926197052002,43.532189178466794,0.20352753251791,0.12180341333150864,0.2957696944475174,12.957688331604004,8.78073034286499,17.22764778137207,0.0545324981212616,0.017891361750662325,0.10065228193998337,0.0238,0.0,0.11323918,0.05864743,0.04587543,06,True,False
2024-25,2025-06-14,Alaska,1,1.1157128810882568,0.8901693820953369,1.452842688560486,0.1741052269935608,0.03265209496021271,0.343947634100914,32.3734073638916,16.963922882080077,43.93375091552735,0.23682469874620438,0.1446504443883896,0.331351113319397,16.86489486694336,11.314559173583984,22.596316528320312,0.05863572098314762,0.020497635379433634,0.10315613448619843,0.02,0.0,0.11085115,0.06190558,0.04890122,06,True,False
2024-25,2025-06-14,Alaska,2,1.1290029287338257,0.8706489205360413,1.9455683350563049,0.16647662222385406,0.03760424442589283,0.3365046203136444,31.91621971130371,17.140783309936523,43.507563781738284,0.2690132260322571,0.1549266368150711,0.3865016698837281,14.862438678741455,10.232731914520263,19.48871612548828,0.062092021107673645,0.023913644254207615,0.10775461047887802,0.017,0.0,0.1152036,0.06593506,0.05181081,06,True,False
2024-25,2025-06-14,California,0,0.9858589768409729,0.8215197920799255,1.1280899882316588,0.10456866770982742,0.01934589073061943,0.2222655236721039,32.22840118408203,14.413763046264648,45.17210845947266,0.4080249220132828,0.2751280963420868,0.5606884479522706,28.42146873474121,21.954723358154297,35.00572967529297,0.03222047910094261,0.011401483789086342,0.058757901191711426,0.0321,0.0,0.11067014,0.03472999,0.028375,06,True,False
2024-25,2025-06-14,California,1,0.9895755648612976,0.8558778524398803,1.1200225353240967,0.09461917728185654,0.014365475066006194,0.20553439855575562,28.991464614868164,12.169041347503663,43.863799285888675,0.4062701314687729,0.278827965259552,0.5436956882476807,26.76436996459961,20.658857727050783,33.05276870727539,0.03630433790385723,0.012952247075736542,0.06539612263441086,0.0295,0.0,0.11043025,0.03914668,0.03130233,06,True,False
2024-25,2025-06-14,California,2,1.0066921710968018,0.8951600193977356,1.129666805267334,0.08110247552394867,0.013969781808555126,0.17553624510765076,27.74312973022461,11.442739486694336,41.45142860412598,0.3899107873439789,0.26506351828575136,0.5191025137901306,28.01802349090576,22.040918350219727,33.88080978393555,0.03248150646686554,0.011622554622590542,0.05669124685227872,0.0354,0.0,0.11296595,0.03463957,0.02730123,06,True,False
2024-25,2025-06-14,New York,0,0.9959999322891235,0.8628339529037475,1.1736470460891724,0.10435831919312477,0.017370598390698433,0.22201165556907654,30.771596908569336,18.476709556579593,42.36575050354004,0.37909770011901855,0.2578891307115555,0.5142669200897216,21.657464027404785,16.886409759521484,26.402968788146975,0.035437386482954025,0.010901761520653964,0.0665522761642933,0.04,0.0,0.11208507,0.03889116,0.03074384,06,True,False
2024-25,2025-06-14,New York,1,0.9957543015480042,0.887862765789032,1.1301525592803956,0.09027750790119171,0.01499079801142216,0.18996424973011017,21.20432758331299,10.004420757293705,34.55345153808594,0.4393395632505417,0.3094440996646881,0.5761510968208313,27.976656913757324,21.53400993347168,34.188602447509766,0.03090486116707325,0.00937242079526186,0.05845301523804665,0.0477,0.0,0.11189829,0.03361659,0.02667568,06,True,False
2024-25,2025-06-14,New York,2,0.9877304434776306,0.8637443304061889,1.1413716077804565,0.11616437137126923,0.02088564317673445,0.24429914802312852,23.940061569213867,12.578899765014649,35.530442047119145,0.4520314186811447,0.318991556763649,0.5886123180389404,22.483686447143555,17.349974822998046,27.600820541381836,0.03740787133574486,0.011787820421159268,0.07046609967947007,0.038,0.0,0.11340365,0.03994131,0.03179184,06,True,False
2024-25,2025-06-14,Pennsylvania,0,1.109075903892517,0.9383140802383423,1.316062331199646,0.1475420519709587,0.029117193259298804,0.30283284187316895,27.30088520050049,16.216444778442384,36.76016616821289,0.6897258758544922,0.504378753900528,0.8660228252410889,19.25356960296631,14.45327091217041,24.257098579406737,0.045799337327480316,0.015871737152338028,0.08281704038381577,0.0273,0.0,0.11241451,0.04918159,0.0391839,06,True,False
2024-25,2025-06-14,Pennsylvania,1,1.1638073921203613,0.9708747267723083,1.3962679862976075,0.13158658146858215,0.023661572299897682,0.28667500615119934,31.94356346130371,17.712200164794922,42.56464385986328,0.5326226949691772,0.3735942840576172,0.7062608003616333,23.432973861694336,17.094839096069336,30.104869842529297,0.03683655150234699,0.011926392652094366,0.06520835533738137,0.035,0.0,0.11042186,0.03978015,0.03134289,06,True,False
2024-25,2025-06-14,Pennsylvania,2,1.126634955406189,0.9581984758377076,1.3506273031234741,0.11999402195215225,0.01990535296499729,0.24921829402446752,34.19298553466797,23.74999866485596,43.57083702087402,0.5632645487785339,0.3750480502843857,0.7608485877513885,16.65221405029297,12.528799247741699,20.508819580078125,0.0426795594394207,0.01264101900160313,0.0827606499195099,0.0418,0.0,0.11274113,0.0485676,0.03862206,06,True,False
2024-25,2025-06-14,Vermont,0,1.059319019317627,0.7562268972396851,1.5198739051818848,0.3255402445793152,0.12799314409494403,0.530765426158905,29.13148784637451,22.25228328704834,35.85414772033692,0.16463876515626907,0.10389127433300019,0.22869954556226732,13.50075626373291,8.389978408813477,18.722570610046386,0.06474687904119492,0.02102440968155861,0.11803413704037667,0.0261,0.0,0.1122443,0.06756102,0.05221156,06,True,False
2024-25,2025-06-14,Vermont,1,1.1216919422149658,0.7429222583770752,1.8002698659896852,0.3840361535549164,0.1580151915550232,0.6216598987579346,28.83671283721924,21.699709892272953,35.56898880004883,0.15201686322689056,0.1047559879720211,0.1990646868944168,13.466646194458008,8.65487289428711,18.436559677124023,0.08176691830158234,0.027338927984237676,0.14933518618345262,0.0226,0.0,0.11264664,0.086628,0.06448401,06,True,False
2024-25,2025-06-14,Vermont,2,1.0431025624275208,0.718124508857727,1.505410945415497,0.35066714882850647,0.1431350976228714,0.5820062339305878,29.868277549743652,22.90378189086914,36.717911148071295,0.1637881100177765,0.11187737733125687,0.22137557715177536,14.894879817962646,8.818288803100586,21.526446723937987,0.07254177331924438,0.022877203114330773,0.13344940543174744,0.0244,0.0,0.11341628,0.07635205,0.05892996,06,True,False
2024-25,2025-06-14,Wyoming,0,1.0210248231887817,0.7435593605041504,1.381325650215149,0.21512862294912338,0.04486086219549179,0.4185029953718187,29.524157524108887,19.997031593322756,39.236585998535155,0.35569706559181213,0.1879110485315323,0.5297550797462465,10.474884033203125,6.188403844833374,15.218778514862063,0.05556955933570862,0.01964474841952324,0.1014500990509987,0.0263,0.0,0.10999853,0.05809397,0.04494507,06,True,False
2024-25,2025-06-14,Wyoming,1,0.9364183247089386,0.686144232749939,1.2491299986839295,0.23357196152210236,0.066801056265831,0.4310930073261261,31.01605987548828,22.26403102874756,40.067562103271484,0.41188308596611023,0.20541394352912903,0.6243825495243073,8.925919532775879,5.279454708099365,12.840232849121094,0.06295360997319221,0.017718935757875445,0.11801570653915407,0.0374,0.0,0.10939992,0.06579141,0.05076517,06,True,False
2024-25,2025-06-14,Wyoming,2,0.9724124670028687,0.7260378003120422,1.3187167882919313,0.21963068842887878,0.06616295874118805,0.4056496679782868,29.543638229370117,19.684988021850586,38.51536560058594,0.42262421548366547,0.240963876247406,0.6342060565948486,9.388231754302979,5.4664483070373535,13.46755428314209,0.06485404074192047,0.018934838846325873,0.11769956350326538,0.029,0.0,0.11008496,0.06666249,0.05271737,06,True,False
2025-26,2025-08-30,Alaska,0,1.2802590727806091,0.7280360221862794,2.1524399757385257,0.45821650326251984,0.11410631239414215,0.8239789366722108,27.326690673828125,11.586267375946045,42.75569534301758,0.006004344671964645,0.0020000000949949026,0.032902106642723083,10.357544898986816,3.2670488119125367,25.805931091308594,0.0884774774312973,0.004999999888241291,0.25743484795093535,0.1151,0.0018,0.11052438,0.11749733,0.08346234,08,False,False
2025-26,2025-08-30,Alaska,1,1.3079895973205566,0.7454349994659424,2.1473701000213623,0.45962947607040405,0.1254715397953987,0.823255652189255,26.922819137573242,10.079195022583008,41.721981048583984,0.006063744658604264,0.0020000000949949026,0.03552702516317368,10.80824899673462,3.5044480562210083,26.197972106933598,0.08643186092376709,0.004999999888241291,0.2658402472734452,0.1034,0.0026,0.11347975,0.11635373,0.08097093,08,False,False
2025-26,2025-08-30,Alaska,2,1.2910489439964294,0.7174660623073579,2.0698113441467285,0.4317425638437271,0.0977083146572113,0.8176830887794495,28.593743324279785,11.21136932373047,43.88075065612793,0.0058273684699088335,0.0020000000949949026,0.03286408223211768,10.416981220245361,3.553773403167725,24.716720581054688,0.0845039039850235,0.004999999888241291,0.2699654549360276,0.1053,0.0022,0.11146108,0.11890565,0.08391298,08,False,False
2025-26,2025-08-30,California,0,1.2423462867736816,0.8553549647331238,2.010000467300415,0.3621972054243088,0.06493989378213882,0.750869768857956,26.40829372406006,9.316596031188965,43.81866035461426,0.002990497974678874,0.0020000000949949026,0.006182146305218341,17.803646087646484,6.620507144927981,30.944183349609375,0.07778957486152649,0.004999999888241291,0.2181918278336526,0.1032,0.0011,0.11242675,0.10791456,0.07793987,08,False,False
2025-26,2025-08-30,California,1,1.349402904510498,0.8718606233596802,2.082203555107117,0.4071241617202759,0.09512114822864534,0.782920777797699,25.951165199279785,11.54983072280884,41.041717529296875,0.0027833430794999003,0.0020000000949949026,0.005972282029688358,16.50930690765381,5.876057291030884,30.977846145629886,0.0669216737151146,0.004999999888241291,0.19703157395124438,0.1109,0.0004,0.11048481,0.0976444,0.07165427,08,False,False
2025-26,2025-08-30,California,2,1.2411952018737793,0.766393780708313,2.0922437429428107,0.45361530780792236,0.08523999154567719,0.7827532291412354,26.198205947875977,8.877933025360107,45.74679679870606,0.002857989282347262,0.0020000000949949026,0.006616267329081894,17.009982109069824,6.040101432800293,33.77516555786133,0.08004796132445335,0.004999999888241291,0.21850214898586273,0.1025,0.0007,0.11225122,0.11039962,0.08061961,08,False,False
2025-26,2025-08-30,New York,0,0.9455158710479736,0.6311203002929687,1.5731046199798584,0.4182869791984558,0.09957172721624374,0.8137296259403228,24.98959445953369,10.76423454284668,40.23535308837891,0.00688024191185832,0.0020000000949949026,0.01696069557219744,10.006110191345215,3.641991233825684,22.585213851928717,0.08634787797927856,0.004999999888241291,0.2761459678411484,0.1044,0.0013,0.11366375,0.12612601,0.08929992,08,False,False
2025-26,2025-08-30,New York,1,1.0024477243423462,0.6555790901184082,1.745472276210785,0.5094342231750488,0.14019279479980473,0.8661561787128449,27.072688102722168,13.62187719345093,41.49877166748047,0.006244345335289836,0.0020000000949949026,0.0165682926774025,10.132108688354492,3.501772212982178,23.867931365966797,0.07798533886671066,0.004999999888241291,0.25304511189460765,0.1224,0.001,0.11357702,0.11385434,0.08243764,08,False,False
2025-26,2025-08-30,New York,2,1.002008318901062,0.6717327833175659,1.692020297050476,0.48080696165561676,0.12073057442903522,0.8554425835609436,26.77617645263672,14.232864379882812,40.469872665405276,0.0065285516902804375,0.0020000000949949026,0.016926522925496113,10.957456588745117,3.7704886674880984,25.417987823486328,0.07907486334443092,0.004999999888241291,0.23099616318941127,0.1118,0.0012,0.10770274,0.11125322,0.07938705,08,False,False
2025-26,2025-08-30,Pennsylvania,0,1.4252304434776306,0.8364402890205384,2.2900171279907227,0.4145801067352295,0.09577111750841141,0.7849308371543887,24.87916374206543,8.711610507965089,45.16940116882325,0.01942966878414154,0.00604044287465513,0.057788070291280746,8.709138870239258,3.0770654678344727,24.829940795898438,0.09148544818162918,0.004999999888241291,0.283882200717926,0.1043,0.003,0.11297428,0.12245394,0.08475436,08,False,False
2025-26,2025-08-30,Pennsylvania,1,1.3558019399642944,0.7736599445343018,2.268353652954103,0.40631136298179626,0.07981600165367128,0.8006165742874146,23.042357444763184,7.392247676849365,43.27109336853028,0.02618733048439026,0.0068861558102071285,0.06808723509311676,7.925833225250244,2.787661266326905,20.492259979248047,0.09538760408759117,0.006731294095516209,0.2646684587001801,0.0957,0.002,0.11465573,0.12298387,0.08480203,08,False,False
2025-26,2025-08-30,Pennsylvania,2,1.4563074111938477,0.8278605937957764,2.3306872844696045,0.4587719440460205,0.10954021736979484,0.819218510389328,27.25556755065918,9.082256889343263,46.082725524902344,0.021905450150370598,0.00628587044775486,0.06632380411028865,7.464051008224487,2.6159114837646484,18.953718185424805,0.09389219433069229,0.006870220880955458,0.274417293071747,0.0939,0.0003,0.11204898,0.12127527,0.08453755,08,False,False
2025-26,2025-08-30,Vermont,0,1.2638779878616333,0.6689907073974609,2.319237780570984,0.5216684341430664,0.14115935862064366,0.8913632035255432,27.814455032348633,9.907940673828126,43.917181396484374,0.035376543179154396,0.0020000000949949026,0.14273221492767338,0.32393085956573486,0.10000000149011612,0.7382391095161438,0.1006879135966301,0.0070003049448132525,0.3057357370853424,0.094,0.0044,0.11298604,0.1314714,0.08908043,08,False,False
2025-26,2025-08-30,Vermont,1,1.2779711484909058,0.6611921846866607,2.3329226970672607,0.5415908992290497,0.15043640434741976,0.8915655314922333,26.66765308380127,8.472660160064697,43.4431640625,0.0381885040551424,0.0020000000949949026,0.15066484063863758,0.33494678139686584,0.10000000149011612,0.8155921697616578,0.09761375933885574,0.007604594808071852,0.27979707717895524,0.0904,0.0013,0.11185757,0.12243318,0.08492767,08,False,False
2025-26,2025-08-30,Vermont,2,1.2781379222869873,0.6634842336177826,2.350109100341797,0.5265982747077942,0.1551891714334488,0.8818492770195008,26.808021545410156,9.192033290863037,43.82523078918457,0.03851640969514847,0.0020000000949949026,0.1512005776166916,0.3559565544128418,0.10000000149011612,0.8737362623214722,0.09957323223352432,0.007398143596947193,0.31177189052104953,0.0929,0.002,0.11474794,0.1298029,0.08603962,08,False,False
2025-26,2025-08-30,Wyoming,0,0.912587434053421,0.604902446269989,2.084921717643738,0.6151756644248962,0.21026767641305924,0.9229057908058167,27.31972885131836,13.217399978637696,40.122849273681645,0.007074916735291481,0.0020000000949949026,0.048577361181378384,1.7277778387069702,0.10000000149011612,13.593817138671875,0.10182167589664459,0.005836099246516829,0.30771224796772007,0.0982,0.004,0.11158263,0.13185542,0.08733322,08,False,False
2025-26,2025-08-30,Wyoming,1,0.9295163750648499,0.6038368761539459,2.0931267738342285,0.6089954972267151,0.22025997936725616,0.907845675945282,27.259785652160645,13.159539794921876,40.295479202270506,0.007165801944211125,0.0020000000949949026,0.0512516524642706,1.4316218495368958,0.10000000149011612,12.509462261199953,0.09457297623157501,0.005267441272735598,0.29260691404342654,0.0991,0.0017,0.10945729,0.12387853,0.08186448,08,False,False
2025-26,2025-08-30,Wyoming,2,0.9312967658042908,0.6124117374420166,2.0625471830368043,0.6012407839298248,0.21225078999996186,0.919580626487732,27.42545509338379,13.502118110656738,40.605045318603516,0.007817542646080256,0.0020000000949949026,0.05221215449273586,1.355572760105133,0.10000000149011612,10.287063980102543,0.09725417569279671,0.007315811654552819,0.2790318071842194,0.0934,0.003,0.11274063,0.12405772,0.08312845,08,False,False
2025-26,2025-09-20,Alaska,0,1.5304042100906372,0.8686593770980835,2.381596565246582,0.4203595519065857,0.1161394938826561,0.7739651203155518,26.23461151123047,11.198360443115234,42.36265563964844,0.009124618954956532,0.0020000000949949026,0.04172795154154303,9.732119083404541,1.8559776306152354,23.544742584228516,0.09864170104265213,0.013221438974142075,0.26336368918418884,0.0769,0.0,0.11160821,0.133386,0.0925704,09,True,False
2025-26,2025-09-20,Alaska,1,1.418795108795166,0.8103837966918945,2.277921485900879,0.4048326909542084,0.09111919477581978,0.7581202745437625,26.07715606689453,7.952247142791748,43.49118423461914,0.012354674749076366,0.0020000000949949026,0.04337809234857559,8.876171112060547,2.116414785385132,21.163658142089844,0.09663116186857224,0.011301426123827719,0.2673995167016983,0.0788,0.0011,0.11224629,0.13035072,0.08986739,09,True,False
2025-26,2025-09-20,Alaska,2,1.492387294769287,0.8603602707386017,2.367560625076294,0.45177531242370605,0.1341245174407959,0.798389357328415,25.613662719726562,8.829686164855957,42.179771423339844,0.009175634477287531,0.0020000000949949026,0.043775474280118944,9.943089008331299,2.155677556991577,22.207453346252446,0.09868881851434708,0.012820638716220856,0.2616357743740082,0.0752,0.0009,0.11123519,0.12976108,0.0912443,09,True,False
2025-26,2025-09-20,California,0,1.3879406452178955,0.7986580967903137,2.091506242752075,0.4428521394729614,0.13543754816055298,0.7354775071144104,27.30457878112793,10.784702014923097,43.02116775512695,0.004572188016027212,0.0020000000949949026,0.011661132238805303,13.651662826538086,6.380579948425293,24.574138259887707,0.07584486156702042,0.00905199740082026,0.1975514218211174,0.0831,0.0001,0.10982078,0.09927563,0.07273995,09,True,False
2025-26,2025-09-20,California,1,1.4444226026535034,0.9637651324272156,2.2388362884521484,0.3984360098838806,0.11019775196909906,0.7443994283676147,27.26995086669922,13.083107948303223,40.91176986694336,0.00412900373339653,0.0020000000949949026,0.012268507853150368,14.844615936279297,6.672283172607422,26.711084365844727,0.07950533181428909,0.009623318538069761,0.1999797403812409,0.0792,0.0,0.11374455,0.10025323,0.07432711,09,True,False
2025-26,2025-09-20,California,2,1.3673915266990662,0.8438088297843933,2.0205685377120974,0.338280126452446,0.0837535560131073,0.666327953338623,25.479110717773438,9.014151573181152,39.64173889160156,0.004017935832962394,0.0020000000949949026,0.010592394415289171,14.984464168548584,6.6630714416503904,27.43440532684327,0.07350709289312363,0.006489579100161791,0.19248992204666138,0.0938,0.0,0.11264022,0.09594076,0.07110063,09,True,False
2025-26,2025-09-20,New York,0,1.020472526550293,0.7293297648429871,1.6304069757461548,0.3375994563102722,0.06572698652744294,0.7180458307266235,27.742685317993164,9.674161911010742,42.562686920166016,0.004885772708803415,0.0020000000949949026,0.010426658205688,19.019725799560547,8.312052726745605,32.407066345214844,0.07472241669893265,0.009168651886284351,0.18067339062690735,0.0825,0.0,0.11332845,0.09376456,0.07010828,09,True,False
2025-26,2025-09-20,New York,1,1.0734450817108154,0.6934754848480225,1.8330236673355103,0.4134504795074463,0.09306909888982773,0.794001579284668,29.001798629760742,12.393508243560792,42.530792236328125,0.004762096330523491,0.0020000000949949026,0.010284898802638054,16.3299503326416,7.7942376136779785,27.942747116088867,0.08832674473524094,0.008872151374816895,0.23910579085350037,0.086,0.0003,0.11337486,0.11245374,0.07989203,09,True,False
2025-26,2025-09-20,New York,2,1.217640995979309,0.7904650568962097,1.985140264034272,0.4758809357881546,0.129856450855732,0.8446722924709323,29.37071990966797,15.783127784729004,40.62544631958008,0.004771411186084151,0.0020000000949949026,0.01006997460499406,17.498550415039062,7.850548267364502,28.866254806518555,0.07644100487232208,0.005425960291177034,0.19992667436599731,0.0986,0.0,0.11180352,0.09734797,0.07085438,09,True,False
2025-26,2025-09-20,Pennsylvania,0,1.1313453912734985,0.7177432179450989,1.868634819984436,0.4227241277694702,0.15394875407218933,0.7315963804721832,23.43151092529297,7.6502766609191895,41.2251937866211,0.054790008813142776,0.02650032211095095,0.09142815321683884,14.5918288230896,6.385216379165651,25.013765335083008,0.09039534255862236,0.011019687168300152,0.2249433606863022,0.077,0.0003,0.10920781,0.11647942,0.08530466,09,True,False
2025-26,2025-09-20,Pennsylvania,1,1.1957428455352783,0.7324510216712952,2.0662628650665282,0.4685875326395035,0.14777074456214906,0.8072839379310608,25.324440002441406,8.815454483032227,41.40629196166992,0.056608665734529495,0.02741931565105915,0.09425938129425049,12.624566555023193,5.829758358001709,25.036182403564453,0.0807434543967247,0.007794671226292849,0.20852971076965332,0.0899,0.0003,0.1102156,0.1030635,0.07375949,09,True,False
2025-26,2025-09-20,Pennsylvania,2,1.0200632214546204,0.7421578764915466,1.762321698665619,0.37766261398792267,0.11337372660636902,0.7210137248039246,22.045454025268555,6.767137241363526,44.844882583618165,0.058691512793302536,0.031207416206598282,0.09552279114723206,16.54231071472168,7.194262981414795,30.633868980407716,0.08254609629511833,0.009697857964783911,0.2005775421857834,0.0793,0.0,0.11107026,0.10567227,0.07795057,09,True,False
2025-26,2025-09-20,Vermont,0,1.0557875633239746,0.6385179936885834,2.161702847480774,0.5099472403526306,0.16074835658073428,0.8542900383472444,27.55644416809082,12.127829551696777,42.667686462402344,0.04568711668252945,0.0020000000949949026,0.12883354723453522,1.5403351783752441,0.10000000149011612,4.195599365234375,0.09860695526003838,0.010511736758053305,0.2697548508644104,0.0808,0.0009,0.1099435,0.12405643,0.0854591,09,True,False
2025-26,2025-09-20,Vermont,1,1.1104096174240112,0.6427477598190308,2.2235912799835207,0.512633889913559,0.16654188930988312,0.8587789297103883,26.994626998901367,10.919962215423586,41.83784828186035,0.040941013023257256,0.0020000000949949026,0.11735564246773723,1.5733296871185303,0.10000000149011612,4.388127708435059,0.10175073891878128,0.010968155227601528,0.2705317914485932,0.0817,0.0019,0.11097542,0.12667767,0.09014102,09,True,False
2025-26,2025-09-20,Vermont,2,1.0957359075546265,0.6387683153152466,2.181095838546753,0.51772540807724,0.1796591877937317,0.8671673536300659,27.491056442260742,11.516193389892578,42.42916564941407,0.04195199906826019,0.0020000000949949026,0.11898265928030015,1.4076818823814392,0.10000000149011612,3.8544451236724866,0.10094593837857246,0.010949314199388034,0.26466274857521055,0.0814,0.0004,0.11154669,0.12332924,0.08575077,09,True,False
2025-26,2025-09-20,Wyoming,0,1.128139853477478,0.6974865794181824,2.0136899948120117,0.4854290783405304,0.1485917717218399,0.8353999793529511,25.580459594726562,12.035896301269531,41.46613311767578,0.024240251630544662,0.002748209750279784,0.05398214086890222,6.399446487426758,1.7744028806686403,17.767565917968767,0.0965711958706379,0.013048314396291973,0.25823653340339675,0.0753,0.0006,0.10956906,0.12170084,0.08610398,09,True,False
2025-26,2025-09-20,Wyoming,1,1.1058178544044495,0.6710607945919037,1.9539334774017334,0.5043656229972839,0.1474902182817459,0.8597807288169861,23.262409210205078,9.931648254394531,38.846214294433594,0.025247973389923573,0.0036437391536310315,0.056217726320028305,7.26312255859375,2.137570881843567,20.353839874267578,0.10244877636432648,0.014407774247229103,0.25573059916496277,0.0716,0.0006,0.11268844,0.12267477,0.08687524,09,True,False
2025-26,2025-09-20,Wyoming,2,1.0948237180709839,0.6709224581718445,1.9330799579620361,0.4937839210033417,0.14611423015594482,0.8424793243408207,24.72782039642334,12.554482460021973,40.06258010864258,0.02796647697687149,0.0032790662487968817,0.06459943950176239,7.19368839263916,2.168220281600952,20.066781997680664,0.11205719783902168,0.013613532390445483,0.2954261302947998,0.0701,0.0031,0.11206033,0.13669757,0.09441336,09,True,False
2025-26,2025-11-15,Alaska,0,1.446718692779541,0.7991978108882904,2.320427465438843,0.36778347194194794,0.10168208926916122,0.6850156128406525,26.98733139038086,10.726388549804689,41.9721176147461,0.022023510187864304,0.0020000000949949026,0.05353037975728512,12.016092300415039,3.9104772806167603,22.49046802520752,0.0954151451587677,0.017592438496649272,0.20926624536514282,0.0539,0.0,0.10898115,0.10820363,0.07496477,11,False,False
2025-26,2025-11-15,Alaska,1,1.4968085289001465,0.8609823822975159,2.381178140640259,0.36686962842941284,0.11270206123590469,0.6542929410934448,25.550251960754395,10.216453170776369,40.62322502136231,0.02102094702422619,0.003179653314873576,0.050019315630197535,11.256241798400879,3.316469550132752,21.435400772094727,0.09855060651898384,0.020303731970489028,0.20938136577606203,0.0471,0.0,0.11126136,0.11036034,0.07756076,11,False,False
2025-26,2025-11-15,Alaska,2,1.587639570236206,0.8557511746883393,2.4029667854309085,0.39051614701747894,0.132626473903656,0.6660892546176912,26.897464752197266,11.661667442321777,41.27133331298828,0.02254153974354267,0.0043060798197984695,0.05071505904197693,11.588692665100098,3.684236788749695,21.673107337951663,0.09536218643188477,0.01755684893578291,0.2060154974460602,0.0551,0.0,0.11302497,0.10861605,0.07623214,11,False,False
2025-26,2025-11-15,California,0,0.9529429078102112,0.7171427845954895,1.3401601433753967,0.2453913539648056,0.04960550554096699,0.502290666103363,19.815730094909668,6.720537805557251,38.05012893676758,0.05536503344774246,0.0335887610912323,0.07898799031972886,23.422025680541992,14.738392448425293,31.994169235229492,0.050824686884880066,0.009549298696219923,0.11271267309784895,0.0672,0.0,0.10941864,0.06237829,0.04894633,11,False,False
2025-26,2025-11-15,California,1,0.9137967526912689,0.6639016628265381,1.3506423950195312,0.32160627841949463,0.09475966170430183,0.585696578025818,21.747541427612305,9.059830665588379,37.51538200378418,0.06126478686928749,0.03489795215427876,0.0910242907702923,14.96163558959961,9.37113676071167,21.756657028198244,0.06837661936879158,0.013522940035909415,0.14776000380516052,0.0573,0.0,0.10965261,0.08062597,0.06149806,11,False,False
2025-26,2025-11-15,California,2,0.9362473487854004,0.6240213513374329,1.3029839992523193,0.31883203983306885,0.08241215348243713,0.5754567563533783,22.49799346923828,8.607051849365234,38.94517021179199,0.05771588534116745,0.03389884568750858,0.08887223154306412,25.671356201171875,15.77009391784668,34.75006866455078,0.06349758803844452,0.008791428338736298,0.1527622774243355,0.0858,0.0,0.11068035,0.0792544,0.05721921,11,False,False
2025-26,2025-11-15,New York,0,1.125877320766449,0.8217052817344666,1.5576433539390568,0.3074769675731659,0.10014663040637972,0.5593459010124207,23.114861488342285,12.58405590057373,34.26183319091798,0.04371603578329086,0.022868575528264046,0.07056990265846252,13.88566780090332,7.765982389450074,21.315742874145506,0.06218307837843895,0.01171300681307912,0.1337865501642229,0.0631,0.0,0.11358776,0.071177,0.05499698,11,False,False
2025-26,2025-11-15,New York,1,1.1086968183517456,0.7595831394195557,1.8378252625465397,0.3892782926559448,0.13207778334617615,0.6765793561935425,22.821626663208008,11.452896118164062,36.312801361083984,0.05051504075527191,0.024575083889067175,0.08168575167655945,13.792677879333496,7.792722225189209,21.840110778808594,0.08305729553103447,0.016311565414071083,0.18762053549289703,0.0536,0.0,0.11056706,0.09815711,0.07213875,11,False,False
2025-26,2025-11-15,New York,2,1.141829252243042,0.7176275730133057,1.7651598453521729,0.3946665823459625,0.12950482368469238,0.6825951159000399,23.24215316772461,12.062424659729004,35.405513763427734,0.04762422665953636,0.024283770471811295,0.07729750126600266,17.082234382629395,9.033135890960693,29.4235782623291,0.08612043038010597,0.01783362235873938,0.17441125214099884,0.0484,0.0,0.11392394,0.09491088,0.07172338,11,False,False
2025-26,2025-11-15,Pennsylvania,0,1.0498154163360596,0.8210878372192383,1.6804244041442888,0.24382463097572327,0.04439718276262283,0.5554752349853516,22.70549774169922,9.320921897888184,39.772369384765625,0.08493052795529366,0.051922455057501794,0.11793045625090601,22.512320518493652,14.007091903686524,32.74546737670899,0.04838152416050434,0.008871576748788357,0.10773455426096916,0.0678,0.0,0.11354525,0.05843122,0.04573455,11,False,False
2025-26,2025-11-15,Pennsylvania,1,1.0880227088928223,0.9053447723388672,1.5748649835586548,0.18208450824022293,0.010084952227771282,0.5155737996101379,26.636253356933594,12.583890628814698,39.22082443237305,0.08118843287229538,0.05059324800968171,0.11584944278001785,26.09664249420166,16.743814086914064,35.02461776733399,0.052573312073946,0.009923819731920958,0.11590057536959648,0.0679,0.0,0.1097144,0.0632979,0.04998102,11,False,False
2025-26,2025-11-15,Pennsylvania,2,1.038002610206604,0.7363316416740417,1.2861988544464111,0.21673089265823364,0.029069168493151682,0.5078604996204379,21.15467071533203,8.811771392822266,38.12053680419922,0.08334486186504364,0.05181429125368595,0.12082556635141373,22.754058837890625,14.366956996917725,31.549711227416992,0.049217334017157555,0.010765468701720238,0.10956320464611054,0.0579,0.0,0.10936103,0.0578552,0.04417486,11,False,False
2025-26,2025-11-15,Vermont,0,1.1124324798583984,0.6951782166957855,1.9129528641700748,0.48999178409576416,0.1890387237071992,0.7834176301956177,23.9450626373291,12.36312074661255,35.64297103881836,0.05544939637184143,0.0061400397680699825,0.12447085306048404,5.337484836578369,1.4088914155960084,11.849140167236328,0.1253027692437172,0.02571951411664486,0.2533175051212311,0.0514,0.0001,0.11068831,0.14468481,0.10498902,11,False,False
2025-26,2025-11-15,Vermont,1,1.0884407758712769,0.6685559153556824,1.8979465365409862,0.473628893494606,0.18080103844404224,0.7851012349128723,23.85158061981201,11.552565574645996,36.784664154052734,0.051447004079818726,0.009330272674560547,0.11296359971165658,5.255550384521484,1.4622623801231385,11.765645980834961,0.11356689035892487,0.023910249024629602,0.2476656287908554,0.0468,0.0001,0.11124446,0.13229138,0.09624845,11,False,False
2025-26,2025-11-15,Vermont,2,1.092383861541748,0.6779629588127136,1.9556835889816284,0.517423152923584,0.2180592343211174,0.7995144963264466,24.04943561553955,12.171965599060059,36.04428672790527,0.0457758866250515,0.007090927101671696,0.09897416904568673,5.737224578857422,1.5205201983451846,12.809195518493652,0.11269854381680489,0.023566401936113833,0.24361356496810915,0.0485,0.0003,0.1111409,0.12907639,0.09443138,11,False,False
2025-26,2025-11-15,Wyoming,0,1.1539052724838257,0.6984057426452637,2.0045096635818482,0.4411642551422119,0.13550293445587158,0.7536808133125307,26.453665733337402,11.502921867370606,40.22870178222657,0.03119815420359373,0.005370923317968845,0.06845211386680604,9.582100868225098,3.6075493812561037,18.556639289855962,0.10593114793300629,0.02026198692619801,0.22493722438812258,0.0529,0.0,0.11119342,0.11954898,0.08769303,11,False,False
2025-26,2025-11-15,Wyoming,1,1.053011417388916,0.6578090190887451,1.8805072307586672,0.3884987384080887,0.1014687217772007,0.7126418054103851,24.10263442993164,9.797766208648682,38.10856742858888,0.03309544175863266,0.007967864722013473,0.07041805982589722,9.811742305755615,3.6866858482360843,18.763780212402352,0.10424930974841118,0.02293907776474953,0.21398621797561646,0.0494,0.0,0.11283226,0.11778991,0.0854604,11,False,False
2025-26,2025-11-15,Wyoming,2,1.1048035621643066,0.6972264289855957,1.921128499507904,0.41233667731285095,0.13417095839977264,0.7098559021949769,24.76415729522705,10.124311447143555,38.87428169250489,0.035300811752676964,0.005107771931216121,0.07936805263161659,9.243726253509521,3.670016074180603,16.85680389404297,0.08706590533256531,0.013899264484643936,0.18860330134630204,0.0667,0.0,0.10826664,0.10052195,0.07340754,11,False,False
2025-26,2025-11-29,Alaska,0,1.6217716336250305,0.9148897469043732,2.390730690956116,0.3872537761926651,0.14030706882476807,0.6512733042240144,25.230281829833984,12.571452045440674,38.437936401367196,0.02621087897568941,0.005138623388484121,0.057424972578883175,11.99525785446167,3.7431734800338745,23.662180900573734,0.09166158735752106,0.018048194795846944,0.2035435527563095,0.0527,0.0,0.11132734,0.1056433,0.07407057,11,False,False
2025-26,2025-11-29,Alaska,1,1.8017034530639648,1.0106388330459595,2.4851282358169557,0.37769369781017303,0.134904083609581,0.6432607769966125,24.973533630371094,12.464305210113526,37.316128158569335,0.01938469707965851,0.003232597140595317,0.04464367292821407,11.265345573425293,3.6651724338531495,21.357561111450195,0.0937071219086647,0.025791581720113754,0.18358725756406785,0.0368,0.0,0.11028699,0.10335953,0.07163344,11,False,False
2025-26,2025-11-29,Alaska,2,1.6888101696968079,0.9628454446792603,2.450221371650696,0.3820619732141495,0.12570209354162218,0.6913418769836426,24.447669982910156,12.064214515686038,36.26280136108399,0.02269735001027584,0.0039976309053599834,0.05123014375567436,12.432279109954834,4.034350872039795,22.52849216461182,0.10282335430383682,0.023175607062876226,0.20174677670001984,0.0415,0.0,0.11008804,0.11381111,0.07794196,11,False,False
2025-26,2025-11-29,California,0,0.9906794726848602,0.7518937289714813,1.2936831712722778,0.2143266424536705,0.03268657103180886,0.4865167707204819,23.68603515625,11.108791637420655,37.824153900146484,0.0630466490983963,0.03941579908132553,0.09193774312734604,19.12778663635254,12.295701217651366,26.631499290466316,0.052894897758960724,0.008631187491118908,0.12070330232381822,0.0739,0.0,0.10947,0.06648675,0.05092141,11,False,False
2025-26,2025-11-29,California,1,0.9082242250442505,0.6123945534229279,1.3832913637161255,0.3771662414073944,0.09499911218881607,0.610757476091385,22.15825843811035,11.036364555358887,39.53002166748047,0.06797052547335625,0.04068969935178757,0.09747245162725449,19.66025733947754,12.135440444946289,28.13155174255371,0.053805846720933914,0.009941172786056995,0.127232626080513,0.0722,0.0,0.11231554,0.0664011,0.04773429,11,False,False
2025-26,2025-11-29,California,2,0.8348766267299652,0.6668094992637634,1.0348416209220888,0.29509545862674713,0.08949379622936249,0.4982796847820283,14.55905818939209,7.388650131225588,23.742935371398925,0.06627633050084114,0.04204382374882698,0.09426609426736832,28.019886016845703,18.25367374420166,36.48987579345703,0.0515412800014019,0.010953695699572564,0.1125679537653923,0.0634,0.0,0.11192544,0.06166023,0.04574992,11,False,False
2025-26,2025-11-29,New York,0,1.089537501335144,0.787963229417801,1.6251106500625614,0.33211779594421387,0.10605692118406296,0.5979206740856171,23.397249221801758,12.303180694580078,37.8857780456543,0.06897076219320297,0.04008778557181358,0.09953443706035614,20.390403747558594,12.10677719116211,28.98197364807129,0.06539992243051529,0.012047023512423038,0.1424542114138604,0.0651,0.0,0.11292683,0.07723808,0.05977464,11,False,False
2025-26,2025-11-29,New York,1,1.1124825477600098,0.8285439610481262,1.5540779829025269,0.2898677587509155,0.08107343390583995,0.5289868652820588,23.873910903930664,12.889169502258301,38.3648681640625,0.0737893357872963,0.04321454092860222,0.10934687033295633,19.72847270965576,11.607721328735352,29.63164520263672,0.06067119911313057,0.012917831540107727,0.13366716057062156,0.0578,0.0,0.11244306,0.07440714,0.05728727,11,False,False
2025-26,2025-11-29,New York,2,1.1650727987289429,0.8495228230953217,1.6899268269538883,0.28969714045524597,0.08022081851959229,0.5850128889083864,26.489402770996094,13.951105690002445,38.901023864746094,0.07366691529750824,0.04171339422464371,0.10886949300765991,19.37049102783203,10.960162162780762,29.3579044342041,0.06559738516807556,0.015990975312888622,0.137145534157753,0.0487,0.0,0.11167311,0.07526292,0.05768121,11,False,False
2025-26,2025-11-29,Pennsylvania,0,1.165819525718689,0.9327870607376099,1.5110932111740116,0.22786014527082443,0.04823947697877884,0.45236095190048226,26.22964096069336,15.490940284729005,37.648712158203125,0.09370430558919907,0.06250473000109195,0.12672263383865356,28.41538715362549,18.542304611206056,36.524192810058594,0.05204521864652634,0.012991275638341904,0.10152003914117813,0.0426,0.0,0.11209383,0.05105227,0.0405809,11,False,False
2025-26,2025-11-29,Pennsylvania,1,1.1452552676200867,0.8719411492347717,1.6384789943695068,0.27633509039878845,0.08348670303821566,0.517678874731064,24.79274559020996,13.671696662902832,37.13969039916992,0.10171879082918167,0.06348825618624687,0.14109213650226593,26.054044723510742,17.5671443939209,33.881970214843754,0.05096781253814697,0.011806806549429893,0.10803200304508209,0.0565,0.0,0.11136634,0.05295298,0.04159476,11,False,False
2025-26,2025-11-29,Pennsylvania,2,1.1510777473449707,0.9284484803676605,1.4978421807289128,0.22170744836330414,0.05194368064403535,0.448381593823433,24.551179885864258,13.862936973571777,35.73043632507324,0.09858816862106323,0.06161504611372948,0.13981704413890841,26.447038650512695,17.515472221374512,34.904937744140625,0.06133199855685234,0.016167896986007697,0.11576328948140145,0.0394,0.0,0.11214314,0.05920879,0.04653068,11,False,False
2025-26,2025-11-29,Vermont,0,0.9162028431892395,0.6004467606544495,1.7163810014724736,0.4569266140460968,0.16717899590730667,0.7693796873092652,26.183022499084473,10.60856800079346,40.63212203979492,0.03590026870369911,0.0020000000949949026,0.09556467384099962,3.2080416679382324,0.10000000149011612,10.261260986328125,0.1333746388554573,0.03348532840609551,0.2620621472597122,0.0342,0.0,0.11263012,0.13636007,0.09585609,11,False,False
2025-26,2025-11-29,Vermont,1,0.9307556748390198,0.6000000238418579,1.6855990529060367,0.4739255905151367,0.18288373947143555,0.7893475294113159,25.379417419433594,9.714783668518066,39.68888816833496,0.04326641373336315,0.0020000000949949026,0.1179459497332573,2.814643383026123,0.10000000149011612,8.832305908203125,0.12429066747426987,0.02916475385427475,0.24460435360670096,0.0365,0.0,0.1142793,0.12860679,0.08993726,11,False,False
2025-26,2025-11-29,Vermont,2,0.9184703230857849,0.6000000238418579,1.7122239232063297,0.4533999413251877,0.1707184851169586,0.7553094685077667,25.485990524291992,10.077925109863282,37.95414276123047,0.03617875091731548,0.0020000000949949026,0.09581009820103645,3.230034828186035,0.10000000149011612,9.58986930847168,0.12691957503557205,0.03299281746149063,0.24963058531284335,0.0359,0.0002,0.1114813,0.12875215,0.08995694,11,False,False
2025-26,2025-11-29,Wyoming,0,1.1027075052261353,0.6758847773075104,1.8849905490875247,0.417675256729126,0.13171958923339844,0.7295264244079591,25.60374927520752,11.853893280029297,38.61975860595703,0.04523695632815361,0.01361012365669012,0.09126565232872964,10.294239044189453,4.086211204528809,18.535846710205078,0.09728243201971054,0.022916886396706106,0.20276877880096444,0.0383,0.0,0.10919633,0.11352641,0.08095498,11,False,False
2025-26,2025-11-29,Wyoming,1,1.005479097366333,0.6775300979614258,1.6822879195213325,0.3855770230293274,0.13273067772388458,0.6642068028450012,22.73868751525879,9.540287971496582,37.38394126892091,0.04693857952952385,0.01563111310824752,0.09446465224027634,10.045977592468262,3.9116525650024414,18.267351722717287,0.09273959696292877,0.017456463351845745,0.20262488722801208,0.0559,0.0,0.11076978,0.11010523,0.07804439,11,False,False
2025-26,2025-11-29,Wyoming,2,1.0453463792800903,0.6835329294204712,1.8187705278396606,0.3755965530872345,0.10685694813728333,0.6655023276805879,23.64528179168701,10.43527660369873,38.10357589721681,0.05390678718686104,0.016368800029158595,0.10611070170998578,10.87178087234497,4.325778484344482,19.951968955993657,0.09004464745521545,0.01819740980863571,0.19136823564767838,0.0552,0.0,0.11173331,0.10785354,0.07668138,11,False,False
2025-26,2025-12-06,Alaska,0,1.676501750946045,0.9215356111526489,2.46538450717926,0.38071200251579285,0.13097397983074188,0.6728783845901489,25.52451801300049,14.199180412292483,37.64044952392578,0.03567466884851456,0.011856158077716828,0.07669716849923136,10.781469345092773,4.01919641494751,19.973024940490728,0.09520943090319633,0.021470052748918535,0.19983604550361633,0.0494,0.0,0.1119353,0.1087304,0.07513648,12,False,False
2025-26,2025-12-06,Alaska,1,1.6852213144302368,0.9743941783905029,2.4672937393188477,0.41128386557102203,0.1606643006205559,0.6695867478847504,22.023914337158203,11.892832469940185,34.34322204589844,0.032566679641604424,0.012492348998785022,0.06743789017200472,11.454866409301758,4.296250343322754,20.559423446655273,0.09945415705442429,0.023927420377731323,0.20421366393566132,0.0402,0.0,0.11050741,0.11228023,0.07963742,12,False,False
2025-26,2025-12-06,Alaska,2,1.62300306558609,0.8772335588932038,2.4775449514389045,0.4245051443576813,0.16206709742546083,0.7270654439926147,24.20639991760254,13.150853157043457,36.43796157836914,0.034713706001639366,0.012052454892545939,0.06997209787368774,12.291607856750488,4.4216449737548835,21.615684509277344,0.1046743243932724,0.025670586526393896,0.21193388700485233,0.0379,0.0001,0.11209779,0.11695492,0.08085982,12,False,False
2025-26,2025-12-06,California,0,1.0092988014221191,0.805915355682373,1.1521345376968384,0.12361589074134827,0.006894828286021948,0.36046223640441905,23.033390045166016,11.301980972290039,36.15908546447754,0.0690283253788948,0.04284895583987236,0.10093417018651962,28.46544075012207,18.80735206604004,36.60264587402344,0.04452819749712944,0.006519939796999098,0.10442280024290085,0.0916,0.0,0.11291722,0.05649768,0.04488787,12,False,False
2025-26,2025-12-06,California,1,0.9908468127250671,0.7671547710895539,1.162609672546387,0.16149988770484924,0.01722101680934429,0.421948105096817,22.31650161743164,10.168667793273926,35.0588493347168,0.07204660773277283,0.0456661581993103,0.09761282801628113,25.905484199523926,17.109113693237305,34.49595642089844,0.05204322934150696,0.007664677686989307,0.12259648740291595,0.0826,0.0,0.11266108,0.06581095,0.05237892,12,False,False
2025-26,2025-12-06,California,2,0.8995786905288696,0.7424934327602387,1.0943416357040405,0.24376070499420166,0.06974544450640678,0.4352881759405136,16.494837760925293,8.33624954223633,28.078542709350586,0.059600502252578735,0.03846805021166802,0.08269746452569962,27.94929027557373,18.892306900024415,35.90415954589844,0.04179760999977589,0.00821364251896739,0.09229745492339134,0.0739,0.0,0.11404,0.05018616,0.03930814,12,False,False
2025-26,2025-12-06,New York,0,1.1954084634780884,0.8288394749164582,1.7300767660140994,0.31115666031837463,0.10305432230234146,0.5991794466972351,26.919572830200195,14.991478061676027,39.42323303222656,0.0834064707159996,0.051643382757902145,0.11790062338113785,23.23262596130371,13.505060482025147,33.66235504150391,0.059516848996281624,0.015563124790787699,0.12150207906961441,0.0425,0.0,0.11263125,0.06724835,0.0530402,12,False,False
2025-26,2025-12-06,New York,1,1.143278181552887,0.8700352609157562,1.5717451572418213,0.2616541385650635,0.08535130247473717,0.5198553204536438,24.34356689453125,13.07194881439209,37.65567398071289,0.08522697538137436,0.051127925515174866,0.1247016176581383,21.212284088134766,13.162636470794677,30.482235527038576,0.057972487062215805,0.013699951954185963,0.11721684783697128,0.0513,0.0,0.11218755,0.06642606,0.05258181,12,False,False
2025-26,2025-12-06,New York,2,1.1843379735946655,0.8832582414150238,1.63203763961792,0.2638181746006012,0.062680396437645,0.5113661348819732,26.018391609191895,13.56451063156128,39.78448677062989,0.09352494031190872,0.056131742894649506,0.1380489513278008,22.001469612121582,13.650110054016114,30.52060317993164,0.05443190969526768,0.011766737885773187,0.11644195765256882,0.0588,0.0,0.11166752,0.0646183,0.05039965,12,False,False
2025-26,2025-12-06,Pennsylvania,0,1.0908695459365845,0.9290648698806763,1.3404722094535828,0.20795488357543945,0.07250031381845475,0.3667374551296234,22.02965545654297,13.642323112487793,33.05683517456055,0.11750715970993042,0.07868763655424119,0.15614306479692464,28.81148624420166,20.343570709228516,36.58293914794922,0.047629671171307564,0.013333464972674847,0.0966817393898964,0.0422,0.0,0.11173443,0.05347956,0.04179639,12,False,False
2025-26,2025-12-06,Pennsylvania,1,1.0944510698318481,0.7654247283935547,1.5993884325027468,0.32128971815109253,0.11727874726057053,0.5984126329421997,22.877573013305664,12.580657005310059,37.81142158508302,0.10890815407037735,0.06852122172713279,0.1536475419998169,27.38435173034668,18.979013442993164,35.46953582763672,0.06481027975678444,0.017924190126359464,0.13058361411094666,0.0381,0.0,0.1108531,0.0714053,0.05556403,12,False,False
2025-26,2025-12-06,Pennsylvania,2,1.1636768579483032,0.9223572611808777,1.565874266624451,0.23565570265054703,0.05003370456397535,0.526157832145691,26.276771545410156,15.238219261169434,38.83389358520508,0.11966294795274734,0.07923051714897156,0.16356772780418397,26.346393585205078,17.712783813476562,34.70795440673828,0.05163184180855751,0.014084123633801938,0.10385007411241531,0.0435,0.0,0.11072846,0.05633133,0.04381509,12,False,False
2025-26,2025-12-06,Vermont,0,0.9594272375106812,0.6313066482543945,1.6648597002029422,0.4593421518802643,0.16835960745811462,0.7512214183807373,23.74567413330078,10.396093368530273,36.94109916687012,0.0397009439766407,0.005138094536960125,0.10133987218141556,4.040696620941162,0.516743540763855,10.898909950256348,0.11515656113624573,0.027823662385344512,0.2408613070845604,0.0452,0.0,0.11096299,0.13786452,0.09503012,12,False,False
2025-26,2025-12-06,Vermont,1,1.0073295831680298,0.6532662630081176,1.81336807012558,0.4483180344104767,0.16859939694404602,0.7581115961074829,24.729766845703125,11.475224494934082,38.17220153808594,0.04354558885097504,0.005247039720416069,0.12043202370405202,3.6286392211914062,0.35786452889442444,11.12771987915039,0.12531323730945587,0.03217591717839241,0.2436303883790971,0.04,0.0001,0.11203468,0.14396534,0.0980891,12,False,False
2025-26,2025-12-06,Vermont,2,0.9728061854839325,0.6357042193412781,1.6980762481689453,0.4574058949947357,0.166420279443264,0.7241722941398621,24.661861419677734,11.674603080749511,36.51446723937988,0.041816700249910355,0.006394955562427641,0.10494232177734375,3.9109435081481934,0.4608308166265488,11.05996036529541,0.12062487751245499,0.024716974422335638,0.24132171273231506,0.0484,0.0,0.11210627,0.14037795,0.09672154,12,False,False
2025-26,2025-12-06,Wyoming,0,1.0764299631118774,0.6835189461708069,1.886582851409912,0.40743058919906616,0.13411909341812134,0.6849531710147861,24.711676597595215,12.540580749511719,38.587016677856454,0.05599352717399597,0.019868673756718636,0.11998234167695046,11.290995597839355,4.618841695785522,21.60541343688965,0.09833940118551254,0.02155325934290886,0.21316428482532504,0.0502,0.0,0.11118111,0.11746901,0.08648421,12,False,False
2025-26,2025-12-06,Wyoming,1,1.0643595457077026,0.7167188942432403,1.7528098225593571,0.3851270526647568,0.10982897877693176,0.6843392312526704,24.15387535095215,11.903114700317383,37.83002624511719,0.05209636315703392,0.019086644612252714,0.0960136353969574,10.800446510314941,4.545485401153565,20.04486083984375,0.08900684863328934,0.01627984642982483,0.19061504304409027,0.059,0.0,0.10985926,0.10476433,0.07717324,12,False,False
2025-26,2025-12-06,Wyoming,2,1.0818257927894592,0.7377059996128082,1.787070918083191,0.3700729161500931,0.12506065592169766,0.6643103539943696,24.093013763427734,11.4736873626709,37.76309852600098,0.0490898173302412,0.01934686712920666,0.09281138330698013,11.028698444366455,4.700828552246094,19.945182800292972,0.08010319620370865,0.01565768532454968,0.17670921087265015,0.0611,0.0,0.1110742,0.09597087,0.07174204,12,False,False
2025-26,2025-12-13,Alaska,0,1.6285090446472168,0.8356930613517761,2.4399003982543945,0.40177232027053833,0.16046345233917236,0.6781038582324983,23.61135482788086,12.343465805053711,35.61775131225586,0.03945557028055191,0.014693469740450382,0.08454842418432239,13.711165428161621,5.708101606369019,23.840936279296876,0.1154027208685875,0.02953285723924637,0.2186903953552246,0.0318,0.0,0.11181274,0.1229865,0.08683277,12,False,False
2025-26,2025-12-13,Alaska,1,1.5263115167617798,0.8298383951187135,2.4235687255859375,0.4147869348526001,0.16374582499265672,0.6705052852630615,22.964765548706055,11.57116165161133,36.032745361328125,0.038484521210193634,0.013635070063173771,0.08273203670978546,13.20736026763916,5.033181190490723,23.753419876098633,0.11546976119279861,0.029659975320100784,0.22763307392597198,0.0411,0.0,0.11277344,0.12246719,0.08611693,12,False,False
2025-26,2025-12-13,Alaska,2,1.6758469343185425,0.9497822165489197,2.434232497215272,0.3962877243757248,0.1289099916815758,0.6738826632499695,25.326444625854492,14.212588691711426,35.934661865234375,0.03802241384983063,0.01403642538934946,0.08109797611832621,13.383275032043457,5.466866970062256,24.024276733398438,0.09206286445260048,0.02097858488559723,0.19180643558502197,0.046,0.0,0.10876636,0.1027316,0.07231367,12,False,False
2025-26,2025-12-13,California,0,1.0407013893127441,0.7535952925682068,1.586549997329712,0.25258275866508484,0.03646121919155121,0.6161392331123352,23.142772674560547,10.918968296051027,40.17765846252442,0.0783713161945343,0.04908639825880528,0.10871091485023499,23.558812141418457,15.193102836608887,32.13535118103028,0.05312616936862469,0.011050969455391172,0.12183153107762337,0.0652,0.0,0.1115828,0.06456228,0.04895469,12,False,False
2025-26,2025-12-13,California,1,1.0474103689193726,0.8183656334877014,1.3731648921966553,0.21152575314044952,0.037549953907728195,0.47013378143310547,24.870189666748047,14.744455146789553,37.619606018066406,0.06917817145586014,0.04217945411801338,0.0985201746225357,25.52696990966797,17.349315643310547,34.808624267578125,0.04537956416606903,0.010460796765983105,0.09838719666004181,0.0602,0.0,0.11029592,0.05282603,0.04136312,12,False,False
2025-26,2025-12-13,California,2,1.0490520000457764,0.8460421562194824,1.3302786350250244,0.19985408335924149,0.036518629640340805,0.4624104142189026,25.176176071166992,14.181594562530519,38.55410537719727,0.06704065576195717,0.043472088500857355,0.09213699102401735,24.444025993347168,16.674224662780762,33.185394287109375,0.04564550891518593,0.009899246692657472,0.1025029741227627,0.0692,0.0,0.11254847,0.05389253,0.0420549,12,False,False
2025-26,2025-12-13,New York,0,1.1215233206748962,0.8438710868358612,1.5575752258300781,0.236674964427948,0.04041537269949913,0.5321151793003084,25.872806549072266,13.084489822387695,41.729827880859375,0.10410920530557632,0.05976580232381821,0.156349778175354,21.954627990722656,13.951984119415284,30.0894718170166,0.06113647483289242,0.013509453274309635,0.12597640901803972,0.0507,0.0,0.11192022,0.06734692,0.05228387,12,False,False
2025-26,2025-12-13,New York,1,1.0889742970466614,0.8295158743858337,1.4616563320159912,0.24563071876764297,0.05714904740452767,0.5131999850273132,23.535120010375977,12.018978118896484,40.17649459838867,0.10395435988903046,0.060389380902051926,0.14820772409439087,21.01291561126709,14.249107170104981,28.00942611694336,0.054836470633745193,0.014013832435011864,0.10704076290130615,0.0451,0.0,0.10832083,0.05979682,0.04763847,12,False,False
2025-26,2025-12-13,New York,2,1.053689956665039,0.802264928817749,1.3637853503227235,0.2507879436016083,0.05762752518057823,0.5149922192096714,21.250715255737305,11.306818962097168,36.260765075683594,0.11497563868761063,0.06877696514129639,0.16540045887231833,22.059551239013672,13.603752136230469,30.805313110351562,0.054617684334516525,0.011565230786800385,0.1138544611632824,0.0588,0.0,0.1111075,0.06108029,0.04834117,12,False,False
2025-26,2025-12-13,Pennsylvania,0,1.2105522155761719,0.9745731711387634,1.5149248838424683,0.22789540886878967,0.06338253468275074,0.4447363317012787,30.542760848999023,19.206504821777344,40.328408813476564,0.12647321820259094,0.0821351632475853,0.1699700504541397,28.312715530395508,19.123619079589844,36.467861938476574,0.04720868170261383,0.013326730579137802,0.0894850105047226,0.0388,0.0,0.10983274,0.05202245,0.04105907,12,False,False
2025-26,2025-12-13,Pennsylvania,1,1.086087942123413,0.900373136997223,1.3108515739440918,0.20630525052547455,0.05616671033203603,0.4072998255491257,22.052770614624023,13.964630126953125,33.65218200683594,0.12507493793964386,0.08139057457447052,0.17168404161930084,27.325573921203613,18.824530792236327,35.33760604858399,0.04619565047323704,0.011938387528061867,0.08850577399134639,0.0447,0.0,0.11184928,0.05175741,0.04082868,12,False,False
2025-26,2025-12-13,Pennsylvania,2,1.1500135660171509,0.9316214323043823,1.487660837173462,0.198351189494133,0.04110395163297653,0.4178342521190645,26.650606155395508,15.757596015930176,40.79376220703125,0.12832985818386078,0.08804060518741608,0.17604361474514008,26.7880802154541,18.674440383911133,34.330196380615234,0.051898423582315445,0.013773662969470024,0.09897629246115686,0.0417,0.0,0.11202581,0.05796263,0.04518675,12,False,False
2025-26,2025-12-13,Vermont,0,1.034930944442749,0.6721826672554017,1.8773465991020208,0.44471195340156555,0.15655319541692736,0.7261306822299958,25.05253028869629,13.199902534484863,38.33974838256836,0.04134015925228596,0.008105394989252094,0.1073026955127716,4.7029500007629395,1.161765694618225,11.80521011352539,0.11161553114652634,0.024104129336774353,0.23259275704622276,0.0481,0.0,0.11301937,0.12803844,0.09073506,12,False,False
2025-26,2025-12-13,Vermont,1,1.0180575847625732,0.6592843472957611,1.7446952581405644,0.45047834515571594,0.16575501859188083,0.7317524015903474,23.956212997436523,12.72507028579712,35.96464920043945,0.037430718541145325,0.007640047743916512,0.09431100636720657,5.2522594928741455,1.1936706066131593,14.30697250366211,0.1198461726307869,0.029857885092496872,0.24661046266555786,0.0367,0.0001,0.11181345,0.13522434,0.09659895,12,False,False
2025-26,2025-12-13,Vermont,2,1.0742997527122498,0.6929705739021301,1.8521008491516113,0.4425240755081177,0.16646887362003326,0.7101548850536347,25.34272003173828,12.994119930267335,38.17489929199219,0.039969583973288536,0.009014899749308825,0.10689637064933777,5.147737503051758,1.1958568096160889,13.400532817840578,0.10954730957746506,0.028958523645997047,0.21818908005952842,0.0368,0.0,0.11155977,0.12050468,0.08794411,12,False,False
2025-26,2025-12-13,Wyoming,0,1.0817612409591675,0.735855507850647,1.7321738004684448,0.3646114468574524,0.12228335440158844,0.6483254492282868,24.021986961364746,12.808410739898681,38.43619155883789,0.06880144029855728,0.02896174229681492,0.1198483407497406,10.466046333312988,4.798930644989014,17.81490707397461,0.08333145827054977,0.014215739443898201,0.18868818879127502,0.057,0.0,0.11224561,0.09851517,0.07263694,12,False,False
2025-26,2025-12-13,Wyoming,1,1.0745972990989685,0.7178800702095032,1.7939488887786865,0.3848825991153717,0.13005484491586689,0.6774008274078369,24.301774978637695,13.021027565002443,38.15418930053711,0.06938862800598145,0.030354252085089684,0.12072112411260605,11.626134872436523,5.199735641479492,19.776010513305664,0.08824435621500015,0.020139711722731594,0.18527279794216156,0.0449,0.0,0.11027595,0.10201704,0.07487576,12,False,False
2025-26,2025-12-13,Wyoming,2,1.0745162963867188,0.723962664604187,1.7820016145706177,0.3999697417020798,0.13601170778274538,0.6718419015407563,25.092309951782227,14.078725814819336,37.411006927490234,0.07278633490204811,0.030618829652667046,0.1320892721414566,11.100125312805176,5.177467823028565,18.218910217285156,0.09205304086208344,0.021418074890971188,0.19118714332580566,0.0468,0.0,0.1126043,0.10534497,0.07639458,12,False,False
2025-26,2025-12-27,Alaska,0,1.2469031810760498,0.8005902767181396,2.367659330368042,0.40544480085372925,0.14751169085502625,0.6795135736465454,26.706314086914062,16.476402282714844,38.8776969909668,0.09887846931815147,0.04775354638695717,0.17297068536281593,11.466548919677734,5.67656626701355,18.582619285583498,0.0938904732465744,0.022487012483179573,0.2005595564842224,0.0486,0.0,0.11046644,0.11007054,0.07871712,12,False,False
2025-26,2025-12-27,Alaska,1,1.2584359645843506,0.8380690336227418,2.1960484981536865,0.41159291565418243,0.14002220332622528,0.6885718047618866,28.18459415435791,18.003400802612305,39.58717727661133,0.0985586866736412,0.04734874330461025,0.17309644222259524,11.79327392578125,5.501558494567871,19.55704421997071,0.09877901524305344,0.021343044936656952,0.20545914471149446,0.049,0.0,0.11427265,0.11471367,0.08337117,12,False,False
2025-26,2025-12-27,Alaska,2,1.2706180810928345,0.800071758031845,2.3427469730377197,0.4129053056240082,0.14732512235641482,0.7014869332313538,26.6561861038208,16.91621208190918,38.20257720947266,0.10308114439249039,0.04840913824737072,0.17848389595746994,12.700431823730469,5.772437667846679,22.21782875061035,0.09561216831207275,0.02250956054776907,0.1928359180688858,0.0403,0.0,0.11096701,0.1095906,0.07949213,12,False,False
2025-26,2025-12-27,California,0,1.0758892893791199,0.9090787768363953,1.3851227760314941,0.2082217037677765,0.054876361042261124,0.4168004631996155,26.555840492248535,16.670346641540526,39.109267807006844,0.10234911739826202,0.06562904492020608,0.14430101662874226,27.452756881713867,19.134485816955568,34.88764190673828,0.04397544637322426,0.010121624916791916,0.08955587446689606,0.0583,0.0,0.11029721,0.05017458,0.03982896,12,False,False
2025-26,2025-12-27,California,1,1.080087423324585,0.8735198199748992,1.3029165744781497,0.20264293253421783,0.05741570144891739,0.4321883022785187,26.4644136428833,17.612860870361327,36.710229110717776,0.09231511503458023,0.05856365561485291,0.12548341900110244,28.259967803955078,20.222624969482425,36.63175964355469,0.04381833225488663,0.010732171125710014,0.09225724115967751,0.0588,0.0,0.11348502,0.05100676,0.03975247,12,False,False
2025-26,2025-12-27,California,2,1.1311931014060974,0.9443433880805969,1.3573176860809326,0.1728912591934204,0.03915445618331435,0.3658887863159181,28.360271453857422,18.52692565917969,39.41633987426758,0.08223729580640793,0.05235759131610394,0.11247867792844772,27.150325775146484,17.703258514404297,36.020630264282225,0.047777026891708374,0.011732685193419457,0.09465779364109041,0.0519,0.0,0.11050151,0.05288589,0.04157799,12,False,False
2025-26,2025-12-27,New York,0,1.080207347869873,0.7978875637054443,1.3559824228286743,0.22082598507404327,0.04542207159101963,0.502242922782898,25.16855239868164,14.019696235656738,39.24848823547364,0.2008637934923172,0.1249825306236744,0.282962828874588,24.282036781311035,15.42231559753418,33.106981277465835,0.0533035472035408,0.014161438681185246,0.10694889724254608,0.0381,0.0,0.11141911,0.05904603,0.04650204,12,False,False
2025-26,2025-12-27,New York,1,1.1010038256645203,0.8623740673065186,1.355520594120026,0.20808841288089752,0.04577931761741638,0.44367343187332153,24.08530616760254,12.421030044555664,37.356292724609375,0.18442188948392868,0.11527614668011667,0.258979794383049,23.734899520874023,15.96789131164551,31.38878631591797,0.044818080961704254,0.009699146263301373,0.09523678570985794,0.0613,0.0,0.11038634,0.05291668,0.04164506,12,False,False
2025-26,2025-12-27,New York,2,1.1484148502349854,0.9101790308952332,1.4486540317535401,0.18124482035636902,0.03167636655271054,0.4132113963365555,27.658596992492676,15.409013748168945,41.786655426025405,0.1923578977584839,0.11820676252245904,0.27445028722286224,25.599029541015625,16.722685623168946,34.09749412536622,0.04821504279971123,0.012901577726006508,0.1001436784863472,0.0527,0.0,0.11085511,0.05577591,0.04505335,12,False,False
2025-26,2025-12-27,Pennsylvania,0,1.1457579135894775,0.9690118312835694,1.3987903594970703,0.2058832049369812,0.06867229193449022,0.35522109270095825,24.14035415649414,16.44886589050293,35.04340438842774,0.21648642420768738,0.14503746628761294,0.2939286231994629,28.135435104370117,20.30385971069336,35.84029769897461,0.04676409997045994,0.013946911413222553,0.08697675913572311,0.039,0.0,0.11341884,0.04723441,0.03757072,12,False,False
2025-26,2025-12-27,Pennsylvania,1,1.2355619072914124,1.0105440616607666,1.5254031419754028,0.21029029041528702,0.05426189526915551,0.3803993761539459,29.498769760131836,19.71673583984375,40.531793212890626,0.20833022892475128,0.1387663632631302,0.28099133670330045,28.629491806030273,19.805740356445312,36.67344665527344,0.04751605913043022,0.015586591325700283,0.08793437480926514,0.0346,0.0,0.11152337,0.05014118,0.03938564,12,False,False
2025-26,2025-12-27,Pennsylvania,2,1.1784695386886597,0.9616202116012573,1.5292850852012634,0.2290850430727005,0.08102797716856003,0.4214657247066498,26.82111930847168,17.99154281616211,38.040504455566406,0.20645451545715332,0.13731161504983902,0.27758227586746215,28.16368865966797,20.109020233154297,35.92533874511719,0.042990805581212044,0.012281025759875774,0.08695223927497864,0.0407,0.0,0.11166898,0.0468104,0.03758399,12,False,False
2025-26,2025-12-27,Vermont,0,1.1602946519851685,0.7785762548446655,1.7473955154418945,0.4234076142311096,0.15786230564117432,0.6930453777313232,26.216022491455078,16.874876022338867,37.075111389160156,0.060898175463080406,0.027728427201509476,0.1203202545642853,8.569865226745605,3.1049258708953857,17.7905216217041,0.09451234340667725,0.02303004451096058,0.19562436640262604,0.0405,0.0,0.11252007,0.10725786,0.07958813,12,False,False
2025-26,2025-12-27,Vermont,1,1.1314258575439453,0.7744529247283936,1.9125906229019165,0.44812609255313873,0.2153920590877533,0.7069032192230225,26.20668601989746,15.353058815002441,38.105979919433594,0.07018851488828659,0.027564434334635738,0.1436561644077301,7.38347053527832,2.6646209716796876,13.872295379638672,0.11555644124746323,0.026894067041575914,0.2310015708208084,0.0409,0.0,0.11132859,0.12383221,0.09008899,12,False,False
2025-26,2025-12-27,Vermont,2,1.1399515271186829,0.780573844909668,1.8494874238967896,0.42717957496643066,0.17798343300819397,0.7050418615341186,25.303600311279297,14.944894790649414,37.48871612548828,0.06356744468212128,0.027744179591536522,0.12685802429914478,7.997395038604736,2.8786275386810303,15.210171794891364,0.10587329417467117,0.02826640196144581,0.20626158565282826,0.0349,0.0,0.11054586,0.11493108,0.08493199,12,False,False
2025-26,2025-12-27,Wyoming,0,1.1336086988449097,0.8246926069259644,1.6419938564300542,0.3082343637943268,0.09620647877454758,0.5998525619506836,26.614864349365234,15.444144248962404,39.93587875366212,0.11425241082906723,0.05870407074689865,0.1896241456270218,13.592663764953613,7.0351481437683105,21.634258270263672,0.08048776537179947,0.0137507114559412,0.17745262384414673,0.0649,0.0,0.11092218,0.09570923,0.0736089,12,False,False
2025-26,2025-12-27,Wyoming,1,1.134958028793335,0.7882299184799195,1.7336572408676147,0.3508495092391968,0.11400105059146881,0.6485031783580781,27.50572967529297,17.29634666442871,39.24960517883301,0.10087205469608307,0.05185220316052437,0.16326799988746643,12.24654769897461,6.325201129913331,20.317377090454105,0.0793725922703743,0.015156328771263371,0.17331832647323608,0.0542,0.0,0.11208504,0.09283491,0.07055851,12,False,False
2025-26,2025-12-27,Wyoming,2,1.0817641019821167,0.7577387094497681,1.6330324411392212,0.3745514452457428,0.13954555541276933,0.6400001049041749,24.872373580932617,16.019067764282227,37.301239013671875,0.10473229736089706,0.05252327546477318,0.17050141096115112,13.658185005187988,6.822994899749756,22.291789817810063,0.0765872597694397,0.01373093482106924,0.16556419432163239,0.0631,0.0,0.11266497,0.08954479,0.06855856,12,False,False
2025-26,2026-01-03,Alaska,0,1.2310848236083984,0.7854646444320679,2.1937508583068848,0.3539048880338669,0.11210281252861024,0.6316327691078186,26.346302032470703,14.522548198699951,39.210350036621094,0.10159044712781906,0.0484381802380085,0.19392085671424866,12.039201736450195,5.936246871948242,19.880367279052734,0.09351835399866104,0.026027256250381478,0.1890058070421219,0.039,0.0,0.11290263,0.10382153,0.07869353,01,False,False
2025-26,2026-01-03,Alaska,1,1.2027791738510132,0.7570295929908752,2.0328049659729004,0.3574138581752777,0.1341075897216797,0.6133817434310913,27.39361000061035,16.196670532226562,39.074340438842775,0.10148888826370239,0.04446513354778292,0.1956065595149994,12.941488265991211,6.054901456832888,22.05409812927246,0.08475357294082642,0.01591860726475716,0.1948515921831131,0.0568,0.0,0.11182197,0.10098678,0.07494715,01,False,False
2025-26,2026-01-03,Alaska,2,1.0771615505218506,0.6864023208618164,1.7944268584251404,0.3859766721725464,0.1284419059753418,0.6735137104988098,26.965760231018066,15.241546630859375,39.88796463012695,0.11370918899774551,0.04741289094090462,0.21539779305458068,12.093526840209961,5.443949270248413,21.04460334777832,0.09923595935106277,0.01965983640402556,0.2168579250574112,0.0545,0.0,0.1110945,0.11112586,0.08223787,01,False,False
2025-26,2026-01-03,California,0,1.0827904343605042,0.871738851070404,1.2696246266365052,0.17861175537109375,0.03022308088839054,0.3930228531360626,26.465327262878418,15.430071449279787,38.27227020263672,0.09844109416007996,0.061661429703235626,0.14630571156740188,24.48524284362793,17.33228302001953,31.117813110351562,0.04682009294629097,0.012562105245888237,0.09478210732340817,0.0504,0.0,0.11321191,0.05379936,0.04250561,01,False,False
2025-26,2026-01-03,California,1,1.0575315356254578,0.8582808375358582,1.2555259466171265,0.18424033373594284,0.039020415395498276,0.3867473304271698,23.70569133758545,14.019392204284667,37.0094036102295,0.08977639675140381,0.058849435299634933,0.12293118610978129,29.58794403076172,21.146530151367188,36.871747207641604,0.04619038105010986,0.011495602317154408,0.09052009135484695,0.0508,0.0,0.11112297,0.05259892,0.04210641,01,False,False
2025-26,2026-01-03,California,2,1.0894418954849243,0.9168515920639039,1.3495331048965455,0.18276986479759216,0.038332254439592366,0.38127365708351135,28.087505340576172,17.74909210205078,40.835205078125,0.09441861510276794,0.06288331970572472,0.13144181668758392,25.70827865600586,18.427862548828124,33.34126281738281,0.03778823837637901,0.009894771222025159,0.08316028565168382,0.0568,0.0,0.11064577,0.04614603,0.03706262,01,False,False
2025-26,2026-01-03,New York,0,1.1173993945121765,0.884794932603836,1.355259895324707,0.15770722925662994,0.020094007067382343,0.36813317537307755,28.98108959197998,15.553932666778566,42.650108337402344,0.22646081447601318,0.13853508234024048,0.34255021810531616,24.522138595581055,16.868238830566405,32.01429405212402,0.0488557331264019,0.011736490111798052,0.10198056250810628,0.05,0.0,0.1141295,0.05325645,0.04224874,01,False,False
2025-26,2026-01-03,New York,1,1.061352252960205,0.8597189784049988,1.3079783916473389,0.18410123884677887,0.02734259795397521,0.39680323004722595,23.672720909118652,10.081146240234375,41.11587524414063,0.2919795364141464,0.17713735699653627,0.40554180145263674,25.377824783325195,16.551294326782227,34.04086952209473,0.04924498312175274,0.01266319695860148,0.09878627285361291,0.0466,0.0,0.11332903,0.05210006,0.04072036,01,False,False
2025-26,2026-01-03,New York,2,1.0642775893211365,0.8456937074661255,1.362013339996338,0.19719885289669037,0.032488029450178146,0.45495759844779976,25.325191497802734,11.736272716522217,43.66436004638672,0.25723786652088165,0.16273388266563416,0.3631892204284668,23.958582878112793,15.728532218933106,32.68735122680665,0.051622696220874786,0.014323495607823136,0.10207533463835718,0.0396,0.0,0.11222288,0.05516307,0.04343352,01,False,False
2025-26,2026-01-03,Pennsylvania,0,1.0839667916297913,0.9024808943271637,1.3089373826980593,0.22249889373779297,0.06623403728008273,0.4015014171600342,22.47542667388916,14.752662754058838,33.87767372131348,0.2839986979961395,0.19644614309072495,0.38975799083709717,28.909085273742676,20.759407234191897,36.48077545166016,0.04749133810400963,0.014628719072788956,0.0893176719546318,0.0353,0.0,0.11211806,0.05250159,0.04110736,01,False,False
2025-26,2026-01-03,Pennsylvania,1,1.1180803179740906,0.9510307490825654,1.3177558183670044,0.18307651579380035,0.04769337661564351,0.336246520280838,24.351832389831543,16.631916046142578,35.90683250427246,0.28290097415447235,0.20158104598522186,0.3808581680059433,30.98674774169922,22.697277069091797,37.94241523742676,0.03722027316689491,0.011351455934345722,0.07159508019685745,0.0444,0.0,0.11383741,0.04210697,0.03330896,01,False,False
2025-26,2026-01-03,Pennsylvania,2,1.1413072347640991,0.9622228145599365,1.36680006980896,0.1840456798672676,0.05170774832367897,0.3336560189723969,24.69278335571289,15.536177635192871,36.00118637084961,0.2681415230035782,0.18214887827634813,0.3600537896156311,29.946908950805664,21.403187942504882,37.493045806884766,0.042438607662916183,0.012330304645001889,0.08162100911140442,0.0436,0.0,0.10823104,0.0480016,0.03776813,01,False,False
2025-26,2026-01-03,Vermont,0,1.1560931205749512,0.7709527909755708,1.9052257895469666,0.40148624777793884,0.140621891617775,0.7015507459640503,27.842809677124023,16.4529821395874,39.80923004150391,0.06831750646233559,0.02948505599051714,0.13866931200027466,8.738059043884277,3.509500741958618,16.292694473266604,0.11020141839981079,0.028364272229373457,0.2165245920419693,0.0388,0.0,0.11156831,0.12317934,0.09115644,01,False,False
2025-26,2026-01-03,Vermont,1,1.1393492221832275,0.764661431312561,1.794720304012299,0.41677016019821167,0.13127369135618214,0.6980831027030945,27.426143646240234,16.31640281677246,38.9680477142334,0.07133741676807404,0.030554763972759247,0.13622239679098136,9.248929023742676,3.7957736968994142,16.634109497070312,0.1083751991391182,0.02714720442891124,0.21231608986854555,0.0378,0.0,0.11131475,0.12031786,0.09154703,01,False,False
2025-26,2026-01-03,Vermont,2,1.1988227367401123,0.7964727282524109,1.7768912672996526,0.39384473860263824,0.13478051722049714,0.6764648139476778,28.884639739990234,18.053428840637206,39.69829559326172,0.06123730540275574,0.028620589524507523,0.12091774791479112,8.561602592468262,3.498499870300293,16.825565910339368,0.09908799827098846,0.024142543040215972,0.19924168437719347,0.0404,0.0,0.11157882,0.11139599,0.08470004,01,False,False
2025-26,2026-01-03,Wyoming,0,1.0516812205314636,0.7381778955459595,1.6254602670669556,0.3455139696598053,0.112839475274086,0.6271561563014985,25.86845302581787,14.470689010620118,41.423963165283205,0.12792866677045822,0.06637145578861237,0.21798242628574374,13.858201026916504,7.065019750595094,21.747952079772958,0.07579917460680008,0.014683378487825397,0.16408514678478248,0.0588,0.0,0.10897056,0.09115676,0.06910189,01,False,False
2025-26,2026-01-03,Wyoming,1,1.067571759223938,0.7465165853500366,1.464902532100678,0.29512858390808105,0.07420086115598679,0.5735802352428436,25.024730682373047,13.954551506042481,39.339595794677734,0.12551504373550415,0.06640633791685105,0.2089257910847664,14.766164302825928,7.613150119781494,22.958776473999023,0.07253232598304749,0.01559728104621172,0.15863417088985443,0.0524,0.0,0.11234359,0.08713437,0.06660041,01,False,False
2025-26,2026-01-03,Wyoming,2,0.9956962466239929,0.6951705634593963,1.4849581718444824,0.3681814670562744,0.129261115193367,0.6316186249256134,24.43069553375244,14.751988315582276,39.201255798339844,0.130078986287117,0.06575291603803635,0.22557431310415268,15.833044528961182,8.248544120788575,26.253164291381836,0.07851295173168182,0.019469982013106346,0.16094071418046954,0.0392,0.0,0.11110475,0.08982219,0.06874245,01,False,False
2025-26,2026-01-10,Alaska,0,1.0447810888290405,0.6484297335147858,2.2524492740631104,0.4132140874862671,0.16412215381860737,0.6653333902359009,27.171974182128906,14.353192615509034,41.45814514160156,0.11280084401369095,0.0450377319008112,0.23618043959140778,14.394638061523438,6.796544599533083,24.141193389892578,0.10627920180559158,0.03163651712238789,0.20076364278793335,0.0235,0.0,0.11024531,0.10434841,0.07558953,01,False,False
2025-26,2026-01-10,Alaska,1,0.9875554144382477,0.6355425477027893,2.034053325653076,0.37070462107658386,0.11370198428630829,0.6442825794219972,23.937482833862305,12.44858169555664,40.010311126708984,0.11970650404691696,0.04943609386682512,0.22920651137828835,13.323955535888672,6.5365087509155275,21.779129028320312,0.10123477131128311,0.032422038540244114,0.19105470627546312,0.0295,0.0,0.10981952,0.10331013,0.0753345,01,False,False
2025-26,2026-01-10,Alaska,2,1.209737479686737,0.7304059326648713,2.156433582305908,0.39017803966999054,0.14539590328931815,0.6753544449806215,26.211523056030273,13.560970306396484,40.05897903442383,0.09690754115581512,0.04411548338830471,0.17815206944942474,13.930051803588867,6.738907337188721,23.51370639801026,0.10006776824593544,0.025859031826257706,0.19173905253410342,0.0336,0.0,0.11416996,0.0979578,0.0734545,01,False,False
2025-26,2026-01-10,California,0,1.0124013423919678,0.8629736304283142,1.1629748344421387,0.14744072407484055,0.03504781797528267,0.28874507546424866,23.04854965209961,14.411385536193848,34.69091033935547,0.09475927799940109,0.05842926725745201,0.13335487246513367,27.198780059814453,19.33638572692871,34.39036483764649,0.042107824236154556,0.0121957091614604,0.08645479381084442,0.0423,0.0,0.11087862,0.04505716,0.03654073,01,False,False
2025-26,2026-01-10,California,1,1.015613317489624,0.8366281926631928,1.1774944186210632,0.1527404710650444,0.03305993825197223,0.34406545758247375,23.35829734802246,13.180543899536133,36.527591705322266,0.0921953096985817,0.05977780744433403,0.12365294992923737,29.289113998413086,21.61696434020996,36.52812232971191,0.03937534615397453,0.011345727369189262,0.07611844539642336,0.0479,0.0,0.109709,0.04074822,0.03272622,01,False,False
2025-26,2026-01-10,California,2,1.0150498151779175,0.8225289583206177,1.1932194232940674,0.1686571091413498,0.02980055008083582,0.3671097755432129,26.32723617553711,14.971933460235597,40.47304916381836,0.10608676075935364,0.06740551516413688,0.14622946083545685,26.266708374023438,18.60479736328125,33.80565643310547,0.04255133867263794,0.01102580688893795,0.09047851189970973,0.0489,0.0,0.1135241,0.04457296,0.03587187,01,False,False
2025-26,2026-01-10,New York,0,0.9505646526813507,0.7218059301376343,1.2095690965652466,0.21190205216407776,0.03646355867385864,0.47611650526523613,23.08611297607422,9.878105163574219,41.17599334716799,0.2622702717781067,0.13245560228824615,0.39513257145881653,22.417861938476562,14.755851745605469,30.38909339904785,0.05953860282897949,0.018573743477463725,0.11015597730875015,0.0296,0.0,0.11190786,0.05536754,0.04309899,01,False,False
2025-26,2026-01-10,New York,1,0.9539644420146942,0.6990980684757233,1.2083816528320312,0.2261297106742859,0.03909747302532196,0.47204041481018066,21.28288459777832,8.684531211853027,40.19416427612305,0.24277476966381073,0.134872142970562,0.38309982419013977,22.480753898620605,15.096415519714355,29.41204071044922,0.05973796918988228,0.01793973241001368,0.110894113779068,0.0346,0.0,0.11597901,0.05758394,0.04457564,01,False,False
2025-26,2026-01-10,New York,2,0.9372535347938538,0.7447988390922546,1.1972171068191528,0.23598719388246536,0.05865693055093293,0.4473923444747925,20.30672264099121,8.218451499938965,39.69687271118164,0.26644736528396606,0.13589023053646088,0.4091934859752655,23.582529067993164,15.674356460571289,31.781463623046875,0.05138164758682251,0.013463261537253857,0.10149509385228159,0.0464,0.0,0.11208556,0.05065568,0.04001128,01,False,False
2025-26,2026-01-10,Pennsylvania,0,0.9771047234535217,0.8261375427246094,1.1533398747444155,0.1913784220814705,0.05604175850749016,0.35250112414360046,21.14928436279297,11.854413986206055,33.3225212097168,0.2894396632909775,0.16325421631336212,0.43323769867420203,27.59207248687744,18.247594833374023,35.70551300048828,0.048569921404123306,0.015959935262799263,0.09360121190547943,0.0342,0.0,0.11141244,0.04181464,0.03335878,01,False,False
2025-26,2026-01-10,Pennsylvania,1,0.9605550765991211,0.7433788061141968,1.220584511756897,0.2566261738538742,0.0904361829161644,0.44081127643585205,20.87096405029297,9.978829383850098,38.995819091796875,0.2830579876899719,0.1476682722568512,0.42455610632896423,25.36337661743164,16.572247123718263,34.207923889160156,0.057388778775930405,0.017491463571786884,0.10933717340230942,0.0267,0.0,0.11056113,0.05414775,0.04248125,01,False,False
2025-26,2026-01-10,Pennsylvania,2,1.0178345441818237,0.8590300679206848,1.1934597492218018,0.18279018998146057,0.04933289438486099,0.31869253516197205,17.20971965789795,8.440654754638672,29.143714904785156,0.2538265287876129,0.1488826334476471,0.3569142401218414,27.65597152709961,18.365875244140625,35.43514633178711,0.054031701758503914,0.016316495835781097,0.09562048316001892,0.025,0.0,0.11216842,0.04584285,0.03654873,01,False,False
2025-26,2026-01-10,Vermont,0,1.0487532019615173,0.7077387869358063,1.693565011024475,0.40249910950660706,0.15742280483245852,0.6785893440246582,27.232041358947754,15.676922798156738,40.56985855102539,0.0688881054520607,0.03055909462273121,0.13963834792375565,8.811641693115234,3.6809306621551516,15.601932525634766,0.09961199387907982,0.02505403347313405,0.2027035236358643,0.0362,0.0,0.11242377,0.10255919,0.07623486,01,False,False
2025-26,2026-01-10,Vermont,1,1.08403879404068,0.7322428822517395,1.8202650547027588,0.40757906436920166,0.1461964100599289,0.6781151294708252,26.06463050842285,15.31312370300293,39.77306365966797,0.06128732115030289,0.029070144519209862,0.1269714072346688,10.028980255126953,4.458044195175171,17.13507843017578,0.0959070697426796,0.024958290718495847,0.19447342306375515,0.0319,0.0,0.11245924,0.10559685,0.07843268,01,False,False
2025-26,2026-01-10,Vermont,2,1.0995252132415771,0.7123792171478273,1.7819464683532718,0.4053037464618683,0.1263493552803993,0.705496120452881,27.158607482910156,15.60138216018677,39.62131881713867,0.05984685383737087,0.02814202569425106,0.12083911150693893,9.677568435668945,4.2350358963012695,17.53312873840332,0.09875565767288208,0.024883927777409554,0.19277583062648773,0.0404,0.0,0.11070444,0.10339953,0.07747781,01,False,False
2025-26,2026-01-10,Wyoming,0,0.9829362630844116,0.6920531988143921,1.3968011736869816,0.3238173723220825,0.11032062023878098,0.5738723278045654,23.951237678527832,13.588489151000976,38.6013469696045,0.12950868904590607,0.06708121299743652,0.21580716967582703,13.99709701538086,7.634898710250854,22.002967834472656,0.06512752175331116,0.012442735023796558,0.14004087448120117,0.0645,0.0,0.11152492,0.07357295,0.05645573,01,False,False
2025-26,2026-01-10,Wyoming,1,0.9988509118556976,0.7032647132873535,1.4400604963302612,0.311016246676445,0.10262984409928326,0.5715534687042236,25.985368728637695,14.937772750854492,39.7803840637207,0.13349094986915588,0.06783625707030297,0.22016480565071106,14.319386959075928,7.552587985992432,21.821857452392578,0.07536540180444717,0.016365619376301765,0.15745613425970081,0.0498,0.0,0.11041025,0.08315758,0.06160408,01,False,False
2025-26,2026-01-10,Wyoming,2,0.9910863041877747,0.6725392937660217,1.416465783119202,0.334958553314209,0.08990074247121811,0.6123378753662111,24.668163299560547,13.673593044281006,40.06559143066408,0.14525118470191956,0.07163743898272515,0.255342036485672,13.899518966674805,7.426613140106202,21.59961166381836,0.07475286722183228,0.01528736595064402,0.15704552829265594,0.0504,0.0,0.11107673,0.0815257,0.06172363,01,False,False
2025-26,2026-01-17,Alaska,0,1.0798873901367188,0.6443063676357269,1.9783155918121338,0.39607471227645874,0.1655738204717636,0.6393299162387848,26.26494026184082,13.608604431152344,41.07246704101563,0.10105311125516891,0.04454530514776707,0.20845770537853242,14.159245491027832,7.227116107940674,22.032949447631836,0.1032484658062458,0.027156637981534004,0.19674192368984222,0.0353,0.0,0.11024272,0.10696056,0.07658989,01,False,False
2025-26,2026-01-17,Alaska,1,0.9798552989959717,0.6236043751239777,2.1139702796936035,0.3527159243822098,0.11277519464492798,0.6329118967056274,24.574787139892578,13.63958158493042,38.837791442871094,0.11596385389566422,0.04685669615864755,0.23196403384208683,12.264827728271484,6.202951431274414,19.029267501831058,0.10030784830451012,0.029870954155921937,0.1839253008365631,0.0269,0.0,0.1114422,0.10176249,0.07280495,01,False,False
2025-26,2026-01-17,Alaska,2,0.9550490081310272,0.6360924243927002,1.808729887008667,0.3732941299676895,0.11700107902288438,0.6564095020294191,25.293322563171387,13.403069305419923,39.807928466796874,0.11351829767227173,0.05095500126481056,0.21927123218774802,12.91901969909668,6.4996278285980225,20.262588500976562,0.10835997760295868,0.03603083677589894,0.1872215211391449,0.0194,0.0,0.11068731,0.10755324,0.0771037,01,False,False
2025-26,2026-01-17,California,0,0.965837299823761,0.7421004235744476,1.3133833408355713,0.25192058086395264,0.0600709117949009,0.4616487145423889,30.426475524902344,14.06234359741211,46.46730613708496,0.11587462201714516,0.0753446102142334,0.15977088809013368,28.819562911987305,20.578381919860842,36.24537734985352,0.05453254655003548,0.019464436918497086,0.0985812485218049,0.0205,0.0,0.11184901,0.05437053,0.04293656,01,False,False
2025-26,2026-01-17,California,1,0.9196306467056274,0.6992885947227478,1.0841896057128906,0.23194415867328644,0.06261692941188812,0.47831469774246216,18.668655395507812,10.637972068786622,32.25741195678711,0.10398589819669724,0.06897091865539551,0.13848869502544403,29.350732803344727,21.389190673828125,35.99762077331543,0.051219524815678596,0.015748294070363045,0.09270400553941727,0.0319,0.0,0.10884567,0.05128686,0.04098025,01,False,False
2025-26,2026-01-17,California,2,0.9708408117294312,0.7649183928966522,1.203918218612671,0.20337564498186111,0.04905038699507713,0.4239872097969055,29.181589126586914,16.10363140106201,42.80943984985352,0.09803485497832298,0.05866171419620514,0.13967031538486482,29.07866382598877,20.89020538330078,36.2055549621582,0.04836349934339523,0.016458517313003542,0.0876976028084755,0.0257,0.0,0.11226672,0.04721151,0.03693415,01,False,False
2025-26,2026-01-17,New York,0,0.849422037601471,0.6367159485816956,1.1492817401885986,0.3023024797439575,0.07750137150287628,0.4928641617298126,15.388284683227539,5.60589728355408,38.86494064331055,0.25478918850421906,0.09694745615124703,0.4273340106010437,25.020143508911133,17.3057918548584,34.575992584228516,0.0674687996506691,0.02227192372083664,0.120553008466959,0.0212,0.0,0.11151223,0.06131971,0.04725124,01,False,False
2025-26,2026-01-17,New York,1,0.8550593852996826,0.6504627883434296,1.1121792793273926,0.28787657618522644,0.09182990342378616,0.46992626786231995,16.542959213256836,5.1969451904296875,41.47151184082031,0.25706252455711365,0.1147373840212822,0.4244231879711151,23.302330017089844,15.76676082611084,31.802518844604492,0.06656498089432716,0.019109905511140828,0.11209528148174286,0.0253,0.0,0.11107996,0.0573315,0.04516707,01,False,False
2025-26,2026-01-17,New York,2,0.838555634021759,0.6366492509841919,1.0959890365600589,0.24766190350055695,0.06268014758825302,0.45399075746536255,16.992162704467773,6.474740982055664,39.64923095703125,0.25480812788009644,0.1099412739276886,0.40308934450149536,25.84566879272461,17.196398544311524,34.90327072143555,0.0671311691403389,0.024946230463683605,0.12002024054527283,0.0137,0.0,0.10984571,0.05808118,0.04560195,01,False,False
2025-26,2026-01-17,Pennsylvania,0,0.9769363105297089,0.7201525807380676,1.3905426263809204,0.24338611960411072,0.06449297443032265,0.520313560962677,30.72173309326172,15.7150164604187,44.297847747802734,0.3064824044704437,0.15898507833480835,0.4643495976924896,27.910226821899414,19.277317810058594,36.05870056152344,0.061295993626117706,0.02126382291316986,0.11151427030563354,0.0237,0.0,0.10874718,0.05856262,0.04627805,01,False,False
2025-26,2026-01-17,Pennsylvania,1,0.9686631560325623,0.7470521330833435,1.2308424711227417,0.21111853420734406,0.04524273797869682,0.4027835190296173,29.831843376159668,15.295849323272707,41.04651069641113,0.3385693430900574,0.1817180782556534,0.49292436242103577,25.11606788635254,16.676362991333008,33.902272415161136,0.05516151711344719,0.01505550742149353,0.10069286152720452,0.0329,0.0,0.11284565,0.05122116,0.04063901,01,False,False
2025-26,2026-01-17,Pennsylvania,2,0.9358999133110046,0.778444766998291,1.1630299091339111,0.22766634821891785,0.08622495830059052,0.35866913199424744,19.1168212890625,9.666865825653076,37.974710083007814,0.33966219425201416,0.18541375398635865,0.4745035469532013,27.449349403381348,20.050718688964842,35.50547790527344,0.05337827652692795,0.01613797824829817,0.0936475694179535,0.0278,0.0,0.11014109,0.04991775,0.03965272,01,False,False
2025-26,2026-01-17,Vermont,0,1.0940472483634949,0.6808903574943542,1.7912557125091555,0.3735216408967972,0.1078602954745293,0.6463116705417633,27.002412796020508,13.749397754669191,41.282470703125,0.06800263747572899,0.03163905814290047,0.13734590709209443,10.040431022644043,4.398924160003662,17.91939964294434,0.09946229308843613,0.01924281194806099,0.20824141800403595,0.0489,0.0,0.10987693,0.106332,0.07925953,01,False,False
2025-26,2026-01-17,Vermont,1,1.0386595726013184,0.6747958898544312,1.7217497825622559,0.42293910682201385,0.1680706486105919,0.6868914842605592,24.453065872192383,12.768527030944824,39.45593605041504,0.06323292478919029,0.030332129448652267,0.12350506931543351,10.405136108398438,4.6780290603637695,18.182114028930666,0.09846459329128265,0.023933565244078636,0.19961953759193427,0.0435,0.0,0.11182673,0.10603756,0.07843742,01,False,False
2025-26,2026-01-17,Vermont,2,1.0262153148651123,0.6518481969833374,1.6490841269493104,0.39530155062675476,0.1198967769742012,0.680776059627533,26.3649263381958,14.50449161529541,39.26559753417969,0.0637519434094429,0.03125184886157513,0.12838469445705414,9.31544542312622,4.3984335422515874,16.918263435363773,0.11098448187112808,0.028496430069208146,0.21708977222442633,0.0326,0.0,0.11126768,0.11360815,0.08376634,01,False,False
2025-26,2026-01-17,Wyoming,0,0.9104020595550537,0.6407803416252137,1.5648214817047124,0.33556169271469116,0.10235451385378838,0.5971842586994172,22.376033782958984,11.183382034301758,39.784151840209965,0.13179507851600647,0.057267844676971436,0.23214039206504822,14.43519639968872,7.907596302032472,22.377182006835938,0.08290676772594452,0.019540101289749146,0.16316848993301392,0.0372,0.0,0.11236796,0.07928314,0.06031242,01,False,False
2025-26,2026-01-17,Wyoming,1,0.919949471950531,0.6490540683269501,1.3382689476013185,0.3228350132703781,0.09730100631713867,0.5895753800868988,24.259448051452637,11.902267456054688,41.9305419921875,0.1389775350689888,0.062302134931087494,0.24364739656448367,12.83455514907837,7.022883701324463,19.461849212646484,0.07346311956644058,0.01653934083878994,0.15064534544944763,0.0444,0.0,0.11418541,0.07366642,0.05552721,01,False,False
2025-26,2026-01-17,Wyoming,2,0.8787683248519897,0.618534505367279,1.2814282894134523,0.324811726808548,0.08900246992707253,0.5953604578971863,22.234455108642578,11.351866722106934,39.26692199707031,0.15635532140731812,0.06628803163766861,0.2833932042121887,14.526780128479004,7.8097340106964115,22.40659523010254,0.08244587481021881,0.024737144820392135,0.16806629300117493,0.0354,0.0,0.11416261,0.08273373,0.06210527,01,False,False
2025-26,2026-01-24,Alaska,0,0.8713165521621704,0.6000000238418579,1.8303200006484985,0.3799235224723816,0.1400565803050995,0.6337067484855652,22.096455574035645,10.03267765045166,38.80354309082031,0.1556660532951355,0.06211725547909737,0.3093915283679962,14.061788082122803,7.373660755157472,21.461008071899414,0.1224900335073471,0.050417121872305876,0.20233336091041565,0.0115,0.0,0.10967497,0.11971316,0.08397879,01,False,False
2025-26,2026-01-24,Alaska,1,0.8469887375831604,0.6000000238418579,1.5597691535949707,0.38677534461021423,0.13292871415615082,0.638202428817749,24.30119514465332,13.238924980163574,39.429779052734375,0.1302308589220047,0.04770707041025162,0.2567409932613373,13.828250885009766,7.555627346038818,21.399822235107422,0.1182374656200409,0.044304896146059036,0.20765450596809387,0.0175,0.0,0.11155101,0.12135992,0.0843837,01,False,False
2025-26,2026-01-24,Alaska,2,1.0112837553024292,0.6132426023483276,2.1695844650268556,0.3683052957057953,0.10593641549348831,0.6465904176235199,27.61142349243164,13.999252319335938,42.18267822265625,0.12072893232107162,0.05048840865492821,0.23326337337493896,15.660706520080566,8.223639488220215,24.874462318420413,0.11993204057216644,0.03693775460124016,0.21155600249767303,0.0244,0.0,0.1135564,0.11830444,0.08455249,01,False,False
2025-26,2026-01-24,California,0,0.9734877943992615,0.8080539703369141,1.1294264554977418,0.12839167565107346,0.014300586096942439,0.3302461057901384,28.368610382080078,16.580745506286622,40.515254974365234,0.11568150296807289,0.07016810551285745,0.1615578055381775,28.603507041931152,21.698875427246094,35.291988372802734,0.054578179493546486,0.02032044157385826,0.09202121570706367,0.0231,0.0,0.11594666,0.05533334,0.04419821,01,False,False
2025-26,2026-01-24,California,1,0.9672979712486267,0.7798880219459534,1.137702226638794,0.17432478815317154,0.03346088044345381,0.36825382709503174,24.127845764160156,12.86753845214844,40.88939361572265,0.11708350479602814,0.07690992876887322,0.16324852406978607,28.07688331604004,20.7406457901001,35.32124328613281,0.05081795156002045,0.015799161046743393,0.09053075313568115,0.0331,0.0,0.1090338,0.05373778,0.04341951,01,False,False
2025-26,2026-01-24,California,2,0.9631299376487732,0.7845186114311219,1.1509312510490417,0.16672606766223907,0.030253252014517795,0.3485030233860016,28.340662002563477,15.100959777832031,43.349098205566406,0.11985451728105545,0.07478516548871994,0.16913460195064547,26.88573169708252,19.690207862854002,33.94816970825195,0.0510075893253088,0.018550404347479347,0.0900232367217541,0.0209,0.0,0.1120454,0.05213896,0.04083696,01,False,False
2025-26,2026-01-24,New York,0,0.8015859723091125,0.6088274121284485,1.0414305210113526,0.27841779589653015,0.06994102895259857,0.5022857606410981,15.512115001678467,6.520547723770142,37.33170356750488,0.2810874730348587,0.11855556145310403,0.4679553359746933,25.521300315856934,17.431733512878417,33.54668045043945,0.07272108644247055,0.021333153359591964,0.12076422050595284,0.0254,0.0,0.11182732,0.07045034,0.05175035,01,False,False
2025-26,2026-01-24,New York,1,0.8366949558258057,0.6409809410572052,1.0483850240707397,0.27790796756744385,0.06380759179592135,0.47497886121273053,13.516092300415039,4.622993659973147,35.15370140075684,0.2687419205904007,0.13074731826782227,0.4128497838973999,28.404125213623047,19.525861740112305,37.10915756225586,0.0629640594124794,0.01946291029453278,0.11169807612895966,0.0247,0.0,0.11034213,0.0633314,0.04773811,01,False,False
2025-26,2026-01-24,New York,2,0.8524899780750275,0.6490734279155731,1.0829425215721131,0.272335022687912,0.0819678008556366,0.45762141048908256,17.481542587280273,4.67712926864624,42.5552848815918,0.24404164403676987,0.10946820974349977,0.41249746084213273,25.07865047454834,17.696720123291016,32.23779296875,0.06047990173101425,0.0192542850971222,0.11053960770368576,0.0251,0.0,0.11129554,0.06210726,0.04758128,01,False,False
2025-26,2026-01-24,Pennsylvania,0,0.933146595954895,0.758904653787613,1.1006799936294556,0.17026305198669434,0.04264557249844074,0.32693626582622526,18.860637664794922,10.029696273803712,33.043487548828125,0.3006483018398285,0.16111442148685456,0.47205341458320627,27.76547336578369,20.189668655395508,34.36828117370605,0.055955519899725914,0.01849864050745964,0.09728929325938226,0.0215,0.0,0.10999156,0.05353691,0.04270113,01,False,False
2025-26,2026-01-24,Pennsylvania,1,0.9314229786396027,0.754910409450531,1.1666595220565796,0.18450500071048737,0.037825983390212065,0.36492305994033813,23.644529342651367,9.353276252746582,42.84921073913574,0.34885385632514954,0.1972557157278061,0.48483115434646606,29.27566909790039,21.56177864074707,35.97955741882324,0.05958603508770466,0.02167013678699732,0.10199538618326187,0.0204,0.0,0.11002118,0.05769011,0.04558312,01,False,False
2025-26,2026-01-24,Pennsylvania,2,0.9043959975242615,0.7177163124084472,1.1362710595130923,0.19397909939289093,0.04247561879456044,0.3934969067573549,20.21286964416504,8.801856994628906,41.268527603149415,0.36174458265304565,0.20776169002056122,0.5259275615215302,29.85791015625,22.45920181274414,37.376105880737306,0.07226292788982391,0.026646073907613754,0.12087067216634752,0.0132,0.0,0.11466448,0.06969373,0.05415148,01,False,False
2025-26,2026-01-24,Vermont,0,1.01625657081604,0.6516731381416321,1.6047904253005985,0.3906385004520416,0.15290936827659607,0.6815900802612305,25.87632179260254,14.981886863708496,39.103000640869155,0.06187180429697037,0.032307760789990425,0.11505132019519808,10.866657257080078,5.284013795852661,17.46898880004883,0.09457678347826004,0.02105322666466236,0.1946012929081917,0.0441,0.0,0.11280305,0.10447256,0.07707796,01,False,False
2025-26,2026-01-24,Vermont,1,1.004754900932312,0.6570643186569214,1.8552327156066895,0.3906037211418152,0.15059082210063934,0.6510374546051025,26.511085510253906,14.982295036315918,40.657039642333984,0.07128976285457611,0.03473166935145855,0.14392101615667346,10.367204666137695,4.931407070159913,17.21755027770996,0.11345221474766731,0.03260105475783348,0.2057422608137131,0.0288,0.0,0.11229784,0.11735422,0.08530528,01,False,False
2025-26,2026-01-24,Vermont,2,1.072234034538269,0.6647786498069763,1.814235889911652,0.34506121277809143,0.10877979099750523,0.6272984743118286,26.00404167175293,15.469449043273926,39.37355422973633,0.061896998435258865,0.03398337587714195,0.11184254959225655,10.696290969848633,5.471297264099121,18.00823726654053,0.10437751933932304,0.023127129301428795,0.20609551668167114,0.0402,0.0,0.10953822,0.11259791,0.0829217,01,False,False
2025-26,2026-01-24,Wyoming,0,0.8049681186676025,0.6033740043640137,1.1852052569389344,0.3736218810081482,0.1381399229168892,0.6178908884525299,18.06700325012207,7.895564556121826,39.2083423614502,0.17147086560726166,0.06553052514791488,0.2838287353515625,15.530096530914307,8.722709655761719,24.457685470581055,0.09242470934987068,0.02994617074728012,0.1606288105249405,0.0225,0.0,0.11183311,0.08858481,0.0649233,01,False,False
2025-26,2026-01-24,Wyoming,1,0.8645753264427185,0.624893206357956,1.209027373790741,0.3320339322090149,0.08544606119394303,0.5748263597488403,19.4919376373291,8.4960355758667,38.51890182495117,0.13531967997550964,0.056616805493831635,0.24437083303928375,14.728272438049316,8.16817741394043,22.30771236419678,0.08545145019888878,0.0253030676394701,0.1599108174443245,0.0299,0.0,0.10940096,0.08590393,0.06415284,01,False,False
2025-26,2026-01-24,Wyoming,2,0.8519718647003174,0.6091868281364441,1.2099757552146917,0.3536452054977417,0.1178260460495949,0.6203988194465637,18.880532264709473,8.253271389007569,38.7459285736084,0.13528108596801758,0.058731295168399825,0.22219150960445405,16.06034278869629,8.706111907958984,24.943474769592285,0.08479166403412819,0.025872366316616536,0.15901079177856445,0.0254,0.0,0.11162117,0.08512892,0.06128124,01,False,False
2025-26,2026-02-07,Alaska,0,0.972929835319519,0.6225872159004211,2.1262285709381104,0.3665158450603485,0.1497245728969574,0.6077473163604736,26.515918731689453,15.371607780456543,41.24175643920899,0.1435047686100006,0.06254882961511612,0.2510470718145371,13.951016902923584,7.184128713607789,21.30140495300293,0.097933329641819,0.030890731140971184,0.18003180623054504,0.0278,0.0,0.10967468,0.11015305,0.07910605,02,False,False
2025-26,2026-02-07,Alaska,1,0.9114753603935242,0.6138101756572724,2.044334435462952,0.3383903205394745,0.12561747431755066,0.5749218940734864,24.106971740722656,13.132388591766357,40.12250518798828,0.1618039309978485,0.07182370126247406,0.28435322642326355,12.248531818389893,6.947182655334473,18.99481964111328,0.10705036669969559,0.032279856503009796,0.20016391575336456,0.0236,0.0,0.11298656,0.11532604,0.08202843,02,False,False
2025-26,2026-02-07,Alaska,2,0.8056057691574097,0.6000000238418579,1.487998414039612,0.3972460627555847,0.15656790137290955,0.6200501918792725,24.053813934326172,12.414899826049805,40.46624755859375,0.18779721856117249,0.07730837911367416,0.3455838322639467,13.039527893066406,7.272120189666748,20.26393699645996,0.11662133783102036,0.03859776332974436,0.2030188888311386,0.0162,0.0,0.11301953,0.12145074,0.08593082,02,False,False
2025-26,2026-02-07,California,0,1.008329451084137,0.8578591644763947,1.1654771804809572,0.1361164078116417,0.025380896590650084,0.29519355297088623,27.21247959136963,16.308754539489748,41.07628288269044,0.14266671985387802,0.09593409299850464,0.19073615670204164,31.723102569580078,24.017642974853516,38.161812210083006,0.0445866584777832,0.015339832846075298,0.07961740344762802,0.0268,0.0,0.11028072,0.0473349,0.03790951,02,False,False
2025-26,2026-02-07,California,1,1.0091308951377869,0.8846654295921326,1.1457243084907531,0.12914685904979706,0.02998733278363944,0.2507792204618454,24.591418266296387,13.34367904663086,39.05722007751465,0.1463806927204132,0.09934648200869561,0.19678264409303664,31.311015129089355,23.849403953552248,37.80060577392578,0.039172835648059845,0.01345706330612302,0.07072300463914871,0.0288,0.0,0.11133384,0.04214067,0.03397117,02,False,False
2025-26,2026-02-07,California,2,1.002080500125885,0.8657308220863342,1.1434624314308166,0.13400539755821228,0.027762329205870635,0.2669448643922806,24.331727981567383,13.609418869018555,37.007179260253906,0.1447620987892151,0.09687677025794983,0.19963909685611725,30.307403564453125,22.941965103149414,37.07084159851075,0.044812582433223724,0.01425482053309679,0.08206176981329918,0.0329,0.0,0.10933632,0.04853671,0.03794501,02,False,False
2025-26,2026-02-07,New York,0,0.8223007321357727,0.6352888941764832,1.0557210445404053,0.23788490891456604,0.06406482309103012,0.41751404106616996,21.14410400390625,9.031361484527588,40.628264617919925,0.27949827909469604,0.14697544276714325,0.46023327112197876,27.37078857421875,19.027779197692873,35.17536811828613,0.06992433220148087,0.024020541645586493,0.12091067060828212,0.022,0.0,0.11027043,0.07207936,0.05335854,02,False,False
2025-26,2026-02-07,New York,1,0.8396183252334595,0.6437814235687256,1.0944570779800415,0.2509060800075531,0.0694789782166481,0.45194526016712194,19.094965934753418,6.970806169509888,38.700327682495114,0.28574392199516296,0.1519584059715271,0.4159822165966034,25.877626419067383,18.34396858215332,33.80516815185547,0.06485559418797493,0.02402496412396431,0.10778273642063141,0.0199,0.0,0.11220687,0.06655043,0.04980023,02,False,False
2025-26,2026-02-07,New York,2,0.8318567872047424,0.6460918247699737,1.0514344573020935,0.2383229285478592,0.058108343556523334,0.45026587247848515,18.46718406677246,6.635425567626953,37.80911636352539,0.28431563079357147,0.15675795078277588,0.418804281949997,28.499152183532715,20.72208595275879,36.238311004638675,0.061246057972311974,0.02431321144104004,0.10174660682678223,0.0158,0.0,0.11126664,0.06278062,0.04715762,02,False,False
2025-26,2026-02-07,Pennsylvania,0,0.8912286162376404,0.6803572773933411,1.0818445682525635,0.2671314477920532,0.06858353018760684,0.4808872371912003,17.597261428833008,8.441529273986816,32.80060577392578,0.45318159461021423,0.2996665835380554,0.6102960109710693,30.696099281311035,23.023177719116212,37.54985046386719,0.05528562143445015,0.018541408888995647,0.09779744148254395,0.0233,0.0,0.11290537,0.05858655,0.04571435,02,False,False
2025-26,2026-02-07,Pennsylvania,1,0.9484883844852448,0.7752973437309265,1.156507134437561,0.15288564562797546,0.031232643127441416,0.30643915832042695,34.39271926879883,18.216992759704592,47.22221755981445,0.3993789553642273,0.2284898415207863,0.578484845161438,29.778942108154297,22.385129165649413,36.903079986572266,0.06429398059844971,0.028320280835032463,0.10113758593797684,0.0097,0.0,0.11025266,0.06620006,0.05277752,02,False,False
2025-26,2026-02-07,Pennsylvania,2,0.9393572807312012,0.7789932489395142,1.141090750694275,0.17325178533792496,0.036615006998181356,0.34337109327316284,21.59801959991455,9.583931922912598,39.04264450073242,0.37279489636421204,0.2209024280309677,0.509587699174881,30.545259475708008,22.5455265045166,37.45950775146484,0.05885278433561325,0.023657826520502568,0.09796702116727829,0.015,0.0,0.11031818,0.06171307,0.04869294,02,False,False
2025-26,2026-02-07,Vermont,0,1.0588589906692505,0.7161744236946106,1.6714217901229866,0.3562469184398651,0.1359463825821877,0.5991519093513489,27.8211612701416,17.998025703430176,40.37790489196778,0.08942800015211105,0.051468824222683916,0.15794389694929123,11.99101448059082,6.305173587799073,18.55463333129883,0.0961034744977951,0.026647765189409256,0.18083051741123207,0.0326,0.0,0.108495,0.10226106,0.07810377,02,False,False
2025-26,2026-02-07,Vermont,1,1.1050307750701904,0.7078644633293152,1.8544697284698488,0.39898231625556946,0.14589891433715824,0.6774454116821289,28.1348876953125,17.37353572845459,41.22944259643555,0.08308352530002594,0.04763812571763992,0.13657635897397996,11.888367652893066,6.400897979736328,18.013569450378423,0.09767375886440277,0.028339946642518044,0.1901367142796518,0.0319,0.0,0.11209767,0.10472618,0.07724322,02,False,False
2025-26,2026-02-07,Vermont,2,1.0591023564338684,0.7233428955078125,1.6249247789382935,0.379373162984848,0.12508706748485565,0.6329903423786166,27.20281219482422,17.77164649963379,37.993446350097656,0.08623500168323517,0.04889747127890587,0.14215008467435838,15.642467498779297,7.977873373031618,23.82827949523926,0.0998288132250309,0.022781511768698692,0.20308567583560944,0.0459,0.0,0.11247708,0.10770629,0.07778311,02,False,False
2025-26,2026-02-07,Wyoming,0,0.9852421879768372,0.7221577405929566,1.4927077293395996,0.3162403851747513,0.10603920519351968,0.5654723644256592,26.687257766723633,16.140825271606445,38.7780647277832,0.13825517147779465,0.06947144120931625,0.23299796879291534,14.065845489501953,8.00808334350586,21.116031646728516,0.09560660272836685,0.02684919349849224,0.1762622892856598,0.0247,0.0,0.11160529,0.10054349,0.07138159,02,False,False
2025-26,2026-02-07,Wyoming,1,0.9717479050159454,0.7042307555675508,1.466907262802124,0.34815141558647156,0.1112009659409523,0.6110413670539856,25.006378173828125,14.696274757385254,38.26316566467286,0.14449737966060638,0.07143596559762955,0.2403964102268219,16.0501708984375,8.63401985168457,24.530698776245117,0.08985153585672379,0.02526557408273221,0.16039329767227173,0.0314,0.0,0.10964929,0.08835907,0.0634072,02,False,False
2025-26,2026-02-07,Wyoming,2,0.9635593295097351,0.6761691570281982,1.483805537223816,0.3461373895406723,0.11246839165687561,0.5950078368186951,26.246870040893555,13.804122924804688,41.214290618896484,0.16871829330921173,0.08331399410963058,0.280459463596344,15.323601722717285,8.399368286132812,22.653501510620117,0.09067276865243912,0.027260558493435394,0.16839183121919638,0.0244,0.0,0.11238132,0.09379935,0.06659124,02,False,False
2025-26,2026-02-14,Alaska,0,0.8630108833312988,0.6012462973594666,1.6513051986694336,0.3404300659894943,0.11295034363865852,0.5803682148456574,24.72740077972412,13.616744232177734,39.75632095336914,0.1578512266278267,0.0686543695628643,0.28749101459980014,15.029189109802246,8.56145944595337,22.24341926574708,0.1037064976990223,0.03157650083303452,0.19051361083984375,0.026,0.0,0.11343392,0.10839212,0.07471322,02,False,False
2025-26,2026-02-14,Alaska,1,0.8868814408779144,0.6012323498725891,1.9110773801803589,0.3532746881246567,0.09808304682374001,0.613817322254181,24.274189949035645,13.946377754211426,39.676347351074234,0.15399622172117233,0.07510817945003509,0.27479082345962524,13.48464822769165,7.630039215087891,20.598001861572268,0.10437783226370811,0.03336108848452568,0.18849043399095539,0.0262,0.0,0.1120898,0.11127183,0.07760309,02,False,False
2025-26,2026-02-14,Alaska,2,0.9186789393424988,0.6075198292732239,2.1670642137527465,0.3595990240573883,0.14065362513065338,0.5682034492492676,23.108803749084473,12.456721305847168,39.13691329956055,0.150613471865654,0.07083531841635704,0.270801368355751,14.139540672302246,7.7791851520538335,21.819955825805664,0.1080322191119194,0.03254765272140503,0.19185514450073243,0.0239,0.0,0.11409167,0.11159696,0.07865684,02,False,False
2025-26,2026-02-14,California,0,0.9968910217285156,0.8662901222705841,1.122291696071625,0.112497478723526,0.01575162075459957,0.2495475709438324,26.107471466064453,15.329059600830078,40.791120529174805,0.15767723321914673,0.10262691974639893,0.21733643114566803,30.499784469604492,23.57379150390625,37.093990325927734,0.03902838006615639,0.011482428759336472,0.07262913584709169,0.0405,0.0,0.11141102,0.04257116,0.03427796,02,False,False
2025-26,2026-02-14,California,1,0.9820377826690674,0.8320268988609314,1.1201121807098389,0.14712728559970856,0.02866282407194376,0.2968735992908478,25.35187530517578,14.883123683929444,39.59463233947756,0.1547452211380005,0.10222466886043549,0.2134954869747162,31.655760765075684,25.022489547729492,37.64240646362305,0.04127166420221329,0.011748770996928216,0.0827063120901585,0.0461,0.0,0.1099903,0.04792303,0.03730547,02,False,False
2025-26,2026-02-14,California,2,0.9701089262962341,0.8229402899742126,1.1109179615974427,0.14063166081905365,0.030623920261859894,0.27819926142692575,23.571990966796875,13.37399673461914,37.15244445800783,0.17004051804542542,0.11155330538749696,0.23299160599708557,30.179767608642578,22.543182373046875,36.778254699707034,0.0409178975969553,0.01338114868849516,0.07397745549678802,0.0303,0.0,0.11095638,0.04503825,0.03580082,02,False,False
2025-26,2026-02-14,New York,0,0.8934318423271179,0.6976517319679261,1.107509219646454,0.22488611936569214,0.08064977079629898,0.3885401725769043,17.17337417602539,3.8930346965789795,35.819400787353516,0.34277188777923584,0.1987125277519226,0.4878659248352051,26.35801887512207,18.826020431518558,33.64812088012695,0.06147550418972969,0.02216079235076905,0.10110768675804138,0.0165,0.0,0.11000728,0.06298868,0.04847616,02,False,False
2025-26,2026-02-14,New York,1,0.8810824155807495,0.685483455657959,1.1192890882492066,0.25774282217025757,0.08789727091789246,0.4404758602380753,16.350004196166992,6.194876670837402,30.86423206329346,0.33241450786590576,0.1901067838072777,0.49594494700431824,27.931293487548828,20.12369728088379,34.97381591796875,0.06306765601038933,0.02452736720442772,0.10393118485808374,0.0149,0.0,0.11276009,0.06346816,0.04927096,02,False,False
2025-26,2026-02-14,New York,2,0.8495535552501678,0.6411442160606384,1.0978398203849793,0.2740299850702286,0.07598136365413666,0.487107926607132,21.831218719482422,9.59781265258789,38.95429992675781,0.3095930963754654,0.17126496881246567,0.46378752887249,26.331031799316406,18.14065933227539,33.94796447753907,0.05661025084555149,0.017294377274811267,0.10151393413543702,0.0312,0.0,0.11076935,0.0585866,0.04429004,02,False,False
2025-26,2026-02-14,Pennsylvania,0,0.9490998387336731,0.8020655691623688,1.1068761348724365,0.1659659445285797,0.044652216136455536,0.311438775062561,22.998668670654297,13.687694644927978,36.170521926879886,0.4107980728149414,0.26240736842155454,0.5686740279197693,28.059550285339355,21.424664115905763,34.64817810058594,0.05454859137535095,0.02354263383895159,0.08813963457942009,0.0111,0.0,0.1105478,0.05550656,0.04401653,02,False,False
2025-26,2026-02-14,Pennsylvania,1,0.9352782964706421,0.7744594216346741,1.120631456375122,0.1889985203742981,0.04773421213030815,0.38474402725696566,22.694517135620117,13.205198287963867,35.40105438232422,0.41013598442077637,0.24285353273153307,0.5870012044906616,27.401662826538086,20.17096538543701,34.64172515869141,0.05664186738431454,0.020921043865382672,0.09726949334144595,0.0207,0.0,0.1113698,0.05816815,0.04611731,02,False,False
2025-26,2026-02-14,Pennsylvania,2,0.9535928964614868,0.7680667340755463,1.1722634553909301,0.19467125833034515,0.054316163063049316,0.3668208420276642,29.52167510986328,19.04427185058594,41.84859275817871,0.36828774213790894,0.21747867465019227,0.5375205874443054,28.80522918701172,20.658764457702638,36.273277282714844,0.06010459177196026,0.02467670850455761,0.09479235112667084,0.0117,0.0,0.11198457,0.05981907,0.04732822,02,False,False
2025-26,2026-02-14,Vermont,0,1.0623198747634888,0.7561480462551118,1.6075135469436646,0.3397875875234604,0.12063294202089311,0.5809225738048553,28.17652702331543,17.708988189697266,40.53160438537598,0.08354032039642334,0.04712314456701279,0.14113854765892028,12.594405174255371,6.8352330207824705,19.78342628479004,0.0778304934501648,0.019131593219935898,0.15787186175584794,0.0438,0.0,0.11053812,0.08887878,0.06814247,02,False,False
2025-26,2026-02-14,Vermont,1,1.044521450996399,0.7431212663650513,1.6035536527633671,0.3296022564172745,0.09504531025886538,0.5898028373718263,26.234846115112305,15.982979011535646,37.531620025634766,0.0825372189283371,0.04924969114363194,0.12646490931510926,11.300984382629395,6.400541067123413,16.58948516845703,0.079530268907547,0.018021371029317383,0.1621003180742264,0.0443,0.0,0.10998237,0.09158713,0.0704967,02,False,False
2025-26,2026-02-14,Vermont,2,0.9704951643943787,0.6623124718666077,1.5983803629875184,0.37000805139541626,0.12499591857194901,0.6609096109867096,26.378875732421875,17.632015609741213,37.632259368896484,0.09297918155789375,0.05004479251801967,0.15542535185813905,11.658477783203125,6.265064287185669,18.201920127868654,0.09984171018004417,0.02864748816937208,0.18414655327796936,0.0272,0.0,0.11179395,0.11003974,0.08010864,02,False,False
2025-26,2026-02-14,Wyoming,0,1.0706310868263245,0.7627348661422729,1.5609099864959717,0.36127880215644836,0.12962968051433565,0.6080709099769592,28.32794952392578,17.502853393554688,40.333865356445315,0.17148063331842422,0.08973810076713562,0.27058637142181396,16.584468841552734,9.819929122924805,24.399736404418945,0.10531726852059364,0.036683425307273865,0.18896808624267578,0.0178,0.0,0.11173657,0.09882864,0.07621051,02,False,False
2025-26,2026-02-14,Wyoming,1,1.0560733079910278,0.7416152358055115,1.5188477039337158,0.38765618205070496,0.1436116099357605,0.6047778248786927,27.319811820983887,16.11470718383789,39.315162658691406,0.1724688932299614,0.08457396626472474,0.2797726571559906,15.279804229736328,8.3211012840271,22.292318916320802,0.0873439684510231,0.0270996131002903,0.16192400455474854,0.0255,0.0,0.10985956,0.08284037,0.06405362,02,False,False
2025-26,2026-02-14,Wyoming,2,1.0116093754768372,0.7328428626060486,1.4784533977508545,0.38574737310409546,0.1429625153541565,0.6466594934463501,28.04557991027832,18.1030216217041,38.657920837402344,0.1696011647582054,0.08375085145235062,0.2712404429912567,15.178617477416992,8.648710250854492,22.83157730102539,0.08534762635827065,0.030966140888631345,0.15325504541397095,0.0175,0.0,0.11124798,0.08502509,0.0642784,02,False,False
2025-26,2026-02-21,Alaska,0,0.813150942325592,0.6000000238418579,1.3902181625366212,0.309694841504097,0.10114233940839767,0.5438277125358582,22.62037944793701,13.763492202758789,33.85543441772461,0.24434536695480347,0.11757025122642517,0.4266400933265686,15.971534729003906,9.423192977905273,22.666080474853516,0.11097300797700882,0.04345753788948059,0.19270344078540802,0.0133,0.0,0.11073884,0.11778184,0.08321135,02,False,False
2025-26,2026-02-21,Alaska,1,0.8005403280258179,0.6000000238418579,1.2607485175132755,0.36300766468048096,0.12665850818157198,0.5779458165168763,26.364996910095215,16.42054615020752,40.05218505859375,0.1833762302994728,0.08975485637784004,0.3040182292461395,14.941999435424805,8.54946060180664,21.920032501220703,0.11622174829244614,0.040283031016588214,0.2045191079378128,0.0131,0.0,0.1131798,0.12392415,0.08536175,02,False,False
2025-26,2026-02-21,Alaska,2,0.8903964161872864,0.6250109672546387,1.8453649282455444,0.31572847068309784,0.10084962472319604,0.5373725593090057,24.663865089416504,13.08307218551636,39.10323028564453,0.172806516289711,0.08660940602421761,0.2802947133779527,16.180960655212402,9.177205085754395,24.480199813842773,0.09080038592219353,0.029042642563581467,0.16402098983526234,0.0274,0.0,0.11078151,0.09596768,0.07056631,02,False,False
2025-26,2026-02-21,California,0,0.9477750658988953,0.756604790687561,1.0957659482955933,0.1569642350077629,0.022820260562002658,0.3500850796699524,25.207359313964844,14.893453598022461,42.21308822631836,0.18301231414079666,0.1122604750096798,0.2608831435441971,29.636720657348633,23.151817321777344,35.80880355834961,0.04350695759057999,0.015097293071448803,0.07862876355648041,0.0272,0.0,0.10907236,0.04517052,0.03584935,02,False,False
2025-26,2026-02-21,California,1,0.9330486059188843,0.7086040854454041,1.1054257154464722,0.1848028302192688,0.03205372765660286,0.40383470654487624,24.30439567565918,13.434006690979004,41.33697509765625,0.18440252542495728,0.11493142694234848,0.25186648964881897,29.200454711914062,21.954998016357422,36.11501693725586,0.0468676071614027,0.01301527488976717,0.08721592277288437,0.0404,0.0,0.11282493,0.04975254,0.03971049,02,False,False
2025-26,2026-02-21,California,2,0.9550179839134216,0.8209174871444702,1.0683773279190063,0.10850769653916359,0.015172669664025307,0.23496253788471222,24.248767852783203,14.32166862487793,37.44478988647461,0.18645428121089935,0.12293679267168045,0.2556416392326355,29.35057830810547,22.02202663421631,36.35856513977051,0.04459610395133495,0.015180123969912529,0.07868601232767108,0.0312,0.0,0.11177431,0.04626349,0.03673786,02,False,False
2025-26,2026-02-21,New York,0,0.964957058429718,0.7599538624286651,1.298176884651184,0.28609585762023926,0.12328452691435816,0.4586074948310852,29.25,17.848230361938477,42.44955825805664,0.2837896794080734,0.16187543123960496,0.4234599471092224,29.3387451171875,21.15824317932129,36.25117111206055,0.05905504152178764,0.019947296008467674,0.10485406294465068,0.0225,0.0,0.11079783,0.05920391,0.04682126,02,False,False
2025-26,2026-02-21,New York,1,0.9300950765609741,0.7280076146125793,1.201630961894989,0.28813591599464417,0.10769416391849518,0.46780920028686523,23.65774440765381,11.492378234863281,36.90593338012695,0.36381658911705017,0.20581121742725372,0.5448747873306274,26.921488761901855,18.672374725341797,34.99785232543945,0.06577673554420471,0.023537941649556166,0.11164558008313182,0.0164,0.0,0.11099489,0.0640428,0.04947846,02,False,False
2025-26,2026-02-21,New York,2,0.9643337428569794,0.7725333571434021,1.243749976158142,0.24381764233112335,0.08139262348413467,0.41198223233222975,27.990524291992188,14.483753108978274,42.46691131591797,0.3462948501110077,0.21360859274864197,0.5064471542835236,27.738994598388672,20.180258560180665,35.590877532958984,0.07034861296415329,0.026545271277427673,0.11535234749317169,0.013,0.0,0.11220611,0.06922538,0.05405273,02,False,False
2025-26,2026-02-21,Pennsylvania,0,0.9683394432067871,0.8071061968803406,1.1638970613479613,0.1666291505098343,0.04124538227915764,0.3293408453464508,22.90561294555664,11.61277904510498,35.45145034790039,0.4552934169769287,0.26891207695007324,0.6327727437019348,29.813074111938477,21.81181526184082,37.243473052978516,0.05954522266983986,0.026314029470086098,0.0913281962275505,0.0087,0.0,0.11294844,0.05898981,0.04803667,02,False,False
2025-26,2026-02-21,Pennsylvania,1,0.9387223720550537,0.7726511836051941,1.1123390197753906,0.2107664793729782,0.057214110344648364,0.3906685411930084,23.52212905883789,14.069099807739258,34.35494613647461,0.4640284776687622,0.3022051751613617,0.6388230323791504,27.520109176635742,20.819328117370606,34.6279182434082,0.059336110949516296,0.0245197843760252,0.09949741512537004,0.0149,0.0,0.11239683,0.05999379,0.0464102,02,False,False
2025-26,2026-02-21,Pennsylvania,2,0.9922450184822083,0.8152586817741394,1.2070850133895874,0.18535581231117249,0.04625324159860611,0.3628224104642869,26.484085083007812,14.639261245727539,40.722412109375,0.3791029453277588,0.23467744886875153,0.5339976191520691,30.724193572998047,22.42574119567871,37.9536849975586,0.05485741049051285,0.01981005258858204,0.09487301856279377,0.0226,0.0,0.1128448,0.05667753,0.04517099,02,False,False
2025-26,2026-02-21,Vermont,0,1.1228938102722168,0.7360325336456299,1.730217492580414,0.3174220025539398,0.09930858761072159,0.5733135700225831,27.642603874206543,17.284245109558107,39.368455505371095,0.08612047880887985,0.05003031715750694,0.13812239468097687,12.321861743927002,6.896198463439942,19.179860877990723,0.08838027343153954,0.022618670016527176,0.17043547332286835,0.0345,0.0,0.10985467,0.09620106,0.07359689,02,False,False
2025-26,2026-02-21,Vermont,1,1.1334364414215088,0.742717444896698,1.6750305891036987,0.3136219084262848,0.0899331703782082,0.5848629415035248,28.681299209594727,19.225170135498047,40.86613464355469,0.09353166073560715,0.05423532687127591,0.14997504651546478,13.556110382080078,7.852060222625733,20.447864532470703,0.08561888337135315,0.024854494258761406,0.1650954633951187,0.0295,0.0,0.11112389,0.09475157,0.07188232,02,False,False
2025-26,2026-02-21,Vermont,2,1.064286470413208,0.7086143553256988,1.6868707895278943,0.35715731978416443,0.13427570462226868,0.613891065120697,28.514655113220215,17.97447566986084,41.294578552246094,0.0981026366353035,0.05352036096155644,0.15976371020078659,11.545380115509033,6.837516117095948,16.832286834716797,0.086172915995121,0.024610250815749173,0.1689038679003716,0.0279,0.0,0.11245824,0.09657778,0.07284806,02,False,False
2025-26,2026-02-21,Wyoming,0,0.9441990852355957,0.6632240891456604,1.395780825614929,0.34041592478752136,0.09502418711781502,0.5781692445278168,25.494908332824707,15.492939949035645,37.19860076904297,0.1528366655111313,0.0669824793934822,0.2580393642187119,13.577408790588379,6.939566135406494,21.133196640014653,0.08344677835702896,0.024999716691672814,0.15171226263046267,0.0273,0.0,0.11142331,0.09539186,0.07489341,02,False,False
2025-26,2026-02-21,Wyoming,1,0.9178134202957153,0.657318115234375,1.4044928431510926,0.3385072648525238,0.11093867570161821,0.5783789753913879,25.85317611694336,16.1043025970459,39.260704040527344,0.15529079735279083,0.07626928463578224,0.2660033136606217,14.397522926330566,6.936044692993164,22.000425338745117,0.08422613888978958,0.024376770481467247,0.16612252146005635,0.0263,0.0,0.11139885,0.09906212,0.07577965,02,False,False
2025-26,2026-02-21,Wyoming,2,0.9426997900009155,0.6541633784770966,1.3380098342895508,0.3314119875431061,0.11104738712310791,0.5723932385444641,25.492427825927734,15.489605903625488,37.12840270996094,0.14793503284454346,0.07355203479528427,0.250593364238739,13.509510040283203,7.935206890106201,20.14002799987793,0.08667230978608131,0.025759123265743256,0.15758532285690308,0.027,0.0,0.1106128,0.10088923,0.07841266,02,False,False
2025-26,2026-02-28,Alaska,0,0.8278753161430359,0.6027697920799255,1.6437795162200928,0.29489976167678833,0.0899556577205658,0.5284087061882019,23.175872802734375,12.429085731506348,38.534297943115234,0.2130865901708603,0.0996038004755974,0.3741738200187683,16.985525131225586,10.311611080169678,24.176673889160156,0.09808710590004921,0.028708038851618767,0.17713825404644012,0.0249,0.0,0.11142808,0.10159543,0.07254102,02,False,False
2025-26,2026-02-28,Alaska,1,0.9229669868946075,0.6000000238418579,1.9475934982299805,0.3309638649225235,0.1226378545165062,0.558323872089386,26.308183670043945,16.015716552734375,40.62482452392578,0.16227813810110092,0.08296331912279128,0.27346329987049106,15.836143970489502,9.206326770782471,23.79751415252686,0.11336102336645126,0.0383756197988987,0.19699043035507202,0.0212,0.0,0.11425909,0.11488351,0.08007279,02,False,False
2025-26,2026-02-28,Alaska,2,0.8137867450714111,0.6000000238418579,1.681285953521729,0.34716127812862396,0.10363300144672395,0.5989916324615479,24.85246467590332,14.620454025268554,39.9189338684082,0.18938638269901276,0.09170329421758652,0.3156508505344391,15.570409774780273,8.962474632263184,22.91026496887207,0.10908772423863411,0.03446295000612736,0.18947610557079317,0.0212,0.0,0.11010111,0.11271903,0.07949557,02,False,False
2025-26,2026-02-28,California,0,0.9307011961936951,0.7985110580921173,1.0559508204460144,0.1385616809129715,0.03400079160928726,0.256456196308136,20.914819717407227,11.580098152160645,32.505069732666016,0.1872648447751999,0.12638907134532928,0.25336477160453796,30.362316131591797,23.456571578979492,36.70155792236328,0.039816729724407196,0.0140915522351861,0.07559842467308049,0.0308,0.0,0.11246842,0.04257088,0.03324835,02,False,False
2025-26,2026-02-28,California,1,0.9151697754859924,0.7568317353725433,1.0635860800743102,0.16030606627464294,0.029629089124500754,0.33380984067916875,26.682814598083496,14.785133361816406,43.36382179260254,0.19230450689792633,0.12621323019266129,0.2623794823884964,28.86652660369873,21.895460891723634,35.74223442077637,0.048689913004636765,0.015606934484094382,0.09065825790166855,0.0319,0.0,0.11294181,0.05064166,0.03989991,02,False,False
2025-26,2026-02-28,California,2,0.9460929036140442,0.8086188733577729,1.06086266040802,0.12640121579170227,0.023811715841293348,0.2563956379890442,21.239356994628906,12.980759620666504,31.9096622467041,0.17674444615840912,0.11784908920526505,0.24018076062202454,29.73622989654541,23.260055541992188,35.775550842285156,0.038412101566791534,0.012755849119275808,0.06886201575398446,0.0334,0.0,0.11190055,0.03999903,0.03211441,02,False,False
2025-26,2026-02-28,New York,0,0.9451131820678711,0.7261935949325562,1.2531095981597902,0.2876219153404236,0.09361127838492396,0.49855534732341766,27.263919830322266,15.943321323394777,40.26101303100586,0.29442450404167175,0.1641315072774887,0.4368373483419419,24.333660125732422,16.670491600036623,31.4952335357666,0.06877795979380608,0.024196909740567207,0.11492209881544113,0.0147,0.0,0.11117642,0.07237435,0.05733073,02,False,False
2025-26,2026-02-28,New York,1,1.0102342367172241,0.7799676775932312,1.3061370611190797,0.24317248165607452,0.10480868965387345,0.40752464532852173,20.571353912353516,6.976124620437622,35.065101623535156,0.34185953438282013,0.19877587109804157,0.4979913532733918,29.1179780960083,21.7399845123291,35.89601821899414,0.06006251461803913,0.01996754352003336,0.09879276379942896,0.0239,0.0,0.11184118,0.06254882,0.05068444,02,False,False
2025-26,2026-02-28,New York,2,0.9485082626342773,0.7683798134326935,1.2193003296852112,0.2747810184955597,0.13584251701831818,0.4009905576705933,22.550347328186035,10.885713100433351,35.78009796142578,0.36372387409210205,0.22099585831165314,0.5094509184360504,28.12872314453125,20.589347457885744,35.43742980957032,0.06453642249107361,0.021369198709726343,0.10992749780416489,0.0244,0.0,0.11030083,0.06845065,0.05487099,02,False,False
2025-26,2026-02-28,Pennsylvania,0,1.030592918395996,0.8805665135383606,1.2227919101715088,0.16311976313591003,0.05712733678519726,0.2802639126777649,26.764055252075195,13.849416446685792,41.10225296020508,0.4400404095649719,0.2948059916496277,0.6101731419563294,28.665937423706055,22.63884735107422,34.598992919921876,0.06308131664991379,0.02915580794215203,0.09836965054273605,0.0083,0.0,0.10981286,0.06294919,0.04999387,02,False,False
2025-26,2026-02-28,Pennsylvania,1,0.9576856791973114,0.7816489934921265,1.1747732162475586,0.22643063217401505,0.07227688282728195,0.38294467329978943,26.55003547668457,15.28674030303955,39.822654724121094,0.5368976593017578,0.3605057895183563,0.716547429561615,28.764732360839844,21.06241092681885,36.321593093872075,0.06450269371271133,0.027238015271723273,0.10378988087177277,0.0131,0.0,0.11173496,0.06548592,0.05257047,02,False,False
2025-26,2026-02-28,Pennsylvania,2,1.0016026496887207,0.8134774565696716,1.198424744606018,0.19827067852020264,0.05754248425364494,0.36222222447395325,23.01340675354004,11.39208278656006,35.434810638427734,0.5181707739830017,0.326288914680481,0.7155212163925171,27.92478370666504,21.102928161621094,34.821044921875,0.06463844329118729,0.025813154876232147,0.10892952233552933,0.0171,0.0,0.11361341,0.06559635,0.0526948,02,False,False
2025-26,2026-02-28,Vermont,0,1.0711655616760254,0.7091094315052032,1.6796432733535767,0.35424281656742096,0.1357645019888878,0.5953868627548218,27.327205657958984,17.604374885559082,38.78995132446289,0.0887056477367878,0.0502245344221592,0.14194436669349672,12.482495307922363,7.366148090362549,18.056433105468752,0.08768928423523903,0.021593503095209597,0.17237408310174948,0.0422,0.0,0.11163371,0.09830709,0.0742384,02,False,False
2025-26,2026-02-28,Vermont,1,1.0498552322387695,0.7241028487682343,1.6233826875686646,0.36158646643161774,0.13027192503213883,0.5930261015892029,28.79776382446289,19.06252956390381,40.0591724395752,0.09030516445636749,0.05328310988843441,0.14053203463554384,12.034273624420166,7.062009000778199,17.626370239257813,0.08315037190914154,0.01933675091713667,0.16948240995407104,0.0398,0.0,0.11043533,0.09343458,0.07136709,02,False,False
2025-26,2026-02-28,Vermont,2,1.0162673592567444,0.680909252166748,1.6690502166748047,0.3728111982345581,0.13640985190868377,0.6170719325542451,27.66510772705078,19.322542190551758,38.406693649291995,0.0937732383608818,0.05310065187513829,0.15215986967086795,12.347125053405762,7.053026580810547,18.56258201599121,0.08299627527594566,0.022544769756495955,0.16288494914770127,0.0383,0.0,0.11165644,0.09128544,0.06822287,02,False,False
2025-26,2026-02-28,Wyoming,0,0.9689437747001648,0.6839213728904724,1.3256888389587405,0.30623766779899597,0.1034950241446495,0.5524230003356934,26.702259063720703,17.066625595092773,38.448708343505864,0.15412309020757675,0.08230361938476564,0.2550775945186615,13.446884632110596,7.726762294769287,19.168079757690432,0.08156093582510948,0.02314449641853571,0.15466769486665727,0.0344,0.0,0.11055013,0.08945649,0.06756357,02,False,False
2025-26,2026-02-28,Wyoming,1,0.941842794418335,0.6610961437225342,1.3855117559432983,0.3355540633201599,0.10712230205535889,0.5819651305675507,28.791955947875977,18.331216621398926,42.7968433380127,0.16607720404863358,0.08213866502046585,0.2698669910430908,14.402572631835938,8.169086360931397,20.24464282989502,0.08138009905815125,0.02539412844926119,0.15353067219257355,0.0279,0.0,0.11153822,0.08830628,0.06755413,02,False,False
2025-26,2026-02-28,Wyoming,2,0.92390376329422,0.6501935720443726,1.3877755403518677,0.36159463226795197,0.12190530002117159,0.5970996022224426,26.77048969268799,16.20163497924805,39.56510543823242,0.16008198261260986,0.08138678222894669,0.2630756199359894,14.076082229614258,7.874512720108032,21.731369400024416,0.09266742318868637,0.02730665374547244,0.17341431081295014,0.0264,0.0,0.11236022,0.10053793,0.07304002,02,False,False
2025-26,2026-03-14,Alaska,0,0.9938933551311493,0.665466046333313,2.0748413085937503,0.37344035506248474,0.1505204290151596,0.5757215619087219,28.666351318359375,18.528416442871094,39.64179077148438,0.21740267425775528,0.10357906445860864,0.3660368353128433,14.976071834564209,7.888518810272217,23.111760330200205,0.10594600811600685,0.036749258637428284,0.1891864538192749,0.0202,0.0,0.11119211,0.11557875,0.08516773,03,False,False
2025-26,2026-03-14,Alaska,1,1.0136287212371826,0.6549201011657715,1.9804307699203492,0.38583678007125854,0.1419410675764084,0.6290415525436401,28.276209831237793,18.718265533447266,39.48530387878419,0.1890442669391632,0.09797780737280846,0.29999651312828063,14.519909858703613,8.35481653213501,21.77529964447022,0.10258657857775688,0.02870527431368828,0.18925267457962036,0.029,0.0,0.11089826,0.11309579,0.08267569,03,False,False
2025-26,2026-03-14,Alaska,2,0.964441180229187,0.6698786020278931,1.8331359744071962,0.36281996965408325,0.12948535978794098,0.5878193378448487,28.942404747009277,19.274616241455078,40.39554634094239,0.19681409746408463,0.09896232932806015,0.32363681793212895,13.161395072937012,7.569060325622559,18.785966300964358,0.10426189377903938,0.03526153042912483,0.18582808822393418,0.0251,0.0,0.11137157,0.1126967,0.08516497,03,False,False
2025-26,2026-03-14,California,0,0.8729860186576843,0.7412469983100891,0.9930405139923097,0.14055965840816498,0.0234953572973609,0.28761412203311926,21.90974712371826,12.353494930267335,33.32899971008302,0.2177739515900612,0.13782448023557664,0.31008861362934115,30.733543395996094,23.543618583679198,37.18552017211914,0.04338086396455765,0.017000560276210313,0.07396559044718742,0.0184,0.0,0.1105226,0.04312331,0.03433661,03,False,False
2025-26,2026-03-14,California,1,0.9170008897781372,0.780604362487793,1.047052013874054,0.14147628843784332,0.03356870450079441,0.27891008257865935,21.59378433227539,12.540153503417969,35.88083343505861,0.16743969917297363,0.1057137094438076,0.2260107845067978,31.239246368408203,24.193479537963867,37.26532745361328,0.040540387853980064,0.014304250292479996,0.07203800976276398,0.0265,0.0,0.11050712,0.04136521,0.03240545,03,False,False
2025-26,2026-03-14,California,2,0.8893807232379913,0.7419741153717041,1.0294371247291565,0.14408232271671295,0.035163115710020065,0.2858060091733935,21.776657104492188,11.74494218826294,35.756744384765625,0.19528111815452576,0.1251361131668091,0.2784880369901657,28.808393478393555,21.81397533416748,35.73574943542481,0.04591580107808113,0.01740899123251438,0.08038266673684122,0.0182,0.0,0.10876549,0.04715324,0.03738861,03,False,False
2025-26,2026-03-14,New York,0,0.901751846075058,0.6791509091854095,1.1643762588500979,0.29940666258335114,0.11102361306548118,0.524086058139801,27.705875396728516,17.49354648590088,40.27655792236328,0.3605353534221649,0.20571587681770326,0.5206538438796997,25.817265510559082,19.208168029785156,32.65746574401856,0.0686529129743576,0.024705231003463276,0.11425188928842545,0.019,0.0,0.11075153,0.07029953,0.05419303,03,False,False
2025-26,2026-03-14,New York,1,0.9401782751083374,0.7287878453731537,1.232652294635773,0.2701539695262909,0.10994612500071528,0.463701006770134,25.535675048828125,15.566384315490723,38.2861988067627,0.328435018658638,0.20017995089292526,0.476665735244751,26.127384185791016,19.3246150970459,33.643192291259766,0.06955042853951454,0.02100521493703129,0.12476092949509623,0.0291,0.0,0.11069178,0.07539311,0.0590329,03,False,False
2025-26,2026-03-14,New York,2,0.9499263763427734,0.7262632608413696,1.2219688773155217,0.25593845546245575,0.09152453467249871,0.450948852300644,27.71839141845703,14.451555442810058,41.464994430542,0.3360450863838196,0.2008697405457497,0.4973891854286194,28.00577735900879,20.711450576782227,34.72562599182129,0.06398558244109154,0.023323188163340093,0.11037345975637436,0.0166,0.0,0.11175489,0.06831537,0.05329327,03,False,False
2025-26,2026-03-14,Pennsylvania,0,1.0253335237503052,0.8466970920562744,1.2567862629890443,0.18868406862020493,0.0544750913977623,0.3527109622955322,29.544057846069336,17.52534294128418,42.62714881896973,0.5011650323867798,0.3306222677230835,0.6840877532958984,28.162386894226074,21.293598175048828,35.28285484313966,0.06342688575387001,0.026130034588277343,0.10584120452404024,0.0147,0.0,0.11221841,0.06585707,0.05181975,03,False,False
2025-26,2026-03-14,Pennsylvania,1,1.014316201210022,0.8273648023605347,1.2241620898246766,0.20069314539432526,0.05983883067965508,0.37215731739997865,31.951032638549805,22.187290954589844,44.31796798706055,0.4838968366384506,0.3090419888496399,0.6811227500438691,30.432973861694336,23.917463302612305,36.48901710510254,0.063651192933321,0.031048307195305824,0.09930725395679474,0.0071,0.0,0.11503163,0.065624,0.05225597,03,False,False
2025-26,2026-03-14,Pennsylvania,2,0.9711065292358398,0.7835022807121277,1.1900110483169555,0.2500947117805481,0.09885707497596741,0.40335462391376503,28.864192008972168,18.933328437805176,40.82820510864258,0.5655815005302429,0.36591490209102634,0.7903971076011658,30.249422073364258,22.474627685546874,36.84303283691406,0.05843666195869446,0.022686530835926533,0.09825676679611206,0.0135,0.0,0.1125743,0.06126022,0.04835538,03,False,False
2025-26,2026-03-14,Vermont,0,1.171179711818695,0.7538975358009339,1.9423504829406741,0.3297138512134552,0.09301408529281617,0.596227777004242,28.90825843811035,19.18416042327881,39.16823883056641,0.10100992396473885,0.05495099350810051,0.15640246421098714,12.903034687042236,7.578118848800659,19.00363235473633,0.0835672989487648,0.024019055999815464,0.16438028216362,0.0343,0.0,0.11061758,0.09515103,0.07279866,03,False,False
2025-26,2026-03-14,Vermont,1,1.0309718251228333,0.6849622130393982,1.5269326090812683,0.33603304624557495,0.10871562659740448,0.5832195162773133,29.654624938964844,20.87013339996338,39.63307571411133,0.11177099496126175,0.06157937273383141,0.18328293412923816,15.119498252868652,8.795397758483887,22.73157730102539,0.07972850650548935,0.016655874624848365,0.1670054286718369,0.0527,0.0,0.11205899,0.09217473,0.06909052,03,False,False
2025-26,2026-03-14,Vermont,2,1.1070441007614136,0.7431336045265198,1.6986804842948917,0.3288618177175522,0.11198319420218468,0.5760145783424377,30.09972381591797,19.750628662109374,41.20418052673341,0.09839862585067749,0.056459539011120795,0.15355795621871948,14.577921867370605,8.446266174316406,21.233847045898436,0.08460568264126778,0.022053634934127337,0.16307155787944794,0.0364,0.0,0.11169301,0.09350865,0.07135828,03,False,False
2025-26,2026-03-14,Wyoming,0,0.9297012090682983,0.6674683511257171,1.255297863483429,0.2875620126724243,0.08141300305724145,0.5264557719230653,24.128936767578125,14.406491756439209,35.19791793823242,0.20416055619716644,0.1092070572078228,0.3224504292011261,14.93435001373291,8.375630474090576,22.252235412597656,0.08635543659329414,0.02536323480308056,0.15931623578071596,0.0301,0.0,0.10964486,0.09420681,0.0701898,03,False,False
2025-26,2026-03-14,Wyoming,1,0.9718607366085052,0.6959671199321747,2.078881072998047,0.2767004072666168,0.07067844867706301,0.5115456581115723,26.705020904541016,17.34939193725586,38.79129333496094,0.18570856004953384,0.10045254677534103,0.3090801149606705,16.32007598876953,9.538881301879883,23.380823135375977,0.07901111990213394,0.020844591781497,0.1567246660590172,0.039,0.0,0.11129909,0.08868224,0.06472899,03,False,False
2025-26,2026-03-14,Wyoming,2,0.8980126678943634,0.6431676089763642,1.2542682051658633,0.33502282202243805,0.10592166259884835,0.5992823243141174,26.89090633392334,17.684646606445312,38.96443862915039,0.17650535702705383,0.09248914569616318,0.28132169544696817,16.35996437072754,9.753322505950928,23.30355911254883,0.08569266274571419,0.02597766425460577,0.1602738529443741,0.0259,0.0,0.11019252,0.09326455,0.06732098,03,False,False
2025-26,2026-03-21,Alaska,0,1.080277919769287,0.7054681181907654,2.299234414100647,0.3458079397678375,0.11635956913232803,0.5831733345985413,27.795894622802734,18.754978370666503,39.27102279663086,0.19597339630126953,0.09511531889438629,0.3218092769384384,14.302044868469238,8.569169425964356,20.449928855896,0.09088915213942528,0.027525482699275017,0.1671886458992958,0.0252,0.0,0.11099502,0.09823724,0.07108729,03,False,False
2025-26,2026-03-21,Alaska,1,0.8815012872219086,0.6213199496269226,1.8279516696929932,0.36116334795951843,0.13400261998176577,0.5740532279014587,28.15254020690918,18.319828033447266,40.046026992797856,0.2509708106517792,0.12147511541843414,0.4012868404388428,14.01370096206665,7.728592443466186,20.870328903198242,0.10616365075111389,0.03384976759552956,0.18494297564029694,0.021,0.0,0.11109199,0.10999762,0.07998753,03,False,False
2025-26,2026-03-21,Alaska,2,1.0356968641281128,0.6859033703804016,1.930413043498993,0.35506321489810944,0.1400080770254135,0.5961361527442932,29.59838104248047,21.29621410369873,40.65669631958008,0.17774636298418045,0.0878755621612072,0.2927910089492798,14.798501968383789,8.17987642288208,21.78930110931397,0.08597154542803764,0.02908477932214737,0.16089007258415222,0.0218,0.0,0.11223104,0.0939187,0.06975918,03,False,False
2025-26,2026-03-21,California,0,0.909223735332489,0.7760801792144776,1.0383606791496278,0.12235293537378311,0.023289977386593823,0.2554013520479204,23.653833389282227,13.003434181213379,38.022152709960956,0.1980123072862625,0.12351669371128082,0.2763065695762634,31.46341037750244,24.760513877868654,37.52282867431641,0.041074084118008614,0.014895935636013748,0.06961861252784729,0.0276,0.0,0.11256976,0.04326137,0.03445779,03,False,False
2025-26,2026-03-21,California,1,0.9283493161201477,0.805170476436615,1.0449910163879395,0.13707879930734634,0.04375185519456863,0.23854803889989856,18.161133766174316,10.345055770874025,26.905407142639163,0.2229185700416565,0.1519588902592659,0.2975320816040039,30.516733169555664,24.096837997436523,36.96161651611328,0.03665274381637573,0.013256931211799383,0.06533147245645524,0.0275,0.0,0.11101744,0.03960478,0.03134494,03,False,False
2025-26,2026-03-21,California,2,0.8964747190475464,0.7612080872058868,1.0335698127746582,0.12541572004556656,0.02082802206277848,0.28155721724033367,25.8099308013916,15.357847213745117,37.81600112915039,0.18465277552604675,0.12363371253013611,0.24788840115070343,32.10448455810547,25.444343185424806,37.78845977783203,0.04410659894347191,0.01630527526140213,0.07485632225871088,0.0213,0.0,0.11370645,0.04672741,0.03690595,03,False,False
2025-26,2026-03-21,New York,0,0.9548178911209106,0.7303078770637512,1.2290674448013306,0.23346123844385147,0.07831515073776246,0.4160464107990265,27.758054733276367,15.627279281616211,39.877342224121094,0.33595046401023865,0.20112423598766327,0.4730588704347611,28.624814987182617,21.256885528564453,36.05867385864258,0.0757773108780384,0.03669898919761182,0.12244874909520155,0.0045,0.0,0.11018097,0.07982898,0.06141061,03,False,False
2025-26,2026-03-21,New York,1,0.979473352432251,0.7620516419410706,1.2292422771453857,0.24915695935487747,0.09341425448656082,0.4466715633869171,25.624267578125,14.84035005569458,37.478538513183594,0.3196122348308563,0.19774171710014343,0.45917943120002747,25.052395820617676,18.91687297821045,31.197179794311523,0.060921311378479004,0.02175028994679451,0.10176935344934464,0.0194,0.0,0.11205903,0.06238723,0.049028,03,False,False
2025-26,2026-03-21,New York,2,0.9517667889595032,0.7495104670524597,1.2195985317230225,0.23658763617277145,0.07688382640480998,0.41830953061580667,30.135498046875,20.130517959594727,42.3670654296875,0.3093739449977875,0.18243094384670258,0.44739956557750704,28.116674423217773,21.215221405029297,35.15473175048828,0.06593524292111397,0.024529484659433366,0.10840572416782379,0.0153,0.0,0.1102827,0.06861436,0.05428642,03,False,False
2025-26,2026-03-21,Pennsylvania,0,0.9796359539031982,0.8202704787254333,1.160877811908722,0.18194803595542908,0.05347016826272011,0.31807134449481966,27.160734176635742,14.967337703704834,39.90896835327148,0.48668214678764343,0.31612882614135746,0.6505568563938141,30.922147750854492,24.210062789916993,36.59834289550781,0.05673983693122864,0.02545747794210911,0.08792256340384484,0.0091,0.0,0.11190709,0.05869199,0.04644567,03,False,False
2025-26,2026-03-21,Pennsylvania,1,0.9258438646793365,0.7651211023330688,1.0968652486801147,0.20034144818782806,0.05927862972021103,0.3634498119354248,26.863893508911133,17.55273609161377,37.1016716003418,0.5632705986499786,0.3900890797376633,0.7535494565963745,32.44768524169922,25.502761840820312,37.96229057312012,0.06164580583572388,0.025775098614394667,0.0984447106719017,0.0104,0.0,0.11089129,0.06436295,0.05113372,03,False,False
2025-26,2026-03-21,Pennsylvania,2,0.9816579222679138,0.8316067457199097,1.1391501426696777,0.16384315490722656,0.049157167226076146,0.2913288176059723,23.963117599487305,14.69278335571289,33.97503700256349,0.553810179233551,0.3749893009662628,0.7347986698150635,31.057748794555664,23.58219337463379,37.049503326416016,0.057034291326999664,0.025509057566523552,0.0908631980419159,0.0136,0.0,0.1119108,0.05982627,0.04716108,03,False,False
2025-26,2026-03-21,Vermont,0,0.9867080450057983,0.6447300791740418,1.4824062108993532,0.32467781007289886,0.11237164065241814,0.5521984696388245,26.57354164123535,16.811761474609376,40.09116744995117,0.10104459524154663,0.0461894728243351,0.16809207499027257,11.593282699584961,6.121791028976442,17.74293918609619,0.0827736109495163,0.02234242483973503,0.16453644633293152,0.0369,0.0,0.10945192,0.08415798,0.06451793,03,False,False
2025-26,2026-03-21,Vermont,1,0.942892849445343,0.6409360051155091,1.4335148334503174,0.36976660788059235,0.1265464425086975,0.6055510878562929,27.01026725769043,18.949996948242188,37.404269790649415,0.09230853989720345,0.046267728134989736,0.1460972860455513,13.10621452331543,6.8656005859375,19.43382453918457,0.0839027389883995,0.024590391851961615,0.15918992459774017,0.0292,0.0,0.1118158,0.08751032,0.0667735,03,False,False
2025-26,2026-03-21,Vermont,2,0.9615934193134308,0.630700409412384,1.4286563634872438,0.3494679629802704,0.11656244397163391,0.5848137736320496,26.08340072631836,18.322744369506836,36.30752868652344,0.10014014691114426,0.04508282616734505,0.16964002102613449,12.86485242843628,7.333444118499756,18.478641510009766,0.08120821043848991,0.022647930309176445,0.1579244464635849,0.0366,0.0,0.10980408,0.08282787,0.06197798,03,False,False
2025-26,2026-03-21,Wyoming,0,0.9906828701496124,0.6981260180473328,1.404984712600708,0.28605322539806366,0.07711387798190117,0.529771089553833,26.546988487243652,14.726952648162843,37.683481597900396,0.192275270819664,0.10288556590676308,0.30193660259246835,16.345046997070312,9.674530029296875,24.477967071533207,0.08043527975678444,0.023313502967357642,0.15190809369087224,0.0317,0.0,0.11154903,0.08840516,0.06657698,03,False,False
2025-26,2026-03-21,Wyoming,1,0.9708890616893768,0.6968497514724732,1.3822229504585268,0.2920761704444885,0.09138713628053668,0.5235604047775269,28.922536849975586,19.8322961807251,39.43463516235352,0.16374769806861877,0.08690596893429756,0.26414444744586946,16.190814971923828,9.674695014953613,23.002880096435547,0.06676460057497025,0.017903926782310016,0.1331944316625595,0.0407,0.0,0.11174259,0.07501413,0.05682197,03,False,False
2025-26,2026-03-21,Wyoming,2,0.9648923873901367,0.6626168727874756,1.302464485168457,0.299702525138855,0.07866550087928773,0.5575048923492432,25.808263778686523,16.335729598999023,35.9761962890625,0.17931623756885529,0.09785424992442132,0.2725059986114502,15.111013412475586,8.789660167694091,21.871660232543945,0.0774320513010025,0.02251863293349743,0.14437468349933624,0.031,0.0,0.11097269,0.08361872,0.06361083,03,False,False
2025-26,2026-03-28,Alaska,0,1.0499999523162842,0.683236014842987,2.3458263635635377,0.3477286398410797,0.1324088737368584,0.5672916948795319,28.973339080810547,19.39470672607422,39.59267616271973,0.20896025002002716,0.10879105105996133,0.3254643499851227,14.823756694793701,9.194759941101074,20.73606662750245,0.10317090526223183,0.030272260308265686,0.18786003887653355,0.0308,0.0,0.11150854,0.11160426,0.07877005,03,False,False
2025-26,2026-03-28,Alaska,1,1.0735028386116028,0.691094970703125,2.2756070375442508,0.35078220069408417,0.12232790142297745,0.592915016412735,29.776744842529297,19.5288293838501,40.681329345703126,0.20341362059116364,0.10387220606207848,0.3269353926181794,17.294139862060547,9.679341030120852,25.23695182800293,0.09338532015681267,0.024628067389130592,0.1791522204875946,0.0342,0.0,0.11017365,0.10203013,0.07496879,03,False,False
2025-26,2026-03-28,Alaska,2,1.077089250087738,0.7020783722400665,2.2410895347595217,0.3380647897720337,0.1227954551577568,0.5640249729156495,29.63865089416504,20.682050132751463,40.39643859863281,0.20019236207008362,0.10405929386615753,0.3185553252696991,16.020126342773438,9.015708923339844,23.647090911865234,0.08951998502016068,0.028689272329211236,0.16630728393793107,0.0259,0.0,0.11070072,0.09548987,0.06910221,03,False,False
2025-26,2026-03-28,California,0,0.9051751494407654,0.7482998251914978,1.042095124721527,0.13424140959978104,0.029395850561559203,0.27544620931148533,23.400150299072266,12.536526107788088,36.257914352417,0.19188308715820312,0.12021643444895745,0.26696211099624634,27.657322883605957,20.954206466674805,33.911481094360354,0.04355330392718315,0.016962865740060805,0.07554351538419724,0.0212,0.0,0.11117964,0.04576714,0.0361733,03,False,False
2025-26,2026-03-28,California,1,0.8946083784103394,0.7726749777793884,1.0189303159713745,0.09370925650000572,0.012539676576852803,0.20856871008872988,26.86605739593506,14.91035499572754,41.52792739868164,0.20083241164684296,0.12753811329603196,0.2716574311256409,30.640169143676758,24.031969833374024,36.78134536743164,0.046118948608636856,0.018712596967816353,0.07683828473091125,0.0174,0.0,0.11279416,0.04716666,0.03773769,03,False,False
2025-26,2026-03-28,California,2,0.9298011660575867,0.7992919743061065,1.054481863975525,0.12106911838054657,0.03254452347755432,0.22972807288169866,20.316993713378906,11.090589332580567,31.130111694335938,0.19565297663211823,0.12634816616773606,0.2673492431640625,29.741955757141113,23.280744552612305,35.70512084960937,0.037712303921580315,0.013023454416543248,0.06626240164041519,0.0273,0.0,0.1109902,0.04009536,0.03179362,03,False,False
2025-26,2026-03-28,New York,0,0.8449014127254486,0.6572827696800232,1.0796419382095337,0.2817330062389374,0.11759153008460999,0.4744569957256317,24.168886184692383,15.48864459991455,33.68098831176758,0.3361116647720337,0.2090074136853218,0.4747189342975617,28.717562675476074,21.173566818237305,35.607234954833984,0.06827505677938461,0.02588621713221073,0.11263541877269745,0.013,0.0,0.11082275,0.06802884,0.05291811,03,False,False
2025-26,2026-03-28,New York,1,0.819943368434906,0.6261864602565765,1.0858922004699707,0.28005141019821167,0.09177248626947404,0.489506232738495,26.94722557067871,17.82474021911621,40.29438858032227,0.32480791211128235,0.1912679374217987,0.4758612781763077,25.547338485717773,19.121845626831057,32.09902420043946,0.07854100316762924,0.03765891604125501,0.12262934446334839,0.0062,0.0,0.1106233,0.07726494,0.05961996,03,False,False
2025-26,2026-03-28,New York,2,0.8637663424015045,0.6802273631095886,1.1136132121086122,0.23351190984249115,0.08822877481579781,0.4121606945991516,26.63145637512207,16.18807029724121,40.99327850341797,0.3489397168159485,0.19710181653499603,0.5142354369163513,25.2646541595459,18.49321937561035,31.850004196166992,0.06883863359689713,0.025973578914999962,0.11485309153795245,0.0139,0.0,0.11153008,0.06775067,0.05288681,03,False,False
2025-26,2026-03-28,Pennsylvania,0,0.9012845754623413,0.7329740941524506,1.0864959955215454,0.1868429332971573,0.05047008953988552,0.33206427097320557,25.449247360229492,16.347675323486328,38.89608383178713,0.48137375712394714,0.2884722948074341,0.6680171668529512,29.786108016967773,23.41305160522461,36.168235778808594,0.05930342525243759,0.026065289974212646,0.09721153229475021,0.0103,0.0,0.11119136,0.05911261,0.04761918,03,False,False
2025-26,2026-03-28,Pennsylvania,1,0.8582931160926819,0.6727480292320251,1.054908275604248,0.25128553807735443,0.09636325389146805,0.4112321436405182,23.695466995239258,16.056148529052734,34.055824279785156,0.5608950257301331,0.35558634996414185,0.7776686549186707,25.505447387695312,19.36088752746582,31.42515373229981,0.05511847883462906,0.02317873202264309,0.08555392175912857,0.0083,0.0,0.11121673,0.05226288,0.04164466,03,False,False
2025-26,2026-03-28,Pennsylvania,2,0.8681415915489197,0.6909933090209961,1.0818485021591187,0.24103530496358871,0.10998966693878175,0.38971883058547974,23.113040924072266,14.01548957824707,35.80977973937989,0.580614447593689,0.3716520667076111,0.7887778878211975,29.161815643310547,22.23996810913086,36.07049293518067,0.054577071219682693,0.024234045296907425,0.08474353700876237,0.0126,0.0,0.10937354,0.05144633,0.04093668,03,False,False
2025-26,2026-03-28,Vermont,0,0.9777951836585999,0.675718367099762,1.5272098779678345,0.34866783022880554,0.12430275231599808,0.5866745114326477,27.447343826293945,19.995004653930664,36.58647537231445,0.09863718971610069,0.05633526295423508,0.1548868715763092,12.865056991577148,7.656617069244385,18.524357223510744,0.07743048667907715,0.022487636655569077,0.1406691029667855,0.0324,0.0,0.11017335,0.07969407,0.05967538,03,False,False
2025-26,2026-03-28,Vermont,1,0.9971449673175812,0.6660832405090332,1.5131053924560547,0.3230329602956772,0.11099622398614883,0.5665717124938965,28.48651695251465,20.21623420715332,38.92268600463867,0.09795007109642029,0.05464127026498318,0.15034770220518112,13.65859603881836,7.987248373031616,20.089582443237305,0.08573442324995995,0.02598035130649805,0.16389811038970947,0.0315,0.0,0.11161718,0.09134687,0.06806136,03,False,False
2025-26,2026-03-28,Vermont,2,1.0332964658737183,0.6967998743057251,1.694739377498627,0.3581172078847885,0.12240296229720116,0.6161160290241242,28.505545616149902,19.504029083251954,39.19219741821289,0.08585575968027115,0.04649857468903065,0.13434992134571075,14.651269912719727,8.78352460861206,21.368256568908695,0.08449197560548782,0.024492278322577478,0.16318991780281067,0.0299,0.0,0.11286397,0.08921806,0.06724925,03,False,False
2025-26,2026-03-28,Wyoming,0,0.8865029811859131,0.6448079347610474,1.2049650192260744,0.30266809463500977,0.08832973390817643,0.534460186958313,26.979448318481445,17.793821334838867,38.19605865478516,0.18456484377384186,0.09861694127321244,0.2838765531778336,14.803939819335938,8.557772636413574,22.147699928283696,0.07900120690464973,0.02159418724477291,0.14766640961170197,0.0327,0.0,0.11042287,0.08623164,0.06536199,03,False,False
2025-26,2026-03-28,Wyoming,1,0.9650019705295563,0.6809784770011902,1.3054321646690368,0.27428004145622253,0.0835796557366848,0.47700294852256786,26.17333221435547,15.75862979888916,37.64500045776367,0.1771446168422699,0.08528551235795022,0.29090205729007723,16.288333892822266,9.770993423461915,22.901060104370117,0.06990304589271545,0.023127666860818866,0.13501092791557312,0.0245,0.0,0.11135168,0.07703656,0.05907241,03,False,False
2025-26,2026-03-28,Wyoming,2,0.9094810485839844,0.6669390201568604,1.2763926029205324,0.3047158718109131,0.10278142765164376,0.5220609307289124,25.27589988708496,15.782271385192871,36.58862648010254,0.1905030459165573,0.10085211545228959,0.29444557428359985,15.741795539855957,9.434581756591797,22.523876190185547,0.0668264739215374,0.017899075523018837,0.12914745360612873,0.036,0.0,0.10924424,0.07390829,0.05707383,03,False,False
2025-26,2026-04-04,Alaska,0,0.9407137930393219,0.6588453948497772,1.9452248811721802,0.3639199137687683,0.15809016674757004,0.5640401244163513,28.52423667907715,19.025657653808594,37.64257888793945,0.22839093953371048,0.12189222127199173,0.3624301850795746,17.04420280456543,9.547380542755127,25.200098037719727,0.08911547809839249,0.029762808233499527,0.16253341734409332,0.0255,0.0,0.11096425,0.095841,0.06979062,04,True,False
2025-26,2026-04-04,Alaska,1,1.0723743438720703,0.6535157561302185,2.366194248199463,0.38104116916656494,0.17612595856189728,0.590836226940155,28.80424404144287,19.386629104614258,39.02390670776367,0.20623734593391418,0.11143885552883148,0.31607504487037663,14.819941997528076,8.737239265441895,21.33061408996582,0.09632668271660805,0.026999990828335287,0.18387992233037953,0.0306,0.0,0.11222807,0.10476041,0.07328117,04,True,False
2025-26,2026-04-04,Alaska,2,0.9326977431774139,0.6414220035076141,2.1129929304122927,0.3909258097410202,0.17180579900741577,0.6013726532459259,29.717756271362305,21.781627655029297,38.639750289917,0.20898103713989258,0.11339226812124252,0.31843551993370056,13.992605209350586,8.637860298156738,19.387027740478516,0.08557167649269104,0.026380622759461406,0.15561228841543198,0.0269,0.0,0.10824439,0.09241543,0.06871382,04,True,False
2025-26,2026-04-04,California,0,0.8890515565872192,0.7485158860683441,1.01539124250412,0.1360756978392601,0.02745215259492398,0.2705118954181671,24.64847183227539,13.926218509674074,40.11160316467286,0.20674151182174683,0.13341902643442155,0.28106361627578735,28.83032512664795,22.112577056884767,35.987056732177734,0.039623506367206573,0.013236318714916706,0.07058694139122963,0.0321,0.0,0.11250349,0.04215967,0.03279471,04,True,False
2025-26,2026-04-04,California,1,0.8773213922977448,0.7368050217628479,1.0130371451377869,0.13274109363555908,0.027692141011357307,0.2773731052875519,25.05928897857666,13.987587928771973,38.98269882202148,0.20837028324604034,0.1320916622877121,0.28627200722694396,28.586708068847656,21.977422523498536,34.90248107910156,0.04418899677693844,0.015918829478323463,0.08145791292190552,0.0312,0.0,0.10976698,0.0472214,0.03773046,04,True,False
2025-26,2026-04-04,California,2,0.8832899332046509,0.7428993701934814,1.0276386737823486,0.14421599358320236,0.024935424327850342,0.29606831371784215,23.380373001098633,13.74521255493164,34.163795471191406,0.21324503421783447,0.1406035974621773,0.280754417181015,29.138874053955078,22.227854347229005,36.02225112915039,0.03903338126838207,0.013344002701342108,0.0699673444032669,0.0303,0.0,0.11289925,0.04162187,0.03309224,04,True,False
2025-26,2026-04-04,New York,0,1.0301052331924438,0.8021606206893921,1.2922534942626953,0.22703927010297775,0.08735402673482895,0.37637385725975037,20.153141975402832,9.226607322692871,30.517805099487305,0.34518489241600037,0.2239568740129471,0.4751286804676056,31.0424747467041,23.55514736175537,37.58176803588867,0.07189060747623444,0.03310126028954983,0.11162258908152581,0.0048,0.0,0.1118302,0.07539546,0.0601696,04,True,False
2025-26,2026-04-04,New York,1,0.9798831939697266,0.7844560265541076,1.236926555633545,0.20791535079479218,0.08297115564346313,0.3550010025501251,24.434293746948242,11.860940170288087,35.990478515625,0.32509179413318634,0.19619835764169694,0.46877148747444153,30.48863983154297,23.32549877166748,36.88277053833008,0.06411395221948624,0.024341428466141228,0.10589069873094559,0.0193,0.0,0.11170142,0.0669867,0.05325435,04,True,False
2025-26,2026-04-04,New York,2,1.0059984922409058,0.8011949837207795,1.2647548913955688,0.21164435893297195,0.0723908968269825,0.3744451105594635,23.965150833129883,10.653398895263672,35.5677375793457,0.31213413178920746,0.1805559352040291,0.4453291058540345,30.664283752441406,23.39260883331299,37.28246078491211,0.05961507186293602,0.021961829438805584,0.09797962009906769,0.0158,0.0,0.11284902,0.06298009,0.04985248,04,True,False
2025-26,2026-04-04,Pennsylvania,0,0.8728350102901459,0.6996205925941468,1.0528725504875183,0.22517576813697815,0.07849220931529999,0.39378201961517334,27.965007781982422,17.96160888671875,42.72148246765137,0.5432255566120148,0.3723946362733841,0.7198251605033875,29.956146240234375,23.363887786865234,36.19146423339844,0.05718528293073177,0.024424828588962555,0.09243380278348923,0.0081,0.0,0.11435932,0.06046121,0.04655473,04,True,False
2025-26,2026-04-04,Pennsylvania,1,0.8670327961444855,0.7301542460918427,1.0264360189437867,0.1755618005990982,0.05262941122055054,0.31793317198753357,30.9753999710083,21.281215858459472,43.35826110839844,0.5540114641189575,0.358719140291214,0.7495713829994202,31.454760551452637,24.44976806640625,37.39228439331055,0.06032120808959007,0.03020971454679966,0.08870580047369003,0.0048,0.0,0.11014862,0.06158615,0.04792968,04,True,False
2025-26,2026-04-04,Pennsylvania,2,0.9399266839027405,0.7582542836666107,1.1208925247192383,0.20724495500326157,0.0744309052824974,0.35693653523921975,21.513371467590332,11.020941734313965,31.749357223510742,0.5733441710472107,0.40800358057022096,0.7627721786499024,32.063133239746094,25.19477653503418,37.797061920166016,0.05626869015395641,0.020350861176848412,0.09448188543319702,0.0186,0.0,0.1101671,0.05835835,0.04622852,04,True,False
2025-26,2026-04-04,Vermont,0,1.1278971433639526,0.7547805309295654,1.7196341753005981,0.3043330907821655,0.09126843512058258,0.5736558914184573,30.254743576049805,21.307244300842285,39.941497802734375,0.09951687604188919,0.05802993029356003,0.15288283824920657,12.983917236328125,7.925737380981445,19.396449089050297,0.07541151344776154,0.017919402569532394,0.15159061551094055,0.0429,0.0,0.1133829,0.08778466,0.06491922,04,True,False
2025-26,2026-04-04,Vermont,1,1.2226081490516663,0.8089938759803772,1.8518790006637573,0.34360215067863464,0.10894907265901566,0.627696043252945,29.198501586914062,20.75297546386719,37.399044036865234,0.08861482888460159,0.05111527815461159,0.13107973337173462,14.48563289642334,8.998342514038086,20.448682212829592,0.08612953871488571,0.023266935721039772,0.15927013754844666,0.0357,0.0,0.11318263,0.09593881,0.07162813,04,True,False
2025-26,2026-04-04,Vermont,2,1.245902419090271,0.8270373344421387,1.920824790000916,0.3149076849222183,0.11313280463218689,0.5556859910488129,31.49069595336914,24.196632385253906,39.64256477355957,0.08874225243926048,0.05106479115784168,0.13413636684417726,14.115925788879395,8.481912612915039,20.52279281616211,0.07141224667429924,0.01914774253964424,0.14624212682247162,0.0395,0.0,0.11101758,0.08530127,0.06410839,04,True,False
2025-26,2026-04-04,Wyoming,0,1.0053101778030396,0.6943551003932953,1.3924816846847536,0.3030594289302826,0.0858808532357216,0.5383309125900269,29.477008819580078,18.396184730529786,40.30484390258789,0.17760099470615387,0.0955573096871376,0.2870296835899353,15.533591270446777,9.271208572387696,22.0183162689209,0.07192112505435944,0.020836057141423225,0.1376138359308243,0.0373,0.0,0.1105095,0.0811636,0.06012099,04,True,False
2025-26,2026-04-04,Wyoming,1,0.9734945595264435,0.677262008190155,1.3547512292861938,0.2890762984752655,0.07520480453968048,0.5310497283935547,28.105268478393555,17.468073081970214,37.027801513671875,0.1970847323536873,0.1079501211643219,0.3049423396587372,15.197508811950684,8.76962013244629,21.483951568603516,0.07666992396116257,0.022189784236252313,0.14262863993644714,0.0307,0.0,0.11122923,0.08325455,0.06226733,04,True,False
2025-26,2026-04-04,Wyoming,2,1.024492859840393,0.7283482849597931,1.3637610077857971,0.2544936239719391,0.06865276694297794,0.4912188947200775,29.405094146728516,18.845337867736816,39.47489547729492,0.18322598189115524,0.0969104215502739,0.2812012732028961,15.497345447540283,9.697280311584473,21.14256572723389,0.06557396054267883,0.017871128395199776,0.13007688522338867,0.0379,0.0,0.10999063,0.07496777,0.05668232,04,True,False
2025-26,2026-04-11,Alaska,0,0.9077715277671814,0.6498832046985626,1.2977232694625855,0.30865730345249176,0.10378354787826538,0.5177152156829834,30.03382110595703,19.810580635070803,40.83459129333497,0.24317767471075058,0.13275177776813507,0.37215402722358704,14.540792465209961,8.088101577758788,21.783244323730468,0.1044357679784298,0.03969427943229675,0.17795059084892273,0.0151,0.0,0.11028911,0.11118347,0.08007596,04,True,False
2025-26,2026-04-11,Alaska,1,0.9428303837776184,0.6421916782855988,1.7407074689865116,0.35368241369724274,0.14001524448394775,0.5738155364990235,30.184303283691406,20.366490364074707,40.35136451721192,0.21086835861206055,0.1114716611802578,0.33242546617984775,14.893335819244385,8.970240592956543,20.86418933868408,0.10035023838281631,0.030692975968122486,0.17730149775743484,0.0246,0.0,0.11038238,0.10652751,0.07632793,04,True,False
2025-26,2026-04-11,Alaska,2,0.927632749080658,0.6582490682601929,2.010911464691162,0.33752119541168213,0.12483106330037116,0.5749007821083069,30.163908004760742,21.65411720275879,39.79791946411133,0.19727005064487457,0.10605583786964416,0.3051227629184723,14.004684448242188,8.2236328125,20.16558094024658,0.08677057549357414,0.025062076561152936,0.1599639013409615,0.031,0.0,0.11361124,0.09397256,0.06875537,04,True,False
2025-26,2026-04-11,California,0,0.8815115094184875,0.7401286363601685,1.000998854637146,0.11350982263684273,0.01653373707085848,0.2547223329544068,26.97858428955078,16.25255012512207,40.352563095092776,0.20806679874658585,0.13642845302820206,0.2769762873649597,29.24236488342285,22.948766708374023,35.39850616455078,0.041270846500992775,0.015262031927704811,0.07044952362775803,0.0218,0.0,0.11203147,0.0433766,0.03388326,04,True,False
2025-26,2026-04-11,California,1,0.9103512465953827,0.7988414764404297,1.030391550064087,0.09547266364097595,0.020616506971418862,0.1884786769747734,26.73017120361328,13.452448844909668,44.40249862670899,0.19067200273275375,0.11870821788907052,0.26763789057731635,32.2457218170166,25.485656166076662,37.85137939453125,0.04171924106776714,0.0177020525559783,0.06531970351934432,0.0143,0.0,0.11193325,0.04269883,0.03431133,04,True,False
2025-26,2026-04-11,California,2,0.9249805510044098,0.7998927175998688,1.0460051417350769,0.11807306110858917,0.036509028077125555,0.21349196135997772,19.05570411682129,10.345806694030763,28.823139190673828,0.2230352908372879,0.1486559748649597,0.294442492723465,31.66346836090088,25.397286796569823,37.33047599792481,0.03822637349367142,0.014707610942423347,0.06515809670090675,0.0204,0.0,0.11167421,0.04027291,0.0318526,04,True,False
2025-26,2026-04-11,New York,0,0.9384692013263702,0.7280206680297852,1.2383069157600404,0.2445792630314827,0.1012900896370411,0.4050735592842103,23.963214874267578,11.401178741455078,35.56068840026856,0.40532658994197845,0.2526182889938355,0.5554755806922913,29.657161712646484,21.821038246154785,36.981476593017575,0.060197578743100166,0.018830127827823163,0.10857562124729156,0.0272,0.0,0.10906618,0.06467466,0.05088625,04,True,False
2025-26,2026-04-11,New York,1,0.868889331817627,0.6862024784088134,1.147284984588623,0.26269567012786865,0.10408708453178406,0.4423862308263779,27.487201690673828,15.724256229400638,38.18813247680664,0.36691683530807495,0.2337921753525734,0.5149317979812622,29.400094985961914,21.34762191772461,36.542679977416995,0.06156415492296219,0.021955017000436783,0.10706181973218919,0.0215,0.0,0.11168062,0.06559802,0.05074554,04,True,False
2025-26,2026-04-11,New York,2,0.982251912355423,0.7753511130809784,1.241209864616394,0.22259998321533203,0.08441108241677284,0.3651295214891434,23.35906982421875,9.781268310546876,37.00804138183594,0.3640199452638626,0.22481075674295425,0.5222984313964844,30.04667377471924,22.914912986755372,36.370434570312504,0.056601399555802345,0.02499268762767315,0.09003757685422897,0.0105,0.0,0.11166384,0.05913199,0.04742419,04,True,False
2025-26,2026-04-11,Pennsylvania,0,0.8756952285766602,0.7198677062988281,1.0594682693481445,0.18379782140254974,0.06213010996580125,0.34049513936042786,25.549631118774414,16.569445610046387,36.76157760620117,0.5522214770317078,0.3575281500816345,0.7410639643669128,29.59384536743164,22.753421974182128,36.369388580322266,0.05635794624686241,0.023259496316313744,0.09222588092088702,0.0119,0.0,0.11242781,0.05805811,0.04557663,04,True,False
2025-26,2026-04-11,Pennsylvania,1,0.8664665222167969,0.6714550256729126,1.0777092337608338,0.24478785693645477,0.09504670128226281,0.4158285677433014,26.66579246520996,15.832342147827148,39.77752685546875,0.5196153521537781,0.3451245427131653,0.6956436395645141,28.245529174804688,21.916236877441406,34.711517333984375,0.05486183613538742,0.022344610840082168,0.08961162716150284,0.0154,0.0,0.1098455,0.05664457,0.04407691,04,True,False
2025-26,2026-04-11,Pennsylvania,2,0.8877019882202148,0.7454685568809509,1.0417006015777588,0.1729789823293686,0.06716665700078012,0.28026608228683475,24.58750343322754,15.466950416564941,36.716094970703125,0.5628954768180847,0.39015400409698486,0.7657726407051086,31.968055725097656,25.347801208496094,38.020179748535156,0.055976975709199905,0.02384000886231661,0.09078898280858995,0.0124,0.0,0.11218689,0.05852282,0.04650593,04,True,False
2025-26,2026-04-11,Vermont,0,1.1244081258773804,0.7540260076522828,1.6027793407440185,0.28373517096042633,0.07903342843055726,0.5294401586055756,28.705463409423828,18.676280975341797,38.32830657958984,0.10226094350218773,0.05758293718099594,0.15171595215797426,12.921104431152344,7.7858668804168705,18.329829597473147,0.0681949183344841,0.019488463550806048,0.13629571199417115,0.0335,0.0,0.11123647,0.07616352,0.0585646,04,True,False
2025-26,2026-04-11,Vermont,1,1.0822296738624573,0.7204971313476562,1.766271781921387,0.3959885537624359,0.1738400310277939,0.636591100692749,31.065479278564453,23.309490776062013,40.095123291015625,0.08715910091996193,0.048589623719453814,0.13200046122074127,13.583375453948975,8.092767429351808,19.110161209106447,0.07656051591038704,0.017872112616896633,0.15550189018249513,0.0426,0.0,0.11175909,0.08664497,0.06502904,04,True,False
2025-26,2026-04-11,Vermont,2,1.1488814949989319,0.7882602155208588,1.6968923568725587,0.3090006113052368,0.09272507578134537,0.5420045375823975,30.335712432861328,21.85772113800049,40.30415344238282,0.0914941355586052,0.053941245377063754,0.13760690838098527,14.691896915435791,8.607593727111816,20.960632705688475,0.07213572412729263,0.02164672501385212,0.13349935561418533,0.0276,0.0,0.11168865,0.07836865,0.06029207,04,True,False
2025-26,2026-04-11,Wyoming,0,1.009323000907898,0.7270788192749024,1.3304479360580446,0.2636430710554123,0.07446468174457553,0.48744697272777565,29.894554138183594,19.422763061523437,40.00113372802734,0.20041318982839584,0.11291773840785027,0.30524204671382904,15.436293601989746,9.396259117126466,21.898954391479492,0.072829719632864,0.022728364914655685,0.133213110268116,0.026,0.0,0.11078102,0.07783866,0.059646,04,True,False
2025-26,2026-04-11,Wyoming,1,1.0076246857643127,0.7181507527828217,1.3552233815193178,0.2890619486570358,0.09797489047050477,0.5166625022888186,28.780776023864746,16.616963958740236,39.469299697875975,0.19739993661642075,0.11072538048028946,0.29477949440479284,16.41374969482422,9.572951030731202,23.701650810241702,0.07163463160395622,0.018799124844372274,0.13533394932746887,0.0354,0.0,0.11060359,0.07648367,0.05891059,04,True,False
2025-26,2026-04-11,Wyoming,2,0.9723140597343445,0.6872482299804688,1.368729043006897,0.2843075394630432,0.08387791365385056,0.5227905392646791,30.133243560791016,19.99212074279785,39.43502998352051,0.20044764131307602,0.10954922884702682,0.3078598111867905,15.47260856628418,9.28305549621582,22.76198558807373,0.07592955976724625,0.023347665742039683,0.13891350626945498,0.0259,0.0,0.11173097,0.08111283,0.06202747,04,True,False
2025-26,2026-04-18,Alaska,0,0.8257898092269897,0.6000000238418579,1.8081153631210338,0.34358400106430054,0.1528947949409485,0.5371831059455872,25.981640815734863,17.8233585357666,34.75384178161622,0.22682307660579681,0.11803379654884338,0.3488504886627197,14.079330444335938,8.316273212432861,20.196208000183105,0.10437646508216858,0.03675882928073407,0.1779801517724991,0.0143,0.0,0.11304552,0.10250435,0.07364375,04,True,False
2025-26,2026-04-18,Alaska,1,0.8399016261100769,0.6000000238418579,1.5437214255332947,0.3210427463054657,0.12455011904239655,0.4999975264072418,24.88238525390625,14.729976749420166,36.37303352355957,0.27668532729148865,0.1317392483353615,0.42635077238082886,14.617161750793457,8.238631057739259,21.632328033447266,0.10797344520688057,0.04039836153388023,0.1810595899820328,0.0153,0.0,0.11174884,0.10588981,0.07781979,04,True,False
2025-26,2026-04-18,Alaska,2,0.8162800073623657,0.601385533809662,1.5663468837738037,0.3395943343639374,0.12563802301883698,0.5605398476123812,26.472929000854492,17.759918022155762,37.47449493408203,0.24429059773683548,0.11700566112995148,0.385796469449997,16.076379776000977,9.459542560577393,22.871286392211914,0.10399258881807327,0.03577360883355141,0.18330663442611697,0.0184,0.0,0.11095574,0.1022971,0.07344352,04,True,False
2025-26,2026-04-18,California,0,0.9267181158065796,0.8097083568572998,1.042142391204834,0.10731319338083267,0.020754840038716794,0.21480078995227814,20.30985450744629,9.953562355041505,32.24805450439453,0.219953715801239,0.144942507147789,0.2963744103908539,31.610392570495605,26.170281600952148,36.5926399230957,0.03528042882680893,0.012324541155248881,0.0630585104227066,0.0277,0.0,0.10813151,0.03808616,0.03024398,04,True,False
2025-26,2026-04-18,California,1,0.8660579919815063,0.6916489005088806,0.9938777208328248,0.1345331221818924,0.015960803255438805,0.31612515449523926,27.621435165405273,16.781200408935547,40.27566604614258,0.23678156733512878,0.1546754390001297,0.3200955092906952,29.89498519897461,22.95501136779785,35.94142646789551,0.04016340896487236,0.014659552834928036,0.0698269233107567,0.0283,0.0,0.11278273,0.04256655,0.03348081,04,True,False
2025-26,2026-04-18,California,2,0.9187283515930176,0.7657936215400696,1.067847263813019,0.12216842919588089,0.02535908855497837,0.26144267618656164,21.74304485321045,9.149204444885255,35.197703170776364,0.21652089059352875,0.1439531296491623,0.29147446155548096,29.173794746398926,22.101911544799805,36.290021133422854,0.04110577888786793,0.01426153527572751,0.07544816732406619,0.031,0.0,0.11362207,0.04498429,0.03548487,04,True,False
2025-26,2026-04-18,New York,0,0.9244304299354553,0.7322693467140198,1.1806530952453613,0.24346664547920227,0.08918490260839462,0.4081242471933365,26.837133407592773,15.927169990539552,36.36062240600586,0.3475135564804077,0.219895014166832,0.49060750007629395,28.144777297973633,21.283945083618164,35.37849044799805,0.0590900257229805,0.023306291550397873,0.09687013924121857,0.0143,0.0,0.11258524,0.0612979,0.04859889,04,True,False
2025-26,2026-04-18,New York,1,0.9684870541095734,0.7403866052627563,1.210531258583069,0.22143830358982086,0.07967859506607056,0.38897235989570617,23.26999855041504,11.250596046447754,34.39105987548828,0.3706405460834503,0.2393364876508713,0.5150364637374878,29.268596649169922,21.646453666687012,35.94940948486328,0.061280298978090286,0.02262747194617987,0.10571560263633728,0.0196,0.0,0.11161789,0.06583691,0.05164301,04,True,False
2025-26,2026-04-18,New York,2,0.9029074907302856,0.7318785011768341,1.1222056269645693,0.2177262008190155,0.07106100022792816,0.3713940382003784,27.773141860961914,18.088270568847655,36.934200286865234,0.33524090051651,0.20654795318841934,0.46533510088920593,29.71080207824707,22.7808557510376,36.27118339538574,0.056016622111201286,0.01831670477986336,0.09730701148509979,0.0276,0.0,0.11198926,0.05931402,0.04760846,04,True,False
2025-26,2026-04-18,Pennsylvania,0,0.9511378109455109,0.8156699538230896,1.1361634850502014,0.1523708552122116,0.05227628909051418,0.2582737445831299,23.58154010772705,13.879608154296875,32.648658752441406,0.4797412008047104,0.32818576097488406,0.6460350155830383,32.54555130004883,26.369219970703124,37.882229232788085,0.056592343375086784,0.02698514424264431,0.08680895641446114,0.0046,0.0,0.11188937,0.05834363,0.04650616,04,True,False
2025-26,2026-04-18,Pennsylvania,1,0.8737805485725403,0.684698224067688,1.0865321159362793,0.2246919423341751,0.06720329821109772,0.3960825502872467,26.93496608734131,16.062278747558594,38.6883228302002,0.5599088668823242,0.3780128747224808,0.7465437173843384,31.419081687927246,24.854772949218752,37.00263595581055,0.05861783213913441,0.023807105608284473,0.09412682428956033,0.0118,0.0,0.11150942,0.05952858,0.04646394,04,True,False
2025-26,2026-04-18,Pennsylvania,2,0.8967286348342896,0.737909197807312,1.0818561911582947,0.19007177650928497,0.06675142794847488,0.33555281162261963,26.38620376586914,16.12420158386231,37.44279365539551,0.5115748643875122,0.3531006067991257,0.6952162742614746,28.635193824768066,21.757600784301758,35.20900993347168,0.058120597153902054,0.02376703731715679,0.09271696954965591,0.013,0.0,0.11068615,0.06008733,0.04715581,04,True,False
2025-26,2026-04-18,Vermont,0,1.1011964082717896,0.7433791160583496,1.6224320173263551,0.32466569542884827,0.09766667187213898,0.5789499878883362,31.056936264038086,21.765022468566894,40.40704345703125,0.09113368764519691,0.05325327515602112,0.13386271148920062,13.515931606292725,8.077294158935548,19.525358200073242,0.07580003142356873,0.020978784747421743,0.1474296748638153,0.0367,0.0,0.11143497,0.08345963,0.06379043,04,True,False
2025-26,2026-04-18,Vermont,1,1.0546406507492065,0.7685785293579102,1.4719453930854798,0.2691456079483032,0.07127871662378311,0.516925036907196,28.734119415283203,20.53699531555176,37.173423767089844,0.10953051224350929,0.06419349536299705,0.1622591033577919,15.165396690368652,8.903885841369629,21.813703536987305,0.07212463021278381,0.019207839109003543,0.139449143409729,0.0342,0.0,0.11053169,0.07920163,0.0612893,04,True,False
2025-26,2026-04-18,Vermont,2,1.0792276859283447,0.708332359790802,1.7850435495376586,0.34685780107975006,0.1113371640443802,0.5995336413383484,29.11413860321045,20.038869857788086,37.92178649902344,0.10205185413360596,0.059554003924131405,0.1518906205892563,14.21354627609253,8.853713321685792,20.077770042419434,0.08689376711845398,0.02508842069655657,0.16392862349748613,0.034,0.0,0.11178644,0.09392034,0.07075235,04,True,False
2025-26,2026-04-18,Wyoming,0,0.9972941279411316,0.7170676589012146,1.3740641117095949,0.2550002336502075,0.0720255896449089,0.48106769621372225,27.92099952697754,17.822958183288577,37.08597183227539,0.2147970274090767,0.1159286342561245,0.3274611830711365,16.041279792785645,9.453586864471436,23.102450180053715,0.07148982584476471,0.020143670216202742,0.1355016127228737,0.0324,0.0,0.1105381,0.07979411,0.06201772,04,True,False
2025-26,2026-04-18,Wyoming,1,0.9872689247131348,0.6955802321434021,1.3840323686599731,0.2755698710680008,0.07467898726463318,0.5263592183589936,29.976730346679688,20.854351043701172,39.01567840576172,0.17981599271297455,0.10258174762129783,0.2755794048309327,16.102684020996094,9.6318829536438,22.81622066497803,0.06938078999519348,0.018667949363589287,0.13009765744209292,0.0352,0.0,0.11178949,0.07665331,0.05941026,04,True,False
2025-26,2026-04-18,Wyoming,2,0.9549954533576965,0.69414883852005,1.3558883666992188,0.2936747670173645,0.0935156859457493,0.5155414938926697,30.15009307861328,20.058113670349123,38.7098388671875,0.2002147138118744,0.10640804469585419,0.3079271614551544,14.308823585510254,8.77435760498047,20.223377799987794,0.06880706176161766,0.022039001807570457,0.12646758556365972,0.0281,0.0,0.11328969,0.0749985,0.05702211,04,True,False
2025-26,2026-05-02,Alaska,0,1.0325736999511719,0.6602766275405884,2.273107957839966,0.30374757945537567,0.10564218461513519,0.4954375207424166,27.739142417907715,19.338881683349612,36.37899322509766,0.2283415049314499,0.12351929843425752,0.3442540496587753,15.62795877456665,9.810338497161865,21.870409393310545,0.09208808466792107,0.02837432436645031,0.17035501152276997,0.0261,0.0,0.11553865,0.09859918,0.07041948,05,True,False
2025-26,2026-05-02,Alaska,1,0.9489895701408386,0.6292592525482178,2.12617564201355,0.3765626549720764,0.17939021438360214,0.5760771572589874,28.28018856048584,20.285875129699708,36.35561828613282,0.2549164295196533,0.14018943905830383,0.3875988095998764,15.00341510772705,9.394457817077637,21.10841064453125,0.08733253180980682,0.029375896044075492,0.15380304902791977,0.0186,0.0,0.11195141,0.09127453,0.06504601,05,True,False
2025-26,2026-05-02,Alaska,2,0.8852428197860718,0.6293646633625031,1.625469446182251,0.27023598551750183,0.07576593607664109,0.48890725374221805,29.929716110229492,19.436388778686524,40.43183631896973,0.2463882938027382,0.13305324912071229,0.38050369918346405,14.005215644836426,8.684179306030273,19.492374420166016,0.09052200615406036,0.028738606721162796,0.15958751738071444,0.0228,0.0,0.10949953,0.09467359,0.06944548,05,True,False
2025-26,2026-05-02,California,0,0.9863940477371216,0.8622149229049683,1.1182234048843385,0.10089069604873657,0.022325969114899636,0.1993148922920227,28.72124671936035,11.29802417755127,42.12674560546876,0.21172766387462616,0.14313097298145294,0.28780812025070196,33.00595283508301,27.250539779663086,37.916893005371094,0.039251331239938736,0.014952969551086426,0.06601192504167558,0.0169,0.0,0.11065116,0.04012605,0.03215892,05,True,False
2025-26,2026-05-02,California,1,0.9946666359901428,0.8776071190834045,1.1314571619033815,0.10413102805614471,0.01997760012745858,0.2159152701497078,22.725714683532715,10.283323764801025,33.87618637084961,0.250515878200531,0.16618116199970245,0.3356345146894455,31.67776107788086,25.50175247192383,37.1142635345459,0.0370747335255146,0.01646789163351059,0.06120325140655041,0.0132,0.0,0.11207844,0.03677853,0.02942769,05,True,False
2025-26,2026-05-02,California,2,0.9893675446510315,0.8702835977077484,1.1310154914855957,0.10584800690412521,0.022621625103056438,0.21521192342042925,25.793243408203125,9.694501113891603,38.62389526367188,0.21931885182857513,0.14570166319608688,0.2955783158540726,31.21722984313965,24.698060035705566,37.13656730651856,0.04062892496585846,0.016936281882226466,0.06709715574979783,0.0175,0.0,0.11108784,0.04041708,0.03248955,05,True,False
2025-26,2026-05-02,New York,0,0.9147453606128693,0.6774705648422241,1.159130334854126,0.22150401771068573,0.07384069859981539,0.3922387361526489,25.281391143798828,13.111678409576417,36.68003692626954,0.387425497174263,0.244990973174572,0.5445387363433838,28.600337982177734,22.22667121887207,35.2454402923584,0.05507228150963783,0.022296245209872723,0.09122776538133623,0.0134,0.0,0.10993504,0.05800553,0.04538194,05,True,False
2025-26,2026-05-02,New York,1,0.8810060620307922,0.6660580456256866,1.1164983153343202,0.275102436542511,0.09544426947832108,0.46590638160705566,27.040520668029785,16.77851104736328,36.059875106811525,0.38229140639305115,0.24764152467250825,0.540000855922699,27.91956901550293,21.22225570678711,34.043021774291994,0.05533665046095848,0.020248155668377878,0.09562582671642308,0.0228,0.0,0.11345589,0.06015957,0.04491322,05,True,False
2025-26,2026-05-02,New York,2,0.9311298131942749,0.7200124859809875,1.1656941294670105,0.21715465188026428,0.09162785336375238,0.35899877250194556,26.56857681274414,14.98077392578125,37.44854469299317,0.3401530683040619,0.22221817076206207,0.46959611773490906,29.46830940246582,22.51170959472656,36.16863174438477,0.05774690583348274,0.021651647798717023,0.10060565099120143,0.0214,0.0,0.11207461,0.0641848,0.0497157,05,True,False
2025-26,2026-05-02,Pennsylvania,0,0.9538440108299255,0.7938435077667236,1.1498428583145142,0.18008700013160706,0.05072930455207825,0.33266093432903293,27.652645111083984,15.404763221740723,38.557315826416016,0.5310287475585938,0.3437027335166931,0.7145253419876099,29.265649795532227,22.92742156982422,35.754756927490234,0.04227709397673607,0.014206964522600174,0.07577476650476456,0.0314,0.0,0.11034483,0.04552464,0.03576311,05,True,False
2025-26,2026-05-02,Pennsylvania,1,1.019999921321869,0.8522460043430329,1.2100555300712585,0.15150167793035507,0.04823100194334984,0.2727147936820984,23.349740982055664,11.569002437591553,34.579227447509766,0.5030248165130615,0.33176693320274353,0.6922221183776855,29.10008144378662,22.99728469848633,34.877020645141606,0.04965185187757015,0.020737309008836746,0.080541230738163,0.015,0.0,0.11407168,0.05171501,0.04109916,05,True,False
2025-26,2026-05-02,Pennsylvania,2,0.9934810996055603,0.8044678866863251,1.1977840662002563,0.17596884071826935,0.04486531093716622,0.3318975597620011,22.672386169433594,9.862545204162599,33.740562438964844,0.5592187345027924,0.39309948682785034,0.7408750057220459,31.14310073852539,24.99009437561035,37.126380920410156,0.054460108280181885,0.022691479139029982,0.08864200115203857,0.0146,0.0,0.11167831,0.05651888,0.04413498,05,True,False
2025-26,2026-05-02,Vermont,0,0.9667735993862152,0.6766912519931794,1.5237099885940553,0.3428674191236496,0.12711331248283386,0.5575108528137207,28.27206802368164,20.182804298400878,37.025115966796875,0.10475249588489532,0.058092302083969115,0.1560724973678589,14.13270092010498,8.914275169372559,19.669101333618165,0.0687243640422821,0.0199505802243948,0.13385149538517,0.0335,0.0,0.10912758,0.07184348,0.05516025,05,True,False
2025-26,2026-05-02,Vermont,1,0.9503222107887268,0.6772207081317901,1.3974951386451724,0.3188093602657318,0.10196812599897385,0.5477455198764801,28.171987533569336,19.96388645172119,36.6750171661377,0.1098204180598259,0.05581469088792801,0.1744087174534798,14.269309997558594,8.478374671936034,20.509580612182617,0.07039995491504669,0.018266737461090088,0.13678471297025685,0.0392,0.0,0.1121422,0.07364624,0.05716596,05,True,False
2025-26,2026-05-02,Vermont,2,0.9153696000576019,0.6337908685207367,1.3560374975204468,0.3954930752515793,0.17302520275115968,0.6140078902244568,27.55831241607666,20.310116004943847,35.07357559204102,0.11334128677845001,0.062317680194973954,0.16883417963981628,15.7798752784729,9.911663818359376,21.682613372802734,0.08039155974984169,0.023944239132106304,0.15302834659814835,0.0318,0.0,0.11155441,0.08369316,0.06257722,05,True,False
2025-26,2026-05-02,Wyoming,0,0.9220133423805237,0.6590057611465454,1.261218786239624,0.2718703895807266,0.0719156414270401,0.4919913142919541,26.728403091430664,16.202504920959473,37.03948554992676,0.20988129824399948,0.10877348929643632,0.3199461966753006,14.295886993408203,8.430608367919922,20.488823127746585,0.07360044866800308,0.019500984251499178,0.13805620372295382,0.038,0.0,0.11105952,0.08189622,0.06058314,05,True,False
2025-26,2026-05-02,Wyoming,1,0.9595729112625122,0.6804406344890594,1.3468287944793702,0.26084280014038086,0.07981690764427185,0.4758182644844055,26.285243034362793,15.732710838317871,36.65386199951172,0.18856894224882126,0.09214260503649711,0.29164068698883056,14.8897066116333,7.934047651290894,22.471147346496583,0.07161601260304451,0.023092217557132245,0.12774202227592468,0.0254,0.0,0.1131904,0.07761236,0.05797087,05,True,False
2025-26,2026-05-02,Wyoming,2,0.8785629272460938,0.6309519171714782,1.2026740312576294,0.3109980821609497,0.11213243007659912,0.5310534596443177,27.890274047851562,18.87753086090088,37.184173583984375,0.20314226299524307,0.10894430354237557,0.30426794886589054,16.01571750640869,9.205863285064698,23.216556549072266,0.06303298100829124,0.01758406423032284,0.11984592527151108,0.0369,0.0,0.11005833,0.07016855,0.04987886,05,True,False
2025-26,2026-05-09,Alaska,0,0.9436802268028259,0.6756008028984071,1.682419550418854,0.26983267068862915,0.09475183784961701,0.45779614150524145,28.93743896484375,19.656133460998536,37.78883743286133,0.2534807026386261,0.14206033945083618,0.3815995514392853,15.453858375549316,9.546922588348389,21.411274528503426,0.07998271659016609,0.023744131810963156,0.1491090923547745,0.0291,0.0,0.11139663,0.08748043,0.06545638,05,True,False
2025-26,2026-05-09,Alaska,1,0.9606155753135681,0.6521711349487305,1.9890019297599828,0.33124515414237976,0.13728706836700438,0.5127538442611694,29.16635227203369,19.839632034301758,37.83869171142578,0.24862109124660492,0.13279775381088257,0.3769047468900681,17.12967872619629,10.979825019836426,23.826873779296875,0.08985106647014618,0.02863626591861249,0.1683645248413086,0.0268,0.0,0.11161062,0.09873849,0.07137086,05,True,False
2025-26,2026-05-09,Alaska,2,0.9345338344573975,0.6427179336547851,1.5344122648239136,0.3160918354988098,0.12421968579292297,0.506209534406662,30.75269317626953,19.556968688964844,40.63684844970703,0.248570054769516,0.14415131509304047,0.3816477656364441,16.03282928466797,9.994698905944826,22.834420204162598,0.09764430671930313,0.03258761391043663,0.17627958208322525,0.019,0.0,0.11076642,0.10486274,0.07470555,05,True,False
2025-26,2026-05-09,California,0,0.9729442000389099,0.8464758992195129,1.1074570417404175,0.11180977895855904,0.026477274298667912,0.21564814895391465,28.131399154663086,10.929521942138674,41.348419189453125,0.2209697887301445,0.15622729212045672,0.28745277822017673,32.84683799743652,26.65773582458496,37.93136978149414,0.038256168365478516,0.015386450104415417,0.06420801356434822,0.0169,0.0,0.11162977,0.04047175,0.03239668,05,True,False
2025-26,2026-05-09,California,1,0.9988635182380676,0.8662164151668549,1.1457106113433837,0.1195659413933754,0.019680463895201693,0.24727344512939453,26.128633499145508,13.75130844116211,36.488667297363286,0.19037292897701263,0.1273323267698288,0.2559635579586029,31.907703399658203,25.983314323425294,37.249290466308594,0.036677563562989235,0.01410473920404911,0.06464465707540512,0.0222,0.0,0.11105386,0.04035352,0.03169566,05,True,False
2025-26,2026-05-09,California,2,0.9604581296443939,0.8479976296424866,1.0892953872680664,0.09979939088225365,0.01677740886807442,0.21356688737869267,25.88524341583252,11.530223846435547,38.42482299804688,0.25122256577014923,0.17405833601951598,0.3281495273113251,31.589008331298828,25.07128143310547,37.3189380645752,0.03971945866942406,0.015065577812492847,0.06801531463861465,0.0234,0.0,0.11250893,0.04331339,0.03438478,05,True,False
2025-26,2026-05-09,New York,0,0.9605298936367035,0.7613576054573059,1.2043570280075073,0.21697137504816055,0.0881463959813118,0.36109730303287507,25.942142486572266,13.872830772399904,36.23565406799317,0.3706348240375519,0.24027982354164124,0.5144540071487427,30.022366523742676,22.70174217224121,36.90291976928711,0.05485672503709793,0.019501540809869766,0.09618349373340607,0.0195,0.0,0.11259183,0.05832556,0.04580836,05,True,False
2025-26,2026-05-09,New York,1,0.9156017601490021,0.7001708567142487,1.1605125665664673,0.21860557794570923,0.0635068342089653,0.39283907413482666,28.40833854675293,16.518753814697266,38.71400108337404,0.41680166125297546,0.2727420926094055,0.5812318205833436,29.165668487548828,23.04930934906006,35.006622314453125,0.06806622073054314,0.028370219096541412,0.11084949448704721,0.0109,0.0,0.10977487,0.0704331,0.05429899,05,True,False
2025-26,2026-05-09,New York,2,0.8917120099067688,0.6827781736850739,1.13462495803833,0.24668322503566742,0.07995848506689072,0.4176194280385973,28.864805221557617,16.5528621673584,37.85955047607422,0.3970136046409607,0.2581730395555497,0.5513638138771058,28.28397560119629,21.24422264099121,35.55424499511719,0.05121900886297226,0.018044382333755493,0.09129606187343597,0.0223,0.0,0.11310451,0.05419093,0.0414626,05,True,False
2025-26,2026-05-09,Pennsylvania,0,1.0008270740509033,0.8542078733444214,1.1811773180961609,0.13626956194639206,0.04664625376462937,0.23584141284227386,27.098384857177734,14.715589237213134,38.60680847167969,0.4963148534297943,0.34756786823272706,0.640963339805603,32.830915451049805,26.760371971130372,38.08430099487305,0.048979224637150764,0.01961479838937521,0.08026593402028084,0.0121,0.0,0.11147066,0.05119543,0.04121833,05,True,False
2025-26,2026-05-09,Pennsylvania,1,0.9159544110298157,0.7685099422931672,1.0989866375923159,0.175874263048172,0.05063638091087341,0.30404316484928134,32.5556526184082,21.73718318939209,43.083923721313475,0.5293693542480469,0.3499125838279724,0.7317056894302371,31.353357315063477,25.040423965454103,37.093910980224614,0.0549442321062088,0.02037631720304489,0.09268910437822342,0.0212,0.0,0.11382336,0.05774272,0.04570608,05,True,False
2025-26,2026-05-09,Pennsylvania,2,0.9450257420539856,0.735976266860962,1.1432219982147216,0.1780298948287964,0.04274670518934729,0.356766015291214,29.000553131103516,15.141990566253662,39.613155364990234,0.5963218212127686,0.4124447703361511,0.7722466588020325,28.936942100524902,22.539420127868652,35.057033920288085,0.05053526908159256,0.01791603844612837,0.08688576519489288,0.0253,0.0,0.11259198,0.05356559,0.04242344,05,True,False
2025-26,2026-05-09,Vermont,0,1.0646178126335144,0.74316326379776,1.512487542629242,0.27697068452835083,0.08424360007047653,0.4999218285083771,29.17689323425293,21.28630828857422,37.26029014587402,0.0975440964102745,0.05527365729212761,0.1473873928189278,14.628748416900635,9.198352813720703,20.395102310180665,0.06565885618329048,0.020193064585328102,0.12209514528512955,0.0305,0.0,0.11116843,0.07164018,0.05473908,05,True,False
2025-26,2026-05-09,Vermont,1,1.0185617208480835,0.7050794303417206,1.4906548857688904,0.2980180084705353,0.0873500555753708,0.5364494919776917,28.912084579467773,21.310958862304688,36.79917869567871,0.09767775982618332,0.056004997342824936,0.14323125779628754,15.236363887786865,9.051313591003419,21.673804092407227,0.07890735194087029,0.023555412888526917,0.1457910373806954,0.0271,0.0,0.1120519,0.08512304,0.06346934,05,True,False
2025-26,2026-05-09,Vermont,2,1.0075223445892334,0.6801339983940125,1.5890022873878484,0.30409710109233856,0.09715722128748895,0.5427345633506775,28.960391998291016,20.446617126464844,38.53194732666016,0.11136982589960098,0.06102935969829559,0.16763826310634614,13.012609481811523,8.045400619506836,18.469051361083984,0.07503202557563782,0.022505739703774452,0.14054956883192066,0.0291,0.0,0.11011537,0.0815177,0.06091701,05,True,False
2025-26,2026-05-09,Wyoming,0,1.0548099279403687,0.7865314483642578,1.3766366839408877,0.23000775277614594,0.059793173521757136,0.43965840339660645,28.808731079101562,16.858153915405275,38.68069267272949,0.1942300796508789,0.102618008852005,0.2998046576976776,16.593093872070312,10.020358562469482,23.8691349029541,0.06257082521915436,0.01609205361455679,0.12134671956300735,0.0435,0.0,0.11196311,0.06817866,0.0520826,05,True,False
2025-26,2026-05-09,Wyoming,1,1.0429219007492065,0.7667601108551025,1.632635235786438,0.26594921946525574,0.07652027904987335,0.4798116683959961,30.186083793640137,19.031339645385742,38.95176696777344,0.18292061984539032,0.09827601909637451,0.2775766849517822,15.687679290771484,9.7392578125,21.42178936004639,0.06383203715085983,0.019567421823740005,0.12300743237137796,0.0348,0.0,0.11069115,0.07060034,0.0529014,05,True,False
2025-26,2026-05-09,Wyoming,2,0.9678214192390442,0.7014350891113281,1.3344471454620361,0.2790924310684204,0.09481993988156319,0.48901917636394504,31.099167823791504,20.888596916198733,39.93378829956055,0.22415785491466522,0.12017485499382019,0.3353629559278489,15.348405838012695,8.84346866607666,21.829891204833984,0.07586374133825302,0.020743485540151596,0.14060920476913452,0.0297,0.0,0.11440718,0.08042027,0.06018171,05,True,False
2025-26,2026-05-16,Alaska,0,0.8024744987487793,0.6000000238418579,1.1917861700057983,0.2952195107936859,0.10748554989695551,0.48852553963661194,27.82403564453125,16.89220600128174,37.43678359985352,0.28938066959381104,0.14983659982681274,0.43644081950187685,15.292213916778564,9.771075439453126,21.131813049316406,0.09061691164970398,0.027408786118030548,0.16299310326576233,0.0274,0.0,0.11128331,0.09166805,0.06723842,05,True,False
2025-26,2026-05-16,Alaska,1,0.8443647921085358,0.6088946402072907,1.4179148077964783,0.34360648691654205,0.14235255271196365,0.5544356107711792,27.0655517578125,17.963774490356446,35.14562225341797,0.26037877798080444,0.14320608377456667,0.3811600506305695,14.953478813171387,9.208835697174072,21.227007293701174,0.09097964689135551,0.02951158955693245,0.1612768515944481,0.0244,0.0,0.11235652,0.09488656,0.07018126,05,True,False
2025-26,2026-05-16,Alaska,2,0.866348147392273,0.6220248937606812,1.6238510966300967,0.3216215968132019,0.13091310709714893,0.5153763473033905,27.108816146850586,19.115413665771484,34.60289192199707,0.2453514039516449,0.1324663758277893,0.36868321001529697,16.56444263458252,9.912580490112305,23.831435012817384,0.0855603814125061,0.02437208592891693,0.15917366445064546,0.029,0.0,0.11257362,0.08975306,0.06643369,05,True,False
2025-26,2026-05-16,California,0,0.9943912327289581,0.8715665340423584,1.1408527970314026,0.10351527482271194,0.019969060085713863,0.21948233395814906,25.39609432220459,10.418517589569092,37.80126609802246,0.22073020786046982,0.1488153263926506,0.2927079230546952,31.121112823486328,24.842926025390625,36.68449020385742,0.03625159710645676,0.013824337162077427,0.0636590972542763,0.0255,0.0,0.11264278,0.03924197,0.03121009,05,True,False
2025-26,2026-05-16,California,1,1.0027227997779846,0.8833504915237427,1.1324384570121766,0.0935918390750885,0.019860193133354187,0.18672308325767517,25.488205909729004,9.038299942016602,40.19974937438965,0.2075854241847992,0.1413578286767006,0.2771403640508652,31.69028091430664,25.92142677307129,37.24309387207032,0.036376358941197395,0.013861793093383312,0.06263665780425073,0.0226,0.0,0.11261159,0.03886345,0.03157126,05,True,False
2025-26,2026-05-16,California,2,1.0344634652137756,0.9205770909786225,1.1665441155433656,0.09517200291156769,0.026011538691818714,0.17784664034843445,22.101859092712402,8.708728313446045,34.4299057006836,0.19221863895654678,0.1371900960803032,0.2531389594078064,33.20825958251953,27.71403217315674,38.46158676147461,0.03252459689974785,0.014362038671970367,0.05286643207073212,0.0154,0.0,0.1098068,0.03425025,0.02735996,05,True,False
2025-26,2026-05-16,New York,0,0.9016260802745819,0.7253400683403015,1.1097313165664673,0.20145825296640396,0.08372972160577774,0.3435587048530579,27.407511711120605,16.21953010559082,37.16902389526368,0.40679222345352173,0.2587632864713669,0.5848798871040345,30.248011589050293,23.75175666809082,36.39533386230469,0.05418035946786404,0.021190866827964783,0.09191929548978806,0.0147,0.0,0.11115682,0.05849965,0.04627914,05,True,False
2025-26,2026-05-16,New York,1,0.923893928527832,0.7083059549331665,1.1451325416564941,0.22209443151950836,0.07213783264160156,0.3955517292022705,27.217726707458496,15.41647310256958,37.55405197143555,0.37937699258327484,0.24434755742549896,0.5134063422679902,30.043880462646484,22.893566131591797,36.62451286315918,0.057714445516467094,0.02256862446665764,0.09886737763881685,0.0145,0.0,0.11076724,0.06169979,0.0480116,05,True,False
2025-26,2026-05-16,New York,2,0.9648529589176178,0.7487297415733337,1.2052886486053467,0.22302525490522385,0.09235515743494034,0.3610855042934418,23.64202117919922,12.311153602600099,34.83637237548828,0.3620030879974365,0.23605738878250124,0.49047259986400604,27.336809158325195,20.843568801879883,34.468299865722656,0.04959727078676224,0.017443988285958775,0.08801737800240517,0.0221,0.0,0.11259617,0.0538016,0.04231996,05,True,False
2025-26,2026-05-16,Pennsylvania,0,0.931355357170105,0.7728076875209808,1.0951367616653442,0.15624547004699707,0.04543677046895028,0.2812705636024475,29.403661727905273,18.09565086364746,39.655582427978516,0.6092244982719421,0.42495495080947876,0.7927542090415955,30.06972312927246,24.142623901367188,36.219783782958984,0.04915939085185528,0.02081368677318096,0.07924070358276368,0.0127,0.0,0.11013667,0.05125667,0.04092028,05,True,False
2025-26,2026-05-16,Pennsylvania,1,0.9452471137046814,0.7917471885681152,1.0832281112670898,0.1294408217072487,0.03130240738391876,0.24996577054262162,29.463970184326172,17.71238193511963,40.615692138671875,0.5696201324462891,0.4088984429836273,0.7322443425655365,31.100635528564453,24.33430767059326,37.218936920166016,0.05166219733655453,0.02196379881352187,0.08351112902164459,0.0146,0.0,0.1109044,0.05418008,0.04173462,05,True,False
2025-26,2026-05-16,Pennsylvania,2,0.9073187112808228,0.7795943260192871,1.0515326499938966,0.1361059471964836,0.045036736875772476,0.24489736557006836,33.39699172973633,24.26145362854004,43.33732223510742,0.5546495616436005,0.39416593313217163,0.7251200675964355,32.46665573120117,26.783457374572755,37.58976745605469,0.0588147658854723,0.02950578406453133,0.09045301154255868,0.0047,0.0,0.11123315,0.06093336,0.04778828,05,True,False
2025-26,2026-05-16,Vermont,0,0.9217259287834167,0.6503460049629212,1.3881897926330566,0.3305336833000183,0.12914393842220306,0.5358443260192871,26.844517707824707,18.326255226135256,35.29333076477051,0.12101784348487854,0.06141084544360638,0.18613675236701965,14.227048873901367,8.958841896057129,19.721250534057617,0.07274219393730164,0.0188587699085474,0.13714352250099182,0.0384,0.0,0.11135177,0.07582628,0.05591236,05,True,False
2025-26,2026-05-16,Vermont,1,0.9505220055580139,0.6580948054790497,1.3686009645462036,0.31041282415390015,0.10620275139808655,0.5277252256870271,27.769694328308105,19.37101993560791,36.25426750183106,0.11870652809739113,0.06431586295366287,0.17917558550834656,15.063756465911865,8.915993785858154,21.494470596313477,0.07837356254458427,0.026004919782280922,0.14135968536138538,0.0234,0.0,0.11259254,0.08090229,0.06114225,05,True,False
2025-26,2026-05-16,Vermont,2,1.0549452900886536,0.6890076398849487,1.7655835509300233,0.3324764668941498,0.13449648022651672,0.5490664184093476,26.658641815185547,19.41492462158203,34.280277252197266,0.10426574945449829,0.0592542327940464,0.15209213793277743,17.417470932006836,9.920735359191895,26.112916946411133,0.07717360556125641,0.02231612615287304,0.14399373531341553,0.03,0.0,0.11230119,0.08051623,0.06040643,05,True,False
2025-26,2026-05-16,Wyoming,0,1.082534372806549,0.7962849795818329,1.540177583694458,0.2580479085445404,0.0695645444095135,0.4873352229595185,33.05672645568848,22.113079071044922,42.858879852294926,0.202397882938385,0.10757161676883698,0.3023434489965439,14.402793884277344,8.728353214263917,20.96443748474121,0.07463420554995537,0.021293589472770696,0.1374724924564362,0.031,0.0,0.11221848,0.07338934,0.05631735,05,True,False
2025-26,2026-05-16,Wyoming,1,1.080047369003296,0.7331147193908691,1.5103738546371464,0.2733919322490692,0.07194379791617395,0.5220392823219301,32.093753814697266,18.32097625732422,42.065269470214844,0.21628953516483307,0.11440781503915787,0.33072516322135925,15.236455917358398,9.11213140487671,21.935100555419922,0.07678389176726341,0.02604198455810547,0.13788101077079773,0.0267,0.0,0.11024652,0.07479016,0.05708352,05,True,False
2025-26,2026-05-16,Wyoming,2,1.124518871307373,0.8105098605155945,1.9778468608856201,0.24287405610084534,0.06666144281625754,0.46899887323379535,32.3210334777832,20.60674476623535,41.36272201538086,0.20029716193675995,0.11140930652618408,0.30770522356033325,15.305772304534912,9.58286590576172,22.214290618896484,0.07219018787145615,0.021381179802119735,0.12920553982257843,0.0289,0.0,0.11036299,0.07013537,0.05389587,05,True,False
2025-26,2026-05-30,Alaska,0,1.0537785291671753,0.6919851005077362,2.2959823608398438,0.30058056116104126,0.1341852843761444,0.4767477780580521,28.180724143981934,20.032040214538576,36.43998718261719,0.20567727088928223,0.10641772523522378,0.3073169112205506,17.37539291381836,10.84596118927002,24.312503814697266,0.08095018565654755,0.028004050254821777,0.13674223572015762,0.0149,0.0,0.11177884,0.08547839,0.06154635,05,True,False
2025-26,2026-05-30,Alaska,1,0.8568232655525208,0.6212856113910675,1.4492552280426025,0.3282153606414795,0.13328996300697327,0.5330816447734833,31.652772903442383,21.794185066223143,40.60985565185547,0.2406126633286476,0.1269128739833832,0.3665346503257752,16.40251350402832,9.508415222167969,23.52177543640137,0.09762342274188995,0.031409695744514465,0.1736607700586319,0.0209,0.0,0.11114083,0.10457946,0.07025729,05,True,False
2025-26,2026-05-30,Alaska,2,0.9527394473552704,0.6639187932014465,1.495870590209961,0.3070248067378998,0.11010350435972215,0.527707040309906,28.7202787399292,19.544498443603516,36.598375701904295,0.23967590928077698,0.11955127120018005,0.3707512319087982,15.01746654510498,9.139476776123047,20.887287139892578,0.08728799968957901,0.02460900079458952,0.15676209330558777,0.024,0.0,0.11116732,0.09453514,0.06792408,05,True,False
2025-26,2026-05-30,California,0,0.9412809312343597,0.8133704662322998,1.073610544204712,0.1127977967262268,0.025012793019413948,0.22087520360946655,31.016030311584473,18.168831443786623,42.18143730163574,0.23403863608837128,0.15772105753421783,0.3111773431301117,31.05624294281006,25.03182716369629,36.959746551513675,0.03716342709958553,0.012951693218201398,0.06583221927285195,0.0293,0.0,0.1116095,0.0400785,0.03195262,05,True,False
2025-26,2026-05-30,California,1,0.9490405917167664,0.8103066325187683,1.086690390110016,0.119505625218153,0.026870321482419968,0.23847221285104755,28.950032234191895,15.727439212799073,40.28264617919922,0.24772891402244568,0.1737876757979393,0.32338693737983704,30.948749542236328,25.80153636932373,36.2510986328125,0.03892968036234379,0.014823012985289097,0.06682344004511835,0.0192,0.0,0.11161726,0.0408742,0.03267299,05,True,False
2025-26,2026-05-30,California,2,0.9924372732639313,0.8767739593982696,1.1169167757034302,0.09892605990171432,0.019715670496225357,0.20790055394172668,24.200037002563477,11.465793704986572,36.00534286499024,0.22302201390266418,0.1546031191945076,0.29503101110458374,31.657641410827637,25.64943618774414,37.24982376098633,0.0372801274061203,0.013870267011225224,0.06330679878592492,0.0217,0.0,0.11325646,0.03938868,0.03131493,05,True,False
2025-26,2026-05-30,New York,0,0.8789402544498444,0.6912397086620331,1.0875838994979858,0.21945931017398834,0.09060110077261926,0.3675528854131699,26.610764503479004,16.569091796875,35.454200744628906,0.37395457923412323,0.2497771680355072,0.5097674071788788,29.95916748046875,23.44428062438965,36.310760498046875,0.062301576137542725,0.029223550111055374,0.09473680630326273,0.0075,0.0,0.11061962,0.0620657,0.04975049,05,True,False
2025-26,2026-05-30,New York,1,0.9394095838069916,0.7264896035194397,1.1368940353393555,0.21033764630556107,0.07039237096905708,0.38506630063056946,24.257932662963867,14.851105690002441,34.11911392211914,0.36139264702796936,0.23441027104854584,0.5010339617729187,28.709369659423828,21.179910469055176,35.303029251098636,0.045702625066041946,0.014806649647653103,0.08248789608478546,0.0336,0.0,0.1126865,0.04738494,0.03769829,05,True,False
2025-26,2026-05-30,New York,2,0.8739550709724426,0.6843280076980591,1.1031383275985718,0.2547525018453598,0.11390681192278863,0.416562393307686,27.01517105102539,17.045075416564945,35.694801330566406,0.38720712065696716,0.24296432733535767,0.5464918673038484,30.2791748046875,23.626596450805664,36.68167610168457,0.05039900913834572,0.01885424181818962,0.08545871078968048,0.0192,0.0,0.11110539,0.05152022,0.04085201,05,True,False
2025-26,2026-05-30,Pennsylvania,0,1.0248215198516846,0.863936311006546,1.1897351741790771,0.13423942029476166,0.035999834164977075,0.25935763716697696,27.265283584594727,12.40364055633545,39.42522277832032,0.5819730758666992,0.400666606426239,0.7918897449970247,30.479816436767578,24.29312267303467,36.43901062011719,0.04450919106602669,0.01792784053832293,0.07758446559309962,0.0213,0.0,0.11295089,0.04910943,0.03967306,05,True,False
2025-26,2026-05-30,Pennsylvania,1,0.9818326830863953,0.8348380923271179,1.155975079536438,0.14032209664583206,0.031750358641147614,0.26755913794040687,31.122817039489746,18.823080825805665,40.38238792419433,0.6127572655677795,0.4276845455169678,0.8089047253131867,31.33152961730957,24.759936714172362,37.07220039367676,0.0511445477604866,0.02170692887157202,0.082722407579422,0.0109,0.0,0.11010994,0.05394288,0.04264152,05,True,False
2025-26,2026-05-30,Pennsylvania,2,1.0088226199150085,0.8378333449363708,1.2227487564086914,0.14882468432188034,0.043920792266726495,0.26608307957649247,29.241085052490234,13.18704710006714,41.928184509277344,0.571948915719986,0.4066835641860962,0.7437343358993531,31.464439392089844,25.214569091796875,37.13865661621094,0.0461016483604908,0.01955786366015673,0.07534987479448318,0.0138,0.0,0.11342195,0.04893684,0.03893485,05,True,False
2025-26,2026-05-30,Vermont,0,1.2094535827636719,0.8142929077148438,1.932904601097107,0.3112401068210602,0.10717981308698654,0.5494028329849243,32.43512153625488,23.797679901123047,40.382303237915046,0.0973421111702919,0.05503443628549576,0.14223454892635345,13.0954008102417,8.290759086608887,18.04874038696289,0.08043338730931282,0.024070127494633203,0.14713534712791443,0.0251,0.0,0.11328007,0.08079959,0.06023856,05,True,False
2025-26,2026-05-30,Vermont,1,1.2468972206115723,0.9000579953193665,1.9250129461288452,0.2451510801911354,0.07076597958803177,0.46848011016845703,29.933229446411133,20.171076583862305,38.69861335754395,0.10263911634683609,0.059559449553489685,0.14788982272148132,13.82255744934082,9.034043407440185,18.902942657470703,0.07517674565315247,0.021289121359586716,0.13834138214588165,0.0326,0.0,0.11034112,0.08026243,0.05972141,05,True,False
2025-26,2026-05-30,Vermont,2,1.1720110177993774,0.8075811564922333,1.7580666542053223,0.27068306505680084,0.06737381145358086,0.49583104252815247,31.634033203125,20.251541137695312,41.16282653808594,0.11158384382724762,0.06220325455069542,0.16700582206249237,14.998764038085938,8.729290771484376,21.143209075927736,0.07948188483715057,0.025675108842551708,0.15168073773384097,0.0318,0.0,0.11128739,0.08303766,0.06063875,05,True,False
2025-26,2026-05-30,Wyoming,0,1.024659276008606,0.7560604274272918,1.3416966199874878,0.21706269681453705,0.04386120662093163,0.4228123039007187,31.00191307067871,20.413259506225586,40.233133316040046,0.19771400839090347,0.1023366652429104,0.3000214397907257,14.822749614715576,8.693399429321289,21.14483699798584,0.05843520350754261,0.01749616116285324,0.10500237345695496,0.0324,0.0,0.11311945,0.062603,0.04896114,05,True,False
2025-26,2026-05-30,Wyoming,1,0.982178270816803,0.6806737005710601,1.3357275724411013,0.2909573018550873,0.09343252778053283,0.5082772374153137,30.08991241455078,18.521894264221196,39.64328384399414,0.21259493380784988,0.11077418178319931,0.32548426091670996,16.094953536987305,9.417225360870363,22.674557113647463,0.07615526020526886,0.02428308129310608,0.1388186663389206,0.0274,0.0,0.11072775,0.08158114,0.0643143,05,True,False
2025-26,2026-05-30,Wyoming,2,1.0118597745895386,0.7295742630958557,1.4126779079437257,0.279217392206192,0.09860513210296633,0.4561266988515854,31.691923141479492,22.240068244934083,40.87521934509277,0.1830155998468399,0.0915936827659607,0.2810831069946289,15.428462982177734,9.157010555267334,21.830281829833986,0.06791278719902039,0.021045509725809097,0.12370271906256677,0.0262,0.0,0.11256391,0.07367145,0.05819977,05,True,False
2025-26,2026-06-13,Alaska,0,0.9002752900123596,0.6413411498069763,1.4038706898689275,0.3139137774705887,0.1117953211069107,0.5231527149677276,32.12605094909668,21.108793449401855,41.33446578979492,0.24863117188215256,0.12328547164797783,0.3740021586418152,13.65604829788208,8.403532695770263,18.630113029479983,0.08626124635338783,0.028446001932024956,0.15574818700551987,0.0222,0.0,0.11250841,0.0963246,0.07389652,06,True,False
2025-26,2026-06-13,Alaska,1,0.9846153855323792,0.6413941383361816,2.1703569889068604,0.32682672142982483,0.14231769740581512,0.5195704638957979,30.096747398376465,20.055591773986816,38.331107711791994,0.2752884030342102,0.1433916136622429,0.40951958596706395,15.714960098266602,10.04626407623291,21.516481399536133,0.0924932025372982,0.030477066710591316,0.1590372622013092,0.023,0.0,0.11432795,0.10217823,0.07482889,06,True,False
2025-26,2026-06-13,Alaska,2,1.0130653381347656,0.6773503422737122,1.6988203048706056,0.3067415654659271,0.11766289919614792,0.4997959196567536,30.418466567993164,21.623826408386233,38.17502326965332,0.23122862726449966,0.11219937279820442,0.35299591422081,17.34717845916748,10.149298477172852,24.757814407348633,0.08542729169130325,0.027875471860170364,0.14977948367595673,0.0192,0.0,0.11031208,0.09407503,0.07055582,06,True,False
2025-26,2026-06-13,California,0,0.9684153199195862,0.8626883029937744,1.0866815686225892,0.08351598680019379,0.016956951469182968,0.16569186747074127,30.809704780578613,16.86789150238037,42.03702926635742,0.24336086213588715,0.16853810846805573,0.3257461488246918,31.737321853637695,25.936429977416992,37.060665893554685,0.03562220372259617,0.014496753644198182,0.058787361532449726,0.0204,0.0,0.11130765,0.0375883,0.03003539,06,True,False
2025-26,2026-06-13,California,1,1.0165586471557617,0.9068843841552734,1.1419072031974793,0.11440705135464668,0.031078409403562546,0.21412667185068132,18.576704025268555,8.222324657440186,31.098982238769533,0.27792371809482574,0.19482119828462602,0.3586539030075073,33.4235725402832,27.542442321777344,38.46954345703125,0.036699362099170685,0.014924688264727592,0.06044731624424458,0.0206,0.0,0.11174216,0.03863266,0.03065781,06,True,False
2025-26,2026-06-13,California,2,0.9738484621047974,0.8634334206581116,1.0938698053359985,0.08846277371048927,0.01967461220920086,0.17018824815750122,29.87989902496338,14.395914077758789,43.07016716003418,0.23163503408432007,0.15953299254179001,0.3044522970914841,33.08189010620117,27.705373573303223,37.906151962280276,0.03904666751623154,0.01626899465918541,0.06294653490185738,0.015,0.0,0.10997207,0.04079962,0.0328224,06,True,False
2025-26,2026-06-13,New York,0,0.9365989565849304,0.7069364607334137,1.1468027830123901,0.19162946194410324,0.056528722122311595,0.37835516631603244,29.849166870117188,17.394962310791016,39.98899459838867,0.4352857172489166,0.28542947471141816,0.5865299701690674,25.66432476043701,18.88549175262451,32.09306259155274,0.04804041236639023,0.016617503948509693,0.08718851432204247,0.0302,0.0,0.10926522,0.05232651,0.04145555,06,True,False
2025-26,2026-06-13,New York,1,1.011981189250946,0.8234319090843201,1.1966551661491394,0.175103597342968,0.05735044181346893,0.3002192318439484,23.944732666015625,13.111643314361574,36.03746070861817,0.3898259103298187,0.26222743391990666,0.5281419098377228,30.05021381378174,23.53754711151123,36.21519775390625,0.05442981794476509,0.02097075805068016,0.09279803037643433,0.0198,0.0,0.11362779,0.05805259,0.04567908,06,True,False
2025-26,2026-06-13,New York,2,0.9681402444839478,0.7472350537776947,1.2230447769165038,0.19376973807811737,0.07090195268392563,0.34264783263206483,28.721099853515625,16.052903366088866,40.5376091003418,0.41835817694664,0.2667537033557892,0.5701471269130708,26.112454414367676,19.68068046569824,32.83454055786133,0.05041012726724148,0.018260978162288666,0.08879533410072327,0.0214,0.0,0.11138157,0.0542101,0.04267171,06,True,False
2025-26,2026-06-13,Pennsylvania,0,1.012246012687683,0.839133906364441,1.1953405857086183,0.1471553072333336,0.026961658149957657,0.2971562862396242,32.17476272583008,18.79401206970215,42.529006576538094,0.5486685037612915,0.38078942596912385,0.7222150385379792,30.85133647918701,25.002622604370117,36.73733673095703,0.04533941671252251,0.016315985471010208,0.07872706651687622,0.0227,0.0,0.1103238,0.04941529,0.03964502,06,True,False
2025-26,2026-06-13,Pennsylvania,1,1.0052056908607483,0.8294203877449036,1.1733825564384461,0.15134568512439728,0.03468938581645489,0.3164349049329758,31.614377975463867,18.181243896484375,41.466694641113286,0.6006355881690979,0.4355097830295563,0.7649043798446655,29.77169418334961,23.986130905151366,35.55992012023926,0.0413498617708683,0.01641763001680374,0.06868044659495354,0.0172,0.0,0.11032322,0.04380349,0.03503127,06,True,False
2025-26,2026-06-13,Pennsylvania,2,1.0885621309280396,0.9368647456169128,1.2660788774490357,0.1301056668162346,0.03371136263012886,0.24665012508630757,23.999744415283203,12.758968353271484,35.00412368774414,0.5881509482860565,0.42646706104278564,0.770632153749466,32.51681709289551,26.873464965820315,37.7764778137207,0.054321544244885445,0.0258688559755683,0.08314591646194458,0.0089,0.0,0.1101168,0.05646004,0.04520495,06,True,False
2025-26,2026-06-13,Vermont,0,1.1295175552368164,0.7975524783134461,1.6501780390739442,0.25118744373321533,0.07944654673337936,0.4468136727809906,28.183772087097168,17.923877143859862,37.49044075012207,0.10793512314558029,0.05925218015909195,0.16050122678279877,13.457520484924316,8.551273345947266,18.300052642822266,0.06306654214859009,0.01905537229031325,0.11904000490903854,0.0298,0.0,0.11116674,0.06816994,0.0531359,06,True,False
2025-26,2026-06-13,Vermont,1,1.0832218527793884,0.7468741476535797,1.6915571689605713,0.283486545085907,0.09577787443995477,0.4965896755456925,30.82290267944336,21.760932540893556,39.34723014831543,0.1038963831961155,0.05727023966610432,0.153904601931572,12.92757272720337,8.104276657104492,17.67773857116699,0.06754476577043533,0.020268125832080843,0.12450173050165177,0.031,0.0,0.11239649,0.07210153,0.05616553,06,True,False
2025-26,2026-06-13,Vermont,2,1.0664063692092896,0.7188464999198914,1.6504481911659243,0.28043410181999207,0.07477757632732392,0.519458144903183,29.837142944335938,19.631839179992674,39.27986869812012,0.11407586932182312,0.05976030416786671,0.1697442933917046,14.674688339233398,9.030175304412841,20.963088989257812,0.07805750146508217,0.024212950840592384,0.13990947753190994,0.0259,0.0,0.11307521,0.08187217,0.0625904,06,True,False
2025-26,2026-06-13,Wyoming,0,0.9412532448768616,0.6741327106952667,1.2616777181625367,0.2843348979949951,0.10959771052002908,0.48018525838851933,28.295080184936523,19.82078437805176,36.78092575073242,0.20453208684921265,0.10009916871786118,0.3078395426273346,15.801191329956055,9.902508449554444,22.022171020507812,0.06057247146964073,0.019915883429348472,0.1058051660656929,0.0233,0.0,0.11110987,0.05978992,0.04674305,06,True,False
2025-26,2026-06-13,Wyoming,1,0.9187069833278656,0.6476747989654541,1.226359486579895,0.2602485120296478,0.0802873820066452,0.45541125535964966,28.463692665100098,19.574941635131836,37.390071868896484,0.207292340695858,0.10131678804755212,0.31075426638126374,16.120864868164062,9.807530403137207,22.570746994018556,0.07490713521838188,0.02955707348883152,0.1283182054758072,0.015,0.0,0.11098644,0.07278138,0.0559027,06,True,False
2025-26,2026-06-13,Wyoming,2,0.8577823638916016,0.6104984879493713,1.1970090866088867,0.323342502117157,0.1272315636277199,0.5284702777862549,28.956768035888672,20.311613082885742,37.84356689453125,0.22075235098600388,0.10670804232358932,0.3369542360305786,15.799580574035645,9.401366233825684,22.490997314453125,0.08573354780673981,0.03100617416203022,0.14995634853839876,0.0171,0.0,0.11304773,0.08437353,0.06239449,06,True,False
