season,asof,location,replicate,Reff__FREE_med,Reff__FREE_q10,Reff__FREE_q90,eps1__FREE_med,eps1__FREE_q10,eps1__FREE_q90,phi1__FREE_med,phi1__FREE_q10,phi1__FREE_q90,mult__FREE_med,mult__FREE_q10,mult__FREE_q90,r__FREE_med,r__FREE_q10,r__FREE_q90,sbeta__FREE_med,sbeta__FREE_q10,sbeta__FREE_q90,sbeta_lo_frac,sbeta_hi_frac,sigma_first,sigma_last,absinc_last,month,stable,turn
2023-24,2023-09-23,Alaska,0,1.4385701417922974,0.8147246837615967,2.4384289979934692,0.5027276873588562,0.15965734869241716,0.8228132724761963,24.265668869018555,9.77534580230713,40.5998420715332,0.015776149928569794,0.0033436710946261883,0.04058121331036091,10.467214584350586,3.451270818710327,23.494441986083984,0.0999707467854023,0.011414493620395661,0.26283272504806526,0.0805,0.0009,0.11083363,0.12673383,0.09224671,09,True,False
2023-24,2023-09-23,Alaska,1,1.4583643674850464,0.8064565658569336,2.4357502460479736,0.4972790330648422,0.15561111271381378,0.8089101910591125,24.425158500671387,10.136824607849121,40.24855041503906,0.015578954480588436,0.003033258020877838,0.03870908543467522,10.509939670562744,3.5453061342239383,24.13537902832032,0.08689229562878609,0.010327198542654514,0.22717768400907518,0.0829,0.0016,0.11221535,0.11287329,0.08312141,09,True,False
2023-24,2023-09-23,Alaska,2,1.423971712589264,0.8461963534355164,2.394784474372864,0.47219254076480865,0.13569029420614243,0.785966157913208,24.8033447265625,10.678442573547365,41.796834564208986,0.015960226766765118,0.0020000000949949026,0.03961988165974617,10.357611656188965,3.4336814880371094,23.294527053833008,0.097821194678545,0.014380698092281818,0.23991373032331476,0.0723,0.0007,0.11025014,0.12045864,0.09068266,09,True,False
2023-24,2023-09-23,California,0,1.4179078936576843,0.8918407618999481,2.10747458934784,0.43261225521564484,0.1662289246916771,0.7306605577468872,25.67916488647461,11.138036918640138,37.575157165527344,0.0030522432643920183,0.0020000000949949026,0.005152037367224695,23.216506958007812,10.600354290008546,35.178504943847656,0.061441339552402496,0.006358550162985923,0.15527752041816711,0.0925,0.0,0.10926701,0.07911475,0.06542201,09,True,False
2023-24,2023-09-23,California,1,1.2546562552452087,0.8373784840106965,2.059611248970032,0.37062838673591614,0.102538225054741,0.7297293543815613,24.177475929260254,6.536307334899902,40.000205993652344,0.003224979853257537,0.0020000000949949026,0.005520877800881863,21.16028594970703,9.829187488555908,33.0265007019043,0.0624526534229517,0.004999999888241291,0.1717178076505661,0.1023,0.0,0.1107738,0.0855148,0.07033588,09,True,False
2023-24,2023-09-23,California,2,1.2103334069252014,0.8394313156604767,2.102149724960327,0.36663463711738586,0.07433384656906128,0.7532023310661317,22.725522994995117,8.137529945373535,39.27289962768555,0.0036297603510320187,0.0020000000949949026,0.006876735482364895,18.825206756591797,8.7791166305542,30.84456443786621,0.0668906420469284,0.0068282634019851685,0.17901804000139238,0.0921,0.0003,0.11002517,0.08977779,0.07199622,09,True,False
2023-24,2023-09-23,New York,0,1.2829198837280273,0.8094522058963776,2.0764009952545166,0.4660397469997406,0.12731214016675957,0.788883626461029,26.202678680419922,12.603189849853516,39.58391342163086,0.004365917528048158,0.0020537932869046926,0.00790687408298254,15.393943786621094,6.0469489097595215,28.62733268737793,0.07367755472660065,0.004999999888241291,0.2056516408920288,0.1102,0.0008,0.11064904,0.10651359,0.08064939,09,True,False
2023-24,2023-09-23,New York,1,1.244762659072876,0.7725200593471527,2.10412232875824,0.4237024337053299,0.10684225708246231,0.790084958076477,26.153078079223633,10.020540332794193,39.97269821166992,0.0040338849648833275,0.0020226736087352037,0.007285162340849638,15.038203239440918,5.935204982757568,28.25237464904785,0.06416479498147964,0.004999999888241291,0.17594897747039795,0.1105,0.0,0.11186284,0.09226167,0.07228098,09,True,False
2023-24,2023-09-23,New York,2,1.2542819380760193,0.8229291617870331,2.0756660223007217,0.42410731315612793,0.08463627099990845,0.8128408789634705,26.49417495727539,12.236970901489258,39.65580024719238,0.004082759842276573,0.0020000000949949026,0.007805586792528629,16.108370780944824,6.690290451049805,29.67954349517823,0.06620199233293533,0.006368905864655987,0.18450288474559784,0.0908,0.0,0.11015778,0.09395771,0.0759949,09,True,False
2023-24,2023-09-23,Pennsylvania,0,1.463428020477295,0.8365416288375855,2.4723655939102174,0.4739275127649307,0.13498955219984057,0.7844616115093231,26.731572151184082,11.21388053894043,44.62809295654297,0.01654214132577181,0.0030771738383919,0.045282136648893356,11.655252456665039,4.932335042953492,23.12960433959961,0.0871812254190445,0.008189877588301905,0.21521530449390416,0.0871,0.0,0.11241336,0.10683381,0.08087094,09,True,False
2023-24,2023-09-23,Pennsylvania,1,1.3578189611434937,0.7385960817337036,2.3189924955368046,0.4203651398420334,0.10930543392896652,0.7392832636833191,24.293100357055664,9.659708309173585,40.25554161071778,0.020564645528793335,0.004424231266602874,0.052028343081474304,12.934319496154785,5.0234733581542965,26.346176147460938,0.07791182398796082,0.008110969420522455,0.1878548264503479,0.0867,0.0,0.11082161,0.0984181,0.07723675,09,True,False
2023-24,2023-09-23,Pennsylvania,2,1.4200698137283325,0.6768037378787994,2.4028310775756836,0.49151675403118134,0.149669149518013,0.7924599647521973,22.48232078552246,7.645740127563477,39.620155334472656,0.01793878059834242,0.002335268771275879,0.06000960022211076,11.471609592437744,4.481651544570923,23.022876739501953,0.08072841912508011,0.006674612872302532,0.2110164910554886,0.0943,0.0,0.11345306,0.10583748,0.07988982,09,True,False
2023-24,2023-09-23,Vermont,0,1.1591130495071411,0.6485440611839295,2.341064691543579,0.525447428226471,0.15828901678323748,0.864239114522934,25.088821411132812,11.191596984863281,41.32011032104492,0.04455859214067459,0.004346081661060456,0.11777045503258707,1.312504768371582,0.10000000149011612,3.449929261207581,0.10831424593925476,0.011536910198628902,0.28911601305007945,0.0791,0.0026,0.11184716,0.13545536,0.09492153,09,True,False
2023-24,2023-09-23,Vermont,1,1.1686066389083862,0.6429375231266022,2.3259467601776125,0.5218125581741333,0.16686604619026185,0.8469352722167969,25.21137237548828,10.912634563446046,42.16080207824707,0.04436871036887169,0.006441960018128162,0.12414459884166718,1.3216522932052612,0.10000000149011612,3.4010717868804945,0.10637478530406952,0.01150490939617157,0.2806593954563141,0.0807,0.0023,0.11116496,0.13261326,0.09300422,09,True,False
2023-24,2023-09-23,Vermont,2,1.112538456916809,0.6290365874767303,2.2763636589050296,0.49895110726356506,0.15218477547168732,0.849500584602356,24.56399154663086,9.957359313964844,41.81797790527344,0.04148998111486435,0.006211460242047907,0.11277125030755997,1.4138041138648987,0.10000000149011612,3.56539604663849,0.09860031306743622,0.011784715671092273,0.2544942796230316,0.0792,0.0003,0.1118087,0.12100135,0.08659693,09,True,False
2023-24,2023-09-23,Wyoming,0,1.0034352540969849,0.6000000238418579,2.2846224784851077,0.6198853850364685,0.24928821325302125,0.9144737362861634,28.50442886352539,11.479875087738037,42.78511695861816,0.01906209159642458,0.0020000000949949026,0.0661264516413212,1.1648315787315369,0.10000000149011612,3.8011551141738895,0.11289995536208153,0.015513999387621887,0.2900721698999405,0.0687,0.0019,0.11260147,0.13546526,0.09173058,09,True,False
2023-24,2023-09-23,Wyoming,1,0.9934676289558411,0.6000000238418579,2.3201087474823,0.5816748440265656,0.23258729577064516,0.8896299183368683,28.148062705993652,11.425137710571292,42.573884201049815,0.019721828401088715,0.0020000000949949026,0.06814335435628892,1.1230838298797607,0.10000000149011612,3.4840176343917846,0.10028382018208504,0.0114330411888659,0.2745289891958237,0.0797,0.0007,0.10803519,0.12588105,0.08811627,09,True,False
2023-24,2023-09-23,Wyoming,2,1.02545166015625,0.6000000238418579,2.3489014148712157,0.594404548406601,0.23458055257797242,0.9009372711181641,28.934914588928223,12.314116096496583,43.38973884582519,0.019598140381276608,0.0020000000949949026,0.0701894409954548,1.1923492550849915,0.10000000149011612,3.9862294197082524,0.11681066453456879,0.017108015902340415,0.2866391032934189,0.0635,0.0026,0.11143178,0.13747473,0.09392999,09,True,False
2023-24,2023-09-30,Alaska,0,1.3374261856079102,0.793104350566864,2.328951120376587,0.47444969415664673,0.14858093857765198,0.8050766587257385,24.867733001708984,10.043794631958008,41.68903350830078,0.023490693420171738,0.005952232424169779,0.05243902653455734,11.234376907348633,4.165144920349121,24.677589416503906,0.09270907938480377,0.00765687692910433,0.23949913680553436,0.0908,0.0004,0.1113733,0.11696017,0.08771807,09,True,False
2023-24,2023-09-30,Alaska,1,1.4143117666244507,0.7852932810783386,2.4319201707839966,0.4900120049715042,0.14610344171524048,0.8185922384262087,24.807793617248535,9.879291534423828,39.934814453125,0.019878875464200974,0.004456673609092833,0.05026502646505835,10.627922058105469,3.993958258628846,22.863686180114748,0.09959130361676216,0.013182394206523895,0.2483540177345276,0.0729,0.0003,0.11086968,0.12227215,0.09139354,09,True,False
2023-24,2023-09-30,Alaska,2,1.4240875244140625,0.8280357718467712,2.4042816162109375,0.49519258737564087,0.13284479081630707,0.8062630295753479,25.652578353881836,10.98498010635376,41.49765396118164,0.02079334482550621,0.004316784907132389,0.04612324386835098,11.783019542694092,4.449839019775391,25.090187072753906,0.09385904669761658,0.014453096315264702,0.24874234199523926,0.0712,0.0008,0.11169374,0.12056587,0.09162455,09,True,False
2023-24,2023-09-30,California,0,1.2938411235809326,0.8029930889606476,2.0727241039276123,0.38944828510284424,0.09535066261887554,0.7348587512969971,26.538436889648438,10.386577129364014,39.84175491333008,0.003518716082908213,0.0020000000949949026,0.006108439061790705,20.98496723175049,11.03891706466675,32.50444412231445,0.0637652650475502,0.007784451777115469,0.1572110950946808,0.0862,0.0,0.10990717,0.08281464,0.06690881,09,True,False
2023-24,2023-09-30,California,1,1.2686197757720947,0.8161563277244568,2.3099424839019775,0.39522886276245117,0.09859883040189743,0.788917624950409,27.559463500976562,9.361765956878664,42.68473434448242,0.003259117715060711,0.0020000000949949026,0.005259137134999037,19.980880737304688,10.01183023452759,31.531753540039062,0.06266448646783829,0.006378408521413803,0.16499087810516366,0.0929,0.0,0.11107255,0.08594503,0.06734684,09,True,False
2023-24,2023-09-30,California,2,1.214923918247223,0.7486385822296143,2.0980043411254883,0.4008779227733612,0.09775623381137849,0.7551822066307068,23.8388729095459,7.418143129348755,37.354556274414065,0.003640416543930769,0.0020000000949949026,0.006846217438578606,19.815649032592773,10.030637550354005,30.58521976470948,0.06562136113643646,0.010359541326761252,0.1592762738466264,0.076,0.0,0.11040305,0.08516557,0.06921282,09,True,False
2023-24,2023-09-30,New York,0,1.601405143737793,0.9991063475608826,2.5,0.49862322211265564,0.15853402018547058,0.8063120245933533,23.417444229125977,12.474225330352786,39.74589538574219,0.005276391748338938,0.002374367555603385,0.01048685153946281,14.137162208557129,5.7041096687316895,25.535558700561523,0.08338277041912079,0.016047213040292267,0.1876109391450882,0.0574,0.0,0.11005989,0.08146269,0.06639274,09,True,False
2023-24,2023-09-30,New York,1,1.6125820875167847,0.9976052641868591,2.4705495595932008,0.5057297945022583,0.17912490665912628,0.8268130660057069,24.51729965209961,12.24079580307007,39.790863037109375,0.0052470373921096325,0.0023136687697842715,0.01066720113158226,12.393872261047363,4.884331703186035,23.45443782806397,0.08590466529130936,0.012872411869466305,0.20202672481536865,0.0705,0.0007,0.10957674,0.09210956,0.07489494,09,True,False
2023-24,2023-09-30,New York,2,1.4880541563034058,0.9700833022594452,2.4094815254211426,0.4624415338039398,0.15230107456445696,0.7881876230239868,23.952728271484375,11.111804008483887,41.4951286315918,0.005481668747961521,0.0020000000949949026,0.011048214510083199,12.313455581665039,5.078488922119141,23.69590702056885,0.07316388189792633,0.009181630611419678,0.18064148873090743,0.0752,0.0,0.11019978,0.08280601,0.06775236,09,True,False
2023-24,2023-09-30,Pennsylvania,0,1.2657935619354248,0.7135775685310364,2.1708611011505132,0.44244664907455444,0.10206770151853563,0.761267685890198,25.465654373168945,8.777349472045898,44.87000274658203,0.032317642122507095,0.008812269195914268,0.06272384524345398,12.068760871887207,5.652760457992554,22.341237068176273,0.0820140391588211,0.01124713197350502,0.1935035765171051,0.0764,0.0,0.11074894,0.1022168,0.07921814,09,True,False
2023-24,2023-09-30,Pennsylvania,1,1.2743183374404907,0.6522081851959228,2.1984827518463135,0.48779647052288055,0.21854495853185654,0.7703204154968262,24.00661849975586,9.091507148742677,40.49816131591797,0.03567556291818619,0.011638193484395742,0.06717171221971513,14.741881370544434,6.4492316246032715,25.52427864074707,0.07975634187459946,0.012676792498677975,0.19004243612289431,0.0727,0.0001,0.11058279,0.09965634,0.07639616,09,True,False
2023-24,2023-09-30,Pennsylvania,2,1.2826513051986694,0.704443222284317,2.264435696601868,0.48131412267684937,0.13380536288023,0.785707414150238,25.291126251220703,8.922484874725344,42.492645263671875,0.039801470935344696,0.011769046168774368,0.07384281605482101,13.94902515411377,6.025567531585693,24.095989227294922,0.09370629489421844,0.014642978087067604,0.2195196896791458,0.0652,0.0003,0.11067501,0.11197724,0.08467899,09,True,False
2023-24,2023-09-30,Vermont,0,1.1775282621383667,0.6612136960029602,2.2309005260467547,0.5274504721164703,0.1822975039482117,0.8401776969432833,24.536020278930664,12.042803764343262,40.593345642089844,0.04213038831949234,0.005496630445122719,0.10521493852138519,2.5437111854553223,0.5938193202018738,6.326723098754883,0.10103584825992584,0.01457669585943222,0.2682232290506366,0.0688,0.0026,0.11176818,0.12349736,0.09010652,09,True,False
2023-24,2023-09-30,Vermont,1,1.1412312984466553,0.6383076906204224,2.2941780328750614,0.4832272529602051,0.14753267467021944,0.8245400786399841,24.985915184020996,11.041275024414062,41.834537506103516,0.0498880073428154,0.005053598247468472,0.12136559337377549,2.7622257471084595,0.6052001237869263,6.933534479141237,0.11971015855669975,0.02036897148936987,0.2962973326444626,0.0579,0.0012,0.1111235,0.1402454,0.09930133,09,True,False
2023-24,2023-09-30,Vermont,2,1.1224668622016907,0.6550483107566833,2.2429919719696048,0.5084665417671204,0.16092856079339982,0.8359635710716248,23.71170425415039,11.269938087463379,39.95622634887695,0.05013534612953663,0.007718975190073252,0.11658270284533502,2.66971492767334,0.6335381865501405,6.825613498687756,0.10260378196835518,0.013985555619001389,0.2623673409223557,0.0762,0.0008,0.11012927,0.12431569,0.09023119,09,True,False
2023-24,2023-09-30,Wyoming,0,1.4427254796028137,0.7797175228595736,2.5,0.5889365673065186,0.21649983525276184,0.9006061315536501,21.28767490386963,11.771653175354004,36.45704536437992,0.02274118922650814,0.0026780120097100735,0.055149808526039124,3.920394539833069,0.21071834862232208,13.593001365661621,0.146368570625782,0.029338378831744196,0.32298147678375244,0.0427,0.0043,0.11465843,0.13902893,0.09555677,09,True,False
2023-24,2023-09-30,Wyoming,1,1.3685521483421326,0.7295307517051697,2.5,0.5548553168773651,0.22109444886446009,0.8722764253616333,21.647184371948242,11.168052673339844,38.03633117675781,0.021733948960900307,0.003822993254289031,0.053606756031513214,3.0991270542144775,0.15106349140405773,11.404708862304688,0.13261128962039948,0.023873886093497276,0.2991552948951721,0.0539,0.0,0.10978236,0.12936869,0.09142784,09,True,False
2023-24,2023-09-30,Wyoming,2,1.4999189376831055,0.8021736025810242,2.5,0.5598580837249756,0.2040074035525323,0.8872500658035278,22.81728172302246,12.404253959655762,36.6162223815918,0.02025335095822811,0.004223000304773452,0.05462208762764931,3.965991735458374,0.18688678741455078,11.569672584533691,0.14769919216632843,0.030082447454333305,0.31652310490608215,0.0478,0.0008,0.11093986,0.13167457,0.09100891,09,True,False
2023-24,2023-10-07,Alaska,0,1.3573402762413025,0.7542530775070191,2.361514568328858,0.4949401766061783,0.1873397141695023,0.8181428849697114,23.888964653015137,10.786584854125977,37.17893943786621,0.036381764337420464,0.011407167278230193,0.07318557947874073,11.567616939544678,4.630700349807739,22.665803909301765,0.09170738980174065,0.010110807605087757,0.23069469928741462,0.0804,0.0003,0.11231857,0.11650636,0.08666838,10,True,False
2023-24,2023-10-07,Alaska,1,1.396294116973877,0.8110408186912538,2.3586637496948244,0.47386951744556427,0.1502655997872353,0.7890358805656433,26.205608367919922,11.694472312927246,41.0334888458252,0.03627188503742218,0.010959249921143055,0.07623083889484406,12.162202835083008,4.752728080749511,24.065235137939453,0.09456844627857208,0.014654549770057201,0.22597326338291168,0.0627,0.0001,0.11302187,0.1163274,0.08906825,10,True,False
2023-24,2023-10-07,Alaska,2,1.4044915437698364,0.7738227486610413,2.3528852701187133,0.5179658532142639,0.1740757778286934,0.8161928653717041,25.176551818847656,10.639347076416016,38.974806213378905,0.03830879181623459,0.011816409137099982,0.07740647271275522,11.044126510620117,4.380579471588136,22.21263103485108,0.08852073550224304,0.00878040231764318,0.22261289060115816,0.0892,0.0,0.11156274,0.11163523,0.08397252,10,True,False
2023-24,2023-10-07,California,0,1.3124656677246094,0.7843650698661806,2.1475234031677246,0.42186152935028076,0.10211776942014694,0.7581857442855835,28.60178565979004,11.325932502746582,41.48074684143068,0.0035650974605232477,0.0020000000949949026,0.0061135646421462304,22.510713577270508,10.69072198867798,35.01051330566406,0.05801515281200409,0.009362456388771534,0.13923653513193138,0.0771,0.0,0.11025465,0.07350297,0.05935897,10,True,False
2023-24,2023-10-07,California,1,1.2797600030899048,0.8845829784870148,2.017641854286194,0.3734820485115051,0.07964432239532471,0.7056114673614502,31.370527267456055,13.891253471374512,45.78955268859864,0.003986574709415436,0.0020000000949949026,0.007620901335030794,21.1430606842041,10.673161506652832,32.12263488769531,0.06377523392438889,0.010340722277760506,0.15002284944057465,0.0745,0.0,0.11040074,0.07975836,0.06864514,10,True,False
2023-24,2023-10-07,California,2,1.4041523933410645,0.9042619526386263,2.202285957336426,0.42231637239456177,0.1251480132341385,0.7456942200660706,28.16908550262451,13.340048599243165,39.12318649291992,0.003360666800290346,0.0020000000949949026,0.005826998967677355,20.424055099487305,10.578260707855225,31.558094024658203,0.06396886706352234,0.0062260704115033256,0.158330474793911,0.0941,0.0,0.11010353,0.08249648,0.06695104,10,True,False
2023-24,2023-10-07,New York,0,1.3949445486068726,0.8384740948677063,2.2176499366760254,0.42286980152130127,0.12002787813544274,0.7558307170867923,24.93629264831543,9.413818645477297,37.76884078979492,0.004809777019545436,0.002024110872298479,0.00964440032839775,10.277741432189941,4.513492774963379,19.203046989440928,0.07703250646591187,0.009221287444233894,0.1906803086400032,0.0836,0.0,0.11287808,0.10969304,0.083572,10,True,False
2023-24,2023-10-07,New York,1,1.3199231624603271,0.8197500705718994,2.2058653831481934,0.423777773976326,0.11583910882472992,0.7665423572063448,23.685951232910156,8.698526382446289,40.04334259033203,0.004766491940245032,0.0020000000949949026,0.010146204754710201,11.725379943847656,5.336239814758301,21.401747894287112,0.07735716924071312,0.008210605941712856,0.20162046998739244,0.089,0.0,0.11226716,0.1098668,0.08490009,10,True,False
2023-24,2023-10-07,New York,2,1.3540233373641968,0.8201162278652192,2.2747743129730225,0.46070514619350433,0.11284173280000687,0.7897974848747253,26.405766487121582,11.457375526428223,42.39816665649414,0.0062698363326489925,0.002415133803151548,0.012877363618463285,10.887275695800781,4.565384387969971,21.673879241943364,0.093454759567976,0.015243420377373695,0.23430781066417694,0.0672,0.0007,0.10841337,0.12741109,0.09343408,10,True,False
2023-24,2023-10-07,Pennsylvania,0,1.041038155555725,0.6469567894935608,2.0044941663742066,0.36902716755867004,0.07453500181436541,0.7611957371234894,24.173738479614258,7.069050312042236,42.94375991821289,0.03904896602034569,0.013802004046738148,0.07142742723226547,14.177056789398193,6.506264686584473,23.65903091430664,0.0756167620420456,0.0062690888997167385,0.19008100032806396,0.0944,0.0001,0.11294597,0.09887874,0.07494939,10,True,False
2023-24,2023-10-07,Pennsylvania,1,1.1693124771118164,0.6386719346046448,2.115018367767334,0.4486703425645828,0.12100625783205032,0.7806901276111603,24.778639793395996,10.460926818847657,39.11931228637695,0.03692646510899067,0.012299195863306522,0.06767033934593202,15.973790168762207,7.660926818847657,28.193327331542974,0.07534264028072357,0.009412250388413673,0.18620194494724274,0.0828,0.0,0.10932871,0.09424166,0.07161278,10,True,False
2023-24,2023-10-07,Pennsylvania,2,1.3313877582550049,0.7104114890098572,2.2213821411132812,0.5080663561820984,0.200230211019516,0.8354756832122803,26.437036514282227,13.224498844146732,37.14387130737305,0.03476167470216751,0.012371661141514778,0.06581033766269684,17.21027183532715,7.584393644332886,31.386300468444823,0.0799708217382431,0.013421863969415427,0.19151604175567627,0.0679,0.0003,0.11282004,0.09598173,0.0758909,10,True,False
2023-24,2023-10-07,Vermont,0,1.0469608902931213,0.6094437599182129,2.134391665458679,0.4926362931728363,0.1603604406118393,0.8293501079082489,26.082528114318848,12.486115169525148,41.852097320556645,0.048447078093886375,0.002483086194843054,0.11445870473980906,2.2917187213897705,0.10000000149011612,5.9607412815094,0.09982912242412567,0.013127829134464265,0.24997057467699052,0.0759,0.0005,0.1133713,0.12611063,0.09199396,10,True,False
2023-24,2023-10-07,Vermont,1,0.9957469403743744,0.6028804600238801,2.081613779067993,0.46412789821624756,0.14573021680116655,0.8231732070446015,24.62736701965332,10.846796894073487,39.75287437438965,0.04888523928821087,0.0020000000949949026,0.12037213221192362,2.3810975551605225,0.10000000149011612,6.035210609436035,0.10514490306377411,0.016476307250559333,0.24742937088012695,0.0665,0.0012,0.10888857,0.1285969,0.09253722,10,True,False
2023-24,2023-10-07,Vermont,2,1.051118016242981,0.6070818305015564,2.102252268791199,0.46948567032814026,0.14601680487394336,0.8224533140659332,25.70600414276123,10.555777835845948,40.8932445526123,0.04892562888562679,0.0038452995242551024,0.11921098828315735,2.3390942811965942,0.10000000149011612,5.890794277191162,0.10668741539120674,0.016478797234594823,0.2564917415380478,0.0639,0.0006,0.11101579,0.13213258,0.09683708,10,True,False
2023-24,2023-10-07,Wyoming,0,1.5616158246994019,0.8573628664016724,2.5,0.5833118855953217,0.24037894308567048,0.8736836910247803,21.339181900024414,12.355453491210938,33.09153366088867,0.024893891997635365,0.0020000000949949026,0.06228538937866691,5.97596549987793,1.576968610286713,14.960556983947754,0.15012509375810623,0.03396725282073021,0.3305235505104065,0.044,0.0029,0.11324138,0.16230532,0.11131419,10,True,False
2023-24,2023-10-07,Wyoming,1,1.7553178071975708,0.9183937311172485,2.5,0.5631899833679199,0.237095046043396,0.8826594948768616,23.21614646911621,13.132068252563478,34.5040283203125,0.02478761039674282,0.0025307726114988335,0.06267116963863378,6.987689018249512,1.6278101086616517,19.920338249206555,0.1561158522963524,0.041875842958688736,0.31948792934417725,0.0325,0.0029,0.10974433,0.15606004,0.1049376,10,True,False
2023-24,2023-10-07,Wyoming,2,1.621599793434143,0.8654457271099091,2.5,0.5594595670700073,0.2440360188484192,0.8635116219520569,21.802024841308594,12.26281452178955,36.73585205078126,0.02230885624885559,0.003199802478775382,0.054803681746125224,7.207224130630493,1.7281302213668823,20.143294906616216,0.1578340381383896,0.03273674845695498,0.326316237449646,0.0429,0.0024,0.11134204,0.15863875,0.10802965,10,True,False
2023-24,2023-10-14,Alaska,0,1.2007489204406738,0.6951690793037415,2.2176311016082764,0.4932805597782135,0.15115094184875488,0.7893041372299194,22.32676124572754,8.514641857147218,37.757423400878906,0.05415979400277138,0.023737117648124695,0.10063567012548447,12.568132400512695,5.52174186706543,23.753864288330078,0.09110528975725174,0.010031421668827534,0.2274424135684967,0.0852,0.0,0.11456561,0.11470868,0.08834046,10,True,False
2023-24,2023-10-14,Alaska,1,1.333287537097931,0.7082133889198303,2.408292531967163,0.5207003355026245,0.17990614473819733,0.8103090524673462,25.71706199645996,10.218570709228516,39.07992172241211,0.05709453485906124,0.023574205115437508,0.10546881705522541,12.175722122192383,5.383946228027344,23.21498394012451,0.09095856547355652,0.01132622268050909,0.22016912698745728,0.0796,0.0004,0.11149825,0.11474907,0.084445,10,True,False
2023-24,2023-10-14,Alaska,2,1.305525541305542,0.7203899621963501,2.3226799964904785,0.4890203922986984,0.18507832288742065,0.7987499833106995,24.89667797088623,9.849457740783691,39.422061920166016,0.05635375156998634,0.022465880773961545,0.09881833717226983,13.373847007751465,5.7346954345703125,24.53280258178711,0.08745522797107697,0.014278998505324126,0.20465880334377293,0.0634,0.0002,0.11266851,0.1066754,0.08153387,10,True,False
2023-24,2023-10-14,California,0,1.4117764830589294,0.8432731449604035,2.309924840927124,0.4824351966381073,0.15802051573991777,0.7709000229835511,26.859256744384766,11.040109825134278,41.75953674316406,0.004589234013110399,0.0021095718257129192,0.009089310932904484,19.553011894226074,9.237159347534181,31.55266571044922,0.06316761299967766,0.010351179167628288,0.15339784026145936,0.0695,0.0,0.10916235,0.07956908,0.06471737,10,True,False
2023-24,2023-10-14,California,1,1.4112424850463867,0.9246845722198488,2.0945613145828257,0.37061992287635803,0.10638493523001673,0.674911230802536,27.97599983215332,12.785704612731934,42.20523872375488,0.0050089131109416485,0.0020364567171782255,0.009911840874701743,18.489192962646484,9.253537464141846,29.179414749145508,0.06245359964668751,0.008624020405113704,0.15809517353773123,0.0768,0.0,0.11121302,0.07903464,0.06448568,10,True,False
2023-24,2023-10-14,California,2,1.3009881973266602,0.9287001609802246,2.005375385284424,0.29540762305259705,0.05091763660311699,0.6729276776313782,25.63374137878418,10.126714706420898,41.70552062988281,0.004529670579358935,0.0020000000949949026,0.00904901884496212,19.63113021850586,10.092151641845703,29.568265914916992,0.06899353861808777,0.011179623194038868,0.15094038844108582,0.0705,0.0,0.11224114,0.07998534,0.06718778,10,True,False
2023-24,2023-10-14,New York,0,1.303350567817688,0.8208029508590698,2.1351780891418457,0.4439867436885834,0.10329428538680077,0.7895253896713257,28.69045352935791,14.941801834106448,42.09536590576172,0.005043346667662263,0.0020215041004121304,0.01023489469662309,13.156621932983398,5.71369743347168,25.783763885498047,0.07657328993082047,0.01157876513898373,0.17117845714092259,0.0689,0.0,0.11102988,0.08657568,0.06968096,10,True,False
2023-24,2023-10-14,New York,1,1.3008031845092773,0.7342684864997864,2.248221063613892,0.46525049209594727,0.13970604687929153,0.8281857311725618,27.24265193939209,11.718242073059082,38.40517387390137,0.005209693452343345,0.0020000000949949026,0.010357530787587166,11.803412437438965,5.263582277297974,22.471898269653323,0.09942145273089409,0.014640112407505512,0.24398131668567657,0.0674,0.0,0.11075802,0.11483168,0.0885366,10,True,False
2023-24,2023-10-14,New York,2,1.2723308801651,0.758802878856659,2.0549988746643066,0.47048911452293396,0.12939760088920593,0.8026971280574801,28.86434555053711,11.931393718719484,43.00986785888672,0.005398702807724476,0.0020849916851148013,0.010445124469697475,13.268330574035645,5.876179313659668,24.36448097229004,0.07894408702850342,0.010835248976945877,0.19592032879590998,0.0771,0.0,0.11106955,0.09564607,0.07711768,10,True,False
2023-24,2023-10-14,Pennsylvania,0,1.1381459832191467,0.6448578238487244,1.9576894640922553,0.484724223613739,0.1767079398036003,0.7753846347332001,25.732709884643555,11.570089912414552,38.5863151550293,0.04459508880972862,0.019691068679094315,0.07423489540815353,18.92666244506836,8.910523414611816,30.611169815063477,0.0709112212061882,0.008125876169651752,0.17820236086845398,0.0871,0.0002,0.10979841,0.09338034,0.07129827,10,True,False
2023-24,2023-10-14,Pennsylvania,1,1.0594027042388916,0.6503861546516418,1.8420292019844056,0.4194425791501999,0.14987001419067386,0.7300232648849487,26.17101287841797,7.695521831512451,39.14439735412598,0.05068957060575485,0.024727743305265903,0.08077144622802734,19.44180202484131,9.002192497253418,33.28900451660157,0.06927305459976196,0.011716227047145367,0.15502113103866577,0.0679,0.0,0.11108085,0.084026,0.06818287,10,True,False
2023-24,2023-10-14,Pennsylvania,2,0.8406191468238831,0.6125276386737823,1.791694509983063,0.39859840273857117,0.13945598900318146,0.7015178918838502,17.092927932739258,3.491616034507752,34.07185745239258,0.044789718464016914,0.01874365881085396,0.07244133055210114,17.593417167663574,8.66456127166748,27.60323143005371,0.07106868922710419,0.006014422979205847,0.18724511563777924,0.0947,0.0003,0.11218038,0.09550152,0.07134566,10,True,False
2023-24,2023-10-14,Vermont,0,1.0297932624816895,0.6078782916069031,2.0746744871139526,0.48723866045475006,0.17193035334348683,0.8205563426017761,27.763450622558594,12.198354721069336,41.883636474609375,0.04828226938843727,0.0020000000949949026,0.11909087747335434,2.4295670986175537,0.10000000149011612,6.174068546295167,0.09862030297517776,0.01519701573997737,0.2320450246334076,0.0684,0.0,0.11146283,0.11461938,0.08765468,10,True,False
2023-24,2023-10-14,Vermont,1,1.0001985430717468,0.6023378908634186,2.1132876873016357,0.5035403370857239,0.18110962212085724,0.8312621474266053,26.903383255004883,12.00560188293457,40.692562103271484,0.04505060985684395,0.0020000000949949026,0.10802050679922104,2.4948991537094116,0.10000000149011612,6.27751431465149,0.1028246209025383,0.018822525814175612,0.2440911591053009,0.0591,0.0001,0.11040685,0.12144699,0.08828895,10,True,False
2023-24,2023-10-14,Vermont,2,1.0070006847381592,0.6000000238418579,2.039234781265259,0.5050162672996521,0.1602994740009308,0.8389940798282625,27.49090003967285,11.794744682312013,41.41780471801758,0.04768678359687328,0.0020000000949949026,0.1218255177140236,2.601797342300415,0.10000000149011612,6.423705101013184,0.10052651911973953,0.018638253025710587,0.24159408211708083,0.063,0.0002,0.11070058,0.11945515,0.08704458,10,True,False
2023-24,2023-10-14,Wyoming,0,1.4325822591781616,0.7553286552429199,2.5,0.572059154510498,0.23858924061059952,0.8362059235572816,24.666879653930664,14.291800594329834,39.32843399047852,0.022005589678883553,0.0020000000949949026,0.06090591177344325,7.144629001617432,1.845929789543152,16.997039794921875,0.160139262676239,0.029548530094325547,0.37238133251667044,0.0491,0.009,0.1146628,0.18452409,0.11997595,10,True,False
2023-24,2023-10-14,Wyoming,1,1.3243398666381836,0.7064452171325684,2.447998929023744,0.5774723887443542,0.2211006134748459,0.8767750561237335,23.350008010864258,11.792327117919923,37.66509246826172,0.022008790634572506,0.0020000000949949026,0.062409766018390656,7.329267501831055,1.9139729738235474,17.40937614440918,0.13493435084819794,0.026150749996304512,0.3313254415988922,0.0505,0.0,0.11038055,0.16204316,0.11533701,10,True,False
2023-24,2023-10-14,Wyoming,2,1.436227798461914,0.7558732628822327,2.5,0.5568132400512695,0.2430170774459839,0.8434305191040039,23.673004150390625,12.87642822265625,37.56031036376953,0.02243483904749155,0.0020000000949949026,0.06673576682806015,7.1029253005981445,1.9153004884719849,19.822949790954592,0.13875003904104233,0.02701300196349621,0.3034824728965759,0.0469,0.0025,0.11208648,0.16217134,0.11105733,10,True,False
2023-24,2023-10-21,Alaska,0,1.1972023248672485,0.6980360150337219,2.069783067703247,0.4629812240600586,0.15391346216201784,0.7570797801017761,23.215639114379883,7.601701736450197,38.54778785705567,0.07797255739569664,0.036232080310583115,0.14014743268489838,15.07220458984375,7.075225353240967,26.982912826538097,0.0830729752779007,0.01231258437037468,0.1988383397459984,0.0713,0.0,0.11147338,0.10451521,0.08179082,10,True,False
2023-24,2023-10-21,Alaska,1,1.1968589425086975,0.7353359460830688,2.1418116092681885,0.450723797082901,0.13545021712779998,0.7731772899627688,23.95071029663086,9.511659622192383,39.57354431152344,0.07378926128149033,0.033487618714571,0.12391579523682601,13.785675525665283,6.283490467071533,25.64664001464844,0.08229127898812294,0.010014263913035393,0.19922869056463244,0.0812,0.0,0.11375204,0.10439058,0.07915886,10,True,False
2023-24,2023-10-21,Alaska,2,1.2399868369102478,0.7250892639160156,2.1578123569488525,0.4633653610944748,0.1581098034977913,0.7674809098243713,24.252243041992188,10.151219940185547,38.01407585144044,0.06432142853736877,0.028218505904078484,0.10972813516855241,15.287778854370117,6.750946283340454,27.595280647277832,0.07600665837526321,0.011671236716210842,0.1802787482738495,0.0725,0.0,0.11222982,0.09683656,0.07584896,10,True,False
2023-24,2023-10-21,California,0,1.3146822452545166,0.8196062088012696,2.194288730621338,0.378680557012558,0.0820961520075798,0.7258720695972443,28.302706718444824,11.834976196289064,40.52658042907715,0.005003276281058788,0.0020000000949949026,0.010990144684910774,15.502233505249023,8.146238613128663,24.367116928100586,0.06353547424077988,0.009851867333054543,0.13812726736068726,0.0709,0.0,0.1129293,0.07548475,0.06273706,10,True,False
2023-24,2023-10-21,California,1,1.279639720916748,0.8235970079898834,2.053321123123169,0.3349740505218506,0.06443579494953156,0.7173387408256531,27.332218170166016,10.753168392181397,39.94365692138672,0.004537988919764757,0.0020198046695441008,0.008589197415858507,18.534544944763184,9.367549228668214,28.82387351989746,0.05595957115292549,0.007740563666447997,0.13729941844940186,0.0869,0.0,0.11099678,0.07484718,0.0609954,10,True,False
2023-24,2023-10-21,California,2,1.2911978363990784,0.8133918046951294,2.0388195991516116,0.3716767430305481,0.0854171045124531,0.7230917811393741,28.74856185913086,12.775362968444824,41.170963287353516,0.005552546586841345,0.0020000000949949026,0.011898672208189964,15.603386402130127,7.9753000259399425,25.399481964111335,0.05752098932862282,0.009158742614090443,0.13561491668224335,0.0784,0.0,0.11169417,0.07189376,0.05989153,10,True,False
2023-24,2023-10-21,New York,0,1.314978003501892,0.7786171853542329,2.2220538139343264,0.4680587947368622,0.14529728442430498,0.7877446830272677,26.318172454833984,10.387390327453614,39.77189979553223,0.00659189885482192,0.0021694989409297705,0.013293937500566247,12.308568954467773,5.482204437255859,22.323409080505375,0.07962419837713242,0.009624296799302101,0.19448094367980973,0.0799,0.0,0.11206752,0.10427791,0.08249206,10,True,False
2023-24,2023-10-21,New York,1,1.3285894393920898,0.8017797470092773,2.2018842697143555,0.4488185942173004,0.1478014886379242,0.7521392941474916,25.862367630004883,11.786547088623047,38.43639183044434,0.006150467088446021,0.002009723102673888,0.013360687531530857,11.026973724365234,5.267593860626221,18.757734298706055,0.07684768363833427,0.011579212825745344,0.1898624449968338,0.0763,0.0,0.11053911,0.09962849,0.07651261,10,True,False
2023-24,2023-10-21,New York,2,1.2703110575675964,0.7653443217277527,2.219999313354492,0.44914866983890533,0.1640707105398178,0.760944414138794,25.678937911987305,9.532910346984863,41.84359130859375,0.00637791445478797,0.0024226796114817264,0.013085479848086834,12.522871971130371,5.588653087615967,25.47273826599121,0.08827272802591324,0.013441157713532452,0.20633596777915963,0.0668,0.0003,0.11091579,0.10937703,0.08508117,10,True,False
2023-24,2023-10-21,Pennsylvania,0,1.2255809307098389,0.6668913841247559,2.0533812046051025,0.490887850522995,0.1695466786623001,0.8090007305145264,29.458438873291016,9.839974403381348,42.120121002197266,0.0523163378238678,0.02757975645363331,0.08044400066137314,19.077229499816895,9.754772090911866,31.946693420410156,0.06690774112939835,0.01111300103366375,0.15390324592590332,0.0687,0.0,0.11177518,0.08262606,0.06600316,10,True,False
2023-24,2023-10-21,Pennsylvania,1,1.0460992455482483,0.6329237818717957,1.6671398997306826,0.3872687816619873,0.11484074220061313,0.6665968298912048,25.130599975585938,7.627401828765869,38.970428466796875,0.05035608075559139,0.02420041896402836,0.08002069741487505,20.28887176513672,9.995580673217773,33.76689147949219,0.06795229390263557,0.011947037372738124,0.165887600183487,0.0712,0.0,0.11092092,0.0870326,0.06733372,10,True,False
2023-24,2023-10-21,Pennsylvania,2,1.037792146205902,0.659277617931366,1.7947112321853638,0.3864118456840515,0.1018596410751343,0.6816257476806641,23.717885971069336,8.471068382263184,40.1007194519043,0.050017936155200005,0.025334622897207743,0.08144952356815338,17.40876007080078,9.253314971923828,27.90974998474121,0.06604050099849701,0.011501740664243698,0.16313318759202963,0.0727,0.0,0.11094322,0.08474384,0.06674598,10,True,False
2023-24,2023-10-21,Vermont,0,1.218462884426117,0.6809979677200317,2.2641074657440186,0.4963431656360626,0.1795426905155182,0.8095858097076416,23.0905818939209,11.444697380065918,37.87637710571289,0.05164778605103493,0.01061921818181873,0.11875396221876144,4.202549457550049,0.8577091693878174,11.128798484802246,0.1107793003320694,0.020798722840845586,0.24899908900260925,0.0505,0.0004,0.10870203,0.12292559,0.08933709,10,True,False
2023-24,2023-10-21,Vermont,1,1.264506220817566,0.6934146881103516,2.3080241680145264,0.5177097320556641,0.18210731446743011,0.8466935455799104,24.120014190673828,11.6427640914917,39.64351806640625,0.048119109123945236,0.009875292889773846,0.10881677269935608,4.053162097930908,0.7315619826316835,10.263069152832031,0.10532983019948006,0.016813648864626884,0.250338026881218,0.0579,0.0003,0.11098129,0.12225455,0.08901955,10,True,False
2023-24,2023-10-21,Vermont,2,1.2659314274787903,0.7162189424037934,2.386779308319092,0.5091396570205688,0.176827073097229,0.8413956761360168,23.89755153656006,12.498592376708984,37.729671478271484,0.044588860124349594,0.00912049226462841,0.10634162873029712,3.7755815982818604,0.6992504000663757,9.891338348388672,0.11034682020545006,0.017642440088093285,0.2601074159145356,0.0664,0.0012,0.11243873,0.12411462,0.09062873,10,True,False
2023-24,2023-10-21,Wyoming,0,1.2666771411895752,0.6747564673423767,2.3558852672576904,0.5464476048946381,0.23638121932744982,0.8329566717147827,22.93741226196289,11.26886100769043,36.80274963378906,0.021719321608543396,0.0020000000949949026,0.06470495462417603,8.856782913208008,3.0136336565017707,20.642398071289072,0.1393740326166153,0.02361031845211983,0.30115675926208496,0.056,0.0015,0.11243087,0.15621186,0.11252926,10,True,False
2023-24,2023-10-21,Wyoming,1,1.3480628728866577,0.6810078024864197,2.4473509311676027,0.5444737374782562,0.19621827602386474,0.8308850526809692,26.765873908996582,13.915805244445801,40.30277481079102,0.028660202398896217,0.0020000000949949026,0.07373556494712831,9.369423866271973,3.1537551879882812,19.124052047729496,0.15016834437847137,0.03776991739869118,0.3169719457626343,0.0382,0.0024,0.11198223,0.16693472,0.1204239,10,True,False
2023-24,2023-10-21,Wyoming,2,1.3017320036888123,0.6792768180370331,2.3753569364547733,0.570868194103241,0.24318946152925494,0.8654760658740998,24.061511993408203,13.309068584442139,34.790992736816406,0.023053505457937717,0.0020000000949949026,0.06655664667487145,8.095942497253418,2.734953165054322,19.241270065307617,0.14015039801597595,0.026306740008294586,0.3078495055437088,0.048,0.0006,0.11079889,0.15766014,0.11473228,10,True,False
2023-24,2023-10-28,Alaska,0,1.2203242778778076,0.7704868912696838,2.0020864009857178,0.39327290654182434,0.12267867475748062,0.7209569811820984,24.61967658996582,9.475830078125,39.29151916503906,0.08176646381616592,0.040469035506248474,0.13754130899906158,16.661087036132812,7.925739669799806,28.81374740600586,0.06123245880007744,0.006439982447773218,0.16049786508083344,0.0913,0.0,0.11038784,0.08455903,0.06785907,10,True,False
2023-24,2023-10-28,Alaska,1,1.1973559856414795,0.740193784236908,2.070783853530884,0.4007997512817383,0.12111979350447655,0.7337188124656677,23.990734100341797,9.068815612792969,38.19067306518556,0.0854872614145279,0.04288341850042343,0.1388876587152481,17.420769691467285,8.493263244628906,28.857494354248047,0.07178742438554764,0.010296203289180997,0.18002381920814514,0.0762,0.0,0.11063188,0.09144906,0.07417812,10,True,False
2023-24,2023-10-28,Alaska,2,1.1718661189079285,0.7266820669174194,2.1898152828216553,0.45376890897750854,0.13618691265583038,0.7759594917297363,23.94643497467041,8.853486919403077,40.418284606933604,0.08822838962078094,0.041680436581373215,0.1497342437505722,15.191425323486328,7.32943868637085,27.58626365661621,0.07356660068035126,0.009561690501868725,0.17878581583499908,0.0832,0.0,0.11024725,0.09385366,0.0749689,10,True,False
2023-24,2023-10-28,California,0,1.4098598957061768,0.9838035106658936,2.112870931625366,0.3563009202480316,0.08582461625337601,0.686791718006134,29.35003089904785,15.774916648864746,41.25288391113281,0.006907146889716387,0.002272949554026127,0.01400682982057333,18.26095199584961,9.314057350158691,29.920040512084963,0.06455546617507935,0.009302800707519055,0.15414080023765564,0.079,0.0,0.11251659,0.08008831,0.06701658,10,True,False
2023-24,2023-10-28,California,1,1.2720658779144287,0.8817110419273376,2.1924155950546265,0.35465672612190247,0.08655425161123276,0.6916134357452395,26.507936477661133,9.929914474487305,40.183895111083984,0.007567050401121378,0.002417710144072771,0.01645508222281933,15.489399909973145,8.383561134338379,23.818132400512695,0.06480622291564941,0.011755839083343756,0.15747211873531347,0.0694,0.0,0.11232214,0.07934577,0.06490972,10,True,False
2023-24,2023-10-28,California,2,1.3155546188354492,0.7970091938972473,2.218494415283203,0.40102216601371765,0.11600658297538757,0.748103678226471,27.262758255004883,11.82163143157959,40.376840209960946,0.007814905373379588,0.0026161947287619116,0.016029110178351402,16.55789566040039,8.689820289611816,26.516462707519533,0.06232360936701298,0.010665445681661374,0.14655225425958637,0.0717,0.0,0.11335111,0.07959686,0.06561978,10,True,False
2023-24,2023-10-28,New York,0,1.4024710655212402,0.9089829921722412,2.154160261154175,0.3996610939502716,0.12143128365278244,0.7175316691398621,27.625513076782227,14.540954399108887,39.984789276123045,0.008411205373704433,0.002437600865960121,0.017537275329232216,15.67971420288086,6.834503030776978,29.648212432861328,0.06935026124119759,0.009196937084197998,0.16696771681308747,0.0797,0.0,0.11088246,0.08534851,0.06830704,10,True,False
2023-24,2023-10-28,New York,1,1.3652384281158447,0.7854884266853333,2.2206042528152468,0.42831794917583466,0.1389361023902893,0.7279863357543945,27.096233367919922,11.290923118591309,40.114959716796875,0.009393931366503239,0.003276336984708906,0.01919840127229692,13.248410701751709,5.991033983230591,23.85441818237305,0.07471596077084541,0.009140474349260332,0.1815229833126068,0.0841,0.0,0.11217103,0.09379112,0.07539701,10,True,False
2023-24,2023-10-28,New York,2,1.306057333946228,0.8425336480140686,2.2021317005157472,0.4022557735443115,0.1065145991742611,0.7404680252075195,25.82999610900879,11.86754035949707,38.82969589233399,0.009784712456166744,0.002802377264015377,0.01955591924488545,11.653183937072754,5.731046056747438,20.27277183532715,0.06848060712218285,0.009920055605471143,0.1647762641310692,0.077,0.0,0.11398913,0.08551182,0.06904015,10,True,False
2023-24,2023-10-28,Pennsylvania,0,0.8138941526412964,0.6030629277229309,1.4514389038085938,0.4339803159236908,0.156465482711792,0.6588523030281068,15.848878860473633,5.986580276489258,32.521720123291026,0.052143869921565056,0.028473652340471747,0.07956778258085251,20.627004623413086,11.092851543426514,30.486932182312014,0.053916674107313156,0.011494964640587569,0.12236988171935083,0.0594,0.0,0.11065379,0.06515082,0.05083452,10,True,False
2023-24,2023-10-28,Pennsylvania,1,1.027647078037262,0.6399463415145874,1.7762973308563232,0.40391968190670013,0.1458525747060776,0.7194464802742004,24.0384521484375,9.108026027679445,39.86188888549805,0.058004435151815414,0.02866337187588215,0.09174709767103195,16.13029670715332,9.003690052032471,24.784820556640625,0.06751245260238647,0.011024662852287294,0.16653600335121155,0.0712,0.0,0.11083484,0.08554119,0.06698572,10,True,False
2023-24,2023-10-28,Pennsylvania,2,0.910471647977829,0.6186128795146942,1.7135206460952759,0.4226032495498657,0.14399680346250535,0.7006304860115051,19.06593132019043,6.61400957107544,35.65028457641603,0.05434878543019295,0.028799874149262904,0.0840070001780987,18.514284133911133,9.84452419281006,28.32792053222657,0.0707307830452919,0.010367827862501145,0.17268699407577515,0.0768,0.0,0.11251328,0.09017117,0.06979408,10,True,False
2023-24,2023-10-28,Vermont,0,1.0621855854988098,0.6155735731124878,2.106323719024658,0.4655424952507019,0.16715899109840396,0.7937219023704529,24.7678861618042,10.679623794555667,38.28834915161133,0.0486791655421257,0.0020000000949949026,0.1199800796806813,3.3652994632720947,0.10000000149011612,8.54886245727539,0.10113006457686424,0.017836389504373076,0.23849773406982422,0.0577,0.0001,0.1138716,0.12214188,0.09030902,10,True,False
2023-24,2023-10-28,Vermont,1,1.0948212146759033,0.6185175955295563,2.149982285499573,0.5151231586933136,0.18188883662223815,0.8294037759304047,25.75702476501465,11.265396976470948,39.935296630859376,0.04250606894493103,0.0033200427424162635,0.09728277847170833,3.1610463857650757,0.10000000149011612,8.217113685607913,0.10930999368429184,0.021560564450919632,0.2450983613729477,0.0536,0.0002,0.11299872,0.12568797,0.09219585,10,True,False
2023-24,2023-10-28,Vermont,2,1.0450252890586853,0.607875543832779,2.0399293899536133,0.49622371792793274,0.17224967777729033,0.8038031280040742,24.83805274963379,10.616781234741211,38.651695251464844,0.047473691403865814,0.003182556410320104,0.10946637541055682,3.244208335876465,0.10000000149011612,8.866011619567871,0.10443856567144394,0.01488974103704095,0.24769790619611745,0.0673,0.0014,0.11027415,0.12694758,0.09539253,10,True,False
2023-24,2023-10-28,Wyoming,0,1.1929237842559814,0.6000000238418579,2.4169974327087402,0.5741872191429138,0.2846192717552185,0.8670310974121094,25.8437442779541,13.985844612121582,38.41657638549805,0.011532269418239594,0.0020000000949949026,0.05503419525921345,5.9483256340026855,0.10000000149011612,14.783531188964844,0.17074455320835114,0.03856942430138588,0.3505535423755646,0.0405,0.0038,0.1115895,0.16028367,0.11092156,10,True,False
2023-24,2023-10-28,Wyoming,1,1.0782122611999512,0.6000000238418579,2.3575966358184814,0.49379590153694153,0.1898766577243805,0.8182826638221741,25.3493013381958,13.641939163208008,37.14529418945313,0.015277487225830555,0.0020000000949949026,0.06412059515714646,6.4881017208099365,0.10000000149011612,16.177461624145508,0.19789397716522217,0.04956283047795296,0.3632749617099762,0.0308,0.0057,0.11257558,0.17747553,0.12324342,10,True,False
2023-24,2023-10-28,Wyoming,2,1.0930867195129395,0.6000000238418579,2.3179399967193604,0.5494523644447327,0.249957075715065,0.8674279093742371,24.601469039916992,13.318184852600098,37.914579772949224,0.014715265482664108,0.0020000000949949026,0.06027175858616829,5.572516918182373,0.10000000149011612,12.812716388702398,0.19924908876419067,0.04374163933098316,0.3587650954723358,0.0366,0.002,0.11223666,0.17704135,0.12007262,10,True,False
2023-24,2023-11-04,Alaska,0,1.1404080390930176,0.668965756893158,1.9640282511711125,0.4380166828632355,0.11525332927703857,0.733323335647583,24.783486366271973,8.807354927062988,40.40372772216797,0.09596638008952141,0.04900846257805824,0.15935257822275167,18.43150520324707,9.5631573677063,29.819752311706566,0.07379336655139923,0.010469580069184303,0.17416702210903168,0.0765,0.0,0.11107131,0.09248737,0.07413628,11,False,False
2023-24,2023-11-04,Alaska,1,1.1979095935821533,0.6925840735435486,1.95746910572052,0.4053325653076172,0.09750597178936005,0.7520479500293733,27.057472229003906,11.307614994049072,39.34528923034669,0.10579463839530945,0.05245068669319153,0.17595897316932682,15.91700553894043,7.989128112792969,25.96854648590088,0.07520168274641037,0.011397695820778615,0.1750129222869873,0.0715,0.0,0.1128947,0.0934747,0.0747434,11,False,False
2023-24,2023-11-04,Alaska,2,1.15566885471344,0.7539529800415039,1.942423939704895,0.3663281500339508,0.0787840284407139,0.7098761796951294,26.644362449645996,10.20592622756958,40.09718704223633,0.1024048961699009,0.051642406359314934,0.165273454785347,16.465547561645508,8.47194528579712,28.03400993347168,0.05896377190947533,0.006931000389158726,0.14292413592338563,0.091,0.0,0.10952816,0.07615639,0.06295197,11,False,False
2023-24,2023-11-04,California,0,1.1931860446929932,0.6880335986614228,2.0381895542144775,0.4214686155319214,0.11999014019966125,0.6920825064182282,26.853052139282227,10.46889591217041,42.32489013671876,0.01975388638675213,0.006765098217874767,0.035995692014694214,19.084298133850098,9.779924392700195,30.427888870239258,0.07734537869691849,0.015143982134759426,0.16914553940296173,0.0622,0.0,0.10891546,0.09030319,0.07439409,11,False,False
2023-24,2023-11-04,California,1,1.3051435947418213,0.706691986322403,2.1838436126708984,0.4474199265241623,0.1407054364681244,0.7463670492172243,28.862826347351074,11.779129028320312,41.82487869262695,0.018805289641022682,0.005637579271569848,0.03690442442893982,16.378612518310547,8.49491491317749,26.739341735839844,0.07016000151634216,0.012868760339915753,0.17020157724618912,0.0642,0.0,0.1131385,0.08936865,0.07047724,11,False,False
2023-24,2023-11-04,California,2,1.3546781539916992,0.7971840500831604,2.172851324081421,0.3705786466598511,0.0850829415023327,0.6931661188602448,28.36899757385254,13.42387866973877,42.268795013427734,0.011054513975977898,0.0033679949818179017,0.022995675541460522,18.964862823486328,10.337003231048586,28.925548553466797,0.06566566601395607,0.012434022221714261,0.1486083880066872,0.0609,0.0,0.11145999,0.07693549,0.06306544,11,False,False
2023-24,2023-11-04,New York,0,1.3604799509048462,0.7540786266326904,2.321618914604187,0.48617684841156006,0.14714746922254573,0.7938953459262849,28.474853515625,11.833552360534668,42.29668426513673,0.01393232960253954,0.004196643363684416,0.02837093360722065,14.350123882293701,7.145934009552002,23.825504302978516,0.08150973170995712,0.014520742278546097,0.17944613397121434,0.0606,0.0,0.11045275,0.095547,0.07387369,11,False,False
2023-24,2023-11-04,New York,1,1.7198991179466248,0.9908599853515625,2.5,0.528859406709671,0.24655600041151046,0.8061898648738863,30.58726978302002,19.541475296020508,40.33536911010742,0.010904623661190271,0.0031210656743496656,0.022338549979031095,17.8734130859375,8.112941074371339,30.444483375549318,0.07614431530237198,0.011014873068779709,0.1898084282875061,0.0746,0.0,0.11156115,0.09431858,0.07200654,11,False,False
2023-24,2023-11-04,New York,2,1.3720207214355469,0.7422192811965942,2.234175443649292,0.4576295018196106,0.14782416969537737,0.7795018255710603,27.338797569274902,11.174636268615723,40.851253509521484,0.015299491584300995,0.004461371758952737,0.03093608096241951,12.853676795959473,6.5099616050720215,20.871374130249023,0.06976804882287979,0.012563123367726803,0.15321122109889984,0.0679,0.0,0.1142794,0.08206901,0.0655915,11,False,False
2023-24,2023-11-04,Pennsylvania,0,0.9619875550270081,0.672477662563324,1.4938198804855354,0.3112785816192627,0.07193145677447318,0.602018415927887,22.66409683227539,7.400867080688477,37.144520187377935,0.056590836495161057,0.030512608587741852,0.0860108733177185,16.603620529174805,9.270143508911133,26.39181900024414,0.05205737613141537,0.0073700277134776115,0.12589875310659412,0.0827,0.0,0.11058564,0.06784911,0.05684753,11,False,False
2023-24,2023-11-04,Pennsylvania,1,1.0578559637069702,0.6544310748577118,2.024054527282715,0.44347596168518066,0.12953691184520721,0.8133972883224487,27.80966567993164,9.520440101623535,40.751956939697266,0.05467512831091881,0.02968672476708889,0.08578953146934509,18.614587783813477,10.028969287872314,28.036359786987305,0.06666948646306992,0.007756947539746761,0.16590151041746157,0.0862,0.0,0.11343162,0.08538884,0.06586736,11,False,False
2023-24,2023-11-04,Pennsylvania,2,0.8283066153526306,0.6096718192100525,1.5514646768569946,0.4232119023799896,0.17581887394189835,0.6717487573623657,17.20517349243164,4.736992645263672,38.043701171875,0.05462891049683094,0.029116887599229813,0.0829794630408287,19.748528480529785,11.033143997192383,30.136796951293945,0.05335522070527077,0.0069317965302616415,0.13406170904636383,0.089,0.0,0.11208162,0.07049904,0.05555184,11,False,False
2023-24,2023-11-04,Vermont,0,0.9810640811920166,0.6000000238418579,1.9181283712387085,0.4927806556224823,0.18467137217521667,0.8035691380500793,27.03454875946045,11.577149391174316,40.921759414672856,0.04712660610675812,0.00218850753735751,0.10540594905614853,2.987391471862793,0.10000000149011612,8.450266933441167,0.11561527103185654,0.020290973596274867,0.25142401456832886,0.0551,0.0,0.11101015,0.12994615,0.09579871,11,False,False
2023-24,2023-11-04,Vermont,1,0.9877032041549683,0.600915253162384,2.043361306190491,0.4771515429019928,0.15560762584209442,0.8236051201820374,26.782854080200195,11.422546482086185,40.54259490966797,0.04713703319430351,0.002695702016353607,0.10493601113557816,3.7232136726379395,0.10000000149011612,10.22851848602295,0.10448399186134338,0.02022726908326152,0.2355300784111023,0.0533,0.0007,0.11139063,0.1207026,0.08776533,11,False,False
2023-24,2023-11-04,Vermont,2,0.9563935995101929,0.6000000238418579,1.9062968492507935,0.4376702606678009,0.12294499576091766,0.7891472280025483,25.87998390197754,11.780463218688965,40.15170669555664,0.04582194611430168,0.003715652041137221,0.10488753765821457,3.1652694940567017,0.10000000149011612,8.73233699798584,0.10803931951522827,0.022370606660842896,0.24030303955078125,0.0486,0.0,0.11128487,0.12131637,0.09030818,11,False,False
2023-24,2023-11-04,Wyoming,0,1.1483117938041687,0.6000000238418579,2.373413372039795,0.5352299511432648,0.2090051054954529,0.8278790771961212,27.308637619018555,14.235517692565919,38.872039794921875,0.014265008270740509,0.0020000000949949026,0.05487934462726118,8.459178447723389,1.9125448584556584,19.630319595336914,0.15824764221906662,0.04339894652366638,0.29647096991539,0.0314,0.0009,0.11108655,0.16280809,0.11133693,11,False,False
2023-24,2023-11-04,Wyoming,1,1.0913077592849731,0.6000000238418579,2.3394662857055666,0.5373057723045349,0.2043412134051323,0.8496994674205781,27.161864280700684,13.396498394012452,39.28030395507813,0.015430525876581669,0.0020000000949949026,0.05997344478964806,7.602186441421509,2.213442754745484,15.55639362335205,0.1732393205165863,0.04865381531417371,0.33130812644958496,0.0254,0.0018,0.1121873,0.18580034,0.12159698,11,False,False
2023-24,2023-11-04,Wyoming,2,1.0973544120788574,0.6000000238418579,2.3666513681411745,0.5303316712379456,0.1930231675505638,0.8667478501796723,27.31009578704834,15.74363660812378,39.58846473693848,0.01692092139273882,0.0020000000949949026,0.05549080334603788,8.504453659057617,1.958122897148133,17.964764022827154,0.19441242516040802,0.0483671646565199,0.3660615861415863,0.0306,0.0061,0.10890845,0.20473813,0.13015525,11,False,False
2023-24,2023-11-11,Alaska,0,1.0876362323760986,0.7068535089492798,1.7289310097694397,0.33156804740428925,0.06906836479902267,0.6808622479438782,23.63197135925293,8.9595365524292,38.51951484680176,0.113643117249012,0.05970427021384239,0.1827809363603592,17.80684471130371,9.330973625183105,28.22237777709961,0.06222628988325596,0.008056050166487694,0.1567558974027634,0.0841,0.0,0.11421102,0.08319529,0.06705341,11,False,False
2023-24,2023-11-11,Alaska,1,1.1537489891052246,0.7344071269035339,1.993762493133545,0.38247258961200714,0.09636969715356827,0.7228313684463501,27.333505630493164,11.63606700897217,40.127506256103516,0.11957238614559174,0.0633774533867836,0.1892322450876236,17.55951499938965,9.506279945373535,26.31304168701172,0.06072136387228966,0.009424700401723385,0.14690577983856212,0.0781,0.0,0.1140885,0.07859992,0.06468888,11,False,False
2023-24,2023-11-11,Alaska,2,1.1191297769546509,0.6922374963760376,1.9289339780807495,0.4003717452287674,0.1135900691151619,0.7421408355236053,25.739209175109863,9.88332462310791,39.49433135986328,0.11996138095855713,0.05843127742409706,0.19726288318634033,17.783447265625,9.457374668121338,26.38951301574707,0.06665749102830887,0.011118653789162639,0.1556563824415207,0.0678,0.0,0.11510548,0.08274955,0.0656813,11,False,False
2023-24,2023-11-11,California,0,1.178985357284546,0.6732513308525085,2.144644260406494,0.5187416076660156,0.19012337923049927,0.7719858288764954,24.096757888793945,10.997225761413574,38.67330551147461,0.03947831690311432,0.020261550322175026,0.06156977638602257,14.214688301086426,8.30587034225464,20.85574722290039,0.08007142692804337,0.012297562044113877,0.18464118242263794,0.0734,0.0,0.1111151,0.09403299,0.07062146,11,False,False
2023-24,2023-11-11,California,1,1.0582748055458069,0.6856296062469482,1.6250125169754028,0.4260037839412689,0.13182318210601807,0.709026575088501,19.96219253540039,10.28832597732544,33.28486671447756,0.040184833109378815,0.021427752636373042,0.06080317609012127,22.575264930725098,12.409189224243164,32.84486312866211,0.07645078748464584,0.013539452105760574,0.17432063817977905,0.0582,0.0,0.10889704,0.08440947,0.06427357,11,False,False
2023-24,2023-11-11,California,2,0.9936476349830627,0.6559754848480225,1.6543221473693848,0.47105905413627625,0.16625316739082338,0.7433432340621948,17.23691749572754,8.151294803619386,34.27205123901368,0.04770112410187721,0.026393657177686693,0.07321307063102722,26.144161224365234,14.997893333435059,36.153366851806645,0.08480601757764816,0.01413929928094152,0.20412902534008026,0.0695,0.0,0.11232703,0.09791274,0.07392711,11,False,False
2023-24,2023-11-11,New York,0,1.3074411749839783,0.8094784438610076,2.2015454769134526,0.41864463686943054,0.11869296655058861,0.7364217638969421,28.88794231414795,13.58481216430664,43.37805862426758,0.025282292626798153,0.009225340560078621,0.05109710991382599,12.253367900848389,6.342730236053468,19.370214462280273,0.08128166943788528,0.012064262572675944,0.20512989163398745,0.0733,0.0002,0.10884236,0.10296476,0.08117247,11,False,False
2023-24,2023-11-11,New York,1,1.3192338943481445,0.8025131225585938,2.176299571990967,0.4082712084054947,0.1194252222776413,0.7286967635154724,26.85814666748047,11.393463993072514,40.75212974548341,0.022199613973498344,0.008555866032838822,0.04068965017795563,12.577628135681152,6.503987884521485,19.584193420410166,0.0682775154709816,0.012262427248060703,0.15347447991371155,0.0676,0.0,0.11290543,0.0800096,0.06498322,11,False,False
2023-24,2023-11-11,New York,2,1.3870530128479004,0.7706081867218018,2.390650987625122,0.5306933522224426,0.2407568246126175,0.8150365352630615,28.26645278930664,14.637925148010254,38.6178035736084,0.02021809108555317,0.00750977685675025,0.03890400379896164,16.72418785095215,8.149111652374268,27.915970993041995,0.0699445903301239,0.011860062461346391,0.1602132350206375,0.0662,0.0,0.11206942,0.08444714,0.06633936,11,False,False
2023-24,2023-11-11,Pennsylvania,0,1.127577304840088,0.7028561234474182,1.8549740314483643,0.4025523364543915,0.14063985496759418,0.6724843978881836,24.828659057617188,10.22332592010498,40.032508850097656,0.05815455690026283,0.03254154659807682,0.08774382397532467,18.481481552124023,9.883004379272462,28.07987403869629,0.07722056284546852,0.014091062359511852,0.18777643144130707,0.0628,0.0,0.11197797,0.09151277,0.06982513,11,False,False
2023-24,2023-11-11,Pennsylvania,1,1.0759021043777466,0.7128317356109619,1.8427895307540894,0.39346662163734436,0.11815592646598816,0.7017769813537598,22.346111297607422,8.966435432434082,37.36579895019531,0.06012371554970741,0.034379969909787186,0.09366870671510696,19.498807907104492,11.150052070617676,28.210106277465833,0.06972362101078033,0.009267053473740827,0.16856062412261963,0.0786,0.0,0.11152022,0.08181472,0.06354239,11,False,False
2023-24,2023-11-11,Pennsylvania,2,0.9789299368858337,0.6882216930389404,1.4879233837127686,0.3587985038757324,0.1208309143781662,0.6150650382041931,16.54636573791504,6.466175079345703,33.08165740966797,0.06577185541391373,0.03554731607437134,0.10183839946985247,19.895889282226562,11.402718544006348,28.778050231933594,0.05753064528107643,0.008105792757123708,0.13322303742170338,0.0821,0.0,0.1098163,0.06565952,0.05180293,11,False,False
2023-24,2023-11-11,Vermont,0,1.0745719075202942,0.6397690176963806,2.0871198177337646,0.4847347140312195,0.18243452906608582,0.7779014706611633,22.903179168701172,10.522645950317383,36.06486892700195,0.047515153884887695,0.00995291629806161,0.09620465710759164,4.7447638511657715,0.8147587180137634,11.203228759765633,0.10608718544244766,0.020751121826469904,0.22521832585334778,0.0525,0.0,0.11160662,0.11947728,0.08681238,11,False,False
2023-24,2023-11-11,Vermont,1,1.1338613033294678,0.644484281539917,2.1254698753356935,0.47574862837791443,0.16955598145723347,0.7989267706871033,24.49578094482422,11.867191123962403,38.02579917907717,0.04540403559803963,0.008033669739961627,0.1031743586063385,4.931035041809082,0.9328429698944092,12.147420406341553,0.1002674326300621,0.0171755088493228,0.22188279032707214,0.0636,0.0,0.11146301,0.11887828,0.08479183,11,False,False
2023-24,2023-11-11,Vermont,2,1.139639973640442,0.6478468477725983,2.1537820339202893,0.47274400293827057,0.1577942967414856,0.7909153699874878,24.35108757019043,11.284165000915527,38.37849426269531,0.04706709831953049,0.011224614456295967,0.09775624424219131,4.153096675872803,0.689481544494629,10.95011558532716,0.1005813516676426,0.021634263917803764,0.21635448932647705,0.0479,0.0,0.11256919,0.11825154,0.08531113,11,False,False
2023-24,2023-11-11,Wyoming,0,1.3084672689437866,0.6842883825302124,2.5,0.5430871248245239,0.2367294430732727,0.8680593967437744,23.74165916442871,13.227601051330566,33.922393798828125,0.02044275403022766,0.005431440100073815,0.06440671533346176,8.964937210083008,2.3039016723632812,18.697538375854492,0.15779392421245575,0.03277541324496269,0.3388431668281555,0.0433,0.0074,0.11132791,0.20454784,0.1311103,11,False,False
2023-24,2023-11-11,Wyoming,1,1.2577095031738281,0.6924902200698853,2.3663182258605957,0.4817248284816742,0.13812002539634705,0.7897814810276031,24.873225212097168,14.57536554336548,36.135284423828125,0.02085694670677185,0.005810576118528847,0.06131163612008095,6.501969814300537,1.5150200605392456,14.046968460083008,0.1442420482635498,0.03720890358090401,0.31180381774902344,0.0285,0.0027,0.11135681,0.18013105,0.12020878,11,False,False
2023-24,2023-11-11,Wyoming,2,1.1821720600128174,0.6235725224018097,2.369858288764954,0.5612759292125702,0.2781256765127182,0.8264335989952087,22.464683532714844,11.466906547546387,34.280418395996094,0.025314265862107277,0.007472634455189111,0.07974355667829514,7.2750067710876465,1.9286709189414981,15.476385116577148,0.16492123901844025,0.033138103783130646,0.33746498823165894,0.0368,0.0044,0.11158828,0.20347778,0.12896316,11,False,False
2023-24,2023-11-18,Alaska,0,0.9436179995536804,0.6058076620101929,1.5679903030395508,0.4009741544723511,0.11108171194791794,0.6909973978996278,26.911340713500977,7.556283473968508,40.812217712402344,0.12170308828353882,0.05042636767029762,0.20947088301181802,16.98312759399414,8.94178981781006,26.783828735351562,0.06978418678045273,0.0114416572265327,0.15889332294464137,0.0672,0.0,0.11199319,0.07351091,0.06040786,11,False,False
2023-24,2023-11-18,Alaska,1,0.9333121180534363,0.6278102397918701,1.5112299919128418,0.376146137714386,0.11992450803518295,0.6658254861831665,23.401939392089844,4.690197944641113,42.16968345642091,0.11430216580629349,0.05155661329627037,0.18615895211696626,16.77478790283203,9.115333557128906,25.33321762084961,0.06072835251688957,0.011737994756549606,0.14346012026071556,0.0602,0.0,0.11139761,0.06630142,0.054911,11,False,False
2023-24,2023-11-18,Alaska,2,0.9658913910388947,0.6160731911659241,1.6558764100074768,0.39457979798316956,0.09871671348810196,0.7147348105907443,27.34369659423828,8.266776084899902,41.485286712646484,0.11305160447955132,0.04674366116523743,0.18270663917064667,18.175081253051758,9.083477973937988,28.646120262145995,0.07143878936767578,0.01576308161020279,0.15321055054664615,0.0532,0.0,0.11043921,0.07674239,0.06288644,11,False,False
2023-24,2023-11-18,California,0,1.0088930130004883,0.6804125189781189,1.691590988636017,0.4399544596672058,0.17823095023632052,0.6941551506519319,19.072237014770508,9.298303604125977,35.344895172119145,0.05817682296037674,0.03218955919146538,0.08483319282531743,19.843826293945312,11.296680736541749,29.640618515014655,0.06745846942067146,0.00989445298910141,0.16262355297803882,0.0772,0.0,0.11192851,0.08963614,0.07417463,11,False,False
2023-24,2023-11-18,California,1,1.135574221611023,0.7301340758800506,1.8257357358932498,0.40251629054546356,0.13207875043153763,0.7140228748321533,23.96341896057129,11.76073169708252,39.18500518798828,0.04976164735853672,0.02861817739903927,0.07432115077972412,20.93613338470459,11.261274242401123,31.30965194702149,0.06884241849184036,0.011659772135317326,0.15351463854312897,0.0677,0.0,0.11238124,0.08632989,0.07079164,11,False,False
2023-24,2023-11-18,California,2,1.381351351737976,0.834187924861908,2.2811106681823734,0.47542282938957214,0.17593643069267279,0.775637835264206,30.469491958618164,16.228946685791016,40.82120399475098,0.05135316401720047,0.029164090752601624,0.07890286669135094,23.099571228027344,12.647796630859375,34.02812576293945,0.06396157294511795,0.0073152222670614725,0.16338416337966918,0.0887,0.0,0.11265913,0.0829285,0.06659557,11,False,False
2023-24,2023-11-18,New York,0,1.2365851402282715,0.73428755402565,2.135554122924805,0.4194343090057373,0.13146924674510957,0.7350066125392914,27.76148509979248,13.350379943847656,40.03476524353028,0.029849329963326454,0.013230365328490734,0.05090003460645676,15.118493556976318,8.178669929504395,24.48426628112793,0.0738031268119812,0.010789236053824425,0.17391440123319638,0.0767,0.0,0.10972644,0.09318256,0.07283223,11,False,False
2023-24,2023-11-18,New York,1,1.2126535177230835,0.7417980432510376,2.1162075996398926,0.40949198603630066,0.12760616838932037,0.7377847194671631,27.805877685546875,13.64922971725464,40.92728080749512,0.03577646240592003,0.0159439817070961,0.06126093417406083,14.861140727996826,7.603926181793213,25.018083190917977,0.07154129445552826,0.011905200779438019,0.16992204785346984,0.0701,0.0,0.10995898,0.08973738,0.07309205,11,False,False
2023-24,2023-11-18,New York,2,1.3162230253219604,0.8264493584632874,2.063096761703491,0.3698034733533859,0.1170552432537079,0.6760458946228027,28.075395584106445,12.404067993164062,41.84148406982422,0.02329150028526783,0.009903623536229134,0.04097363576292992,16.653801918029785,8.72996644973755,25.37609024047852,0.07399383187294006,0.01211562193930149,0.17336727678775787,0.0694,0.0,0.11039732,0.09144383,0.07644272,11,False,False
2023-24,2023-11-18,Pennsylvania,0,0.9847859144210815,0.6813144743442535,1.5355010032653809,0.34882792830467224,0.09671305269002918,0.6445376873016357,20.10124397277832,8.647503852844238,36.79916191101075,0.06053966283798218,0.03511766344308853,0.08927655220031738,21.021499633789062,12.35682306289673,30.558208274841316,0.05775877833366394,0.007362738065421585,0.13826365768909454,0.0895,0.0,0.10988201,0.07642076,0.06464592,11,False,False
2023-24,2023-11-18,Pennsylvania,1,1.0621734857559204,0.6784594357013704,1.836200475692749,0.4073127806186676,0.12175440713763237,0.7078699469566345,24.693683624267578,11.64847011566162,38.83330154418945,0.06414076685905457,0.036845292523503305,0.09485804289579391,19.82211208343506,11.524343490600586,29.182204246521003,0.06122234836220741,0.008001412265002728,0.15917437225580217,0.0837,0.0,0.10945886,0.0828939,0.06779519,11,False,False
2023-24,2023-11-18,Pennsylvania,2,1.0856061577796936,0.6709818959236146,2.056520700454712,0.4553748071193695,0.14694271236658096,0.7719453275203705,25.34213161468506,9.949135780334473,40.86811447143555,0.06282860413193703,0.034298958256840706,0.09193694218993187,17.830923080444336,10.193694114685059,27.276607513427734,0.06560646742582321,0.013024381920695306,0.15108644664287574,0.06,0.0,0.11123222,0.08217081,0.06669777,11,False,False
2023-24,2023-11-18,Vermont,0,1.2692174911499023,0.7384823143482209,2.215787410736084,0.4769016206264496,0.170891672372818,0.7986327350139619,24.078990936279297,12.176299095153809,36.36848449707031,0.05002830736339092,0.011339185759425163,0.10602740943431854,6.021142244338989,1.7148457169532778,13.372583580017093,0.10433920845389366,0.02078559808433056,0.20997193902730946,0.0518,0.0,0.11011643,0.1141187,0.08839871,11,False,False
2023-24,2023-11-18,Vermont,1,1.254646897315979,0.7512497305870056,2.2745838165283203,0.4781922698020935,0.18844468891620636,0.77736833691597,24.335658073425293,12.052417755126953,36.476415252685555,0.04142897576093674,0.010004520416259766,0.09178566187620163,6.105910778045654,1.6628690719604495,14.607988834381105,0.09622786194086075,0.016299278102815153,0.21081003546714783,0.0654,0.0,0.11270711,0.10993403,0.08646765,11,False,False
2023-24,2023-11-18,Vermont,2,1.2228128910064697,0.6972516775131226,2.2742629051208496,0.5067479610443115,0.21617569625377658,0.7925726830959321,23.77379608154297,12.309269905090334,37.35788116455078,0.04669177532196045,0.009144674986600876,0.10330059081315997,5.755512237548828,1.7214400768280032,12.409227371215826,0.09727700054645538,0.019229203462600708,0.21058297306299215,0.0578,0.0001,0.11125148,0.11471583,0.08619522,11,False,False
2023-24,2023-11-18,Wyoming,0,1.2724342346191406,0.6692298054695129,2.450924563407899,0.5628632307052612,0.2699296057224274,0.8296488583087923,24.843477249145508,13.088379859924316,38.47854995727539,0.03890829160809517,0.0036861069966107607,0.10272879526019098,7.61067271232605,2.682774066925049,14.973273277282715,0.1369248628616333,0.03305407986044885,0.288468599319458,0.0382,0.0018,0.11286928,0.15750414,0.11045509,11,False,False
2023-24,2023-11-18,Wyoming,1,1.2694190740585327,0.7122840046882629,2.4282682657241836,0.532099038362503,0.23565272986888885,0.8050065040588379,23.347654342651367,12.793225288391113,36.52887535095215,0.0317288301885128,0.008635281119495635,0.07933981716632843,9.086240768432617,2.9592371940612794,19.61270523071289,0.1484697461128235,0.03190870210528374,0.32911223769187936,0.0391,0.0012,0.10975985,0.16898575,0.12031843,11,False,False
2023-24,2023-11-18,Wyoming,2,1.3095089197158813,0.6874449014663696,2.4878252744674687,0.5769942402839661,0.25647096037864686,0.8440109670162201,24.099931716918945,14.463971424102784,35.31169776916504,0.02789309248328209,0.007911774329841137,0.06403475999832153,8.505146980285645,3.0171780347824106,15.243552207946777,0.14597488939762115,0.03358153998851776,0.29364418089389804,0.0364,0.0004,0.11023616,0.16198225,0.11619766,11,False,False
2023-24,2023-11-25,Alaska,0,0.7945654392242432,0.6000000238418579,1.4128670692443848,0.43416300415992737,0.1764976531267166,0.6983410656452179,21.39256191253662,4.543867015838624,39.89933547973633,0.1341337189078331,0.06078311800956726,0.21367505341768267,19.942920684814453,10.608139991760254,29.43335056304932,0.06572330743074417,0.011529062874615194,0.14781254529953003,0.0672,0.0,0.11051658,0.07499991,0.05693921,11,False,False
2023-24,2023-11-25,Alaska,1,0.9274095892906189,0.614945524930954,1.4688267707824707,0.371395006775856,0.08527142331004144,0.659834623336792,28.096177101135254,8.402910518646241,42.449832916259766,0.12203958630561829,0.054583421722054486,0.21286221891641618,18.752333641052246,9.75341510772705,28.641939163208008,0.0748024471104145,0.017873654142022133,0.15603751540184022,0.0458,0.0001,0.11124051,0.08197142,0.06523981,11,False,False
2023-24,2023-11-25,Alaska,2,0.9580721259117126,0.6214315891265869,1.6726438403129582,0.3974161148071289,0.10459704026579858,0.7666184782981875,30.40477180480957,8.791711616516116,43.62912864685059,0.12409186363220215,0.057268847525119786,0.20660791993141175,16.730295181274414,9.405366992950439,26.899932861328125,0.06977754831314087,0.01689577754586935,0.14627526551485062,0.0435,0.0,0.11161711,0.07708748,0.06287713,11,False,False
2023-24,2023-11-25,California,0,1.0112131834030151,0.6981768786907196,1.612721562385559,0.38507717847824097,0.12761516869068146,0.6664407253265381,23.98516845703125,10.41430540084839,39.1175724029541,0.05149975046515465,0.029078399762511253,0.07737035974860192,22.566686630249023,13.297909355163574,32.538719177246094,0.060785651206970215,0.009887496009469032,0.1366434842348099,0.073,0.0,0.11117984,0.07084623,0.05935832,11,False,False
2023-24,2023-11-25,California,1,1.1166939735412598,0.6301466822624207,2.104858636856079,0.4912801682949066,0.16457381993532183,0.7857075810432435,28.349483489990234,11.805709266662598,42.767824554443365,0.05797712504863739,0.03131644316017628,0.08848537504673004,18.480358123779297,10.301043510437012,27.991709899902354,0.07889765128493309,0.013957330118864778,0.1753098964691162,0.0613,0.0,0.11033473,0.09050518,0.07116726,11,False,False
2023-24,2023-11-25,California,2,0.8155080676078796,0.6081684172153473,1.392401099205017,0.487047404050827,0.20034195482730865,0.7053044438362122,17.347743034362793,9.01261339187622,34.148144149780286,0.062176674604415894,0.03651924803853035,0.09117013588547707,23.154544830322266,13.39971923828125,33.59704322814942,0.06076115742325783,0.01025679046288133,0.1368956953287125,0.0733,0.0,0.11030086,0.07218855,0.0595291,11,False,False
2023-24,2023-11-25,New York,0,1.1868387460708618,0.7567413389682771,2.078430652618408,0.40506958961486816,0.14699643850326538,0.7328184247016907,27.631072998046875,12.50218677520752,41.1408889770508,0.04324897937476635,0.0213877197355032,0.06960900127887726,15.912213325500488,8.21385669708252,25.790082931518555,0.0660785660147667,0.010226267389953136,0.1584642082452774,0.0722,0.0,0.11146232,0.08323329,0.06639664,11,False,False
2023-24,2023-11-25,New York,1,1.062674343585968,0.6459679007530212,1.873136067390442,0.4527570903301239,0.16489651799201965,0.7440953850746155,24.65420150756836,11.774918746948245,39.25608406066895,0.042384035885334015,0.02095896173268557,0.06588147580623627,16.13524627685547,9.039303016662597,24.96881103515625,0.06439042836427689,0.010377376340329647,0.15598605573177338,0.0719,0.0,0.11121486,0.08042777,0.06521451,11,False,False
2023-24,2023-11-25,New York,2,1.0028643012046814,0.6600119471549988,1.5659983515739442,0.37387071549892426,0.12433606684207918,0.6625393927097321,22.636452674865723,10.991650390625002,36.94531402587891,0.042903535068035126,0.02236893903464079,0.06771360337734222,15.841217994689941,8.745105934143066,26.07708740234375,0.06053520180284977,0.009634235128760342,0.1379813551902771,0.0765,0.0,0.11211572,0.07587097,0.06167078,11,False,False
2023-24,2023-11-25,Pennsylvania,0,1.1445186138153076,0.823280668258667,1.5992031097412116,0.2574954032897949,0.038998737186193504,0.5770006775856018,28.79098129272461,15.374879837036133,42.55187225341797,0.0641009584069252,0.035772863775491714,0.09610588848590851,22.31038761138916,13.231181144714355,31.71491813659668,0.04669024422764778,0.00752703519538045,0.10802198946475983,0.0799,0.0,0.11153376,0.05853706,0.05031206,11,False,False
2023-24,2023-11-25,Pennsylvania,1,0.9403523802757263,0.6343978881835938,1.4889009356498726,0.404013529419899,0.13066218793392181,0.6557113528251648,19.2705135345459,9.773905754089355,35.14581298828125,0.06728340685367584,0.03952040523290634,0.09850722551345825,22.1107120513916,13.173095321655273,31.00407600402832,0.05040641129016876,0.007500302512198687,0.12135767936706543,0.0801,0.0,0.11227963,0.06387804,0.05123881,11,False,False
2023-24,2023-11-25,Pennsylvania,2,1.064569354057312,0.7590267062187195,1.5390633344650269,0.2771500498056412,0.06411147862672806,0.5715315937995911,23.722549438476562,11.835438442230227,38.45538330078125,0.06786377727985382,0.03974410705268383,0.10013314411044123,23.960975646972656,14.708544731140137,33.04616928100586,0.043325213715434074,0.008482088614255192,0.09959590882062913,0.0724,0.0,0.10946989,0.05442765,0.0470427,11,False,False
2023-24,2023-11-25,Vermont,0,1.0708001852035522,0.6696585059165955,1.9647552490234381,0.4265167862176895,0.13294032216072083,0.7596877932548524,24.43889617919922,11.20342197418213,38.107757568359375,0.04502261243760586,0.005649692378938198,0.09709811955690385,6.924433708190918,2.141348361968994,14.61890459060669,0.09192521125078201,0.01387177435681224,0.21505171805620193,0.0695,0.0,0.11173129,0.11268717,0.08676111,11,False,False
2023-24,2023-11-25,Vermont,1,1.1370645761489868,0.6810988366603852,2.074026274681094,0.4749620258808136,0.18728609383106232,0.757068943977356,26.153841018676758,11.879770469665528,39.46483612060547,0.04535161145031452,0.005223050247877836,0.09830403327941896,5.552426338195801,1.7986476421356201,11.971155166625977,0.09049937501549721,0.015710565075278286,0.20045071840286255,0.0603,0.0,0.11309943,0.10958247,0.08292365,11,False,False
2023-24,2023-11-25,Vermont,2,1.0948890447616577,0.6686319708824158,1.9734573125839237,0.4652062952518463,0.1869268611073494,0.7449420094490051,25.200743675231934,11.593301773071289,39.88569526672364,0.03878411650657654,0.005115101439878345,0.08424958884716034,6.727812767028809,2.124934196472168,14.702514839172364,0.09034140408039093,0.016884979046881205,0.199873848259449,0.0547,0.0002,0.11180792,0.10662195,0.08495929,11,False,False
2023-24,2023-11-25,Wyoming,0,1.340831696987152,0.7482096552848816,2.4949262142181396,0.5334891080856323,0.25550058484077454,0.8031838655471802,25.309460639953613,14.308094024658203,37.62245178222656,0.05308447778224945,0.019476361572742462,0.10970791652798653,7.675188064575195,3.1239748001098633,13.764863109588624,0.14806565642356873,0.03518280014395714,0.30211544334888457,0.0362,0.0002,0.11127653,0.16028177,0.11565393,11,False,False
2023-24,2023-11-25,Wyoming,1,1.3725506067276,0.7871708869934082,2.4505566120147706,0.5413523316383362,0.25789115428924564,0.821821391582489,24.824010848999023,13.86688232421875,36.70827026367188,0.04713789001107216,0.01722642406821251,0.11062449067831043,10.29761028289795,4.1011762619018555,19.65190887451172,0.13288460671901703,0.03206491842865944,0.28534305393695847,0.0418,0.0,0.11209575,0.14368072,0.10586594,11,False,False
2023-24,2023-11-25,Wyoming,2,1.3199729919433594,0.7024898529052734,2.416908025741577,0.5539840459823608,0.2652114927768707,0.8259924650192261,23.7126522064209,13.296359062194824,34.92987251281738,0.04876471683382988,0.016603976488113403,0.11126094311475754,9.88361930847168,3.6511375188827517,20.090452194213867,0.1553637683391571,0.0401407815515995,0.3062718659639359,0.028,0.0034,0.11161646,0.16704824,0.11847778,11,False,False
2023-24,2023-12-02,Alaska,0,0.9496839642524719,0.639519602060318,1.4806498289108276,0.3415774703025818,0.07339890897274018,0.6418134570121765,26.544532775878906,9.213659286499023,42.99325180053711,0.13932424783706665,0.06611723452806473,0.21982812881469727,17.855714797973633,9.955024909973146,27.160036087036133,0.07358139753341675,0.01858673430979252,0.15038736164569855,0.0427,0.0,0.11096916,0.08682963,0.06814768,12,False,False
2023-24,2023-12-02,Alaska,1,0.920219212770462,0.6228569149971008,1.4698069095611572,0.3829270303249359,0.10778539925813677,0.66485196352005,25.596169471740723,9.176922416687011,42.6203727722168,0.13096649944782257,0.06960219144821167,0.2146996259689331,18.19034194946289,10.175352096557617,26.762655067443855,0.06158391758799553,0.013486011885106564,0.1315174400806427,0.0553,0.0,0.11277926,0.07301246,0.05563784,12,False,False
2023-24,2023-12-02,Alaska,2,0.9261121153831482,0.6371200084686279,1.5313585996627808,0.3723439574241638,0.09055815488100052,0.66546231508255,25.835006713867188,9.490453720092773,41.22316551208496,0.1399775892496109,0.06888160854578018,0.22627305835485462,18.445629119873047,10.632167339324955,27.53704833984375,0.06486357748508453,0.012902267277240753,0.135983918607235,0.0616,0.0,0.11183757,0.07623467,0.06009879,12,False,False
2023-24,2023-12-02,California,0,1.0202836990356445,0.6920912563800812,1.4556682109832764,0.3178686201572418,0.07836555242538457,0.6173301935195923,24.101707458496094,11.112212181091309,40.01723442077637,0.06822140514850616,0.039258908852934836,0.10357212275266647,22.828418731689453,14.50097637176514,32.106729125976564,0.05478942580521107,0.010155953373759985,0.12929148674011234,0.0713,0.0,0.11050475,0.06870713,0.05679425,12,False,False
2023-24,2023-12-02,California,1,1.0730080604553223,0.7569589614868164,1.4696891069412237,0.2813733369112015,0.06605609506368637,0.5687238156795502,24.01781177520752,9.924136352539064,39.029385375976574,0.05964386835694313,0.036056723445653915,0.0857919454574585,19.46968650817871,12.353622722625733,26.65010375976563,0.042868636548519135,0.007321570534259081,0.10123051702976228,0.0817,0.0,0.10885973,0.0531962,0.04611298,12,False,False
2023-24,2023-12-02,California,2,1.0990594625473022,0.7425544261932373,1.6993071079254152,0.3170815259218216,0.07003696262836456,0.6603480815887451,27.020305633544922,12.459094047546387,42.649639511108404,0.06078502908349037,0.03533406183123589,0.0903647340834141,21.07499885559082,13.797111511230469,29.3887264251709,0.04993336834013462,0.008911673538386823,0.11124543845653534,0.0749,0.0,0.11163196,0.06154275,0.05259937,12,False,False
2023-24,2023-12-02,New York,0,1.1103269457817078,0.7652590274810791,1.5764800310134888,0.2982986569404602,0.07106321305036545,0.6067349970340731,23.33653450012207,12.259466171264648,37.29483413696289,0.04869871586561203,0.026706268824636937,0.07443914264440538,16.0883731842041,9.146205902099611,23.990516662597656,0.05231323838233948,0.004999999888241291,0.1365247368812561,0.1051,0.0,0.11343347,0.07046349,0.05943146,12,False,False
2023-24,2023-12-02,New York,1,1.139994502067566,0.7494113683700562,1.887268304824829,0.3367696702480316,0.06997848898172379,0.7117374122142793,24.7884578704834,12.528417110443115,38.15645446777344,0.04991157166659832,0.027475090697407722,0.07891194522380832,12.243636131286621,7.081112194061279,18.256044387817383,0.06044507026672363,0.009923423640429974,0.15018790960311892,0.0767,0.0,0.11052785,0.07558185,0.06194833,12,False,False
2023-24,2023-12-02,New York,2,1.1049084663391113,0.7272052824497223,1.9646869897842407,0.4274495840072632,0.13593696057796478,0.7372493147850037,24.55194854736328,13.973451614379883,37.66421546936036,0.0502048060297966,0.026625998318195343,0.07837660610675812,16.341978073120117,9.353079509735108,24.248043060302734,0.05826055258512497,0.009314155206084251,0.13544567972421648,0.0752,0.0,0.11119511,0.07091438,0.05635141,12,False,False
2023-24,2023-12-02,Pennsylvania,0,1.096700668334961,0.7616150975227356,1.6293444395065313,0.31744246184825897,0.0718122810125351,0.6387895941734314,23.441271781921387,12.755204963684083,37.223325729370124,0.06892244517803192,0.04060274921357632,0.0993945300579071,22.381041526794434,13.46133451461792,31.41914939880371,0.05039089173078537,0.009821372665464881,0.11582662910223014,0.0697,0.0,0.11265969,0.06030201,0.05104914,12,False,False
2023-24,2023-12-02,Pennsylvania,1,1.084432601928711,0.7537895619869233,1.7188156843185425,0.34336307644844055,0.09775050878524781,0.6424562931060791,22.378182411193848,11.75559139251709,38.411852645874035,0.06087171286344528,0.03670134209096432,0.08814477175474167,22.132689476013184,14.224582862854005,30.56248664855957,0.05010604485869408,0.01083944430574775,0.10410013794898987,0.0633,0.0,0.11177941,0.05667847,0.0489539,12,False,False
2023-24,2023-12-02,Pennsylvania,2,1.1205956935882568,0.8016574382781982,1.6461359024047861,0.2994791269302368,0.0685971908271313,0.5964271008968355,24.81487274169922,14.016378402709961,38.0427043914795,0.0697384886443615,0.04098522737622261,0.10421113669872284,24.530296325683594,15.03801155090332,33.536720275878906,0.04714737460017204,0.01091150464490056,0.09817312285304071,0.0581,0.0,0.11035155,0.05492168,0.04759226,12,False,False
2023-24,2023-12-02,Vermont,0,1.0117764472961426,0.6167915463447571,1.955386757850647,0.4751758873462677,0.2099856585264206,0.7642123103141785,25.888928413391113,10.842796325683594,40.45734748840333,0.04917576536536217,0.006536342715844519,0.11050556600093842,6.406092643737793,2.402676820755005,12.624569416046146,0.09287214279174805,0.017869385145604613,0.2047574520111084,0.0509,0.0,0.11125918,0.10529861,0.08183553,12,False,False
2023-24,2023-12-02,Vermont,1,0.995936244726181,0.6211208403110504,1.9229369163513184,0.4749298691749573,0.19596286118030548,0.7619119882583618,25.42403793334961,11.34244890213013,40.04962158203125,0.04653892107307911,0.0020000000949949026,0.10520839318633081,8.015539646148682,2.7690397262573248,16.38680076599121,0.0879860632121563,0.01647623963654042,0.20128712952136993,0.0553,0.0,0.10982688,0.10304006,0.07877365,12,False,False
2023-24,2023-12-02,Vermont,2,0.9888364374637604,0.6000000238418579,1.8638168573379517,0.4772275984287262,0.17942463755607607,0.774959546327591,24.49745750427246,9.47662000656128,38.8954948425293,0.04773343354463577,0.006952641531825066,0.10077293962240219,7.307938814163208,2.517060089111328,14.993408775329595,0.09579512476921082,0.018289878591895105,0.2100418657064438,0.0534,0.0,0.11106069,0.10646362,0.08117422,12,False,False
2023-24,2023-12-02,Wyoming,0,1.224184513092041,0.6581664681434631,2.383172678947449,0.5371185541152954,0.24405204802751543,0.8043878793716432,23.899765014648438,11.399051570892338,38.39341735839844,0.051770927384495735,0.0209790600463748,0.11291971355676653,10.74237060546875,4.71861367225647,19.686870574951172,0.12514648586511612,0.025304323062300682,0.26771999001503,0.0498,0.0002,0.1100711,0.14530102,0.10630611,12,False,False
2023-24,2023-12-02,Wyoming,1,1.2364518642425537,0.6801187336444855,2.3619700193405153,0.5105736553668976,0.25957491993904114,0.7731078982353211,24.37518882751465,12.36222906112671,38.078765869140625,0.049351081252098083,0.019566498696804047,0.10558618605136871,11.725603580474854,5.134840965270996,19.99373569488526,0.13122113049030304,0.029398826882243156,0.2673906087875366,0.0432,0.0,0.10999176,0.14793557,0.10985324,12,False,False
2023-24,2023-12-02,Wyoming,2,1.2549265623092651,0.6600872278213501,2.450247240066529,0.5246796011924744,0.23842699825763702,0.8066733598709107,26.879352569580078,14.415352821350098,39.28187522888184,0.05066397041082382,0.019880730658769608,0.10411484688520437,10.959771633148193,4.48183650970459,19.942459106445312,0.17208899557590485,0.03213341906666756,0.3713183969259262,0.0467,0.0111,0.11239946,0.19193894,0.13144516,12,False,False
2023-24,2023-12-09,Alaska,0,0.9365328252315521,0.6293190598487854,1.5295980572700503,0.35571029782295227,0.10269022732973099,0.6383996605873108,26.653210639953613,10.16947889328003,41.9485408782959,0.1431543380022049,0.0705936498939991,0.2304692417383194,19.104740142822266,11.39743595123291,28.05838108062744,0.06937962397933006,0.016129303723573685,0.14444241225719465,0.05,0.0,0.11097822,0.07936763,0.0635695,12,False,False
2023-24,2023-12-09,Alaska,1,0.9499433636665344,0.6560806632041931,1.5492417216300964,0.3452516198158264,0.0944689951837063,0.6476871371269226,24.765928268432617,7.428050994873047,42.77444686889648,0.1341252252459526,0.06899380683898926,0.21347340941429138,17.80319595336914,10.095663070678713,27.541247367858887,0.05987708643078804,0.014742998406291008,0.12398701906204224,0.0481,0.0,0.11060013,0.069272,0.05785344,12,False,False
2023-24,2023-12-09,Alaska,2,0.9279069006443024,0.6293693780899048,1.4414913296699525,0.3446779400110245,0.08648449182510376,0.6369091868400575,23.337430953979492,7.153383207321169,42.95202140808106,0.12499570101499557,0.0620458409190178,0.20597957074642181,19.4655179977417,11.16372299194336,28.575312232971193,0.061112742871046066,0.011979872081428767,0.13477292656898499,0.0614,0.0,0.11142511,0.07238292,0.05941328,12,False,False
2023-24,2023-12-09,California,0,0.9036263823509216,0.6330713629722595,1.441184639930725,0.4202037453651428,0.13373856246471405,0.6739305853843689,20.035633087158203,9.157302951812746,38.12154006958008,0.07593443244695663,0.04392806068062782,0.1098264053463936,23.053726196289062,14.908024787902832,31.150251388549805,0.05391058698296547,0.010698863305151463,0.11918272674083716,0.0651,0.0,0.11169986,0.06462553,0.05344674,12,False,False
2023-24,2023-12-09,California,1,0.9824814200401306,0.6865028142929077,1.328506588935852,0.30096468329429626,0.07832258939743042,0.5839654207229614,20.455005645751953,9.42263126373291,37.16038513183594,0.06899139657616615,0.041652132570743565,0.09937072545289993,26.438554763793945,16.746856689453125,35.84438705444336,0.046470414847135544,0.009170477185398342,0.1026470884680748,0.0656,0.0,0.11240985,0.05601991,0.04765203,12,False,False
2023-24,2023-12-09,California,2,0.9668201208114624,0.6762931883335114,1.3422499895095825,0.31895631551742554,0.078211210668087,0.6014773190021517,21.304410934448242,10.975878715515137,35.83501091003419,0.06483213230967522,0.04014940559864044,0.09154869616031647,26.361644744873047,17.22685432434082,35.05357971191407,0.047861725091934204,0.009382267482578754,0.10676030069589615,0.0726,0.0,0.11402631,0.05727023,0.05008448,12,False,False
2023-24,2023-12-09,New York,0,1.1198380589485168,0.7467107176780701,1.6597652435302734,0.33273132145404816,0.07217737585306169,0.6502755880355835,23.58153533935547,11.770591259002686,39.016365432739256,0.05698707327246666,0.03286728262901306,0.08768564313650132,17.072851181030273,9.867480182647707,26.300633239746094,0.05792141705751419,0.011433476582169533,0.12780219316482544,0.0619,0.0,0.11088866,0.07201838,0.06104423,12,False,False
2023-24,2023-12-09,New York,1,1.2222461104393005,0.7438342094421386,1.9136184334754944,0.34690141677856445,0.060939615219831475,0.6925031483173371,29.29424285888672,14.491827964782717,44.62989807128906,0.05764046497642994,0.03332865238189697,0.0878349021077156,17.901885986328125,10.582012176513672,27.424939918518067,0.06035769358277321,0.012001033872365952,0.1317294478416443,0.057,0.0,0.1120081,0.07332816,0.06223083,12,False,False
2023-24,2023-12-09,New York,2,1.068623125553131,0.6702766239643096,1.834793210029602,0.41504940390586853,0.1096745826303959,0.7317524492740632,21.921232223510742,11.402866649627686,38.90144348144531,0.05237465351819992,0.029898115620017054,0.07952442914247514,16.56564235687256,9.977273559570312,24.68060302734375,0.062400367110967636,0.009647835418581965,0.15162875056266795,0.0737,0.0,0.11299396,0.07882416,0.06330301,12,False,False
2023-24,2023-12-09,Pennsylvania,0,1.0181819200515747,0.6730022668838501,1.5458668947219851,0.36260563135147095,0.10610820278525353,0.6575419485569003,22.214208602905273,11.541234970092773,40.1456184387207,0.07424909621477127,0.04513294138014317,0.11175108700990677,22.733640670776367,13.758651733398438,33.16121292114258,0.051239779219031334,0.010372272413223986,0.11374286562204362,0.0676,0.0,0.11250767,0.06297549,0.0532482,12,False,False
2023-24,2023-12-09,Pennsylvania,1,1.1163160800933838,0.8744744658470154,1.3878715276718139,0.20472053438425064,0.03259859792888165,0.44152534008026123,23.382266998291016,10.992610359191895,38.52256622314454,0.06964171305298805,0.04473115876317024,0.09748260527849198,25.82966709136963,16.721599006652834,35.23838386535645,0.040798092260956764,0.008463938720524311,0.08829093649983408,0.0718,0.0,0.11213429,0.05095444,0.04584664,12,False,False
2023-24,2023-12-09,Pennsylvania,2,1.0969125032424927,0.8504440605640412,1.4325350522994995,0.21996516734361649,0.04246613532304766,0.45554721653461455,23.763479232788086,12.502872467041016,39.11493110656738,0.07905807718634605,0.05094762146472931,0.10824395418167115,25.919750213623047,16.579146957397462,35.72102737426758,0.0396918598562479,0.009008618816733363,0.08551831990480428,0.0662,0.0,0.11058431,0.04874518,0.04348446,12,False,False
2023-24,2023-12-09,Vermont,0,1.067574918270111,0.6530086994171143,2.015817642211914,0.45065563917160034,0.14760762453079224,0.7444204449653626,24.779699325561523,12.211427688598633,39.850669860839844,0.057129597291350365,0.01390354335308075,0.11419650912284851,7.9152610301971436,3.153444838523865,14.964470863342285,0.08825256675481796,0.015722492709755898,0.1927027404308319,0.0612,0.0,0.11136446,0.10499803,0.0789485,12,False,False
2023-24,2023-12-09,Vermont,1,1.0308186411857605,0.6387887179851532,1.9628719091415405,0.4776528775691986,0.1813183218240738,0.7459847927093506,24.86348533630371,12.081085681915283,39.057298278808595,0.0564337894320488,0.012794033903628588,0.117752230912447,8.164351463317871,3.1970155000686646,15.68878221511841,0.08851239085197449,0.016959641128778458,0.18760096579790123,0.0621,0.0,0.11120079,0.10407864,0.07913543,12,False,False
2023-24,2023-12-09,Vermont,2,1.0762587785720825,0.6458526253700256,1.9610590934753425,0.43055252730846405,0.13956719636917114,0.7359833717346191,24.974262237548828,12.457434272766115,39.039737701416016,0.05330170318484306,0.014930959325283766,0.11058849394321442,7.858893394470215,3.1031980514526367,14.818935680389405,0.09229553490877151,0.017185140401124954,0.1991235077381135,0.0562,0.0,0.11045134,0.1084524,0.07989243,12,False,False
2023-24,2023-12-09,Wyoming,0,1.1389724016189575,0.6431739330291748,2.215096950531006,0.5382073819637299,0.1999036952853203,0.8198512256145477,24.084375381469727,11.865769386291504,38.53086853027344,0.0827663466334343,0.036392051726579666,0.16393157392740249,10.567168235778809,4.628901720046998,18.36201286315918,0.13460136950016022,0.02775178663432598,0.28029102087020874,0.0458,0.0021,0.11144547,0.15968956,0.11233362,12,False,False
2023-24,2023-12-09,Wyoming,1,1.1634117364883423,0.6476386189460754,2.298285698890687,0.5507451891899109,0.2648893594741822,0.8117071390151978,24.145471572875977,12.582168579101562,37.09320068359376,0.06941583007574081,0.030487345345318318,0.13778505474329,11.165202617645264,4.652798652648926,20.233613967895508,0.1377701461315155,0.03067556992173195,0.2831320762634278,0.0422,0.0004,0.11216602,0.16075093,0.11406902,12,False,False
2023-24,2023-12-09,Wyoming,2,1.1827419996261597,0.6905476331710816,2.2620277404785156,0.4938700497150421,0.2069084197282791,0.7813300669193268,23.193456649780273,11.46692714691162,37.96771240234375,0.07498157024383545,0.03298287093639374,0.15231898427009583,9.539064407348633,4.313429355621338,16.302413940429688,0.13586921244859695,0.03168902546167374,0.2849915027618408,0.042,0.0004,0.11276179,0.15945598,0.11544735,12,False,False
2023-24,2023-12-16,Alaska,0,0.846312016248703,0.6000000238418579,1.3159887433052064,0.3371236175298691,0.08604950010776521,0.613655948638916,27.523134231567383,8.487112045288086,43.652931213378906,0.1486240178346634,0.07174057438969614,0.24215167611837388,18.45811653137207,9.869646453857422,27.998353958129883,0.0682980865240097,0.015682771801948547,0.14330154657363892,0.0497,0.0,0.11452729,0.07681476,0.06280259,12,False,False
2023-24,2023-12-16,Alaska,1,0.8103700280189514,0.6012977957725525,1.2427380084991455,0.3212509751319885,0.06922859698534012,0.588573157787323,23.630712509155273,6.9937350273132335,41.20735549926758,0.15033668279647827,0.07065135985612869,0.23623116314411163,19.21233558654785,9.977184295654297,30.23520221710206,0.0640450231730938,0.013849502429366112,0.13329361826181413,0.0484,0.0,0.1114422,0.0703289,0.05766542,12,False,False
2023-24,2023-12-16,Alaska,2,0.8340544104576111,0.6000000238418579,1.3223596811294556,0.34313058853149414,0.10137473568320278,0.6263143479824067,23.558753967285156,5.880893707275391,41.837772369384766,0.13707610964775085,0.061459485441446304,0.22504397481679922,18.009199142456055,9.694633483886719,27.13006019592285,0.05946415290236473,0.011987828649580479,0.1312900334596634,0.0567,0.0,0.11205247,0.06841512,0.05603733,12,False,False
2023-24,2023-12-16,California,0,0.9896672368049622,0.7061241388320922,1.3201601982116702,0.2682361304759979,0.05665532164275647,0.5789665997028351,22.032249450683594,10.159725189208984,39.185484695434575,0.08000463992357254,0.048761483281850815,0.11178199872374536,23.007339477539062,15.051810836791992,31.76279067993164,0.045315613970160484,0.00886251125484705,0.10548743531107904,0.0732,0.0,0.11297423,0.05697473,0.04948898,12,False,False
2023-24,2023-12-16,California,1,0.9998384714126587,0.7126221656799316,1.289503812789917,0.24368204176425934,0.04051287695765496,0.5338523030281068,21.834623336791992,10.55871629714966,38.28081817626954,0.07066793739795685,0.043581592664122586,0.1000594735145569,24.965654373168945,15.745341873168945,34.16496315002441,0.04714147374033928,0.01088566891849041,0.09852643087506294,0.0557,0.0,0.11128017,0.05481648,0.0470547,12,False,False
2023-24,2023-12-16,California,2,0.9633606970310211,0.6722378015518189,1.2892385244369506,0.2937502861022949,0.06454524397850037,0.5940354108810425,22.0218448638916,10.854677677154543,38.248538970947266,0.08257662504911423,0.05053536593914032,0.11598771065473557,23.385645866394043,15.313981056213379,31.92658042907715,0.05279640480875969,0.009911421779543165,0.12688282728195194,0.0688,0.0,0.11190016,0.06650973,0.05509522,12,False,False
2023-24,2023-12-16,New York,0,1.0601956248283386,0.6923732101917267,1.5395270586013794,0.33285388350486755,0.07587779834866525,0.660606759786606,23.639371871948242,12.09527587890625,40.21394729614258,0.06964347511529922,0.04024446755647659,0.10207686200737955,19.965105056762695,11.854978847503663,30.038650512695312,0.04990246146917343,0.0073621454648673534,0.11909270808100703,0.0821,0.0,0.11430042,0.06357032,0.0535507,12,False,False
2023-24,2023-12-16,New York,1,1.0754839181900024,0.6809920072555542,1.6445156335830688,0.3575304448604584,0.11473513543605807,0.6840671300888062,24.96014404296875,12.404213905334473,41.40439224243164,0.07263553142547607,0.03909514769911767,0.11217746362090111,18.024900436401367,10.933898735046387,26.23794937133789,0.05437326431274414,0.009134285431355239,0.1283334642648697,0.073,0.0,0.11093221,0.06805072,0.0572186,12,False,False
2023-24,2023-12-16,New York,2,0.9878205060958862,0.6676661252975464,1.4390154123306276,0.38006940484046936,0.11438368260860443,0.6738768219947815,21.559860229492188,12.120875358581543,35.81113395690918,0.06757941842079163,0.03964766412973404,0.10152455419301987,21.188581466674805,12.739102649688721,30.077014923095703,0.048835065215826035,0.006375569850206375,0.11678680032491684,0.0893,0.0,0.11268825,0.06267255,0.05228644,12,False,False
2023-24,2023-12-16,Pennsylvania,0,1.130015254020691,0.8346830725669862,1.5675311088562012,0.25617262721061707,0.06022481992840767,0.5214818716049194,28.178911209106445,14.013440895080567,42.58063201904297,0.08702901750802994,0.05480125546455383,0.12328064888715745,25.292146682739258,16.108224868774414,34.85276794433594,0.04053546115756035,0.009580445475876331,0.08978035300970078,0.0688,0.0,0.11083502,0.04881351,0.04267228,12,False,False
2023-24,2023-12-16,Pennsylvania,1,1.0648292303085327,0.7446033954620361,1.5495707750320438,0.3084638714790344,0.0746147409081459,0.6142668128013611,25.066680908203125,13.784859752655029,39.435582733154305,0.07976039499044418,0.04813794754445553,0.11730111986398697,22.023012161254883,14.335124301910401,30.242410278320314,0.043179791420698166,0.00851406343281269,0.09972592443227768,0.072,0.0,0.11256849,0.05424287,0.04691285,12,False,False
2023-24,2023-12-16,Pennsylvania,2,1.1060414910316467,0.7943965792655945,1.4527279138565063,0.23499087989330292,0.04045283421874046,0.5232720375061035,26.27011489868164,13.35082721710205,41.481955337524425,0.07818421721458435,0.049925483763217926,0.11146441102027893,24.891216278076172,16.412873840332033,33.308375167846684,0.04142997786402702,0.008825776167213917,0.09141932427883148,0.0642,0.0,0.10963038,0.05035571,0.04408671,12,False,False
2023-24,2023-12-16,Vermont,0,0.9467231631278992,0.6138026297092438,1.7316566705703735,0.45047345757484436,0.16221895813941956,0.729954218864441,22.823530197143555,10.778801918029785,38.475364685058594,0.06660178303718567,0.02238467149436474,0.13599998205900193,8.967209815979004,3.8427507877349854,16.304187774658203,0.08431273698806763,0.016017738170921808,0.18177509009838108,0.0569,0.0,0.11242794,0.09792247,0.0780444,12,False,False
2023-24,2023-12-16,Vermont,1,1.0084752440452576,0.6492690920829773,1.7101287841796875,0.42293450236320496,0.12874040305614473,0.7215174794197083,24.23320198059082,11.343450546264648,38.68744316101074,0.05112484656274319,0.01641625575721264,0.1046014279127121,8.444719314575195,3.636446237564087,15.412434577941895,0.08206050097942352,0.016347989439964294,0.1877383127808571,0.0592,0.0,0.11206193,0.10162428,0.08033588,12,False,False
2023-24,2023-12-16,Vermont,2,0.9786868095397949,0.6408834755420685,1.8088940382003784,0.43812695145606995,0.14655131697654725,0.71733216047287,24.39444351196289,12.891555786132812,37.996158599853516,0.052405405789613724,0.017860270850360398,0.09987066686153412,9.216058731079102,3.899473881721497,16.655263710021973,0.08216523751616478,0.017399008944630624,0.17620932012796403,0.0515,0.0,0.11042359,0.09809338,0.07790671,12,False,False
2023-24,2023-12-16,Wyoming,0,1.158114731311798,0.6682211458683014,2.1629390716552734,0.46554386615753174,0.14853328466415405,0.7699768543243408,26.722335815429688,14.514674282073974,39.43136138916016,0.08752872422337532,0.041886827722191815,0.16551543623209,11.235815048217773,5.438642501831055,18.935180282592775,0.11265899986028671,0.02284824289381504,0.24084560573101044,0.0511,0.0,0.11168976,0.13293472,0.09864398,12,False,False
2023-24,2023-12-16,Wyoming,1,0.9933587312698364,0.6215687990188599,2.040292239189148,0.5284038782119751,0.23860013484954834,0.8036725521087646,23.24110984802246,12.790963172912598,37.16452674865723,0.07822202891111374,0.03775449357926846,0.14636877179145816,12.38438892364502,5.829512357711792,20.09551811218262,0.11118139326572418,0.025274484604597098,0.23031853735446933,0.0428,0.0001,0.11182213,0.13058886,0.09740512,12,False,False
2023-24,2023-12-16,Wyoming,2,0.9965901970863342,0.6103056073188782,2.0403242111206055,0.5105137228965759,0.19199077188968658,0.7780082821846008,24.02342414855957,13.82205867767334,36.84996566772461,0.10038484632968903,0.04513048008084297,0.19707900285720828,10.760966300964355,5.27564001083374,17.975327873229983,0.12255918234586716,0.028411565348505974,0.2500834703445435,0.0369,0.0,0.11192571,0.13902419,0.10554451,12,False,False
2023-24,2023-12-23,Alaska,0,0.7720142006874084,0.6000000238418579,1.1393142580986024,0.3185614049434662,0.08889899179339408,0.5795275628566743,21.311098098754883,4.718321132659914,42.984527587890625,0.1463208869099617,0.06851339936256409,0.23078406006097793,18.460411071777344,10.632555484771729,26.81096935272217,0.06366784870624542,0.014234997145831586,0.12796393781900406,0.0492,0.0,0.11390548,0.06733097,0.05180329,12,False,False
2023-24,2023-12-23,Alaska,1,0.7792360186576843,0.6000000238418579,1.2016420364379883,0.3603178858757019,0.11378200426697732,0.6246036648750306,21.82413387298584,3.8081286907196055,43.30530242919922,0.13361846655607224,0.06265989616513253,0.2132868230342865,17.791184425354004,10.234228229522705,26.433239555358888,0.06489970535039902,0.014732559304684402,0.13966359198093414,0.0514,0.0,0.11167268,0.0714251,0.05437967,12,False,False
2023-24,2023-12-23,Alaska,2,0.7894093692302704,0.6000000238418579,1.2386976480484009,0.3153941035270691,0.0702928900718689,0.6097939431667329,26.07554817199707,5.739019870758057,44.78833618164063,0.13382314145565033,0.06406867280602456,0.2131048455834389,18.001367568969727,10.103979301452636,26.390940856933597,0.06830079108476639,0.018157800100743776,0.13376669585704803,0.0382,0.0,0.1115905,0.07120399,0.05655248,12,False,False
2023-24,2023-12-23,California,0,1.0586695075035095,0.7205086350440979,1.3349685430526734,0.2613087594509125,0.03844430670142174,0.6197478771209717,22.928719520568848,12.046890735626222,38.485172271728516,0.09995508193969727,0.06354320794343948,0.13826978206634521,24.94120979309082,17.02732753753662,33.291805267333984,0.05054730549454689,0.013425628002732993,0.10816651061177254,0.0455,0.0,0.11293158,0.05994494,0.04928896,12,False,False
2023-24,2023-12-23,California,1,1.0313221216201782,0.7780039191246033,1.2836188912391666,0.2597760856151581,0.0628029927611351,0.5334262847900391,21.109780311584473,12.384193992614746,33.99269104003906,0.08616595715284348,0.051499176770448685,0.12640606909990312,25.029953002929688,16.5774133682251,33.59807586669922,0.04000182822346687,0.007683316245675087,0.08853929489850998,0.0814,0.0,0.1124353,0.04859151,0.04191341,12,False,False
2023-24,2023-12-23,California,2,1.0993709564208984,0.825434684753418,1.426754355430603,0.23735079169273376,0.05296295396983624,0.5082883834838867,25.656034469604492,14.229394912719727,38.872802734375,0.0840730294585228,0.05053351372480393,0.11710074543952942,28.555770874023438,18.534069061279297,35.92186737060547,0.04133552685379982,0.009429211728274822,0.08963015675544739,0.0574,0.0,0.11142358,0.04907793,0.04347517,12,False,False
2023-24,2023-12-23,New York,0,1.0734636783599854,0.7840515971183777,1.456876516342163,0.26016905903816223,0.056911442428827314,0.5606357693672183,24.986574172973633,13.407687187194824,38.83286666870117,0.0862920917570591,0.05264827609062195,0.12747811228036882,17.801111221313477,11.42917013168335,24.59453010559082,0.04270666465163231,0.006664950121194127,0.10611392408609392,0.0903,0.0,0.11294654,0.05587223,0.04881443,12,False,False
2023-24,2023-12-23,New York,1,1.0627481937408447,0.7612534165382385,1.386388897895813,0.26538944244384766,0.05539216101169586,0.5740874946117402,22.700345039367676,11.668559455871582,38.325138092041016,0.07176573574542999,0.042269185185432434,0.10517675578594207,19.03009033203125,12.297832584381103,26.16984748840332,0.04428684525191784,0.006752283312380314,0.10525649785995483,0.0871,0.0,0.1135603,0.05656308,0.04891066,12,False,False
2023-24,2023-12-23,New York,2,1.0790157914161682,0.7063327372074127,1.5194943070411684,0.3013410121202469,0.07613416016101837,0.628781795501709,25.617941856384277,12.996479034423828,40.99883270263672,0.07706855237483978,0.043194517493247986,0.11576449871063238,19.101943969726562,12.43470573425293,26.47633934020996,0.048622796311974525,0.00784365739673376,0.11999644339084625,0.0811,0.0,0.1113172,0.0630893,0.05354048,12,False,False
2023-24,2023-12-23,Pennsylvania,0,1.1331022381782532,0.8122753500938416,1.585615634918213,0.27314433455467224,0.055210603773593915,0.5537962138652802,25.757278442382812,14.980867099761964,40.58485908508301,0.10050052776932716,0.0625756911933422,0.1401151016354561,25.13699722290039,16.823702812194824,33.20767059326172,0.03647611290216446,0.008172386698424816,0.07924489676952362,0.0691,0.0,0.11183722,0.04360782,0.03833482,12,False,False
2023-24,2023-12-23,Pennsylvania,1,1.1628252267837524,0.9243311822414398,1.5222373127937319,0.20767127722501755,0.04215566888451577,0.4472772002220154,26.45133876800537,14.413222599029542,41.25485725402832,0.09330513328313828,0.058246494829654695,0.12918577641248705,24.119196891784668,15.979883480072022,32.96138381958008,0.03592297248542309,0.008629885315895081,0.0782734677195549,0.0629,0.0,0.11123408,0.04264995,0.03811407,12,False,False
2023-24,2023-12-23,Pennsylvania,2,1.117899775505066,0.8256258964538574,1.445259940624237,0.25566525757312775,0.0625297874212265,0.5224648714065552,24.40010643005371,13.730245590209961,39.53311042785645,0.08967406302690506,0.05711820796132088,0.1261136680841446,23.61871910095215,16.05193958282471,31.559599494934083,0.03633781149983406,0.009088353812694556,0.07678841799497604,0.059,0.0,0.11253724,0.04252282,0.03718127,12,False,False
2023-24,2023-12-23,Vermont,0,0.9788662493228912,0.648545503616333,1.586829435825348,0.3990497291088104,0.13698003292083744,0.6701003313064575,24.20371913909912,13.26537618637085,38.79212875366211,0.05639742687344551,0.022940276190638542,0.10525789856910706,9.787513732910156,4.395266342163086,18.152151107788086,0.07668835669755936,0.014448329433798791,0.16808189451694489,0.0562,0.0,0.11340665,0.09082376,0.07292889,12,False,False
2023-24,2023-12-23,Vermont,1,0.968541294336319,0.6378557085990906,1.6255128383636475,0.4287640005350113,0.16331104934215546,0.6878257811069489,24.17494010925293,12.932767868041992,38.125732421875,0.0675329640507698,0.027171627804636955,0.1286766678094864,9.003436088562012,3.9715528011322023,15.736038875579835,0.07372577488422394,0.014702886343002326,0.1607210338115692,0.0541,0.0,0.11250217,0.08819086,0.07068207,12,False,False
2023-24,2023-12-23,Vermont,2,1.014845848083496,0.6537377357482911,1.809076964855194,0.39421769976615906,0.09087122976779938,0.7131097316741943,23.905256271362305,12.406333541870119,38.72123336791992,0.05689778923988342,0.021818723529577255,0.10595936328172684,9.668219566345215,4.361372947692871,17.013385391235353,0.0752306655049324,0.014949967525899412,0.16338327527046204,0.0556,0.0,0.1132103,0.0908071,0.07272608,12,False,False
2023-24,2023-12-23,Wyoming,0,1.0982975959777832,0.6230146884918213,2.187547206878662,0.4935251772403717,0.1993125081062317,0.7481772303581238,26.914091110229492,13.231445312500002,43.30489730834961,0.07109734043478966,0.03436165936291218,0.13856014609336853,13.444221496582031,6.586479616165161,21.592397689819336,0.10866750776767731,0.021024659276008606,0.22866575419902802,0.0477,0.0,0.11334504,0.12332581,0.08957246,12,False,False
2023-24,2023-12-23,Wyoming,1,1.0307992100715637,0.6000000238418579,2.0530192852020264,0.4751384109258652,0.18172234892845157,0.7482300400733948,26.921056747436523,12.697072982788086,42.01026153564453,0.09025497734546661,0.038640644401311874,0.1740012720227242,10.965471267700195,5.580127000808716,18.01359901428224,0.12723586708307266,0.03087798207998276,0.25684927105903627,0.0366,0.0,0.10994108,0.13522877,0.0990905,12,False,False
2023-24,2023-12-23,Wyoming,2,0.9552037119865417,0.6000000238418579,2.0362486839294434,0.5110095739364624,0.21590648591518402,0.7710920572280884,24.99744415283203,13.592508316040039,40.068641662597656,0.08448825031518936,0.0367422491312027,0.16876663416624071,12.253368377685547,6.020487308502197,20.124755668640145,0.11247888207435608,0.029488366656005384,0.21799135059118271,0.0366,0.0,0.11084768,0.12062205,0.09141557,12,False,False
2023-24,2023-12-30,Alaska,0,0.904003381729126,0.6307957410812378,1.3795791864395142,0.3160383999347687,0.09198804944753647,0.5835617363452912,26.35649871826172,11.04853630065918,43.053535842895506,0.16002775728702545,0.08414150774478912,0.24795739352703094,18.441627502441406,10.260115909576417,27.663732528686523,0.06178713031113148,0.015253333933651449,0.12468211352825165,0.0449,0.0,0.11234089,0.0697358,0.05436163,12,False,False
2023-24,2023-12-30,Alaska,1,0.8438650369644165,0.6074816584587097,1.2925081253051758,0.35542207956314087,0.11394189298152925,0.6034720718860628,22.126461029052734,9.242553901672366,39.75376586914063,0.1619039922952652,0.08267528042197228,0.2572733163833618,18.399598121643066,10.229043006896973,27.628120422363285,0.06429509818553925,0.014512022957205772,0.13128318935632707,0.048,0.0,0.11232904,0.07060837,0.05440762,12,False,False
2023-24,2023-12-30,Alaska,2,0.87935870885849,0.6287345290184022,1.3102001786231998,0.3407382220029831,0.10945471972227099,0.5726394534111025,24.910393714904785,10.808877944946289,41.08920402526856,0.1552218496799469,0.08011925965547563,0.24509726464748383,17.346407890319824,9.719176864624023,25.750335693359375,0.06497117504477501,0.015302109532058242,0.13276221454143528,0.0532,0.0,0.11520607,0.07489069,0.05651956,12,False,False
2023-24,2023-12-30,California,0,0.9927011430263519,0.6952900886535645,1.3645471334457397,0.2930174767971039,0.06732740625739099,0.5834877967834473,24.219938278198242,13.405064582824707,40.43273162841797,0.10363029316067696,0.0650886595249176,0.13953907787799835,23.60375213623047,16.060796356201173,31.07214298248292,0.0392991378903389,0.009285700507462025,0.08658107593655587,0.0642,0.0,0.11250499,0.04834019,0.04296516,12,False,False
2023-24,2023-12-30,California,1,1.088093638420105,0.7664307296276093,1.5141578912734985,0.23920133709907532,0.04075778909027578,0.5386232733726501,29.148441314697266,15.224081230163575,44.52887725830078,0.09966123849153519,0.06125023700296879,0.14102761447429657,28.18132781982422,19.282139396667482,36.795378875732425,0.04110415652394295,0.00923570049926639,0.09074970334768295,0.0669,0.0,0.11198063,0.05045194,0.04450053,12,False,False
2023-24,2023-12-30,California,2,1.0911878943443298,0.8116473078727723,1.3901878595352173,0.20336595177650452,0.03149208016693592,0.49450316131114963,27.647308349609375,12.670306396484374,43.68006172180178,0.09414451941847801,0.05790146440267563,0.1365322768688202,26.098194122314453,17.85573806762695,34.5644416809082,0.03685331717133522,0.008143962826579811,0.07856120392680169,0.0661,0.0,0.11192424,0.04372834,0.03916351,12,False,False
2023-24,2023-12-30,New York,0,1.1230436563491821,0.7806395113468171,1.742865252494812,0.288865864276886,0.059836510196328165,0.6060010969638825,28.198257446289062,14.74122953414917,44.93095016479492,0.09938600659370422,0.05609356537461282,0.15149158239364624,21.024337768554688,13.1254243850708,28.920295143127444,0.044356390833854675,0.007435411214828491,0.09625321626663208,0.078,0.0,0.11135922,0.05382786,0.04534476,12,False,False
2023-24,2023-12-30,New York,1,1.0903220176696777,0.7555593848228455,1.3782730460166934,0.2345283478498459,0.029508044943213463,0.5700570940971379,22.349815368652344,9.085203170776367,38.52031707763672,0.10479625687003136,0.0641357310116291,0.14817911386489874,21.72608757019043,13.845048332214356,29.581912994384766,0.040377479046583176,0.007845343090593815,0.09335247427225113,0.0772,0.0,0.11152725,0.05075588,0.04339072,12,False,False
2023-24,2023-12-30,New York,2,1.0447158813476562,0.756183385848999,1.5366321086883545,0.31064948439598083,0.0718398466706276,0.6172324776649476,22.565876007080078,11.712234210968017,40.20414352416992,0.09497719258069992,0.05902455374598504,0.13878565132617954,18.83013153076172,11.611021041870117,26.101896286010742,0.043878160417079926,0.007747243624180555,0.10099529474973679,0.0776,0.0,0.11145487,0.05447369,0.04602299,12,False,False
2023-24,2023-12-30,Pennsylvania,0,1.0685166716575623,0.8503443717956543,1.3094666600227358,0.2250848114490509,0.051146022975444794,0.45373639464378357,22.99751853942871,14.38015832901001,34.49198188781739,0.12839548289775848,0.08370372653007507,0.17707550525665283,26.466779708862305,17.581417083740234,34.278499603271484,0.03506923466920853,0.008861219696700574,0.07194944471120834,0.064,0.0,0.1133446,0.04139026,0.03716279,12,False,False
2023-24,2023-12-30,Pennsylvania,1,1.149421513080597,0.8987201571464538,1.4789758920669556,0.20237992703914642,0.03562239557504654,0.4631091356277466,26.443591117858887,14.5542631149292,40.63312721252442,0.11650720238685608,0.07732234671711923,0.16282722651958467,25.931377410888672,17.65467224121094,33.86574020385743,0.038439784198999405,0.010127278044819832,0.07887346297502518,0.0585,0.0,0.11217723,0.04553845,0.04098052,12,False,False
2023-24,2023-12-30,Pennsylvania,2,1.062030553817749,0.8329514265060425,1.306933307647705,0.23089861869812012,0.06290980428457262,0.4546603322029114,21.41082191467285,12.56112813949585,33.76094436645508,0.12325207144021988,0.08146257176995278,0.1684637948870659,27.353200912475586,18.583152770996094,35.280486297607425,0.03481191024184227,0.00957244448363781,0.06922420337796212,0.0504,0.0,0.11223715,0.03929303,0.03506294,12,False,False
2023-24,2023-12-30,Vermont,0,1.039664626121521,0.6776875972747802,1.709179496765137,0.39328649640083313,0.11506481692194939,0.6870192945003509,26.14484214782715,14.317216873168945,40.94865264892578,0.07241586223244667,0.03143831677734852,0.12531600892543793,10.550365924835205,4.942744445800781,17.206378936767578,0.06786918640136719,0.013350899517536168,0.1484771966934204,0.0577,0.0,0.11249275,0.08111908,0.06610384,12,False,False
2023-24,2023-12-30,Vermont,1,1.0123867988586426,0.656326562166214,1.6508524417877197,0.41765642166137695,0.12593143731355666,0.7036666870117189,24.915481567382812,13.860400199890137,40.11452102661133,0.072611253708601,0.033093212917447094,0.12738587707281113,10.01952838897705,4.720276165008545,16.54311752319336,0.07331577688455582,0.015037511754781012,0.15938735008239746,0.0531,0.0,0.11460419,0.08706196,0.06901636,12,False,False
2023-24,2023-12-30,Vermont,2,0.9988997876644135,0.6416469335556031,1.5816106677055364,0.425207257270813,0.13736547529697418,0.7153852760791781,23.67997169494629,12.946587467193604,38.339141845703125,0.07237157225608826,0.03210151344537735,0.1268472939729691,10.919538497924805,5.34197473526001,19.25985145568848,0.07174709439277649,0.01403435515239835,0.16072848290205002,0.0594,0.0,0.10963282,0.08652248,0.06953164,12,False,False
2023-24,2023-12-30,Wyoming,0,1.1786952018737793,0.7012753486633302,2.16420578956604,0.471816286444664,0.19047266244888306,0.7396465539932251,25.5764217376709,15.053531646728516,40.4084228515625,0.12639819085597992,0.060221392661333084,0.23823635280132294,11.676095485687256,5.3841392517089846,20.04033851623535,0.11568956077098846,0.025608805939555168,0.2613300681114197,0.0419,0.0,0.11220745,0.14221057,0.09803081,12,False,False
2023-24,2023-12-30,Wyoming,1,1.1425671577453613,0.651319044828415,2.05957293510437,0.5130225121974945,0.1973738819360733,0.8021400570869446,26.0078182220459,14.908778953552249,38.87033500671388,0.12909670174121857,0.06508249044418335,0.24381816387176514,10.033665657043457,4.924071311950684,16.52315635681153,0.12186030298471451,0.020663151517510414,0.2666480839252472,0.0538,0.0,0.11102463,0.14117546,0.09762306,12,False,False
2023-24,2023-12-30,Wyoming,2,1.2307687997817993,0.6864591836929321,2.2690646648406982,0.5401917099952698,0.2042381763458252,0.8158138394355774,28.516239166259766,17.191097259521484,41.22943878173828,0.10888179391622543,0.05825689062476158,0.18811323791742326,10.02616834640503,4.849017143249512,16.851974487304688,0.10649090260267258,0.017965772375464446,0.2378529563546181,0.0607,0.0,0.1109422,0.12904955,0.09226531,12,False,False
2023-24,2024-01-06,Alaska,0,0.8517980575561523,0.6210445046424866,1.2274705648422244,0.3056671470403671,0.08474963903427124,0.542791646718979,22.123010635375977,9.30988883972168,39.36757469177246,0.15656647831201553,0.07781863436102868,0.23878712952136993,18.86850929260254,10.698657035827637,27.720417022705078,0.0627642348408699,0.01583525724709034,0.12536142915487292,0.0441,0.0,0.11228141,0.07004167,0.05473346,01,False,False
2023-24,2024-01-06,Alaska,1,0.8290571868419647,0.6086216568946838,1.3093091249465942,0.35119786858558655,0.11739003062248231,0.5767583250999451,22.067726135253906,8.704863548278809,40.194374084472656,0.1708339899778366,0.09275596886873246,0.26633175313472757,19.16765785217285,10.536369132995606,28.61035919189453,0.06395914033055305,0.015852744318544866,0.125600203871727,0.0418,0.0,0.11204625,0.0699046,0.054512,01,False,False
2023-24,2024-01-06,Alaska,2,0.8488152623176575,0.6108192205429077,1.363092064857483,0.3540355861186981,0.12822147458791733,0.5940778255462646,25.658876419067383,11.292838096618652,44.15350341796875,0.17657525837421417,0.09035024046897888,0.2741900622844697,19.347966194152832,10.977934837341309,28.658493041992188,0.06265164911746979,0.015558457002043724,0.12776321172714233,0.0484,0.0,0.1127615,0.07050489,0.05501551,01,False,False
2023-24,2024-01-06,California,0,0.981907844543457,0.7722137570381165,1.2129461765289307,0.19213798642158508,0.032460027188062686,0.4273819029331207,20.914875984191895,9.256295871734622,39.40422439575195,0.10243724286556244,0.06221294030547142,0.14743483066558838,27.71845245361328,19.46233673095703,36.223243713378906,0.03416939079761505,0.008314036764204502,0.07513964176177979,0.0683,0.0,0.11217168,0.03918399,0.03492407,01,False,False
2023-24,2024-01-06,California,1,0.9632194638252258,0.7301303148269653,1.2549927234649658,0.2330947071313858,0.03534055948257452,0.4945661425590515,22.925121307373047,11.107046127319336,42.23473358154297,0.10479770600795746,0.0652126744389534,0.14469387084245683,26.565436363220215,18.431671142578125,34.51656875610352,0.03694908320903778,0.011033939197659492,0.07615644931793214,0.0521,0.0,0.10848647,0.04011635,0.03569227,01,False,False
2023-24,2024-01-06,California,2,1.0046116709709167,0.7714081406593323,1.2676375985145572,0.19418033957481384,0.02188451588153839,0.4297690689563751,25.45095920562744,9.378173828125,43.667442703247076,0.10808049887418747,0.067563246935606,0.14651505500078202,26.422456741333008,17.46085300445557,35.578086853027344,0.03611309453845024,0.011142623610794544,0.06867166459560395,0.0412,0.0,0.10953958,0.0381326,0.03473092,01,False,False
2023-24,2024-01-06,New York,0,1.0294239521026611,0.6868585526943207,1.3537092924118044,0.24759995192289352,0.02795715928077699,0.5813579142093659,26.799837112426758,15.712349319458008,40.74665069580078,0.11915796250104904,0.066735178232193,0.17674123644828796,20.64174175262451,13.529092597961426,28.092568016052248,0.04469258897006512,0.009424936957657337,0.09736315906047821,0.065,0.0,0.1137135,0.05407226,0.04578804,01,False,False
2023-24,2024-01-06,New York,1,1.038627028465271,0.8012555241584778,1.2786147594451904,0.20908775925636292,0.03054698184132576,0.4959093719720842,22.998245239257812,10.670812797546386,37.79709663391113,0.11836963891983032,0.07047011032700538,0.1736651137471199,23.463749885559082,15.241952991485595,30.911649703979492,0.03774433955550194,0.007751060649752617,0.08651640266180038,0.0746,0.0,0.11265637,0.04645765,0.04108586,01,False,False
2023-24,2024-01-06,New York,2,1.0681292414665222,0.7757077813148499,1.4862968444824218,0.24393875896930695,0.04239272400736809,0.5524056553840637,24.812628746032715,11.200032234191895,43.73638916015625,0.10551919043064117,0.06322278827428818,0.15508051216602325,20.39733123779297,13.490424156188965,27.510515975952153,0.041144004091620445,0.008934791572391987,0.09272237122058868,0.0701,0.0,0.11210166,0.04985504,0.04343731,01,False,False
2023-24,2024-01-06,Pennsylvania,0,1.058924376964569,0.8302192687988281,1.2804402589797974,0.1870528757572174,0.026229752227663994,0.41087639331817627,25.021512031555176,11.443592071533203,41.03897476196289,0.12759929895401,0.07582866474986077,0.18150286823511125,23.019213676452637,15.597367382049562,30.29655647277832,0.03257288038730621,0.007181738968938589,0.0723649114370346,0.074,0.0,0.11190912,0.03760973,0.03375341,01,False,False
2023-24,2024-01-06,Pennsylvania,1,1.0180376768112183,0.7938576936721802,1.2227212071418763,0.19999119639396667,0.03956189751625061,0.4274776965379716,21.275948524475098,10.943928337097168,35.29345703125,0.1251363456249237,0.07350647449493408,0.1779732286930084,24.304859161376953,16.188602447509766,32.44173583984375,0.0336693711578846,0.009318267554044728,0.07069988548755646,0.0591,0.0,0.11227638,0.03832661,0.0340343,01,False,False
2023-24,2024-01-06,Pennsylvania,2,1.061136543750763,0.8508578121662141,1.311616885662079,0.1774069294333458,0.026578016579151154,0.3877596855163574,27.086660385131836,12.79936180114746,42.9005012512207,0.12225807830691338,0.0778207778930664,0.1750655323266983,25.318073272705078,17.203767013549804,33.65387992858887,0.032511789351701736,0.007660263683646917,0.06916429847478867,0.065,0.0,0.11260669,0.03533594,0.03180249,01,False,False
2023-24,2024-01-06,Vermont,0,0.9797165393829346,0.6497819423675537,1.9359010457992554,0.3900645077228546,0.13567257523536683,0.6719094514846802,25.35427761077881,13.0586519241333,41.36211395263672,0.07080230861902237,0.030614349991083145,0.12379053235054016,11.300350189208984,5.654059410095215,18.955318450927734,0.06413562595844269,0.013615379668772222,0.14987076967954635,0.0634,0.0,0.11162261,0.07663954,0.06244653,01,False,False
2023-24,2024-01-06,Vermont,1,0.9375728368759155,0.6426888704299927,1.5393691062927246,0.3781684935092926,0.11976847797632217,0.6662740111351013,24.74665069580078,13.352155685424805,39.82299041748047,0.06904188543558121,0.029700016602873802,0.11874781548976898,11.12481164932251,5.455147743225098,19.267320060729993,0.0699227899312973,0.01506493762135507,0.1491224467754364,0.0526,0.0,0.11165837,0.08018387,0.06541288,01,False,False
2023-24,2024-01-06,Vermont,2,0.9167709946632385,0.6229338169097901,1.465877401828766,0.3956405222415924,0.1013842448592186,0.6866791248321533,24.098913192749023,12.685547351837158,40.59611015319825,0.06726671010255814,0.03158709034323692,0.1182146891951561,12.366144180297852,5.953976726531983,20.572280883789062,0.06939785182476044,0.0122860717587173,0.16522060334682465,0.0689,0.0,0.11090331,0.08569746,0.07032459,01,False,False
2023-24,2024-01-06,Wyoming,0,1.1626156568527222,0.7292938292026521,2.2052919149398815,0.4661591053009033,0.2081821605563164,0.7532158970832825,25.543474197387695,14.61846342086792,39.41873512268067,0.1394219547510147,0.0739928811788559,0.23363511264324188,12.762799263000488,6.055216932296753,21.237529754638672,0.11152459308505058,0.02607372030615807,0.2237560734152794,0.0421,0.0,0.11203977,0.12508835,0.09879121,01,False,False
2023-24,2024-01-06,Wyoming,1,1.148477554321289,0.7071400284767151,2.1981517553329466,0.5187373757362366,0.2152014821767807,0.7853360116481782,24.84200668334961,14.860271453857422,39.04508018493653,0.12352681905031204,0.06863899305462838,0.21121929585933685,12.597838401794434,6.326781749725342,19.681493759155273,0.1148095652461052,0.02835528925061226,0.24154007881879808,0.0378,0.0,0.11229048,0.13085339,0.10166714,01,False,False
2023-24,2024-01-06,Wyoming,2,1.0910969376564026,0.6482786297798157,2.1013243198394775,0.5588614642620087,0.261814758181572,0.80031835436821,25.695682525634766,15.99580812454224,39.03071975708008,0.13817396014928818,0.07387226596474647,0.25506798028945926,11.060894966125488,5.40503273010254,18.1743185043335,0.10042198747396469,0.021358761936426163,0.19906332641839983,0.046,0.0,0.11026728,0.1108986,0.089123,01,False,False
2023-24,2024-01-13,Alaska,0,1.01939058303833,0.7288743436336518,1.4938815832138062,0.3371284306049347,0.11441817134618759,0.5821956396102905,25.15595245361328,13.857216835021973,39.09276580810547,0.1658850908279419,0.09025248140096664,0.26615594923496255,18.767961502075195,10.646866798400879,27.766152000427248,0.060886140912771225,0.01623290590941906,0.1264430433511734,0.0387,0.0,0.11283606,0.06178898,0.05215799,01,False,False
2023-24,2024-01-13,Alaska,1,1.0228055715560913,0.7150037884712219,1.5355416536331177,0.3812106251716614,0.14298133552074432,0.609222412109375,26.80100727081299,15.395363807678223,39.460119628906256,0.16672451794147491,0.08745713531970978,0.25826468765735633,18.43347930908203,10.65860652923584,27.28898448944092,0.0762660801410675,0.017539471574127677,0.14524498581886292,0.0448,0.0,0.11044588,0.07800936,0.06344261,01,False,False
2023-24,2024-01-13,Alaska,2,1.019547462463379,0.708035010099411,1.5103809714317329,0.37931352853775024,0.1373351365327835,0.6068949699401855,26.22282314300537,14.207559394836426,38.70998001098633,0.16711842268705368,0.08823952823877336,0.25502172112464905,18.944632530212402,11.124909400939941,27.56553592681885,0.07030736654996872,0.019675742834806442,0.13300662040710454,0.0347,0.0,0.11098811,0.07019982,0.05861665,01,False,False
2023-24,2024-01-13,California,0,0.9025514721870422,0.6621658205986023,1.156920313835144,0.21276292204856873,0.02630203776061535,0.5071407556533813,26.285000801086426,12.748001003265381,41.37943229675293,0.11296523362398148,0.06583642959594727,0.16120222210884094,28.01614284515381,19.128385543823242,35.997745513916016,0.04192941635847092,0.014125881716609001,0.07756324633955956,0.0316,0.0,0.1117121,0.04164583,0.03722423,01,False,False
2023-24,2024-01-13,California,1,0.8997063338756561,0.6547169506549835,1.1940655112266547,0.25052446126937866,0.03417018055915833,0.5456351637840271,25.809051513671875,11.725273132324219,42.84170150756836,0.11831668019294739,0.07321203127503395,0.16943126916885376,23.980941772460938,16.972336959838866,30.658264350891116,0.043313346803188324,0.013730312325060369,0.08061930462718016,0.0381,0.0,0.11078379,0.0433658,0.0382693,01,False,False
2023-24,2024-01-13,California,2,0.8789525628089905,0.685670667886734,1.1053556203842163,0.252353236079216,0.06754232123494149,0.45198303163051606,20.155780792236328,9.806528091430664,36.8022918701172,0.10004927217960358,0.056589338928461075,0.14948010444641113,26.654582977294922,18.138824844360354,35.293365478515625,0.034381067380309105,0.009157364629209042,0.07398122549057007,0.0542,0.0,0.11134558,0.03783162,0.03448911,01,False,False
2023-24,2024-01-13,New York,0,0.9354943037033081,0.6654489636421204,1.2815104722976685,0.26695817708969116,0.05389152467250824,0.5455664813518525,24.752147674560547,12.277311325073242,41.97195053100586,0.1231251135468483,0.06840804144740106,0.18521705269813538,20.908496856689453,13.7919921875,28.320466995239258,0.042113952338695526,0.009069021791219711,0.09668116271495819,0.0681,0.0,0.11126977,0.0475883,0.04008812,01,False,False
2023-24,2024-01-13,New York,1,0.9477656483650208,0.6610935926437378,1.3797025084495544,0.28652310371398926,0.07545735687017441,0.5587076544761658,26.575172424316406,12.39746379852295,45.53883743286133,0.12707985192537308,0.06693569272756578,0.19665953516960144,19.94510269165039,13.363764762878418,26.999594688415538,0.046542033553123474,0.008239371702075005,0.10402615889906892,0.0756,0.0,0.10872868,0.05206679,0.04438792,01,False,False
2023-24,2024-01-13,New York,2,0.9533141255378723,0.6591930508613587,1.317887544631958,0.27132003009319305,0.05555758997797966,0.5619693398475647,27.185583114624023,13.363919734954834,44.79417610168458,0.11346620693802834,0.06790762394666672,0.1642601490020752,23.63987159729004,14.980900287628176,32.74269371032716,0.04428999125957489,0.009430999867618084,0.09697892516851425,0.0609,0.0,0.11010865,0.04889667,0.04293385,01,False,False
2023-24,2024-01-13,Pennsylvania,0,0.982494592666626,0.7588595390319824,1.286793291568756,0.21107330918312073,0.03246244043111804,0.4626755237579346,29.464834213256836,12.352604866027832,45.62814483642578,0.14497531950473785,0.08368457406759262,0.20357483625411987,25.62141227722168,17.495119476318358,34.01311988830567,0.04229164123535156,0.01370480339974165,0.0785221852362156,0.0325,0.0,0.111681,0.04217979,0.03848194,01,False,False
2023-24,2024-01-13,Pennsylvania,1,0.9378929734230042,0.7086289882659912,1.162821388244629,0.19330546259880066,0.03806165046989918,0.4569601505994797,25.89483642578125,12.9635648727417,39.34587097167969,0.1364142820239067,0.07668454200029373,0.1983007609844208,25.724891662597656,16.945456504821777,34.17651290893555,0.042316073551774025,0.012183494865894318,0.08359852209687234,0.045,0.0,0.10985315,0.04174402,0.03796678,01,False,False
2023-24,2024-01-13,Pennsylvania,2,0.9116989374160767,0.6753653883934021,1.156632423400879,0.2051742821931839,0.03852382190525533,0.4697498083114624,24.77934455871582,11.814515304565429,40.751983642578125,0.15375196933746338,0.08784338980913163,0.21913038194179535,28.134431838989258,19.685258865356445,35.402254867553715,0.04411967098712921,0.014786876179277899,0.08767607212066651,0.0318,0.0,0.1106932,0.04343275,0.0389406,01,False,False
2023-24,2024-01-13,Vermont,0,1.015796720981598,0.686046975851059,1.653831374645234,0.35634322464466095,0.08717604726552963,0.6740959346294405,27.527827262878418,15.557077407836914,41.925984954833986,0.07344638183712959,0.035597813129425046,0.12082564830780029,11.596746444702148,6.076959753036499,18.34398422241211,0.05748754180967808,0.010279521252959967,0.13529804497957232,0.0706,0.0,0.10927109,0.07227594,0.05813645,01,False,False
2023-24,2024-01-13,Vermont,1,0.9764663279056549,0.6588274836540222,1.4912163972854615,0.357491672039032,0.1193327009677887,0.6626836657524109,23.898737907409668,13.396096229553223,38.41967124938965,0.06793049722909927,0.033676788210868835,0.11167323738336564,11.910037517547607,5.915391731262207,20.864224624633792,0.06664752960205078,0.01130687352269888,0.15578122586011892,0.0682,0.0,0.11328413,0.08398262,0.06727723,01,False,False
2023-24,2024-01-13,Vermont,2,0.9431713819503784,0.6375106334686279,1.4535297989845277,0.383382186293602,0.11863086372613907,0.6607039093971253,25.305903434753418,14.480805397033691,40.006417846679696,0.08057685196399689,0.03818147629499436,0.13825502544641496,12.430741786956787,6.504635906219482,20.522554397583008,0.06171679310500622,0.011968758888542657,0.13435902893543247,0.0601,0.0,0.11002808,0.07336675,0.0600709,01,False,False
2023-24,2024-01-13,Wyoming,0,1.110755443572998,0.6716037213802338,2.1376938581466693,0.4836682677268982,0.20841681957244873,0.7455981194972993,26.615320205688477,15.292611122131348,40.310028076171875,0.12131603807210922,0.06538845598697662,0.20577995479106903,12.372844696044922,6.244667291641235,20.967116165161137,0.09928485006093979,0.019374209083616735,0.21730074286460876,0.05,0.0,0.11355175,0.11555279,0.08898379,01,False,False
2023-24,2024-01-13,Wyoming,1,1.116045355796814,0.6701653480529786,2.3440990447998047,0.451251357793808,0.19077467173337936,0.7449345171451571,25.89631462097168,15.165441513061523,41.37557601928711,0.12391577661037445,0.06988488137722015,0.2096275240182877,12.053476333618164,6.184257078170776,18.870270729064945,0.10277755931019783,0.01883932203054428,0.21200664341449738,0.0513,0.0,0.11050837,0.11607422,0.08894059,01,False,False
2023-24,2024-01-13,Wyoming,2,1.1342010498046875,0.6660140633583069,2.05631685256958,0.47568175196647644,0.18317283838987355,0.743391215801239,26.215518951416016,15.449942588806152,40.363155364990234,0.12381531298160553,0.062909384816885,0.21970311999320985,11.738542556762695,5.9686665534973145,19.70362663269043,0.10620750114321709,0.020702335983514786,0.22834154218435296,0.0508,0.0,0.11065522,0.12244691,0.09342234,01,False,False
2023-24,2024-01-20,Alaska,0,0.9963135719299316,0.6992704272270203,1.4686284065246582,0.3439379036426544,0.12544207274913788,0.5816972553730012,25.033405303955078,13.718799591064453,39.379359054565434,0.16693678498268127,0.0886947363615036,0.2502245873212815,20.214921951293945,11.452000045776368,29.786563873291016,0.06220873072743416,0.01595190353691578,0.1238386407494545,0.0383,0.0,0.11034116,0.06718985,0.05621087,01,False,False
2023-24,2024-01-20,Alaska,1,0.9432687163352966,0.6866887211799622,1.4341261386871338,0.37148603796958923,0.14651548862457275,0.6127166748046875,24.909465789794922,14.039765071868898,38.584321975708015,0.18333971500396729,0.09817926585674286,0.28909156322479257,21.614646911621094,13.079065322875977,30.248342514038086,0.06736327707767487,0.018424151465296745,0.1374622523784638,0.0319,0.0,0.11290011,0.07416779,0.06223879,01,False,False
2023-24,2024-01-20,Alaska,2,1.0251227617263794,0.6953678727149963,1.5029091835021973,0.3509998321533203,0.12933097779750824,0.6050170063972478,27.5132999420166,14.49582462310791,41.889039611816415,0.1796460822224617,0.0946665033698082,0.2788901925086975,19.137914657592773,11.761046409606934,27.42023277282715,0.07267951592803001,0.019359679892659187,0.14314605295658112,0.0389,0.0,0.11088235,0.07695868,0.06392532,01,False,False
2023-24,2024-01-20,California,0,0.9161428213119507,0.6915138185024262,1.1523323774337768,0.21133900433778763,0.029486707225441947,0.4864193201065064,25.2022647857666,12.403423976898194,41.98666954040528,0.12128010392189026,0.06946372240781784,0.17870917320251464,26.12641143798828,18.09442901611328,34.21575736999512,0.04912436567246914,0.012599308975040913,0.09553060680627823,0.0505,0.0,0.11240755,0.05620913,0.04742082,01,False,False
2023-24,2024-01-20,California,1,0.9319007396697998,0.7408003807067871,1.1380608439445496,0.17754624783992767,0.029994534887373463,0.39264879226684574,23.277860641479492,10.500484275817872,39.3597152709961,0.11076514795422554,0.06660632863640785,0.15489691495895386,28.412019729614258,20.358979415893554,35.669464111328125,0.03770357742905617,0.010840099304914474,0.07153538912534714,0.0449,0.0,0.11435803,0.04310552,0.03780881,01,False,False
2023-24,2024-01-20,California,2,0.9255545139312744,0.7406602621078492,1.1375833749771118,0.17284109443426132,0.02596585750579837,0.3901400268077851,24.925780296325684,11.545941352844238,41.87323684692383,0.1224849745631218,0.07578565701842309,0.1755571961402893,29.11381244659424,20.37445659637451,37.07557678222656,0.03889605402946472,0.012094894517213106,0.0753054738044739,0.0379,0.0,0.11031178,0.0456245,0.03967167,01,False,False
2023-24,2024-01-20,New York,0,0.8830516338348389,0.6247097134590149,1.234758985042572,0.30149348080158234,0.048353854566812536,0.5960762739181519,25.433870315551758,12.878572463989258,43.19858932495117,0.16321177780628204,0.08938239961862564,0.25058087706565857,21.929977416992188,14.532095336914063,30.57847785949707,0.055239707231521606,0.014537447690963747,0.11015074029564857,0.0416,0.0,0.11213534,0.0600031,0.04872317,01,False,False
2023-24,2024-01-20,New York,1,0.8782614767551422,0.6421178758144379,1.1717857956886293,0.2904786616563797,0.059453029185533524,0.559648734331131,22.62736701965332,12.338632392883301,38.547447204589865,0.12883764505386353,0.07514306604862213,0.1831227868795395,21.948115348815918,15.01588125228882,28.827199745178223,0.04309776984155178,0.009925341233611107,0.09160149097442627,0.0635,0.0,0.11210706,0.04972898,0.04179764,01,False,False
2023-24,2024-01-20,New York,2,0.9651741981506348,0.714870172739029,1.2243610620498657,0.1994294822216034,0.024350527673959732,0.46905970573425293,25.761016845703125,12.856128692626953,44.268923950195315,0.12196215242147446,0.07161889970302582,0.17602181434631348,23.00233268737793,15.039959621429444,30.79817771911621,0.04033101722598076,0.00890397159382701,0.08530350029468536,0.0708,0.0,0.10982723,0.04673575,0.03988173,01,False,False
2023-24,2024-01-20,Pennsylvania,0,0.8419835567474365,0.6392749726772309,1.0536306619644167,0.27188196778297424,0.061416569724679036,0.5091038346290588,19.441874504089355,9.482048034667969,34.81300735473633,0.1603628247976303,0.09066124260425568,0.22316578030586243,25.90103530883789,17.605457305908203,34.290306091308594,0.04148340970277786,0.0128032217733562,0.07972569689154625,0.0362,0.0,0.10966403,0.0442599,0.03804434,01,False,False
2023-24,2024-01-20,Pennsylvania,1,0.8928440809249878,0.6797834038734436,1.1592406392097474,0.22174568474292755,0.04904739931225777,0.4556023180484772,25.94272804260254,11.43711452484131,44.16158027648926,0.1580200344324112,0.09281591698527336,0.2308297619223595,26.58347511291504,18.30354862213135,34.50122833251953,0.04628784768283367,0.013743494637310505,0.08761657103896141,0.0417,0.0,0.11109338,0.0505346,0.04422648,01,False,False
2023-24,2024-01-20,Pennsylvania,2,0.8740577697753906,0.6601529121398926,1.0661176443099976,0.2514692097902298,0.06190450489521028,0.4864894151687622,17.033994674682617,8.3158597946167,31.893177795410157,0.15361593663692474,0.08524572849273682,0.22478993237018585,27.713289260864258,18.928882026672362,35.54609642028809,0.03747427463531494,0.010767380706965923,0.07483849972486498,0.0472,0.0,0.11290327,0.04121874,0.03587587,01,False,False
2023-24,2024-01-20,Vermont,0,0.9468013644218445,0.6510067760944367,1.3609514832496643,0.37353968620300293,0.10774508863687515,0.6360645830631256,25.601970672607422,15.035543537139892,39.01455001831056,0.0927143394947052,0.04429437890648842,0.15076412856578833,11.394466400146484,6.074087142944336,17.557530021667485,0.0602681040763855,0.011934379115700722,0.13127839118242265,0.0566,0.0,0.11167272,0.07197443,0.0594007,01,False,False
2023-24,2024-01-20,Vermont,1,0.9277711510658264,0.6323081254959106,1.5392932891845703,0.4123344421386719,0.14076109528541567,0.67828768491745,24.16944980621338,14.322381591796875,38.29228973388672,0.07554242014884949,0.03874085955321789,0.12348666042089462,10.844829082489014,5.792942380905152,17.02396583557129,0.06940591707825661,0.0159780802205205,0.1436399161815644,0.0512,0.0,0.11139863,0.07955919,0.06354025,01,False,False
2023-24,2024-01-20,Vermont,2,0.9978360831737518,0.680470222234726,1.5179985046386726,0.35108886659145355,0.11210856586694717,0.6540049076080323,25.042755126953125,14.558505058288574,40.423373794555665,0.07589844614267349,0.03859827294945717,0.12388172000646591,13.482346534729004,7.179562568664551,21.770574378967286,0.0567647498100996,0.011773019563406708,0.12765474617481232,0.064,0.0,0.11305601,0.07037275,0.0582897,01,False,False
2023-24,2024-01-20,Wyoming,0,0.9979348182678223,0.6000000238418579,2.1479406833648684,0.5442497134208679,0.2632034957408905,0.778754472732544,27.012666702270508,15.555534458160402,40.11551284790039,0.10867702960968018,0.05175309926271439,0.1999037936329842,12.528636932373047,6.603398275375366,19.521629333496094,0.10732400417327881,0.027878657914698124,0.218791863322258,0.0315,0.0,0.11160459,0.11221189,0.08282367,01,False,False
2023-24,2024-01-20,Wyoming,1,1.027442991733551,0.6053906619548798,2.1911180734634406,0.47688040137290955,0.21108053028583526,0.7649629712104797,27.880815505981445,13.449649238586426,43.48882789611817,0.11374582722783089,0.056788093596696856,0.2000524312257767,11.443679809570312,5.92946252822876,18.17049789428711,0.1116630844771862,0.028555446676909933,0.21334779262542725,0.0388,0.0,0.10863701,0.11117634,0.08392672,01,False,False
2023-24,2024-01-20,Wyoming,2,0.9794867634773254,0.6000000238418579,1.9437584280967715,0.4445101320743561,0.1741226375102997,0.7168139040470123,25.76059341430664,13.634779930114746,39.15716552734375,0.11154874414205551,0.052484262734651566,0.20813045799732216,11.669891357421875,5.975413417816163,18.722389221191406,0.10925135016441345,0.025542762875556946,0.21486932039260864,0.043,0.0,0.1111104,0.11104535,0.08165481,01,False,False
2023-24,2024-01-27,Alaska,0,0.9511258602142334,0.682577657699585,1.2789692878723145,0.2904643714427948,0.08401156216859818,0.5461543798446655,25.52339267730713,14.220039367675783,40.49885177612305,0.17051094770431519,0.09648560285568239,0.25353688001632696,18.99364471435547,11.573422908782959,28.1202335357666,0.056225771084427834,0.014265533629804854,0.11645010337233544,0.047,0.0,0.11070615,0.06655625,0.05849856,01,False,False
2023-24,2024-01-27,Alaska,1,0.8883084058761597,0.6504287719726562,1.2834058165550233,0.34076589345932007,0.12305842190980913,0.5615586042404175,24.63148307800293,13.598754405975342,38.861114501953125,0.1788213849067688,0.09765475317835808,0.2734302520751954,18.99468231201172,11.092812538146973,27.422139167785645,0.054674867540597916,0.014757778495550156,0.10905086994171143,0.0432,0.0,0.10899906,0.06215152,0.05466626,01,False,False
2023-24,2024-01-27,Alaska,2,0.9352707862854004,0.675968611240387,1.3342026948928833,0.3136041611433029,0.09712482988834381,0.5421355366706848,24.954879760742188,13.573381423950195,40.5556526184082,0.17258939146995544,0.09135286509990692,0.27725415825843813,19.992424964904785,11.9046462059021,28.657211303710938,0.05754789523780346,0.014635112136602402,0.11586762964725494,0.0438,0.0,0.11121637,0.06660057,0.0585324,01,False,False
2023-24,2024-01-27,California,0,0.8846490383148193,0.68835329413414,1.0614433646202088,0.16550952196121216,0.02118445746600628,0.4161955416202545,23.120380401611328,10.806840896606445,39.07257843017578,0.12628322839736938,0.07815629243850708,0.1722266525030136,28.631526947021484,20.67160987854004,36.318153381347656,0.04093826934695244,0.014898465946316719,0.07522772997617722,0.0277,0.0,0.11122485,0.04370929,0.0384904,01,False,False
2023-24,2024-01-27,California,1,0.895962655544281,0.6945769786834717,1.0854536294937134,0.1795976758003235,0.024317875504493713,0.4042681455612186,18.40318489074707,6.447885465621949,35.33374786376953,0.12771771848201752,0.08280397206544876,0.17543531954288483,26.053909301757812,18.646720504760744,33.63142471313477,0.03796037472784519,0.01001512110233307,0.07488592043519021,0.046,0.0,0.11046313,0.04210376,0.03731273,01,False,False
2023-24,2024-01-27,California,2,0.8934231400489807,0.7204302728176117,1.1128861904144287,0.19183499366044998,0.04086956307291986,0.3838923752307894,23.629989624023438,9.22687168121338,43.68843460083008,0.12974965572357178,0.07968544214963913,0.1784281075000763,26.79376792907715,19.37026710510254,34.08015441894531,0.039145950227975845,0.010650668293237686,0.07786236628890038,0.0467,0.0,0.1108927,0.04384559,0.03840745,01,False,False
2023-24,2024-01-27,New York,0,0.919847846031189,0.6491243243217468,1.2343803644180298,0.28411221504211426,0.06834469810128216,0.5586556792259216,24.53244972229004,13.039809226989746,42.47924041748047,0.16038444638252258,0.10632260888814926,0.21715184450149536,22.805883407592773,15.17229175567627,29.853591918945312,0.04316724091768265,0.009752905927598476,0.09177055209875107,0.0615,0.0,0.11142283,0.05160175,0.04251542,01,False,False
2023-24,2024-01-27,New York,1,0.9665226936340332,0.6793994903564453,1.2366702556610107,0.2172686755657196,0.028153997845947742,0.5219928622245789,27.91349506378174,17.52385902404785,41.17074737548828,0.137763112783432,0.08183296024799347,0.20679624378681183,20.785295486450195,14.132553577423096,27.90338134765625,0.0454056803137064,0.011517751961946487,0.090480275452137,0.0458,0.0,0.11243622,0.05306239,0.04396908,01,False,False
2023-24,2024-01-27,New York,2,0.9887111186981201,0.7169769406318665,1.2793562412261963,0.22671205550432205,0.036547396704554584,0.5055003821849824,23.53657627105713,10.273507881164551,42.35240440368652,0.14481909573078156,0.08403981477022171,0.21352878212928772,19.697793006896973,13.591497421264648,26.050689697265625,0.041967105120420456,0.009158122353255749,0.09646252542734146,0.0687,0.0,0.11229412,0.05213765,0.04372767,01,False,False
2023-24,2024-01-27,Pennsylvania,0,0.9230606257915497,0.6989583969116211,1.1465092420578002,0.21458613872528076,0.0417553834617138,0.45711005330085763,22.770090103149414,9.373257160186768,41.77875518798828,0.15971359610557556,0.09640061482787132,0.22805540263652802,23.370609283447266,15.976701736450195,30.327545166015625,0.04157665744423866,0.012753819115459919,0.0796447977423668,0.0449,0.0,0.111569,0.0470187,0.04057191,01,False,False
2023-24,2024-01-27,Pennsylvania,1,0.8836860656738281,0.6708503365516663,1.1067679166793825,0.2542894184589386,0.0766918733716011,0.4829408824443817,20.049306869506836,8.839608192443848,37.67350387573242,0.18338186293840408,0.11256290078163148,0.2561619997024536,25.14259147644043,17.425031471252442,33.51968765258789,0.045766983181238174,0.014123271126300099,0.08891308307647705,0.0357,0.0,0.11321168,0.0518897,0.04429673,01,False,False
2023-24,2024-01-27,Pennsylvania,2,0.8687390089035034,0.6623457074165344,1.1061880588531494,0.27032843232154846,0.06654135882854462,0.4881196171045306,23.454345703125,11.603362464904786,40.14398956298828,0.17161552608013153,0.10534971207380295,0.23921561241149902,26.287721633911133,18.459827613830566,34.441871643066406,0.04138507321476936,0.01334885973483324,0.0770443007349968,0.0319,0.0,0.11176858,0.04519559,0.03874348,01,False,False
2023-24,2024-01-27,Vermont,0,0.9164281487464905,0.6259363114833831,1.3346588611602783,0.3606726825237274,0.10189728885889054,0.6312726616859436,25.76774501800537,14.57591724395752,40.919768524169925,0.08669903501868248,0.04249071590602398,0.14712385684251786,12.017233848571777,6.7030407905578615,19.177016830444337,0.061096880584955215,0.011736490577459336,0.13624225109815596,0.0619,0.0,0.112487,0.07155754,0.05790147,01,False,False
2023-24,2024-01-27,Vermont,1,0.9269728064537048,0.6293614506721497,1.4166962623596193,0.36918753385543823,0.11695433482527733,0.6322050631046295,26.26085090637207,14.810154628753663,41.099056243896484,0.08962031081318855,0.044328123331069946,0.1461835518479348,12.223248481750488,6.812665462493897,19.197158813476562,0.06297966837882996,0.013715029507875443,0.13506620228290558,0.0538,0.0,0.10951961,0.07370542,0.06144139,01,False,False
2023-24,2024-01-27,Vermont,2,0.9394035935401917,0.6514464974403381,1.4594792127609262,0.3696156144142151,0.11533574908971787,0.6276190996170045,24.802051544189453,14.122589397430422,41.0793571472168,0.0778634324669838,0.039388427138328554,0.12706752121448517,11.354276657104492,6.133340120315553,17.98233814239502,0.05721701309084892,0.00921443197876215,0.13457209020853042,0.0751,0.0,0.11092718,0.07011878,0.05958681,01,False,False
2023-24,2024-01-27,Wyoming,0,1.108758568763733,0.6384603202342988,2.137204313278199,0.46818113327026367,0.18955907225608826,0.7348885536193848,26.651613235473633,16.712269401550294,39.44274139404297,0.13377578556537628,0.07349977642297745,0.22043868899345398,11.782683372497559,6.0201592445373535,18.988079071044922,0.09051483497023582,0.01916547492146492,0.1935362070798874,0.0476,0.0,0.11199157,0.11650661,0.08554919,01,False,False
2023-24,2024-01-27,Wyoming,1,1.001128077507019,0.6145018339157104,1.9551215648651126,0.5213809013366699,0.2472271472215653,0.7505995631217957,24.86250877380371,15.296973133087159,37.76695251464844,0.14888134598731995,0.07639649212360382,0.2557860553264618,11.25661849975586,5.563355445861816,18.256126403808594,0.11666974797844887,0.02393186092376709,0.2271336168050766,0.0509,0.0,0.11298169,0.13045352,0.0887059,01,False,False
2023-24,2024-01-27,Wyoming,2,1.060891032218933,0.6241369605064392,2.2196169376373294,0.5255491733551025,0.26428914070129395,0.7860348403453827,27.441712379455566,16.44851303100586,43.68875617980957,0.15139102935791016,0.07408644929528237,0.2616958558559418,11.950148105621338,5.893109989166261,19.799581336975102,0.11039260402321815,0.02572440169751644,0.2126764237880707,0.0399,0.0,0.11220389,0.1239262,0.08665457,01,False,False
2023-24,2024-02-03,Alaska,0,0.9247605502605438,0.6803975164890289,1.2602903723716739,0.30168402194976807,0.10925404578447342,0.5179973244667053,23.925994873046875,11.995707511901855,39.287376403808594,0.1745723932981491,0.09325726330280304,0.25765362977981576,21.354870796203613,12.713300037384034,30.932701110839844,0.052713219076395035,0.014261223375797272,0.10323397219181066,0.0443,0.0,0.11303069,0.05936472,0.05055644,02,False,True
2023-24,2024-02-03,Alaska,1,0.940144956111908,0.6656168878078461,1.347590470314026,0.33215510845184326,0.12046944350004196,0.5663577914237976,27.4757080078125,13.920662879943848,43.30595779418945,0.16084136068820953,0.08581881746649743,0.2439480572938919,19.827319145202637,11.95151424407959,28.716068267822266,0.054104333743453026,0.013899029884487393,0.1075376242399216,0.0471,0.0,0.11145456,0.06017071,0.05202939,02,False,True
2023-24,2024-02-03,Alaska,2,0.9165102243423462,0.6382705092430114,1.322591030597687,0.34401360154151917,0.11896516382694244,0.5803950428962708,27.24445152282715,14.528459548950195,43.269317626953125,0.17924883216619492,0.10016358643770218,0.27263526916503916,19.43000030517578,11.755705833435059,27.139408302307135,0.06117617152631283,0.015791404992341995,0.12294489443302159,0.0412,0.0,0.11023268,0.06926002,0.05686838,02,False,True
2023-24,2024-02-03,California,0,0.8624436855316162,0.6685971617698669,1.0681818008422852,0.20195376127958298,0.03959035649895668,0.42129515409469603,21.344983100891113,8.595108985900879,39.11464500427247,0.1267542690038681,0.08012620657682419,0.17445839941501617,28.57856273651123,21.26459312438965,35.68296813964844,0.038012776523828506,0.01207548649981618,0.07314483895897866,0.0387,0.0,0.10997905,0.04205106,0.03705884,02,False,True
2023-24,2024-02-03,California,1,0.8555706441402435,0.6514892578125,1.0552175045013428,0.21958214789628983,0.05543324388563633,0.43194876909255986,18.623568534851074,6.584297800064088,36.09077835083008,0.14950305223464966,0.09335377216339111,0.21135988682508472,28.14219856262207,20.608634757995606,35.75172996520996,0.0386110283434391,0.010987692698836328,0.07501513510942459,0.0449,0.0,0.11206443,0.04280504,0.03636829,02,False,True
2023-24,2024-02-03,California,2,0.8573939502239227,0.7076924800872803,1.0116797327995302,0.16307997703552246,0.03661600537598133,0.33583744764328005,19.191709518432617,9.207740783691406,32.73095855712891,0.13446547091007233,0.07909611389040946,0.1952027976512909,27.296863555908203,19.50947723388672,35.69458847045898,0.03739535063505173,0.01309141665697098,0.06708431243896484,0.0294,0.0,0.11167864,0.04045528,0.0357731,02,False,True
2023-24,2024-02-03,New York,0,0.9673240184783936,0.7261646330356598,1.1840568661689759,0.19388728588819504,0.026946063525974753,0.4562124013900757,27.1997127532959,15.190215110778809,41.403812408447266,0.1491478979587555,0.09280905947089195,0.21694110184907914,23.580656051635742,16.177215766906738,31.154976463317876,0.0378689207136631,0.011237486358731985,0.07606095150113107,0.0428,0.0,0.11098328,0.04384265,0.03895477,02,False,True
2023-24,2024-02-03,New York,1,0.9573435485363007,0.7308863401412964,1.168460273742676,0.18779410421848297,0.018285281956195845,0.486757838726044,27.211791038513184,15.323458862304687,40.426264190673834,0.15235137939453125,0.09152770042419434,0.22331729531288147,21.655981063842773,14.61573600769043,29.168760299682617,0.03867870010435581,0.01063912631943822,0.08235494792461395,0.0515,0.0,0.11154456,0.04577291,0.03987778,02,False,True
2023-24,2024-02-03,New York,2,0.9551209509372711,0.7443226754665375,1.160890030860901,0.19122060388326645,0.036166738346219064,0.4272877216339112,27.122363090515137,15.845490455627441,40.48455963134766,0.15109868347644806,0.08817160278558732,0.22310276478528976,21.9879207611084,15.312631034851075,28.427706718444828,0.0354663897305727,0.009306749794632198,0.07589677423238755,0.0563,0.0,0.11208228,0.04207711,0.03666025,02,False,True
2023-24,2024-02-03,Pennsylvania,0,0.9459360837936401,0.7569648683071136,1.137633204460144,0.2098958119750023,0.05737157538533211,0.4279452592134478,22.13319492340088,11.785409927368164,36.2386775970459,0.17122843861579895,0.10750088095664978,0.24265381693840027,27.83316993713379,19.273063278198244,35.48830718994141,0.036320172250270844,0.012064054608345032,0.06581811606884003,0.03,0.0,0.11264395,0.039334,0.03468318,02,False,True
2023-24,2024-02-03,Pennsylvania,1,0.9070183336734772,0.6795687258243561,1.157690167427063,0.26817598938941956,0.07016719281673435,0.5176005363464355,23.30238437652588,12.682031631469728,36.93891143798828,0.17313528060913086,0.10831394791603088,0.24639274179935455,26.926241874694824,18.59610710144043,35.49805450439453,0.03890547156333923,0.012248049769550563,0.07675696164369583,0.0361,0.0,0.11070188,0.04376028,0.03710014,02,False,True
2023-24,2024-02-03,Pennsylvania,2,0.9167700707912445,0.7036526203155518,1.1415460109710693,0.26138678193092346,0.07498674392700198,0.495862752199173,22.18242073059082,12.20601673126221,35.99061279296877,0.1789647340774536,0.110375314950943,0.2578099220991135,29.041702270507812,20.746612548828125,36.29936599731445,0.04265179485082626,0.013453295454382896,0.08177697211503983,0.0365,0.0,0.11112865,0.04550184,0.04013498,02,False,True
2023-24,2024-02-03,Vermont,0,0.8835660517215729,0.6171005964279175,1.2871276140213013,0.3546981066465378,0.0838168025016785,0.6560858070850373,23.408231735229492,13.4230281829834,38.64746932983399,0.08205138891935349,0.04054306074976921,0.13433108031749727,12.308629035949707,7.12609977722168,18.39918327331543,0.05606937035918236,0.011261503584682942,0.12309899181127548,0.0641,0.0,0.11173132,0.06563461,0.0536543,02,False,True
2023-24,2024-02-03,Vermont,1,0.8781668245792389,0.6130577325820923,1.2873048782348633,0.3414585143327713,0.06961610913276672,0.6225232481956482,27.895451545715332,15.020700454711914,44.44887161254883,0.10863063484430313,0.04976979158818722,0.18407483100891114,13.036989212036133,7.587760972976684,19.335800170898438,0.06117721274495125,0.014797106385231018,0.13174425065517426,0.0515,0.0,0.10937091,0.06970868,0.05596058,02,False,True
2023-24,2024-02-03,Vermont,2,0.8610483705997467,0.6070465445518494,1.2011116743087769,0.34278205037117004,0.0820423886179924,0.6074565052986146,24.24351406097412,14.025545406341553,38.68972282409668,0.09041935205459595,0.0458538793027401,0.14511056244373322,14.505643367767334,7.910959720611572,22.265078926086428,0.0647289827466011,0.013367626816034317,0.13640781491994863,0.0583,0.0,0.11028713,0.07343699,0.05874389,02,False,True
2023-24,2024-02-03,Wyoming,0,1.3346821069717407,0.7067661762237549,2.4507110118865967,0.487136647105217,0.20101126432418825,0.7564529776573181,28.432429313659668,17.245441436767578,42.80304412841797,0.1491212099790573,0.0831428125500679,0.24088656902313232,11.290818214416504,5.988244533538818,17.27062778472901,0.10996346175670624,0.022988401353359222,0.22472238391637803,0.0462,0.0,0.11351552,0.12154715,0.09023369,02,False,True
2023-24,2024-02-03,Wyoming,1,1.3449347019195557,0.7429296970367432,2.465043067932129,0.46572843194007874,0.1628983095288277,0.7847065925598145,29.8862361907959,19.631676292419435,43.49813804626465,0.1338077336549759,0.07448182255029678,0.21827754080295564,11.715675354003906,6.200653076171875,18.63929672241211,0.10216104611754417,0.02401675488799811,0.2006426379084588,0.0422,0.0,0.11138039,0.10811466,0.08129466,02,False,True
2023-24,2024-02-03,Wyoming,2,1.040982186794281,0.6450095891952515,2.0314107179641727,0.558323085308075,0.3013809621334076,0.7888422012329102,24.893428802490234,16.264101028442383,36.14533500671387,0.14855585992336273,0.08287259340286254,0.23955944180488586,11.316277503967285,5.988984107971191,17.61320972442627,0.11068703979253769,0.026873686723411085,0.21160853952169423,0.0372,0.0,0.11418314,0.11757196,0.09039069,02,False,True
2023-24,2024-02-10,Alaska,0,0.9706324636936188,0.7014035642147064,1.3660843133926395,0.3116116523742676,0.10559843480587006,0.5584971308708191,26.563589096069336,14.653052043914796,41.66260337829591,0.16828998923301697,0.09450861066579819,0.2498530462384224,18.023879051208496,11.12627067565918,25.104223251342773,0.05584016442298889,0.013289351202547551,0.1153593994677067,0.0481,0.0,0.11293436,0.06463455,0.05395743,02,False,True
2023-24,2024-02-10,Alaska,1,0.962699681520462,0.7116062104701996,1.2856037616729736,0.2787488251924515,0.09384243190288544,0.5185156285762788,28.05461025238037,17.10170555114746,41.61343460083008,0.18985840678215027,0.10789824277162552,0.27835066914558415,21.685314178466797,13.5243709564209,30.7101993560791,0.046407658606767654,0.012000681832432747,0.09523304700851441,0.049,0.0,0.11061914,0.05470909,0.0465496,02,False,True
2023-24,2024-02-10,Alaska,2,0.9184288382530212,0.6561294794082642,1.3035929203033447,0.3650730550289154,0.12270445078611374,0.6189145445823672,26.32001781463623,15.692954063415527,40.173658752441405,0.1809006780385971,0.0990773268043995,0.2710082232952118,19.2441463470459,11.957414531707764,26.58514289855957,0.06341968849301338,0.016326477751135826,0.12341177314519883,0.04,0.0,0.10974614,0.07176556,0.05761,02,False,True
2023-24,2024-02-10,California,0,0.8773673176765442,0.676307201385498,1.0950391292572021,0.1933600828051567,0.03762889988720417,0.4133233428001404,22.489032745361328,9.159062385559082,41.12934494018555,0.13272598385810852,0.08188910037279129,0.18437863886356354,27.616235733032227,19.852876663208008,34.729878234863286,0.03822183609008789,0.011224773991853,0.07183080911636353,0.0471,0.0,0.11303022,0.04199806,0.03647324,02,False,True
2023-24,2024-02-10,California,1,0.8334227204322815,0.6366193413734436,1.011796236038208,0.20300757139921188,0.03474823012948036,0.43066214025020627,22.571674346923828,10.747673034667969,37.25443344116212,0.1545363813638687,0.09335342049598694,0.21295453310012818,28.209059715270996,20.248750305175783,35.56068229675294,0.04208185523748398,0.011676933616399765,0.08127156049013139,0.0372,0.0,0.11260874,0.046707,0.0397795,02,False,True
2023-24,2024-02-10,California,2,0.8749896883964539,0.7012381434440613,1.069055438041687,0.17223471403121948,0.03531831502914429,0.36596983671188354,24.25164222717285,9.503710556030274,42.90390243530274,0.13627880811691284,0.08865034356713297,0.1887715458869934,30.672260284423828,23.109778785705565,37.78471336364746,0.03536473214626312,0.013010787777602673,0.06461803615093231,0.0292,0.0,0.11148575,0.0391914,0.03467368,02,False,True
2023-24,2024-02-10,New York,0,0.9185969233512878,0.6528241634368896,1.1872397661209106,0.25925782322883606,0.050111630558967606,0.539961051940918,23.62616729736328,12.099772548675537,38.77846183776857,0.20774714648723602,0.1227131262421608,0.3049636781215668,22.501232147216797,15.349789047241211,29.426612854003906,0.04487399756908417,0.0094219371676445,0.09396413490176207,0.0669,0.0,0.1108722,0.05175095,0.04379742,02,False,True
2023-24,2024-02-10,New York,1,0.9721301198005676,0.7952263236045838,1.1861850023269653,0.16864024102687836,0.028443061187863373,0.3606710731983185,27.127513885498047,14.383285522460938,42.76966171264649,0.1950802430510521,0.1198092296719551,0.28657184839248656,25.16370964050293,17.395944023132326,32.74803161621094,0.03667623922228813,0.009341012965887786,0.07391028851270676,0.0533,0.0,0.1101971,0.04176876,0.03756812,02,False,True
2023-24,2024-02-10,New York,2,0.9545289874076843,0.7349420964717865,1.2257325649261475,0.2182893455028534,0.047485556453466415,0.4348910719156266,26.570354461669922,15.329388618469238,42.14729309082031,0.1753012090921402,0.11064207553863525,0.24575382471084595,24.120624542236328,16.052831649780273,32.637454986572266,0.04079039581120014,0.011549283377826217,0.08044364303350449,0.0445,0.0,0.11290215,0.04543861,0.04029393,02,False,True
2023-24,2024-02-10,Pennsylvania,0,0.9285658597946167,0.6933652818202972,1.1800347566604614,0.25943946838378906,0.07188202738761902,0.502085816860199,26.14171314239502,15.351910972595215,41.36037673950196,0.21668927371501923,0.13221731036901474,0.3058262258768082,26.540847778320312,18.776336669921875,33.97135047912598,0.04499657638370991,0.015705325454473496,0.07988986521959306,0.0252,0.0,0.11079037,0.04814664,0.04277154,02,False,True
2023-24,2024-02-10,Pennsylvania,1,0.9866171777248383,0.82880140542984,1.2043683409690857,0.18121957033872604,0.051447744295001034,0.3435363173484802,27.248892784118652,15.248946189880371,42.56885147094727,0.1823660209774971,0.11415762454271317,0.26118673384189606,26.44116973876953,19.116606330871583,34.44749069213867,0.03862502984702587,0.01342911208048463,0.06735104694962503,0.0315,0.0,0.11164286,0.04113428,0.03769025,02,False,True
2023-24,2024-02-10,Pennsylvania,2,0.9794804155826569,0.7442650377750397,1.2433537364006042,0.22797010838985443,0.05627182498574257,0.4529765605926514,28.23783588409424,15.544283866882324,44.63486557006836,0.19267649948596954,0.1189820796251297,0.2681141197681427,27.18521499633789,18.194609260559083,35.67640914916992,0.04476138576865196,0.0148668447509408,0.07927077412605286,0.028,0.0,0.11349244,0.04812094,0.04272701,02,False,True
2023-24,2024-02-10,Vermont,0,0.9368104338645935,0.6598212003707886,1.2713721036911012,0.29941338300704956,0.061809975653886795,0.5638325214385986,25.298267364501953,13.874629497528076,39.866149520874025,0.10217958688735962,0.053686730563640594,0.15326087176799774,14.81947660446167,8.29947271347046,23.8234567642212,0.051003849133849144,0.010421336628496647,0.11466962099075317,0.0633,0.0,0.11139039,0.06237559,0.04999605,02,False,True
2023-24,2024-02-10,Vermont,1,0.886214017868042,0.624395489692688,1.2543884158134464,0.33550435304641724,0.08960769325494766,0.6177358508110047,23.457823753356934,13.072380065917969,36.8640365600586,0.11365239322185516,0.05871372558176517,0.19564414024353027,13.54910945892334,7.772669458389283,20.59022331237793,0.05525633320212364,0.012681290227919825,0.12317567393183709,0.0565,0.0,0.11272355,0.06694138,0.05407413,02,False,True
2023-24,2024-02-10,Vermont,2,0.94047412276268,0.6473912477493287,1.2533639073371887,0.2802300751209259,0.05771524831652641,0.5873520374298096,25.85825538635254,15.071563434600831,39.525672912597656,0.10306327790021896,0.05374107621610165,0.16343856900930406,13.812204837799072,8.014914512634277,20.281522941589355,0.05619794875383377,0.0122376773506403,0.12047635018825531,0.056,0.0,0.1129797,0.06632294,0.05375392,02,False,True
2023-24,2024-02-10,Wyoming,0,1.1255640983581543,0.6726059317588806,2.27467942237854,0.47536519169807434,0.2212742030620575,0.7110549449920656,27.46409797668457,16.403362464904784,40.77883529663086,0.15640096366405487,0.08377312868833542,0.25029098987579346,12.885812759399414,7.173818588256836,19.723142623901367,0.10075660049915314,0.021807467564940453,0.20981575399637226,0.049,0.0,0.11277296,0.11744615,0.08943101,02,False,True
2023-24,2024-02-10,Wyoming,1,1.0481640100479126,0.6363373517990112,2.0877932071685805,0.4881149232387543,0.22628767788410187,0.7404390573501587,26.033855438232422,16.5316162109375,37.1434268951416,0.15765812993049622,0.08840721398591996,0.25821489095687866,11.283166885375977,6.24283504486084,17.060085487365722,0.0975428894162178,0.02570866812020541,0.1979439914226533,0.0385,0.0,0.1128733,0.11228969,0.08553398,02,False,True
2023-24,2024-02-10,Wyoming,2,1.216788649559021,0.6601885557174683,2.274578332901001,0.470812663435936,0.197012259066105,0.7391186892986298,28.977140426635742,18.310500526428225,42.90826416015625,0.15908317267894745,0.080754853785038,0.2777634561061859,13.144153594970703,7.103658199310303,21.041854476928712,0.0998639315366745,0.021437501534819603,0.2159375101327896,0.0468,0.0,0.11311816,0.11682336,0.08853571,02,False,True
2023-24,2024-02-17,Alaska,0,0.7855706810951233,0.6000000238418579,1.0812814235687256,0.3323741555213928,0.11358386278152466,0.5447781682014465,22.39019012451172,12.840711879730227,39.03855514526367,0.1892768070101738,0.10177760496735573,0.2844847261905671,19.022274017333984,11.67925148010254,26.508689880371094,0.05886735022068024,0.01567583531141281,0.11391986161470413,0.0409,0.0,0.1106766,0.0586318,0.05090455,02,False,True
2023-24,2024-02-17,Alaska,1,0.7758402824401855,0.6000000238418579,1.100462794303894,0.3484335392713547,0.12489406019449234,0.5751235127449037,22.597566604614258,13.089051055908204,37.91579818725586,0.16607780754566193,0.08049845099449159,0.2504408866167068,18.698034286499023,10.32172212600708,27.59527454376221,0.065916508436203,0.017963068559765816,0.1306350827217102,0.0352,0.0,0.10980597,0.06486144,0.05577936,02,False,True
2023-24,2024-02-17,Alaska,2,0.7886124551296234,0.6000000238418579,1.1113391757011413,0.3508121371269226,0.11620310693979263,0.5706692934036255,21.710562705993652,11.468672752380371,38.85462722778321,0.18248550593852997,0.09944661781191827,0.2707382023334503,19.105591773986816,10.89756603240967,28.62972640991211,0.06259015202522278,0.019404955208301544,0.11600308045744896,0.0289,0.0,0.10955776,0.06156764,0.05190827,02,False,True
2023-24,2024-02-17,California,0,0.7883915901184082,0.6156201362609863,1.0602821111679077,0.30272459983825684,0.08212377503514291,0.5131904482841492,21.859039306640625,9.723374366760254,33.317283630371094,0.15875960886478424,0.10393176227807999,0.21812333762645728,29.590571403503418,21.863422775268557,36.780792236328125,0.038887541741132736,0.010897883027791978,0.07772636413574219,0.0481,0.0,0.11175701,0.04449285,0.03732303,02,False,True
2023-24,2024-02-17,California,1,0.895622968673706,0.7015375196933746,1.0943870544433594,0.15422894060611725,0.01800505444407463,0.378520068526268,27.059917449951172,9.822127342224121,46.295753479003906,0.14727258682250977,0.09574951007962228,0.19730971753597262,29.724918365478516,21.691457748413086,36.815895080566406,0.0383564718067646,0.010787448566406966,0.07312036529183388,0.0449,0.0,0.11193932,0.04292604,0.03772482,02,False,True
2023-24,2024-02-17,California,2,0.8513288795948029,0.6514111161231995,1.0791200518608095,0.22581200301647186,0.054722975194454196,0.4347047448158266,21.62860107421875,7.921600675582888,35.05637817382812,0.15077028423547745,0.09444827884435654,0.2084767743945122,30.167393684387207,21.943565559387206,37.51602554321289,0.03552526608109474,0.01093763206154108,0.06805632263422014,0.0416,0.0,0.11261522,0.03912475,0.03375902,02,False,True
2023-24,2024-02-17,New York,0,1.0171982049942017,0.820698082447052,1.217360258102417,0.16009436547756195,0.025111096166074286,0.37030044496059417,26.842771530151367,15.470653533935547,39.699740982055665,0.1662379428744316,0.10474168136715889,0.23374617099761963,26.71959114074707,18.431744194030763,34.538044738769536,0.0332215279340744,0.00985251655802131,0.06364491581916809,0.0446,0.0,0.11340051,0.0368513,0.03274447,02,False,True
2023-24,2024-02-17,New York,1,0.9878425002098083,0.7836911082267761,1.217030656337738,0.184962660074234,0.036282650753855714,0.3912014663219452,26.93923568725586,13.69489860534668,41.687287521362315,0.20394019782543182,0.12377820834517479,0.2860905438661575,26.878661155700684,18.90824089050293,34.703853607177734,0.03822389990091324,0.011878944002091885,0.07351197302341461,0.0394,0.0,0.11251017,0.041917,0.03701978,02,False,True
2023-24,2024-02-17,New York,2,1.0086138248443604,0.7603098928928376,1.2435447692871096,0.17657414078712463,0.027099233120679855,0.4577052503824237,26.308168411254883,12.278239250183105,43.41491050720215,0.20415852963924408,0.1282023936510086,0.2939647287130356,25.190085411071777,17.23257694244385,32.56894035339356,0.0397015567868948,0.010712718591094017,0.08283217996358871,0.0527,0.0,0.11263339,0.04527687,0.03925546,02,False,True
2023-24,2024-02-17,Pennsylvania,0,0.9692949652671814,0.7658771514892578,1.2272227048873903,0.22946405410766602,0.06521223112940788,0.4603646695613861,28.825573921203613,17.911935806274414,40.40562477111817,0.2018929272890091,0.12416334822773933,0.2805171608924866,26.93324851989746,19.33783531188965,34.61621093750001,0.043207649141550064,0.013773074373602867,0.07760189473628998,0.0254,0.0,0.11309154,0.04497978,0.03993178,02,False,True
2023-24,2024-02-17,Pennsylvania,1,0.979995608329773,0.763022655248642,1.199960708618164,0.23332960903644562,0.06622351109981538,0.4322748988866807,26.28597068786621,16.87248992919922,37.74152374267578,0.17256666719913483,0.109651318192482,0.24918243288993835,29.51044273376465,21.417938232421875,36.40335044860841,0.03994962200522423,0.014363878406584263,0.07166590541601181,0.0275,0.0,0.11102852,0.04116967,0.03616555,02,False,True
2023-24,2024-02-17,Pennsylvania,2,0.9919086694717407,0.7504657983779908,1.2299676537513733,0.24802511930465698,0.06915970891714096,0.4626277983188629,25.730152130126953,14.388384437561035,39.08318901062012,0.19216180592775345,0.12006252259016037,0.2751620411872864,31.154640197753906,23.634219932556153,37.79869003295899,0.04418423771858215,0.01607162319123745,0.07641897350549698,0.0218,0.0,0.11192969,0.04537031,0.04030847,02,False,True
2023-24,2024-02-17,Vermont,0,0.9543410241603851,0.6520944237709045,1.2808018803596497,0.30701881647109985,0.06055911444127562,0.6008279919624329,26.833051681518555,15.15898609161377,41.07497024536133,0.11069270223379135,0.060696445778012274,0.17154692113399506,14.171210289001465,8.541665077209473,20.46070671081543,0.04749143868684769,0.010216421447694302,0.10624995827674867,0.0634,0.0,0.11274083,0.05731934,0.04794052,02,False,True
2023-24,2024-02-17,Vermont,1,0.9691788554191589,0.6789158582687378,1.4435553550720215,0.30943456292152405,0.06906680017709732,0.5940898656845093,28.01569175720215,16.769733428955078,44.160640716552734,0.09991657361388206,0.055033294856548315,0.15535660088062286,14.510531425476074,8.458602905273438,21.345290756225587,0.05011381581425667,0.010926355607807636,0.10725023820996285,0.0608,0.0,0.11091237,0.05873132,0.0491387,02,False,True
2023-24,2024-02-17,Vermont,2,0.9201875329017639,0.6527669250965119,1.2227747440338135,0.3105793297290802,0.07045181095600128,0.5883188724517823,25.090717315673828,14.227806282043458,36.93498611450195,0.1277918815612793,0.06890944242477418,0.2002919316291809,14.736228466033936,8.59870719909668,21.97022247314453,0.05639142915606499,0.013095405884087086,0.12360770255327225,0.054,0.0,0.10981322,0.06825586,0.05619311,02,False,True
2023-24,2024-02-17,Wyoming,0,1.0746090412139893,0.6742254495620729,1.9115495681762695,0.45280852913856506,0.1742124855518341,0.7341159343719482,27.77075481414795,18.411736869812014,39.31209945678712,0.19992373138666153,0.11067640036344528,0.3298957645893097,13.290390968322754,7.279145812988281,19.75810432434082,0.08875629305839539,0.01677398215979338,0.1892591118812561,0.0581,0.0,0.11275641,0.10250677,0.07806809,02,False,True
2023-24,2024-02-17,Wyoming,1,1.1945557594299316,0.6866164803504944,2.2781591176986695,0.5113113224506378,0.26111861169338235,0.7538027465343476,28.750167846679688,20.271162033081055,39.95050811767578,0.15364640951156616,0.08523084223270416,0.25122153759002686,12.770236015319824,7.238727331161499,19.35420799255371,0.09989536926150322,0.024525872245430947,0.2061644241213799,0.041,0.0,0.11348237,0.11112789,0.08347787,02,False,True
2023-24,2024-02-17,Wyoming,2,1.2771459817886353,0.7843919396400452,2.271613597869873,0.43885697424411774,0.18837565183639526,0.7450084805488587,30.329243659973145,20.76372528076172,42.36692810058594,0.1486266702413559,0.08838028535246849,0.23310529887676243,12.609632015228271,7.168439817428589,19.173887825012212,0.08889927342534065,0.022474506869912148,0.18026736527681356,0.0389,0.0,0.11179746,0.09752856,0.07664213,02,False,True
2023-24,2024-02-24,Alaska,0,0.9676329791545868,0.7199859142303466,1.2703572511672974,0.25339534878730774,0.06915699690580368,0.4660084545612335,27.151599884033203,14.206684112548828,42.00891876220704,0.16776350140571594,0.09174685254693031,0.24217452108860016,19.018455505371094,11.01509141921997,27.593371963500978,0.04702038690447807,0.01308884285390377,0.09523218125104904,0.0397,0.0,0.11244908,0.05783979,0.0466557,02,False,True
2023-24,2024-02-24,Alaska,1,0.8822541832923889,0.6542917907238006,1.1885628700256348,0.3068361282348633,0.09701094031333923,0.5490904450416565,24.983081817626953,14.91927433013916,37.637614059448254,0.18374735116958618,0.0967329740524292,0.27148014307022095,19.716073989868164,11.805339527130128,28.0880184173584,0.04988527670502663,0.01446722196415067,0.10393331050872803,0.0397,0.0,0.11232883,0.0606202,0.04788184,02,False,True
2023-24,2024-02-24,Alaska,2,0.9268715977668762,0.6713421165943145,1.3010011911392212,0.30702757835388184,0.10291885286569596,0.5392601370811463,29.00268840789795,17.96279335021973,43.84940185546875,0.16904599964618683,0.09291958808898926,0.2543046474456787,17.85651969909668,10.406050682067871,26.127830505371094,0.05405315011739731,0.012266794219613075,0.1080889031291008,0.0533,0.0,0.1119578,0.06532119,0.04944435,02,False,True
2023-24,2024-02-24,California,0,0.9117525219917297,0.7229569554328918,1.1142481327056886,0.17964130640029907,0.039381060749292374,0.3772852629423141,20.95718479156494,7.373103618621826,36.82757911682129,0.13992442190647125,0.09521311521530151,0.18728101253509521,28.067401885986328,20.864505195617674,34.97419738769531,0.03795263543725014,0.011838364414870739,0.07404790818691254,0.0426,0.0,0.11209919,0.04292549,0.03788535,02,False,True
2023-24,2024-02-24,California,1,0.8893789649009705,0.6901851892471313,1.0924314498901369,0.18218424916267395,0.032209888100624084,0.40357106924057007,26.360891342163086,13.415399551391602,41.69776191711426,0.1312110424041748,0.08345233649015427,0.18479700684547426,27.083423614501953,20.35363063812256,33.327382278442386,0.03777010180056095,0.012926256004720927,0.06703005507588386,0.0368,0.0,0.11213323,0.04088709,0.03562471,02,False,True
2023-24,2024-02-24,California,2,0.9023400545120239,0.7218636870384216,1.0889712572097778,0.15805836021900177,0.02263756636530161,0.35683046281337766,25.641887664794922,11.446995735168457,42.584886932373045,0.1457894966006279,0.09440863132476807,0.20370830595493317,28.230365753173828,20.870500564575195,35.52348709106445,0.03975760005414486,0.013172029517591,0.07373081445693974,0.0333,0.0,0.11089639,0.04421128,0.03894226,02,False,True
2023-24,2024-02-24,New York,0,0.995281994342804,0.8005620837211609,1.2103766202926636,0.1867741048336029,0.039405763149261475,0.4147438526153566,26.76176643371582,15.236857700347901,40.64215850830078,0.21064656972885132,0.13229431211948395,0.29341888427734375,26.057313919067383,17.64306049346924,34.667144775390625,0.037177352234721184,0.010314573347568513,0.07396021485328674,0.0463,0.0,0.11316596,0.04207662,0.03828069,02,False,True
2023-24,2024-02-24,New York,1,0.9856065511703491,0.8020002901554109,1.203409230709076,0.1816156506538391,0.03388134017586708,0.39313673973083496,27.081501007080078,16.272881889343264,41.20680503845216,0.21101929247379303,0.13819223642349243,0.3000863701105118,22.305099487304688,15.66381540298462,28.968353271484375,0.0355578251183033,0.010528277978301052,0.06594305485486984,0.0442,0.0,0.1098888,0.03851472,0.03505849,02,False,True
2023-24,2024-02-24,New York,2,0.9840757846832275,0.7490027248859406,1.2175140380859375,0.20785850286483765,0.04387851804494858,0.463979035615921,26.92313003540039,15.460505294799805,41.74816551208497,0.23177669942378998,0.14648309350013733,0.33027052879333496,25.455768585205078,18.071592330932617,33.49861526489258,0.03940553963184357,0.010907270945608616,0.08060963451862335,0.0483,0.0,0.11273995,0.04556002,0.04024152,02,False,True
2023-24,2024-02-24,Pennsylvania,0,1.010295569896698,0.7734969854354858,1.2318716049194336,0.21173177659511566,0.05815305896103383,0.41834118068218246,30.225276947021484,17.82947120666504,45.065189361572266,0.19867448508739471,0.12380139827728272,0.27538121342658994,30.317587852478027,21.371475982666016,37.710975646972656,0.03905910439789295,0.012552553042769433,0.07180653735995295,0.0375,0.0,0.10879437,0.04226911,0.03784876,02,False,True
2023-24,2024-02-24,Pennsylvania,1,0.9783267974853516,0.7255372405052185,1.24220871925354,0.256725937128067,0.07074547559022905,0.48664864897727966,29.449392318725586,18.63188419342041,43.29687614440918,0.20334268361330032,0.123834528028965,0.2933206379413605,27.177427291870117,20.080345726013185,34.341019821166995,0.04108657315373421,0.014916163776069882,0.07365879043936731,0.0269,0.0,0.111621,0.04447529,0.04031057,02,False,True
2023-24,2024-02-24,Pennsylvania,2,1.0005559921264648,0.7848733723163605,1.2422803401947022,0.2158680111169815,0.06384149417281151,0.393520075082779,23.38747787475586,11.348512649536133,34.930179595947266,0.2078539878129959,0.13258540481328965,0.2824230283498764,27.583666801452637,19.833341217041017,34.7904052734375,0.0453911367803812,0.016799317859113216,0.0757758840918541,0.02,0.0,0.11066012,0.04713862,0.04258707,02,False,True
2023-24,2024-02-24,Vermont,0,1.0473262071609497,0.7355381846427917,1.4452598452568055,0.3295673727989197,0.09788118824362761,0.6307801008224487,28.991058349609375,19.13370704650879,40.61682624816895,0.10266992449760437,0.05759312473237515,0.1530560791492462,14.494811534881592,8.447947788238526,20.786367416381836,0.05561475083231926,0.01340584782883525,0.11626589298248291,0.0505,0.0,0.11221694,0.06085878,0.05032101,02,False,True
2023-24,2024-02-24,Vermont,1,1.095044493675232,0.79732626080513,1.5055962443351745,0.3078342229127884,0.0943564556539059,0.5631188571453096,30.374635696411133,20.80539321899414,41.97259712219238,0.09401209652423859,0.05489450879395008,0.1421387642621994,14.282294273376465,8.444430351257324,21.048152923583984,0.05382312461733818,0.012902677059173584,0.114641472697258,0.0492,0.0,0.11034432,0.0572837,0.04965845,02,False,True
2023-24,2024-02-24,Vermont,2,1.037422239780426,0.7377790689468384,1.4330897092819215,0.34178948402404785,0.11641629934310915,0.6019214391708374,28.523367881774902,19.148296356201172,41.34571838378906,0.10596926510334015,0.06199011579155922,0.15883575528860092,14.597010612487793,8.720229434967042,21.097463607788086,0.04967237450182438,0.01231140242889524,0.11138040050864224,0.0504,0.0,0.11224977,0.05589282,0.04731827,02,False,True
2023-24,2024-02-24,Wyoming,0,1.1088725328445435,0.6413509249687195,2.238149642944336,0.5057380199432373,0.24414381235837943,0.7719292640686035,27.501983642578125,18.793373107910156,38.43897247314453,0.15041371434926987,0.08151929825544357,0.24901350140571601,11.78946590423584,6.810143947601318,17.432182502746585,0.10264528542757034,0.025794265791773796,0.21016791462898254,0.039,0.0,0.11192696,0.11515503,0.08857844,02,False,True
2023-24,2024-02-24,Wyoming,1,1.0593752264976501,0.6361634731292725,1.9627058863639832,0.45449766516685486,0.18745160102844238,0.7115295588970185,26.194643020629883,16.914466857910156,36.901363372802734,0.16566648334264755,0.09047283977270126,0.2612141966819763,13.058175563812256,7.123476982116699,19.50138282775879,0.09524253755807877,0.019823294132947922,0.19747806191444406,0.0509,0.0,0.11151935,0.10797464,0.08500654,02,False,True
2023-24,2024-02-24,Wyoming,2,0.9360276758670807,0.6000000238418579,1.7938367724418642,0.501793384552002,0.21811148524284363,0.7352557182312012,25.93831443786621,15.84304428100586,40.047550201416016,0.20376341044902802,0.10028202831745148,0.34177613258361816,12.647669315338135,7.124944972991944,19.448636627197267,0.0987534411251545,0.023708544671535492,0.1980377435684204,0.0422,0.0,0.1128306,0.10971174,0.08627888,02,False,True
2023-24,2024-03-02,Alaska,0,0.9580819010734558,0.7278885841369629,1.2643301486968994,0.27882301807403564,0.08755643516778949,0.5209558606147766,27.69183921813965,16.934030532836914,39.488162994384766,0.1725919246673584,0.0926002562046051,0.2588995397090912,17.65077781677246,10.92568302154541,24.785037994384766,0.05103650316596031,0.01562517136335373,0.10194798558950424,0.0398,0.0,0.11342574,0.0589985,0.04770891,03,False,False
2023-24,2024-03-02,Alaska,1,0.968632698059082,0.6844552159309387,1.3346256017684937,0.31903761625289917,0.09984593838453293,0.5809675157070161,29.28194808959961,17.54623031616211,42.76176834106445,0.1747656911611557,0.08659346401691437,0.26132633686065676,20.308531761169434,11.887408351898195,28.696624755859375,0.05532194301486015,0.014753440394997597,0.11166999489068985,0.0438,0.0,0.11151036,0.0645566,0.05083061,03,False,False
2023-24,2024-03-02,Alaska,2,0.9583328366279602,0.7029244303703308,1.3783985733985904,0.31543073058128357,0.1002767711877823,0.5464708864688873,27.657176971435547,17.3214054107666,40.32322692871094,0.16681261360645294,0.08444216847419739,0.25601041316986084,17.871562957763672,10.511235237121582,26.230884552001953,0.05644905939698219,0.01612003892660141,0.10698094218969348,0.0359,0.0,0.10968023,0.06381951,0.05050526,03,False,False
2023-24,2024-03-02,California,0,0.9313789308071136,0.7260476350784302,1.1447776556015015,0.1901046484708786,0.047677147015929226,0.3773404896259309,25.391160011291504,9.531587505340577,41.946746826171875,0.14441178739070892,0.09503678977489471,0.19716407358646393,28.461694717407227,21.967435836791992,35.241036605834964,0.03361529856920242,0.009925086889415981,0.06546467393636704,0.0427,0.0,0.11307397,0.03724759,0.03309092,03,False,False
2023-24,2024-03-02,California,1,0.9260441958904266,0.7388342380523681,1.115907645225525,0.16458231210708618,0.03088119439780712,0.3554268777370453,24.953413009643555,11.22054386138916,38.23583984375,0.1388978585600853,0.08983592689037323,0.1884499341249466,30.246732711791992,22.262283325195312,37.35744934082032,0.03526860475540161,0.012359914463013412,0.06430736780166627,0.0372,0.0,0.11017918,0.03849506,0.03435775,03,False,False
2023-24,2024-03-02,California,2,0.9315907657146454,0.7507467448711396,1.106921172142029,0.15719493478536606,0.03046305719763041,0.3544958829879761,26.53309917449951,13.117476272583009,41.47418212890626,0.1388041377067566,0.09052807986736297,0.19455802887678147,31.781673431396484,24.247474098205565,37.94668998718262,0.03403340280056,0.012107620760798455,0.060777444019913675,0.0325,0.0,0.1088321,0.03646192,0.03295076,03,False,False
2023-24,2024-03-02,New York,0,0.9504870176315308,0.6738046646118164,1.1762132644653323,0.23566052317619324,0.046525910869240766,0.519166100025177,27.6087703704834,18.0494291305542,38.949649810791016,0.20963186025619507,0.13748086988925934,0.28496742248535156,23.304479598999023,16.632227325439455,29.871976280212404,0.035141462460160255,0.011455600894987584,0.06517052501440049,0.0379,0.0,0.11212654,0.0387067,0.03453305,03,False,False
2023-24,2024-03-02,New York,1,1.0091499090194702,0.8099371790885925,1.217257869243622,0.1718158796429634,0.03410477489233017,0.36784640550613407,31.15226173400879,17.968362617492676,46.38478431701661,0.2228744924068451,0.14344990849494935,0.30398145914077757,25.192235946655273,18.16746006011963,32.380531311035156,0.033818263560533524,0.01026874352246523,0.06623689085245132,0.0495,0.0,0.11119739,0.03780691,0.03396231,03,False,False
2023-24,2024-03-02,New York,2,0.9933362305164337,0.7860563635826111,1.209965705871582,0.1817978024482727,0.03920421674847604,0.3765053033828735,27.326416969299316,15.878493785858154,40.45062599182129,0.21544437110424042,0.1348375678062439,0.3001525104045868,26.234939575195312,19.49851589202881,33.1600227355957,0.04088141955435276,0.011056466866284611,0.07733254805207253,0.0506,0.0,0.11164165,0.0449561,0.0396728,03,False,False
2023-24,2024-03-02,Pennsylvania,0,0.9827589988708496,0.7994264960289001,1.2127466201782227,0.20109610259532928,0.053422253206372276,0.39459285140037537,23.703434944152832,11.981569385528566,34.721198654174806,0.2499232217669487,0.16396769732236866,0.3433495759963989,28.640228271484375,21.0133056640625,36.236881256103516,0.038018397986888885,0.012674819305539133,0.0709293618798256,0.032,0.0,0.10897117,0.04150757,0.03764713,03,False,False
2023-24,2024-03-02,Pennsylvania,1,1.0169522762298584,0.8340243101119995,1.2139612436294558,0.16753681749105453,0.03633627034723759,0.3417059034109116,28.125481605529785,15.682146072387695,40.825660705566406,0.22216100990772247,0.14926957339048386,0.3050622671842575,29.827295303344727,21.76598358154297,37.140238571167,0.04136032983660698,0.01624078080058098,0.07151949331164362,0.0208,0.0,0.11250516,0.04408906,0.03927663,03,False,False
2023-24,2024-03-02,Pennsylvania,2,0.9995481669902802,0.7609409689903259,1.21599280834198,0.22420229762792587,0.069740978628397,0.4160677492618561,33.973371505737305,23.2662296295166,45.66206359863281,0.23448365181684494,0.15301524549722673,0.32235385179519654,28.7664737701416,21.07969436645508,36.09968566894531,0.03846217691898346,0.01197229335084558,0.07306985557079315,0.039,0.0,0.11195728,0.04265542,0.03847455,03,False,False
2023-24,2024-03-02,Vermont,0,1.022979974746704,0.7110816478729248,1.418338656425476,0.29191330075263977,0.08203526288270951,0.5713196992874146,28.56686019897461,17.64445381164551,41.25173568725586,0.119781993329525,0.06467593461275101,0.18859799653291703,15.168293952941895,9.501028060913086,21.695035934448246,0.04737154394388199,0.011682219803333282,0.10325628966093064,0.0524,0.0,0.11329134,0.05571439,0.04967399,03,False,False
2023-24,2024-03-02,Vermont,1,1.0389021039009094,0.7226187288761139,1.4069001197814943,0.2714987099170685,0.05858113467693329,0.5519887566566469,30.050209045410156,18.58217430114746,43.17860794067383,0.12050675228238106,0.07148078829050064,0.18332143574953083,16.161057472229004,9.582378101348878,23.481643676757812,0.04996366426348686,0.010200893227010966,0.10689839720726013,0.0616,0.0,0.11172104,0.05875728,0.05033064,03,False,False
2023-24,2024-03-02,Vermont,2,1.012978196144104,0.7370877861976624,1.4095605731010439,0.2997899651527405,0.06741329282522202,0.5823807179927827,28.92137050628662,17.224624633789062,42.8004566192627,0.11482192203402519,0.062203243002295495,0.1759256213903427,16.17387580871582,9.669381618499756,23.715532112121583,0.04830114170908928,0.011499888263642788,0.09744443744421005,0.0545,0.0,0.10980966,0.05517301,0.04909569,03,False,False
2023-24,2024-03-02,Wyoming,0,1.1171561479568481,0.6384734511375427,2.041306495666504,0.500811755657196,0.24495956450700762,0.7521959125995636,28.5379638671875,19.707261276245116,39.85150909423828,0.16075196862220764,0.0893382802605629,0.2625010371208192,14.00531005859375,8.003210067749023,20.972885131835938,0.08824921399354935,0.018106723390519622,0.19294609129428864,0.0539,0.0,0.1121857,0.10598084,0.08155258,03,False,False
2023-24,2024-03-02,Wyoming,1,1.024070680141449,0.6113870739936829,2.0976799964904784,0.5127852261066437,0.2480729937553406,0.7447251677513123,28.17001724243164,19.511345863342285,40.9560432434082,0.18136204779148102,0.09971030056476593,0.28546178340911865,13.531856536865234,7.681161880493164,20.728791427612308,0.08810948207974434,0.018517177551984787,0.1926160857081414,0.048,0.0,0.1108916,0.10271142,0.07673618,03,False,False
2023-24,2024-03-02,Wyoming,2,1.295789122581482,0.7507254421710968,2.379559445381165,0.4423040300607681,0.17846165150403978,0.7253016829490662,29.07314682006836,19.996578979492188,40.53776550292969,0.14793232828378677,0.08752166479825974,0.22110658884048462,12.15318489074707,7.48620104789734,17.160146713256836,0.08251168951392174,0.018665862083435063,0.17425366491079333,0.0474,0.0,0.11083569,0.09787866,0.07643852,03,False,False
2023-24,2024-03-09,Alaska,0,0.8962650895118713,0.6613640785217285,1.1659838438034058,0.271949365735054,0.07764444202184678,0.49749965965747833,28.078996658325195,17.15070152282715,42.739261627197266,0.18796174228191376,0.10360143333673477,0.274486455321312,19.85688591003418,11.187029361724854,28.156620407104494,0.04651975259184837,0.011792278848588467,0.09706403911113742,0.0504,0.0,0.11249257,0.0552733,0.04961612,03,False,False
2023-24,2024-03-09,Alaska,1,0.8939524590969086,0.6529790163040161,1.2073924541473389,0.30743539333343506,0.08876720815896988,0.5228522002696991,29.576311111450195,17.810015296936037,44.903709411621094,0.1873595267534256,0.10122187733650208,0.27161222100257876,18.793503761291504,10.300433158874512,27.84642543792725,0.05431131459772587,0.015972349792718887,0.1057750351727009,0.0439,0.0,0.11326936,0.0641774,0.05707638,03,False,False
2023-24,2024-03-09,Alaska,2,0.8914317190647125,0.6305316090583801,1.1852836608886719,0.30050161480903625,0.08037040084600448,0.5417129695415497,27.380455017089844,16.07842254638672,40.1127815246582,0.18386489152908325,0.0909274123609066,0.27693894505500793,20.49078369140625,11.895687770843507,28.891682624816895,0.04909079521894455,0.011624415963888168,0.10002210736274719,0.0543,0.0,0.11171769,0.05822894,0.05293323,03,False,False
2023-24,2024-03-09,California,0,0.9003442525863647,0.7097878277301788,1.0781951665878295,0.15500085800886154,0.022112280130386353,0.3558521568775177,26.443859100341797,13.031302452087402,40.97351837158203,0.15358281135559082,0.09910463392734528,0.20371857285499573,29.328289031982422,22.214255142211915,36.382453536987306,0.03649613633751869,0.011300815362483264,0.06890476346015931,0.0455,0.0,0.11222862,0.04030051,0.03631568,03,False,False
2023-24,2024-03-09,California,1,0.9092241525650024,0.7145676672458648,1.063354527950287,0.1730041652917862,0.03369702063500882,0.39163586497306824,20.88642120361328,8.718988513946535,33.69966201782226,0.16568170487880707,0.10948401913046837,0.22326858341693878,29.87849235534668,22.63325939178467,36.387325286865234,0.03060992807149887,0.009235393814742567,0.05998739674687386,0.0459,0.0,0.10937474,0.03486267,0.03051254,03,False,False
2023-24,2024-03-09,California,2,0.8920052647590637,0.7234109222888947,1.1073070764541626,0.20633253455162048,0.06281672418117523,0.3846889138221741,24.284101486206055,10.648358345031738,36.46111297607422,0.13589030504226685,0.08780189603567123,0.18764843046665192,29.784643173217773,22.276721954345703,36.380958557128906,0.030072327703237534,0.010316695086658001,0.05691578984260559,0.0405,0.0,0.11242763,0.0338358,0.0308088,03,False,False
2023-24,2024-03-09,New York,0,0.9250081777572632,0.675690770149231,1.1758085370063782,0.2409091591835022,0.05421983785927298,0.48373377323150635,30.90871810913086,19.63051567077637,45.44608688354492,0.2195180505514145,0.13988138735294342,0.30000039935112,26.060397148132324,18.25978984832764,33.19316864013672,0.039065441116690636,0.011800092551857235,0.0718996599316597,0.0424,0.0,0.11107477,0.04175509,0.03710347,03,False,False
2023-24,2024-03-09,New York,1,0.9620323181152344,0.7359206676483154,1.1716240763664247,0.19668541848659515,0.03876317851245404,0.4258558005094528,26.750558853149414,15.57136344909668,40.28657150268555,0.19322392344474792,0.12529718726873398,0.2708318829536438,23.30469512939453,16.127201080322266,31.586410522460938,0.03324331343173981,0.008502376265823841,0.06706824153661728,0.0609,0.0,0.11083603,0.03866632,0.03496826,03,False,False
2023-24,2024-03-09,New York,2,0.9035771489143372,0.6780241668224336,1.1178014278411865,0.22747021168470383,0.05704720206558709,0.47127094864845276,24.733470916748047,15.047575950622559,35.284558105468754,0.2469821572303772,0.15490145981311798,0.35270926356315613,26.055755615234375,18.265050888061523,33.31523094177246,0.0400969572365284,0.011837262474000456,0.07796570658683777,0.0417,0.0,0.11191581,0.04531448,0.03983891,03,False,False
2023-24,2024-03-09,Pennsylvania,0,0.9313350021839142,0.7306471407413483,1.1495366096496582,0.2292293980717659,0.07071582600474358,0.42686545848846436,25.635146141052246,14.328407382965088,37.68977394104004,0.2920408397912979,0.18539184629917146,0.39989918768405913,26.752994537353516,18.87833423614502,34.03483200073242,0.0347767248749733,0.009829011745750904,0.06680297330021859,0.0477,0.0,0.11177274,0.03879395,0.03459422,03,False,False
2023-24,2024-03-09,Pennsylvania,1,0.960058718919754,0.7847289443016052,1.1450552105903626,0.2034558206796646,0.05329723656177521,0.3882739841938019,27.496798515319824,16.799455642700195,40.43467330932617,0.2456621155142784,0.16424996852874757,0.3401540070772171,29.80576515197754,22.837924003601074,36.402874374389654,0.03372723236680031,0.011294160690158607,0.06293123215436935,0.035,0.0,0.11060855,0.03744755,0.03437951,03,False,False
2023-24,2024-03-09,Pennsylvania,2,0.9142646789550781,0.693932831287384,1.113629937171936,0.23996981233358383,0.07598511129617691,0.4503135085105896,26.925950050354004,17.29356575012207,37.806676483154305,0.2746615409851074,0.18092316389083862,0.36870595514774324,29.056339263916016,21.38091449737549,36.080448150634766,0.041321758180856705,0.015990329533815385,0.07454681396484375,0.0219,0.0,0.11128643,0.04575688,0.040962,03,False,False
2023-24,2024-03-09,Vermont,0,0.9831617176532745,0.7121571362018586,1.2928763628005981,0.2890423536300659,0.0937138855457306,0.5481194853782654,27.545567512512207,18.401564407348634,39.88828010559082,0.14117535948753357,0.07813385128974915,0.22218576073646548,14.869760513305664,9.079616069793701,22.16241340637207,0.04855724237859249,0.010762316174805164,0.10639435052871704,0.058,0.0,0.10770161,0.05848582,0.05089548,03,False,False
2023-24,2024-03-09,Vermont,1,1.0044487714767456,0.6967024207115173,1.3501575112342834,0.31706109642982483,0.10466829687356949,0.5671488225460053,29.76744270324707,19.51014099121094,42.629617309570314,0.1255296692252159,0.06867141276597977,0.19329188317060472,14.680343627929688,9.569146156311035,20.216073989868164,0.050222065299749374,0.012371671665459874,0.10023333132266998,0.0504,0.0,0.11178798,0.0569788,0.04957914,03,False,False
2023-24,2024-03-09,Vermont,2,1.005436658859253,0.6911415338516236,1.3577060580253602,0.2990998327732086,0.062303971499204636,0.6035083532333374,29.160245895385742,18.39185161590576,40.72274169921876,0.12087049335241318,0.0687105804681778,0.1923763692378998,14.273017883300781,8.661029624938966,21.7136287689209,0.051624845713377,0.011901833023875952,0.11247124373912812,0.054,0.0,0.11193053,0.06138147,0.05185888,03,False,False
2023-24,2024-03-09,Wyoming,0,0.9850515723228455,0.6027336716651917,1.806254041194916,0.483045294880867,0.19507142901420593,0.7499664187431335,26.40573501586914,17.76295909881592,36.37115592956543,0.18326826393604279,0.09845922142267227,0.28360559642314914,13.911770820617676,8.417902755737305,20.212627792358404,0.09746827930212021,0.020904950052499774,0.19939069896936418,0.0475,0.0,0.11248462,0.10751869,0.08302704,03,False,False
2023-24,2024-03-09,Wyoming,1,1.1104963421821594,0.6417679786682129,1.9805329322814942,0.4109545201063156,0.14063255786895754,0.6942376375198365,28.034242630004883,18.86103458404541,38.656884384155276,0.1635201945900917,0.08586998283863068,0.26668336093425754,14.374300956726074,8.40725736618042,21.148444175720215,0.0733870416879654,0.01768726110458374,0.1487632393836975,0.0461,0.0,0.11503889,0.08039259,0.06554184,03,False,False
2023-24,2024-03-09,Wyoming,2,1.2960375547409058,0.7817572951316833,2.3115413188934326,0.374414786696434,0.12250078469514847,0.6615961611270905,28.673590660095215,19.315233230590824,40.21373748779297,0.13915866613388062,0.08130631372332572,0.2139683797955513,13.911127090454102,8.26412754058838,20.166147232055664,0.0682685524225235,0.012055494356900455,0.16823901236057281,0.0641,0.0,0.11075376,0.08333588,0.06542323,03,False,False
2023-24,2024-03-16,Alaska,0,0.9355164170265198,0.7049464643001556,1.2029306888580322,0.24667489528656006,0.06869631260633469,0.4754609167575837,27.132951736450195,15.509275341033938,40.887664794921875,0.19626007974147797,0.10800792500376702,0.28697770833969116,19.738046646118164,11.448824405670166,28.179092407226562,0.04776104725897312,0.013395294547080994,0.09410946071147919,0.0412,0.0,0.10817272,0.05322905,0.04605272,03,False,False
2023-24,2024-03-16,Alaska,1,0.9174976944923401,0.6693216860294342,1.224219799041748,0.2796948105096817,0.07719141244888306,0.5192051053047182,28.619407653808594,16.693310546875,41.981346130371094,0.188432976603508,0.10352610796689987,0.2837662100791931,18.765562057495117,10.244208335876465,26.882277297973634,0.05289340950548649,0.013576694764196873,0.10732539743185043,0.0423,0.0,0.11205748,0.06018105,0.05130992,03,False,False
2023-24,2024-03-16,Alaska,2,0.9251750707626343,0.6740801334381104,1.190857326984406,0.26525431871414185,0.06316103041172028,0.5006827712059021,28.115478515625,17.20062255859375,40.49465560913086,0.1896207630634308,0.09614294916391374,0.27848880589008335,20.230182647705078,12.139469146728516,28.588111877441406,0.04470204748213291,0.010712098330259323,0.0911323219537735,0.0531,0.0,0.11109072,0.05076446,0.0434667,03,False,False
2023-24,2024-03-16,California,0,0.9213558435440063,0.7191314697265625,1.1254595518112183,0.1772705614566803,0.03588901832699776,0.3670533001422882,22.101362228393555,7.520468711853027,34.223527145385745,0.1614215299487114,0.11076439917087555,0.2119157463312149,28.503073692321777,21.958946228027344,34.698641586303715,0.031176287680864334,0.010403192322701217,0.05831360034644604,0.0392,0.0,0.10908757,0.03443232,0.03083863,03,False,False
2023-24,2024-03-16,California,1,0.900611013174057,0.7313020288944244,1.0866554260253907,0.15431275963783264,0.025063680112361916,0.3358760833740235,26.370311737060547,11.771385288238525,40.46046867370605,0.16893837600946426,0.11140648275613785,0.2273675411939621,30.942805290222168,23.82336311340332,37.36863327026367,0.03334159031510353,0.010175493080168962,0.06318468004465104,0.0454,0.0,0.112319,0.03747756,0.03276615,03,False,False
2023-24,2024-03-16,California,2,0.9125093221664429,0.7080536723136902,1.0870074272155763,0.17589643597602844,0.0304164344444871,0.392102599143982,25.795984268188477,14.038168144226075,39.2064208984375,0.14296167343854904,0.098296420276165,0.19212758690118792,29.94987964630127,22.71881675720215,36.58588409423828,0.03564589098095894,0.01123873982578516,0.0677076205611229,0.0386,0.0,0.10950668,0.03971951,0.03510592,03,False,False
2023-24,2024-03-16,New York,0,0.8550086617469788,0.6511728763580322,1.1070627212524415,0.24736374616622925,0.064839668571949,0.46661616861820226,25.811019897460938,14.03485107421875,39.045142364501956,0.2524270713329315,0.16179028749465943,0.35048070549964905,24.627304077148438,17.823078918457032,31.75955753326416,0.043724190443754196,0.010366809833794833,0.08767357468605042,0.0541,0.0,0.1118624,0.04737886,0.04038071,03,False,False
2023-24,2024-03-16,New York,1,0.9012337923049927,0.674643462896347,1.0872755765914917,0.20164281874895096,0.040175588056445125,0.41974273324012756,28.79288101196289,16.74970817565918,43.84467239379883,0.23969011008739471,0.14987575560808183,0.34452498257160186,25.42214870452881,17.760633087158205,33.1102180480957,0.038856808096170425,0.010602873750030994,0.08016641438007358,0.0525,0.0,0.1100715,0.04259855,0.03672638,03,False,False
2023-24,2024-03-16,New York,2,0.8947875201702118,0.7010334134101868,1.0510200142860413,0.173390731215477,0.028733953833580017,0.396569511294365,26.18551540374756,15.718262481689456,38.59877853393555,0.25504790246486664,0.1691359743475914,0.35216117501258853,25.271148681640625,17.568179512023924,33.60752143859864,0.034620705991983414,0.010012295097112656,0.0724320113658905,0.049,0.0,0.11185302,0.0385833,0.03397274,03,False,False
2023-24,2024-03-16,Pennsylvania,0,0.8994170427322388,0.6962021589279175,1.1020907163619995,0.23898005485534668,0.07319113612174988,0.4379982352256775,24.987361907958984,15.811715888977053,35.636592864990234,0.24865396320819855,0.16151276975870132,0.3374195098876955,28.331430435180664,21.2344913482666,34.93955612182617,0.038400180637836456,0.012704393826425076,0.06968279927968979,0.0335,0.0,0.1110179,0.04129131,0.03635064,03,False,False
2023-24,2024-03-16,Pennsylvania,1,0.859711766242981,0.644103467464447,1.1113579869270325,0.2736842483282089,0.06579870730638504,0.5062515735626221,28.038488388061523,17.72785053253174,39.490023422241215,0.23586691170930862,0.15536604821681976,0.3170735836029053,27.200254440307617,20.03645896911621,34.42134475708008,0.04167742654681206,0.014599263947457076,0.07474158704280853,0.0252,0.0,0.11069351,0.04480999,0.03952658,03,False,False
2023-24,2024-03-16,Pennsylvania,2,0.9450687766075134,0.7307960987091064,1.1296606659889223,0.18893970549106598,0.03815973550081253,0.3826597541570664,27.482980728149414,15.898441886901857,41.02409744262695,0.22382736206054688,0.146262988448143,0.31081503629684454,27.251537322998047,20.45149974822998,34.64487762451172,0.042087459936738014,0.014434857387095693,0.07535013258457186,0.0302,0.0,0.11316718,0.04389253,0.04038458,03,False,False
2023-24,2024-03-16,Vermont,0,0.9864773154258728,0.6928065419197083,1.3512961864471436,0.3099310100078583,0.0813000276684761,0.5782329678535463,29.04555892944336,20.00026798248291,39.428611755371094,0.11153770238161087,0.06497187912464142,0.16358015537261963,17.219599723815918,10.964924812316895,23.047409057617188,0.04890076443552971,0.013541968539357185,0.09927050620317462,0.0485,0.0,0.11025535,0.05578588,0.04887062,03,False,False
2023-24,2024-03-16,Vermont,1,1.0343652963638306,0.7386162281036377,1.3966810464859012,0.2645765393972397,0.06782069057226181,0.5268633365631104,28.330862045288086,17.23607692718506,41.88069534301758,0.11937791854143143,0.06721246242523193,0.18050301522016526,14.157990455627441,9.116521835327148,19.758363723754883,0.04764428734779358,0.011499916203320026,0.09770585522055632,0.0529,0.0,0.11365255,0.05549497,0.04824269,03,False,False
2023-24,2024-03-16,Vermont,2,0.9313808083534241,0.6479603826999665,1.2560240268707277,0.3318548798561096,0.08616490885615351,0.6146041691303255,27.2701358795166,18.687606811523438,37.36855392456055,0.12883703410625458,0.07361147105693817,0.1935962438583374,13.855886936187744,9.078103065490723,19.021712303161625,0.04819927737116814,0.009503487776964907,0.11116380691528323,0.0695,0.0,0.11249813,0.05878358,0.04914308,03,False,False
2023-24,2024-03-16,Wyoming,0,0.963798314332962,0.6221543729305268,1.7997487783432013,0.48340046405792236,0.2022912383079529,0.7500445246696472,26.808338165283203,18.68980941772461,36.624493026733404,0.16829992830753326,0.09206184670329094,0.27464753389358526,12.980367660522461,8.148245143890382,18.816770172119146,0.08213654905557632,0.01614061016589403,0.17525670379400254,0.0558,0.0,0.1106299,0.09369812,0.07062805,03,False,False
2023-24,2024-03-16,Wyoming,1,1.0151498913764954,0.6296936869621277,1.706864833831787,0.4275541603565216,0.1266955927014351,0.7217879474163056,26.128032684326172,18.23774871826172,35.02628631591797,0.16432525217533112,0.09457997083663941,0.25014848709106446,13.11217212677002,8.203481006622315,19.18589496612549,0.07855642214417458,0.020422150380909443,0.1642429739236832,0.042,0.0,0.11301396,0.0904936,0.07092044,03,False,False
2023-24,2024-03-16,Wyoming,2,1.0488014221191406,0.6807609796524048,1.8911784768104558,0.3477873206138611,0.12993226051330567,0.592634630203247,29.00267791748047,20.11697635650635,40.706886291503906,0.1735358014702797,0.09373394399881363,0.2755526006221771,14.60285472869873,8.76565933227539,21.396506690979006,0.06084025651216507,0.013469472527503967,0.13282527774572372,0.0537,0.0,0.11154523,0.07144115,0.05895541,03,False,False
2023-24,2024-03-23,Alaska,0,0.9514957964420319,0.6963098347187042,1.2933420181274418,0.30750715732574463,0.09932260662317276,0.5388230681419374,28.068800926208496,16.285335540771484,38.928505706787114,0.18952788412570953,0.10754293203353882,0.2822009950876236,18.89788818359375,11.175285530090333,27.035795211791992,0.0508448351174593,0.014742046222090723,0.09858483225107195,0.0337,0.0,0.11153463,0.05652048,0.0484598,03,False,False
2023-24,2024-03-23,Alaska,1,0.9231751561164856,0.683871865272522,1.2413767337799073,0.3124847114086151,0.11369594931602478,0.5420678555965424,30.668548583984375,18.788436889648438,42.36279296875,0.19447612017393112,0.1114759773015976,0.2754775881767273,19.586259841918945,12.551202583312989,27.143884658813477,0.052655838429927826,0.015041064657270908,0.10101641640067101,0.0335,0.0,0.11027235,0.05888468,0.04876864,03,False,False
2023-24,2024-03-23,Alaska,2,0.9371474385261536,0.6754580140113831,1.2619801759719849,0.31569601595401764,0.09550786018371582,0.5679145455360413,28.62839126586914,17.79538631439209,39.45612678527832,0.1875840649008751,0.1037716194987297,0.2671859562397003,19.43045425415039,11.566339302062989,27.89032955169678,0.05457291752099991,0.0163273511454463,0.10686599165201188,0.0325,0.0,0.1111205,0.05997168,0.05093328,03,False,False
2023-24,2024-03-23,California,0,0.90995654463768,0.7525586664676667,1.0798721313476562,0.15445087850093842,0.03197601065039635,0.315839946269989,27.593704223632812,15.29903793334961,39.553443908691406,0.15725094079971313,0.10586554333567622,0.21322862803936007,31.193941116333008,24.045551681518557,37.40512275695801,0.03579912148416042,0.01265942268073559,0.06504487544298174,0.0277,0.0,0.11340357,0.03920705,0.03499987,03,False,False
2023-24,2024-03-23,California,1,0.9074118137359619,0.7098256349563599,1.07892906665802,0.16795970499515533,0.02855195812880993,0.38825851678848267,30.487104415893555,15.901682949066164,44.59453048706055,0.16104549914598465,0.11127618700265884,0.20982955396175385,30.912094116210938,23.460391998291016,37.41225814819336,0.03394108638167381,0.01174496626481414,0.06420331448316574,0.035,0.0,0.10980775,0.03778818,0.03374977,03,False,False
2023-24,2024-03-23,California,2,0.8910624384880066,0.7196288704872131,1.0454920530319214,0.1604866087436676,0.03326050192117691,0.35619744062423714,29.05086898803711,17.482089996337894,41.53050994873047,0.16599182784557343,0.1146453320980072,0.2139306366443634,30.84470558166504,23.892740058898926,36.99911956787109,0.03209374099969864,0.010710044018924237,0.060445790737867384,0.0386,0.0,0.10965939,0.03557265,0.03081987,03,False,False
2023-24,2024-03-23,New York,0,0.8996516466140747,0.6820879578590393,1.077292048931122,0.1799803078174591,0.031977295875549316,0.4084179401397705,26.04166603088379,14.415183067321777,39.28482856750488,0.25469252467155457,0.16628347784280778,0.35746732354164124,26.3406343460083,19.786375045776367,33.09886856079102,0.034805139526724815,0.009730611927807331,0.06819882243871689,0.0458,0.0,0.11089203,0.03878488,0.0330955,03,False,False
2023-24,2024-03-23,New York,1,0.8643460273742676,0.6604271709918976,1.04886953830719,0.2041817456483841,0.03801198676228523,0.43364673256874087,27.029481887817383,16.16269798278809,39.358489990234375,0.26821818947792053,0.1749629706144333,0.36842700839042664,24.62426471710205,18.001359939575195,31.213064002990723,0.036266814917325974,0.011320172809064388,0.06714671850204468,0.044,0.0,0.11136317,0.04037082,0.03476337,03,False,False
2023-24,2024-03-23,New York,2,0.923488974571228,0.737239009141922,1.0932988047599792,0.16934478282928467,0.03340854123234749,0.36916178464889526,28.44689655303955,16.523227310180665,44.369027709960946,0.22062715888023376,0.14440255612134933,0.3049373686313629,25.142220497131348,18.077396392822266,31.616464614868164,0.032278867438435555,0.010390455834567547,0.06088341772556305,0.0454,0.0,0.11139665,0.03599627,0.03275378,03,False,False
2023-24,2024-03-23,Pennsylvania,0,0.9337916970252991,0.7579316914081573,1.1178434491157532,0.17034950107336044,0.03983212523162367,0.3432772755622864,27.92628288269043,16.588506889343265,41.970685195922854,0.23185613006353378,0.14503532350063325,0.3240552842617035,30.236331939697266,23.083909606933595,36.98057556152344,0.03730141557753086,0.012712024617940187,0.07071972414851188,0.0333,0.0,0.1099928,0.04213462,0.03857358,03,False,False
2023-24,2024-03-23,Pennsylvania,1,0.8734415173530579,0.6831811666488647,1.086495041847229,0.25574082136154175,0.07146405130624771,0.46194330453872684,26.664180755615234,17.568777084350586,37.557413864135754,0.2373678833246231,0.15590838789939881,0.3337922185659409,28.41835880279541,21.721912384033203,35.41990547180176,0.04005611687898636,0.011171940714120865,0.0774210400879383,0.0457,0.0,0.11106767,0.04505218,0.03856298,03,False,False
2023-24,2024-03-23,Pennsylvania,2,0.934937447309494,0.7178022265434265,1.1975021362304688,0.2226249724626541,0.06072550453245642,0.42336341738700867,22.499576568603516,8.770947456359863,34.87202835083008,0.2631341367959976,0.18556333780288697,0.34785673916339876,30.214898109436035,23.05610179901123,37.110856246948245,0.03969568759202957,0.013293319009244443,0.07117042616009712,0.0324,0.0,0.11206367,0.04331612,0.03754289,03,False,False
2023-24,2024-03-23,Vermont,0,0.9936351478099823,0.7023686408996582,1.3403357982635498,0.29934006929397583,0.09263069629669192,0.5573829114437103,28.34504795074463,16.139406776428224,40.73200988769531,0.11452567204833031,0.06822722405195236,0.16786035895347595,15.298959732055664,9.865016078948974,21.329103660583495,0.04491109400987625,0.011076194234192371,0.09356986209750177,0.0549,0.0,0.1124125,0.05209187,0.04393164,03,False,False
2023-24,2024-03-23,Vermont,1,0.9589834809303284,0.6955000758171082,1.2548931479454042,0.24506916850805283,0.05411708317697048,0.5188680231571198,29.574702262878418,19.993982887268068,41.34312973022461,0.13397829234600067,0.07511641085147858,0.210034653544426,17.770675659179688,11.22712812423706,25.258014678955078,0.0423194095492363,0.009870115667581562,0.09082984179258347,0.061,0.0,0.10898584,0.05028973,0.04374839,03,False,False
2023-24,2024-03-23,Vermont,2,0.8819655179977417,0.6502822041511536,1.2472226023674011,0.36456945538520813,0.15017350465059282,0.5884879469871522,27.71738052368164,19.627108001708983,36.95968246459961,0.1320475935935974,0.07713799923658371,0.19529114216566087,17.3646879196167,11.233549308776857,23.88357105255127,0.0482107549905777,0.011236929334700111,0.09988303482532501,0.0563,0.0,0.11255909,0.05458923,0.04601115,03,False,False
2023-24,2024-03-23,Wyoming,0,0.9323214888572693,0.6061224341392517,1.7997359037399292,0.47204922139644623,0.17113729566335678,0.7634711742401125,28.032925605773926,19.11337585449219,40.27616996765137,0.15877123177051544,0.0887409657239914,0.23726524412631989,16.335869789123535,9.707803726196289,23.723965644836426,0.08366607129573822,0.02047864906489849,0.16998182386159902,0.0455,0.0,0.11304611,0.09204341,0.07206541,03,False,False
2023-24,2024-03-23,Wyoming,1,0.9253635406494141,0.6035780251026154,1.6390117764472962,0.41473397612571716,0.15025448501110078,0.6741690039634705,26.549741744995117,18.08128089904785,38.7292839050293,0.19171087443828583,0.09867826625704766,0.3025441557168961,13.79550552368164,8.208967590332032,19.989453887939458,0.07643889263272285,0.01849559396505356,0.15649695694446564,0.0429,0.0,0.10977249,0.08291727,0.06451624,03,False,False
2023-24,2024-03-23,Wyoming,2,1.0419021844863892,0.6178199350833893,2.0115323066711426,0.40395045280456543,0.14767807722091675,0.6694295763969422,28.902365684509277,19.61754493713379,41.95011253356934,0.1639670878648758,0.08853722140192986,0.25799528360366825,13.227694511413574,8.258710861206055,19.086233139038086,0.07116349413990974,0.01755866799503565,0.14123654812574393,0.0427,0.0,0.11359353,0.07663604,0.06041176,03,False,False
2023-24,2024-03-30,Alaska,0,0.9368502497673035,0.6943055391311646,1.2288934350013734,0.2603849172592163,0.08024392277002335,0.4962094724178314,26.975811004638672,15.957136440277104,36.90643310546875,0.21708358824253082,0.1225756421685219,0.3228657841682434,18.512269020080566,11.560322093963624,26.051448822021484,0.051732148975133896,0.014326314721256495,0.10315915048122407,0.0402,0.0,0.11179374,0.05845872,0.05130447,03,False,False
2023-24,2024-03-30,Alaska,1,0.94117870926857,0.7121049225330354,1.2494372129440308,0.27640095353126526,0.08891267329454422,0.4996218174695969,27.527244567871094,14.849160480499268,38.11962127685547,0.1896105781197548,0.1050143636763096,0.28291427791118623,17.718868255615234,10.412470817565918,25.13566703796387,0.047898538410663605,0.013101964257657528,0.09156324490904813,0.042,0.0,0.11266025,0.05296297,0.04617609,03,False,False
2023-24,2024-03-30,Alaska,2,0.9445024132728577,0.6890607535839081,1.2323125004768372,0.25761449337005615,0.06506477147340775,0.4920479953289032,28.624736785888672,16.52560806274414,40.29682922363281,0.2016286998987198,0.11415252834558487,0.3104983568191529,19.43614101409912,12.107069587707521,27.202903747558594,0.049520526081323624,0.014276163652539253,0.09628647565841675,0.0421,0.0,0.11231759,0.05527804,0.04936932,03,False,False
2023-24,2024-03-30,California,0,0.9680952727794647,0.8215054273605347,1.1462976932525635,0.12607617676258087,0.021660790219902994,0.28245794773101807,23.668622970581055,8.808993148803712,36.12738227844238,0.1673106849193573,0.1107138991355896,0.23071920126676562,31.40570068359375,24.357608795166016,37.54167175292969,0.032668352127075195,0.010778885334730148,0.06006365269422531,0.0379,0.0,0.11190834,0.03514202,0.03201293,03,False,False
2023-24,2024-03-30,California,1,0.9684591889381409,0.8219911277294158,1.144392800331116,0.12632207572460175,0.0261223204433918,0.26148778200149536,28.846027374267578,12.032073593139652,42.357332229614265,0.14635606110095978,0.09888046234846115,0.20162829756736755,29.702041625976562,22.696212768554688,36.14443664550782,0.03154360316693783,0.011017880868166685,0.05465439781546593,0.0378,0.0,0.1111937,0.03324698,0.02949181,03,False,False
2023-24,2024-03-30,California,2,0.9630557298660278,0.7898074388504028,1.1454325914382935,0.15329697728157043,0.025646379217505455,0.32013359665870667,27.93453884124756,13.526289653778077,39.65922164916993,0.1380825713276863,0.09161876887083054,0.18858487904071808,30.655118942260742,23.052235794067382,36.94190979003906,0.032311394810676575,0.010587708093225958,0.05759226158261303,0.0388,0.0,0.11071854,0.03470437,0.0313309,03,False,False
2023-24,2024-03-30,New York,0,0.9736826419830322,0.7981302738189697,1.1411179304122925,0.14802314341068268,0.02134162187576294,0.33991384506225586,25.971765518188477,12.679777145385742,39.48290710449219,0.24485239386558533,0.16144701838493347,0.33632349967956543,25.0826358795166,18.412635803222656,31.659415245056156,0.028740142472088337,0.008766047563403845,0.05651776045560837,0.0484,0.0,0.11094235,0.03377024,0.0299548,03,False,False
2023-24,2024-03-30,New York,1,0.910351574420929,0.7079320549964905,1.0960673093795776,0.19445158541202545,0.03768458664417268,0.4206201285123825,26.93800926208496,16.534442710876466,37.53647232055664,0.28398072719573975,0.1856354430317879,0.3915630698204041,27.855342864990234,20.41475524902344,35.21873474121094,0.03705739602446556,0.012499920185655359,0.06813411340117458,0.0342,0.0,0.11122763,0.0416025,0.0355821,03,False,False
2023-24,2024-03-30,New York,2,0.9106869101524353,0.7028470039367676,1.09909143447876,0.2012767419219017,0.03946073353290558,0.42903201282024395,28.047924995422363,17.083600997924805,37.68501281738281,0.25905777513980865,0.17555776238441467,0.34671780467033386,26.935876846313477,19.882232666015625,34.1505012512207,0.029761461541056633,0.007667306158691645,0.06270036026835442,0.0631,0.0,0.11263949,0.03538641,0.03062472,03,False,False
2023-24,2024-03-30,Pennsylvania,0,0.9425284564495087,0.7468258738517761,1.163002610206604,0.19660724699497223,0.060335125774145126,0.3727964162826538,22.64010238647461,9.938076972961426,34.44505004882813,0.24356525391340256,0.16288947463035586,0.3374428659677506,29.16084861755371,22.061229705810547,35.74720001220703,0.034272730350494385,0.013095779344439507,0.06000321283936501,0.0281,0.0,0.11158053,0.03676821,0.03241618,03,False,False
2023-24,2024-03-30,Pennsylvania,1,0.958836704492569,0.7885071039199829,1.1509320735931396,0.1776767522096634,0.05387348458170891,0.32947447896003723,20.26093578338623,9.687145233154297,29.503623962402344,0.28433841466903687,0.20183201134204865,0.3670281767845154,30.279590606689453,22.88178424835205,37.01465797424317,0.03605334460735321,0.014390927739441395,0.06289574205875396,0.0205,0.0,0.10966053,0.03893323,0.03551841,03,False,False
2023-24,2024-03-30,Pennsylvania,2,0.9353077411651611,0.7354377388954163,1.138001799583435,0.2097070887684822,0.05822298303246498,0.38914022147655497,22.492341995239258,13.213799476623535,30.35177230834961,0.2566424012184143,0.16888540983200073,0.34469783306121826,31.326152801513672,24.8048152923584,37.107826232910156,0.036970045417547226,0.011930197291076184,0.06590755283832551,0.0362,0.0,0.11258075,0.039551,0.03540504,03,False,False
2023-24,2024-03-30,Vermont,0,0.9528245329856873,0.6577478885650635,1.3224776148796082,0.3213779926300049,0.09158404842019081,0.5960595607757568,28.560873985290527,20.123217964172365,37.74309539794922,0.12361028045415878,0.07237466648221016,0.1821377530694008,17.216754913330078,10.893495559692383,24.466773986816406,0.04696710593998432,0.010562093928456308,0.09789648652076721,0.0586,0.0,0.11252158,0.05459822,0.04538737,03,False,False
2023-24,2024-03-30,Vermont,1,1.040572702884674,0.7685433030128479,1.3518372535705572,0.22355252504348755,0.05026944018900394,0.4557524263858796,29.85293483734131,17.790214347839356,42.027356719970705,0.1160370334982872,0.07191003859043121,0.16902400702238085,17.17768669128418,11.232093811035156,23.50469207763672,0.04150193929672241,0.010862418729811908,0.08854574859142304,0.0563,0.0,0.11375891,0.04931047,0.042775,03,False,False
2023-24,2024-03-30,Vermont,2,0.9360883235931396,0.6646371483802795,1.243074655532837,0.2861463129520416,0.08214860484004023,0.5509412288665771,28.448796272277832,19.24805660247803,39.08490905761719,0.14023108780384064,0.08310166150331498,0.2106176137924195,15.224133491516113,9.763527870178223,21.394006729125977,0.04578699357807636,0.012662779539823532,0.09286824613809586,0.0463,0.0,0.11006087,0.05338471,0.04478194,03,False,False
2023-24,2024-03-30,Wyoming,0,1.1163920164108276,0.705249285697937,1.8602323532104492,0.3890347480773926,0.12174728512763977,0.6477582454681398,31.32879638671875,22.309892082214358,42.824066162109375,0.19186875224113464,0.10360769182443619,0.2904059588909149,13.37886905670166,8.699380111694335,18.6275634765625,0.07117336615920067,0.017006047070026398,0.15573599934577942,0.0428,0.0,0.11270625,0.08367744,0.06505925,03,False,False
2023-24,2024-03-30,Wyoming,1,1.1863898038864136,0.685110580921173,2.2878522872924805,0.43325674533843994,0.18756181001663216,0.6984619081020358,30.966938972473145,21.9138240814209,40.78319549560547,0.17399682104587555,0.09614694118499756,0.2770712077617645,13.032947540283203,8.258426380157472,18.52358627319336,0.07370308041572571,0.01622343920171261,0.1564328774809838,0.0508,0.0,0.1118617,0.08551078,0.06758125,03,False,False
2023-24,2024-03-30,Wyoming,2,1.1352978944778442,0.6797039091587067,2.0074070215225226,0.43832167983055115,0.14162959456443788,0.7295132815837863,30.706459045410156,22.35819549560547,40.580413818359375,0.17338337004184723,0.09559482112526894,0.27036407589912415,13.979467391967773,8.390941715240478,19.922426223754883,0.07348544150590897,0.017587832361459735,0.14838100969791412,0.0462,0.0,0.11132483,0.08247748,0.06460296,03,False,False
2023-24,2024-04-06,Alaska,0,0.8463644087314606,0.6335354447364807,1.1173848628997805,0.2885485291481018,0.09294945150613786,0.4996226131916046,26.228315353393555,15.289360046386719,38.35984649658204,0.19020149111747742,0.10876160860061646,0.27204508483409884,22.080242156982422,13.714873313903809,30.67664833068848,0.04480719193816185,0.01406084280461073,0.08684404045343401,0.0339,0.0,0.1127205,0.04785574,0.04103403,04,True,False
2023-24,2024-04-06,Alaska,1,0.8434115350246429,0.6275855302810669,1.0842321395874024,0.28785137832164764,0.07951332628726959,0.5271705389022827,26.665703773498535,17.099189949035644,38.87291717529297,0.19554225355386734,0.10905607789754868,0.279930791258812,22.328672409057617,12.637348175048828,31.9952335357666,0.048378728330135345,0.014546993933618071,0.09233828634023666,0.0368,0.0,0.11195785,0.05070046,0.04322867,04,True,False
2023-24,2024-04-06,Alaska,2,0.8673129677772522,0.6451515436172486,1.1555817127227783,0.26923421025276184,0.09090618044137955,0.4765495479106903,26.394824981689453,14.725199890136718,39.918116378784184,0.1985631361603737,0.10544373095035553,0.2901902496814728,18.9565486907959,11.649130439758302,25.78382911682129,0.04929362051188946,0.01574318036437035,0.0926785171031952,0.0315,0.0,0.11258506,0.05186778,0.04478634,04,True,False
2023-24,2024-04-06,California,0,0.9112732410430908,0.7391594648361206,1.0734765648841862,0.1616407334804535,0.035655333101749426,0.34065962731838234,27.259221076965332,15.665593528747559,37.412864685058594,0.16747398674488068,0.1208564430475235,0.21725092828273773,31.776379585266113,24.74550437927246,37.9052734375,0.02769794687628746,0.009153481759130956,0.05327267199754715,0.0427,0.0,0.1119879,0.03108341,0.02765476,04,True,False
2023-24,2024-04-06,California,1,0.9680402874946594,0.8022809028625488,1.1373910903930664,0.13495491445064545,0.028195187635719782,0.2914536058902741,22.814163208007812,9.380971908569336,34.56156539916993,0.16211220622062683,0.10901151895523072,0.21186061203479767,30.42229652404785,23.506225204467775,36.64908218383789,0.03148673102259636,0.010281676426529884,0.05741600692272186,0.038,0.0,0.11297286,0.03487599,0.03201301,04,True,False
2023-24,2024-04-06,California,2,0.9212916791439056,0.7031477689743042,1.1321122646331787,0.19319350272417068,0.046596091240644455,0.393065869808197,26.323556900024414,11.700091361999512,38.7353630065918,0.17098037898540497,0.11543384417891503,0.2275287449359894,30.962446212768555,24.322311401367188,37.03921127319336,0.03309051878750324,0.0111541080288589,0.060317087918519974,0.0365,0.0,0.11273389,0.03622036,0.03187173,04,True,False
2023-24,2024-04-06,New York,0,0.9484452903270721,0.681916356086731,1.165662407875061,0.2585446387529373,0.058718031644821166,0.5177429437637331,30.078617095947266,19.073752403259277,41.187137603759766,0.2454342246055603,0.15544350445270538,0.34771987795829773,23.27968406677246,18.075280952453614,28.87787628173828,0.03820483759045601,0.011014515347778805,0.07759997248649597,0.046,0.0,0.11152352,0.04188169,0.03729114,04,True,False
2023-24,2024-04-06,New York,1,0.9379053711891174,0.7085422217845917,1.143209493160248,0.2260330766439438,0.055519573390483856,0.46943560242652893,31.888240814208984,21.187807655334474,43.36514167785645,0.2641426622867584,0.1657963126897812,0.3638208210468293,23.409807205200195,17.565512657165527,29.565667724609376,0.03890473023056984,0.011505245976150037,0.07527117729187013,0.0442,0.0,0.11192408,0.04226205,0.03778866,04,True,False
2023-24,2024-04-06,New York,2,0.96970534324646,0.7537564337253571,1.1760354042053223,0.18675610423088074,0.03516959771513939,0.422674623131752,28.860607147216797,13.460246086120605,40.5853313446045,0.28044265508651733,0.1894373595714569,0.3675391972064972,26.941027641296387,20.001292610168456,34.68446235656739,0.034789614379405975,0.010961404815316201,0.06562208756804466,0.039,0.0,0.11023798,0.03632252,0.03263351,04,True,False
2023-24,2024-04-06,Pennsylvania,0,0.9470509886741638,0.7176221966743469,1.1635702133178711,0.20975632965564728,0.04273825772106647,0.4150668680667877,25.4451265335083,12.671308422088623,37.25800743103028,0.2742367684841156,0.17823194265365602,0.3751662284135819,32.28116416931152,25.32567596435547,38.24565505981445,0.03504466451704502,0.011696013528853655,0.06535003557801247,0.0323,0.0,0.11170832,0.03902794,0.03465871,04,True,False
2023-24,2024-04-06,Pennsylvania,1,0.9003548324108124,0.7250258982181549,1.1102985978126527,0.2015322968363762,0.056859544664621356,0.36660498678684245,29.917484283447266,19.044010162353516,41.99156951904297,0.2721690535545349,0.1677737981081009,0.37978747487068176,29.686649322509766,22.3731689453125,36.48235321044922,0.03873913176357746,0.013958203792572023,0.07033801078796387,0.0257,0.0,0.10973576,0.04223504,0.0377781,04,True,False
2023-24,2024-04-06,Pennsylvania,2,0.8918929696083069,0.7250171303749084,1.0904108047485352,0.22862330079078674,0.07038044184446335,0.3980400562286377,26.891252517700195,17.77719497680664,36.08838348388672,0.2685639560222626,0.18274177610874176,0.3502987802028656,29.40810775756836,22.334888458251953,36.050710678100586,0.03443175181746483,0.01150664733722806,0.06594648957252502,0.0309,0.0,0.11426082,0.03834816,0.03434012,04,True,False
2023-24,2024-04-06,Vermont,0,0.9592342972755432,0.7069657266139984,1.2256195902824403,0.2186538353562355,0.04743505865335464,0.46468496620655064,25.417633056640625,14.729647636413574,36.96704559326173,0.1292550414800644,0.0755274884402752,0.18666950464248658,18.592660903930664,11.937555313110352,25.762326812744142,0.040588388219475746,0.010363389737904072,0.0827216424047947,0.0555,0.0,0.11217632,0.04540967,0.03948988,04,True,False
2023-24,2024-04-06,Vermont,1,0.9531035721302032,0.6995055198669434,1.2707843780517578,0.26735521852970123,0.06543001160025597,0.514813506603241,27.453269958496094,17.243308067321777,39.21892242431641,0.10950564220547676,0.0642380878329277,0.1606370896100998,14.692485809326172,9.900132369995116,19.656256675720215,0.04603942297399044,0.012311030458658936,0.09285772666335106,0.0486,0.0,0.11377435,0.05143288,0.04472521,04,True,False
2023-24,2024-04-06,Vermont,2,0.8674256205558777,0.6412338018417358,1.194734227657318,0.2784211188554764,0.07146768271923065,0.5189420104026795,28.353690147399902,18.980154037475586,39.25843772888184,0.14523597806692123,0.08038312420248986,0.21775259971618655,15.613805770874023,10.154407501220703,21.31884002685547,0.04525718465447426,0.012353782262653113,0.09061035513877869,0.0449,0.0,0.10995582,0.05012166,0.04280507,04,True,False
2023-24,2024-04-06,Wyoming,0,1.16939115524292,0.6799063444137573,2.2604372262954713,0.4545086920261383,0.16726526618003845,0.7312145471572876,31.41288948059082,23.530670166015625,40.47471466064453,0.1620614007115364,0.09377301186323166,0.24282420277595526,16.248022079467773,10.096542263031006,22.53483467102051,0.07220888882875443,0.015009882487356664,0.15646478533744812,0.0528,0.0,0.11192745,0.08698044,0.07081831,04,True,False
2023-24,2024-04-06,Wyoming,1,1.1576045155525208,0.6769513487815857,2.3748324394226072,0.48116180300712585,0.2514498233795166,0.7078521966934205,31.607154846191406,24.052867889404297,41.458651351928715,0.17216597497463226,0.0927780419588089,0.2677438259124756,12.069233894348145,7.847849369049072,16.74599437713623,0.08004723116755486,0.020320348627865314,0.16126145422458654,0.0413,0.0,0.11375772,0.09216245,0.07164027,04,True,False
2023-24,2024-04-06,Wyoming,2,1.1909972429275513,0.7020285248756408,2.2224961757659916,0.4579296410083771,0.21475140154361724,0.6963669896125794,29.298450469970703,21.21603012084961,37.40537872314453,0.17338288575410843,0.09560097008943558,0.26262982785701755,14.603594779968262,9.030512809753418,21.038379669189453,0.07410290837287903,0.02005329802632332,0.1408810332417488,0.0344,0.0,0.11049256,0.08215103,0.06691931,04,True,False
2023-24,2024-04-13,Alaska,0,0.8870170414447784,0.6443427801132202,1.1201882362365723,0.25544142723083496,0.062223295867443094,0.49072114527225497,29.134238243103027,17.83497200012207,41.07972717285156,0.23206064105033875,0.13838947266340257,0.32970933616161346,20.544666290283203,12.19559383392334,29.865243911743164,0.04720388352870941,0.01180985663086176,0.09897595494985582,0.0492,0.0,0.1117247,0.05522447,0.04544002,04,True,False
2023-24,2024-04-13,Alaska,1,0.9269954264163971,0.7038121044635773,1.1797702312469482,0.22678236663341522,0.061682426929473885,0.412649542093277,27.43398094177246,15.881028175354004,39.24782943725586,0.2390344738960266,0.1307957798242569,0.36856982111930847,20.750839233398438,12.92056303024292,28.566959381103516,0.04381033778190613,0.012220535427331924,0.0839884102344513,0.0422,0.0,0.11231332,0.04900101,0.04198497,04,True,False
2023-24,2024-04-13,Alaska,2,0.9196283221244812,0.6594253182411194,1.1677358627319336,0.25302186608314514,0.06136105991899968,0.5040157437324524,29.691030502319336,17.477760887145998,41.866167831420896,0.17989732325077057,0.10358594357967377,0.2600281089544296,19.740983963012695,12.29285135269165,27.291247367858887,0.046951957046985626,0.012839980982244016,0.09243251234292985,0.0413,0.0,0.11200953,0.05326565,0.04445342,04,True,False
2023-24,2024-04-13,California,0,0.9608798921108246,0.8188843131065369,1.1428049683570862,0.1423066183924675,0.03285624682903291,0.274822998046875,29.691974639892578,14.580666255950929,40.86377944946289,0.1607203111052513,0.10779720619320869,0.21901288628578186,28.627260208129883,21.690259361267092,35.251426696777344,0.029621061868965626,0.009673205204308033,0.05656090006232262,0.0433,0.0,0.11328809,0.03242196,0.02953626,04,True,False
2023-24,2024-04-13,California,1,1.0141338109970093,0.8246584534645081,1.212723934650421,0.14045941829681396,0.025992508977651596,0.3115083873271942,26.916048049926758,10.83249969482422,39.19181823730469,0.14279311150312424,0.09454778879880905,0.18707658350467682,32.318687438964844,25.773649597167967,37.72802734375,0.029713031835854053,0.009515629243105651,0.054808083921670914,0.0447,0.0,0.11258876,0.03185212,0.02883962,04,True,False
2023-24,2024-04-13,California,2,0.9767257571220398,0.8093386888504028,1.1491486787796024,0.1509546935558319,0.030785169266164317,0.31045979261398315,31.05360984802246,16.069233894348145,43.018309402465825,0.14369283616542816,0.09795436263084412,0.19745768010616302,31.4189395904541,24.467482948303225,37.373016357421875,0.02875509485602379,0.01048248615115881,0.052133142948150635,0.0374,0.0,0.10809111,0.03141798,0.0283258,04,True,False
2023-24,2024-04-13,New York,0,0.9622692167758942,0.7629060745239258,1.1722880601882935,0.1967310756444931,0.0379628598690033,0.40681782364845315,28.051012992858887,17.04819259643555,38.171488189697264,0.25103017687797546,0.1592298150062561,0.3432336747646332,24.52590847015381,17.728807067871095,31.093582153320312,0.03146208077669144,0.00917308870702982,0.06511032581329346,0.0503,0.0,0.1121392,0.03766534,0.03369646,04,True,False
2023-24,2024-04-13,New York,1,0.9745041728019714,0.7758075356483459,1.1638078689575195,0.16068192571401596,0.020593488402664662,0.37018165588378915,30.53209114074707,17.239307594299316,42.21426467895508,0.2541770935058594,0.1657081797719002,0.35186588764190674,24.379372596740723,18.063724517822266,31.367223739624023,0.0383604783564806,0.01229000836610794,0.06857333481311799,0.0403,0.0,0.11180979,0.04257942,0.03865346,04,True,False
2023-24,2024-04-13,New York,2,0.9813605546951294,0.7387752413749695,1.2171931266784668,0.19439195841550827,0.03687824681401253,0.4077358543872833,27.083003997802734,10.027768993377686,40.42483139038086,0.2826699763536453,0.18992172181606293,0.3793126344680786,25.191741943359375,18.346715927124023,32.61354064941406,0.03493637777864933,0.010638882406055927,0.06693766266107559,0.0428,0.0,0.11170972,0.03878281,0.03538416,04,True,False
2023-24,2024-04-13,Pennsylvania,0,0.9470220506191254,0.7715490460395813,1.1584203243255615,0.18783125281333923,0.051802097633481044,0.3477116823196411,24.966909408569336,13.875900268554688,33.90093116760254,0.2530572712421417,0.16898613572120671,0.343021422624588,30.26654052734375,23.123967742919923,36.74599075317383,0.0335652194917202,0.011681670043617486,0.06249142438173294,0.0343,0.0,0.10960441,0.03714303,0.03293878,04,True,False
2023-24,2024-04-13,Pennsylvania,1,0.9264020919799805,0.7223830997943879,1.1067382097244263,0.19141345471143723,0.04793814942240715,0.3822302222251892,26.503700256347656,16.48482036590576,35.77849578857422,0.25846153497695923,0.17140714824199677,0.3494698405265808,27.178377151489258,20.78415412902832,33.92144012451172,0.03268517181277275,0.011125151067972183,0.06045867130160332,0.0354,0.0,0.10808641,0.03607593,0.03213159,04,True,False
2023-24,2024-04-13,Pennsylvania,2,0.9528955221176147,0.778612494468689,1.1288127899169922,0.15252789855003357,0.03981773853302002,0.2959797978401184,22.324588775634766,8.987548828125,36.0684700012207,0.30572815239429474,0.20923170447349548,0.4104660749435425,30.358603477478027,23.808561325073242,37.043880462646484,0.03246192820370197,0.010891450569033623,0.05922803655266762,0.0359,0.0,0.11193674,0.03557634,0.03161515,04,True,False
2023-24,2024-04-13,Vermont,0,1.0931240320205688,0.838290023803711,1.4014229774475098,0.18607006967067719,0.030346838757395744,0.41771507263183594,27.588943481445312,14.81063451766968,39.41208343505861,0.12351527065038681,0.07895958423614502,0.17918984591960907,14.631726741790771,9.783429145812988,19.488239288330078,0.037273991852998734,0.009118063375353813,0.0778196215629578,0.0612,0.0,0.11182097,0.04348918,0.03893355,04,True,False
2023-24,2024-04-13,Vermont,1,0.9822631180286407,0.7282946109771729,1.2832959532737733,0.2501428425312042,0.056439947336912155,0.4933774173259735,29.338735580444336,17.900938034057617,39.36063766479492,0.15684622526168823,0.09386020824313164,0.22454512864351275,18.650134086608887,11.683342933654785,25.961549758911133,0.04104327782988548,0.01165278181433678,0.08181413263082504,0.0468,0.0,0.11325395,0.04602534,0.03912717,04,True,False
2023-24,2024-04-13,Vermont,2,1.0649579763412476,0.7823839783668518,1.3940131664276123,0.22499249875545502,0.05202396586537361,0.47401565313339233,29.010522842407227,14.981592178344727,40.22685356140137,0.12117434665560722,0.07470660284161568,0.1772177368402481,17.499266624450684,11.917799949645996,23.322256088256836,0.03865991160273552,0.009334537573158743,0.07969263270497325,0.06,0.0,0.11355371,0.04413006,0.03815702,04,True,False
2023-24,2024-04-13,Wyoming,0,1.0623393654823303,0.6446622014045715,2.0423262119293213,0.4750780761241913,0.2434880897402764,0.6913224458694458,30.238296508789062,21.669618797302245,39.266126251220705,0.1779608428478241,0.0979372039437294,0.27226515710353855,13.076979160308838,8.111137390136719,18.399578094482422,0.0729551911354065,0.015318402089178562,0.1533551275730133,0.0491,0.0,0.11100823,0.08401992,0.06656152,04,True,False
2023-24,2024-04-13,Wyoming,1,1.1121953129768372,0.6709040403366089,2.184080648422241,0.4362547844648361,0.17018550634384155,0.7092475354671479,29.03860569000244,19.806751251220703,37.7645004272461,0.19303488731384277,0.1036714605987072,0.29688145816326145,14.39487075805664,8.832587242126465,20.138866424560547,0.0689498670399189,0.0153108611702919,0.14151682704687119,0.0506,0.0,0.11158388,0.07878383,0.06315944,04,True,False
2023-24,2024-04-13,Wyoming,2,1.2110560536384583,0.6959289610385895,2.182208251953125,0.42675408720970154,0.15723960101604462,0.6985312998294831,31.590184211730957,22.41529655456543,41.893611907958984,0.15386134386062622,0.0890251561999321,0.23117347061634064,15.459751605987549,9.778125000000001,21.664921188354494,0.06899984925985336,0.017186755314469337,0.1421576738357544,0.0452,0.0,0.11081547,0.07806497,0.06425683,04,True,False
2023-24,2024-04-20,Alaska,0,0.7997201085090637,0.6117134094238281,1.065021061897278,0.29062360525131226,0.09207497537136082,0.5032747983932495,26.541593551635742,16.70003471374512,37.45891990661622,0.22503290325403214,0.12963151931762695,0.32326280772686006,21.55964469909668,13.22124195098877,30.21823749542237,0.04603355936706066,0.013947771862149239,0.08834480568766594,0.0346,0.0,0.11139481,0.0465672,0.03985633,04,True,False
2023-24,2024-04-20,Alaska,1,0.8213467597961426,0.6227700352668762,1.069387674331665,0.26821520924568176,0.07550214231014252,0.4683362305164338,24.878055572509766,14.392027854919434,35.0850715637207,0.22334472835063934,0.13410060107707977,0.31461775302886963,19.998114585876465,12.545283222198487,27.59662628173828,0.04953633435070515,0.014884469844400889,0.09463096112012866,0.0344,0.0,0.11066131,0.05124248,0.04483063,04,True,False
2023-24,2024-04-20,Alaska,2,0.8245049715042114,0.6421968936920166,1.059364652633667,0.2532211244106293,0.07485076636075978,0.4525411128997803,26.11949920654297,16.551610946655273,37.246788024902344,0.210617333650589,0.11724855750799179,0.30724138021469116,20.179933547973633,12.608619689941406,27.903783607482914,0.04374335706233978,0.013457734137773514,0.08056282550096512,0.036,0.0,0.11168498,0.04435767,0.0389771,04,True,False
2023-24,2024-04-20,California,0,0.9483037889003754,0.7616777420043945,1.1455342292785646,0.1724698394536972,0.0432557538151741,0.35368242859840393,29.912806510925293,15.929666709899903,41.44748306274414,0.16144882142543793,0.10973475873470306,0.21720591038465503,29.7676362991333,22.005807876586914,36.40656700134278,0.03203295171260834,0.009946666378527882,0.060022737830877304,0.0429,0.0,0.10907138,0.03581246,0.03359543,04,True,False
2023-24,2024-04-20,California,1,0.9811077415943146,0.8260413467884063,1.1420616269111636,0.11977579444646835,0.020825836621224884,0.26982753872871407,28.679481506347656,11.269972801208496,42.683387756347656,0.155613511800766,0.10947118550539019,0.1989496558904648,32.49604797363281,25.931072235107422,37.90398178100586,0.026744961738586426,0.009490554966032506,0.04807145819067955,0.0392,0.0,0.11286717,0.02938273,0.027545,04,True,False
2023-24,2024-04-20,California,2,0.9631885886192322,0.8051427006721497,1.123612880706787,0.1274552196264267,0.022137921303510683,0.29138875007629395,29.179019927978516,14.539971351623535,42.22129821777344,0.17077209055423737,0.11758922263979912,0.22635973989963531,29.557823181152344,22.33458709716797,36.44575424194337,0.028514981269836426,0.008759145811200143,0.05678529292345047,0.0528,0.0,0.11102195,0.03341659,0.03003454,04,True,False
2023-24,2024-04-20,New York,0,0.9302614331245422,0.7608336806297302,1.093031644821167,0.16887279599905014,0.03841780126094818,0.336223527789116,26.268728256225586,16.416622161865234,36.92911949157715,0.25882256031036377,0.17011143416166308,0.3648304045200348,21.61460304260254,16.562435150146484,27.07712440490723,0.02937715407460928,0.008674618881195783,0.05823618024587634,0.0495,0.0,0.10998271,0.03334718,0.02997922,04,True,False
2023-24,2024-04-20,New York,1,0.9083295166492462,0.7242589592933655,1.0572349429130554,0.16043025255203247,0.029064688831567764,0.3606367975473405,29.45107650756836,18.417245292663576,41.8838996887207,0.2667938768863678,0.16902676224708557,0.37359318137168884,24.066835403442383,18.477235412597658,30.26105880737305,0.030893201008439064,0.00954928807914257,0.060606032609939575,0.0459,0.0,0.11099398,0.03414178,0.0310333,04,True,False
2023-24,2024-04-20,New York,2,0.9152144193649292,0.7165267944335938,1.1178774118423462,0.1957051157951355,0.04483849182724953,0.3909987509250641,28.226593017578125,17.069427490234375,38.67555618286133,0.23973162472248077,0.14739070683717728,0.3330726206302643,26.705437660217285,19.858135223388672,33.88914947509766,0.03195825219154358,0.009166650287806988,0.060985450819134715,0.052,0.0,0.11009141,0.03582036,0.03194706,04,True,False
2023-24,2024-04-20,Pennsylvania,0,0.9015034735202789,0.6887528300285339,1.135597860813141,0.21852539479732513,0.06001834571361542,0.4098590612411499,26.09406089782715,12.429928016662599,36.592864990234375,0.2850054204463959,0.1905854344367981,0.38785362243652344,27.63033676147461,20.894698524475096,34.83622360229492,0.036198193207383156,0.01139387208968401,0.06620428115129472,0.0385,0.0,0.1118506,0.03940209,0.03482114,04,True,False
2023-24,2024-04-20,Pennsylvania,1,0.9462900757789612,0.7973969936370849,1.139900529384613,0.16199800372123718,0.04975672885775566,0.2759292364120484,23.659844398498535,12.665521621704102,33.42359313964844,0.27160078287124634,0.18489572107791902,0.36847488582134247,32.68059730529785,26.218717575073242,38.129159927368164,0.02937253564596176,0.011947449389845134,0.050201417133212106,0.0191,0.0,0.1111645,0.03150403,0.02856574,04,True,False
2023-24,2024-04-20,Pennsylvania,2,0.8905903995037079,0.709227216243744,1.0780088901519775,0.18594343960285187,0.049938276410102844,0.3663630515336991,27.734432220458984,14.80315113067627,40.019344329833984,0.29753734171390533,0.19660569578409196,0.4041475892066956,29.658503532409668,22.590273284912108,36.14814338684082,0.031875792890787125,0.011617045756429434,0.05612039864063266,0.0302,0.0,0.11346412,0.03422362,0.03090343,04,True,False
2023-24,2024-04-20,Vermont,0,1.0753414630889893,0.8046980381011963,1.4317306280136108,0.22082027792930603,0.0401778630912304,0.4650260776281357,30.98621368408203,19.957218170166016,41.65749740600586,0.11171501502394676,0.06995842605829239,0.15793576836586,18.153325080871582,11.938837051391602,24.35128154754639,0.042251018807291985,0.011369333509355784,0.08389725536108017,0.0466,0.0,0.11326836,0.04831259,0.04329035,04,True,False
2023-24,2024-04-20,Vermont,1,0.9736010432243347,0.7185369551181793,1.2970892786979675,0.2592429220676422,0.06319092959165573,0.4820268362760544,29.675174713134766,17.9482780456543,40.91501235961914,0.16181069612503052,0.09082090854644775,0.25263902544975286,15.41635799407959,10.055831623077394,21.388948440551758,0.04426644556224346,0.010225028730928898,0.09218053594231608,0.0589,0.0,0.1113032,0.05229797,0.04641878,04,True,False
2023-24,2024-04-20,Vermont,2,1.0403751730918884,0.8070655822753906,1.3201247930526736,0.19971176981925964,0.03874596282839776,0.4131315052509308,29.49969482421875,19.675364303588868,39.01114921569824,0.12316414713859558,0.07404974102973938,0.17424199134111407,15.771880626678467,10.659152030944824,20.89373779296875,0.03499357029795647,0.009715818427503109,0.07352789863944054,0.0574,0.0,0.10995302,0.0414126,0.03741111,04,True,False
2023-24,2024-04-20,Wyoming,0,0.9986434578895569,0.6383385717868805,1.754480004310608,0.373430073261261,0.1216283068060875,0.6438130140304565,28.976747512817383,21.510082244873047,37.43546676635742,0.1960337534546852,0.11289697885513306,0.2893453657627106,12.288595199584961,8.00797176361084,17.09508514404297,0.06387916952371597,0.016583454050123694,0.13275474309921265,0.045,0.0,0.11146191,0.07099202,0.05852498,04,True,False
2023-24,2024-04-20,Wyoming,1,1.079255223274231,0.6483625173568726,1.781837844848633,0.3653244972229004,0.099572092294693,0.6399619817733765,26.889835357666016,16.622615814208984,36.39791831970216,0.20167456567287445,0.1001832515001297,0.3202569007873535,15.507476329803467,8.970179080963135,22.281186294555667,0.06800708174705505,0.01501426687464118,0.14486536383628845,0.0536,0.0,0.10951082,0.07518724,0.06288293,04,True,False
2023-24,2024-04-20,Wyoming,2,1.01604163646698,0.6422925472259522,1.7724230408668529,0.4063146710395813,0.1751422882080078,0.6380030512809753,29.11199378967285,20.015950775146486,38.84666404724121,0.18004485964775085,0.09626516699790955,0.2743830531835556,14.986170291900635,9.079784297943116,21.29523162841797,0.06401193141937256,0.016800018027424812,0.13278791308403015,0.043,0.0,0.11131011,0.07204479,0.06055999,04,True,False
2023-24,2024-04-27,Alaska,0,0.8277345895767212,0.6261264622211457,1.100867748260498,0.26909980177879333,0.08804944977164268,0.4826927989721299,26.343235969543457,16.56569709777832,36.68105659484864,0.18819905817508698,0.10615748167037964,0.27680170238018037,21.17598056793213,12.824254131317138,29.02245140075684,0.04604058898985386,0.013806192856281997,0.08718079701066019,0.0365,0.0,0.11316508,0.04965624,0.04126433,04,True,False
2023-24,2024-04-27,Alaska,1,0.7828108072280884,0.6015192866325378,1.0267780423164368,0.27128171920776367,0.0809906043112278,0.48600755035877247,28.49628734588623,18.31375503540039,39.61500205993653,0.23404859006404877,0.13080593943595886,0.33958018124103545,18.476861000061035,11.590359306335449,25.750272369384767,0.050852786749601364,0.015511672291904689,0.09349296391010284,0.0325,0.0,0.11158297,0.05393156,0.04231095,04,True,False
2023-24,2024-04-27,Alaska,2,0.8194321990013123,0.6154481172561646,1.0880433082580567,0.2814902663230896,0.08148416578769685,0.48746246099472046,26.72114658355713,16.331916427612306,37.94488716125488,0.21133486926555634,0.11240550801157952,0.3138151198625565,19.719646453857422,12.57374610900879,27.229412078857422,0.045209167525172234,0.013718168623745447,0.08745152056217195,0.0388,0.0,0.11259993,0.04980845,0.04033996,04,True,False
2023-24,2024-04-27,California,0,0.9761715829372406,0.8055054545402527,1.1466022610664368,0.14007007330656052,0.02682426944375038,0.28710975348949436,25.13037872314453,9.344438076019287,38.167606353759766,0.18678924441337585,0.12526240944862366,0.2497937560081482,31.871810913085938,24.786770820617676,37.75512962341308,0.029515422880649567,0.009495737589895727,0.05589140243828297,0.0443,0.0,0.11084713,0.0331638,0.03049589,04,True,False
2023-24,2024-04-27,California,1,0.9319915771484375,0.7671261429786682,1.0816375017166138,0.14253726601600647,0.02095985598862171,0.3217870742082596,31.185651779174805,18.55496158599854,42.187259674072266,0.1732168197631836,0.12094162330031395,0.2323382392525673,30.081636428833008,23.148974800109862,36.10502128601074,0.02776186168193817,0.00886308727785945,0.053540648892521865,0.0502,0.0,0.11170152,0.03141549,0.02773913,04,True,False
2023-24,2024-04-27,California,2,0.9906125962734222,0.8340565860271454,1.1773812770843506,0.13234750926494598,0.027426679618656642,0.28510092198848724,27.422701835632324,11.256187438964844,41.356811141967775,0.14816173911094666,0.10220173820853234,0.1987120509147644,30.38913631439209,23.811542320251466,36.245826721191406,0.029415871016681194,0.010564279742538929,0.053835623711347584,0.0361,0.0,0.10891555,0.03236071,0.0291992,04,True,False
2023-24,2024-04-27,New York,0,0.8832606971263885,0.6670891642570496,1.0558693528175354,0.17556849867105484,0.028691440448164945,0.39942672848701477,28.325597763061523,18.049697875976562,40.038719177246094,0.2681739926338196,0.17079795897006989,0.3765467494726181,27.75517177581787,20.931402587890624,34.92608680725098,0.033364228904247284,0.010964339040219784,0.06284112483263016,0.0385,0.0,0.10907855,0.03577848,0.03117856,04,True,False
2023-24,2024-04-27,New York,1,0.8812088966369629,0.7045216619968414,1.0471431016921997,0.21354658156633377,0.058885091170668605,0.39360497593879706,26.271190643310547,17.65376605987549,34.97902297973633,0.2754985839128494,0.17330979257822038,0.3902472108602524,27.98472023010254,20.725116729736328,35.20704231262207,0.03270965442061424,0.009850962832570078,0.0641974538564682,0.0478,0.0,0.10987563,0.0358817,0.03202126,04,True,False
2023-24,2024-04-27,New York,2,0.8921563923358917,0.6899199485778809,1.0620184302330018,0.15834247320890427,0.027381911873817444,0.35435738265514377,27.41189956665039,14.197748184204102,41.9374866485596,0.29070958495140076,0.18832773715257645,0.3852885663509369,24.880552291870117,18.80097179412842,30.80643081665039,0.03278975933790207,0.009631610475480556,0.061581186950206764,0.0408,0.0,0.11197944,0.03377534,0.03022265,04,True,False
2023-24,2024-04-27,Pennsylvania,0,0.8730000257492065,0.6899737119674683,1.0262669324874878,0.17031758278608322,0.03787912577390674,0.3451313376426697,29.266057014465332,17.82842254638672,41.80949058532715,0.3183482885360718,0.20211892127990724,0.44463911652565,31.86675262451172,24.62531147003174,37.73408584594727,0.033682167530059814,0.01184311080724001,0.06010203808546066,0.031,0.0,0.11280259,0.03644878,0.03218587,04,True,False
2023-24,2024-04-27,Pennsylvania,1,0.9094120860099792,0.758595860004425,1.0639766097068788,0.1533905789256096,0.04325105138123036,0.29169318079948425,27.243608474731445,17.522745513916018,37.184461212158205,0.2644859552383423,0.18249619007110596,0.34783048629760743,33.1430778503418,26.973556518554688,38.44910430908203,0.03056422248482704,0.012232423759996891,0.05229388177394867,0.022,0.0,0.11128385,0.03247325,0.02915463,04,True,False
2023-24,2024-04-27,Pennsylvania,2,0.8789215683937073,0.7185134530067444,1.054673671722412,0.1685384064912796,0.04424256607890129,0.3264379441738129,27.703317642211914,16.741590118408205,37.746707916259766,0.3118116110563278,0.21594814956188202,0.41557545959949493,29.28623390197754,22.615704154968263,36.35032768249512,0.030687500722706318,0.010281156562268735,0.05806692205369473,0.0376,0.0,0.109556,0.03386237,0.03081809,04,True,False
2023-24,2024-04-27,Vermont,0,0.9894743859767914,0.6967596411705017,1.4302176237106323,0.2708546221256256,0.08627629280090332,0.5078796505928039,29.176565170288086,18.345537185668945,39.138267517089844,0.12615646421909332,0.07538592293858529,0.18334233909845352,18.08419704437256,10.895123481750488,25.741084671020513,0.04623998701572418,0.011533164419233799,0.09375475570559504,0.0478,0.0,0.10836241,0.05257723,0.04567722,04,True,False
2023-24,2024-04-27,Vermont,1,0.9542348086833954,0.6633338928222656,1.28856600522995,0.2921593487262726,0.06756077706813815,0.5641442120075226,29.641706466674805,19.78020668029785,39.7956428527832,0.12857478857040405,0.07926175519824027,0.185260346531868,15.596340656280518,10.632987976074219,20.608166122436526,0.04123571515083313,0.01169012114405632,0.0838097482919693,0.0527,0.0,0.11250122,0.04756953,0.04160828,04,True,False
2023-24,2024-04-27,Vermont,2,1.0217356085777283,0.7084248006343842,1.3339866757392884,0.2398805022239685,0.056208141893148426,0.4978363305330277,29.394631385803223,18.511489868164062,40.17809638977051,0.12343546748161316,0.07439147680997849,0.17483773827552795,16.69093418121338,11.392186164855957,22.01289463043213,0.039126861840486526,0.009886669833213093,0.08293447643518448,0.0562,0.0,0.11277822,0.04580542,0.04038764,04,True,False
2023-24,2024-04-27,Wyoming,0,1.3047564029693604,0.7012262642383577,2.2891498088836673,0.37682071328163147,0.11106007397174836,0.655430018901825,29.213481903076172,20.285532188415527,37.21711120605469,0.16278168559074402,0.09261952564120293,0.2451881691813469,15.017472743988037,9.462674140930176,20.585010528564453,0.06422704458236694,0.012649995274841785,0.13285788744688037,0.058,0.0,0.11166096,0.0754921,0.06079046,04,True,False
2023-24,2024-04-27,Wyoming,1,1.1844381093978882,0.7000554740428925,2.2641124725341797,0.3779355436563492,0.12635110318660736,0.6308079540729523,29.86101245880127,18.25545635223389,38.833351135253906,0.17316258698701859,0.09734807908535004,0.2604808211326599,13.73692512512207,8.838001346588134,18.742924690246582,0.06516887247562408,0.013688880018889904,0.1357144981622696,0.051,0.0,0.11060157,0.07528575,0.06057885,04,True,False
2023-24,2024-04-27,Wyoming,2,0.9816546142101288,0.6339296102523804,2.08513822555542,0.5126298367977142,0.2612886428833008,0.7431034922599793,29.10565185546875,20.114452362060547,36.618877792358404,0.20567423850297928,0.11430837213993073,0.30383098125457764,15.660501480102539,9.514327907562256,22.581580734252935,0.07233598083257675,0.01711897924542427,0.15156443715095524,0.0433,0.0,0.1113413,0.0816413,0.0632496,04,True,False
2024-25,2024-11-16,Alaska,0,1.150878667831421,0.669871985912323,2.0435328483581543,0.45137447118759155,0.16307908296585083,0.7776860594749451,26.88408851623535,11.457350730895996,40.0469970703125,0.08332379907369614,0.02674440033733845,0.16590075492858888,8.325627326965332,3.4922443628311157,15.541864585876466,0.0867195650935173,0.01540223415941,0.19704591631889348,0.0634,0.0,0.11388253,0.10358743,0.08001563,11,False,False
2024-25,2024-11-16,Alaska,1,1.1425133347511292,0.6985538005828857,1.9639570355415346,0.40596985816955566,0.13022856563329696,0.7187309861183167,27.044294357299805,12.406757354736328,40.26597595214844,0.10540787503123283,0.03092648833990097,0.21032929420471191,8.175498962402344,3.3461079597473145,15.728131294250488,0.08289019763469696,0.01399682303890586,0.185190948843956,0.0635,0.0,0.10978426,0.09915167,0.07793009,11,False,False
2024-25,2024-11-16,Alaska,2,1.1156888008117676,0.66771399974823,2.0415377616882324,0.4039119780063629,0.12429805919528011,0.7101573944091797,25.867695808410645,10.658963584899904,41.03976821899414,0.08274322003126144,0.027281280606985092,0.1605943486094475,7.590640544891357,3.269636631011963,14.50901985168457,0.07994422316551208,0.014470536261796951,0.18443918228149414,0.061,0.0,0.11420348,0.09767578,0.07695594,11,False,False
2024-25,2024-11-16,California,0,1.1543209552764893,0.701400637626648,2.172226905822754,0.486298531293869,0.17044147849082947,0.7853158712387085,25.401838302612305,12.727021217346191,38.836421966552734,0.044255293905735016,0.019990633986890317,0.07128322124481201,11.657857894897461,6.337515640258789,17.6978759765625,0.07701870054006577,0.010840707458555698,0.18453846871852875,0.0793,0.0,0.11470378,0.09644643,0.07388781,11,False,False
2024-25,2024-11-16,California,1,1.1830286979675293,0.7682515382766724,1.924303650856018,0.43685653805732727,0.13799059391021729,0.7275816202163696,25.56161403656006,11.683803367614752,38.23741912841797,0.04527849517762661,0.020081170462071897,0.07152551114559175,16.089277267456055,8.6514253616333,23.69214496612549,0.07077939435839653,0.01781240478157997,0.1522671014070511,0.0457,0.0,0.11112373,0.08627079,0.07028411,11,False,False
2024-25,2024-11-16,California,2,1.2454501390457153,0.8144176006317139,1.9350234270095825,0.4153040051460266,0.13676756620407104,0.7161834239959717,27.954938888549805,13.458778381347656,40.468425369262704,0.044401995837688446,0.021022159606218338,0.07317182421684265,12.393293857574463,6.647830486297607,19.480304718017578,0.06717247515916824,0.013491737004369505,0.14585533291101463,0.0567,0.0,0.10939786,0.08082825,0.06634368,11,False,False
2024-25,2024-11-16,New York,0,1.0379647016525269,0.6399012207984924,1.7963392734527588,0.4927479326725006,0.16583719849586487,0.767769342660904,23.632840156555176,11.51850414276123,36.41334533691406,0.044762641191482544,0.013429467286914588,0.08851871117949489,9.036993503570557,3.690721917152405,18.072351455688477,0.0905725434422493,0.014588571153581142,0.20693062245845795,0.0595,0.0,0.11139999,0.10924915,0.08636305,11,False,False
2024-25,2024-11-16,New York,1,1.188140869140625,0.6916011571884155,2.1538026332855225,0.5280641913414001,0.1898598074913025,0.8050225973129272,27.44052028656006,13.862772941589355,39.47783699035645,0.04564420133829117,0.014231421053409576,0.09154132157564165,8.603357791900635,3.4082839488983163,17.05720329284668,0.10123537480831146,0.016738606058061125,0.22627220451831817,0.0642,0.0004,0.11167109,0.11892047,0.08845411,11,False,False
2024-25,2024-11-16,New York,2,1.1069931983947754,0.6459468603134155,2.059689688682556,0.5438343286514282,0.22215430885553364,0.8142878592014313,25.699390411376953,12.43714427947998,38.08746337890625,0.04170350171625614,0.012290309183299541,0.08535774499177934,9.464994430541992,3.541552734375001,19.44989223480225,0.10433382540941238,0.020444918423891068,0.23452034443616868,0.0534,0.0,0.11144994,0.12330966,0.09453695,11,False,False
2024-25,2024-11-16,Pennsylvania,0,1.0631663799285889,0.7166438698768616,1.607253396511078,0.2986813634634018,0.07274908572435379,0.5905625224113464,22.380192756652832,9.679890632629395,35.36434211730957,0.043634483590722084,0.015734069049358368,0.08138936012983322,5.9205803871154785,1.7854523539543152,21.279939651489258,0.07212937250733376,0.020128577947616577,0.1425376147031784,0.0359,0.0,0.11118137,0.08197942,0.06895457,11,False,False
2024-25,2024-11-16,Pennsylvania,1,1.1947661638259888,0.7997465670108795,2.4026782512664795,0.37865421175956726,0.1860066056251526,0.6633192896842957,24.76373863220215,12.576465320587161,37.40913772583008,0.03950400464236736,0.015856343135237698,0.08078194931149485,5.622357368469238,2.1231350660324098,13.233823776245117,0.0667663961648941,0.010968736279755831,0.17171481251716614,0.0737,0.0,0.11095683,0.08359342,0.06477348,11,False,False
2024-25,2024-11-16,Pennsylvania,2,1.0703915357589722,0.6830488562583924,1.8469181299209612,0.383285790681839,0.10247941091656686,0.6623156309127808,22.568410873413086,9.883142948150637,35.195598983764654,0.04046139121055603,0.011987085454165936,0.07782196328043937,5.464277744293213,2.1542212724685674,12.10025444030762,0.07513248175382614,0.016354540549218657,0.15500837564468384,0.0518,0.0,0.11400844,0.0837978,0.06791003,11,False,False
2024-25,2024-11-16,Vermont,0,1.2769834995269775,0.6675729751586914,2.4251697063446045,0.5808190703392029,0.2683415710926056,0.8627204895019531,23.434690475463867,13.336528778076172,34.84791564941406,0.0382050946354866,0.008596597239375114,0.08589936792850494,3.3070274591445923,0.619012176990509,8.788825035095215,0.12997617572546005,0.021741079166531563,0.29028329253196716,0.0507,0.0002,0.11317825,0.14671609,0.10186857,11,False,False
2024-25,2024-11-16,Vermont,1,1.2783384919166565,0.7188243269920349,2.5,0.5769083499908447,0.2615518480539322,0.8630271553993225,23.693571090698242,13.890490531921387,35.19286346435547,0.03174014762043953,0.007307480182498695,0.07493981719017029,3.073715925216675,0.49107569456100464,8.432637786865246,0.12151899933815002,0.02168319392949343,0.26770007610321045,0.0631,0.0001,0.11158047,0.13372564,0.09495273,11,False,False
2024-25,2024-11-16,Vermont,2,1.276832103729248,0.6986826658248901,2.4160826206207275,0.5874292850494385,0.25448737442493446,0.8714976966381074,23.617982864379883,14.787935256958008,34.11920547485352,0.04015329107642174,0.008375439792871475,0.08859595805406571,3.5377607345581055,0.5712148547172546,9.537912178039551,0.12497640401124954,0.02562926709651947,0.26949724555015564,0.0488,0.0001,0.11184366,0.13924721,0.09584085,11,False,False
2024-25,2024-11-16,Wyoming,0,1.3695693016052246,0.7753726840019226,2.396902322769165,0.43869902193546295,0.1379642128944397,0.791137570142746,25.364805221557617,11.742066669464112,39.00398025512696,0.027665607631206512,0.00625021504238248,0.0830337256193161,3.771930694580078,0.6971753120422364,16.045549201965336,0.09289643168449402,0.017246679961681367,0.21169593781232834,0.0581,0.0,0.11070714,0.10714281,0.08291591,11,False,False
2024-25,2024-11-16,Wyoming,1,1.3729908466339111,0.6933799505233764,2.3588662624359134,0.4660465270280838,0.14549481868743896,0.7492961287498474,25.89132308959961,12.268672275543214,39.7861083984375,0.02921503223478794,0.005111612379550934,0.08223968222737313,3.642357587814331,0.6791849374771118,13.663969039916992,0.0985320620238781,0.01760919596999884,0.22725719660520557,0.0597,0.0,0.10990246,0.11532028,0.08592017,11,False,False
2024-25,2024-11-16,Wyoming,2,1.2995414733886719,0.7025895714759827,2.3490499019622804,0.4807854890823364,0.1818811148405075,0.796189546585083,24.68624496459961,9.875189590454104,38.392929077148445,0.03243892267346382,0.007613422814756634,0.07959003746509552,3.6546926498413086,0.689676058292389,13.653982162475588,0.10503300651907921,0.02389819454401732,0.22751007229089737,0.0462,0.0,0.11316036,0.11984733,0.09043507,11,False,False
2024-25,2024-11-30,Alaska,0,1.0980534553527832,0.6279386579990387,1.9405159950256348,0.4415876269340515,0.13347430229187013,0.7428204357624054,28.219321250915527,12.031717300415039,42.74152374267578,0.100706297904253,0.03840553164482117,0.18924546241760254,8.238603591918945,3.950612783432007,14.212013244628906,0.08557174354791641,0.015567806735634808,0.18600206077098846,0.0605,0.0,0.1121887,0.10151848,0.07842409,11,False,False
2024-25,2024-11-30,Alaska,1,1.0642223358154297,0.6366059184074402,1.8799736499786377,0.4412917494773865,0.12613521069288258,0.766411304473877,27.71466827392578,11.656670188903808,41.849761962890625,0.11154956370592117,0.04157937280833721,0.203064201772213,7.939065933227539,3.6194559812545775,14.181868553161621,0.0922962874174118,0.01744024753570557,0.20045597851276398,0.0531,0.0,0.11341217,0.11153658,0.08260629,11,False,False
2024-25,2024-11-30,Alaska,2,1.0232332944869995,0.6315329074859619,1.7912105321884155,0.4263666868209839,0.1435723125934601,0.7108697652816773,27.170459747314453,12.235145568847656,41.409702682495116,0.11728965863585472,0.04653550684452057,0.20576400905847553,7.471525192260742,3.516658306121826,13.371927261352539,0.08488107472658157,0.016990557312965393,0.185320183634758,0.0514,0.0,0.11319479,0.10144427,0.07699589,11,False,False
2024-25,2024-11-30,California,0,1.0809917449951172,0.6594433009624481,1.920741081237793,0.4607374370098114,0.1797130271792412,0.7292491734027863,26.276208877563477,11.243402481079102,41.761410903930674,0.07079912722110748,0.036148741468787195,0.1045837350189686,16.721506118774414,8.800482749938965,25.771785354614263,0.0721113309264183,0.012881210166960954,0.16440309584140778,0.0622,0.0,0.11304783,0.08714616,0.07042922,11,False,False
2024-25,2024-11-30,California,1,0.99020916223526,0.6867103576660156,1.4817633152008058,0.34638288617134094,0.11209692806005478,0.6636926531791687,20.71953773498535,10.597702026367188,36.106163024902344,0.062172286212444305,0.03213672824203968,0.09721655026078224,18.99673843383789,10.933341026306152,28.805953979492188,0.04651128128170967,0.008444552309811115,0.12200563028454785,0.0734,0.0,0.11166215,0.06271777,0.05259897,11,False,False
2024-25,2024-11-30,California,2,1.103197693824768,0.7854195654392243,1.5154322743415833,0.2669176161289215,0.05706181153655054,0.5860970079898836,24.718843460083008,11.533970832824707,40.59947090148927,0.06115402840077877,0.03272756561636925,0.09141731411218644,17.245363235473633,9.844726276397704,25.58860206604004,0.05490451119840145,0.00884344326332212,0.1282869279384613,0.0686,0.0,0.11309213,0.06826994,0.05850554,11,False,False
2024-25,2024-11-30,New York,0,0.9628773927688599,0.602781355381012,1.8750231862068178,0.5321778655052185,0.2192309945821762,0.7944121360778809,25.141597747802734,11.917263698577882,39.917859649658205,0.07265131920576096,0.02774536777287722,0.12870376706123357,10.396927833557129,4.838658809661865,18.280628204345703,0.10514719039201736,0.024559126794338235,0.22929038852453237,0.043,0.0,0.11406486,0.12234494,0.08941933,11,False,False
2024-25,2024-11-30,New York,1,1.001373052597046,0.6281014919281006,1.775492787361145,0.4487708508968353,0.15329605340957642,0.7535099983215332,24.36380386352539,11.528059959411621,39.43746566772461,0.058777306228876114,0.023191507346928122,0.09929952025413513,10.982513427734375,5.270934104919434,18.71611976623535,0.08320155367255211,0.015859387814998627,0.19066498279571534,0.0596,0.0,0.11209224,0.09911669,0.07559532,11,False,False
2024-25,2024-11-30,New York,2,0.9940019845962524,0.6366356670856477,1.7982389688491822,0.47414201498031616,0.17609906196594238,0.7441218495368958,25.492579460144043,12.384929656982422,38.740997314453125,0.06580811366438866,0.0275809520855546,0.11521416902542114,11.181295394897461,5.293686819076538,19.992650985717773,0.09152029827237129,0.0196155820041895,0.19151113331317907,0.0514,0.0,0.11048633,0.10313924,0.08030278,11,False,False
2024-25,2024-11-30,Pennsylvania,0,1.0114570260047913,0.6614910960197449,1.4476747393608094,0.34358298778533936,0.11080370098352432,0.5933122515678406,23.033817291259766,9.18724775314331,39.469234466552734,0.03702642396092415,0.01570823136717081,0.06961395591497421,11.440485954284668,5.0511070728302006,20.5748348236084,0.07486409693956375,0.018834175541996956,0.14457475394010547,0.0332,0.0,0.11102383,0.08156131,0.06624793,11,False,False
2024-25,2024-11-30,Pennsylvania,1,1.2504545450210571,0.775855439901352,1.7145785450935365,0.3289097845554352,0.11169180274009705,0.604758620262146,31.185707092285156,13.761865615844727,43.56198501586914,0.050135839730501175,0.020152418687939645,0.09505485817790031,4.9142138957977295,2.284544897079468,8.351100921630865,0.050606610253453255,0.009006626252084973,0.11688323095440865,0.0716,0.0,0.1128606,0.06237292,0.05353494,11,False,False
2024-25,2024-11-30,Pennsylvania,2,1.2739801406860352,0.7170613944530487,2.4586440801620486,0.4118752181529999,0.12539970129728317,0.7043533027172089,17.00095558166504,5.161906766891479,37.529107666015626,0.04211292788386345,0.018222959712147713,0.08429176360368729,8.427145004272461,3.2865598440170287,17.49311065673828,0.08681927621364594,0.02027244307100773,0.15442219376564026,0.0399,0.0,0.11265267,0.08849424,0.06791715,11,False,False
2024-25,2024-11-30,Vermont,0,1.028853714466095,0.607437014579773,2.1562843322753906,0.5501053631305695,0.25715500116348267,0.8258755803108215,24.4432373046875,13.286782264709473,36.32934722900391,0.03497524559497833,0.005335206165909767,0.07931981980800629,3.7192375659942627,0.4957387894392016,11.088188171386719,0.1179366409778595,0.02146340161561966,0.25515371859073643,0.0554,0.0,0.112741,0.13832165,0.09719335,11,False,False
2024-25,2024-11-30,Vermont,1,1.0393626689910889,0.6123837828636169,2.1628432273864746,0.5699363648891449,0.26162174344062805,0.8332340240478516,24.474775314331055,13.447072982788086,37.11555099487305,0.03514230623841286,0.004565909039229155,0.07930397391319274,3.9329135417938232,0.5651843786239624,10.687674522399902,0.11741634458303452,0.022889464907348157,0.2560941249132157,0.0547,0.0003,0.11493772,0.14035433,0.09982585,11,False,False
2024-25,2024-11-30,Vermont,2,0.9698655307292938,0.6016465842723847,1.9474193572998049,0.5669727921485901,0.28979168534278876,0.8272288978099823,23.24474334716797,13.055259704589844,35.22481155395508,0.03472592867910862,0.004507736675441266,0.0823916643857956,3.665446400642395,0.5369718670845032,9.578054428100586,0.11930301040410995,0.025355223566293727,0.24529344886541368,0.0476,0.0,0.10871855,0.13913387,0.09591239,11,False,False
2024-25,2024-11-30,Wyoming,0,1.1828380227088928,0.6474981069564819,2.2554110050201417,0.4060097932815552,0.12038547992706301,0.7173466444015503,26.3400239944458,10.532041549682617,41.60317306518555,0.04357358254492283,0.01075511509552598,0.10268552601337433,5.71217679977417,1.8184090852737427,15.115467643737796,0.09817011654376984,0.022152622044086457,0.20883333534002305,0.0477,0.0,0.11276079,0.10844427,0.08306027,11,False,False
2024-25,2024-11-30,Wyoming,1,1.203379511833191,0.6736258268356323,2.271354961395264,0.42116430401802063,0.18881278336048127,0.6927242279052734,25.642385482788086,12.157388877868653,39.660880661010744,0.035878075286746025,0.009069523587822915,0.08330328017473221,6.262841701507568,1.8858836889266968,16.71852684020996,0.08952829614281654,0.015785251930356025,0.19434850662946707,0.0585,0.0,0.11067564,0.09730525,0.07544887,11,False,False
2024-25,2024-11-30,Wyoming,2,1.170296549797058,0.66524338722229,2.3579458475112918,0.43335920572280884,0.1358035832643509,0.741992712020874,24.761523246765137,10.618212318420412,39.598114013671875,0.03552933596074581,0.008787843398749828,0.08528912365436557,6.382320880889893,1.9623769998550415,15.33661279678345,0.09625411778688431,0.01794396545737982,0.20876165181398393,0.0544,0.0,0.11208209,0.10622268,0.08280376,11,False,False
2024-25,2024-12-14,Alaska,0,1.1020650267601013,0.6945750892162323,1.944804310798645,0.45476874709129333,0.16638344526290894,0.7336596250534058,27.082849502563477,12.461027145385744,41.87359733581543,0.13128793984651566,0.05725600458681583,0.2395890921354294,8.514185428619385,4.341559886932373,14.3869047164917,0.07811763882637024,0.016831260733306413,0.16447331011295319,0.0526,0.0,0.10803752,0.09173831,0.07396623,12,False,False
2024-25,2024-12-14,Alaska,1,1.0454875230789185,0.6695738017559052,1.756173396110535,0.41001205146312714,0.11422996297478678,0.7162087261676788,25.2745418548584,12.860400390625001,40.22364196777344,0.13910052180290222,0.06459383144974709,0.2375121474266054,8.824676036834717,4.3303446769714355,15.794663524627685,0.07537644356489182,0.016779081895947456,0.15921981632709503,0.0506,0.0,0.11116685,0.08645235,0.07104682,12,False,False
2024-25,2024-12-14,Alaska,2,1.1046746373176575,0.7009743392467499,1.9915650606155397,0.41788776218891144,0.13891713172197342,0.692078447341919,26.53397274017334,13.71824836730957,42.29699745178223,0.12459427118301392,0.058188822120428085,0.21444501280784609,8.833308696746826,4.609612846374512,14.556047439575195,0.0774666778743267,0.018097808584570885,0.16034218668937683,0.0478,0.0,0.10935135,0.09080922,0.07420342,12,False,False
2024-25,2024-12-14,California,0,1.0795863270759583,0.7550476789474487,1.412993311882019,0.25519829988479614,0.045269619673490524,0.5968542098999023,25.937767028808594,14.141888618469238,38.44692611694336,0.0835382267832756,0.05086580291390419,0.12414624392986301,16.3187837600708,10.151032447814941,23.120210647583008,0.044949110597372055,0.008302411995828152,0.10137615129351617,0.0694,0.0,0.11142528,0.055306,0.0476027,12,False,False
2024-25,2024-12-14,California,1,1.1055635213851929,0.7699421644210815,1.6006112098693848,0.28980833292007446,0.0690401017665863,0.6135330975055695,26.817401885986328,13.111380290985108,41.497047424316406,0.07454048842191696,0.043507189303636555,0.11134442687034607,18.299232482910156,10.76602554321289,26.579473495483402,0.04475437477231026,0.008137503731995822,0.10141975283622746,0.0779,0.0,0.11124576,0.05482906,0.04651522,12,False,False
2024-25,2024-12-14,California,2,1.048176646232605,0.7603419542312623,1.5588947534561157,0.28926508128643036,0.0558103546500206,0.5925285100936891,23.465059280395508,11.86927604675293,40.09416046142579,0.08376777917146683,0.04795721136033535,0.12624073028564453,20.14816188812256,12.511752033233643,28.270842742919925,0.04448731616139412,0.008771784603595734,0.10151737928390503,0.0711,0.0,0.11356931,0.05525397,0.04725137,12,False,False
2024-25,2024-12-14,New York,0,0.9792622327804565,0.6183671951293945,1.6924278736114502,0.44818228483200073,0.1462796688079834,0.725970894098282,23.86610507965088,12.480916023254395,40.87676239013672,0.10886926203966141,0.05085672065615654,0.1787242740392685,12.392624855041504,6.4386162757873535,19.96937408447266,0.08051976934075356,0.017996445298194885,0.16767364740371704,0.0529,0.0,0.11153557,0.09230293,0.07110023,12,False,False
2024-25,2024-12-14,New York,1,1.0430137515068054,0.65122771859169,1.8902530670166016,0.4333706647157669,0.13282905966043476,0.7348610758781433,24.98318576812744,11.678799629211426,41.917274475097656,0.0869695283472538,0.04304658286273479,0.14960351437330247,12.023998737335205,6.22224292755127,20.010881423950195,0.07290048152208328,0.011546887457370758,0.1648507982492447,0.0658,0.0,0.1099712,0.08711478,0.06949079,12,False,False
2024-25,2024-12-14,New York,2,1.053086519241333,0.706345796585083,1.6181738376617432,0.3467577248811722,0.08693238720297813,0.6841026604175569,25.419588088989258,11.69615364074707,41.199026870727536,0.12049348279833794,0.056884856522083284,0.1959279179573059,12.037846565246582,6.098244190216065,20.720125198364258,0.06711522489786148,0.008052111696451907,0.16917122900485992,0.0863,0.0,0.11263246,0.09043253,0.07417446,12,False,False
2024-25,2024-12-14,Pennsylvania,0,1.5724226236343384,0.8674331903457642,2.079763889312744,0.40638476610183716,0.21562577784061432,0.6072418093681335,23.587770462036133,14.898804664611816,36.33165740966797,0.05030939355492592,0.028297046199440956,0.08722872659564022,10.197896957397461,5.195428371429443,16.35582733154297,0.040882207453250885,0.010331008583307266,0.08269790783524515,0.0499,0.0,0.11034019,0.04512135,0.03912447,12,False,False
2024-25,2024-12-14,Pennsylvania,1,1.11539626121521,0.8794448614120484,1.6042752265930176,0.22563934326171875,0.06102721989154817,0.48036841750144965,21.774892807006836,12.072102451324463,35.103515625,0.05209050327539444,0.02770630270242691,0.0892655998468399,15.439084529876709,7.035351276397705,22.99334144592285,0.047706760466098785,0.01036637183278799,0.10630411058664323,0.0632,0.0,0.11122078,0.05490474,0.0481453,12,False,False
2024-25,2024-12-14,Pennsylvania,2,1.4088801741600037,0.9149795770645142,2.3281692028045655,0.29594242572784424,0.07430829927325251,0.6083445012569428,28.421899795532227,16.22587490081787,40.976090621948245,0.0604495070874691,0.031585704535245895,0.09945329278707504,12.266947269439697,5.045481491088867,25.895116806030273,0.05891057848930359,0.004999999888241291,0.1499188393354416,0.1052,0.0,0.11144703,0.08006397,0.06300312,12,False,False
2024-25,2024-12-14,Vermont,0,0.9876631200313568,0.6045272946357727,1.9876418113708496,0.5445902347564697,0.2518215477466583,0.8086217045783997,24.40800666809082,13.562808990478516,37.72145462036133,0.0353230070322752,0.008045540191233158,0.08002147078514099,3.309542417526245,0.30947202444076544,9.995485305786133,0.11906424164772034,0.025477113202214244,0.249824658036232,0.0455,0.0,0.11302086,0.13963484,0.09709914,12,False,False
2024-25,2024-12-14,Vermont,1,0.9685186743736267,0.6098821520805359,1.9435176730155947,0.5301072597503662,0.25117908120155336,0.7811696529388428,23.6772403717041,13.56732177734375,35.857177734375,0.0361260361969471,0.006845541764050722,0.08183895796537399,2.8780648708343506,0.29728785157203697,9.4139986038208,0.11556655168533325,0.024128876626491547,0.24346328526735309,0.0497,0.0002,0.11156662,0.13943687,0.09423286,12,False,False
2024-25,2024-12-14,Vermont,2,0.9848646223545074,0.6029714941978455,1.89462411403656,0.5219026803970337,0.228178009390831,0.8000888407230378,24.526464462280273,14.112517833709717,35.65650939941406,0.03417489305138588,0.006677972944453359,0.08253458887338638,2.7324520349502563,0.29671767354011536,8.31854324340821,0.11218485981225967,0.025165461003780365,0.2383313775062561,0.0503,0.0,0.11163126,0.13469947,0.09244499,12,False,False
2024-25,2024-12-14,Wyoming,0,1.305740475654602,0.8161914348602295,2.183440923690796,0.44666367769241333,0.1506219059228897,0.7191418409347534,25.58896255493164,14.057175636291504,37.60612869262695,0.08219532668590546,0.029009811580181122,0.1537078469991684,6.546149015426636,2.0290279388427734,16.369455337524414,0.09006257355213165,0.017695385962724686,0.19765408933162706,0.0649,0.0,0.11204446,0.09506058,0.07237111,12,False,False
2024-25,2024-12-14,Wyoming,1,1.2813811302185059,0.7953888773918152,2.2239262819290166,0.4490434229373932,0.1373315155506134,0.7501640319824219,25.90627098083496,13.809822082519531,38.438514709472656,0.0820937231183052,0.03125042989850046,0.14884337782859802,6.121389865875244,1.7645974159240723,12.865985965728775,0.0873146802186966,0.016166748479008675,0.20132438838481903,0.0486,0.0,0.11281536,0.09635737,0.07328501,12,False,False
2024-25,2024-12-14,Wyoming,2,1.2572888135910034,0.812523365020752,2.2027353286743168,0.42498913407325745,0.1262281835079193,0.767807739973069,24.7983341217041,14.592432880401613,35.70691680908203,0.06092379242181778,0.023789625614881516,0.1212354525923729,6.79055118560791,2.005385160446167,14.259044647216797,0.08822933584451675,0.015916971489787102,0.2016017585992813,0.0552,0.0,0.11245512,0.09947249,0.0749452,12,False,False
2024-25,2024-12-21,Alaska,0,0.993224561214447,0.6291700005531311,1.7325650334358218,0.42669782042503357,0.14219918847084045,0.7052920460700989,27.38481616973877,11.67458724975586,43.03241729736329,0.12907372415065765,0.04998592287302017,0.225274920463562,9.020915985107422,4.461302280426025,15.631919860839844,0.07674067094922066,0.012818991206586361,0.16897413730621344,0.0713,0.0,0.11240782,0.08638332,0.06856722,12,False,False
2024-25,2024-12-21,Alaska,1,1.0128507614135742,0.6554479598999023,1.7730677127838135,0.36119842529296875,0.0896263360977173,0.6976464986801147,26.62021255493164,9.72116870880127,43.41422233581543,0.14705075323581696,0.0669587567448616,0.2430422231554985,9.9278564453125,4.741240978240967,18.222925186157227,0.06926871091127396,0.013515089638531208,0.15125140845775603,0.0618,0.0,0.11148994,0.0810627,0.06617451,12,False,False
2024-25,2024-12-21,Alaska,2,0.9954371750354767,0.6607258915901184,1.7348774671554565,0.3600178360939026,0.10581593960523605,0.6656764030456545,26.95260715484619,11.449331283569336,43.34305953979492,0.14055146276950836,0.06017793342471123,0.23780889809131622,9.024599075317383,4.450125408172608,15.36676025390625,0.06743505597114563,0.011929290369153023,0.15642620325088502,0.0676,0.0,0.11007849,0.08013624,0.06655834,12,False,False
2024-25,2024-12-21,California,0,1.0987564325332642,0.8208241999149323,1.5162087559700013,0.2402103692293167,0.030415563471615323,0.5440778613090517,24.462108612060547,12.356371879577637,39.44950866699219,0.10206196457147598,0.06000387668609619,0.14911255985498428,21.1587553024292,13.25456714630127,29.91802406311035,0.0371216144412756,0.007437864085659387,0.08319469913840294,0.0767,0.0,0.11060696,0.04657787,0.04106362,12,False,False
2024-25,2024-12-21,California,1,1.1191457509994507,0.8611407995223999,1.3899603486061098,0.20586785674095154,0.03140375390648842,0.4508939027786256,26.60308074951172,15.331646633148193,37.818000793457045,0.09446873888373375,0.05663328431546688,0.13706856071949006,24.79548168182373,15.641318607330323,34.04637145996094,0.03756544180214405,0.008533341065049172,0.0811660960316658,0.0687,0.0,0.11431986,0.04579065,0.04043809,12,False,False
2024-25,2024-12-21,California,2,1.12770015001297,0.850551187992096,1.6649901866912842,0.2305208146572113,0.03409274630248548,0.5618996679782869,25.22921371459961,12.7953462600708,41.58040466308594,0.09761082381010056,0.056439393758773805,0.14717689156532288,20.37817668914795,12.752495861053468,28.058788681030276,0.03938804566860199,0.00838489644229412,0.08569221943616868,0.0692,0.0,0.11247986,0.04778689,0.04150976,12,False,False
2024-25,2024-12-21,New York,0,1.0422261953353882,0.6571566462516785,1.5727853775024414,0.3782803416252136,0.10026043802499775,0.6945973038673401,25.160625457763672,13.393450450897216,40.64448547363281,0.1201801598072052,0.06277386099100113,0.1897558867931366,13.67795991897583,7.236533975601197,23.042543411254883,0.0684557631611824,0.013173473253846176,0.15515676736831674,0.0622,0.0,0.11205529,0.08499476,0.06834011,12,False,False
2024-25,2024-12-21,New York,1,1.027706265449524,0.6862361431121826,1.6902391910552979,0.3841674029827118,0.11376788467168808,0.6840858459472656,23.326117515563965,12.51451587677002,41.747039794921875,0.13513557612895966,0.06817243993282318,0.22574284672737122,13.793545722961426,7.339775562286377,21.26084632873536,0.05975688621401787,0.011272052302956581,0.1387620180845261,0.0629,0.0,0.11253273,0.07430591,0.06045402,12,False,False
2024-25,2024-12-21,New York,2,1.0651744604110718,0.6803094148635864,1.9294706821441652,0.41380763053894043,0.12442442253232003,0.7408491373062134,27.227523803710938,13.885965347290039,42.4928939819336,0.1425018012523651,0.07099994346499444,0.2334216982126236,13.470315933227539,7.050623750686646,21.923036575317383,0.06732422113418579,0.008839497715234765,0.16089783608913422,0.0812,0.0,0.11084595,0.08429786,0.06682903,12,False,False
2024-25,2024-12-21,Pennsylvania,0,1.0741883516311646,0.8592780232429504,1.3718218564987186,0.2621603012084961,0.08498291671276093,0.4870378375053406,22.795144081115723,13.398146629333496,33.85410842895508,0.06056370586156845,0.03193502128124237,0.10495839342474937,17.394872665405273,7.810196876525879,26.213159561157227,0.049636807292699814,0.014372597914189104,0.09684336334466935,0.0375,0.0,0.11002718,0.05650384,0.0506919,12,False,False
2024-25,2024-12-21,Pennsylvania,1,1.2451987266540527,0.9098786532878876,1.930156600475312,0.2498752847313881,0.07120784595608713,0.4640557676553727,24.192008018493652,13.962818336486817,34.85283660888672,0.04063116014003754,0.022496604546904563,0.06709110438823702,12.660030364990234,7.053697109222412,18.905778884887695,0.06572674959897995,0.01925128698348999,0.1289501488208771,0.034,0.0,0.11220895,0.07355755,0.06198783,12,False,False
2024-25,2024-12-21,Pennsylvania,2,1.3328759670257568,0.9119971394538879,2.203275203704835,0.37995745241642,0.13757263869047168,0.6429892241954803,33.22036933898926,22.77133769989014,42.38735237121582,0.05169105902314186,0.02658266555517912,0.093194380402565,12.710470199584961,6.239436101913452,21.683143615722656,0.0746150054037571,0.01829847246408463,0.14267657399177552,0.0367,0.0,0.11095932,0.08371573,0.07133378,12,False,False
2024-25,2024-12-21,Vermont,0,0.9699052274227142,0.6107817888259888,1.938736927509308,0.5442433953285217,0.26289331912994385,0.7946229577064514,23.68133544921875,12.827619552612305,37.07533264160156,0.030492971651256084,0.006611852906644344,0.07521700114011765,4.513525485992432,1.0728495478630067,12.288926506042484,0.11287901550531387,0.02652482632547617,0.2377536416053772,0.0448,0.0,0.11483226,0.12986158,0.09966046,12,False,False
2024-25,2024-12-21,Vermont,1,0.9601064920425415,0.6212054491043091,1.9204979896545418,0.5170680284500122,0.22932933270931244,0.7674984335899353,24.403949737548828,13.497822284698486,36.849155044555665,0.03979509323835373,0.007740514352917671,0.08692458346486093,4.0332396030426025,1.0193685650825501,10.971025562286378,0.1038367971777916,0.021882406622171408,0.22709865719079975,0.0493,0.0001,0.10946278,0.12521207,0.09428088,12,False,False
2024-25,2024-12-21,Vermont,2,0.9467326104640961,0.6100671350955963,1.8062070012092597,0.5245853066444397,0.22907040566205986,0.791969817876816,24.32658290863037,13.741986274719238,36.93383064270021,0.03863516263663769,0.007280056830495596,0.09186939448118212,4.746511936187744,1.134106993675232,12.006074810028078,0.10579457134008408,0.02484428696334362,0.21620798707008365,0.0419,0.0,0.11190817,0.12095829,0.09324454,12,False,False
2024-25,2024-12-21,Wyoming,0,1.129795789718628,0.6714715838432312,2.1183111667633057,0.42334386706352234,0.13353980481624608,0.731326162815094,26.560319900512695,12.501649856567383,40.92071533203125,0.06343855708837509,0.011500616557896137,0.14848941564559937,4.161563396453857,1.090506112575531,10.189177513122559,0.08785293623805046,0.016573693603277224,0.20715083181858063,0.0589,0.0,0.1107173,0.10428717,0.0835788,12,False,False
2024-25,2024-12-21,Wyoming,1,1.139228343963623,0.7090511322021484,2.226445174217224,0.45742595195770264,0.1432337194681168,0.7345364689826965,26.828397750854492,13.049386024475098,41.51000862121583,0.05670200660824776,0.009544008411467075,0.13562678098678588,4.62299919128418,1.1322654485702515,11.173740959167484,0.07806999236345291,0.015086039900779724,0.16803237795829773,0.0615,0.0,0.1117286,0.09374329,0.07730518,12,False,False
2024-25,2024-12-21,Wyoming,2,1.1014723181724548,0.643899029493332,2.037309169769287,0.4640706926584244,0.16919569671154022,0.7430341780185702,24.45314121246338,12.225440979003906,38.95610618591309,0.059048693627119064,0.010042105801403522,0.1376887321472168,4.426817417144775,1.0495731830596924,12.118645668029785,0.08894368261098862,0.015781932603567854,0.20274288952350616,0.0622,0.0,0.11195133,0.10975358,0.08961012,12,False,False
2024-25,2024-12-28,Alaska,0,0.9420161247253418,0.6249858260154725,1.6481799364089966,0.37881720066070557,0.11762735694646835,0.6675077080726624,27.214285850524902,11.670667266845703,43.5663070678711,0.17229969799518585,0.07690690383315088,0.316161185503006,9.33554744720459,4.849137449264527,15.777111434936524,0.07048701122403145,0.014032261166721582,0.1537604033946991,0.0548,0.0,0.11145789,0.08100548,0.06568251,12,False,False
2024-25,2024-12-28,Alaska,1,0.9270180463790894,0.613642430305481,1.6689924001693726,0.3715972304344177,0.08593798279762271,0.6921711564064026,25.69005584716797,11.428937244415284,43.2952880859375,0.13104736059904099,0.0599242240190506,0.21575815677642826,10.86670207977295,5.558355045318604,17.64961051940918,0.07123975455760956,0.015231886878609657,0.14734963923692707,0.0533,0.0,0.10791926,0.07859565,0.06199465,12,False,False
2024-25,2024-12-28,Alaska,2,0.921728789806366,0.6118453025817872,1.5415576457977296,0.39733532071113586,0.11904288530349733,0.6578911781311035,27.349674224853516,12.144917678833009,43.047096252441406,0.16811129450798035,0.0704947829246521,0.2798257052898407,10.273316383361816,4.971616744995117,18.758838653564453,0.07154903933405876,0.014353449456393719,0.15379029065370564,0.057,0.0,0.11037245,0.07975354,0.06419806,12,False,False
2024-25,2024-12-28,California,0,1.0686829090118408,0.8156597018241882,1.3440284729003906,0.23014485836029053,0.05561706647276879,0.4825479805469516,22.362832069396973,11.796891021728516,36.67793693542481,0.11360142007470131,0.06904286891222,0.16232798993587494,19.172405242919922,12.675420761108398,25.673135948181155,0.0329110361635685,0.005508772097527981,0.07712142616510392,0.0958,0.0,0.11133874,0.04134056,0.03607977,12,False,False
2024-25,2024-12-28,California,1,1.1220778226852417,0.9278476238250732,1.3080130815505981,0.14000659435987473,0.012070678174495697,0.34124284684658074,24.374367713928223,12.705744457244874,38.22802734375,0.1145414225757122,0.07222845405340195,0.15852700173854828,22.28678321838379,14.320521354675293,30.131229400634766,0.03123186808079481,0.007311301771551371,0.06690684780478479,0.074,0.0,0.11269396,0.03730094,0.03355788,12,False,False
2024-25,2024-12-28,California,2,1.0853544473648071,0.7912851572036743,1.2952072381973267,0.20574135333299637,0.031188156455755234,0.4945431500673295,22.02092933654785,11.573225498199465,36.06101989746094,0.11479081213474274,0.07203887403011322,0.16301332116127015,20.97776985168457,13.524027824401855,29.021930694580078,0.03458941727876663,0.0069829379208385944,0.0761837288737297,0.0784,0.0,0.11209782,0.04169926,0.03605744,12,False,False
2024-25,2024-12-28,New York,0,1.122363030910492,0.7358486771583557,1.7572787642478944,0.35641178488731384,0.08698689863085748,0.6865555047988894,25.944486618041992,14.184793758392335,41.82299308776856,0.15459541976451874,0.0835975632071495,0.2507518261671066,13.939240455627441,7.7905738830566404,20.721089935302736,0.06370319426059723,0.012847659084945917,0.1435874104499817,0.06,0.0,0.11297544,0.07793239,0.06477692,12,False,False
2024-25,2024-12-28,New York,1,1.1508108377456665,0.7600740790367126,1.8557411432266235,0.36041493713855743,0.10470941662788391,0.6837193369865417,27.719287872314453,14.446850776672363,43.2696533203125,0.16138583421707153,0.08448117971420288,0.2567642658948898,12.861807823181152,7.1692622184753425,19.26618194580078,0.06061901897192001,0.008788147941231728,0.13783270120620728,0.0756,0.0,0.11191376,0.07550939,0.06274306,12,False,False
2024-25,2024-12-28,New York,2,1.1241397261619568,0.7521929144859314,1.8351633548736572,0.36363770067691803,0.09723416790366173,0.6751976370811466,26.58680534362793,14.614511108398439,42.04899864196777,0.16958895325660706,0.08982151299715042,0.2689346671104431,16.75039768218994,8.936815452575685,26.448299407958984,0.05987929366528988,0.010503569524735213,0.13179596364498145,0.0728,0.0,0.11191574,0.07273956,0.06062114,12,False,False
2024-25,2024-12-28,Pennsylvania,0,1.6234052181243896,1.107075297832489,2.490478038787842,0.4627319276332855,0.1569049060344696,0.7630937159061433,33.15614700317383,23.298141479492188,41.0347785949707,0.05327892675995827,0.02993675135076046,0.08623664826154709,16.16242790222168,9.112156200408938,24.050214385986333,0.071144949644804,0.03130698204040527,0.11515797674655914,0.0116,0.0,0.11126163,0.06759075,0.05600009,12,False,False
2024-25,2024-12-28,Pennsylvania,1,1.3969725370407104,0.9893073439598083,2.0204031467437744,0.34044888615608215,0.14302782714366913,0.5604783892631531,30.869420051574707,20.43277931213379,40.60497283935547,0.0792897492647171,0.04117394611239433,0.12851572036743164,13.71451473236084,7.147867679595947,20.258983612060547,0.06327313557267189,0.0189307052642107,0.1159130334854126,0.0293,0.0,0.11317692,0.06337941,0.05540771,12,False,False
2024-25,2024-12-28,Pennsylvania,2,1.3297319412231445,0.9930776953697205,1.7725067138671875,0.2678226828575134,0.05774413049221039,0.6098253130912781,22.5987606048584,12.29638957977295,33.85932540893555,0.06316787004470825,0.034399814903736115,0.10894294083118439,19.50145721435547,9.284430503845215,28.892669105529798,0.06294882670044899,0.02223758026957512,0.10603608191013336,0.0159,0.0,0.11056826,0.05779932,0.05244809,12,False,False
2024-25,2024-12-28,Vermont,0,1.0356642603874207,0.6214504241943359,2.004478740692139,0.5447088181972504,0.2620895802974701,0.7906081676483154,25.315458297729492,15.081323337554933,37.58134078979492,0.050638046115636826,0.016411873511970054,0.10046864300966263,5.404346942901611,1.7281889915466309,12.237872123718262,0.10450182110071182,0.02714954875409603,0.20480150878429412,0.0362,0.0,0.11361935,0.11658156,0.08506399,12,False,False
2024-25,2024-12-28,Vermont,1,1.02179753780365,0.6611217260360718,1.8482402682304389,0.5099062323570251,0.21920691430568695,0.7792808413505554,24.780353546142578,14.770524024963379,37.46671676635742,0.04238278418779373,0.01380948256701231,0.09109799563884735,5.731694936752319,1.7932560443878174,13.434717082977306,0.09809612482786179,0.020928372256457814,0.21103376150131226,0.0484,0.0,0.11302508,0.11494624,0.08483573,12,False,False
2024-25,2024-12-28,Vermont,2,0.9983662366867065,0.6427265703678131,1.8470417618751533,0.5102611780166626,0.20717984437942505,0.7882783472537996,24.747314453125,14.618978214263917,36.93682861328125,0.04652593284845352,0.015301876701414585,0.09575515985488892,5.629045009613037,1.8512159585952759,12.474481582641602,0.10113051161170006,0.02049797587096691,0.22429567575454712,0.0519,0.0,0.11236257,0.12057361,0.0900828,12,False,False
2024-25,2024-12-28,Wyoming,0,1.269557237625122,0.7699111104011536,2.2504890203475956,0.46367213129997253,0.17634452879428864,0.7602734565734863,27.309926986694336,16.473956871032716,39.49386329650879,0.13501589745283127,0.054472073912620544,0.26284286677837415,5.446523666381836,1.8542963147163392,11.275093078613281,0.0729813277721405,0.020312711596488953,0.1470470130443573,0.0355,0.0,0.11078186,0.08338211,0.06733997,12,False,False
2024-25,2024-12-28,Wyoming,1,1.1818292140960693,0.7876388430595398,2.097078323364258,0.45753857493400574,0.18736901879310608,0.7271603047847748,25.908050537109375,15.654656410217285,38.46390914916992,0.1275031417608261,0.049983277916908264,0.25166356563568115,5.576632976531982,1.8724815845489502,13.11366748809815,0.0860210619866848,0.019900302961468705,0.1729891449213028,0.0429,0.0,0.11163519,0.09667034,0.07607033,12,False,False
2024-25,2024-12-28,Wyoming,2,1.3078263998031616,0.8760306954383851,2.1439523696899414,0.38780656456947327,0.12109442055225374,0.6987319588661194,28.50589370727539,17.17756290435791,39.69692611694336,0.13759717345237732,0.05419576168060303,0.24719689786434174,4.891304016113281,1.578933835029602,10.54074764251709,0.06739314645528793,0.013281366787850857,0.14770664274692535,0.0556,0.0,0.11025344,0.0801043,0.06504954,12,False,False
2024-25,2025-01-11,Alaska,0,1.0576153993606567,0.7057193517684937,1.6459208726882935,0.3299252986907959,0.09169127941131594,0.6118702292442322,29.439599990844727,13.840625286102295,45.81613044738769,0.1831737905740738,0.07886191457509995,0.3273928165435791,9.850260257720947,4.849125909805299,16.132076263427734,0.05692160874605179,0.009893001988530159,0.13534682989120483,0.0725,0.0,0.10982976,0.07262984,0.06392873,01,False,True
2024-25,2025-01-11,Alaska,1,0.9751878380775452,0.6308292746543884,1.617389178276062,0.40960443019866943,0.13161155432462693,0.699256181716919,27.662220001220703,14.89550495147705,43.64521789550781,0.17096686363220215,0.06855965703725815,0.3060019016265869,9.47821569442749,4.719045352935792,15.265016555786133,0.06679815798997879,0.014375042170286179,0.14801213145256042,0.0548,0.0,0.1116223,0.08133278,0.06957848,01,False,True
2024-25,2025-01-11,Alaska,2,1.0157972574234009,0.6687279224395752,1.6805254101753242,0.35517239570617676,0.07900844514369965,0.6883292317390445,27.135120391845703,13.902708053588867,43.92397346496582,0.1686171591281891,0.07354097440838814,0.290379136800766,8.747772216796875,4.704187965393067,13.375116348266602,0.0619172528386116,0.011596041731536388,0.13580001890659332,0.0627,0.0,0.11109496,0.07777089,0.06470163,01,False,True
2024-25,2025-01-11,California,0,0.9869558811187744,0.7246114015579224,1.2635613679885864,0.23104913532733917,0.03849285840988159,0.5013893246650696,22.908777236938477,11.074865055084228,41.06973686218262,0.16261018812656403,0.09868388399481776,0.23162581026554108,21.446287155151367,14.349754333496094,29.175517654418947,0.04220232740044594,0.008859279565513134,0.09318697825074196,0.0661,0.0,0.11174968,0.04785836,0.04173283,01,False,True
2024-25,2025-01-11,California,1,1.0357488989830017,0.7565950751304626,1.324777364730835,0.19336944818496704,0.0209187101572752,0.4491603672504425,28.0952205657959,12.889626693725592,44.732513427734375,0.1729237213730812,0.10047277063131332,0.24955300688743592,21.4216365814209,14.011404991149902,28.7486873626709,0.039228878915309906,0.009983638301491737,0.07739739865064621,0.0512,0.0,0.11128508,0.04104727,0.03688029,01,False,True
2024-25,2025-01-11,California,2,1.0080440640449524,0.7877352833747864,1.2389965057373047,0.19582707434892654,0.02624938078224659,0.43134045600891113,22.050424575805664,9.761401176452637,39.236148834228516,0.15442101657390594,0.08589148670434951,0.22569939196109773,22.91134738922119,15.32314395904541,31.008399963378906,0.03986235707998276,0.010339230298995972,0.0822916030883789,0.0551,0.0,0.11027023,0.04237999,0.03805611,01,False,True
2024-25,2025-01-11,New York,0,1.042013168334961,0.6768136262893677,1.713835597038269,0.36069363355636597,0.09878129214048388,0.6724658608436584,30.491172790527344,14.14498691558838,47.12083435058594,0.24253877252340317,0.11425402760505676,0.3894773930311204,14.40947961807251,8.245951461791993,21.941614151000977,0.057661838829517365,0.010642736218869686,0.13406646251678467,0.066,0.0,0.11064075,0.06610379,0.05527123,01,False,True
2024-25,2025-01-11,New York,1,0.9676129221916199,0.6480517387390137,1.5739597082138062,0.39115241169929504,0.09938963502645493,0.6879379153251648,25.494768142700195,12.591665744781496,44.17601203918458,0.20800988376140594,0.09778545051813126,0.3213135391473771,16.006958961486816,8.678485107421876,24.19171714782715,0.06501539051532745,0.012192800641059875,0.14132259488105786,0.0592,0.0,0.111443,0.07321897,0.06072191,01,False,True
2024-25,2025-01-11,New York,2,1.0104933977127075,0.6403963565826416,1.6426020860671997,0.37399011850357056,0.08596141636371613,0.6768298745155334,28.409934997558594,13.674512004852296,47.03438186645508,0.2204575091600418,0.10646406561136246,0.3705115020275116,15.041912078857422,8.62085247039795,22.945220947265625,0.06797026842832565,0.01511173844337464,0.15207253396511078,0.0493,0.0,0.11199171,0.07494632,0.0615023,01,False,True
2024-25,2025-01-11,Pennsylvania,0,1.2370762825012207,0.8944005966186523,1.7545987844467164,0.26445814967155457,0.05733326971530915,0.5145567059516907,30.487699508666992,18.292074966430665,44.19912948608399,0.12299475446343422,0.06515931338071823,0.2046174392104149,15.769050598144531,8.080779743194581,23.479936408996583,0.05693979561328888,0.017683079652488245,0.10343660935759545,0.0252,0.0,0.11075781,0.06070268,0.05340603,01,False,True
2024-25,2025-01-11,Pennsylvania,1,1.1215375661849976,0.8330827355384827,1.687254786491394,0.3164607286453247,0.08064379319548612,0.599463164806366,28.751500129699707,19.105852127075195,40.599395751953125,0.13536350429058075,0.0676640197634697,0.22000367939472198,13.187849998474121,6.605278968811035,21.445542716979983,0.053322404623031616,0.014962803851813079,0.11405184715986258,0.0401,0.0,0.10888905,0.06095782,0.05388092,01,False,True
2024-25,2025-01-11,Pennsylvania,2,1.0543792247772217,0.8788632154464722,1.3307576179504395,0.3181876540184021,0.14780260622501373,0.49792444705963135,23.296066284179688,17.013883590698242,30.2006778717041,0.10893064737319946,0.06413230299949646,0.17725459188222908,12.367988586425781,7.2520890712738035,17.69095821380615,0.03654452785849571,0.010482553485780954,0.07094506770372391,0.0454,0.0,0.11060372,0.0415235,0.03771684,01,False,True
2024-25,2025-01-11,Vermont,0,0.8757968842983246,0.6000000238418579,1.3871162056922919,0.5176082849502563,0.20277076959609985,0.7674494385719299,22.72529411315918,14.319771194458008,34.23194885253906,0.05706764757633209,0.02569604404270649,0.10593194514513016,7.887422800064087,3.279801416397095,15.02166748046875,0.08561334758996964,0.015153658576309681,0.1911294922232628,0.0652,0.0,0.11256674,0.10246934,0.08048338,01,False,True
2024-25,2025-01-11,Vermont,1,0.9330470263957977,0.6194424033164978,1.5098136305809022,0.4911523759365082,0.2149948924779892,0.7556520640850067,24.93038558959961,16.328702926635742,36.9741466522217,0.050972092896699905,0.02387985903769732,0.09446199908852577,7.840117454528809,3.263169050216675,14.713418006896973,0.07876677811145782,0.013972595892846586,0.18060541003942496,0.0639,0.0,0.11203601,0.09380575,0.07503391,01,False,True
2024-25,2025-01-11,Vermont,2,0.9403256177902222,0.6148676455020905,1.7186504602432255,0.5159374475479126,0.2005472630262375,0.7569267451763153,24.126505851745605,14.522455215454102,38.63702659606934,0.0569451916962862,0.022954342886805534,0.1108538880944252,7.1653666496276855,2.9549198150634766,13.446864891052249,0.09047876670956612,0.021243536658585072,0.18452330380678178,0.0453,0.0,0.11125746,0.10216822,0.08090321,01,False,True
2024-25,2025-01-11,Wyoming,0,1.034820795059204,0.658598005771637,1.780587077140808,0.3853702247142792,0.12459580600261688,0.7060019493103027,26.814353942871094,14.697681427001953,39.892730712890625,0.17335954308509827,0.06313833594322205,0.37489184737205505,5.8455586433410645,2.3268925428390506,13.682283687591577,0.08085281401872635,0.01605117879807949,0.16985930502414703,0.0583,0.0,0.1124746,0.08671923,0.07315553,01,False,True
2024-25,2025-01-11,Wyoming,1,1.2127617597579956,0.7092958569526673,2.177786326408387,0.3937673270702362,0.11819007992744457,0.68822181224823,29.363388061523438,16.807233810424805,41.65898818969727,0.13686801493167877,0.05582062527537346,0.320853054523468,7.599611520767212,2.7189643383026123,18.53013038635254,0.0767359659075737,0.017706455662846565,0.16346540004014973,0.0506,0.0,0.11119128,0.08113824,0.06663436,01,False,True
2024-25,2025-01-11,Wyoming,2,1.1045531034469604,0.7375963926315308,1.775648832321167,0.364892840385437,0.15134435892105103,0.6140177845954895,27.913990020751953,16.654008865356445,41.24688415527344,0.1414937525987625,0.05837031453847885,0.3055027931928635,6.70160984992981,2.6146219968795776,14.910454750061035,0.06786961108446121,0.012933989055454731,0.14811423420906067,0.0513,0.0,0.11238273,0.07596915,0.06429919,01,False,True
2024-25,2025-01-25,Alaska,0,0.8912076950073242,0.616626501083374,1.3763542532920854,0.3248562514781952,0.07562220841646194,0.6465308547019962,25.64964485168457,12.554985046386719,42.871116638183594,0.1707618087530136,0.07106967270374298,0.2960946440696717,9.439764022827148,5.311272144317627,14.16664686203003,0.06415814906358719,0.014071501418948173,0.13910776376724243,0.0485,0.0,0.10998923,0.07241938,0.05660753,01,False,True
2024-25,2025-01-25,Alaska,1,0.9028677940368652,0.6170216798782349,1.352661347389222,0.3338564932346344,0.08623859286308289,0.5813004195690159,26.51611042022705,12.505776500701904,43.966026306152344,0.1569659188389778,0.06948526203632355,0.2665954381227494,10.08350658416748,5.247298240661621,15.797760963439941,0.060163550078868866,0.013676800765097141,0.13268053531646729,0.059,0.0,0.1091001,0.06740111,0.05442882,01,False,True
2024-25,2025-01-25,Alaska,2,0.8913881778717041,0.6178542971611023,1.3872621893882757,0.33137527108192444,0.0767685927450657,0.6090231060981752,28.15611457824707,13.702533721923828,45.08272132873535,0.17859435081481934,0.07933636009693147,0.30272260308265686,9.601634502410889,5.333432197570801,14.88575553894043,0.06360933929681778,0.011074165813624859,0.1413678526878357,0.0654,0.0,0.11242909,0.0704079,0.05477587,01,False,True
2024-25,2025-01-25,California,0,1.015465497970581,0.7039267420768738,1.3066966533660889,0.22267670184373856,0.039026856422424316,0.5133691906929018,28.82670307159424,16.000652313232422,45.1734504699707,0.2359074205160141,0.13701223731040954,0.3508104085922241,23.2048397064209,15.278191566467285,32.22734069824219,0.03661191090941429,0.009205789119005204,0.07690179347991943,0.0564,0.0,0.11073284,0.04318208,0.03771314,01,False,True
2024-25,2025-01-25,California,1,1.0270209312438965,0.8121370077133179,1.2406136274337771,0.1746515929698944,0.025768804177641883,0.38854965567588806,29.24019432067871,16.57689018249512,42.267539978027344,0.21647564321756363,0.13348887860774994,0.30466321110725403,25.245948791503906,17.18509407043457,33.278631973266606,0.03564945235848427,0.009920629672706127,0.07227755337953568,0.0539,0.0,0.11209256,0.04097748,0.0360152,01,False,True
2024-25,2025-01-25,California,2,1.0326719880104065,0.7993578314781189,1.2724943518638612,0.17920297384262085,0.02689528465270996,0.4470018446445465,27.02639389038086,14.527712917327884,44.07050094604494,0.2071349322795868,0.1371544823050499,0.2828938663005829,23.69512367248535,16.045217514038086,31.343425178527838,0.030857566744089127,0.00827174261212349,0.0636676698923111,0.063,0.0,0.11043315,0.03562111,0.03194736,01,False,True
2024-25,2025-01-25,New York,0,0.9573573470115662,0.6368443071842194,1.2815366744995118,0.30980612337589264,0.058410633355379105,0.6149943888187409,25.224802017211914,13.688216209411621,42.615570068359375,0.3026573061943054,0.15909361839294434,0.4948829472064972,16.99555778503418,10.450106811523439,23.846436500549316,0.058968450874090195,0.011863943189382553,0.12455427646636963,0.0636,0.0,0.11145669,0.06894789,0.05471191,01,False,True
2024-25,2025-01-25,New York,1,0.9849398732185364,0.6805597662925721,1.4630982875823975,0.3290243595838547,0.08162318170070648,0.6279062032699585,28.52928352355957,14.758678817749024,46.641766738891604,0.2607082724571228,0.1430496722459793,0.4019474893808366,17.514225959777832,10.388986015319825,24.988332748413086,0.048887621611356735,0.009535582736134534,0.11506940349936488,0.0743,0.0,0.1101554,0.06021032,0.04919636,01,False,True
2024-25,2025-01-25,New York,2,1.003904104232788,0.6374598145484924,1.560146772861481,0.35042792558670044,0.07701082155108452,0.6776540279388428,30.464580535888672,14.680855751037598,47.490440368652344,0.30484941601753235,0.15451817214488983,0.5061227202415467,16.995325088500977,9.983045864105225,25.116602706909184,0.06539785861968994,0.0127479899674654,0.14589884877204895,0.0577,0.0,0.11359587,0.07838798,0.06246164,01,False,True
2024-25,2025-01-25,Pennsylvania,0,1.132511854171753,0.9410638809204102,1.4344439506530762,0.25403112173080444,0.1087665781378746,0.4106824338436127,26.04294776916504,18.494468688964844,33.93000411987305,0.15587590634822845,0.10753424689173699,0.22865618765354156,21.85381507873535,13.893614959716798,30.164886474609375,0.03869638964533806,0.010476095881313086,0.07443679869174957,0.0429,0.0,0.11228576,0.04168022,0.0378967,01,False,True
2024-25,2025-01-25,Pennsylvania,1,1.1693259477615356,0.8433029890060426,1.5213213562965395,0.23081567138433456,0.04586401171982289,0.5154433846473694,33.56033706665039,21.918587875366214,44.324005889892575,0.2667045295238495,0.15336522310972214,0.40026615858078,4.797309398651123,3.0727683782577517,6.541004180908204,0.038696784526109695,0.010677762236446143,0.0799973137676716,0.0527,0.0,0.11137593,0.04446962,0.03904886,01,False,True
2024-25,2025-01-25,Pennsylvania,2,1.0300872325897217,0.7711752355098724,1.340438961982727,0.3552151322364807,0.13601145148277283,0.603108823299408,24.088025093078613,16.33525848388672,34.226318359375,0.2058999389410019,0.12542612850666046,0.34005061089992533,14.910928726196289,8.56196050643921,21.507917404174805,0.06200679764151573,0.01113053783774376,0.14544971436262139,0.0706,0.0,0.11284406,0.07825195,0.06582101,01,False,True
2024-25,2025-01-25,Vermont,0,0.8985404968261719,0.6357964992523193,1.4212055206298828,0.49552804231643677,0.22183310985565188,0.7445651471614839,23.654386520385742,15.374283504486085,34.31045913696289,0.07951680570840836,0.041687946766614914,0.14502008259296417,9.360893249511719,4.460334300994873,17.542394638061523,0.08010315895080566,0.015141948126256466,0.17323240190744413,0.0525,0.0,0.11400174,0.09288284,0.07296305,01,False,True
2024-25,2025-01-25,Vermont,1,0.9797768890857697,0.6643161177635193,1.432819128036499,0.3960021436214447,0.1070389710366726,0.702048045396805,25.002251625061035,16.022231674194337,36.26163597106934,0.07899586111307144,0.04397905096411705,0.12754673361778263,11.081619262695312,5.271075010299683,18.604677200317383,0.06868312507867813,0.01410440867766739,0.14696891605854034,0.0596,0.0,0.11210332,0.08105937,0.06514915,01,False,True
2024-25,2025-01-25,Vermont,2,0.9301274418830872,0.6212213814258576,1.6464827060699463,0.512578159570694,0.23018771409988403,0.756731528043747,24.408211708068848,15.07916259765625,37.487640380859375,0.07700309157371521,0.0412236787378788,0.13468272984027863,9.113485336303711,4.312741279602051,16.655580520629883,0.08595646172761917,0.01785720866173506,0.19202699363231662,0.0542,0.0,0.11412942,0.10116662,0.07708564,01,False,True
2024-25,2025-01-25,Wyoming,0,1.0299497842788696,0.6905973315238954,1.7531481981277466,0.3714826852083206,0.09904830157756805,0.6718987405300142,28.084064483642578,15.488815307617188,42.645023345947266,0.21484621614217758,0.11038856133818627,0.400545209646225,7.975008487701416,3.5893292665481566,15.12920093536377,0.06185372173786163,0.012767928652465343,0.13095299452543263,0.0578,0.0,0.11122814,0.073497,0.05983799,01,False,True
2024-25,2025-01-25,Wyoming,1,1.0491589307785034,0.6842414736747742,1.5902888774871826,0.3338240534067154,0.10385971516370773,0.6198911070823669,28.39226722717285,15.187943840026856,41.55971450805664,0.23227787762880325,0.116009920835495,0.4428543150424957,7.658972501754761,3.5513758659362793,12.836832046508789,0.06570137292146683,0.014764893800020218,0.13584707230329515,0.047,0.0,0.11430944,0.07638167,0.06137868,01,False,True
2024-25,2025-01-25,Wyoming,2,1.0253071784973145,0.6342371702194214,1.741073775291443,0.3580890893936157,0.08904980197548869,0.6681793510913849,26.625986099243164,14.587982177734375,41.76193466186524,0.25176310539245605,0.12315213531255724,0.4546930193901062,7.26053524017334,3.4247646808624275,13.480808448791505,0.06677843257784843,0.014869851991534233,0.14035929292440424,0.0459,0.0,0.11391032,0.07784043,0.06108596,01,False,True
2024-25,2025-02-01,Alaska,0,0.9480015635490417,0.6507980823516846,1.395166838169098,0.31478995084762573,0.08551818132400513,0.5867884635925293,25.414467811584473,12.697555160522462,42.17031631469727,0.15790000557899475,0.07707935646176338,0.26651638746261597,9.400619506835938,5.464333772659302,13.968450546264648,0.0612509548664093,0.014961462281644348,0.13080927729606628,0.0497,0.0,0.11208651,0.07296632,0.05785436,02,False,False
2024-25,2025-02-01,Alaska,1,0.8671454191207886,0.6248949885368347,1.3707835912704471,0.3432677686214447,0.1065669931471348,0.6159557163715363,25.311655044555664,13.341934490203858,42.00450744628906,0.20759797096252441,0.10141232907772064,0.34307886660099035,8.9390869140625,5.130001735687256,13.039714908599853,0.06250395439565182,0.01551315188407898,0.1335709422826767,0.0489,0.0,0.11334677,0.07420774,0.05620302,02,False,False
2024-25,2025-02-01,Alaska,2,0.9220829010009766,0.6465802311897278,1.2830097913742065,0.2776056230068207,0.06115605086088182,0.5349997520446778,27.371429443359375,13.812892532348632,43.71055221557617,0.183321051299572,0.08622303605079651,0.32192280888557434,10.114446640014648,5.960694932937622,14.75199241638184,0.052465759217739105,0.012332671880722047,0.11510204523801804,0.0516,0.0,0.11027831,0.06257087,0.05013563,02,False,False
2024-25,2025-02-01,California,0,1.0239439010620117,0.810577780008316,1.2304515838623047,0.17376773059368134,0.025872312858700754,0.41155949234962463,28.04033660888672,14.946422290802003,43.647003173828125,0.2775250971317291,0.17573311924934387,0.3906979739665986,23.81056022644043,16.189141464233398,31.147119331359864,0.03363537788391113,0.009173388592898846,0.06874629184603692,0.058,0.0,0.11300328,0.03888069,0.03515691,02,False,False
2024-25,2025-02-01,California,1,0.9821090698242188,0.7425656497478486,1.231600046157837,0.23255819082260132,0.03487859293818474,0.47586972713470466,23.841472625732422,12.346909618377685,39.09344100952149,0.2878548204898834,0.181237131357193,0.41282889246940613,23.69949436187744,16.199203491210938,31.28067398071289,0.03479510173201561,0.010409766249358656,0.06879226863384247,0.0477,0.0,0.1113434,0.03907223,0.03526557,02,False,False
2024-25,2025-02-01,California,2,1.0379130840301514,0.7999147176742554,1.2515958905220033,0.17944441735744476,0.030812472477555284,0.4090440064668657,28.85591697692871,16.220483589172364,43.65342712402344,0.25444504618644714,0.16039022505283357,0.36297935247421265,23.61857032775879,16.36108283996582,30.736496925354007,0.03482745960354805,0.010167730040848255,0.06749184876680374,0.0478,0.0,0.11107912,0.0389583,0.03518972,02,False,False
2024-25,2025-02-01,New York,0,1.0652876496315002,0.6791901588439941,1.5500295162200928,0.32380208373069763,0.08165310919284824,0.6208574414253236,33.77714157104492,18.222644424438478,48.90177917480469,0.2863280177116394,0.1523258537054062,0.44053418934345245,18.105112075805664,10.670203495025635,27.02872657775879,0.050616152584552765,0.011357992701232434,0.11129413768649102,0.0575,0.0,0.11258294,0.06071093,0.04995514,02,False,False
2024-25,2025-02-01,New York,1,0.9659956693649292,0.6626748502254486,1.300726580619812,0.28132104873657227,0.046769963204860696,0.5838652849197388,26.797292709350586,14.796042442321777,42.32383346557617,0.33019351959228516,0.18028555661439896,0.5008735060691833,17.703282356262207,10.799132156372071,24.94915142059326,0.04900513216853142,0.009900984074920419,0.10927902162075043,0.0659,0.0,0.11209772,0.05922074,0.05028523,02,False,False
2024-25,2025-02-01,New York,2,0.9587583541870117,0.700986260175705,1.318976640701294,0.29726937413215637,0.069820424169302,0.5394266843795776,28.428914070129395,16.290414810180664,43.87940521240235,0.32439659535884857,0.17927846312522888,0.5158301591873169,16.76426124572754,10.145982933044433,24.732616424560547,0.04950236342847347,0.011944333463907244,0.10215082913637162,0.0513,0.0,0.1123833,0.05663657,0.04868964,02,False,False
2024-25,2025-02-01,Pennsylvania,0,1.1337543725967407,0.7369815766811372,1.4537945985794067,0.25293028354644775,0.04244346320629122,0.616177374124527,32.039777755737305,22.256863594055176,42.8323356628418,0.29756268858909607,0.18298937529325485,0.44881065189838415,26.642822265625,15.442370414733888,37.11141586303711,0.05032273568212986,0.014304386358708145,0.09467199072241783,0.0356,0.0,0.1079182,0.05554902,0.04853044,02,False,False
2024-25,2025-02-01,Pennsylvania,1,1.1022337675094604,0.8314176201820374,1.4578760862350464,0.3086267411708832,0.11158495396375656,0.5441749095916748,28.519800186157227,19.589055252075195,39.69523162841798,0.2433338686823845,0.15503733903169634,0.35521273314952856,19.612475395202637,12.266257286071777,27.648815155029297,0.03767751529812813,0.009903233405202628,0.07672786861658097,0.0537,0.0,0.11068435,0.04308489,0.03814738,02,False,False
2024-25,2025-02-01,Pennsylvania,2,0.8934507668018341,0.6923486590385437,1.2384723544120788,0.382563054561615,0.1652146279811859,0.5863028705120088,22.658093452453613,15.042088508605957,33.650248336792,0.4802902042865753,0.25935980677604675,0.6993001103401184,13.405734062194824,8.938327884674072,18.046218872070312,0.0425830464810133,0.010390881076455118,0.08853689655661583,0.0538,0.0,0.11237462,0.04919814,0.04356525,02,False,False
2024-25,2025-02-01,Vermont,0,1.040554165840149,0.6620419263839722,1.5312196016311648,0.4335381090641022,0.13390731066465378,0.7540788054466248,25.691340446472168,16.302156257629395,36.630534744262704,0.09124687314033508,0.053586941212415695,0.14600181728601458,8.949860095977783,4.438798666000366,15.303465175628666,0.07704417407512665,0.01709825657308102,0.16612517088651663,0.0549,0.0,0.11039469,0.08837642,0.07083254,02,False,False
2024-25,2025-02-01,Vermont,1,1.0097786784172058,0.6777918934822083,1.4517459869384766,0.4135848581790924,0.12249037101864815,0.7119383811950684,26.678152084350586,17.777273178100586,37.28723907470703,0.10085541754961014,0.057432275265455246,0.16385228633880616,10.733444213867188,5.354408550262452,17.445498275756844,0.06723535805940628,0.010575499944388868,0.16208326816558838,0.0738,0.0,0.11309172,0.08153699,0.06497196,02,False,False
2024-25,2025-02-01,Vermont,2,1.0541952252388,0.6857289791107178,1.8200006484985352,0.4984367787837982,0.1773138999938965,0.7791938185691833,26.02897357940674,16.55684471130371,39.16800308227539,0.08320214226841927,0.04817592538893223,0.13417589664459229,9.505667686462402,4.735216379165649,15.662919330596925,0.07738746330142021,0.01628657802939415,0.17601531744003296,0.0533,0.0,0.11183253,0.08963118,0.07277685,02,False,False
2024-25,2025-02-01,Wyoming,0,1.0656529664993286,0.7391874372959137,1.5992343425750732,0.3351893573999405,0.09143139272928238,0.6231929123401643,26.038323402404785,15.073775291442871,40.96066665649414,0.2511591911315918,0.1341126561164856,0.42412060499191284,8.40489387512207,4.134279012680054,13.718423843383789,0.06543274968862534,0.016695379838347436,0.13101257383823395,0.0459,0.0,0.11316117,0.07343649,0.06139302,02,False,False
2024-25,2025-02-01,Wyoming,1,1.02658212184906,0.6821204900741578,1.5518845677375794,0.37252986431121826,0.11167085245251657,0.6612287163734436,28.149184226989746,15.280585289001465,43.03084297180176,0.3112832307815552,0.1575314849615097,0.5345954060554504,7.383452415466309,3.6856720447540283,12.331247901916507,0.0675116702914238,0.01608843356370926,0.14594504982233047,0.0462,0.0,0.11197138,0.07963621,0.06456339,02,False,False
2024-25,2025-02-01,Wyoming,2,0.9899380207061768,0.6407946944236755,1.52997921705246,0.39028899371623993,0.13269750922918322,0.6671814978122712,25.021174430847168,14.714699459075929,39.81384086608887,0.3050191104412079,0.15540792047977448,0.5241069197654724,7.402538776397705,3.7266101598739625,12.48509693145752,0.0672922432422638,0.015400721505284312,0.13959865272045135,0.0519,0.0,0.11095917,0.07493909,0.06057891,02,False,False
2024-25,2025-02-08,Alaska,0,0.8907418251037598,0.6267412066459656,1.4156346201896668,0.3657720685005188,0.10406416356563569,0.6048818707466127,28.1249942779541,16.21690368652344,43.46716766357423,0.21459439396858215,0.1070630356669426,0.3617660403251648,9.691075325012207,5.64749631881714,14.692464828491211,0.061988599598407745,0.012558297067880638,0.12744681537151337,0.0561,0.0,0.11200847,0.07047476,0.05555989,02,False,False
2024-25,2025-02-08,Alaska,1,0.9402556419372559,0.6462591648101806,1.4535364151000978,0.3275699317455292,0.06228228658437729,0.6230855584144592,27.658427238464355,16.004838943481445,43.45963668823242,0.18008466064929962,0.09298551082611084,0.2974636882543566,10.933220863342285,6.105646228790284,16.327163887023925,0.0578823946416378,0.010951078496873379,0.14092430472373962,0.0682,0.0,0.11197306,0.07315335,0.05691913,02,False,False
2024-25,2025-02-08,Alaska,2,0.9138116836547852,0.6272477686405182,1.385210394859314,0.35794222354888916,0.08245880156755447,0.6254246473312378,27.038705825805664,15.941683769226074,43.14523887634277,0.1980389803647995,0.09665520489215851,0.3122688829898834,10.027653217315674,6.057105541229248,14.792655944824219,0.06274692714214325,0.013392706401646139,0.13415195047855377,0.0512,0.0,0.11043916,0.07346645,0.05985854,02,False,False
2024-25,2025-02-08,California,0,0.9827525615692139,0.7533282041549683,1.1774954795837402,0.17963244765996933,0.02829698827117682,0.4274388253688812,26.538390159606934,14.1136625289917,41.49009704589844,0.2860455811023712,0.1766824573278427,0.40621155202388765,22.610754013061523,15.704414367675783,29.83225364685059,0.03421267867088318,0.01077775377780199,0.06750957667827606,0.0468,0.0,0.10973658,0.03896556,0.03468634,02,False,False
2024-25,2025-02-08,California,1,0.9994961023330688,0.7670697391033173,1.2023546695709229,0.17046041786670685,0.02363298460841179,0.4001297354698181,24.046855926513672,11.937951946258545,39.0539436340332,0.26738232374191284,0.1729980856180191,0.38368542492389685,22.610885620117188,15.377804851531984,29.597736358642578,0.034189846366643906,0.009035990666598081,0.07107696682214737,0.0584,0.0,0.11302367,0.03988125,0.03555555,02,False,False
2024-25,2025-02-08,California,2,1.0136631727218628,0.8242635488510132,1.1843514442443848,0.1403338611125946,0.018610291182994846,0.3321008294820787,26.913616180419922,13.650481224060059,41.59047317504883,0.26610712707042694,0.16403251141309738,0.38297465443611156,21.771408081054688,15.304779624938964,28.70128059387207,0.029077187180519104,0.0077112214639782906,0.06152164563536644,0.0675,0.0,0.11338877,0.03447473,0.03113144,02,False,False
2024-25,2025-02-08,New York,0,0.9948309659957886,0.7128135561943054,1.3462352752685547,0.24842612445354462,0.038259367644786844,0.5544828414916992,29.119762420654297,14.779072952270509,45.513311767578124,0.31867198646068573,0.18262362480163574,0.48578693568706516,18.507591247558594,11.956162452697754,25.132315063476565,0.0455610454082489,0.009643872268497944,0.1044781357049942,0.0685,0.0,0.11044914,0.05622423,0.04982167,02,False,False
2024-25,2025-02-08,New York,1,0.9115486443042755,0.6368093490600586,1.2262198209762574,0.29854366183280945,0.06960466727614403,0.5914274394512177,26.570650100708008,16.173116302490236,42.2154541015625,0.3271543085575104,0.19148573279380798,0.49634819924831397,20.69386863708496,12.4806547164917,30.579742431640625,0.05524851754307747,0.012945444323122503,0.1222817674279213,0.0573,0.0,0.111147,0.06660923,0.05402375,02,False,False
2024-25,2025-02-08,New York,2,0.9689720273017883,0.6879473924636841,1.2734845876693726,0.24382233619689941,0.04614120349287987,0.5333811640739441,27.610604286193848,14.796414184570313,43.09755172729492,0.32275789976119995,0.18113932162523272,0.5319851636886597,19.515398025512695,12.240047454833984,27.172657012939453,0.05017704889178276,0.01219668798148632,0.10373568460345281,0.0577,0.0,0.10991466,0.05828462,0.05081612,02,False,False
2024-25,2025-02-08,Pennsylvania,0,1.0111974477767944,0.7826471924781799,1.2454081416130067,0.23586300015449524,0.05988791212439537,0.4979548066854477,23.645221710205078,15.099825859069824,33.47920951843262,0.44084058701992035,0.27098196744918823,0.6446461081504822,14.782800197601318,9.227372074127198,20.255165100097656,0.04287134110927582,0.007113397587090731,0.10605522245168686,0.0806,0.0,0.11102727,0.0551012,0.04759663,02,False,False
2024-25,2025-02-08,Pennsylvania,1,1.0457580089569092,0.7861704289913178,1.3755516052246095,0.31634223461151123,0.1315660953521729,0.524334728717804,29.396915435791016,19.239809036254883,39.69316864013672,0.33617162704467773,0.20606622695922852,0.5223419666290284,20.244595527648926,12.405044555664062,28.677274703979492,0.04904969781637192,0.01008663205429913,0.10691740065813067,0.0652,0.0,0.10986601,0.05779853,0.05040527,02,False,False
2024-25,2025-02-08,Pennsylvania,2,1.0012118816375732,0.7450066328048706,1.317075836658478,0.34004274010658264,0.1389843687415123,0.5687443614006042,27.808828353881836,19.484413146972656,38.04205780029297,0.3553345501422882,0.21566949784755707,0.5424894690513611,16.962217330932617,10.724002838134766,23.14204216003418,0.04256533086299896,0.010570390149950981,0.08711303770542145,0.0506,0.0,0.11143122,0.04905888,0.04287375,02,False,False
2024-25,2025-02-08,Vermont,0,1.0899485349655151,0.7177294671535492,1.6981361150741578,0.4399574398994446,0.15790411233901977,0.7351371049880981,27.064800262451172,17.473700332641602,38.46504592895508,0.12211079150438309,0.070555629581213,0.19205134809017183,10.950977802276611,5.8718016147613525,17.248332977294922,0.07745581865310669,0.015470844227820638,0.16420280337333681,0.0592,0.0,0.11052203,0.08561897,0.07163597,02,False,False
2024-25,2025-02-08,Vermont,1,1.080578863620758,0.7451944351196289,1.6946591138839722,0.44755882024765015,0.17994083762168886,0.7254800200462341,26.00455665588379,17.81778163909912,35.88952293395996,0.1124686449766159,0.06870134696364402,0.1742357134819031,10.058491706848145,5.253317880630494,17.395774841308594,0.07944231480360031,0.01753789130598307,0.16442443430423737,0.0518,0.0,0.11045285,0.08522537,0.07057917,02,False,False
2024-25,2025-02-08,Vermont,2,1.0389761924743652,0.7006382048130035,1.54584379196167,0.4527111053466797,0.16662892699241638,0.7571555852890015,26.740537643432617,19.269121170043945,37.034099960327154,0.11946430429816246,0.0725324757397175,0.19549082219600677,12.139808654785156,6.3055860042572025,21.153533363342287,0.08209531009197235,0.020420142635703086,0.1632675975561142,0.0423,0.0,0.11346043,0.08870318,0.07280863,02,False,False
2024-25,2025-02-08,Wyoming,0,0.9588857591152191,0.631198388338089,1.6081739664077759,0.37060314416885376,0.10915264561772346,0.6565596461296082,26.76902961730957,14.931303024291992,42.665571212768555,0.30990278720855713,0.15841059982776645,0.5093626379966736,8.501128673553467,4.2778883934021,14.784162521362305,0.07241625338792801,0.015603050589561462,0.15393875539302826,0.0508,0.0,0.11284255,0.08267389,0.06620822,02,False,False
2024-25,2025-02-08,Wyoming,1,0.9579756557941437,0.6397396564483643,1.4370369434356691,0.3347460478544235,0.10710728168487549,0.6151541471481323,25.358055114746094,14.0212064743042,39.29103164672852,0.3047257363796234,0.15401966869831085,0.5219548106193543,7.649574518203735,4.113978672027588,12.262944221496582,0.06349904090166092,0.017650458961725235,0.1288811966776848,0.0364,0.0,0.11147683,0.07220742,0.06106094,02,False,False
2024-25,2025-02-08,Wyoming,2,0.9448726773262024,0.6571366190910339,1.5438103675842285,0.35841354727745056,0.10068394988775253,0.6375725865364075,26.28947353363037,15.94787311553955,40.401206970214844,0.3022593557834625,0.15614353120326996,0.5109588503837585,7.9385926723480225,4.0970552444458015,13.155588150024416,0.064518041908741,0.015354088507592678,0.13869787752628326,0.0476,0.0,0.11046627,0.07609815,0.06189697,02,False,False
2024-25,2025-02-15,Alaska,0,0.9728665351867676,0.6773873567581177,1.5861644744873047,0.36379188299179077,0.11118187755346298,0.6399547338485718,28.71806812286377,16.14701271057129,42.88149642944336,0.2158767282962799,0.11354231834411621,0.35157752931118014,11.224498748779297,6.269558000564576,16.77323341369629,0.06319442018866539,0.01340228533372283,0.13763699680566788,0.0538,0.0,0.10960087,0.07266397,0.05915207,02,False,False
2024-25,2025-02-15,Alaska,1,0.9704117774963379,0.6936945199966431,1.389885425567627,0.33364033699035645,0.08716036379337311,0.6257771611213685,27.546110153198242,16.628020668029787,40.96003799438477,0.1984793096780777,0.10475805401802063,0.317598769068718,9.728780746459961,5.610121536254883,14.146002769470215,0.05883406475186348,0.013650563545525074,0.11797291785478592,0.0519,0.0,0.10973563,0.06542139,0.05391596,02,False,False
2024-25,2025-02-15,Alaska,2,1.014653205871582,0.6969140410423279,1.6217377305030825,0.3318575918674469,0.09062259644269943,0.624596357345581,29.360946655273438,16.974833488464355,44.33362579345703,0.18418902158737183,0.09989592134952548,0.2871791422367096,10.305119514465332,5.99626727104187,15.233586311340332,0.06077749468386173,0.012877007480710747,0.13449831306934357,0.055,0.0,0.11241252,0.07051206,0.05831236,02,False,False
2024-25,2025-02-15,California,0,0.9789324998855591,0.7366573810577393,1.1862728834152223,0.16954989731311798,0.012044491525739432,0.4317954182624817,28.077844619750977,14.90947208404541,44.834024810791014,0.2674981504678726,0.16729357838630676,0.3801436424255371,24.547663688659668,17.4981559753418,31.6409854888916,0.032720647752285004,0.010021045710891487,0.06814573481678964,0.0467,0.0,0.10889295,0.03671444,0.03272987,02,False,False
2024-25,2025-02-15,California,1,0.9479739665985107,0.7436800122261048,1.1100009202957153,0.1702076494693756,0.022561568953096873,0.4135252982378007,21.21363639831543,11.152234077453613,35.16935729980469,0.30797141790390015,0.1906101405620575,0.4229326277971268,24.662433624267578,17.621774101257326,31.371956253051756,0.029520544223487377,0.008768447674810886,0.061838633194565805,0.055,0.0,0.11109972,0.03426062,0.03079427,02,False,False
2024-25,2025-02-15,California,2,0.9940953254699707,0.8047100126743316,1.1542327761650086,0.13359714299440384,0.015653729345649486,0.32041984796524053,20.523193359375,7.934748649597168,35.33963394165039,0.27933962643146515,0.17356891483068465,0.3844536244869232,23.15498447418213,16.716994285583496,29.869053459167482,0.029212284833192825,0.008075021952390671,0.059486646205186844,0.0582,0.0,0.10831518,0.03316298,0.03000031,02,False,False
2024-25,2025-02-15,New York,0,0.920853465795517,0.6444563269615173,1.2680094122886658,0.31090641021728516,0.0784034609794617,0.5854647159576416,26.29286289215088,15.360225677490234,40.535736083984375,0.30535462498664856,0.1818465143442154,0.4602189868688585,17.69500160217285,11.068735885620118,24.434152603149414,0.055810634046792984,0.013017918355762959,0.11937811970710754,0.0549,0.0,0.10872202,0.06552473,0.05473802,02,False,False
2024-25,2025-02-15,New York,1,0.9810432195663452,0.6740323305130005,1.4435622811317448,0.29696059226989746,0.06891854852437973,0.5813081860542297,31.96230125427246,17.02724094390869,48.70232276916504,0.3374592363834381,0.19744711518287658,0.5024657309055328,18.213561058044434,10.881037712097168,26.994373321533203,0.05596737936139107,0.011596619244664909,0.121669702231884,0.0597,0.0,0.10936485,0.06550263,0.05539059,02,False,False
2024-25,2025-02-15,New York,2,0.9372012913227081,0.6359627187252045,1.3143737077713014,0.3065733462572098,0.06762044876813889,0.6037792563438416,28.154064178466797,16.076573371887207,46.06855010986328,0.3374102711677551,0.19701290130615234,0.5132321119308472,16.879374504089355,11.038105964660645,23.036523818969727,0.05193980410695076,0.013179821334779265,0.10644220188260078,0.0458,0.0,0.11024998,0.05888847,0.04810057,02,False,False
2024-25,2025-02-15,Pennsylvania,0,1.028817594051361,0.8342418730258941,1.2698641061782838,0.2233484610915184,0.05651605501770975,0.43308212459087375,28.843000411987305,19.321479988098144,40.30167770385742,0.46953365206718445,0.3016050517559052,0.6674859523773193,17.25334930419922,10.360054683685302,25.191440773010257,0.036579059436917305,0.008508597221225501,0.0788632869720459,0.0627,0.0,0.1123004,0.04367543,0.03927318,02,False,False
2024-25,2025-02-15,Pennsylvania,1,1.0558751225471497,0.7860227227210999,1.3545663952827454,0.23088473081588745,0.043464578688144684,0.51962251663208,28.764204025268555,17.46648998260498,42.083675384521484,0.4437623471021652,0.2765452265739441,0.6386296689510346,14.169048309326172,8.725741386413574,20.52413406372071,0.05321856774389744,0.011320698726922275,0.1201157256960869,0.0595,0.0,0.11291665,0.06384043,0.05480474,02,False,False
2024-25,2025-02-15,Pennsylvania,2,1.0682986974716187,0.7029341459274292,1.5332856774330141,0.3310081362724304,0.09091859310865402,0.6415523052215577,31.126670837402344,19.73328971862793,44.42954711914063,0.42037467658519745,0.24994181096553802,0.6340102136135103,16.07536506652832,9.983030319213867,22.569581985473636,0.05789503827691078,0.01148107498884201,0.13185364902019503,0.0618,0.0,0.11318358,0.06951969,0.05802999,02,False,False
2024-25,2025-02-15,Vermont,0,1.0687646865844727,0.6947123289108277,1.5269531965255738,0.4319257587194443,0.1359141305088997,0.7429779887199403,28.06584644317627,19.90141544342041,38.61298484802247,0.12538844347000122,0.07693605348467827,0.19254977703094484,12.13144588470459,6.585391521453857,19.059733772277834,0.06604298204183578,0.011451925523579123,0.15474586337804797,0.0713,0.0,0.11096818,0.08132775,0.06886834,02,False,False
2024-25,2025-02-15,Vermont,1,0.9132387936115265,0.6414645552635193,1.5320466160774233,0.544547438621521,0.26108333468437195,0.7812028229236605,27.127015113830566,19.321684646606446,36.84200325012207,0.1237482875585556,0.0773641511797905,0.18882198631763458,12.086173057556152,6.605937242507935,18.613447380065917,0.07168816775083542,0.017267826944589615,0.14720112234354024,0.0463,0.0,0.11188637,0.08358941,0.0697955,02,False,False
2024-25,2025-02-15,Vermont,2,1.020179569721222,0.6589374542236328,1.768757236003876,0.48495030403137207,0.22202491313219072,0.7547575175762177,27.444469451904297,18.400214004516602,39.47369384765625,0.12776809930801392,0.07502023875713348,0.19718368500471115,12.53679084777832,6.6569174289703374,19.335398864746104,0.07955528050661087,0.01937967911362648,0.16036541759967804,0.0407,0.0,0.10932658,0.09099603,0.07577503,02,False,False
2024-25,2025-02-15,Wyoming,0,1.0142592787742615,0.7066568017005921,1.460734474658966,0.3002086579799652,0.08829051852226258,0.5653420805931092,26.890877723693848,15.769213199615479,41.20667228698731,0.33154934644699097,0.17589891999959945,0.5725787878036499,8.090011596679688,4.438086748123169,12.711941719055176,0.05761064775288105,0.014644565340131522,0.11959398463368416,0.045,0.0,0.11036024,0.06593958,0.05679937,02,False,False
2024-25,2025-02-15,Wyoming,1,0.9397116601467133,0.6388598382472992,1.5249217510223392,0.3756265938282013,0.11550186648964882,0.6497602224349976,27.477996826171875,17.016374588012695,41.909967041015626,0.3350433111190796,0.17662946283817293,0.547241747379303,8.969218254089355,4.66726016998291,14.561800003051758,0.06251168251037598,0.014989846665412188,0.12898120284080505,0.0455,0.0,0.11228804,0.07062622,0.05996079,02,False,False
2024-25,2025-02-15,Wyoming,2,0.9894511699676514,0.6532230019569397,1.3992939949035645,0.301627054810524,0.06428128704428673,0.6089143872261048,28.276630401611328,15.777037715911867,43.36908073425293,0.3684955835342407,0.19194575548171997,0.6063898801803589,8.837298393249512,4.778591680526733,14.552032756805422,0.05482828989624977,0.01088324971497059,0.12336654663085939,0.0604,0.0,0.11302733,0.06651529,0.05589223,02,False,False
2024-25,2025-02-22,Alaska,0,1.0223585963249207,0.7049999356269836,1.4951919794082642,0.33632373809814453,0.08515766263008118,0.6217685520648958,29.62814426422119,18.727834701538086,43.0243450164795,0.19456147402524948,0.10548476800322534,0.3025195837020874,9.640295028686523,5.735316610336304,14.364731788635254,0.06030905991792679,0.014418383128941063,0.12640821486711507,0.0504,0.0,0.11041413,0.07133315,0.06148177,02,False,False
2024-25,2025-02-22,Alaska,1,1.0477360486984253,0.7190437495708466,1.6946170806884768,0.336509644985199,0.09916642457246781,0.6270828247070312,30.242759704589844,19.486771392822266,44.162250518798835,0.19029001891613007,0.09898748248815536,0.3117019802331925,11.346205234527588,6.441845417022705,17.374452590942383,0.05900150537490845,0.011526662856340408,0.12890188097953797,0.0671,0.0,0.11032697,0.07176926,0.06251588,02,False,False
2024-25,2025-02-22,Alaska,2,0.9665217399597168,0.6846084892749786,1.3059376120567323,0.30413100123405457,0.08785688206553459,0.5706856846809387,27.06960964202881,16.259886741638184,39.615482330322266,0.2709015905857086,0.1456853434443474,0.43207485377788557,10.392824172973633,6.113566112518311,15.747026443481447,0.0575714111328125,0.013337856344878675,0.122172512114048,0.0498,0.0,0.11385739,0.06814538,0.05824223,02,False,False
2024-25,2025-02-22,California,0,0.935353010892868,0.7386301159858704,1.1160067319869995,0.14284276962280273,0.01411016471683979,0.3464966118335724,25.13837432861328,10.265166759490967,42.68642044067383,0.32593174278736115,0.1981123462319374,0.46670857071876526,24.81548309326172,17.277852630615236,32.301246643066406,0.031239690259099007,0.009288938716053963,0.06229770556092262,0.047,0.0,0.1098151,0.03411514,0.03023502,02,False,False
2024-25,2025-02-22,California,1,0.9160923361778259,0.7109344601631165,1.1134382486343384,0.17673885822296143,0.026738591492176056,0.38157233595848083,24.82974624633789,11.430379867553711,41.97557067871094,0.3233272135257721,0.20598353445529938,0.441425421833992,25.391942977905273,17.977888107299805,33.388336181640625,0.03443010896444321,0.009925673715770245,0.06765978559851649,0.0496,0.0,0.11123268,0.0375954,0.03290124,02,False,False
2024-25,2025-02-22,California,2,0.9026248455047607,0.7045280933380127,1.0940988063812256,0.19812697172164917,0.031333022937178615,0.4203583151102067,23.18114185333252,12.15428056716919,38.83708534240723,0.30452629923820496,0.1977694183588028,0.43584635853767395,25.930423736572266,18.478878402709963,33.51152038574219,0.03410661965608597,0.00990785285830498,0.06793191283941269,0.0482,0.0,0.1108281,0.03811373,0.03410951,02,False,False
2024-25,2025-02-22,New York,0,0.9093446731567383,0.6545368432998657,1.2009702920913696,0.24526701867580414,0.055065691471099854,0.5001358389854431,26.80355167388916,14.909873962402344,42.05536460876465,0.3551473319530487,0.19834929704666138,0.5254639983177185,18.029491424560547,11.878860473632812,24.311250686645508,0.04969094693660736,0.011057790275663143,0.11407088488340378,0.0567,0.0,0.11282448,0.05921709,0.04947524,02,False,False
2024-25,2025-02-22,New York,1,0.7861484289169312,0.6000000238418579,1.1349354982376099,0.40715473890304565,0.13532006740570068,0.6434694409370423,26.272318840026855,17.28507423400879,40.222923278808594,0.3635233938694,0.21622267365455627,0.5207798957824707,19.17306900024414,12.051555633544922,28.06852912902832,0.05550168827176094,0.013803219422698021,0.11179939657449722,0.0455,0.0,0.11118948,0.06216296,0.04882428,02,False,False
2024-25,2025-02-22,New York,2,0.9895347356796265,0.6724732518196106,1.3362890481948853,0.23291242122650146,0.02274276874959469,0.5797231793403625,34.55546569824219,18.985088348388672,48.96133804321289,0.33767707645893097,0.19238650798797607,0.5058824419975281,18.78018569946289,12.199418258666993,25.68950080871582,0.045429330319166183,0.009896195214241742,0.09789425879716873,0.0615,0.0,0.10885926,0.05245367,0.04500749,02,False,False
2024-25,2025-02-22,Pennsylvania,0,0.9585224390029907,0.6414311170578003,1.308641600608826,0.334483802318573,0.07637928426265717,0.6351269364356995,30.430919647216797,19.284251976013184,45.975877380371095,0.5403658151626587,0.33455267548561096,0.7696848511695862,14.886816024780273,9.391131973266601,20.833250045776367,0.06032138504087925,0.015394533984363079,0.11906814575195312,0.047,0.0,0.11008725,0.06734495,0.05622916,02,False,False
2024-25,2025-02-22,Pennsylvania,1,1.0276072025299072,0.7830667018890382,1.289807915687561,0.2271948605775833,0.04449227452278137,0.44386348128318787,31.080501556396484,20.662506103515625,43.32147903442383,0.47653913497924805,0.30233459174633026,0.6761071741580964,19.16260528564453,11.736660957336426,27.635912704467778,0.042637791484594345,0.009890264831483364,0.09427358359098437,0.0605,0.0,0.11021849,0.05174729,0.04530645,02,False,False
2024-25,2025-02-22,Pennsylvania,2,0.9541888535022736,0.6264504790306091,1.530276679992676,0.3834249973297119,0.10005735680460932,0.665817379951477,31.94573974609375,19.647663116455078,48.419173431396494,0.58265620470047,0.3552532196044922,0.7955062925815584,16.1101016998291,9.559967517852783,24.132521820068384,0.05724699795246124,0.01145264320075512,0.12662977576255802,0.0608,0.0,0.11106793,0.06669914,0.05451794,02,False,False
2024-25,2025-02-22,Vermont,0,0.9786381721496582,0.6385484933853149,1.6889395356178285,0.49244269728660583,0.2099587321281433,0.7602121829986572,26.0430908203125,18.260522842407227,35.75834617614746,0.13073238730430603,0.08375069051980973,0.2013678148388863,13.100004196166992,7.0237561702728275,20.81723976135254,0.07820729166269302,0.01883847825229168,0.160518279671669,0.0381,0.0,0.10953099,0.08920844,0.07136867,02,False,False
2024-25,2025-02-22,Vermont,1,1.0129485130310059,0.6497272312641144,1.7480997920036316,0.4592595100402832,0.18808318674564362,0.7300987839698792,26.567426681518555,17.783571434020995,37.14496040344239,0.1314055323600769,0.08288919627666473,0.20043777823448186,12.235601425170898,6.908855056762696,18.62650489807129,0.08276223763823509,0.019515283033251788,0.17123964130878452,0.0501,0.0,0.11326463,0.09462761,0.07376975,02,False,False
2024-25,2025-02-22,Vermont,2,1.1196762323379517,0.6944354116916657,1.6484047889709477,0.41033512353897095,0.12343352362513545,0.7344874739646912,28.610004425048828,19.347131729125977,39.40927505493164,0.11758624762296677,0.07928882315754891,0.16791783571243288,13.292462825775146,7.617629432678223,20.046106338500977,0.068763367831707,0.012631653808057308,0.14862298965454102,0.0625,0.0,0.11091941,0.08040408,0.06697652,02,False,False
2024-25,2025-02-22,Wyoming,0,1.0819575786590576,0.726748263835907,1.559700286388398,0.27851760387420654,0.053376843407750146,0.5643390119075775,28.515539169311523,15.635637664794922,42.08134460449219,0.37239715456962585,0.20143349468708038,0.6055292248725892,9.619078636169434,4.99815034866333,15.987517356872559,0.053181324154138565,0.010673891473561526,0.11573100835084915,0.0629,0.0,0.11029777,0.06290555,0.0523368,02,False,False
2024-25,2025-02-22,Wyoming,1,1.0710443258285522,0.6835082173347473,1.9903478026390082,0.3984204977750778,0.15164101123809814,0.6590913534164429,28.497425079345703,18.386573791503906,40.47107620239258,0.32091858983039856,0.18571503162384034,0.5181406140327454,8.56986141204834,4.58766655921936,14.047395706176758,0.0675080195069313,0.015745321474969393,0.1346282452344895,0.0428,0.0,0.11046103,0.07429733,0.06024697,02,False,False
2024-25,2025-02-22,Wyoming,2,0.9955257177352905,0.6733330011367799,1.5986857891082764,0.3967701345682144,0.1765432432293892,0.6376368999481201,27.8300838470459,17.413582611083985,42.08427619934083,0.36062973737716675,0.20204793512821198,0.5672432780265808,8.05707597732544,4.630145883560181,11.777847290039062,0.06793519109487534,0.015858833305537702,0.13800019025802612,0.0421,0.0,0.11068557,0.07586314,0.06007983,02,False,False
2024-25,2025-03-01,Alaska,0,0.9435374736785889,0.6608507633209229,1.3511985421180726,0.3216995894908905,0.08978871405124665,0.6022215485572815,28.64351749420166,18.076709747314453,43.085259246826176,0.23747006058692932,0.12931193858385087,0.3704812228679657,10.222623825073242,6.161323595046998,14.792654991149902,0.05813022330403328,0.013654712587594986,0.1185622587800026,0.0503,0.0,0.11139175,0.06715256,0.05808084,03,False,False
2024-25,2025-03-01,Alaska,1,1.026776909828186,0.7202630043029785,1.3836385726928713,0.2800656855106354,0.07807192206382751,0.5583233833312988,28.89145565032959,18.568088340759278,41.584530258178724,0.18421299755573273,0.10430215299129486,0.28773728013038635,10.90935230255127,6.402336120605469,16.54811420440674,0.05397121608257294,0.01297621922567487,0.11630725860595703,0.0523,0.0,0.11212566,0.06539076,0.05681055,03,False,False
2024-25,2025-03-01,Alaska,2,1.0054601430892944,0.6834285140037537,1.4454026341438293,0.32138538360595703,0.09193912148475647,0.5935858488082886,30.392723083496094,18.78729248046875,44.85358428955078,0.2106005623936653,0.1139419674873352,0.32766324281692505,11.023650169372559,6.5815749168396,15.870078086853027,0.056506482884287834,0.011785772629082203,0.12513805329799657,0.0589,0.0,0.1120988,0.06778265,0.05767667,03,False,False
2024-25,2025-03-01,California,0,0.9196278154850006,0.6973381280899048,1.1036342024803163,0.141657292842865,0.016147058643400672,0.37215960025787354,26.25577735900879,12.144010734558107,44.20346374511719,0.3120654970407486,0.18664901852607726,0.44807448387146,23.750431060791016,16.884376525878906,30.975049972534183,0.03454885818064213,0.011923894099891186,0.06422703713178635,0.0367,0.0,0.11205609,0.03648996,0.03183086,03,False,False
2024-25,2025-03-01,California,1,0.9128377437591553,0.7254503190517425,1.093449330329895,0.14446310698986053,0.015183528512716309,0.3458975613117219,24.27057933807373,11.089169311523438,42.28299827575684,0.3152187615633011,0.20166674703359605,0.4464365184307099,24.084444046020508,17.198815536499023,31.61874465942383,0.0320310965180397,0.011034622136503459,0.06018690243363381,0.0414,0.0,0.11083247,0.03478442,0.03090614,03,False,False
2024-25,2025-03-01,California,2,0.9157978594303131,0.7198076248168945,1.0935297012329102,0.1363755613565445,0.014760631602257495,0.3329012840986252,21.647536277770996,8.296979904174805,38.32126235961914,0.3222292512655258,0.19132749289274217,0.46540706753730776,27.013769149780273,18.836155700683594,34.76205825805664,0.031319500878453255,0.010982619598507881,0.05736831836402418,0.0365,0.0,0.11193507,0.03273214,0.02890343,03,False,False
2024-25,2025-03-01,New York,0,0.9091477990150452,0.6373444736003876,1.1566191673278812,0.2395017296075821,0.048147719353437424,0.4990808665752411,24.81849479675293,14.365043926239014,38.16909675598145,0.3901864290237427,0.2271369904279709,0.6019574999809265,21.985965728759766,14.140904712677003,29.567056274414064,0.04577505961060524,0.011235769372433426,0.09398522675037387,0.0537,0.0,0.11289293,0.05228402,0.04465595,03,False,False
2024-25,2025-03-01,New York,1,0.8664346635341644,0.6261332035064697,1.203632116317749,0.3097122609615326,0.09512095451354982,0.539070987701416,26.21456527709961,13.645971298217773,43.73173027038575,0.42349523305892944,0.23271554559469226,0.6610477149486542,17.482213973999023,11.414788150787354,23.043941497802734,0.05117424950003624,0.013168636709451675,0.10229879766702654,0.0471,0.0,0.11202471,0.05635402,0.04687541,03,False,False
2024-25,2025-03-01,New York,2,0.9130453169345856,0.6353368580341339,1.3511942625045776,0.3086555004119873,0.0614202380180359,0.5982080698013306,31.285625457763672,18.27523193359375,48.18856201171875,0.34637176990509033,0.20021070539951324,0.5237578749656677,16.442917823791504,11.298661994934083,21.960974884033202,0.054843684658408165,0.012873884290456772,0.11480764299631119,0.0564,0.0,0.11269658,0.06287252,0.05156989,03,False,False
2024-25,2025-03-01,Pennsylvania,0,1.0040541887283325,0.7341256737709045,1.2428285956382752,0.21549953520298004,0.03890011236071587,0.48997144103050233,25.4143009185791,15.256681442260742,36.250135040283205,0.5039864778518677,0.3261703550815582,0.7445818185806274,21.389615058898926,13.39262056350708,30.14491767883301,0.03868652135133743,0.008035376854240895,0.08583878353238107,0.0729,0.0,0.11200613,0.04589475,0.03999974,03,False,False
2024-25,2025-03-01,Pennsylvania,1,1.0088806748390198,0.6428124904632568,1.7516359090805054,0.41652414202690125,0.15193841457366947,0.6872148334980012,36.247392654418945,20.892187118530273,51.68245315551758,0.5708824694156647,0.3530099391937256,0.797354578971863,15.238551139831543,9.985432624816895,20.381101989746092,0.051663339138031006,0.012850861158221963,0.1073593944311142,0.0486,0.0,0.11017293,0.05854276,0.04796206,03,False,False
2024-25,2025-03-01,Pennsylvania,2,0.8402457535266876,0.6116364300251007,1.1828407049179077,0.3965460807085037,0.15851159244775773,0.6444358110427858,27.048481941223145,19.211064529418945,37.32400627136231,0.5261657238006592,0.3583515018224716,0.7069492757320405,16.973434448242188,10.8602840423584,23.128227424621585,0.06421834230422974,0.012340598087757827,0.138458751142025,0.0636,0.0,0.11282481,0.07422207,0.05839597,03,False,False
2024-25,2025-03-01,Vermont,0,0.9441431164741516,0.6321474552154541,1.6767106413841253,0.478447824716568,0.23866203129291536,0.7315929055213928,26.333511352539062,17.335275650024414,38.05327033996582,0.13710831105709076,0.0874822735786438,0.20572909712791443,12.7089262008667,7.2534647464752195,19.343212127685547,0.07151902094483376,0.01737375520169735,0.1462040826678277,0.0444,0.0,0.11224154,0.07937314,0.06440831,03,False,False
2024-25,2025-03-01,Vermont,1,0.9725713729858398,0.646651440858841,1.5255579948425293,0.3947557508945465,0.11624698117375375,0.6830121278762817,27.543251991271973,18.627939224243164,39.7968807220459,0.13713803887367249,0.08658978343009949,0.2039800688624382,15.74378776550293,8.843036079406739,23.42732982635498,0.06350501626729965,0.014043709263205528,0.13570834249258043,0.0538,0.0,0.10895347,0.06920037,0.05770046,03,False,False
2024-25,2025-03-01,Vermont,2,1.0310002565383911,0.6617392897605896,1.6596894264221191,0.4180871695280075,0.14569079875946045,0.7201640009880066,27.294105529785156,17.23138999938965,39.715766525268556,0.13463255763053894,0.0832622803747654,0.21099660545587542,13.441682815551758,7.541482830047608,20.048846244812015,0.06237775459885597,0.01281765885651112,0.13625165671110157,0.0581,0.0,0.11005922,0.07235688,0.06036107,03,False,False
2024-25,2025-03-01,Wyoming,0,0.9881360828876495,0.6700743854045869,1.763242483139038,0.3377704918384552,0.08693278580904007,0.6004566371440888,29.108248710632324,17.78598403930664,43.35434341430664,0.35729190707206726,0.1849503219127655,0.5821424186229707,8.739204406738281,4.81643533706665,13.3961820602417,0.058881016448140144,0.01374597568064928,0.12268629521131516,0.0529,0.0,0.11086988,0.06775412,0.05692319,03,False,False
2024-25,2025-03-01,Wyoming,1,0.904245913028717,0.6265765964984894,1.3537463903427127,0.37262631952762604,0.1132783368229866,0.6369251608848572,25.809654235839844,15.453962326049805,39.03269767761232,0.38636499643325806,0.20892538875341415,0.6058491706848145,7.5027008056640625,4.408941078186035,11.371594429016115,0.06552190333604813,0.01442712638527155,0.14060960710048676,0.0549,0.0,0.11042704,0.07742466,0.0639415,03,False,False
2024-25,2025-03-01,Wyoming,2,0.9308845102787018,0.6509473919868469,1.3853612661361696,0.27238112688064575,0.061553267017006884,0.5366073250770569,26.046446800231934,15.437254905700684,38.66935005187989,0.44164371490478516,0.21659804433584215,0.7005432844161987,8.331232070922852,4.87493371963501,12.373289108276367,0.05617513135075569,0.012685451935976744,0.12502650171518326,0.0544,0.0,0.11033623,0.06778487,0.05753575,03,False,False
2024-25,2025-03-08,Alaska,0,1.0102165341377258,0.7112613320350647,1.5186614990234375,0.27896206080913544,0.07246407866477966,0.5683952689170838,28.177305221557617,17.303088569641112,42.028450393676756,0.22088633477687836,0.12103153765201569,0.34279733896255493,11.052507400512695,6.694948959350587,15.780168533325195,0.058111151680350304,0.015467743389308453,0.11563543751835824,0.0407,0.0,0.11107386,0.06670172,0.05695718,03,False,False
2024-25,2025-03-08,Alaska,1,1.021429181098938,0.7341535091400146,1.4411283016204834,0.2604140490293503,0.05552756004035473,0.5263341069221497,27.22341823577881,14.048777198791504,41.35805130004883,0.24385955184698105,0.13693779706954956,0.35804046392440797,12.47935438156128,7.67443642616272,18.636913871765138,0.05026966892182827,0.010996600333601236,0.11116551384329801,0.0635,0.0,0.11210069,0.06026443,0.05109583,03,False,False
2024-25,2025-03-08,Alaska,2,0.9577344655990601,0.6887447595596313,1.3723368883132936,0.31916818022727966,0.10814672186970711,0.5587895810604095,29.33083724975586,18.5364465713501,42.06947326660156,0.23337360471487045,0.12856004536151885,0.3564145863056183,10.813579082489014,6.780708169937134,15.359830474853517,0.0601738803088665,0.01474457923322916,0.12268483638763428,0.0461,0.0,0.11160389,0.06906429,0.05758543,03,False,False
2024-25,2025-03-08,California,0,0.8877499103546143,0.7033060193061829,1.065496802330017,0.16174963116645813,0.02557775191962719,0.35138288438320175,22.724252700805664,8.8633939743042,38.53921890258789,0.3586205840110779,0.21149489283561707,0.5248407125473024,25.826619148254395,19.15034770965576,32.62443771362305,0.032742926850914955,0.010783477686345577,0.05889647454023361,0.0363,0.0,0.11145919,0.03466525,0.02994521,03,False,False
2024-25,2025-03-08,California,1,0.8995223045349121,0.7367143034934998,1.0707570791244507,0.14506209641695023,0.02565579563379288,0.30356675684452056,21.50156021118164,8.70573778152466,39.074127197265625,0.3432057350873947,0.2122807800769806,0.4889490306377411,23.08968734741211,16.7635555267334,29.17121620178223,0.031459204852581024,0.010849449783563614,0.05954534001648429,0.0418,0.0,0.11005592,0.03406479,0.03030031,03,False,False
2024-25,2025-03-08,California,2,0.9039776921272278,0.725168764591217,1.0793014764785767,0.14788421988487244,0.019950006157159805,0.33597644269466403,23.339977264404297,9.93971395492554,43.12788772583008,0.33939485251903534,0.21365883946418762,0.4757492363452912,22.75978660583496,16.094091796875002,29.449302673339844,0.03022243920713663,0.009810520336031914,0.05685161501169206,0.0453,0.0,0.10868045,0.03283697,0.02998082,03,False,False
2024-25,2025-03-08,New York,0,0.9551330208778381,0.657377052307129,1.2683262228965764,0.23690640926361084,0.04018576443195343,0.5176784336566926,29.779029846191406,15.824179649353027,46.742733001708984,0.33629924058914185,0.19617068767547607,0.5249227285385132,17.265216827392578,11.805826187133789,22.855393791198733,0.044313132762908936,0.011254774406552315,0.09357289969921112,0.0582,0.0,0.11110641,0.05146197,0.04438321,03,False,False
2024-25,2025-03-08,New York,1,0.9052731990814209,0.6478452086448669,1.2077316641807556,0.26329705119132996,0.06237104013562203,0.5249439477920532,26.426609992980957,15.071716499328616,39.903158569335936,0.34126827120780945,0.2026986509561539,0.4969620734453202,19.057497024536133,12.69467830657959,25.506134414672854,0.0407797172665596,0.00939418133348227,0.08848325163125992,0.0681,0.0,0.1118405,0.04822102,0.04092849,03,False,False
2024-25,2025-03-08,New York,2,0.8951568007469177,0.6524649262428284,1.1185603141784668,0.22314266860485077,0.032590821385383606,0.5021145939826965,26.108145713806152,15.612448692321777,39.317176818847656,0.3994602560997009,0.24529007375240328,0.5864236950874329,18.363914489746094,12.746880531311035,23.879896354675296,0.04075847938656807,0.01012057438492775,0.08536323830485344,0.0551,0.0,0.11231899,0.04686284,0.03980237,03,False,False
2024-25,2025-03-08,Pennsylvania,0,1.016162633895874,0.7806147634983063,1.3123212695121766,0.16730964183807373,0.009177529439330112,0.4241614162921906,36.47084426879883,22.75519371032715,49.00800170898438,0.571824699640274,0.36109674274921416,0.7950832426548005,18.208515167236328,11.79484920501709,25.80396842956543,0.04096242040395737,0.009939449839293957,0.08153292313218118,0.0537,0.0,0.11088294,0.0452128,0.04051186,03,False,False
2024-25,2025-03-08,Pennsylvania,1,0.7719153761863708,0.6051161289215088,1.0584233164787293,0.42631250619888306,0.15749188959598542,0.6358470916748047,24.395061492919922,17.328075408935547,31.90181865692139,0.6516925096511841,0.4604906499385834,0.8421024262905121,19.352599143981934,12.708763885498048,25.834434509277344,0.04281766153872013,0.011608653701841831,0.08288759738206863,0.0405,0.0,0.11159909,0.04681415,0.03817889,03,False,False
2024-25,2025-03-08,Pennsylvania,2,0.9800836443901062,0.6535704731941223,1.2921711206436157,0.29222044348716736,0.0814748965203762,0.5528043508529663,29.596888542175293,18.89720573425293,44.016082763671875,0.503606915473938,0.31839018166065225,0.7246963381767273,15.06486701965332,10.095192527770996,20.356305503845217,0.04737991467118263,0.01107970075681806,0.0952003225684166,0.052,0.0,0.11128324,0.05293533,0.04418863,03,False,False
2024-25,2025-03-08,Vermont,0,1.0968064069747925,0.7083292543888092,1.6990678787231446,0.36096590757369995,0.11653795018792155,0.655184668302536,28.470746994018555,18.261783599853516,39.084205627441406,0.1371486634016037,0.09265792369842529,0.19994080066680908,12.5538010597229,7.779055118560791,17.240249633789062,0.06740989908576012,0.016064787283539772,0.1400067985057831,0.0517,0.0,0.11366139,0.07688255,0.06410273,03,False,False
2024-25,2025-03-08,Vermont,1,0.9516374468803406,0.6501160979270936,1.630061173439027,0.47218427062034607,0.20802946388721466,0.7212591767311096,27.824070930480957,19.403858757019044,36.279642868042,0.1397111639380455,0.09223753958940506,0.2032095044851303,15.521439552307129,8.80887222290039,23.178333282470703,0.06558467447757721,0.014339136891067028,0.13458860814571386,0.0555,0.0,0.11139678,0.07497563,0.06158916,03,False,False
2024-25,2025-03-08,Vermont,2,0.9332970976829529,0.6282349228858948,1.480040431022644,0.48997916281223297,0.2429688856005669,0.7507144391536713,26.085308074951172,18.965869903564453,34.194480895996094,0.14510878175497055,0.09696201235055923,0.21495918929576874,13.746556282043457,8.480697536468506,19.30691146850586,0.06632150709629059,0.014388469979166985,0.13678741455078125,0.0526,0.0,0.11038559,0.0749938,0.06032673,03,False,False
2024-25,2025-03-08,Wyoming,0,0.9541354775428772,0.6545239090919495,1.3400126099586487,0.30989986658096313,0.07721015065908432,0.5613494515419006,24.93709659576416,13.064487075805664,38.44987106323242,0.37505215406417847,0.21301548182964325,0.5970635831356049,9.115066528320312,5.388083791732788,13.763587951660156,0.05201838165521622,0.011321717314422131,0.11143069416284565,0.0613,0.0,0.11274369,0.06046573,0.05049339,03,False,False
2024-25,2025-03-08,Wyoming,1,0.910902351140976,0.6348374843597413,1.3845930814743044,0.3388293534517288,0.08936983719468122,0.5938812911510468,27.728469848632812,18.37147331237793,39.3402214050293,0.3664603978395462,0.19661740064620972,0.604059636592865,9.839778900146484,5.760193824768066,14.463037490844727,0.056265754625201225,0.012152527458965778,0.12545330673456195,0.0615,0.0,0.11161058,0.06649131,0.05461675,03,False,False
2024-25,2025-03-08,Wyoming,2,0.8964822292327881,0.6289289236068726,1.28071026802063,0.3226461410522461,0.09882324188947678,0.5663837134838104,26.911718368530273,17.049038124084472,38.48913269042969,0.3852043151855469,0.2153877779841423,0.5793924331665039,8.144999504089355,4.848598957061768,12.436582565307617,0.05621953308582306,0.01325002368539572,0.12067276239395147,0.0507,0.0,0.11330134,0.06493619,0.05192115,03,False,False
2024-25,2025-03-15,Alaska,0,0.903724730014801,0.6484781503677368,1.3300529718399048,0.3351185917854309,0.11066533476114274,0.5700821876525879,26.570908546447754,16.766881942749023,39.473079681396484,0.20921437442302704,0.1137400895357132,0.33578458428382874,14.318192481994629,8.741060256958008,20.788701820373536,0.057422926649451256,0.01583622768521309,0.11509494483470917,0.0364,0.0,0.11065005,0.06144729,0.05258106,03,False,False
2024-25,2025-03-15,Alaska,1,0.8828423619270325,0.6327668011188508,1.1861315965652466,0.27872586250305176,0.06448213756084442,0.524513775110245,29.212797164916992,17.741722106933594,43.2193489074707,0.2861155569553375,0.15389028191566467,0.43370962142944336,10.790738105773926,6.870929718017578,15.033703804016113,0.06036393530666828,0.013875792361795902,0.1264280378818512,0.0445,0.0,0.1122634,0.06482173,0.05519704,03,False,False
2024-25,2025-03-15,Alaska,2,0.9443230628967285,0.6709719300270081,1.2577786803245545,0.2917559742927551,0.07217320576310159,0.5455355644226074,28.80655860900879,18.32616424560547,42.073123931884766,0.20908544212579727,0.10871118083596232,0.3301895558834076,11.962800025939941,7.5858909606933596,16.7357271194458,0.05140269361436367,0.013331935182213784,0.10669757425785065,0.0427,0.0,0.11135572,0.05639898,0.04931357,03,False,False
2024-25,2025-03-15,California,0,0.9484049081802368,0.7887545347213745,1.1263781785964966,0.12148141115903854,0.015790625475347042,0.2788589239120484,22.770590782165527,7.807288312911991,39.47582626342774,0.3493438810110092,0.20177206695079802,0.5147973716259003,22.838313102722168,16.13599548339844,29.832239151000977,0.02871248498558998,0.00930453082546592,0.05591715537011623,0.0458,0.0,0.11243578,0.03340377,0.03001514,03,False,False
2024-25,2025-03-15,California,1,0.9535186290740967,0.7928598880767822,1.1190614700317383,0.12263645976781845,0.015171973034739494,0.29518399834632875,23.9951171875,11.070347785949707,38.60510368347168,0.2929733097553253,0.18953803181648254,0.41408098638057717,27.592841148376465,20.116853713989258,34.961509704589844,0.028448892757296562,0.009689978696405888,0.05489031597971916,0.0407,0.0,0.1139577,0.03245027,0.02925883,03,False,False
2024-25,2025-03-15,California,2,0.8986186683177948,0.7213188230991363,1.081813657283783,0.15610221028327942,0.027773285284638405,0.3411068916320801,24.281158447265625,10.218955612182617,38.90282096862794,0.4036458283662796,0.25812447965145113,0.5637780606746674,21.933107376098633,15.81637954711914,28.21884937286377,0.03437717258930206,0.011155630461871624,0.06290704533457757,0.0379,0.0,0.11044868,0.03760087,0.0330831,03,False,False
2024-25,2025-03-15,New York,0,0.8404978811740875,0.615189790725708,1.1641943216323853,0.3358425199985504,0.08550200685858728,0.5998022556304932,27.397611618041992,16.96676254272461,37.59871826171875,0.3536395877599716,0.22061007618904113,0.5075615048408508,21.042128562927246,13.60918664932251,29.335437202453615,0.047801245003938675,0.010976027417927983,0.09900123476982117,0.0545,0.0,0.11003494,0.05492419,0.04491989,03,False,False
2024-25,2025-03-15,New York,1,0.9363656640052795,0.6807691276073455,1.2306942701339723,0.2327369749546051,0.048824337869882585,0.47392674386501316,30.691330909729004,18.325619125366213,45.35818710327148,0.3615005165338516,0.213321191072464,0.5305083990097046,18.408496856689453,12.796196937561035,24.433540916442873,0.04403885640203953,0.009882764518260957,0.09241862371563915,0.0649,0.0,0.11059353,0.05196239,0.04433378,03,False,False
2024-25,2025-03-15,New York,2,0.9084965288639069,0.6473546028137207,1.2181706428527832,0.2760520577430725,0.060134582221508026,0.5166652202606201,26.805323600769043,15.26555461883545,39.80513000488281,0.3829204589128494,0.23192795217037204,0.5692971289157868,19.27902317047119,13.095673751831056,26.15411376953125,0.045525087043643,0.00881863683462143,0.09993772953748703,0.0687,0.0,0.11317898,0.05421807,0.0455473,03,False,False
2024-25,2025-03-15,Pennsylvania,0,0.8751111328601837,0.6336887896060943,1.1054303646087646,0.27499425411224365,0.07482277154922488,0.5149644374847412,26.02083396911621,16.18684959411621,37.4735107421875,0.6444244980812073,0.4693579524755478,0.8016652882099151,15.441203594207764,10.540536308288575,20.648855209350586,0.05198781192302704,0.01228980254381895,0.11174926832318306,0.0521,0.0,0.11127436,0.06074523,0.04942186,03,False,False
2024-25,2025-03-15,Pennsylvania,1,0.8705301880836487,0.6458522915840149,1.0627861499786377,0.28908470273017883,0.06602706015110016,0.5320154130458832,24.845322608947754,17.410027313232423,33.58292007446289,0.6688087582588196,0.4410703778266907,0.8794646918773653,20.886552810668945,12.957542896270752,30.16579246520996,0.038668831810355186,0.009752311650663615,0.08287979215383531,0.0566,0.0,0.10999529,0.04423399,0.03734769,03,False,False
2024-25,2025-03-15,Pennsylvania,2,0.9678171575069427,0.6442500352859497,1.3189157843589783,0.31189239025115967,0.08497069031000137,0.588474452495575,25.18594264984131,14.162710475921632,35.02000045776367,0.4837164580821991,0.31906977891922,0.6919118225574494,16.4826717376709,11.847858428955078,21.659895515441896,0.04199505038559437,0.011560060270130635,0.08704328164458276,0.048,0.0,0.11300844,0.04891447,0.04187379,03,False,False
2024-25,2025-03-15,Vermont,0,0.9643849730491638,0.6588513553142548,1.3926850914955144,0.43940460681915283,0.192132505774498,0.6860955953598022,27.54215431213379,20.61380271911621,34.61895904541016,0.1545397937297821,0.1017751581966877,0.23365166634321213,15.616887092590332,9.555513286590577,22.622526168823242,0.053847065195441246,0.011821490060538056,0.11940795034170153,0.0594,0.0,0.11256037,0.06484678,0.0537436,03,False,False
2024-25,2025-03-15,Vermont,1,1.042863667011261,0.6676016449928284,1.8373171091079712,0.4628329426050186,0.1887674331665039,0.7521429061889648,28.810020446777344,20.258563995361328,38.66148376464844,0.13727176189422607,0.09371670559048653,0.18947404772043228,14.816094398498535,9.27446756362915,20.96122798919678,0.0642009824514389,0.013144208118319515,0.1379808858036995,0.0606,0.0,0.11312302,0.07566422,0.06247353,03,False,False
2024-25,2025-03-15,Vermont,2,1.1494560241699219,0.7140377640724183,1.7602159142494203,0.3571389317512512,0.11552623584866525,0.6522697806358337,34.07134819030762,23.156904029846192,47.49226303100586,0.14212088286876678,0.09608188048005105,0.20416546761989593,17.501384735107422,9.769270706176759,25.885848999023438,0.059042688459157944,0.014004513621330263,0.11892405301332477,0.047,0.0,0.11120091,0.06772557,0.05747951,03,False,False
2024-25,2025-03-15,Wyoming,0,0.9606793522834778,0.6601475656032563,1.3903253555297854,0.30334752798080444,0.06961195766925812,0.5648636400699616,26.492453575134277,16.438516426086426,38.81914138793945,0.39130425453186035,0.22527465224266052,0.592410945892334,8.751762390136719,5.407391500473023,12.155418395996094,0.052968330681324005,0.011631921492517,0.11330471932888032,0.059,0.0,0.11159835,0.06207614,0.05112811,03,False,False
2024-25,2025-03-15,Wyoming,1,0.9573358297348022,0.6489648342132569,1.361898374557495,0.3273957371711731,0.1025788336992264,0.5865322947502136,27.93027400970459,18.752065658569336,38.38955688476563,0.3639558255672455,0.20966677367687225,0.5744693875312805,10.318273067474365,6.01726713180542,15.811029148101808,0.04951693117618561,0.010913473460823298,0.10844410210847855,0.057,0.0,0.11139081,0.05885845,0.0484516,03,False,False
2024-25,2025-03-15,Wyoming,2,1.0507696270942688,0.6919549942016602,1.8402942419052124,0.31094875931739807,0.09057138115167618,0.5681796371936798,27.429471969604492,17.617920303344725,37.943603897094725,0.35028497874736786,0.20007667690515518,0.5412717998027802,9.771909713745117,5.982751798629762,14.19781999588013,0.050397392362356186,0.010211239568889141,0.10950411707162858,0.0624,0.0,0.11360214,0.06041142,0.04954388,03,False,False
2024-25,2025-03-22,Alaska,0,0.7651531994342804,0.6000000238418579,1.1768480420112613,0.3423219323158264,0.10610359907150269,0.6194725036621094,25.4245662689209,16.120412826538086,41.77088928222656,0.21438830345869064,0.09393186867237091,0.35096436738967896,12.297863006591797,8.00381236076355,17.856565475463867,0.06796883791685104,0.02262827754020691,0.12312301993370056,0.0278,0.0,0.11242487,0.06148587,0.05166635,03,False,False
2024-25,2025-03-22,Alaska,1,0.7863918542861938,0.6000000238418579,1.152230143547058,0.33452726900577545,0.09693735837936401,0.5838807821273804,25.348655700683594,15.027928352355957,41.582794189453125,0.20598170161247253,0.09543337747454646,0.3203750401735306,9.807151794433594,6.334911394119263,13.671036720275879,0.06898996233940125,0.02332615721970797,0.12878544628620148,0.0248,0.0,0.11218646,0.06160711,0.05154354,03,False,False
2024-25,2025-03-22,Alaska,2,0.7621018588542938,0.6000000238418579,1.1699913144111633,0.3886207640171051,0.12545699924230577,0.6123492121696472,24.35543727874756,15.834767246246338,38.91390266418457,0.20566219091415405,0.09896369576454163,0.3218841344118119,11.532716274261475,7.2109778881073,16.208643722534184,0.07296477630734444,0.02050999365746975,0.14095358550548553,0.0355,0.0,0.10985671,0.06717792,0.05344488,03,False,False
2024-25,2025-03-22,California,0,0.918817400932312,0.7529082119464875,1.0872881054878236,0.14055135846138,0.02743993140757084,0.30025842785835266,23.144478797912598,11.478980922698975,36.39796829223633,0.34932178258895874,0.21961544454097748,0.4786987602710724,26.827110290527344,20.089288902282714,33.8429069519043,0.028698192909359932,0.00944427540525794,0.05533618479967117,0.0463,0.0,0.10842847,0.0324989,0.02885784,03,False,False
2024-25,2025-03-22,California,1,0.937052994966507,0.7696763873100281,1.1067405939102173,0.12167445570230484,0.018461451493203652,0.28066036105155945,23.00582981109619,9.347178936004639,39.68599357604981,0.3323622941970825,0.2137259542942047,0.4733829319477082,26.06640911102295,19.173535537719726,33.65054626464844,0.02966509759426117,0.009547186084091663,0.056728094816207886,0.0409,0.0,0.11119434,0.03329609,0.03046057,03,False,False
2024-25,2025-03-22,California,2,0.9291417002677917,0.8016262352466583,1.0683354020118714,0.11056770756840706,0.016818972676992415,0.25311827361583716,21.569740295410156,9.69050464630127,36.187164306640625,0.3550824224948883,0.23154126107692719,0.48781919181346906,26.713180541992188,19.706928253173828,33.71903610229492,0.025145146995782852,0.008471501991152763,0.04801178351044655,0.048,0.0,0.11160041,0.02839817,0.02577275,03,False,False
2024-25,2025-03-22,New York,0,0.94881272315979,0.712006688117981,1.1562680006027222,0.18614991009235382,0.03267764300107956,0.43941420316696167,28.370338439941406,17.23165397644043,41.09273147583008,0.3859647810459137,0.24517246335744858,0.5449426293373109,20.09018898010254,13.898366928100586,26.658967971801758,0.04037686623632908,0.009149004705250263,0.08973394334316254,0.0652,0.0,0.1117368,0.04910703,0.0429053,03,False,False
2024-25,2025-03-22,New York,1,0.9633179306983948,0.7575179934501648,1.1597442746162414,0.16344183683395386,0.025560995563864708,0.37856990098953247,27.397428512573242,15.598794937133789,40.08254623413086,0.3726418614387512,0.24078933894634247,0.5181707143783569,22.626117706298828,15.352282619476318,29.510459899902344,0.032852981239557266,0.008460460975766183,0.0701649233698845,0.0634,0.0,0.11333188,0.0395188,0.03501372,03,False,False
2024-25,2025-03-22,New York,2,0.9365837574005127,0.6573083996772766,1.1411226511001589,0.21917138993740082,0.035456210747361216,0.4779137045145035,28.5087947845459,14.294315147399905,41.916961669921875,0.4434670954942703,0.2689584791660309,0.6707955896854401,19.497949600219727,13.575989151000977,25.701557159423828,0.04270659387111664,0.008129548933357001,0.09265365451574326,0.073,0.0,0.11232793,0.0508135,0.04222808,03,False,False
2024-25,2025-03-22,Pennsylvania,0,0.9779344797134399,0.7672849297523499,1.3348746299743652,0.25535595417022705,0.08905634805560114,0.4350527822971344,30.097427368164062,20.291765213012695,43.04295349121094,0.4672102630138397,0.30879899859428406,0.6551408529281618,20.14927101135254,14.029586791992188,26.4819278717041,0.034528886899352074,0.010460907593369484,0.06613482534885406,0.044,0.0,0.11290211,0.03813784,0.03418697,03,False,False
2024-25,2025-03-22,Pennsylvania,1,0.8314558863639832,0.6014036536216736,1.213796615600586,0.3857826888561249,0.11907625198364258,0.6168050289154053,29.627431869506836,18.612302017211917,43.891666412353516,0.6115226745605469,0.39981549978256226,0.8312355875968933,14.874496459960938,10.290044784545898,19.68941307067871,0.06255758553743362,0.015725575387477875,0.1252334162592888,0.0407,0.0,0.11046598,0.06944913,0.05405937,03,False,False
2024-25,2025-03-22,Pennsylvania,2,0.976627767086029,0.7833167672157287,1.1765785217285156,0.22477982938289642,0.06053626909852028,0.4030877351760864,29.215057373046875,23.386822128295897,35.35829544067383,0.44520509243011475,0.2989036560058594,0.6185020804405212,27.124786376953125,19.366370391845702,34.129417419433594,0.025147469714283943,0.007972538471221924,0.04938888177275658,0.0506,0.0,0.11165155,0.0285557,0.02617028,03,False,False
2024-25,2025-03-22,Vermont,0,1.083232045173645,0.7074401676654816,1.9129126071929932,0.4234054982662201,0.17104913294315338,0.6885112524032593,29.834848403930664,21.815649032592773,39.521263122558594,0.16304968297481537,0.10611068159341812,0.24129502177238465,15.073346138000488,9.066871643066406,21.500560569763188,0.06254297494888306,0.014137993846088657,0.12582674175500871,0.0479,0.0,0.11332802,0.06707984,0.05554546,03,False,False
2024-25,2025-03-22,Vermont,1,1.2182075381278992,0.790565550327301,1.8252943754196167,0.3793623447418213,0.13080193102359777,0.6555725336074829,31.28839874267578,22.415081024169922,42.681823348999025,0.14512194693088531,0.09992717206478119,0.20513342320919037,16.586515426635742,9.874180793762207,24.102710723876953,0.0563359335064888,0.013425294309854507,0.11978610605001452,0.0445,0.0,0.10930129,0.06448451,0.05335295,03,False,False
2024-25,2025-03-22,Vermont,2,1.1207420825958252,0.7558772563934326,1.9633984565734863,0.4263960123062134,0.20449720770120622,0.6734725832939148,29.742910385131836,21.6996789932251,38.483642578125,0.1495850533246994,0.10118909925222397,0.21603171527385712,13.77420711517334,8.102245521545411,20.09782638549805,0.0654749721288681,0.01393690286204219,0.14001686871051788,0.05,0.0,0.11316333,0.07294478,0.05993682,03,False,False
2024-25,2025-03-22,Wyoming,0,1.019532322883606,0.7209588944911957,1.451417326927185,0.25766293704509735,0.051617212221026436,0.5270384430885316,28.352323532104492,16.169740676879883,40.92767333984376,0.3930617570877075,0.22296199202537537,0.6012277603149414,10.548471450805664,6.327831745147705,15.124596977233889,0.04825794696807861,0.010762091726064682,0.10305917263031006,0.0593,0.0,0.11245036,0.05668514,0.04872637,03,False,False
2024-25,2025-03-22,Wyoming,1,0.9309938549995422,0.6497958302497864,1.3660270094871525,0.3058927059173584,0.07288112714886666,0.6026732325553894,30.001876831054688,20.701766967773438,41.38300323486328,0.4151557683944702,0.23138748705387116,0.6449494361877441,9.491498470306396,5.581994533538818,14.421581745147716,0.05221811681985855,0.014468521811068058,0.10714047402143478,0.0432,0.0,0.11097039,0.05992499,0.0503456,03,False,False
2024-25,2025-03-22,Wyoming,2,0.9850201606750488,0.709273386001587,1.348788857460022,0.26318711042404175,0.06137272454798222,0.5207290470600128,27.316628456115723,16.630035400390625,37.721534729003906,0.392555832862854,0.22500981390476227,0.6073068380355835,10.376504898071289,6.1681013107299805,15.594704627990723,0.0486995093524456,0.011282709334045649,0.10285401344299316,0.0552,0.0,0.11282514,0.0565709,0.04969168,03,False,False
2024-25,2025-03-29,Alaska,0,0.9107204675674438,0.640020889043808,1.3384148597717287,0.34174844622612,0.11858952343463898,0.5867201626300813,29.995929718017578,18.643896102905273,43.49285125732422,0.22169850766658783,0.1144535429775715,0.33439087867736816,14.995735168457031,8.855479717254639,21.631678962707525,0.05792089365422726,0.014534565620124349,0.11867716908454895,0.0482,0.0,0.11258303,0.06766437,0.05256783,03,False,False
2024-25,2025-03-29,Alaska,1,0.9286788105964661,0.67118239402771,1.3452455997467048,0.28861086070537567,0.08695150166749954,0.5123427212238313,29.000701904296875,18.055557250976562,42.402503204345706,0.2311820164322853,0.13180889189243317,0.35168202817440036,12.737717628479004,8.215883255004883,17.07276287078858,0.052955182269215584,0.014906450640410187,0.10585874766111374,0.0397,0.0,0.11355633,0.06151923,0.0513664,03,False,False
2024-25,2025-03-29,Alaska,2,0.8991116285324097,0.6469360053539276,1.19110107421875,0.27012908458709717,0.06507500261068344,0.5148971498012542,27.14170265197754,16.776378822326663,38.567575836181646,0.2586808502674103,0.14618693590164186,0.3795292377471924,14.067281723022461,8.594680786132812,20.23971939086914,0.05319865420460701,0.013689138926565647,0.10640855133533478,0.0419,0.0,0.11118646,0.06189829,0.04941544,03,False,False
2024-25,2025-03-29,California,0,0.9342746138572693,0.7646461725234985,1.1077696681022644,0.1474318653345108,0.027179419994354255,0.30646681785583496,21.264280319213867,8.089170455932617,35.77324523925782,0.35720348358154297,0.23718388378620148,0.48850300908088684,28.537181854248047,20.948802757263184,35.66278190612793,0.02578434720635414,0.007951239123940468,0.053334453329443934,0.0604,0.0,0.11207252,0.03048715,0.02724794,03,False,False
2024-25,2025-03-29,California,1,0.9253607094287872,0.7579618453979492,1.0919346570968629,0.13313574343919754,0.020066362991929057,0.2993760466575624,24.9058256149292,11.71434497833252,40.47933807373047,0.35994307696819305,0.23140117824077605,0.5133565664291382,26.028847694396973,19.19311389923096,33.370611572265624,0.030012489296495914,0.009701716713607311,0.05789972692728044,0.0468,0.0,0.11153838,0.03381523,0.03017317,03,False,False
2024-25,2025-03-29,California,2,0.945910632610321,0.77970951795578,1.1180562615394591,0.11626278609037399,0.014046579226851465,0.28165761232376113,24.79695224761963,10.799088859558106,40.32432327270508,0.3209952116012573,0.20546421855688096,0.4459329843521118,24.831987380981445,18.75728569030762,30.774176216125493,0.027134468778967857,0.008903456199914221,0.05179182067513466,0.049,0.0,0.11234671,0.03046339,0.02721911,03,False,False
2024-25,2025-03-29,New York,0,0.9309285879135132,0.6890139818191529,1.1468774199485778,0.18180041760206223,0.01703331060707569,0.43959930539131165,30.05782413482666,17.3278715133667,45.2725715637207,0.3955477178096771,0.25148210227489476,0.5582548379898071,19.22208881378174,13.39238681793213,25.582191848754885,0.04032299295067787,0.009215735271573067,0.0823015347123146,0.0663,0.0,0.11017118,0.04593316,0.04018794,03,False,False
2024-25,2025-03-29,New York,1,0.9714321792125702,0.7516772150993347,1.193991780281067,0.1618359014391899,0.023936468921601776,0.370788037776947,29.984786987304688,17.440893173217773,43.88901176452638,0.3797067254781723,0.2296684980392456,0.5504842340946198,24.011436462402344,16.901792526245117,31.602412223815918,0.030757350847125053,0.007997997011989355,0.06517193987965585,0.0643,0.0,0.11258541,0.03577664,0.03193933,03,False,False
2024-25,2025-03-29,New York,2,0.9506838321685791,0.6727356970310211,1.159151315689087,0.18785998225212097,0.023341654613614086,0.46819567680358887,25.83252239227295,13.513459205627441,37.406558990478516,0.3878299444913864,0.23799016922712327,0.54950732588768,20.508254051208496,14.132913970947266,26.96068744659424,0.03523358702659607,0.00804398134350777,0.07618932723999024,0.0712,0.0,0.11227898,0.04146453,0.03599702,03,False,False
2024-25,2025-03-29,Pennsylvania,0,0.9714611768722534,0.8028974056243896,1.1568104147911071,0.17341193556785583,0.040842413157224665,0.3295449912548065,31.962109565734863,22.617606544494627,42.810753250122076,0.525850921869278,0.36618692278862,0.7152629971504212,17.606982231140137,12.514577293395996,22.9550443649292,0.029501005075871944,0.008286532945930958,0.06193274818360806,0.0608,0.0,0.11328854,0.03485008,0.03135662,03,False,False
2024-25,2025-03-29,Pennsylvania,1,0.7911567091941833,0.6077108383178711,1.0834879875183105,0.4598082900047302,0.24574118852615356,0.6485623717308044,27.61660385131836,20.942648124694824,34.05382232666016,0.5752754211425781,0.3903570771217346,0.7738714396953583,21.59032154083252,15.075157165527344,27.648011207580566,0.05216408148407936,0.013838295917958023,0.10802789628505707,0.044,0.0,0.11124135,0.06033559,0.04768039,03,False,False
2024-25,2025-03-29,Pennsylvania,2,1.0567388534545898,0.8212158739566803,1.3121835350990296,0.18521825224161148,0.04900722317397595,0.3590866148471833,20.336007118225098,11.058975887298585,28.61347007751465,0.6102942228317261,0.4047236889600754,0.8282896280288696,18.228172302246094,12.8865460395813,23.76244239807129,0.03216055780649185,0.008266415726393462,0.06833095774054528,0.0633,0.0,0.11131905,0.03781488,0.0338312,03,False,False
2024-25,2025-03-29,Vermont,0,1.2294554710388184,0.8314037919044495,1.9281013250350953,0.3453539311885834,0.10820744931697845,0.6068680167198182,31.813446044921875,22.933246612548828,40.741876220703126,0.16125836223363876,0.1080998033285141,0.22767920792102816,17.566203117370605,10.874882030487061,24.119308471679688,0.054068224504590034,0.014301641751080754,0.10920528322458271,0.0448,0.0,0.11227213,0.06040971,0.05209298,03,False,False
2024-25,2025-03-29,Vermont,1,1.1233479976654053,0.7239381074905396,1.9966377615928652,0.45574159920215607,0.1860961765050888,0.7358462810516357,30.251693725585938,21.77876834869385,38.36491355895996,0.1555361971259117,0.10484559088945389,0.21714365482330322,13.026766300201416,8.271806049346925,17.804920196533203,0.06809469684958458,0.017688850872218616,0.13130847215652466,0.0416,0.0,0.1106247,0.07406759,0.0621602,03,False,False
2024-25,2025-03-29,Vermont,2,1.2083978652954102,0.6938162207603454,2.122616004943848,0.45656703412532806,0.18175833225250246,0.730349063873291,31.4027156829834,22.65562343597412,40.623600006103516,0.15052803605794907,0.10025184229016304,0.2173847183585167,15.908075332641602,9.690371799468995,22.59974937438965,0.06706932559609413,0.018467048183083534,0.13075786978006365,0.0329,0.0,0.11415487,0.07279114,0.06096272,03,False,False
2024-25,2025-03-29,Wyoming,0,0.9571194052696228,0.679183840751648,1.3043755292892458,0.2547566592693329,0.05708344392478466,0.5443093478679658,29.70327854156494,18.810821342468262,40.91413955688477,0.43160678446292877,0.23653200268745422,0.6721536338329316,10.308019161224365,6.200031137466431,15.761722564697266,0.046957122161984444,0.012594258598983289,0.09261445030570031,0.0486,0.0,0.1128983,0.05282865,0.04461079,03,False,False
2024-25,2025-03-29,Wyoming,1,0.9583404660224915,0.6374523997306824,1.4379863739013672,0.3364917039871216,0.09710557535290719,0.5949083149433136,30.219534873962402,21.857866287231445,40.360622787475585,0.3803626447916031,0.21599474102258684,0.584763675928116,11.307431697845459,6.580466032028198,17.7034969329834,0.04705333337187767,0.010477093607187273,0.09845411032438278,0.0564,0.0,0.11207558,0.05375099,0.04543739,03,False,False
2024-25,2025-03-29,Wyoming,2,1.0018092393875122,0.6969962298870087,1.65707825422287,0.30277951061725616,0.08044135347008705,0.5445074439048767,29.169065475463867,20.093463516235353,38.43801689147949,0.35652491450309753,0.2165027529001236,0.5190093338489533,11.38515043258667,6.647361326217651,16.914806938171388,0.05099170468747616,0.012868757080286742,0.10512757301330566,0.0502,0.0,0.10980196,0.05935688,0.05013276,03,False,False
2024-25,2025-04-05,Alaska,0,0.7918741703033447,0.6000000238418579,1.1342238187789917,0.3669223338365555,0.12783841788768768,0.6057019829750061,27.087360382080078,16.718559646606447,39.75537643432617,0.2329690009355545,0.12640585005283356,0.351683646440506,13.511075496673584,8.9464937210083,18.55186710357666,0.055122893303632736,0.015633229166269302,0.10679820775985722,0.042,0.0,0.11241846,0.06021315,0.04976842,04,True,False
2024-25,2025-04-05,Alaska,1,0.8595382273197174,0.6214109599590302,1.222402286529541,0.28526921570301056,0.07675641998648644,0.5151118993759157,30.230645179748535,19.610302352905276,43.585642242431646,0.19981920719146729,0.10637289360165597,0.29486448764801027,11.914523601531982,7.635493898391724,16.17323513031006,0.05336375534534454,0.014513608813285828,0.10376480594277382,0.0418,0.0,0.11295562,0.05583291,0.04691413,04,True,False
2024-25,2025-04-05,Alaska,2,0.8565436899662018,0.6267823576927185,1.2790900468826294,0.2974274456501007,0.08635076135396957,0.51617830991745,25.13486099243164,15.44734001159668,35.33854293823242,0.23469746112823486,0.1297523602843285,0.3438357472419739,12.092330932617188,7.618731927871704,17.06225337982178,0.05440342612564564,0.01478241803124547,0.10625303536653519,0.0382,0.0,0.11142,0.0580973,0.04942627,04,True,False
2024-25,2025-04-05,California,0,0.9681349396705627,0.815294373035431,1.1252267360687256,0.1250249147415161,0.025272756814956665,0.253331857919693,18.060739517211914,5.917638301849365,30.866159439086914,0.3788304328918457,0.2519790053367615,0.5224977731704712,26.724750518798828,19.608407402038573,33.52234649658203,0.025750257074832916,0.008692961186170578,0.04879661053419113,0.0411,0.0,0.11137947,0.02883184,0.02655634,04,True,False
2024-25,2025-04-05,California,1,0.9475071132183075,0.7799423336982727,1.1086045503616333,0.11717730015516281,0.020029591396450996,0.2688000202178955,23.923009872436523,9.647788047790527,39.054256439208984,0.34936365485191345,0.2274038225412369,0.4762956410646439,25.277076721191406,18.987037467956544,31.335408782958986,0.030726653523743153,0.009668063372373581,0.058014274016022695,0.0447,0.0,0.11075637,0.03421287,0.03059863,04,True,False
2024-25,2025-04-05,California,2,0.9376022219657898,0.7495048582553864,1.1215872764587402,0.14851941168308258,0.02659561522305012,0.32509391903877266,22.487518310546875,8.06456470489502,35.80080451965332,0.38894331455230713,0.24668201804161072,0.5415462851524353,25.422964096069336,19.041190910339356,31.732096481323243,0.0248550558462739,0.008777275681495667,0.04802950248122217,0.0425,0.0,0.1112343,0.02823439,0.02502173,04,True,False
2024-25,2025-04-05,New York,0,0.9751973152160645,0.7234792709350586,1.1850724816322327,0.1889827400445938,0.031660065054893494,0.3990534842014313,26.19753074645996,13.964090347290039,38.194517898559575,0.36400723457336426,0.2284369170665741,0.5113643109798431,20.20843505859375,14.203207015991211,26.867414474487305,0.03129086643457413,0.008760766126215458,0.0652417466044426,0.0613,0.0,0.11150923,0.03603746,0.0312161,04,True,False
2024-25,2025-04-05,New York,1,1.0075526237487793,0.7947437167167664,1.2308753728866577,0.1535586714744568,0.025157149508595475,0.3376236855983734,24.888214111328125,10.032378673553469,39.13402290344239,0.34901392459869385,0.22795147448778152,0.4847236663103104,20.13654327392578,14.435379981994629,25.652755737304688,0.032055193558335304,0.00867004506289959,0.06862833946943284,0.0597,0.0,0.11253901,0.0382846,0.03336149,04,True,False
2024-25,2025-04-05,New York,2,0.977826714515686,0.7040844798088075,1.211560845375061,0.18942005932331085,0.03250393196940422,0.4405903220176697,28.197175979614258,14.018801403045657,42.690528869628906,0.34624867141246796,0.2207010477781296,0.47526309788227084,20.31914520263672,14.212514877319336,27.616750717163086,0.033502403646707535,0.007708205375820398,0.07385247945785522,0.071,0.0,0.11223829,0.04062685,0.035295,04,True,False
2024-25,2025-04-05,Pennsylvania,0,0.6963258683681488,0.6000000238418579,1.001465082168579,0.5138616561889648,0.3164509356021881,0.6735118567943574,28.551311492919922,22.713726043701172,34.152897644042966,0.5799157619476318,0.4165061682462693,0.7570950388908386,30.157209396362305,22.30482292175293,37.03751335144043,0.06362999975681305,0.018350044265389442,0.12455873340368273,0.0342,0.0,0.11197394,0.07110703,0.05417861,04,True,False
2024-25,2025-04-05,Pennsylvania,1,0.9734053611755371,0.7719234228134155,1.1619994640350342,0.1708591803908348,0.03241863809525967,0.36836795210838336,25.208744049072266,16.052566528320312,34.63426971435547,0.5852943360805511,0.43551918864250183,0.7382416725158691,14.282370567321777,10.26058349609375,18.219045639038086,0.03252582252025604,0.008061724714934826,0.06931480839848521,0.066,0.0,0.11227092,0.03868958,0.03392496,04,True,False
2024-25,2025-04-05,Pennsylvania,2,0.9775396585464478,0.6923885345458984,1.2697967290878296,0.2168971747159958,0.03753412142395973,0.46629780530929565,30.54425048828125,21.96410369873047,40.785335540771484,0.4922887682914734,0.3293726354837418,0.684599757194519,17.42349624633789,12.442832374572754,22.529699325561523,0.037364691495895386,0.011246129404753448,0.0760984718799591,0.0429,0.0,0.11207083,0.04280235,0.03790797,04,True,False
2024-25,2025-04-05,Vermont,0,1.2502471208572388,0.8196324348449707,2.0712568759918213,0.401679128408432,0.1602226048707962,0.6814039945602417,32.76513671875,24.451065635681154,40.461273193359375,0.162965327501297,0.10601454973220825,0.2316083312034607,14.847082138061523,9.266683578491211,20.837093353271484,0.06653475016355515,0.016346270591020593,0.13567365705966952,0.042,0.0,0.11494144,0.07344062,0.0626388,04,True,False
2024-25,2025-04-05,Vermont,1,1.285792052745819,0.8772010803222656,2.0526103496551515,0.4197961390018463,0.1419399380683899,0.7036525011062622,32.36907958984375,24.1384220123291,40.93320083618164,0.14719559997320175,0.10291102528572083,0.19493795931339267,12.45248031616211,8.332274341583252,17.027639389038086,0.06396405026316643,0.01639356166124344,0.1247316300868988,0.0504,0.0,0.11158219,0.06925006,0.05838062,04,True,False
2024-25,2025-04-05,Vermont,2,1.2135816812515259,0.7195767164230347,2.0225229263305664,0.4710560292005539,0.18886752426624298,0.7616497397422793,30.28524684906006,21.255558013916016,38.876548767089844,0.17082880437374115,0.1077499620616436,0.25006186962127686,14.805166244506836,9.358881664276122,21.079246520996097,0.08816233649849892,0.029075659252703192,0.15869268774986267,0.0287,0.0,0.11262429,0.09256304,0.07628103,04,True,False
2024-25,2025-04-05,Wyoming,0,0.9052824974060059,0.6161998510360718,1.4077343940734863,0.39823730289936066,0.15296310186386108,0.6212710082530976,28.408695220947266,20.595386886596682,37.488083648681645,0.33809205889701843,0.19195878505706787,0.5054460167884827,11.052603721618652,7.046840381622315,15.312918663024902,0.05454316735267639,0.012790659163147219,0.11758725419640541,0.0558,0.0,0.11081933,0.06162435,0.04998708,04,True,False
2024-25,2025-04-05,Wyoming,1,0.9485742151737213,0.6761358857154847,1.2869141101837158,0.23406152427196503,0.05219826102256775,0.4642403185367586,28.577228546142578,17.551730155944824,41.736820220947266,0.4261939525604248,0.230012908577919,0.6600183129310608,9.47029733657837,5.948785257339478,13.275343894958496,0.04432891309261322,0.011341334320604801,0.09081030637025836,0.0545,0.0,0.10951809,0.04928206,0.04275911,04,True,False
2024-25,2025-04-05,Wyoming,2,0.9461638927459717,0.6642872095108032,1.2688114643096924,0.2405521124601364,0.049675175920128836,0.4667609930038452,28.649106979370117,18.320076751708985,40.28844032287598,0.40100015699863434,0.2165566235780716,0.5986910045146943,10.350730895996094,6.473554372787476,14.931391620635992,0.04411030560731888,0.011203715763986112,0.08885977119207385,0.0504,0.0,0.11384104,0.04846798,0.04139601,04,True,False
2024-25,2025-04-12,Alaska,0,0.9065265655517578,0.6583763957023621,1.2419343709945678,0.27227354049682617,0.07166807055473329,0.5075078129768372,27.942781448364258,16.02830696105957,39.152502441406256,0.2338443100452423,0.13237939774990082,0.3496073067188263,14.465482711791992,9.204353332519531,19.919307708740234,0.04620315693318844,0.013102872110903264,0.09345703497529032,0.043,0.0,0.11314571,0.05303184,0.04424042,04,True,False
2024-25,2025-04-12,Alaska,1,0.829317033290863,0.6105712056159973,1.226547133922577,0.34109410643577576,0.11468494683504105,0.5486525297164917,28.026987075805664,18.58444766998291,38.31651344299317,0.2569434642791748,0.1435166597366333,0.37972337007522583,12.112682342529297,8.10330753326416,16.340341567993164,0.054661987349390984,0.01668105274438858,0.1041368767619133,0.0266,0.0,0.11180845,0.05894619,0.04596874,04,True,False
2024-25,2025-04-12,Alaska,2,0.8926185667514801,0.6430397450923919,1.2193142175674438,0.2713194787502289,0.0717706121504307,0.494273841381073,29.83699893951416,18.085202598571776,42.90005874633789,0.23871298134326935,0.13518807291984558,0.3574876606464386,11.869795799255371,7.927623271942139,15.978857040405273,0.05007325857877731,0.013030870538204911,0.10077771171927452,0.0447,0.0,0.11112018,0.05689493,0.04702168,04,True,False
2024-25,2025-04-12,California,0,0.9595539271831512,0.8109869360923767,1.1299231886863708,0.12019388377666473,0.017996447160840034,0.2694847494363785,25.72595500946045,12.861273193359375,38.017804336547854,0.3491906076669693,0.23092277348041534,0.4880295395851135,27.9877347946167,20.800426483154297,34.723716735839844,0.027286464348435402,0.010385943576693537,0.04838300496339798,0.0278,0.0,0.10825736,0.02953606,0.02679928,04,True,False
2024-25,2025-04-12,California,1,0.9514132738113403,0.8096950113773346,1.1280545711517334,0.10744839906692505,0.016833058930933478,0.2379544973373413,28.147159576416016,11.088089370727541,42.74888153076173,0.36674952507019043,0.24121315330266954,0.5050788998603821,28.341272354125977,21.51330223083496,35.32658767700195,0.02554161287844181,0.008943371567875148,0.04720404334366322,0.042,0.0,0.11234476,0.02834593,0.02586942,04,True,False
2024-25,2025-04-12,California,2,0.9273390471935272,0.7581262528896332,1.0997498393058778,0.1284867227077484,0.018440333567559735,0.3123938977718354,23.651329040527344,8.902679347991949,37.172301864624025,0.46885111927986145,0.29708805680274963,0.6355081975460053,29.002793312072754,21.739837646484375,35.98887252807617,0.028536757454276085,0.009973503649234772,0.05331065133213997,0.0367,0.0,0.11352182,0.03156843,0.02854547,04,True,False
2024-25,2025-04-12,New York,0,0.9443835020065308,0.7175123035907746,1.1375981569290161,0.15374451130628586,0.014568717498332263,0.38616773784160613,30.791603088378906,20.019000625610353,42.87933502197266,0.3716704249382019,0.23670008778572083,0.5237848162651062,18.633872985839844,13.453593254089355,23.88521957397461,0.0343097448348999,0.008285440504550934,0.07603042647242547,0.0636,0.0,0.11279049,0.04078139,0.03577672,04,True,False
2024-25,2025-04-12,New York,1,0.942667156457901,0.7042294085025788,1.1958155632019043,0.20671489834785461,0.031602800637483615,0.45639729797840134,27.62979507446289,16.90700626373291,39.39340705871582,0.3706948012113571,0.2284239932894707,0.5211354851722718,18.041000366210938,12.995524692535401,23.357594680786136,0.03680180758237839,0.008633735030889511,0.07911130264401436,0.0655,0.0,0.11408488,0.04346437,0.03769327,04,True,False
2024-25,2025-04-12,New York,2,0.8584403395652771,0.6263948023319245,1.1289098024368287,0.2711786925792694,0.06757938116788864,0.5121966361999513,29.63481044769287,17.3033239364624,41.44080352783203,0.42302508652210236,0.27320826053619385,0.5934692621231079,21.978219032287598,15.676746273040772,28.409330368041992,0.03925445303320885,0.009269073512405161,0.08389157801866531,0.0633,0.0,0.11221027,0.04554087,0.03877352,04,True,False
2024-25,2025-04-12,Pennsylvania,0,0.9878940880298615,0.7685895144939423,1.2078001499176025,0.16707219183444977,0.03191455937922002,0.35266125202178955,25.65151023864746,10.706938743591312,39.59491882324219,0.6099680662155151,0.4228886753320694,0.8132712841033936,14.984783172607422,10.57382755279541,19.698160552978518,0.03570464998483658,0.009911974426358938,0.07235571593046194,0.0518,0.0,0.11151932,0.041086,0.03626831,04,True,False
2024-25,2025-04-12,Pennsylvania,1,0.9112027883529663,0.6636234045028686,1.1580455303192139,0.21284068375825882,0.047021012380719186,0.44548434019088745,30.25230598449707,17.021211624145508,43.90751266479492,0.6815641820430756,0.4602616310119629,0.8771679997444153,19.22492218017578,13.383455467224122,25.57900733947754,0.0422541294246912,0.012760494649410248,0.08292692601680755,0.0386,0.0,0.11091918,0.04717066,0.04124112,04,True,False
2024-25,2025-04-12,Pennsylvania,2,0.8942836821079254,0.6225739121437073,1.36493536233902,0.35074418783187866,0.10936249941587449,0.5905780792236328,28.63997745513916,14.600081443786621,39.0582160949707,0.5854125916957855,0.39632614552974704,0.7941376566886902,27.957743644714355,19.976451873779297,35.99897003173828,0.054805368185043335,0.010743467882275586,0.12649403512477875,0.0645,0.0,0.11120531,0.0677059,0.05331441,04,True,False
2024-25,2025-04-12,Vermont,0,0.9669784307479858,0.6439924836158752,1.7452701330184937,0.4900723397731781,0.2425726339221001,0.7238315939903259,28.1423282623291,20.77232265472412,35.96662216186523,0.16269979625940323,0.10306312143802643,0.22595009058713916,14.288488864898682,8.166220664978027,20.441614151000977,0.06619109958410263,0.01721554808318615,0.13144803047180176,0.0357,0.0,0.1095979,0.07332768,0.06033695,04,True,False
2024-25,2025-04-12,Vermont,1,1.0593838691711426,0.6381747126579285,1.802598762512207,0.4534081518650055,0.1679609477519989,0.7475113272666931,28.09358024597168,18.567934226989745,37.75803909301758,0.16737478971481323,0.0997166782617569,0.24555227607488636,12.551986694335938,7.41924524307251,17.887052536010742,0.06734561920166016,0.016420569270849228,0.1382075995206833,0.0461,0.0,0.11084584,0.0710422,0.05915079,04,True,False
2024-25,2025-04-12,Vermont,2,1.0385890007019043,0.6501771211624146,1.5709261894226074,0.4017130732536316,0.12282837927341461,0.6727461814880371,25.66213035583496,15.686034679412842,34.91753234863282,0.17787069082260132,0.11570409685373306,0.24843928217887878,18.399307250976562,9.73422908782959,28.436793518066406,0.05710827186703682,0.016335727646946907,0.1125182956457138,0.0395,0.0,0.11091089,0.06389775,0.05542605,04,True,False
2024-25,2025-04-12,Wyoming,0,0.8612214624881744,0.6059694290161133,1.2557454824447634,0.2913593351840973,0.0763271301984787,0.5434241771697998,25.16883373260498,15.901044845581055,36.861141204833984,0.3660276234149933,0.1827848255634308,0.547520637512207,11.171117782592773,6.491687440872193,16.81818389892578,0.05140969157218933,0.014736097306013107,0.09404001235961919,0.0369,0.0,0.11002103,0.04631101,0.03958722,04,True,False
2024-25,2025-04-12,Wyoming,1,0.8098992705345154,0.6000000238418579,1.1713696718215942,0.2994520366191864,0.08585137873888016,0.5188033580780029,26.093069076538086,16.599524116516115,39.44052009582521,0.39435696601867676,0.18223640322685242,0.6386054754257202,10.30575704574585,5.586994171142578,16.02319374084473,0.05469715967774391,0.01533114816993475,0.10470883548259735,0.0362,0.0,0.11215251,0.05264835,0.04468825,04,True,False
2024-25,2025-04-12,Wyoming,2,0.7930009067058563,0.6000000238418579,1.1611983895301818,0.32293641567230225,0.1254517138004303,0.541252076625824,23.475767135620117,14.497411823272708,34.722994613647465,0.4317561835050583,0.20684375911951067,0.6579166233539582,11.022290229797363,5.81803560256958,17.850847244262695,0.0581834651529789,0.0171166229993105,0.10857302695512772,0.0386,0.0,0.11166272,0.05404844,0.04502987,04,True,False
2024-25,2025-04-19,Alaska,0,0.8920191526412964,0.659678041934967,1.1951848268508916,0.21499690413475037,0.04113210551440716,0.43069322109222413,29.807649612426758,18.683555030822752,42.918909835815434,0.24779042601585388,0.13282980024814606,0.3746167719364166,13.937557220458984,9.130003070831298,19.628110122680667,0.04669822007417679,0.012697127927094699,0.09323371946811676,0.0453,0.0,0.11211671,0.05175975,0.04442728,04,True,False
2024-25,2025-04-19,Alaska,1,0.8925751745700836,0.650610476732254,1.16600558757782,0.23387926816940308,0.05788194797933102,0.4527485966682434,27.109272003173828,16.08321342468262,39.983072662353514,0.26559363305568695,0.14530366361141206,0.4015390843153,13.023529529571533,8.430045127868652,17.938190841674807,0.047700125724077225,0.013263009488582611,0.09366129860281944,0.0413,0.0,0.11189348,0.05222496,0.04452057,04,True,False
2024-25,2025-04-19,Alaska,2,0.8913257718086243,0.6535406708717346,1.2219643592834473,0.23556864261627197,0.060030486062169076,0.4543420493602753,26.863457679748535,15.445963287353516,37.96651840209961,0.26738251745700836,0.1501779168844223,0.4110812544822693,12.00696849822998,8.06641664505005,16.114439010620117,0.04549630917608738,0.011169176734983922,0.09493754357099536,0.0549,0.0,0.11186037,0.05207356,0.04458314,04,True,False
2024-25,2025-04-19,California,0,0.9385831356048584,0.764197587966919,1.1104611158370972,0.13137032091617584,0.018609961494803432,0.31216591596603394,28.93088722229004,14.984476757049562,41.67429542541504,0.38357052206993103,0.25180803835392,0.5182650685310364,27.160869598388672,20.83649253845215,33.542686462402344,0.026968378573656082,0.009282113146036865,0.049781639128923416,0.0416,0.0,0.11220662,0.02979621,0.02662916,04,True,False
2024-25,2025-04-19,California,1,0.9942888021469116,0.8483914136886597,1.1679309606552124,0.1305151730775833,0.02661276049911976,0.26243579983711246,18.612561225891113,6.055852222442627,32.87944641113282,0.41841045022010803,0.27435240149497986,0.5624576568603517,26.55526828765869,20.138922119140624,32.70589027404785,0.026659224182367325,0.009117336012423038,0.05183781757950783,0.0484,0.0,0.11125,0.03040801,0.02724913,04,True,False
2024-25,2025-04-19,California,2,0.9571937918663025,0.8024409413337708,1.1424200534820557,0.12195958942174911,0.022262950427830247,0.26639270782470703,24.222042083740234,7.280347681045533,40.10523986816406,0.4054912030696869,0.266130268573761,0.5685626864433289,24.530811309814453,19.27681198120117,29.781448364257812,0.02934945933520794,0.009575273841619492,0.05690907500684261,0.0496,0.0,0.11152955,0.03318106,0.02999395,04,True,False
2024-25,2025-04-19,New York,0,0.9415350556373596,0.7076143026351929,1.1351091861724854,0.18517127633094788,0.03101169504225254,0.41534489393234253,26.888290405273438,14.260550689697268,39.56170806884766,0.4342889189720154,0.2816653043031693,0.5996050834655762,24.308921813964844,16.91557197570801,32.72438430786133,0.03514580428600311,0.009513230063021183,0.07213390544056894,0.0566,0.0,0.11323614,0.04044052,0.03627751,04,True,False
2024-25,2025-04-19,New York,1,0.9644802808761597,0.7409586310386658,1.1802831888198853,0.16493536531925201,0.019527379423379898,0.38664332628250137,29.226665496826172,17.148185539245606,42.81845512390137,0.3819893002510071,0.245013901591301,0.5415002703666687,20.278310775756836,14.865444469451905,25.742047691345217,0.03415420278906822,0.008634886331856252,0.07033792585134507,0.0632,0.0,0.1101658,0.03976748,0.03510946,04,True,False
2024-25,2025-04-19,New York,2,0.9648545384407043,0.7138449549674988,1.1945828199386597,0.18498504906892776,0.028918061405420303,0.4210178762674332,31.17145538330078,19.438120460510255,43.7396240234375,0.35021132230758667,0.22471206933259966,0.5095897853374481,18.956971168518066,13.650000381469727,24.49073028564453,0.0306020425632596,0.0073217079974710955,0.06811513751745224,0.0738,0.0,0.11109942,0.03707761,0.03268126,04,True,False
2024-25,2025-04-19,Pennsylvania,0,1.0979323387145996,0.8848434686660767,1.3150925636291504,0.16866429895162582,0.029139889590442183,0.364717447757721,36.76546859741211,29.333179473876953,45.039945983886724,0.40856707096099854,0.28185189962387086,0.5476433336734772,29.935468673706055,22.87686538696289,36.45512771606445,0.025404686108231544,0.008136813528835773,0.05049080289900303,0.0552,0.0,0.11178154,0.02927581,0.0259492,04,True,False
2024-25,2025-04-19,Pennsylvania,1,0.9284288287162781,0.7240281105041504,1.1268457174301147,0.2037690430879593,0.040059143304824844,0.4282514154911041,28.9416446685791,20.079763412475586,38.04938888549805,0.6219437718391418,0.4488445222377777,0.7893950343132019,18.055143356323242,13.002553939819336,23.758129119873047,0.03612890467047691,0.011098542250692844,0.07020459324121475,0.0422,0.0,0.11050364,0.04071569,0.03597481,04,True,False
2024-25,2025-04-19,Pennsylvania,2,0.8806598782539368,0.6374772310256959,1.1281230449676514,0.2921801954507828,0.0736263170838356,0.5454029440879822,36.049678802490234,25.712660217285155,49.10415077209473,0.6467994153499603,0.44563284516334534,0.8534953594207764,19.735785484313965,14.171308517456055,25.465621948242188,0.04875636100769043,0.014556529000401497,0.09788419306278229,0.038,0.0,0.11481354,0.05545031,0.04566097,04,True,False
2024-25,2025-04-19,Vermont,0,1.1900572180747986,0.8301949501037598,1.937929129600525,0.3586403876543045,0.12291597574949265,0.6150403022766113,31.596579551696777,23.977337646484376,39.99930953979492,0.1446048468351364,0.09874529168009759,0.19425403773784639,15.874626159667969,9.898131752014162,22.366771697998047,0.055427730083465576,0.014264924265444283,0.11271990090608597,0.042,0.0,0.11337199,0.06901034,0.05934683,04,True,False
2024-25,2025-04-19,Vermont,1,1.189131736755371,0.6874133348464966,2.2243287563323975,0.4598537087440491,0.1868760883808136,0.7658810675144195,30.754037857055664,19.845855140686034,40.85234527587891,0.15652301907539368,0.09908939898014069,0.2182091280817986,12.132672309875488,7.36475944519043,17.489261627197266,0.06743524968624115,0.018830658867955208,0.13370107859373095,0.0383,0.0,0.11278142,0.08070303,0.06381912,04,True,False
2024-25,2025-04-19,Vermont,2,1.2467303276062012,0.9124907791614533,1.983044981956482,0.3024733066558838,0.09681479632854462,0.5625739574432376,31.39423370361328,22.53413238525391,39.099178314208984,0.14478778839111328,0.09998104721307755,0.1928226187825203,17.28432559967041,10.265475273132324,24.3769474029541,0.04606306180357933,0.011845034267753362,0.09465408101677895,0.0551,0.0,0.11142224,0.05711726,0.05042596,04,True,False
2024-25,2025-04-19,Wyoming,0,0.8452467620372772,0.6100032329559326,1.3036585569381716,0.3111591637134552,0.09805881977081299,0.5433810651302338,27.450077056884766,16.93121376037598,41.65503692626953,0.3362314850091934,0.16873451322317123,0.527416568994522,10.163198947906494,6.204274892807007,14.39130039215088,0.0585340540856123,0.019996361620724205,0.10651330500841145,0.0246,0.0,0.1115454,0.06282006,0.04934598,04,True,False
2024-25,2025-04-19,Wyoming,1,0.8118516206741333,0.604232269525528,1.2299241423606873,0.3193391263484955,0.11258290261030197,0.5564565837383271,26.319387435913086,18.121313667297365,36.6428108215332,0.3695054203271866,0.1872843086719513,0.5627552926540375,10.341026306152344,6.176069259643555,14.97195053100586,0.05361563712358475,0.015153827145695686,0.1047424040734768,0.0383,0.0,0.10873689,0.0600716,0.04582484,04,True,False
2024-25,2025-04-19,Wyoming,2,0.7705888748168945,0.6000000238418579,1.0942976474761963,0.3453431576490402,0.1346665918827057,0.5585343241691589,24.830890655517578,16.152381896972656,33.64764404296875,0.43341512978076935,0.24257715046405792,0.6303368031978608,10.687097549438477,6.531717205047608,14.924890708923341,0.052725495770573616,0.014639613870531322,0.10491790249943733,0.0436,0.0,0.11301072,0.05995639,0.04524406,04,True,False
2024-25,2025-04-26,Alaska,0,0.8640626072883606,0.6239576995372772,1.1715822219848633,0.2746373116970062,0.07494837790727615,0.4953652381896974,26.43489170074463,16.07450294494629,36.96169166564942,0.24592074751853943,0.1395479291677475,0.3626205325126648,14.863466262817383,9.532893180847168,20.23612461090088,0.049487633630633354,0.013501579966396098,0.09589566066861153,0.0446,0.0,0.11237905,0.05387372,0.04575988,04,True,False
2024-25,2025-04-26,Alaska,1,0.8557798266410828,0.6225836277008057,1.2100259065628052,0.2663780748844147,0.07725746706128123,0.47490042448043823,29.255833625793457,19.116221237182618,41.171302032470706,0.23008304834365845,0.12693035900592806,0.3481379628181458,15.215775966644287,10.05403995513916,20.45368003845215,0.05223335698246956,0.016562036052346234,0.09337048828601838,0.0306,0.0,0.11315322,0.05423795,0.04560239,04,True,False
2024-25,2025-04-26,Alaska,2,0.8676308393478394,0.6233007311820984,1.1869657039642334,0.3194180727005005,0.10264626890420914,0.5699907183647156,26.124430656433105,17.161256790161133,34.87185974121094,0.22455307841300964,0.13252176940441132,0.3328296095132828,12.769472122192383,8.612307453155518,17.52600688934326,0.05218849703669548,0.014359872788190842,0.1052145041525364,0.047,0.0,0.11289115,0.05805818,0.04777606,04,True,False
2024-25,2025-04-26,California,0,0.9534813761711121,0.7943906784057617,1.1060511827468873,0.13661231100559235,0.03141315281391144,0.25929051637649536,21.47750473022461,8.197589588165282,34.873804855346684,0.4326082020998001,0.28902991116046906,0.578764796257019,28.38943576812744,21.236789321899415,35.54843292236328,0.02748813945800066,0.009783946536481384,0.051821186766028406,0.036,0.0,0.11029156,0.03044013,0.02771511,04,True,False
2024-25,2025-04-26,California,1,0.9396476149559021,0.802123898267746,1.0900638103485107,0.1192568838596344,0.019221805222332477,0.26886633038520813,24.954188346862793,11.795741653442384,37.29008941650391,0.40144261717796326,0.266485258936882,0.5459392964839935,26.761747360229492,20.422483062744142,33.15610466003418,0.02352879010140896,0.008706998638808729,0.04277845211327076,0.0383,0.0,0.11393713,0.02607481,0.02358862,04,True,False
2024-25,2025-04-26,California,2,0.9486775100231171,0.7864231705665589,1.099273443222046,0.13019151985645294,0.025862859003245836,0.26981455385684966,22.97493553161621,9.198926258087159,36.80955505371094,0.41833245754241943,0.27470905184745786,0.5586081922054291,24.580825805664062,18.71561164855957,30.55670204162598,0.02605811320245266,0.009165859781205654,0.04900670312345028,0.041,0.0,0.1118786,0.02884127,0.0266919,04,True,False
2024-25,2025-04-26,New York,0,0.9441666603088379,0.7387961745262146,1.1283397674560547,0.13922706246376038,0.013902823440730572,0.36319026350975037,32.16228103637695,20.315253829956056,45.35052566528322,0.34053847193717957,0.22138623297214508,0.47132280468940735,24.339210510253906,17.814035606384277,31.59920349121094,0.030550068244338036,0.00866790721192956,0.06088549830019477,0.0569,0.0,0.1128345,0.03335406,0.02991538,04,True,False
2024-25,2025-04-26,New York,1,0.8937028050422668,0.6599778473377228,1.1037737131118774,0.20952239632606506,0.038688261061906815,0.4299892485141754,28.504526138305664,18.142520904541016,38.71204872131348,0.38994450867176056,0.25882000327110294,0.5333910584449768,20.893829345703125,15.589393615722656,25.975189208984375,0.03556031733751297,0.009548591636121272,0.07572068348526954,0.0543,0.0,0.11019187,0.04121782,0.03598868,04,True,False
2024-25,2025-04-26,New York,2,0.9606775939464569,0.7035238444805145,1.1769842982292176,0.17822691053152084,0.02659836206585169,0.404830089211464,29.23737144470215,16.561171531677246,43.195275497436526,0.342819407582283,0.22303546965122223,0.47130810320377353,19.337048530578613,14.165911674499512,24.637344551086425,0.0339064784348011,0.010098714847117662,0.06653389260172844,0.0531,0.0,0.11343324,0.03772563,0.03318926,04,True,False
2024-25,2025-04-26,Pennsylvania,0,1.0501537322998047,0.8469154834747314,1.2556384801864624,0.12883712351322174,0.015304761845618499,0.30225738883018494,32.89446830749512,22.582572174072265,44.38764533996582,0.5131115019321442,0.346251454949379,0.7019501924514772,18.96150779724121,13.89114589691162,23.900025558471683,0.027915759943425655,0.008226587995886802,0.05682055428624153,0.0571,0.0,0.11304581,0.03255322,0.02957571,04,True,False
2024-25,2025-04-26,Pennsylvania,1,1.019834280014038,0.8383253276348114,1.2466118693351746,0.155751034617424,0.03114740177989006,0.31814349293708805,25.06488800048828,14.874937248229982,34.40379371643066,0.5980402529239655,0.4210244297981262,0.7749998569488525,18.927844047546387,13.655174255371094,24.496592712402347,0.029573725536465645,0.008086066227406265,0.061158258095383645,0.0616,0.0,0.11177496,0.03465933,0.03103485,04,True,False
2024-25,2025-04-26,Pennsylvania,2,0.8580946922302246,0.6290516257286072,1.2566519379615784,0.42517006397247314,0.1858921378850937,0.6344906091690063,28.03852939605713,18.948725318908693,34.3080810546875,0.6100792288780212,0.41260417103767394,0.8264088153839112,12.915129661560059,10.016101837158203,15.936439895629883,0.04396579973399639,0.012838226743042469,0.08612917736172677,0.0379,0.0,0.11100318,0.04880343,0.04123158,04,True,False
2024-25,2025-04-26,Vermont,0,1.267952799797058,0.8849309086799622,2.1578516960144043,0.35708415508270264,0.12193031758069993,0.635128915309906,32.23870849609375,23.43585319519043,40.46978759765625,0.15598097443580627,0.10028882324695587,0.2154178023338318,12.480854988098145,7.2545928955078125,18.39097518920899,0.056827645748853683,0.014713079389184714,0.11300187557935715,0.0441,0.0,0.11161944,0.06400507,0.05586424,04,True,False
2024-25,2025-04-26,Vermont,1,1.3284918069839478,0.8279154300689697,2.3033955097198486,0.4159161150455475,0.17146285176277165,0.687694787979126,31.120513916015625,23.071071243286134,38.24213638305664,0.1462312936782837,0.1002732276916504,0.20253270864486694,14.503668785095215,8.415841197967529,21.164327049255377,0.06387912482023239,0.01875685751438141,0.12051459401845932,0.0296,0.0,0.11338597,0.06986322,0.05806944,04,True,False
2024-25,2025-04-26,Vermont,2,1.3268457651138306,0.8621016144752502,2.203521251678467,0.35426953434944153,0.111597441136837,0.6345025300979614,32.18617057800293,22.607393264770508,40.14056205749512,0.15170222520828247,0.10102551430463791,0.20818492770195007,12.108137607574463,7.890525817871094,16.452661514282227,0.058332059532403946,0.01556395273655653,0.11361062601208688,0.0429,0.0,0.10977583,0.0643087,0.05575065,04,True,False
2024-25,2025-04-26,Wyoming,0,0.8432594239711761,0.6094066500663757,1.2062009811401369,0.3027677834033966,0.10394478589296341,0.5130458414554597,26.369300842285156,17.65927829742432,35.89218330383301,0.43028753995895386,0.21669410169124603,0.6656330049037936,9.507240295410156,5.7641033172607425,13.445649433135987,0.052907200530171394,0.016286690719425678,0.10227652192115785,0.033,0.0,0.1112639,0.05892906,0.04652612,04,True,False
2024-25,2025-04-26,Wyoming,1,0.8242111504077911,0.6120475172996521,1.117867350578308,0.2667571008205414,0.07674253210425377,0.48444616198539736,25.45744228363037,16.54285755157471,35.49506378173828,0.4327026903629303,0.2407545953989029,0.6530597567558288,9.745756149291992,5.9075798988342285,14.12086181640625,0.04811565391719341,0.013252644520252944,0.09133480042219162,0.0418,0.0,0.11178478,0.05314934,0.04173893,04,True,False
2024-25,2025-04-26,Wyoming,2,0.8571084141731262,0.6263488411903382,1.2544736266136174,0.23843159526586533,0.06055767238140107,0.44991826713085176,28.134199142456055,17.641094207763672,42.47689476013184,0.39459748566150665,0.20087692588567738,0.5903168916702272,9.122337818145752,5.751227855682373,12.48269681930542,0.051061324775218964,0.015502328705042603,0.09860163629055023,0.0318,0.0,0.11335638,0.05663984,0.04600582,04,True,False
2024-25,2025-05-03,Alaska,0,0.8747056722640991,0.6444158554077148,1.2632580995559692,0.30650004744529724,0.10863503068685532,0.5395569205284119,29.26569175720215,19.281866836547852,39.08592987060547,0.25887759029865265,0.14958317279815675,0.3988332450389862,10.891171932220459,7.518655776977539,14.048833179473878,0.04859829880297184,0.013344422914087772,0.09535178169608116,0.0424,0.0,0.11277308,0.05345577,0.04438578,05,True,False
2024-25,2025-05-03,Alaska,1,0.8949871063232422,0.6492425203323364,1.2237999200820924,0.26004502177238464,0.06835004687309265,0.47631901502609253,29.341825485229492,17.02073860168457,40.48015594482422,0.2730952203273773,0.16139982640743256,0.409978985786438,13.48802900314331,9.037506103515625,18.55515365600586,0.042807016521692276,0.012633797712624073,0.08433754742145538,0.0431,0.0,0.11036664,0.04757003,0.04063934,05,True,False
2024-25,2025-05-03,Alaska,2,0.9156160354614258,0.6276274263858795,1.411137056350708,0.33495277166366577,0.1079997718334198,0.5668966174125672,29.612014770507812,17.917118072509766,39.742218017578125,0.24031458795070648,0.13445326983928682,0.35785457491874695,12.704641342163086,8.153396606445312,17.561899185180664,0.0587279237806797,0.015318167395889759,0.12200475335121162,0.0425,0.0,0.11170789,0.06720858,0.05296075,05,True,False
2024-25,2025-05-03,California,0,0.9700066447257996,0.8135850429534912,1.1342579126358032,0.11897920072078705,0.014967983867973092,0.27294577062129977,27.34287452697754,10.759153938293458,41.35750961303711,0.3684805631637573,0.24305567145347595,0.500082379579544,29.470735549926758,23.060007095336914,36.191612243652344,0.024906910955905914,0.007889792136847975,0.049461591988801956,0.054,0.0,0.11329227,0.02831379,0.02514958,05,True,False
2024-25,2025-05-03,California,1,0.9666141271591187,0.834037721157074,1.103925919532776,0.10312797129154205,0.01704425737261772,0.2159951150417328,24.32265281677246,9.049464988708499,38.682341766357425,0.43008482456207275,0.2892993092536926,0.5760851502418518,27.94718360900879,21.409725189208984,34.3248405456543,0.023843511939048767,0.009059307910501958,0.042506005614995956,0.0335,0.0,0.11083659,0.02590174,0.02353172,05,True,False
2024-25,2025-05-03,California,2,1.0028640031814575,0.861364609003067,1.1574864506721496,0.11597316712141037,0.024310410022735596,0.24101155996322632,20.883697509765625,7.046777200698853,34.555992126464844,0.38956308364868164,0.27293458580970764,0.5073931992053986,26.258625030517578,19.78725242614746,33.084527587890626,0.024131501093506813,0.008008434530347587,0.04598298668861389,0.0533,0.0,0.11128256,0.02700823,0.02449962,05,True,False
2024-25,2025-05-03,New York,0,0.9286361932754517,0.6762409210205078,1.137360429763794,0.18648649752140045,0.030141841620206833,0.40868014097213745,27.550180435180664,15.527935791015626,38.058734893798835,0.43287327885627747,0.2757847011089325,0.5883412897586823,21.988840103149414,15.984215831756591,27.99004993438721,0.034941740334033966,0.009462057612836361,0.0722251318395138,0.0588,0.0,0.11017728,0.03978223,0.03403548,05,True,False
2024-25,2025-05-03,New York,1,0.992316335439682,0.7919021248817444,1.1997365951538086,0.13531706482172012,0.01628020592033863,0.3145866751670838,26.59491539001465,14.54145565032959,38.529640197753906,0.35275471210479736,0.23713950514793397,0.4777064859867096,19.79345989227295,15.024363613128662,25.306924057006835,0.029627887532114983,0.007929917424917223,0.06219995394349098,0.0636,0.0,0.11285709,0.03469307,0.03131164,05,True,False
2024-25,2025-05-03,New York,2,0.9510865807533264,0.769718587398529,1.1634527444839478,0.13537615537643433,0.01828079894185067,0.31452953815460205,29.60295009613037,17.42736511230469,41.178353500366214,0.40935443341732025,0.2666931927204132,0.5775970816612244,22.894641876220703,17.326902389526367,28.16902599334717,0.029483689926564693,0.008733957074582577,0.06100321561098099,0.0529,0.0,0.10997425,0.03449678,0.030646,05,True,False
2024-25,2025-05-03,Pennsylvania,0,0.9253979325294495,0.6516251564025879,1.1889755725860596,0.2788497507572174,0.0755539983510971,0.5343157052993774,38.936546325683594,28.195656776428223,49.86085395812989,0.5900980234146118,0.41465309262275696,0.7749991416931152,15.734138488769531,11.284473419189453,20.35907382965088,0.04847046546638012,0.015606734901666641,0.08839025348424911,0.0277,0.0,0.112242,0.05267214,0.04617019,05,True,False
2024-25,2025-05-03,Pennsylvania,1,0.9301304519176483,0.7022374212741852,1.1376742124557495,0.22786113619804382,0.050808634608983994,0.4742085933685303,36.72671318054199,28.360239028930664,45.86175537109375,0.6211838722229004,0.39944578111171725,0.8336702644824983,25.605838775634766,18.383625030517578,32.71972732543946,0.03603977523744106,0.008789417333900928,0.07798484414815902,0.0654,0.0,0.11188132,0.04538458,0.04114929,05,True,False
2024-25,2025-05-03,Pennsylvania,2,0.9572482407093048,0.7103230357170105,1.2151010632514954,0.27120229601860046,0.0786062546074391,0.49857269525527964,28.502193450927734,20.011012840270997,35.95676193237305,0.7024272084236145,0.5070355236530304,0.8853041172027588,23.47841453552246,16.85509490966797,29.962114334106445,0.042138271033763885,0.013025821652263406,0.07727930769324304,0.0346,0.0,0.11326617,0.04800856,0.04386821,05,True,False
2024-25,2025-05-03,Vermont,0,1.0834084153175354,0.7222880959510803,1.7703226685523992,0.4062598943710327,0.15120862424373627,0.6677304685115815,30.882253646850586,22.486488342285156,39.31333122253418,0.16314739733934402,0.10632216557860374,0.22867120802402496,11.619082927703857,7.114898204803467,16.349450302124023,0.054511452093720436,0.015423398744314911,0.10547579079866409,0.0431,0.0,0.11016447,0.06057836,0.05143016,05,True,False
2024-25,2025-05-03,Vermont,1,1.1427017450332642,0.7681409597396851,1.880855131149292,0.36796312034130096,0.12595348954200747,0.6438370764255524,30.98530387878418,22.06993885040283,39.376980209350585,0.1561787873506546,0.10297406241297721,0.21756702661514282,12.999560832977295,7.74976396560669,18.954616928100585,0.0504884347319603,0.013713374733924866,0.10584677010774612,0.0416,0.0,0.11020666,0.05618667,0.04802941,05,True,False
2024-25,2025-05-03,Vermont,2,1.276171624660492,0.7347253680229188,2.220507764816285,0.45842301845550537,0.1698654443025589,0.7341739654541016,30.64123821258545,22.067700958251955,38.058115386962896,0.1391669437289238,0.09529471173882485,0.18780092895030975,12.10656213760376,6.788172245025635,17.872231101989748,0.06585144996643066,0.01890358626842499,0.1300365895032883,0.0368,0.0,0.11113085,0.07335848,0.05905195,05,True,False
2024-25,2025-05-03,Wyoming,0,0.842589795589447,0.6192723631858826,1.2956306695938113,0.28059932589530945,0.07839986681938171,0.5020014643669128,26.40604019165039,15.172538948059083,38.5233829498291,0.4350738227367401,0.21652053147554398,0.6625043153762817,10.492560386657715,6.513924551010132,14.79411506652832,0.0531634334474802,0.015016069170087583,0.10194747596979141,0.0401,0.0,0.11222547,0.05843429,0.0471713,05,True,False
2024-25,2025-05-03,Wyoming,1,0.8540357947349548,0.6276552081108093,1.2270055890083313,0.29560479521751404,0.08814659714698793,0.5138055980205536,25.672781944274902,16.59976234436035,35.04513168334961,0.40455156564712524,0.22150731086730957,0.5989041924476624,12.640641689300537,6.941483163833619,19.31912250518799,0.046827856451272964,0.013965068385004997,0.08882786110043527,0.0425,0.0,0.1085486,0.05090155,0.04239086,05,True,False
2024-25,2025-05-03,Wyoming,2,0.8698193430900574,0.6244417428970337,1.2889976501464844,0.3206588327884674,0.10709153488278389,0.5479896068572998,27.175344467163086,19.082096099853516,36.18225860595703,0.367850124835968,0.19615332633256913,0.5520950555801392,11.32819938659668,6.593831968307495,16.34501838684082,0.052786894142627716,0.014511371403932572,0.1010732486844063,0.0423,0.0,0.11129509,0.05723564,0.04521799,05,True,False
2024-25,2025-05-10,Alaska,0,0.864854097366333,0.6274063467979432,1.1977865815162658,0.2809291034936905,0.08435654789209367,0.4984321594238281,28.554020881652832,18.204057502746583,37.94393615722657,0.25537222623825073,0.14555861055850983,0.3759692311286926,14.700411319732666,9.790229797363281,19.738759040832523,0.04629427380859852,0.013438485004007817,0.09117378294467926,0.0415,0.0,0.11303488,0.05141873,0.04486011,05,True,False
2024-25,2025-05-10,Alaska,1,0.8313192129135132,0.615523099899292,1.1180585503578189,0.29091763496398926,0.08735879436135292,0.5020048022270203,29.37783718109131,19.047971534729005,39.035208511352536,0.27579647302627563,0.1575629860162735,0.4020542860031129,13.45926284790039,8.795001983642578,18.310155868530273,0.04877779260277748,0.013833980541676283,0.09561002999544144,0.0399,0.0,0.10873712,0.05362146,0.0450602,05,True,False
2024-25,2025-05-10,Alaska,2,0.9219698309898376,0.6647968292236328,1.2059111118316652,0.23407194763422012,0.05793843790888786,0.4528844356536865,28.796055793762207,18.370969772338867,39.0911979675293,0.21372395753860474,0.12497922033071518,0.30766451358795166,14.481263160705566,9.501182651519775,19.72117443084717,0.04381702095270157,0.01231064461171627,0.08510190770030023,0.0429,0.0,0.11277387,0.04809748,0.04184245,05,True,False
2024-25,2025-05-10,California,0,0.9514555335044861,0.8090372741222381,1.0982861518859863,0.11842089891433716,0.019378314167261126,0.2734379768371582,24.302473068237305,11.462572574615479,36.81761550903321,0.39016586542129517,0.26401782035827637,0.5288940131664277,27.6507568359375,20.95045585632324,34.112963104248045,0.025481000542640686,0.00882400432601571,0.047583350911736495,0.0451,0.0,0.10997758,0.02822808,0.02570871,05,True,False
2024-25,2025-05-10,California,1,1.0004833936691284,0.8693443536758423,1.1552194476127624,0.10689632594585419,0.02137221395969391,0.2192501783370972,19.787155151367188,8.316861152648926,32.49814224243165,0.3447105288505554,0.23527763932943344,0.4636387795209885,27.597497940063477,21.4580020904541,33.92817192077637,0.023458664305508137,0.0080461110919714,0.04482588544487953,0.051,0.0,0.11114618,0.02607424,0.02376232,05,True,False
2024-25,2025-05-10,California,2,0.9730581939220428,0.8497874975204468,1.109429693222046,0.1051425114274025,0.023229570873081685,0.217652028799057,21.376253128051758,8.659806251525879,33.821380615234375,0.3910079002380371,0.26762156188488007,0.51897292137146,31.48836326599121,24.378038597106933,37.537336349487305,0.020591024309396744,0.007042001700028778,0.04076862707734108,0.0604,0.0,0.11163762,0.02343881,0.02136356,05,True,False
2024-25,2025-05-10,New York,0,0.9983632564544678,0.7982585430145264,1.2018506526947021,0.1351073756814003,0.022692959755659103,0.30243974924087524,23.508296966552734,10.083522987365724,37.90849533081055,0.4070172756910324,0.26033897399902345,0.5623682260513306,26.208983421325684,19.26929817199707,33.36520919799805,0.028330372646450996,0.008129330258816481,0.05638696923851967,0.0554,0.0,0.10975294,0.03140119,0.02793177,05,True,False
2024-25,2025-05-10,New York,1,0.913074254989624,0.7040828943252564,1.1145750045776368,0.1745598241686821,0.029115870594978333,0.3909921944141388,25.303848266601562,13.274023914337159,37.3267936706543,0.5026101768016815,0.3305059760808945,0.6756912469863893,21.234379768371582,15.972877502441406,26.47533340454102,0.029420509934425354,0.007666142005473375,0.06196989789605141,0.0667,0.0,0.11230601,0.03445978,0.03012971,05,True,False
2024-25,2025-05-10,New York,2,0.9329080581665039,0.7579413414001465,1.1385704994201662,0.14927785843610764,0.026805436238646507,0.3198639363050461,26.694000244140625,12.407169342041016,41.369001388549805,0.4256240427494049,0.27355310022830964,0.5727236688137055,20.70545482635498,15.186707496643066,26.637582778930664,0.030233890749514103,0.008582503534853458,0.060995823144912725,0.0559,0.0,0.11108998,0.03457744,0.03105155,05,True,False
2024-25,2025-05-10,Pennsylvania,0,0.9178510308265686,0.6564225554466248,1.2751998901367188,0.37623798847198486,0.143563374876976,0.5866226136684418,29.950438499450684,18.48955726623535,37.62303161621094,0.6776115894317627,0.4949856400489807,0.8767739474773409,17.750247955322266,13.2754487991333,22.308565330505374,0.042174989357590675,0.013839321210980415,0.0743355080485344,0.03,0.0,0.11005033,0.0451024,0.03878594,05,True,False
2024-25,2025-05-10,Pennsylvania,1,0.9901862740516663,0.8100067973136902,1.2057851552963257,0.2166324257850647,0.06492072343826294,0.40879085659980774,36.554317474365234,27.264163970947266,46.34663467407227,0.5430625379085541,0.37642478942871094,0.7363173961639404,18.27829933166504,13.659132957458496,23.608518600463867,0.029172558337450027,0.010649459436535835,0.05264414846897125,0.036,0.0,0.11220605,0.03153658,0.02885741,05,True,False
2024-25,2025-05-10,Pennsylvania,2,1.0067018270492554,0.8216641545295715,1.1906173825263977,0.1392630636692047,0.02649853136390448,0.30315345823764805,33.95029067993164,25.223711585998537,42.78494148254395,0.6230317056179047,0.4444538652896881,0.8219591975212097,16.936890602111816,12.836529731750488,20.934162902832032,0.03180723078548908,0.01035480992868543,0.06121758744120598,0.0399,0.0,0.10975513,0.03578594,0.03285572,05,True,False
2024-25,2025-05-10,Vermont,0,0.9922789633274078,0.6372496485710144,1.6346495270729067,0.3905225098133087,0.1354568123817444,0.6612796068191531,28.510085105895996,20.131378173828125,36.71965141296387,0.1874740719795227,0.11210132017731667,0.2606357753276825,14.590493202209473,7.8667658329010015,21.545487213134766,0.06260189414024353,0.015692739561200146,0.12476741597056393,0.0381,0.0,0.11234577,0.06435751,0.05459896,05,True,False
2024-25,2025-05-10,Vermont,1,1.0513228178024292,0.6694551706314087,1.7016160488128662,0.4065105766057968,0.13308462500572205,0.7120804309844972,29.786864280700684,22.029462814331055,37.089744567871094,0.1536516398191452,0.09824974834918976,0.20936131477355957,12.519755363464355,7.670554161071777,17.64003562927246,0.05835063196718693,0.014142220839858055,0.11742096170783053,0.0472,0.0,0.11206493,0.06041266,0.05220713,05,True,False
2024-25,2025-05-10,Vermont,2,0.9825521111488342,0.6450885653495789,1.5402056813240053,0.40923382341861725,0.1321729078888893,0.6975040376186371,29.175511360168457,21.422750091552736,37.61955261230469,0.167110413312912,0.10922101587057115,0.23251031637191774,12.534258842468262,7.620310163497925,18.312725067138672,0.0638098455965519,0.01679938547313214,0.12450430542230606,0.0384,0.0,0.11141632,0.06639423,0.05583626,05,True,False
2024-25,2025-05-10,Wyoming,0,1.098900318145752,0.7906969606876374,1.5756642699241639,0.21555910259485245,0.04259306564927101,0.45567336678504944,29.669519424438477,17.58159275054932,40.73458442687989,0.3403565287590027,0.19396396279335024,0.4972183912992478,9.627951622009277,5.648660755157471,13.882735252380371,0.04526962898671627,0.012468644697219138,0.09047377854585649,0.0448,0.0,0.11294216,0.04836927,0.04163905,05,True,False
2024-25,2025-05-10,Wyoming,1,1.0246614217758179,0.7461006045341492,1.4291197061538696,0.22111865878105164,0.0402660109102726,0.46896132826805115,27.948307037353516,15.7842378616333,38.442710876464844,0.44603231549263,0.22726280987262726,0.6703791618347168,10.656523704528809,5.8698958396911625,15.476490020751953,0.04563312977552414,0.011829992011189462,0.09386017471551895,0.0484,0.0,0.10997316,0.04849069,0.04167709,05,True,False
2024-25,2025-05-10,Wyoming,2,1.0347412824630737,0.7392213642597198,1.4897907972335815,0.23710744827985764,0.05625962652266026,0.4552689909934999,29.380085945129395,15.868684482574464,40.2234992980957,0.40944039821624756,0.2072238296270371,0.6405055165290833,9.22402572631836,5.53225121498108,12.791011810302734,0.04471113160252571,0.01335649034008384,0.08302238583564758,0.0385,0.0,0.1118533,0.0462996,0.03984532,05,True,False
2024-25,2025-05-17,Alaska,0,0.9457268714904785,0.6924883723258972,1.3223074674606323,0.24401362240314484,0.05447080656886102,0.47228413224220284,30.033387184143066,16.170491218566895,41.39975357055664,0.28433382511138916,0.16061569303274156,0.4211443066596985,13.215921401977539,8.528203964233398,18.219969177246096,0.047197794541716576,0.013433700241148478,0.08967293053865434,0.0395,0.0,0.11118264,0.05109895,0.04201896,05,True,False
2024-25,2025-05-17,Alaska,1,0.9969305098056793,0.741994845867157,1.3240315914154053,0.22156358510255814,0.06519343405961991,0.4165157079696655,25.57898235321045,11.046904563903809,37.94069290161133,0.3028118312358856,0.17828403413295746,0.443469512462616,13.904583930969238,9.26409912109375,18.705839157104492,0.039563074707984924,0.011857516318559648,0.07807049006223679,0.041,0.0,0.11198591,0.04434709,0.03863539,05,True,False
2024-25,2025-05-17,Alaska,2,1.0231791734695435,0.7513847947120667,1.4044003486633303,0.20683354139328003,0.04932998865842819,0.41377341747283936,28.780223846435547,15.712563419342041,39.810855865478516,0.23703764379024506,0.13469065576791764,0.3530271351337433,13.886671543121338,9.295120906829835,19.086444854736328,0.04167807288467884,0.011995973438024521,0.08393004387617112,0.042,0.0,0.11070123,0.04704732,0.0402519,05,True,False
2024-25,2025-05-17,California,0,0.9048753976821899,0.743957656621933,1.0560211300849915,0.12802983820438385,0.02230258658528328,0.2865755379199983,29.45619773864746,15.295726776123047,41.9686695098877,0.4284716695547104,0.2974838614463806,0.571149241924286,29.06478214263916,21.57967758178711,35.82332992553711,0.026361925527453423,0.009911877010017636,0.04723702371120453,0.033,0.0,0.11237433,0.02863513,0.02596649,05,True,False
2024-25,2025-05-17,California,1,0.9500302076339722,0.8224040269851685,1.0983240246772767,0.10340265929698944,0.01692076660692692,0.22969588041305547,24.484821319580078,10.391586303710938,40.15948982238771,0.4103187918663025,0.2719670534133911,0.545328450202942,28.501237869262695,21.795658111572266,35.72443237304688,0.022447999566793442,0.008612172678112984,0.04131158143281937,0.0405,0.0,0.11112636,0.02497534,0.02322716,05,True,False
2024-25,2025-05-17,California,2,0.9645439684391022,0.8568523705005646,1.096694850921631,0.09699638187885284,0.017223351262509828,0.21372637152671814,21.47120475769043,10.01325798034668,33.23180389404297,0.3964866101741791,0.27233071625232697,0.5292908549308777,30.864212036132812,24.190250396728516,37.45927467346193,0.020008046180009842,0.007293876726180315,0.03688516095280647,0.0536,0.0,0.11100732,0.02203116,0.0199787,05,True,False
2024-25,2025-05-17,New York,0,0.9298163652420044,0.6980593860149383,1.1319161653518677,0.19765548408031464,0.04628314636647702,0.40369589924812316,25.397024154663086,14.91740245819092,35.7602424621582,0.39699792861938477,0.2629794776439667,0.5432397723197937,23.556249618530273,17.73678207397461,29.60674476623535,0.028911148197948933,0.009166448563337325,0.05825117975473404,0.0506,0.0,0.10936914,0.03185917,0.02860672,05,True,False
2024-25,2025-05-17,New York,1,0.8159506022930145,0.618858814239502,1.057395100593567,0.2625841200351715,0.07993065863847734,0.4623402953147888,30.737549781799316,19.756423377990725,40.03807067871094,0.41632212698459625,0.2872191071510315,0.5435033857822419,21.656957626342773,16.080424308776855,27.30285320281983,0.034323353320360184,0.009708542376756668,0.07048531472682953,0.0531,0.0,0.11039393,0.03832366,0.03209075,05,True,False
2024-25,2025-05-17,New York,2,0.9420166909694672,0.7502522647380829,1.142833495140076,0.16316737234592438,0.03308228403329849,0.34044888615608215,25.235146522521973,14.620147705078125,36.12775802612305,0.3685741573572159,0.252730193734169,0.49323256313800823,22.538677215576172,16.039478302001953,29.556001663208008,0.03122016414999962,0.009844668209552765,0.06251465678215028,0.0428,0.0,0.11075291,0.03445642,0.03110466,05,True,False
2024-25,2025-05-17,Pennsylvania,0,0.8948690295219421,0.6710440516471863,1.2043597340583803,0.38247132301330566,0.1756588935852051,0.5832009315490723,30.49895477294922,23.77640190124512,36.454185485839844,0.6282335817813873,0.4347277581691742,0.8288349270820617,19.029784202575684,13.364235877990723,24.73873519897461,0.0437947828322649,0.01575821191072464,0.07755502834916116,0.0218,0.0,0.11358957,0.0465886,0.04085758,05,True,False
2024-25,2025-05-17,Pennsylvania,1,0.9395443201065063,0.6898745000362396,1.1954931974411012,0.24615206569433212,0.054420582950115204,0.48507437705993656,32.4677734375,23.918582725524903,40.88425788879395,0.5977644324302673,0.40074532330036167,0.8053358435630802,23.431495666503906,17.449432373046875,29.157550048828128,0.02854282595217228,0.009849840123206378,0.0541644923388958,0.0385,0.0,0.11170557,0.03136126,0.02789116,05,True,False
2024-25,2025-05-17,Pennsylvania,2,1.0637353658676147,0.8521454334259033,1.3347028493881226,0.18956318497657776,0.046259325370192526,0.3736974477767945,29.53620719909668,20.19873046875,38.17357635498047,0.5107612311840057,0.3388928472995758,0.6840070545673371,28.962599754333496,21.512577056884766,36.00042915344238,0.03184451349079609,0.009419229812920094,0.060812335461378104,0.0464,0.0,0.11243035,0.03457334,0.03144784,05,True,False
2024-25,2025-05-17,Vermont,0,1.0441994667053223,0.7201462209224702,1.530875563621521,0.2811201810836792,0.0657854676246643,0.5655086517333985,29.197073936462402,20.973163223266603,37.151601791381836,0.1887454092502594,0.1187364101409912,0.2629871815443039,14.026249885559082,8.762584972381593,19.77700805664063,0.04752417281270027,0.011924721207469704,0.09734813198447229,0.0494,0.0,0.11112338,0.05491179,0.04675421,05,True,False
2024-25,2025-05-17,Vermont,1,1.056029498577118,0.6512042880058289,1.7737399339675903,0.43447765707969666,0.18457432091236115,0.6888090014457703,30.646961212158203,21.850595474243164,39.853946685791016,0.16204196214675903,0.09533780440688135,0.2384858161211014,12.627123832702637,7.161904382705689,17.967465591430667,0.05764046497642994,0.014951755851507193,0.11560873687267303,0.0438,0.0,0.10918005,0.06443311,0.053333,05,True,False
2024-25,2025-05-17,Vermont,2,1.063572108745575,0.6843187212944032,1.8134673237800598,0.3756401836872101,0.15318411588668823,0.6217614054679871,31.12110710144043,22.75408935546875,39.92766456604004,0.15797752141952515,0.09242560714483261,0.22990037351846696,13.850163459777832,8.391946125030518,19.504474449157716,0.05938512086868286,0.015662727132439616,0.11630426198244095,0.037,0.0,0.11154628,0.06746528,0.05574075,05,True,False
2024-25,2025-05-17,Wyoming,0,1.058476209640503,0.7020564675331116,1.6148793697357178,0.27758078277111053,0.07691825181245804,0.5141785442829132,30.865680694580078,18.953335571289063,41.092742919921875,0.38576920330524445,0.21132818609476092,0.5912310063838959,8.323622703552246,5.151845836639405,11.723162651062012,0.050639864057302475,0.01483469270169735,0.09144806265830994,0.0337,0.0,0.11022032,0.0541198,0.04672077,05,True,False
2024-25,2025-05-17,Wyoming,1,1.041898250579834,0.740411639213562,1.5063291311264049,0.25792253017425537,0.062465992569923405,0.48643937706947327,30.978500366210938,18.194257736206055,41.51639251708985,0.3690708726644516,0.19911138713359833,0.5708563923835754,10.49146842956543,5.957760334014893,15.767428398132324,0.046184029430150986,0.014596242271363736,0.08743442595005035,0.0357,0.0,0.11036696,0.05128378,0.04537893,05,True,False
2024-25,2025-05-17,Wyoming,2,1.0377943515777588,0.7216464817523957,1.558938026428223,0.27624258399009705,0.07719741016626358,0.5133771300315857,31.582870483398438,20.494644165039062,41.723453521728516,0.36869578063488007,0.19278862029314042,0.5596081018447876,10.110939979553223,5.952819728851319,14.658292293548586,0.052891332656145096,0.016058168560266498,0.10064255446195602,0.0326,0.0,0.11127836,0.05811462,0.05257927,05,True,False
2024-25,2025-05-24,Alaska,0,1.0733575820922852,0.758349609375,1.5513003230094913,0.29413774609565735,0.08174477517604828,0.5339296460151672,32.087080001831055,20.268062591552734,41.543520355224615,0.24078470468521118,0.1348160356283188,0.3503419756889343,15.958649635314941,10.330574989318848,22.176541709899908,0.05215560272336006,0.01442897878587246,0.10482784360647202,0.0448,0.0,0.11196394,0.05408826,0.04757876,05,True,False
2024-25,2025-05-24,Alaska,1,1.1446257829666138,0.7847563624382019,1.65996253490448,0.258081316947937,0.061964817345142365,0.5126265406608582,30.541738510131836,17.710811614990234,40.15970230102539,0.22462384402751923,0.13501109629869462,0.325929206609726,13.465762615203857,9.250680923461914,17.758953094482422,0.04940667189657688,0.015685430914163592,0.09462633132934571,0.0347,0.0,0.11153293,0.05020727,0.04460338,05,True,False
2024-25,2025-05-24,Alaska,2,1.1057343482971191,0.7808667421340942,1.8433481454849243,0.2576899528503418,0.06840807944536209,0.46987180113792426,32.04947471618652,18.800352096557617,42.22928237915039,0.23331710696220398,0.13923600316047668,0.3430469334125519,13.25779104232788,8.957380676269532,17.825273513793945,0.05573180690407753,0.016224152781069284,0.10469286143779755,0.0363,0.0,0.11159415,0.05609985,0.04883856,05,True,False
2024-25,2025-05-24,California,0,1.004548192024231,0.875423789024353,1.1435935616493225,0.0925203263759613,0.014562843181192884,0.20137589275836948,27.464111328125,9.60279302597046,42.006958389282225,0.37600190937519073,0.25407477021217345,0.5078651189804078,22.43552017211914,17.720967864990236,27.164933586120604,0.020765499211847782,0.007757849059998989,0.039047956094145776,0.0478,0.0,0.11157653,0.02267489,0.02079552,05,True,False
2024-25,2025-05-24,California,1,0.9949621856212616,0.8879460692405701,1.1338173151016235,0.08898527547717094,0.016464883275330067,0.19575908631086353,24.192583084106445,9.309655952453616,37.028316497802734,0.44482505321502686,0.2978265583515167,0.5834123849868774,27.661670684814453,22.012556076049805,33.79205322265625,0.021824678406119347,0.008367118425667286,0.041053030639886856,0.039,0.0,0.11201171,0.02344809,0.02133309,05,True,False
2024-25,2025-05-24,California,2,1.0508598685264587,0.9120450615882874,1.2083213925361633,0.10097651183605194,0.018331537023186684,0.21941161155700684,22.21043586730957,7.319680070877075,37.23649978637695,0.37417441606521606,0.258170822262764,0.48907899856567383,26.649227142333984,21.294666290283203,32.31989555358887,0.023069399408996105,0.008153094165027141,0.04144640788435936,0.0478,0.0,0.11212964,0.02518391,0.02312194,05,True,False
2024-25,2025-05-24,New York,0,0.8894379138946533,0.698389208316803,1.0564387559890747,0.17806951701641083,0.04180097989737988,0.3762442380189896,25.18634605407715,15.542908954620362,35.49105453491211,0.4683576375246048,0.32278006076812743,0.6263199806213379,23.85239315032959,17.787890434265137,29.839305877685547,0.028226993046700954,0.007452106242999435,0.05944743603467942,0.0691,0.0,0.11307094,0.03259552,0.02873621,05,True,False
2024-25,2025-05-24,New York,1,0.9383078515529633,0.7440854132175445,1.13667893409729,0.16920918226242065,0.0356922198086977,0.3476070314645768,27.445496559143066,17.132028579711914,37.8440444946289,0.35839931666851044,0.24005756229162217,0.48651473522186284,24.435150146484375,17.50679931640625,31.113395881652835,0.028662465512752533,0.009588832408189774,0.05491689331829548,0.0428,0.0,0.11248287,0.03152352,0.02809355,05,True,False
2024-25,2025-05-24,New York,2,0.9520319402217865,0.7687047779560089,1.1336843132972718,0.1530204638838768,0.02775313146412373,0.3210264831781388,21.740015029907227,9.964787673950196,34.67826499938965,0.4219362139701843,0.26714809238910675,0.5801060020923615,22.28472900390625,16.171097564697266,29.00779323577881,0.03131904453039169,0.00903832819312811,0.061806787550449376,0.0533,0.0,0.11153737,0.03483081,0.03126267,05,True,False
2024-25,2025-05-24,Pennsylvania,0,1.0486661195755005,0.7710608839988708,1.4614784717559814,0.2547752559185028,0.07462258636951447,0.46319038271904,29.850902557373047,18.632204055786133,38.4272274017334,0.6035925149917603,0.4087035655975342,0.7928652346134188,14.4882173538208,10.590142250061035,18.771650123596192,0.03442633897066116,0.011160410940647125,0.06347402930259705,0.0364,0.0,0.11053671,0.0370523,0.03338237,05,True,False
2024-25,2025-05-24,Pennsylvania,1,1.0253188014030457,0.8238651096820832,1.2111470699310303,0.18490338325500488,0.036103034019470216,0.38868170976638794,30.469663619995117,21.74277687072754,38.19205856323242,0.6180323362350464,0.48054051399230957,0.7399017453193665,19.0446720123291,13.856554508209229,24.089237213134766,0.028346254490315914,0.0077340928837656975,0.05838779322803022,0.0631,0.0,0.1128632,0.03312276,0.02921633,05,True,False
2024-25,2025-05-24,Pennsylvania,2,1.1424906253814697,0.928673005104065,1.3849714875221253,0.11970764026045799,0.021373884752392772,0.25606002211570744,36.26431083679199,26.72513198852539,46.07804870605469,0.4602617621421814,0.30165255069732666,0.6427049040794373,21.408239364624023,15.260519981384277,27.24742317199707,0.024472998455166817,0.008534481097012759,0.0458783321082592,0.0492,0.0,0.1125539,0.02806423,0.02586758,05,True,False
2024-25,2025-05-24,Vermont,0,1.0325255393981934,0.6765888273715973,1.7335234284400942,0.37584546208381653,0.12357109040021896,0.6583235681056978,30.56678581237793,22.17460079193115,39.09087982177735,0.16938896477222443,0.10006218403577805,0.24439676105976105,13.579564571380615,8.801761627197266,18.444580078125,0.05594096705317497,0.01617596670985222,0.10571060180664063,0.0348,0.0,0.11252124,0.06003493,0.05049804,05,True,False
2024-25,2025-05-24,Vermont,1,1.146793007850647,0.7484796643257141,1.8182493925094607,0.37121912837028503,0.13983457386493686,0.6264384210109711,28.826311111450195,21.116600036621094,36.163597106933594,0.1641155704855919,0.1020944394171238,0.23452923744916918,14.627399444580078,9.62110424041748,20.249189376831055,0.05698762089014053,0.017345016822218895,0.10750653594732285,0.032,0.0,0.11318896,0.0619703,0.05321964,05,True,False
2024-25,2025-05-24,Vermont,2,1.181468665599823,0.7244027853012085,2.008157253265381,0.39776943624019623,0.12919984459877015,0.696438729763031,28.377967834472656,17.336450576782227,37.422206497192384,0.15247486531734467,0.09788466840982438,0.2103031575679779,14.601134300231934,9.626273155212402,19.613194274902344,0.06272967904806137,0.017410840839147568,0.11891160160303116,0.0356,0.0,0.11193376,0.06759268,0.05584097,05,True,False
2024-25,2025-05-24,Wyoming,0,1.0606634616851807,0.7366779744625092,1.58718341588974,0.3006334453821182,0.08450757712125778,0.546385645866394,32.707265853881836,22.23475341796875,41.497824096679686,0.3853331208229065,0.20848236083984376,0.5774858593940737,9.581417560577393,5.4902633190155035,13.997429847717285,0.0498436875641346,0.015104093588888645,0.09443226009607318,0.0352,0.0,0.11228,0.05233596,0.04445099,05,True,False
2024-25,2025-05-24,Wyoming,1,1.050849735736847,0.7494220554828644,1.5425902009010317,0.2775191366672516,0.06858621761202816,0.49735192358493807,31.013876914978027,19.286257743835453,41.2240291595459,0.41377870738506317,0.2224171280860901,0.6038838803768158,10.164115905761719,5.996764707565307,14.676333236694337,0.05333117954432964,0.017692481167614463,0.09745049476623535,0.0278,0.0,0.11029296,0.05575647,0.04925591,05,True,False
2024-25,2025-05-24,Wyoming,2,1.0686734318733215,0.7550714373588562,1.5707091569900513,0.2530924081802368,0.0626799538731575,0.5036332726478576,32.37657928466797,20.27650852203369,42.679927825927734,0.40081334114074707,0.21307124495506286,0.6005430221557617,9.826776504516602,5.6650331020355225,13.9780855178833,0.05442714877426624,0.01567614935338497,0.1062791496515274,0.0354,0.0,0.11140527,0.05780702,0.05016046,05,True,False
2024-25,2025-05-31,Alaska,0,1.0199976563453674,0.7708665132522583,1.5118332028388983,0.23117636889219284,0.05971473306417465,0.4485209077596666,34.74227333068848,22.362117195129397,45.12176094055176,0.27585914731025696,0.16612762212753296,0.39363877475261694,11.118245124816895,7.93355131149292,14.270943641662598,0.046097157523036,0.015705900825560094,0.08417325094342232,0.029,0.0,0.11271802,0.04917109,0.04398281,05,True,False
2024-25,2025-05-31,Alaska,1,1.1504279971122742,0.807044905424118,1.6178499817848206,0.24480944126844406,0.056725149229168895,0.47606666982173934,31.157012939453125,16.514287757873543,41.73341178894043,0.2338690161705017,0.1382945477962494,0.3297598212957383,13.399808406829834,9.346706008911132,17.78227252960205,0.05282299406826496,0.016114248335361483,0.09894694238901139,0.0319,0.0,0.11310339,0.0570706,0.05086552,05,True,False
2024-25,2025-05-31,Alaska,2,1.0759697556495667,0.770145058631897,1.6047847270965576,0.2617487162351608,0.07864352613687516,0.4842149615287781,34.31679344177246,19.33965072631836,45.196781158447266,0.25044868886470795,0.1531118452548981,0.36957656145095824,12.36740493774414,8.551290512084961,16.536279678344727,0.0503357220441103,0.01295091835781932,0.09992253407835962,0.0451,0.0,0.11236073,0.05552048,0.04836742,05,True,False
2024-25,2025-05-31,California,0,0.995572030544281,0.8762010931968689,1.1375799179077148,0.08866783604025841,0.015572765842080116,0.2068345695734024,26.30916976928711,8.091531753540039,42.59687690734864,0.45314809679985046,0.3139215111732483,0.60658398270607,31.105134963989258,24.95565757751465,37.132144927978516,0.023936592042446136,0.008351473882794381,0.0440659299492836,0.0487,0.0,0.11124358,0.02581308,0.02348761,05,True,False
2024-25,2025-05-31,California,1,1.028390109539032,0.9174971520900727,1.1814032793045044,0.0953509658575058,0.013596331607550385,0.20249071717262282,22.167098999023438,7.256522178649902,36.470924377441406,0.40774181485176086,0.28631608188152313,0.5378549695014954,31.54800033569336,24.98208713531494,37.46689567565918,0.022565564140677452,0.00836985744535923,0.04142823293805123,0.043,0.0,0.11253334,0.02471387,0.02338209,05,True,False
2024-25,2025-05-31,California,2,1.0535932779312134,0.9356192350387573,1.2048296451568605,0.09646973013877869,0.016550806537270552,0.20579320192337036,19.865554809570312,7.443645095825196,34.54747009277344,0.3773815333843231,0.2645610809326172,0.5006897568702698,29.04869842529297,22.750375747680664,35.63839340209961,0.02190832607448101,0.008505804371088744,0.039749794825911546,0.0375,0.0,0.11053145,0.02352975,0.02179943,05,True,False
2024-25,2025-05-31,New York,0,0.9290331602096558,0.7739571988582612,1.0874566912651062,0.12630024552345276,0.022745035216212278,0.27618275880813603,25.47721290588379,13.518857955932617,38.69499206542969,0.40584999322891235,0.27521972954273227,0.5384259223937988,22.974467277526855,17.477582931518555,28.55228614807129,0.027391791343688965,0.008042741566896439,0.05486530885100365,0.0565,0.0,0.11166242,0.03092676,0.02745706,05,True,False
2024-25,2025-05-31,New York,1,0.9185057580471039,0.7769356369972229,1.085478460788727,0.11559183895587921,0.026206938922405266,0.2357320785522461,24.366196632385254,12.941097259521484,37.07550048828125,0.4661788046360016,0.2989086925983429,0.6486858129501343,20.52455425262451,15.906920242309571,25.164684295654297,0.024919654242694378,0.007505808025598526,0.050420157238841065,0.0614,0.0,0.11149078,0.02805347,0.02564575,05,True,False
2024-25,2025-05-31,New York,2,0.8856289684772491,0.7067650914192201,1.055173397064209,0.14027930796146393,0.0189664026722312,0.32934948503971107,28.366862297058105,17.048092460632326,39.57304382324219,0.4572087228298187,0.30695895850658417,0.60713791847229,22.90049934387207,16.458783149719242,29.271580505371098,0.028674756176769733,0.009099112171679736,0.056689199060201645,0.049,0.0,0.11175022,0.03220373,0.02821514,05,True,False
2024-25,2025-05-31,Pennsylvania,0,1.0628721714019775,0.7484625577926636,1.3879075765609745,0.2559608370065689,0.06682320311665536,0.5080951929092409,37.11045455932617,28.557727813720703,45.36420097351075,0.574996292591095,0.3698213994503021,0.8028522431850434,17.345646858215332,13.556795120239258,21.142004013061523,0.03604143112897873,0.00898214960470796,0.07083900272846222,0.0535,0.0,0.11187492,0.039586,0.03455241,05,True,False
2024-25,2025-05-31,Pennsylvania,1,1.0344599485397339,0.8197823226451874,1.2685331463813783,0.20486436784267426,0.05206353962421417,0.4025381624698639,34.13412857055664,23.514119720458986,43.19523239135742,0.6216408014297485,0.4296938419342041,0.8041402697563171,14.828003883361816,11.08807430267334,18.63971710205078,0.03440859355032444,0.011804827488958836,0.06298572942614557,0.0344,0.0,0.11116895,0.03613488,0.0326479,05,True,False
2024-25,2025-05-31,Pennsylvania,2,1.0531671643257141,0.824186509847641,1.2975435256958008,0.1713714450597763,0.030611155554652242,0.39020606875419617,34.64856719970703,23.668357849121094,44.27169265747071,0.6383744478225708,0.440830260515213,0.8336100578308105,17.5690336227417,12.805463790893555,21.97835922241211,0.03882557339966297,0.013056864589452743,0.07074066996574402,0.0293,0.0,0.1104851,0.04150164,0.0369098,05,True,False
2024-25,2025-05-31,Vermont,0,1.1256999373435974,0.7299929857254028,1.8584436178207397,0.37274855375289917,0.14715147018432617,0.626340138912201,30.50162982940674,21.440523147583008,38.516258239746094,0.151210755109787,0.10112215578556061,0.20447011142969132,13.743969440460205,8.454982566833497,19.16311264038086,0.049171607941389084,0.013843937776982784,0.09566619992256165,0.0441,0.0,0.11073241,0.05394342,0.04630364,05,True,False
2024-25,2025-05-31,Vermont,1,1.1249648332595825,0.748560380935669,1.8081151247024536,0.3285541534423828,0.09546113014221191,0.5891375482082368,29.86384105682373,19.152069091796875,39.52868423461914,0.16973931342363358,0.10462503880262375,0.23764326125383378,13.804236888885498,8.290991306304932,19.640369415283203,0.05521414056420326,0.016628893092274666,0.10058267414569855,0.0355,0.0,0.11064364,0.05904617,0.05034186,05,True,False
2024-25,2025-05-31,Vermont,2,1.125672459602356,0.726336944103241,1.781463432312012,0.3567942678928375,0.11398719251155853,0.6113164603710175,29.068089485168457,20.57068634033203,37.05924186706543,0.17498325556516647,0.11116262525320053,0.24332180023193364,13.502687454223633,8.650378322601318,18.564266204833984,0.05715612322092056,0.015740975737571716,0.11136087030172348,0.0369,0.0,0.11265168,0.0630029,0.05295293,05,True,False
2024-25,2025-05-31,Wyoming,0,1.1125941276550293,0.8385855793952942,1.463656008243561,0.22200988978147507,0.05759686976671219,0.4341650605201721,27.831777572631836,13.230354309082031,38.55421447753906,0.4486285299062729,0.2650657743215561,0.6682885885238647,10.312621116638184,5.9320502281188965,14.832534790039062,0.04433606378734112,0.01408689096570015,0.08318056166172028,0.036,0.0,0.11183257,0.04747923,0.04264284,05,True,False
2024-25,2025-05-31,Wyoming,1,1.1337473392486572,0.816182017326355,1.600062370300293,0.24022497236728668,0.07036604732275009,0.46096685528755194,29.586424827575684,18.048110961914062,38.62390136718751,0.45514044165611267,0.2610158920288086,0.662469744682312,10.780957221984863,6.362920427322388,15.490335178375245,0.052224550396203995,0.01706776786595583,0.09851010888814926,0.0296,0.0,0.11223375,0.0552616,0.0492378,05,True,False
2024-25,2025-05-31,Wyoming,2,1.130088448524475,0.8396379888057709,1.5605062246322632,0.23572146892547607,0.060750158503651626,0.4692579478025439,26.041948318481445,10.9934663772583,38.34116744995117,0.4467766135931015,0.2660585939884186,0.6206480860710144,9.720656871795654,5.806125640869141,13.66573715209961,0.049899570643901825,0.014684907812625173,0.09567166864871979,0.035,0.0,0.11088241,0.05425022,0.04860698,05,True,False
2024-25,2025-06-07,Alaska,0,1.058571219444275,0.7037249326705933,1.4716225147247315,0.2997901290655136,0.10036323219537738,0.5261203646659851,31.70060634613037,17.17172622680664,42.65153503417969,0.26391223073005676,0.15598958730697632,0.38111287355422974,14.945401191711426,9.893007278442383,20.1203031539917,0.04861406609416008,0.013812375999987126,0.0963650718331337,0.0393,0.0,0.11313715,0.05416156,0.04802152,06,True,False
2024-25,2025-06-07,Alaska,1,1.058269441127777,0.7627282738685608,1.4491393566131592,0.23893482983112335,0.0610588937997818,0.45264359116554265,34.64918518066406,22.75369510650635,44.3829231262207,0.2349989265203476,0.13615556061267853,0.3396742522716522,13.613070487976074,9.453825950622559,17.99903430938721,0.0439001452177763,0.012656535394489767,0.08705523237586023,0.0408,0.0,0.11123983,0.04925253,0.04328766,06,True,False
2024-25,2025-06-07,Alaska,2,1.0310406684875488,0.7698505580425262,1.874820625782014,0.21343547105789185,0.055188558995723724,0.42870546579360963,34.16670227050781,22.429895401000977,44.57304000854492,0.26803864538669586,0.15453590154647828,0.3899208903312683,11.829531192779541,8.124135017395021,15.481528186798098,0.04797296226024628,0.014017228968441486,0.0938964180648327,0.0402,0.0,0.11139285,0.05378203,0.04669993,06,True,False
2024-25,2025-06-07,California,0,0.977982759475708,0.837298572063446,1.1261473894119263,0.10866634920239449,0.021185223013162613,0.23439325839281092,30.153949737548828,13.286957168579104,43.43351745605469,0.41239580512046814,0.2820507675409317,0.5492158532142639,27.682077407836914,21.642742156982422,33.94547653198242,0.024973823688924313,0.009574074391275644,0.04431649073958399,0.0357,0.0,0.11122066,0.02795059,0.02565549,06,True,False
2024-25,2025-06-07,California,1,1.012848138809204,0.889613926410675,1.1440068483352661,0.08957146108150482,0.014259136002510789,0.2051740437746048,26.749521255493164,11.680423259735107,39.44510078430176,0.3693690896034241,0.24930863082408905,0.4844963371753693,28.941898345947266,22.455890274047853,35.03737297058105,0.02253707777708769,0.008973408956080677,0.03972866013646126,0.0364,0.0,0.1120243,0.0250425,0.0228737,06,True,False
2024-25,2025-06-07,California,2,1.037177860736847,0.919790506362915,1.1809748411178589,0.10870997607707977,0.023306689970195298,0.2128426730632782,17.075278282165527,6.2306787967681885,32.311458587646484,0.4338836669921875,0.299375057220459,0.5808191299438477,27.578742027282715,21.493515014648438,33.49793243408203,0.02179783582687378,0.008221413940191269,0.03870788477361203,0.0432,0.0,0.11051443,0.0236531,0.02158295,06,True,False
2024-25,2025-06-07,New York,0,0.9807100892066956,0.7886419951915741,1.2344861149787902,0.13394036889076233,0.024041249789297583,0.30013231635093696,28.862244606018066,17.064687728881836,40.29115447998047,0.3705505430698395,0.24748015701770784,0.5096865296363831,24.600491523742676,18.44010066986084,31.004087448120117,0.02490373980253935,0.008514438010752202,0.04821358174085617,0.0489,0.0,0.11207667,0.02780235,0.0250955,06,True,False
2024-25,2025-06-07,New York,1,0.9473366737365723,0.7167129993438721,1.1901132345199585,0.16604074090719223,0.026947727426886565,0.36438385844230653,28.564674377441406,14.633177947998048,41.88504142761231,0.43166759610176086,0.2780963182449341,0.6008582711219789,19.77158546447754,14.92616195678711,24.593437004089356,0.032905278727412224,0.008831944316625595,0.0700394183397293,0.0599,0.0,0.10874175,0.03908396,0.03509364,06,True,False
2024-25,2025-06-07,New York,2,0.9453986287117004,0.8191106855869293,1.1190969944000244,0.1033913716673851,0.018188349902629852,0.21718421578407288,25.320104598999023,13.643133354187013,38.226505279541016,0.42545461654663086,0.27894729375839233,0.5860695123672486,21.97688865661621,16.66914939880371,27.70969810485841,0.02369370497763157,0.008096682839095592,0.04499849788844586,0.0537,0.0,0.11272084,0.02629198,0.02405167,06,True,False
2024-25,2025-06-07,Pennsylvania,0,1.1252847909927368,0.9430044591426849,1.336921000480652,0.17975890636444092,0.03691937737166883,0.3587427526712418,29.78382968902588,21.932812118530272,36.54996337890625,0.6435004770755768,0.45960324704647065,0.8247514367103577,18.4261417388916,13.333262634277343,24.01820240020752,0.03400329872965813,0.010344595927745105,0.06655532866716385,0.0447,0.0,0.11129123,0.03893234,0.03609041,06,True,False
2024-25,2025-06-07,Pennsylvania,1,1.059078872203827,0.822544151544571,1.2845712900161743,0.17426402866840363,0.025521981902420523,0.39282065629959106,35.88142395019531,24.884233474731445,45.23757400512695,0.6144543886184692,0.42330625653266907,0.8144254684448242,16.319103240966797,12.041601276397705,21.013408660888672,0.031955162063241005,0.008217950351536274,0.0669691950082779,0.0637,0.0,0.11233839,0.03750356,0.03383235,06,True,False
2024-25,2025-06-07,Pennsylvania,2,1.1158032417297363,0.9134169220924377,1.3779262185096743,0.18404735624790192,0.04083533585071564,0.3771575093269348,29.472148895263672,20.675527572631836,37.2531852722168,0.6234710216522217,0.43837589025497437,0.8140342116355896,16.334720611572266,12.30647087097168,19.988723754882812,0.03473115339875221,0.012653820216655731,0.06262488439679147,0.0234,0.0,0.11258224,0.03746903,0.03433248,06,True,False
2024-25,2025-06-07,Vermont,0,1.076253354549408,0.6927481889724731,1.8053030371665955,0.39706361293792725,0.17911009341478348,0.6362622559070588,30.49949836730957,22.95513324737549,37.2825252532959,0.161296084523201,0.09567615017294884,0.22730457037687302,13.213106155395508,8.517525482177735,18.321512603759768,0.0551930908113718,0.01630960199981928,0.10314439162611962,0.0344,0.0,0.11029702,0.05816787,0.04975248,06,True,False
2024-25,2025-06-07,Vermont,1,1.07304048538208,0.6964377164840698,1.6368875503540041,0.3308355361223221,0.0934476710855961,0.6107153296470642,31.033421516418457,23.615797233581542,38.27621574401856,0.1572357565164566,0.10251075103878975,0.21457090526819228,14.033551216125488,9.568661975860596,18.590183067321778,0.051507167518138885,0.016323473863303663,0.09717857316136361,0.0307,0.0,0.11031451,0.05438761,0.04765204,06,True,False
2024-25,2025-06-07,Vermont,2,1.1092054843902588,0.6911504685878754,1.840438485145569,0.4131164699792862,0.18039820343256,0.6555280089378357,29.27854633331299,20.930471801757815,36.82142372131348,0.15668343007564545,0.10442069843411446,0.21122888922691346,14.16928768157959,8.94824504852295,19.832442474365237,0.058191023766994476,0.0168777272105217,0.10862020403146744,0.0336,0.0,0.11025766,0.06157703,0.05180081,06,True,False
2024-25,2025-06-07,Wyoming,0,1.045553207397461,0.7282988488674164,1.6358632683753969,0.2502114772796631,0.06642783433198929,0.4651046216487886,30.091288566589355,18.651185989379883,40.408620071411136,0.39476829767227173,0.1955535113811493,0.5888165056705476,10.020750045776367,5.931274890899658,14.392778491973877,0.04803517460823059,0.015534204430878162,0.08741320222616197,0.0319,0.0,0.10945359,0.05176978,0.04598182,06,True,False
2024-25,2025-06-07,Wyoming,1,0.9992047548294067,0.711006474494934,1.4728564500808718,0.23539207875728607,0.06942982077598575,0.4356222152709961,28.53890037536621,17.67083854675293,38.726524353027344,0.46719130873680115,0.24239666759967804,0.7034541189670563,10.606796264648438,6.038327217102051,15.82636413574219,0.04757067374885082,0.015135136153548959,0.09158721491694452,0.0329,0.0,0.11156833,0.05401362,0.04730037,06,True,False
2024-25,2025-06-07,Wyoming,2,1.0215206742286682,0.6982985734939575,1.5279195427894594,0.2879560589790344,0.08507446572184563,0.5077305853366852,29.414247512817383,17.053316116333008,40.02065811157227,0.4331234246492386,0.2216246947646141,0.6392072379589081,11.057438373565674,5.732839584350586,16.696434020996094,0.05356215499341488,0.015225424338132143,0.10357398688793183,0.0371,0.0,0.11243027,0.05967759,0.05224022,06,True,False
2024-25,2025-06-14,Alaska,0,1.0801920294761658,0.8016799688339233,1.4943187355995178,0.26027023792266846,0.08111257478594781,0.48673418164253235,37.75152587890625,27.226030349731445,46.68838119506836,0.19512919336557388,0.11596618965268135,0.2844375103712082,15.847659587860107,10.71483335494995,21.594659423828126,0.042319247499108315,0.012188782356679442,0.07981476560235025,0.0408,0.0,0.11323918,0.04650261,0.04155742,06,True,False
2024-25,2025-06-14,Alaska,1,1.1228948831558228,0.8220946788787842,1.5238142490386968,0.22655744850635529,0.04991163685917854,0.4257744252681732,34.021812438964844,19.27024021148682,44.226996231079106,0.23666320741176605,0.14391700476408004,0.33936023712158203,17.154394149780273,11.573686504364014,23.029580116271973,0.04263989068567753,0.014911282435059549,0.07672004476189616,0.0231,0.0,0.11085115,0.04577653,0.04092217,06,True,False
2024-25,2025-06-14,Alaska,2,1.1357814073562622,0.8540062308311462,1.58097505569458,0.207990862429142,0.04917173124849797,0.4129941940307617,33.25405693054199,19.067148208618164,44.09792404174805,0.22540663182735443,0.1330956369638443,0.33184282183647157,14.330715656280518,10.008314514160157,18.876621055603028,0.042236924171447754,0.012775554787367584,0.0793527290225029,0.0327,0.0,0.1152036,0.04608757,0.04187831,06,True,False
2024-25,2025-06-14,California,0,0.9573848247528076,0.8254553318023682,1.0886613845825195,0.1023108996450901,0.02018209733068943,0.22143703699111938,33.935401916503906,18.31959342956543,46.00407028198242,0.43716564774513245,0.299541711807251,0.5936802625656128,30.796286582946777,24.708833694458008,36.66519546508789,0.02150840498507023,0.008521526958793402,0.03843602910637856,0.0373,0.0,0.11067014,0.0234662,0.02168174,06,True,False
2024-25,2025-06-14,California,1,1.0392886400222778,0.9000543117523193,1.1752016067504882,0.09606143087148666,0.01416905960068107,0.21867427527904512,26.153803825378418,11.98858919143677,39.346431732177734,0.3491928428411484,0.24138826578855516,0.45873855650424955,29.40505886077881,23.338697814941405,35.37965621948242,0.02432842366397381,0.00985217047855258,0.041721718385815634,0.0276,0.0,0.11043025,0.02609592,0.02414923,06,True,False
2024-25,2025-06-14,California,2,0.9848485589027405,0.8453375101089478,1.125482797622681,0.10679668933153152,0.014012852683663368,0.2380707561969757,28.652732849121094,11.831221580505371,43.675716400146484,0.4340643286705017,0.30399346351623535,0.5752381086349487,27.227657318115234,20.7917387008667,33.87462539672852,0.02202085591852665,0.008618281409144403,0.040855612605810165,0.0358,0.0,0.11296595,0.02449368,0.02264774,06,True,False
2024-25,2025-06-14,New York,0,0.9748449325561523,0.8076808393001557,1.161576747894287,0.13672930002212524,0.025380881503224373,0.3033120095729829,30.243698120117188,15.147756576538086,43.33340606689453,0.44032086431980133,0.30203938484191895,0.5925372242927551,25.39102077484131,18.904136657714844,31.650096893310547,0.028680279850959778,0.008436419069766998,0.057252220809459686,0.0532,0.0,0.11208507,0.03167108,0.02809619,06,True,False
2024-25,2025-06-14,New York,1,0.9979943633079529,0.8517058491706848,1.1926770210266113,0.11413410305976868,0.020570979826152337,0.24046028703451158,28.52743625640869,15.088404655456543,41.56334533691407,0.40393970906734467,0.27505377233028416,0.5279484391212463,21.389774322509766,16.69780158996582,26.27730369567871,0.02726319618523121,0.009159897267818452,0.052201047539711,0.0463,0.0,0.11189829,0.02957373,0.02669524,06,True,False
2024-25,2025-06-14,New York,2,0.9923777282238007,0.8513361096382142,1.1891754388809204,0.1161995492875576,0.021544002927839763,0.25605472922325134,27.190546989440918,15.693780899047853,38.00082778930664,0.4174407720565796,0.27906044721603396,0.5647366106510163,24.77198028564453,19.389195060729982,30.28778839111328,0.023278389126062393,0.007925351150333881,0.045040715485811234,0.0523,0.0,0.11340365,0.02529637,0.02351086,06,True,False
2024-25,2025-06-14,Pennsylvania,0,1.022890865802765,0.8000604689121247,1.282150709629059,0.20052822679281235,0.047097377479076385,0.40253081917762756,34.09421920776367,14.248884582519532,46.46845626831055,0.6875116527080536,0.4940041542053223,0.8890473663806917,18.239837646484375,13.076211833953858,23.40188217163086,0.029472067020833492,0.008652358502149581,0.05769451484084131,0.0556,0.0,0.11241451,0.03336714,0.03039411,06,True,False
2024-25,2025-06-14,Pennsylvania,1,1.0311726927757263,0.8427556216716766,1.2557364702224731,0.14243166893720627,0.02146877404302359,0.3177285909652711,35.87421226501465,24.883534240722657,44.80440139770508,0.6913506090641022,0.503556102514267,0.8817950189113617,18.338915824890137,13.880912017822267,23.935253715515138,0.03004801832139492,0.008375497162342073,0.062020381540060045,0.0559,0.0,0.11042186,0.03605974,0.03283958,06,True,False
2024-25,2025-06-14,Pennsylvania,2,0.9982424378395081,0.8119199454784394,1.198019027709961,0.1713968813419342,0.03603910654783249,0.37244659662246704,39.09847640991211,29.776465606689452,48.43470764160156,0.6638686060905457,0.4647728502750397,0.8496379852294922,17.015231132507324,12.695117950439453,21.46215057373047,0.03093811683356762,0.008312661200761795,0.06285775080323219,0.063,0.0,0.11274113,0.03547299,0.03226062,06,True,False
2024-25,2025-06-14,Vermont,0,1.1035865545272827,0.7069765329360962,1.7759374380111697,0.35356083512306213,0.12033205032348636,0.611473435163498,28.52464771270752,20.10853443145752,36.631420898437504,0.15871719270944595,0.10538307949900627,0.21074532717466357,16.568289756774902,9.593778038024903,23.845720863342287,0.0539943091571331,0.01726145464926958,0.09830595329403878,0.0278,0.0,0.1122443,0.05620089,0.04816732,06,True,False
2024-25,2025-06-14,Vermont,1,1.0160772800445557,0.6859175980091095,1.5508516907691956,0.3220868855714798,0.10590199753642084,0.5589773237705231,29.725478172302246,22.10298900604248,37.9542781829834,0.16664310544729233,0.10823390260338783,0.2261822044849396,18.088035583496094,10.787304306030274,25.787342071533203,0.047974392771720886,0.015414120722562076,0.0901973769068718,0.0309,0.0,0.11264664,0.0507319,0.04321247,06,True,False
2024-25,2025-06-14,Vermont,2,1.0196605324745178,0.6630927443504333,1.5831228852272037,0.34454914927482605,0.1237782157957554,0.5840132176876068,29.036707878112793,20.73577003479004,36.68704452514648,0.1903270035982132,0.1107628956437111,0.2729624181985855,16.470394134521484,10.053580284118652,23.5318660736084,0.05348466709256172,0.0158292917534709,0.10575874522328378,0.036,0.0,0.11341628,0.0577675,0.04906432,06,True,False
2024-25,2025-06-14,Wyoming,0,0.9241757094860077,0.6384085416793823,1.3221654891967773,0.3108338713645935,0.10864982008934024,0.5389916956424716,30.038719177246094,21.295197105407716,38.44240951538086,0.41848643124103546,0.22814123183488846,0.6193337500095368,8.650513648986816,5.432266712188721,12.212641716003418,0.054486390203237534,0.017869465053081512,0.0977623239159584,0.0234,0.0,0.10999853,0.05558515,0.04778504,06,True,False
2024-25,2025-06-14,Wyoming,1,0.9840404391288757,0.689519876241684,1.3530708432197571,0.23136279731988907,0.05314371734857559,0.4329042881727219,29.7565860748291,20.014589309692383,38.23403472900391,0.38339558243751526,0.17686591148376468,0.5933158993721008,10.062149047851562,5.8236775398254395,14.528017616271974,0.044662054628133774,0.014336401037871838,0.08409304916858673,0.0315,0.0,0.10939992,0.04651622,0.04160133,06,True,False
2024-25,2025-06-14,Wyoming,2,0.9734748601913452,0.6651030242443084,1.356337583065033,0.24558693915605545,0.06870187073945999,0.46235960721969604,27.301883697509766,14.965714454650879,39.033103942871094,0.425871342420578,0.2293068766593933,0.6188490986824036,9.20301342010498,5.439346790313721,12.98714542388916,0.048341549932956696,0.015276835300028324,0.09003540128469467,0.0296,0.0,0.11008496,0.04908296,0.04340185,06,True,False
2025-26,2025-08-30,Alaska,0,1.2581844329833984,0.6861613631248474,2.1918246746063232,0.4622858762741089,0.12826669812202457,0.8186869740486149,27.170507431030273,11.025850582122803,42.60491600036622,0.006353788310661912,0.0020000000949949026,0.033345755934715275,10.14686632156372,3.258465170860291,25.318370819091797,0.08236926794052124,0.004999999888241291,0.25384700298309326,0.1085,0.0015,0.11052438,0.1155696,0.08194257,08,False,False
2025-26,2025-08-30,Alaska,1,1.2637016773223877,0.6747723519802094,2.159703016281128,0.4586004167795181,0.13467545807361603,0.8243804693222047,26.557144165039062,9.82275915145874,42.30059814453125,0.006738156545907259,0.0020000000949949026,0.03542348183691503,10.166463851928711,3.303431248664856,26.019759750366212,0.08463189005851746,0.005630794912576675,0.2546775937080386,0.0978,0.0018,0.11347975,0.11575344,0.0845573,08,False,False
2025-26,2025-08-30,Alaska,2,1.2446706295013428,0.6886873245239258,2.099819326400757,0.44218677282333374,0.11317411065101624,0.8193497061729431,28.189468383789062,10.83702564239502,44.05353546142578,0.00613847142085433,0.0020000000949949026,0.032991692423820496,10.042324542999268,3.2002224922180176,24.21802845001221,0.08608590811491013,0.005543077085167176,0.2709618479013444,0.099,0.0016,0.11146108,0.1185439,0.08548008,08,False,False
2025-26,2025-08-30,California,0,1.262450397014618,0.8243245482444763,2.062962293624878,0.37246203422546387,0.07377905398607254,0.7749882936477661,27.56175422668457,10.467923164367676,44.23810577392578,0.002932303585112095,0.0020000000949949026,0.006343809422105551,18.060205459594727,6.653653287887574,30.971282958984375,0.07257887721061707,0.004999999888241291,0.2264099270105362,0.1217,0.0011,0.11242675,0.10667063,0.08182026,08,False,False
2025-26,2025-08-30,California,1,1.3486734628677368,0.8291527271270752,2.139637064933778,0.4151974022388458,0.10110767185688019,0.7914520978927615,25.953989028930664,11.073802947998047,40.75516014099121,0.002924662781879306,0.0020000000949949026,0.0069859792012721324,15.905304908752441,5.629666328430176,30.454858779907227,0.06512190774083138,0.004999999888241291,0.19997935295104985,0.1236,0.0001,0.11048481,0.09794292,0.07544919,08,False,False
2025-26,2025-08-30,California,2,1.2608501315116882,0.760764217376709,2.12506639957428,0.45374929904937744,0.09051228538155556,0.8018368482589722,25.683876991271973,8.795533084869387,44.631263732910156,0.0029921208042651415,0.0020000000949949026,0.006889519095420845,15.925476551055908,5.579169273376465,32.856258392333984,0.07190689072012901,0.004999999888241291,0.20732828974723816,0.1094,0.0007,0.11225122,0.10777533,0.08138055,08,False,False
2025-26,2025-08-30,New York,0,0.9496541023254395,0.6170252323150635,1.541996717453003,0.43733352422714233,0.11622448861598973,0.8304087400436402,25.651702880859375,11.200352668762207,40.94792366027832,0.008528823964297771,0.0020000000949949026,0.01947761680930853,9.955962181091309,3.6360155820846556,24.14876365661621,0.08137481659650803,0.004999999888241291,0.25805261731147766,0.1123,0.0011,0.11366375,0.12020355,0.08842909,08,False,False
2025-26,2025-08-30,New York,1,0.9980759918689728,0.6257448196411133,1.7642843365669252,0.5183558464050293,0.1421879604458809,0.8751690387725831,26.65051555633545,12.703712844848633,41.28428611755371,0.00660428823903203,0.0020000000949949026,0.017540542967617513,10.056001663208008,3.528753399848938,23.349952507019044,0.07923077791929245,0.004999999888241291,0.24556213766336446,0.1243,0.0021,0.11357702,0.11579629,0.08622167,08,False,False
2025-26,2025-08-30,New York,2,0.976158618927002,0.6440261840820313,1.7145654797554017,0.4620254933834076,0.11030811965465546,0.8445148766040802,26.700584411621094,13.510830783843996,40.512840270996094,0.0068586841225624084,0.0020000000949949026,0.017519905604422095,11.100138187408447,3.7408157825469974,25.74686851501465,0.07386872172355652,0.004999999888241291,0.22055393755435954,0.1103,0.0007,0.10770274,0.10586414,0.08040443,08,False,False
2025-26,2025-08-30,Pennsylvania,0,1.45954167842865,0.8009831309318542,2.416452646255493,0.4293503165245056,0.10223381966352463,0.816492646932602,25.99449348449707,8.501092910766602,44.4721290588379,0.019930291920900345,0.005451268050819635,0.06007989682257177,8.933849334716797,3.013477087020874,24.378522872924805,0.08333935588598251,0.004999999888241291,0.26968103647232056,0.1131,0.0032,0.11297428,0.12266402,0.0858583,08,False,False
2025-26,2025-08-30,Pennsylvania,1,1.3771255016326904,0.7790907025337219,2.328247547149658,0.42708081007003784,0.0926190085709095,0.802606463432312,23.809948921203613,7.907931852340699,43.443092346191406,0.025143515318632126,0.0061219315975904465,0.06610652804374695,7.707160949707031,2.842256784439087,19.592622756958008,0.08985307812690735,0.004999999888241291,0.2526381343603135,0.1034,0.0026,0.11465573,0.12196731,0.08691854,08,False,False
2025-26,2025-08-30,Pennsylvania,2,1.4691457748413086,0.7827763676643372,2.4565274715423584,0.4761199951171875,0.13127827644348145,0.8516640305519106,26.417933464050293,8.665369987487793,45.512873077392584,0.022068418562412262,0.006370151415467264,0.06675869971513748,7.160527944564819,2.6555409193038946,16.260875129699706,0.08690042793750763,0.009640174824744469,0.26877284049987793,0.0842,0.0023,0.11204898,0.11720016,0.08471033,08,False,False
2025-26,2025-08-30,Vermont,0,1.2283657789230347,0.6261953115463257,2.3895748376846315,0.5210269093513489,0.13249086141586303,0.890741378068924,27.623638153076172,9.904236793518066,43.89813766479493,0.037814438343048096,0.0020000000949949026,0.1468712955713273,0.286714643239975,0.10000000149011612,0.6643794178962708,0.10151587426662445,0.007268641935661436,0.3076156884431841,0.0916,0.0054,0.11298604,0.13167205,0.09235063,08,False,False
2025-26,2025-08-30,Vermont,1,1.2386608719825745,0.6235887587070466,2.3712034225463867,0.5390179455280304,0.15440467298030855,0.8889839351177216,26.8066463470459,8.413332748413087,43.50912246704102,0.03846774250268936,0.0020000000949949026,0.15109831541776658,0.3523631989955902,0.10000000149011612,0.8914955258369446,0.09844866394996643,0.008486674260348083,0.28136095404624945,0.0878,0.0017,0.11185757,0.12341319,0.08776033,08,False,False
2025-26,2025-08-30,Vermont,2,1.2280653715133667,0.6258139491081238,2.377541470527649,0.5247405171394348,0.15483713448047637,0.8808649182319641,26.900360107421875,9.09019594192505,43.89718627929688,0.0386140551418066,0.0020000000949949026,0.15082956701517106,0.3609236776828766,0.10000000149011612,0.9006925225257874,0.103020329028368,0.007371237035840752,0.31452307999134066,0.0923,0.0027,0.11474794,0.13188404,0.09144745,08,False,False
2025-26,2025-08-30,Wyoming,0,0.8831891119480133,0.6000000238418579,2.1277584791183473,0.6074904501438141,0.20738252401351928,0.9198657035827636,27.146706581115723,13.440471363067626,40.248531341552734,0.007634249283000827,0.0020000000949949026,0.048819348588585866,1.8787219524383545,0.10000000149011612,14.353437328338627,0.10155723616480827,0.007545723952353006,0.31263468861579896,0.0932,0.0048,0.11158263,0.13243996,0.09022955,08,False,False
2025-26,2025-08-30,Wyoming,1,0.9212024211883545,0.6000000238418579,2.1434986829757694,0.6080354452133179,0.2191728100180626,0.9080199360847473,27.262282371520996,12.672843933105469,40.55835723876953,0.006846783449873328,0.0020000000949949026,0.051132103055715576,1.5276650786399841,0.10000000149011612,12.458478927612305,0.09626855328679085,0.006349039729684591,0.30397348701953897,0.0955,0.002,0.10945729,0.12527325,0.08644055,08,False,False
2025-26,2025-08-30,Wyoming,2,0.9206164479255676,0.6000000238418579,2.07153582572937,0.6056360900402069,0.21097007691860203,0.9197246730327606,27.365419387817383,13.422321319580078,40.52202110290528,0.007755127735435963,0.0020000000949949026,0.0514788579195738,1.4344360828399658,0.10000000149011612,10.342542839050294,0.09866045415401459,0.00841190814971924,0.28302615880966187,0.0889,0.0025,0.11274063,0.12630691,0.08833104,08,False,False
2025-26,2025-09-20,Alaska,0,1.5359386205673218,0.8204624235630036,2.4743459224700928,0.4670867621898651,0.13852337598800663,0.8131013512611389,26.599838256835938,10.022212982177734,42.236534118652344,0.01027059555053711,0.0020000000949949026,0.04088686406612396,9.49159288406372,1.913516485691071,21.72563934326172,0.09116435796022415,0.009523460734635626,0.24306759238243103,0.0811,0.0021,0.11160821,0.12632177,0.09041066,09,True,False
2025-26,2025-09-20,Alaska,1,1.4988664388656616,0.8020783066749573,2.453314781188965,0.4487321376800537,0.13291962444782257,0.7932032942771912,26.0105037689209,8.566580772399902,42.69510269165039,0.009025204461067915,0.0020000000949949026,0.051296912133693695,9.62647819519043,2.172567844390869,22.468019485473633,0.09267301484942436,0.0082934545353055,0.25525832176208496,0.0873,0.0006,0.11224629,0.12803732,0.09294184,09,True,False
2025-26,2025-09-20,Alaska,2,1.492445468902588,0.7698706984519958,2.4857017993927,0.47683876752853394,0.15214259922504425,0.8073193073272706,24.82775115966797,7.864310646057129,42.79078483581544,0.009999777190387249,0.0020000000949949026,0.04175924137234688,9.441149711608887,2.1033170223236084,22.03963031768799,0.0973786860704422,0.01476594340056181,0.2629314661026001,0.0644,0.0015,0.11123519,0.12232406,0.08815143,09,True,False
2025-26,2025-09-20,California,0,1.4206115007400513,0.8565363883972168,2.228140354156494,0.42777058482170105,0.13138632476329803,0.7332685589790344,28.022441864013672,10.558751106262207,42.14458465576172,0.004455536603927612,0.0020000000949949026,0.011592707131057978,13.676581382751465,6.043263912200928,24.04276733398438,0.0660598836839199,0.006113977171480656,0.16563108563423157,0.0963,0.0,0.10982078,0.0863945,0.07060844,09,True,False
2025-26,2025-09-20,California,1,1.4934287071228027,0.9172070026397705,2.3691869735717774,0.4249535799026489,0.10711322799324992,0.7724255979061129,27.714111328125,12.642422580718996,41.188350677490234,0.004013845464214683,0.0020000000949949026,0.00959177296608687,15.22366714477539,6.636735439300537,28.030847549438477,0.07271519303321838,0.008289836347103119,0.18966782093048096,0.0821,0.0001,0.11374455,0.09355845,0.07552431,09,True,False
2025-26,2025-09-20,California,2,1.3351516723632812,0.7941065430641174,2.152968215942383,0.3831484019756317,0.08608760684728622,0.7544035911560059,26.229384422302246,8.969706439971926,40.916873931884766,0.005121119320392609,0.0020000000949949026,0.01768331602215767,13.868873119354248,5.9216681957244885,26.369911193847656,0.06768595427274704,0.004999999888241291,0.18586687743663788,0.1131,0.0002,0.11264022,0.09149907,0.07241103,09,True,False
2025-26,2025-09-20,New York,0,1.0273778438568115,0.707870364189148,1.6156504154205322,0.3432115614414215,0.07593208551406862,0.7136093258857731,27.966678619384766,11.357251167297363,42.90052795410156,0.005211306270211935,0.0020000000949949026,0.011922374367713933,18.54208755493164,7.6531453132629395,31.897520065307617,0.0640358105301857,0.006046728044748308,0.16693930327892303,0.0967,0.0,0.11332845,0.08394707,0.0687082,09,True,False
2025-26,2025-09-20,New York,1,1.1050410270690918,0.6987740635871887,1.9393957972526552,0.46146827936172485,0.12781507372856143,0.8533773422241211,28.769847869873047,14.102703094482422,42.06219482421875,0.004899804946035147,0.0020000000949949026,0.010999222286045551,17.23756504058838,7.925981616973878,29.819034576416016,0.07370750606060028,0.005128389690071344,0.20213481336832062,0.0998,0.0001,0.11337486,0.09500013,0.07377276,09,True,False
2025-26,2025-09-20,New York,2,1.2006226181983948,0.753121566772461,2.011486840248108,0.4870270639657974,0.1310080885887146,0.8398754000663757,29.55805778503418,16.459613800048828,40.20355567932129,0.004916598554700613,0.0020000000949949026,0.01083360891789198,17.634654998779297,7.857903671264649,29.567607879638672,0.06896541640162468,0.0065485709346830845,0.18885748088359833,0.0931,0.0,0.11180352,0.0915278,0.07116693,09,True,False
2025-26,2025-09-20,Pennsylvania,0,1.1552008390426636,0.7262337982654572,1.973860967159272,0.41190582513809204,0.12177333235740662,0.7840393602848059,24.287702560424805,9.53778657913208,40.34999618530275,0.06075187958776951,0.030506214126944542,0.10058431252837184,16.983776092529297,6.901500511169433,28.338001251220703,0.07324585318565369,0.0058814174029976135,0.1919947862625122,0.0956,0.0,0.10920781,0.09962293,0.07749999,09,True,False
2025-26,2025-09-20,Pennsylvania,1,1.2253604531288147,0.683025062084198,2.111747717857361,0.5324115753173828,0.20555387884378434,0.8339094579219819,25.52611541748047,7.35276985168457,42.3321418762207,0.05905376374721527,0.029003250412642973,0.09677150025963786,13.955466270446777,6.243788242340088,26.922222137451172,0.07908035814762115,0.00556176817044616,0.21239496767520905,0.0986,0.0002,0.1102156,0.10575643,0.07904094,09,True,False
2025-26,2025-09-20,Pennsylvania,2,1.0662372708320618,0.7215054571628571,1.9210054755210881,0.38039229810237885,0.07466714680194855,0.7781143724918366,22.382551193237305,6.169169759750367,45.24154281616211,0.05383753776550293,0.02647296451032162,0.08876955509185791,18.467634201049805,7.369194984436035,31.32688217163086,0.07771138101816177,0.007282937411218882,0.19881858825683596,0.0895,0.0006,0.11107026,0.10277816,0.08069764,09,True,False
2025-26,2025-09-20,Vermont,0,1.0582424402236938,0.6045143961906433,2.2414910793304443,0.5073502659797668,0.17001795768737793,0.8467953205108643,27.39701271057129,12.21612176895142,42.60590782165528,0.04653371125459671,0.0020000000949949026,0.13159678280353548,1.5194222927093506,0.10000000149011612,4.070106506347656,0.09910400211811066,0.012531237676739693,0.25997790694236755,0.0783,0.0015,0.1099435,0.12427117,0.08922086,09,True,False
2025-26,2025-09-20,Vermont,1,1.0667957067489624,0.6080861568450928,2.293104410171509,0.5060131549835205,0.16868425905704498,0.8538985133171082,26.723657608032227,11.445331573486328,41.43151588439942,0.04202413000166416,0.0020000000949949026,0.12009993717074394,1.4166314601898193,0.10000000149011612,3.8869101285934455,0.10269187390804291,0.009028728120028973,0.2747328519821168,0.0852,0.0012,0.11097542,0.12917171,0.09246821,09,True,False
2025-26,2025-09-20,Vermont,2,1.0602755546569824,0.6068853974342346,2.2354094982147217,0.5239244699478149,0.18029777705669403,0.8720482468605042,27.2434024810791,11.722402477264408,42.17076873779297,0.04353328049182892,0.0020000000949949026,0.12653549760580063,1.388384222984314,0.10000000149011612,3.873814582824707,0.09978736191987991,0.012602068483829498,0.26166086494922636,0.0734,0.0006,0.11154669,0.12409208,0.0900162,09,True,False
2025-26,2025-09-20,Wyoming,0,1.1384466886520386,0.666004091501236,2.0326120853424077,0.47577986121177673,0.14466403126716615,0.831616920232773,24.987199783325195,11.71368980407715,40.84942626953125,0.02428680844604969,0.002487046504393222,0.05662891678512097,6.533218860626221,1.8788169503211978,17.97597484588624,0.09106454253196716,0.011214932426810265,0.2529923617839813,0.0805,0.0006,0.10956906,0.11839275,0.08908769,09,True,False
2025-26,2025-09-20,Wyoming,1,1.101786732673645,0.6574390649795533,2.131947803497316,0.5183838605880737,0.16948243975639343,0.8491283059120178,23.6171817779541,10.346649169921877,39.34598159790039,0.026640670374035835,0.0031195308547466993,0.06089647114276886,7.088576793670654,2.0574050664901735,18.668376922607422,0.09692752361297607,0.011957726441323757,0.2495231330394745,0.0735,0.0009,0.11268844,0.12031139,0.08891663,09,True,False
2025-26,2025-09-20,Wyoming,2,1.1250007152557373,0.6452342748641968,2.0805172443389894,0.5051512122154236,0.14431968331336975,0.836456835269928,24.92754077911377,12.566488265991211,40.40264892578125,0.02670196071267128,0.002403895393945278,0.06116738356649877,7.598693370819092,2.1260668516159065,21.318950653076172,0.10359214246273041,0.012841877434402715,0.28352031111717224,0.0757,0.0024,0.11206033,0.13308096,0.0948178,09,True,False
2025-26,2025-11-15,Alaska,0,1.5212352871894836,0.7832002222537995,2.425322794914246,0.3608638048171997,0.10467716082930566,0.6593754827976227,25.03587055206299,9.538948822021487,40.5274600982666,0.01899893395602703,0.0036207480123266584,0.04344529658555985,11.84092903137207,3.9196205139160156,21.418210983276367,0.07886780053377151,0.014393999241292477,0.18250484764575958,0.0588,0.0002,0.10898115,0.09256473,0.06809833,11,False,False
2025-26,2025-11-15,Alaska,1,1.5086352229118347,0.7412181794643402,2.4618618488311768,0.3886096179485321,0.11822351068258286,0.7263073325157166,28.64561367034912,11.113958358764648,43.7452278137207,0.023949009366333485,0.002706168941222132,0.0551957979798317,11.340981483459473,3.219815969467163,22.152973175048828,0.09542617201805115,0.019938418082892897,0.20179371982812883,0.0528,0.0,0.11126136,0.10670312,0.07638126,11,False,False
2025-26,2025-11-15,Alaska,2,1.461077630519867,0.7021033465862274,2.4177144527435304,0.42113031446933746,0.14898771792650226,0.7206634104251862,24.29839324951172,8.983400440216064,39.511064529418945,0.022647297009825706,0.0037276132963597786,0.051747786253690725,12.649284839630127,3.96657886505127,23.387417221069338,0.08874757587909698,0.016071323305368423,0.19458339512348177,0.057,0.0,0.11302497,0.10154901,0.07573508,11,False,False
2025-26,2025-11-15,California,0,0.9835962355136871,0.7326837778091431,1.376434087753296,0.22916190326213837,0.02933015301823616,0.5221179246902466,22.255796432495117,7.397790098190308,38.95139350891114,0.05701717361807823,0.03601352870464325,0.08250257521867753,24.949464797973633,15.806076049804688,34.59111404418945,0.044346049427986145,0.007147175446152689,0.11151748225092893,0.082,0.0,0.10941864,0.05632475,0.04722192,11,False,False
2025-26,2025-11-15,California,1,0.9520550072193146,0.6285726666450501,1.4986846685409554,0.36913207173347473,0.10001996606588365,0.657370924949646,24.598146438598633,9.420272541046142,41.001007080078125,0.06320399791002274,0.035985410958528516,0.0940378613770008,15.142175197601318,9.213203430175781,22.391658592224122,0.05774183198809624,0.011110778525471687,0.13444958627223969,0.0647,0.0,0.10965261,0.07213596,0.05908097,11,False,False
2025-26,2025-11-15,California,2,0.9527937471866608,0.637962281703949,1.3564045071601871,0.3120836913585663,0.08128634914755822,0.5850864827632908,23.034826278686523,9.229248046875,39.176883697509766,0.05923843756318092,0.03588709980249405,0.08637484163045883,24.89286994934082,15.189945220947266,33.789276123046875,0.054770082235336304,0.009775778930634261,0.12832701206207275,0.0714,0.0,0.11068035,0.06819766,0.05666048,11,False,False
2025-26,2025-11-15,New York,0,1.1867246627807617,0.8201828002929688,1.9209425449371347,0.36750441789627075,0.10796897560358049,0.6568337798118592,24.955535888671875,13.43037395477295,37.567626953125,0.0465080626308918,0.022671884298324587,0.0775326818227768,14.095852851867676,7.916330814361572,21.736572265625,0.05872281268239021,0.011452846787869935,0.13414205610752106,0.064,0.0,0.11358776,0.07014028,0.05827458,11,False,False
2025-26,2025-11-15,New York,1,1.150797188282013,0.817213773727417,1.7705621719360352,0.33307865262031555,0.09074440598487854,0.6403992176055908,22.94059944152832,11.495389938354492,37.218406677246094,0.04393756203353405,0.022013156861066818,0.07124053686857224,16.322731018066406,8.793744087219238,26.096198844909683,0.05721640959382057,0.007841739803552628,0.1487930715084076,0.0791,0.0,0.11056706,0.07132683,0.05899541,11,False,False
2025-26,2025-11-15,New York,2,1.170391321182251,0.7794812142848968,1.9972493648529053,0.38147062063217163,0.09758036583662033,0.6961693167686462,23.588533401489258,11.710284233093262,38.33863830566406,0.04513559676706791,0.023472927510738373,0.07557771354913712,16.56467628479004,8.74521255493164,25.81975555419922,0.07248314470052719,0.011278778314590454,0.18041154742240906,0.0675,0.0,0.11392394,0.08895342,0.07033617,11,False,False
2025-26,2025-11-15,Pennsylvania,0,1.0249929428100586,0.7588812351226807,1.6818093061447144,0.266021728515625,0.046011551469564475,0.6172459602355957,21.87327766418457,9.895113945007324,37.62882881164552,0.09461670368909836,0.055563902482390404,0.13607985377311707,21.65696907043457,13.453192806243898,31.0563907623291,0.04206305742263794,0.008446718472987415,0.09547540545463562,0.0715,0.0,0.11354525,0.05133345,0.04398335,11,False,False
2025-26,2025-11-15,Pennsylvania,1,1.108238399028778,0.7963073253631592,1.6501340866088867,0.24620763957500458,0.03634791448712349,0.6068452596664429,26.74438762664795,11.239320755004883,41.23395538330078,0.0812118649482727,0.049177854880690576,0.11663761734962463,22.508432388305664,14.729894638061523,31.46163558959961,0.04090671055018902,0.007106469012796879,0.09657987952232361,0.0791,0.0,0.1097144,0.05205544,0.04531305,11,False,False
2025-26,2025-11-15,Pennsylvania,2,1.0244892835617065,0.7434990406036377,1.4294884085655213,0.2522426247596741,0.03960314206779005,0.5662214159965515,22.484116554260254,10.21545639038086,37.78471374511719,0.09323577582836151,0.055362383276224135,0.13738977164030078,24.755367279052734,15.840611457824707,33.36953353881836,0.04195281304419041,0.00862725917249918,0.09649752825498581,0.0746,0.0,0.10936103,0.05075661,0.04314082,11,False,False
2025-26,2025-11-15,Vermont,0,1.1592507362365723,0.6804684400558472,2.165788412094116,0.4907456636428833,0.18719629049301148,0.8011812031269074,25.190841674804688,11.790666294097903,37.94607238769532,0.05414050444960594,0.0020000000949949026,0.12644148766994479,5.402544021606445,1.4061750173568726,12.420896530151367,0.10660360008478165,0.020062139630317694,0.2393173724412918,0.052,0.0,0.11068831,0.12531505,0.09382988,11,False,False
2025-26,2025-11-15,Vermont,1,1.1647277474403381,0.6631343364715576,2.1529854297637954,0.5264266133308411,0.21881897002458575,0.8156219899654391,25.26850700378418,12.568572425842286,37.835792541503906,0.04924117960035801,0.002158801769837737,0.11968983635306359,5.20328426361084,1.3084655404090881,12.454942893981936,0.10785026848316193,0.02264895662665367,0.2386208176612854,0.0481,0.0,0.11124446,0.12423987,0.09300224,11,False,False
2025-26,2025-11-15,Vermont,2,1.164996862411499,0.6505907058715821,2.292542576789856,0.5040116310119629,0.2148437649011612,0.769664341211319,25.217291831970215,12.157605171203613,38.639311218261724,0.05196066573262215,0.0031250598840415478,0.12229053080081942,5.579790830612183,1.4193612337112427,13.770269775390627,0.11843911185860634,0.025831419974565506,0.24667316675186157,0.0426,0.0,0.1111409,0.13345978,0.09992367,11,False,False
2025-26,2025-11-15,Wyoming,0,1.1696273684501648,0.6583605706691742,2.1541086912155154,0.45903433859348297,0.16518895328044894,0.774142324924469,27.31324577331543,11.5826548576355,40.639930725097656,0.031155386939644814,0.005326604004949331,0.06986477002501489,8.996650695800781,3.389808177947998,17.5791015625,0.0994575172662735,0.020289769768714917,0.21148543059825897,0.0484,0.0,0.11119342,0.11309229,0.08485377,11,False,False
2025-26,2025-11-15,Wyoming,1,1.001058578491211,0.6126558184623718,1.9082075476646427,0.45209094882011414,0.15607941150665283,0.741364598274231,23.227347373962402,9.814408111572266,38.152774810791016,0.03763751499354839,0.00662661949172616,0.08228828758001328,9.78352403640747,3.685115599632264,18.993592071533207,0.0889846459031105,0.015439688321202995,0.19813300371170045,0.0592,0.0,0.11283226,0.10433777,0.07897198,11,False,False
2025-26,2025-11-15,Wyoming,2,1.150761365890503,0.6420192956924439,2.1143100261688232,0.4615398049354553,0.16962737143039705,0.7587893128395085,25.985669136047363,11.29112777709961,38.786502838134766,0.033815812319517136,0.0030048922868445536,0.07787387818098068,9.718227863311768,3.444505238533021,18.9370439529419,0.09077592939138412,0.015686072781682017,0.19891196787357338,0.0584,0.0,0.10826664,0.10326809,0.0798855,11,False,False
2025-26,2025-11-29,Alaska,0,1.6435574293136597,0.8154017210006714,2.474808692932129,0.4258316308259964,0.16126210540533067,0.7140826642513276,23.611642837524414,10.269704818725586,38.62306213378906,0.024013208225369453,0.004435242246836424,0.056276950240135196,12.634438514709473,3.761504340171814,24.10993194580078,0.0895065888762474,0.017728721722960472,0.18635402619838717,0.0511,0.0,0.11132734,0.10114004,0.07567524,11,False,False
2025-26,2025-11-29,Alaska,1,1.6761822700500488,0.8377221524715424,2.5,0.40945179760456085,0.1263271674513817,0.7184059083461762,24.259904861450195,11.100238800048828,38.182280731201175,0.022976676002144814,0.00406228667125106,0.05423493683338165,12.02646255493164,4.023369550704956,21.501334190368652,0.09430857375264168,0.01652909442782402,0.20773868411779403,0.061,0.0,0.11028699,0.10771663,0.0790505,11,False,False
2025-26,2025-11-29,Alaska,2,1.6536235809326172,0.8310647428035737,2.4841959714889525,0.3940597325563431,0.11826279982924463,0.7200062513351441,23.931232452392578,10.378638362884521,38.1734619140625,0.02234399225562811,0.003779934137128294,0.050902314484119415,11.241133689880371,3.6281092166900635,21.42741088867188,0.08667545020580292,0.019395959749817848,0.17814098745584497,0.0479,0.0,0.11008804,0.09877629,0.07418158,11,False,False
2025-26,2025-11-29,California,0,1.0038764476776123,0.7194625735282898,1.2856385588645936,0.21430443227291107,0.0310423132032156,0.5027639865875244,24.414323806762695,11.091679573059082,39.202606201171875,0.06313664466142654,0.03910868242383003,0.08983511626720429,21.79062843322754,13.30609817504883,30.82734489440918,0.044606711715459824,0.00734078418463469,0.10318594723939897,0.0806,0.0,0.10947,0.05759852,0.04788608,11,False,False
2025-26,2025-11-29,California,1,0.9288517236709595,0.6074227571487427,1.3734816670417787,0.38565056025981903,0.13355753719806673,0.6104736924171448,23.403032302856445,11.327446937561035,38.76251487731934,0.06305567920207977,0.03758488819003105,0.09230201691389084,20.366376876831055,11.691213035583496,29.48896846771241,0.05232580751180649,0.007223929185420278,0.12352223694324493,0.0854,0.0,0.11231554,0.06608719,0.05134763,11,False,False
2025-26,2025-11-29,California,2,0.8327319622039795,0.6197914719581604,1.1415128827095031,0.36804014444351196,0.10456372052431107,0.5882797837257385,15.398514747619629,6.720647811889648,30.2209083557129,0.07238936424255371,0.04504312500357628,0.10057509317994119,27.717531204223633,17.052391624450685,36.95915985107422,0.04943971335887909,0.008106236997991801,0.11848338693380356,0.0814,0.0,0.11192544,0.06275268,0.04819975,11,False,False
2025-26,2025-11-29,New York,0,1.1708345413208008,0.721409261226654,2.0806497335433964,0.41457971930503845,0.13956908881664276,0.7382038831710815,27.055877685546875,12.765315055847168,41.51485176086426,0.07457543909549713,0.04172269888222218,0.11027678027749066,19.38637924194336,11.763486862182617,28.23241424560547,0.05425580218434334,0.011604871135205034,0.12075943797826767,0.0576,0.0,0.11292683,0.06604134,0.05518722,11,False,False
2025-26,2025-11-29,New York,1,1.175815224647522,0.7950093150138855,1.5951831340789795,0.29037582874298096,0.05685262419283392,0.5802248418331148,26.267279624938965,13.643322944641113,40.11898307800293,0.07063545286655426,0.04101144224405289,0.10610771179199219,19.60870361328125,11.14460563659668,29.271766662597656,0.048082880675792694,0.008802343159914017,0.10597788691520692,0.0735,0.0,0.11244306,0.05922855,0.05016521,11,False,False
2025-26,2025-11-29,New York,2,1.17842698097229,0.7949560284614563,1.6977260112762451,0.3049551546573639,0.06670914590358734,0.6352301836013794,26.797725677490234,14.412022495269778,39.006492614746094,0.07752922922372818,0.04320008307695389,0.11659059673547745,20.03243637084961,11.229761505126953,29.417919158935547,0.04778207466006279,0.01077081449329853,0.10913627743721013,0.0703,0.0,0.11167311,0.05971693,0.05184285,11,False,False
2025-26,2025-11-29,Pennsylvania,0,1.1777954697608948,0.873126357793808,1.6859783649444582,0.2710690200328827,0.05999251827597618,0.5512234449386597,24.070350646972656,12.488554859161379,39.97396774291994,0.09992581978440285,0.06286663040518761,0.1420823618769646,26.147582054138184,17.182424545288086,34.24534606933594,0.04784204065799713,0.010362799186259517,0.0973736017942429,0.0633,0.0,0.11209383,0.04951463,0.04391725,11,False,False
2025-26,2025-11-29,Pennsylvania,1,1.1285187005996704,0.8873428106307983,1.541019320487976,0.2449357584118843,0.06484401971101761,0.49420508742332464,22.16303253173828,11.4086519241333,35.376380920410156,0.10164327919483185,0.06513338536024094,0.1395553529262543,25.063148498535156,17.17924346923828,32.980308532714844,0.046529751271009445,0.01068143267184496,0.09603229910135269,0.0545,0.0,0.11136634,0.04812106,0.04291993,11,False,False
2025-26,2025-11-29,Pennsylvania,2,1.153113842010498,0.9289608538150788,1.490082442760468,0.21102078258991241,0.05106525272130966,0.4642297089099885,22.467742919921875,11.929386425018311,35.73964080810548,0.0996905043721199,0.06346102058887482,0.14882430434226995,24.480587005615234,16.252029418945312,33.5326457977295,0.04369021952152252,0.011408018879592419,0.08832668513059616,0.0491,0.0,0.11214314,0.04422759,0.03931288,11,False,False
2025-26,2025-11-29,Vermont,0,0.8583984076976776,0.6000000238418579,1.6807473778724673,0.4784141480922699,0.18570434600114824,0.7774721562862397,27.640461921691895,11.601127243041994,40.940772247314456,0.036176541820168495,0.0020000000949949026,0.09739601463079456,3.6107752323150635,0.10000000149011612,10.286484718322754,0.1259998306632042,0.03410159200429917,0.2579621076583863,0.0306,0.0,0.11263012,0.13022095,0.09277267,11,False,False
2025-26,2025-11-29,Vermont,1,0.8587095439434052,0.6000000238418579,1.8156121253967286,0.4980499595403671,0.1912457287311554,0.810452663898468,27.514318466186523,10.27168550491333,40.62211227416992,0.044877249747514725,0.0020000000949949026,0.11167560145258904,3.1602652072906494,0.10000000149011612,8.431910514831543,0.13423480093479156,0.02934946436434984,0.2691708505153656,0.0439,0.0012,0.1142793,0.13551681,0.09562938,11,False,False
2025-26,2025-11-29,Vermont,2,0.8648236095905304,0.6000000238418579,1.728654170036317,0.4615183621644974,0.16670098900794983,0.7841397762298584,28.108919143676758,10.82263469696045,41.17767562866211,0.045699167996644974,0.0020000000949949026,0.10448795109987268,3.7581396102905273,0.10000000149011612,10.78310489654541,0.12491615116596222,0.028910333290696144,0.2639339625835419,0.039,0.0002,0.1114813,0.12862098,0.09250032,11,False,False
2025-26,2025-11-29,Wyoming,0,1.1176718473434448,0.655590045452118,2.1245830059051514,0.4550982713699341,0.14398756623268127,0.782534122467041,26.17573070526123,11.953721046447754,40.29863739013672,0.04335109889507294,0.013019232265651227,0.08880967795848846,10.69113826751709,4.085119581222535,19.797136306762695,0.08685355260968208,0.0173677496612072,0.1925448775291443,0.0571,0.0,0.10919633,0.10477661,0.07835644,11,False,False
2025-26,2025-11-29,Wyoming,1,1.0792022943496704,0.6411069631576538,2.013946533203125,0.42978861927986145,0.12983891367912292,0.7433346509933472,24.62636947631836,11.159390449523928,39.76591110229492,0.04375968873500824,0.012838268838822843,0.09211583435535431,10.696383476257324,3.916761875152588,21.044555473327637,0.08511645346879959,0.0161220770329237,0.18598811328411102,0.0596,0.0,0.11076978,0.10298057,0.07544148,11,False,False
2025-26,2025-11-29,Wyoming,2,1.0823670625686646,0.6521422266960144,2.028053045272827,0.44276487827301025,0.16478599607944494,0.7271994948387146,24.851272583007812,11.652539253234863,39.000666046142584,0.04669264331459999,0.013802696950733662,0.09417818635702134,10.370314121246338,4.025297832489014,18.86985244750977,0.0872403085231781,0.017104973644018178,0.19323491007089616,0.0555,0.0,0.11173331,0.10657265,0.07992307,11,False,False
2025-26,2025-12-06,Alaska,0,1.8186841011047363,0.922031182050705,2.5,0.41132450103759766,0.16541972011327744,0.688902509212494,23.794145584106445,13.05340051651001,37.13830184936524,0.0320567712187767,0.010515342000871897,0.06942365691065788,11.349841117858887,4.381296491622925,20.294912338256836,0.09990901499986649,0.02293161116540432,0.19620468318462375,0.0408,0.0,0.1119353,0.11147746,0.08015638,12,False,False
2025-26,2025-12-06,Alaska,1,1.7328227758407593,0.8934784531593323,2.5,0.39828890562057495,0.141206556558609,0.6885659396648408,23.35419750213623,11.844024181365969,36.565788269042976,0.03972574323415756,0.012783757876604799,0.08314851000905041,12.497198104858398,4.773897504806519,22.268262672424324,0.08920262008905411,0.020734824985265733,0.17768343687057495,0.0441,0.0,0.11050741,0.09935123,0.07418631,12,False,False
2025-26,2025-12-06,Alaska,2,1.7228692770004272,0.8997586786746979,2.5,0.37699824571609497,0.0994963400065899,0.686546266078949,23.02548599243164,11.251531219482422,36.88591690063477,0.035369668155908585,0.011745975911617279,0.07732447460293772,11.241894721984863,4.199001789093018,20.844444274902344,0.08073143661022186,0.018088934756815438,0.17224118411540992,0.0515,0.0,0.11209779,0.09560705,0.07123664,12,False,False
2025-26,2025-12-06,California,0,1.007319986820221,0.7421705722808838,1.2435320019721985,0.17892982065677643,0.015787819400429726,0.46443742513656616,23.49970531463623,11.170452499389649,39.438411712646484,0.06780848652124405,0.042054373770952225,0.09796919822692872,26.026700973510742,16.11550521850586,35.232540130615234,0.0402381494641304,0.007714962121099234,0.09113935232162476,0.0746,0.0,0.11291722,0.05056787,0.04420968,12,False,False
2025-26,2025-12-06,California,1,1.0345182418823242,0.7110782265663147,1.316170573234558,0.23184914886951447,0.03862415365874769,0.5238820075988769,28.61733055114746,14.495144844055176,40.50248756408691,0.06783847510814667,0.042728366330266,0.09590902179479599,25.37609100341797,16.523145484924317,34.1771125793457,0.04583622142672539,0.008311580214649441,0.10598034784197809,0.075,0.0,0.11266108,0.05781079,0.05082023,12,False,False
2025-26,2025-12-06,California,2,0.8644108474254608,0.6481055974960327,1.0834100723266602,0.31077784299850464,0.09354574084281922,0.5505112051963806,15.281355857849121,7.5855268955230715,25.593887329101562,0.06222713179886341,0.038342284783720974,0.08834119141101837,26.33255672454834,17.92380886077881,34.87991638183594,0.04012252204120159,0.008956088591367008,0.08700573220849041,0.0658,0.0,0.11404,0.04761303,0.04136342,12,False,False
2025-26,2025-12-06,New York,0,1.1845462918281555,0.809223735332489,1.7898998260498047,0.32115525007247925,0.07918910682201385,0.6303771734237671,25.893542289733887,13.490735054016113,39.87018127441407,0.08016684651374817,0.045117706060409546,0.11705675721168518,20.50568199157715,12.511425304412844,30.370344352722178,0.04729465767741203,0.009838989656418563,0.10584399849176407,0.0666,0.0,0.11263125,0.05612909,0.04965953,12,False,False
2025-26,2025-12-06,New York,1,1.1600016951560974,0.8634661436080933,1.4912779331207275,0.23590686917304993,0.053002862632274654,0.5136582255363464,24.79340934753418,13.091744136810306,37.16443061828613,0.09739302843809128,0.05869936011731625,0.1433902531862259,20.969834327697754,12.58841323852539,30.657997131347656,0.044762106612324715,0.008499022945761681,0.10087113007903102,0.0754,0.0,0.11218755,0.05442152,0.04807759,12,False,False
2025-26,2025-12-06,New York,2,1.2107594013214111,0.8598348557949066,1.8148033499717717,0.2975234389305115,0.062198035418987274,0.6090687274932862,26.12726593017578,12.544377326965332,43.091190338134766,0.08621249720454216,0.05029923543334008,0.12590071856975557,20.86612319946289,12.667307472229004,30.633634185791024,0.05044310539960861,0.012155087664723396,0.10694724470376972,0.0537,0.0,0.11166752,0.05930295,0.05016876,12,False,False
2025-26,2025-12-06,Pennsylvania,0,1.1123006343841553,0.889818549156189,1.3862514257431031,0.22604314237833023,0.06595328152179719,0.46506327390670776,21.938756942749023,12.64829158782959,33.488877105712895,0.11639466509222984,0.0762077569961548,0.1618514508008957,28.872892379760742,19.767412185668945,36.743995666503906,0.041930150240659714,0.009666570462286472,0.09457314908504488,0.066,0.0,0.11173443,0.05081867,0.04529455,12,False,False
2025-26,2025-12-06,Pennsylvania,1,1.0601942539215088,0.722245854139328,1.7179391384124756,0.38924355804920197,0.15478621721267702,0.6711381733417512,22.151516914367676,12.147658348083496,38.61782722473145,0.10705243423581123,0.06860767304897308,0.15311050415039062,27.384136199951172,18.475527191162108,35.566873168945314,0.048847513273358345,0.012206950411200528,0.09853782504796982,0.0492,0.0,0.1108531,0.05511431,0.04826711,12,False,False
2025-26,2025-12-06,Pennsylvania,2,1.1709104776382446,0.8077842593193054,1.7824966073036201,0.27609825134277344,0.05550081096589568,0.6678275883197788,26.647497177124023,14.489556407928466,41.00077934265138,0.12141826748847961,0.08050987794995308,0.16536571234464648,27.599987983703613,19.319586181640624,35.5084114074707,0.045553289353847504,0.011297825444489719,0.09428928494453431,0.0552,0.0,0.11072846,0.05235653,0.04492538,12,False,False
2025-26,2025-12-06,Vermont,0,0.9766196012496948,0.6082859098911285,1.8080192804336548,0.4719336926937103,0.1642020046710968,0.764665961265564,24.731226921081543,11.418292045593263,37.714972305297856,0.04060094803571701,0.006014368962496519,0.10323649644851685,3.762969732284546,0.37387028336524963,11.47911262512207,0.11495347321033478,0.02816113457083702,0.2283738359808922,0.0398,0.0,0.11096299,0.14053006,0.09482441,12,False,False
2025-26,2025-12-06,Vermont,1,0.9916825890541077,0.607702374458313,1.9456864118576054,0.46947839856147766,0.1601324826478958,0.7611050009727478,25.7868070602417,12.773334789276124,39.40947074890137,0.04216704145073891,0.007429664349183443,0.1078137628734112,3.9436569213867188,0.4360017776489258,11.40710735321045,0.11280598491430283,0.025664292834699155,0.23289014399051666,0.0473,0.0,0.11203468,0.14250068,0.09418865,12,False,False
2025-26,2025-12-06,Vermont,2,1.006890058517456,0.6092460989952088,1.9621705412864694,0.4765866994857788,0.16412489116191864,0.7556462883949281,25.904144287109375,13.342968368530274,38.75733184814453,0.041052913293242455,0.00534187164157629,0.11388000100851059,4.104207515716553,0.39587685465812683,11.43016529083252,0.13448549807071686,0.031501961126923564,0.2578981816768646,0.0381,0.0,0.11210627,0.15708082,0.10355564,12,False,False
2025-26,2025-12-06,Wyoming,0,1.0731207132339478,0.6409436285495759,2.03375518321991,0.48151591420173645,0.16137485206127167,0.7465193867683411,24.064908027648926,12.708574295043945,38.420013427734375,0.0601557157933712,0.020336800254881385,0.11842836886644365,11.72939682006836,4.705277061462403,22.994782638549815,0.09261906147003174,0.019998360797762873,0.19078214913606648,0.0471,0.0,0.11118111,0.10738149,0.08396138,12,False,False
2025-26,2025-12-06,Wyoming,1,1.110324740409851,0.687783420085907,2.010118937492371,0.4307316839694977,0.14044849574565887,0.7263833284378052,25.430320739746094,12.17085189819336,40.01858139038086,0.0495259054005146,0.0162374135106802,0.09666702449321747,11.541874885559082,4.697677040100098,20.234772109985354,0.07850911468267441,0.014879325684159995,0.17426489889621746,0.0589,0.0,0.10985926,0.09643464,0.07709735,12,False,False
2025-26,2025-12-06,Wyoming,2,1.066509187221527,0.6525821626186371,1.981937050819397,0.44754812121391296,0.13587398827075958,0.7457287430763245,24.213958740234375,12.620232963562012,38.40898895263672,0.05444774031639099,0.019288012757897377,0.10154432356357576,10.409899234771729,4.246621799468994,18.93470249176026,0.07545255124568939,0.012722356989979746,0.17255352437496185,0.0641,0.0,0.1110742,0.09431606,0.07479771,12,False,False
2025-26,2025-12-13,Alaska,0,1.5519211292266846,0.7680136561393738,2.476686716079712,0.41483274102211,0.15751704573631287,0.7158454656600952,24.431270599365234,11.697897911071777,37.77003860473633,0.04754612594842911,0.01626310683786869,0.10017523914575577,12.430699348449707,5.5280585289001465,21.259525299072266,0.08329669013619423,0.01950848661363125,0.17341594398021698,0.0458,0.0,0.11181274,0.09324749,0.07173525,12,False,False
2025-26,2025-12-13,Alaska,1,1.704054594039917,0.8457830548286438,2.4706878662109375,0.4841166138648987,0.2020489290356636,0.7611636519432068,24.631693840026855,13.343521690368654,37.931907653808594,0.03801364824175835,0.014035177789628508,0.08452824950218203,12.80765438079834,5.464476585388184,21.864410400390625,0.08787571266293526,0.019980937242507935,0.19239039719104767,0.0494,0.0,0.11277344,0.0986322,0.07477351,12,False,False
2025-26,2025-12-13,Alaska,2,1.677498698234558,0.8355360627174377,2.4929962635040286,0.4135478734970093,0.1562870293855667,0.6970277428627014,23.88020420074463,12.047002983093268,38.92981109619141,0.03750293329358101,0.014419927168637521,0.08842546492815018,14.510725975036621,6.5252706050872815,24.347047805786133,0.08337152004241943,0.01923454813659192,0.16470248997211456,0.0427,0.0,0.10876636,0.09010068,0.06880052,12,False,False
2025-26,2025-12-13,California,0,1.0141614079475403,0.688307523727417,1.7020918726921084,0.3779945522546768,0.12056604772806168,0.6642635762691499,24.658321380615234,12.627069473266602,41.729148864746094,0.07675522565841675,0.0471438504755497,0.10915028974413873,22.27152442932129,14.282222747802734,30.85602569580078,0.047778040170669556,0.010362678207457066,0.11137954890727997,0.0641,0.0,0.1115828,0.05802091,0.04819194,12,False,False
2025-26,2025-12-13,California,1,1.067966103553772,0.7757601737976074,1.5460650801658637,0.2436322420835495,0.030860045924782753,0.633043533563614,27.458581924438477,15.129091739654543,39.93497848510742,0.07968608289957047,0.04969372600317001,0.1117289662361145,26.6123104095459,17.7248929977417,34.668609619140625,0.04303275793790817,0.00600747992284596,0.10601511374115948,0.0915,0.0,0.11029592,0.05563832,0.04670093,12,False,False
2025-26,2025-12-13,California,2,1.0660259127616882,0.858705484867096,1.3643246054649354,0.17828279733657837,0.026678012497723117,0.4431086480617523,23.375882148742676,11.627071857452394,38.125980377197266,0.06878570839762688,0.04509761035442353,0.09519123733043672,25.247840881347656,17.497026634216308,33.303218841552734,0.03272739425301552,0.006827336270362139,0.0728865459561348,0.0765,0.0,0.11254847,0.03877276,0.03447794,12,False,False
2025-26,2025-12-13,New York,0,1.1566798686981201,0.8252441465854645,1.6231467723846436,0.2484521046280861,0.048191107809543623,0.5463254451751709,28.579702377319336,14.023765563964844,43.63398399353028,0.10567299276590347,0.05881623923778534,0.15965646505355835,22.8406982421875,14.087427139282227,32.843055725097656,0.04194288328289986,0.009730341378599407,0.08967455029487613,0.0633,0.0,0.11192022,0.04807808,0.04174238,12,False,False
2025-26,2025-12-13,New York,1,1.0943242907524109,0.7710698843002319,1.60161554813385,0.285419762134552,0.06381214782595639,0.6011034250259399,24.1849422454834,11.56313943862915,41.62141723632813,0.10009606182575226,0.06184078231453896,0.14563660323619843,23.05638313293457,14.966897201538089,31.631809806823735,0.041383832693099976,0.010777920484542847,0.09075155109167099,0.0565,0.0,0.10832083,0.04968521,0.04306201,12,False,False
2025-26,2025-12-13,New York,2,1.1132810711860657,0.7724977731704712,1.5628340244293213,0.27759799361228943,0.06454284563660623,0.5749503314495087,24.738718032836914,10.666115188598633,42.42207183837891,0.11567910760641098,0.06454653739929199,0.1688341200351715,23.138051986694336,14.167797088623047,32.07548904418945,0.046938708052039146,0.01001699734479189,0.09942428022623062,0.0633,0.0,0.1111075,0.05248592,0.04603649,12,False,False
2025-26,2025-12-13,Pennsylvania,0,1.2143486738204956,0.9168251156806946,1.640140748023987,0.26646530628204346,0.06845021545886994,0.5081173181533813,30.085514068603516,15.582826805114747,43.21602249145508,0.1216324120759964,0.07849170193076134,0.1692971557378769,25.878982543945312,17.829701042175294,34.56646614074708,0.042163047939538956,0.009015091136097908,0.08896864727139474,0.064,0.0,0.10983274,0.04943837,0.04347238,12,False,False
2025-26,2025-12-13,Pennsylvania,1,1.1123626232147217,0.893854022026062,1.3785004734992983,0.21309196949005127,0.04645853862166405,0.43138766288757324,21.869129180908203,11.717658519744873,35.21965408325195,0.11616220325231552,0.07512801885604858,0.16096903383731842,27.277616500854492,19.007795333862305,35.81134033203125,0.037943800911307335,0.010186676867306232,0.07679177075624466,0.0544,0.0,0.11184928,0.04395323,0.03979548,12,False,False
2025-26,2025-12-13,Pennsylvania,2,1.1661728620529175,0.9038481116294861,1.520785927772522,0.20551082491874695,0.03254931457340718,0.4425484836101532,25.269028663635254,13.241942501068117,40.49125289916992,0.11959180980920792,0.07491865158081054,0.16566230356693268,27.212142944335938,18.85709285736084,35.813533782958984,0.037305787205696106,0.009360458701848984,0.07707362622022629,0.0612,0.0,0.11202581,0.04360925,0.0381597,12,False,False
2025-26,2025-12-13,Vermont,0,1.0430936813354492,0.625472915172577,1.9993169546127334,0.4936325252056122,0.1917966961860657,0.7761925458908081,24.530771255493164,12.068426132202148,37.61096954345703,0.04055391065776348,0.006187386950477958,0.10630708187818527,5.049551963806152,1.1780732274055483,13.226451683044434,0.1035272553563118,0.023245755583047867,0.21976542472839355,0.0422,0.0,0.11301937,0.11918783,0.09076454,12,False,False
2025-26,2025-12-13,Vermont,1,1.0861763954162598,0.655019223690033,2.051572370529175,0.49305135011672974,0.18936286419630052,0.7849532008171082,25.963722229003906,13.519760990142823,39.37952384948731,0.03487927466630936,0.007334764441475273,0.08775603771209717,5.364451885223389,1.2635365009307862,14.454038619995119,0.10754876583814621,0.02525730766355992,0.21098510921001434,0.04,0.0,0.11181345,0.12164368,0.09377101,12,False,False
2025-26,2025-12-13,Vermont,2,1.0762417316436768,0.6457319855690002,2.0697386264801025,0.5025624334812164,0.19432871043682098,0.7841881632804872,25.402993202209473,12.562132835388184,39.39653015136719,0.04281111806631088,0.007018782477825884,0.10895023494958883,4.992830753326416,1.1803987145423889,13.539226055145265,0.11260820925235748,0.03048829957842827,0.2361260950565338,0.0352,0.0,0.11155977,0.13050004,0.09812586,12,False,False
2025-26,2025-12-13,Wyoming,0,1.1182702779769897,0.7253764867782593,1.8920667171478271,0.37730565667152405,0.10388049706816674,0.689822793006897,24.906980514526367,13.613088607788086,40.15426254272461,0.061494775116443634,0.026822081767022613,0.11334454268217087,10.146149635314941,4.731209087371826,18.205171585083008,0.07651983946561813,0.01329109352082014,0.1707558140158654,0.0623,0.0,0.11224561,0.09225519,0.07392051,12,False,False
2025-26,2025-12-13,Wyoming,1,1.0238971710205078,0.6712206482887269,1.912716329097749,0.4450143873691559,0.15007656812667847,0.7425374984741211,22.508852005004883,11.487698554992676,37.13895645141602,0.0641087219119072,0.028457293845713147,0.11295722648501398,10.75962209701538,4.983155202865601,19.131819152832033,0.07204029709100723,0.012464994564652443,0.1652065411210061,0.0657,0.0,0.11027595,0.08877422,0.0705882,12,False,False
2025-26,2025-12-13,Wyoming,2,1.065115213394165,0.6625392854213715,1.955614817142487,0.469941645860672,0.1525142937898636,0.7539318203926086,24.030546188354492,12.556055068969727,38.17829513549805,0.06970305740833282,0.027668889611959457,0.13208504021167755,12.109195709228516,5.529567718505859,21.094825744628906,0.08368643373250961,0.014641904272139072,0.18929913789033895,0.0628,0.0,0.1126043,0.10238383,0.0801629,12,False,False
2025-26,2025-12-27,Alaska,0,1.2562849521636963,0.7278314232826233,2.3893063068389893,0.48715993762016296,0.1622372418642044,0.7627166390419007,26.7385311126709,15.353957176208496,40.29767875671387,0.10759682953357697,0.052420344203710556,0.17626251876354218,11.862287044525146,5.634902477264404,20.262042999267578,0.08338381350040436,0.016793776117265232,0.17869387567043304,0.0525,0.0,0.11046644,0.09654138,0.07538273,12,False,False
2025-26,2025-12-27,Alaska,1,1.2566024661064148,0.7746897757053376,2.3105410337448125,0.4437926113605499,0.17708857506513598,0.743437147140503,26.932619094848633,16.713798332214356,39.899871826171875,0.09718135744333267,0.04712048806250096,0.1765193074941635,11.562178611755371,5.466066837310791,20.92709465026856,0.07999231293797493,0.018171883560717108,0.16990472972393036,0.0458,0.0,0.11427265,0.09452751,0.07446495,12,False,False
2025-26,2025-12-27,Alaska,2,1.2224355936050415,0.7530385732650757,2.3634250164031982,0.43646834790706635,0.1875588297843933,0.6952562928199768,24.03341770172119,15.259999561309815,38.180057525634766,0.11173824965953827,0.05323449894785881,0.19426034837961198,12.234655380249023,6.034887075424194,19.80516529083252,0.0704929530620575,0.018667942471802236,0.1473925769329071,0.0433,0.0,0.11096701,0.08098705,0.06470842,12,False,False
2025-26,2025-12-27,California,0,1.1341546773910522,0.9527293920516968,1.3715836763381961,0.16743768751621246,0.026540539786219605,0.3619714081287384,27.27480697631836,17.720851707458497,38.849990463256844,0.07640847936272621,0.051863339170813566,0.10331682115793228,29.71552085876465,21.455930709838867,37.1374626159668,0.033216558396816254,0.007574403984472158,0.07347935438156128,0.0742,0.0,0.11029721,0.04055335,0.03639859,12,False,False
2025-26,2025-12-27,California,1,1.124436378479004,0.8919659376144409,1.4133139848709106,0.19420675188302994,0.04076237604022027,0.4174439311027527,27.498964309692383,16.26654815673828,40.9270133972168,0.09950555115938187,0.062495024502277376,0.13574714660644532,25.851911544799805,17.58910369873047,33.5998420715332,0.038949739187955856,0.010240196250379086,0.08053190931677823,0.0583,0.0,0.11348502,0.04610841,0.04099108,12,False,False
2025-26,2025-12-27,California,2,1.1224085092544556,0.9076845586299896,1.4229344129562378,0.21286554634571075,0.045721836388111115,0.43493756651878357,27.198009490966797,16.767305564880374,39.34016075134278,0.07622011005878448,0.05137123540043831,0.10363184660673143,28.11011028289795,19.653504180908204,35.55729293823242,0.03614547662436962,0.009428626857697964,0.07764366269111633,0.0579,0.0,0.11050151,0.04272939,0.03869708,12,False,False
2025-26,2025-12-27,New York,0,1.0915403366088867,0.8229950845241547,1.3685193061828613,0.2130846083164215,0.03194437921047211,0.4612559974193573,23.82943058013916,12.979951858520508,38.42769279479982,0.21115942299365997,0.12321629524230958,0.322029709815979,23.26482582092285,15.454775142669678,32.66630172729492,0.03940970450639725,0.008575775008648635,0.08794508129358292,0.0734,0.0,0.11141911,0.04611653,0.04072587,12,False,False
2025-26,2025-12-27,New York,1,1.0942326784133911,0.8133648633956909,1.4140743970870973,0.24381107091903687,0.04565579518675805,0.48591819405555725,25.255887985229492,13.396443367004395,39.844268798828125,0.18745726346969604,0.11503583937883378,0.26020556688308716,25.105165481567383,17.130601119995116,32.75727462768555,0.03382391110062599,0.008639768697321415,0.07126238048076632,0.0657,0.0,0.11038634,0.03990332,0.03564667,12,False,False
2025-26,2025-12-27,New York,2,1.1566147804260254,0.8853515148162842,1.6238354802131654,0.23064003139734268,0.04792825132608414,0.473827987909317,28.828500747680664,14.853705692291262,44.95823516845703,0.185557022690773,0.11650336533784866,0.25747594237327576,26.21018409729004,16.739355087280273,35.12446212768555,0.03716607019305229,0.010257074609398842,0.07362550720572472,0.0479,0.0,0.11085511,0.04169795,0.03728055,12,False,False
2025-26,2025-12-27,Pennsylvania,0,1.1945645809173584,0.9527305245399476,1.4854732275009157,0.23132696747779846,0.06177197620272637,0.43541574478149414,27.371002197265625,18.33823013305664,37.78642272949219,0.20340090990066528,0.13537569344043732,0.2744233518838883,25.168193817138672,18.155719757080078,32.31684112548828,0.03399856016039848,0.01010444210842252,0.0685754455626011,0.0502,0.0,0.11341884,0.03874763,0.03521151,12,False,False
2025-26,2025-12-27,Pennsylvania,1,1.2214173674583435,0.9786338806152344,1.5765619277954102,0.2226620316505432,0.06360975950956346,0.4282104015350342,27.508617401123047,16.901894950866705,40.171546936035156,0.20080135762691498,0.12926529794931413,0.29158076643943787,26.961584091186523,19.048803329467773,35.286346435546875,0.03655437380075455,0.009669044055044651,0.07313652336597443,0.0569,0.0,0.11152337,0.04064349,0.03665015,12,False,False
2025-26,2025-12-27,Pennsylvania,2,1.2113029956817627,0.9447084069252014,1.4961029291152954,0.22481514513492584,0.049206122756004333,0.460709810256958,28.562655448913574,18.311683654785156,38.480838775634766,0.21622490882873535,0.14292150735855103,0.29513809084892273,27.449542999267578,19.03057861328125,35.03293762207032,0.03759633004665375,0.01185156647115946,0.07267858013510707,0.0344,0.0,0.11166898,0.04097452,0.03724118,12,False,False
2025-26,2025-12-27,Vermont,0,1.1902301907539368,0.7764297127723694,2.0491607189178467,0.4403136819601059,0.18492943048477173,0.7249252796173096,25.57872772216797,14.901660919189453,39.86036682128906,0.05734449252486229,0.02251375038176775,0.12437161058187485,7.740997791290283,2.5868150234222416,15.730853080749512,0.10007692128419876,0.02128744125366211,0.2065889433026314,0.0485,0.0,0.11252007,0.11208139,0.08648325,12,False,False
2025-26,2025-12-27,Vermont,1,1.1668521165847778,0.7156041264533997,2.0169916629791267,0.4888507127761841,0.19770170748233795,0.8059021949768068,25.784420013427734,15.13063907623291,37.18291091918945,0.05607639253139496,0.023696710914373403,0.11614242196083069,8.107588768005371,3.027841329574585,15.43092155456543,0.100041463971138,0.022133237868547456,0.21353214979171753,0.046,0.0,0.11132859,0.11329662,0.08555578,12,False,False
2025-26,2025-12-27,Vermont,2,1.1765362620353699,0.755594789981842,2.135287284851074,0.4824454337358475,0.1982940286397934,0.7696687579154968,25.4996337890625,14.553002357482912,38.631587982177734,0.06144098564982414,0.025768591091036797,0.12386120110750198,7.483675003051758,2.550169134140015,14.885672569274902,0.10388072580099106,0.02522006761282684,0.21539580672979358,0.0386,0.0,0.11054586,0.11491377,0.08852597,12,False,False
2025-26,2025-12-27,Wyoming,0,1.0756288170814514,0.7172890305519104,1.7942445993423464,0.4090627431869507,0.13524490594863892,0.7055350542068481,24.758353233337402,15.231882095336914,39.39048767089844,0.11029967665672302,0.05543320365250111,0.18145000338554385,12.94433307647705,6.473344326019287,21.521806716918945,0.06401178240776062,0.010362191125750542,0.1491274937987328,0.0675,0.0,0.11092218,0.07978295,0.06463207,12,False,False
2025-26,2025-12-27,Wyoming,1,1.1305252313613892,0.7802635908126831,1.885879635810852,0.3666585683822632,0.10188459604978561,0.6762596964836121,25.100223541259766,14.41971597671509,39.170947265625,0.10696115717291832,0.05191963016986847,0.17527861893177032,12.687276840209961,6.416350841522217,20.558827018737812,0.06702984869480133,0.01254609227180481,0.15648171305656433,0.0658,0.0,0.11208504,0.08098983,0.06697468,12,False,False
2025-26,2025-12-27,Wyoming,2,1.113350749015808,0.732210636138916,1.7070375680923462,0.38127759099006653,0.11699353903532028,0.68841153383255,25.447593688964844,15.31829080581665,38.95726165771486,0.11640002578496933,0.056681922078132635,0.1957269459962845,13.370245933532715,6.981456756591797,21.624279022216804,0.06994862109422684,0.013777483068406583,0.14715603440999986,0.0622,0.0,0.11266497,0.08152658,0.06644801,12,False,False
2025-26,2026-01-03,Alaska,0,1.1845270991325378,0.6826933562755587,2.243496894836426,0.4106220155954361,0.14409391582012177,0.6866130232810974,28.594926834106445,17.273533248901366,39.80236434936524,0.1033959835767746,0.04491496980190277,0.190785163640976,11.976893424987793,5.592922687530518,20.773050308227543,0.06672044098377228,0.016363974660634995,0.1414027363061905,0.0436,0.0,0.11290263,0.07362663,0.06280309,01,False,False
2025-26,2026-01-03,Alaska,1,1.1113941669464111,0.6769493818283081,2.26285719871521,0.4187614172697067,0.14947101473808289,0.7096410989761353,25.661909103393555,14.611671447753906,41.2702522277832,0.11949411034584045,0.05370465405285359,0.20764386653900146,12.794021606445312,6.11260986328125,21.67250633239746,0.07122544944286346,0.017143411561846733,0.15664762258529663,0.0431,0.0,0.11182197,0.08060368,0.06466302,01,False,False
2025-26,2026-01-03,Alaska,2,1.153873085975647,0.6790836930274964,2.2302498340606705,0.45048683881759644,0.17993392050266266,0.7094892859458923,28.0699520111084,14.538530349731445,43.928631973266604,0.11208382993936539,0.04912581853568554,0.2039709985256195,11.099112510681152,5.258081436157227,18.431249618530277,0.08917104452848434,0.021953485906124115,0.19038590490818028,0.044,0.0,0.1110945,0.10128956,0.08104508,01,False,False
2025-26,2026-01-03,California,0,1.0518176555633545,0.7834475934505463,1.3738977909088135,0.23975636065006256,0.06557673215866089,0.5266940593719482,24.57188606262207,13.090820884704591,40.9050407409668,0.09124268591403961,0.06126340106129646,0.12552051544189455,24.774815559387207,17.310122680664062,31.892723464965822,0.03638528287410736,0.008410710841417313,0.07538551837205887,0.0666,0.0,0.11321191,0.04330196,0.03850486,01,False,False
2025-26,2026-01-03,California,1,1.064932942390442,0.8742687582969666,1.2740249752998354,0.1873786449432373,0.03725505620241165,0.38175609707832336,23.623669624328613,13.004409790039062,36.91773719787598,0.0974222719669342,0.06181209869682789,0.1343801245093346,29.056968688964844,20.574979782104492,36.94700622558594,0.0318803358823061,0.008036152459681034,0.06737222895026207,0.0649,0.0,0.11112297,0.03776058,0.03417179,01,False,False
2025-26,2026-01-03,California,2,1.1296781301498413,0.8880542039871216,1.4941277623176576,0.2109702080488205,0.05149672180414201,0.4439884424209595,31.018705368041992,17.041193580627443,44.576348876953126,0.09764214977622032,0.06238396726548672,0.1361677244305611,25.33133888244629,18.078205108642578,32.96853256225586,0.032983891665935516,0.00815273886546493,0.06970985233783722,0.064,0.0,0.11064577,0.03845157,0.03511556,01,False,False
2025-26,2026-01-03,New York,0,1.0776675939559937,0.7929825782775879,1.3506008386611938,0.20482872426509857,0.02639009729027748,0.48799890875816354,27.687015533447266,15.339370727539062,40.09150848388672,0.22594903409481049,0.13416585922241211,0.3397494345903397,27.05476188659668,17.978981018066406,35.4832763671875,0.036580877378582954,0.009302827529609203,0.0806899182498455,0.0583,0.0,0.1141295,0.04179296,0.03703113,01,False,False
2025-26,2026-01-03,New York,1,1.051917552947998,0.8109266698360443,1.3263172268867496,0.21434417366981506,0.03691728785634041,0.4538419336080552,26.216827392578125,12.488244915008547,42.288490295410156,0.25846999883651733,0.15646271854639054,0.374141812324524,23.67418098449707,15.695731449127198,32.3201904296875,0.0405854769051075,0.010512915160506965,0.08312039822340012,0.0534,0.0,0.11332903,0.04373204,0.03878255,01,False,False
2025-26,2026-01-03,New York,2,1.0709636211395264,0.7940136909484863,1.347017765045166,0.1951671689748764,0.018222594633698463,0.461560145020485,25.062793731689453,11.63616704940796,42.859718322753906,0.2656039893627167,0.15198771357536317,0.41836318373680115,23.927510261535645,16.004317951202395,31.451337814331055,0.036567576229572296,0.009862101636826992,0.07326009050011636,0.0488,0.0,0.11222288,0.03961246,0.03516261,01,False,False
2025-26,2026-01-03,Pennsylvania,0,1.1158998608589172,0.8955581247806549,1.335048520565033,0.20971040427684784,0.05444828420877457,0.40751752257347107,22.787939071655273,13.552536392211914,34.09997749328614,0.3015626072883606,0.19230431020259858,0.4127881616353989,30.444210052490234,22.245805168151854,37.378326416015625,0.033158015459775925,0.008400022890418768,0.06851909384131434,0.0623,0.0,0.11211806,0.03963057,0.03571538,01,False,False
2025-26,2026-01-03,Pennsylvania,1,1.1558786630630493,0.982963502407074,1.3655850887298584,0.16215157508850098,0.03893671184778214,0.30772531032562256,25.843685150146484,16.601400947570802,37.214996337890625,0.2806270122528076,0.19134435057640076,0.3739277899265289,32.14892578125,23.774051666259766,38.362937927246094,0.03230703994631767,0.009755201358348132,0.059694768860936165,0.0459,0.0,0.11383741,0.03583966,0.03274043,01,False,False
2025-26,2026-01-03,Pennsylvania,2,1.1756447553634644,0.9392306208610535,1.4414828300476075,0.19522665441036224,0.041075389459729196,0.40300599038600926,26.585601806640625,14.637325286865234,40.169393920898436,0.2775759994983673,0.1858777090907097,0.37402862310409546,29.99248504638672,21.832050323486328,37.47947311401367,0.03431660123169422,0.008909275475889445,0.07268734574317932,0.0618,0.0,0.10823104,0.04176927,0.03767174,01,False,False
2025-26,2026-01-03,Vermont,0,1.1220955848693848,0.699032187461853,1.8924879312515261,0.4692748934030533,0.18707930147647858,0.7622363567352295,25.827238082885742,15.28609209060669,38.68429946899414,0.0631868839263916,0.027164579741656786,0.13384547829627993,8.98707389831543,3.672030544281007,15.965879440307617,0.09042412042617798,0.018801478669047363,0.20742053836584093,0.0517,0.0,0.11156831,0.11072735,0.08863998,01,False,False
2025-26,2026-01-03,Vermont,1,1.1213964223861694,0.6930489540100098,1.9110013246536255,0.4648641049861908,0.18140241503715515,0.7609050989151002,25.60257053375244,14.231566429138184,39.109222412109375,0.06017604470252991,0.02745622955262661,0.12871132493019105,8.22601842880249,3.3481522798538212,16.12979679107666,0.09382474794983864,0.019858064129948616,0.19392798840999603,0.0522,0.0,0.11131475,0.11020433,0.08744106,01,False,False
2025-26,2026-01-03,Vermont,2,1.1569048166275024,0.7145291149616242,2.1163582801818848,0.4565025418996811,0.1646226242184639,0.775061321258545,28.168378829956055,16.049488639831544,43.09549331665039,0.06690996885299683,0.02722239848226309,0.1479945912957192,8.08983850479126,3.4033238649368296,15.23118782043457,0.10006070882081985,0.01928106024861337,0.20837274193763733,0.0531,0.0,0.11157882,0.11524221,0.09186256,01,False,False
2025-26,2026-01-03,Wyoming,0,1.0248132944107056,0.6647454977035523,1.7390887022018435,0.425945907831192,0.1619749367237091,0.7042541742324829,25.45558452606201,14.857067108154297,41.03170394897461,0.11410972476005554,0.05710402242839337,0.19314932823181152,14.093101501464844,7.226762199401856,22.254066467285156,0.07041434943675995,0.01325937043875456,0.15459665656089783,0.0614,0.0,0.10897056,0.08317321,0.06853493,01,False,False
2025-26,2026-01-03,Wyoming,1,1.071380078792572,0.7228898346424103,1.5701636195182802,0.3451197147369385,0.11004402488470078,0.654414874315262,25.309792518615723,14.107711791992188,39.59387321472168,0.11793719977140427,0.056486792862415314,0.20833167433738708,13.040354251861572,6.83809690475464,20.449379539489748,0.06233619712293148,0.011596992611885073,0.1367302477359772,0.0651,0.0,0.11234359,0.0735013,0.06134338,01,False,False
2025-26,2026-01-03,Wyoming,2,0.9911404252052307,0.6730160117149353,1.5215957164764404,0.3843211829662323,0.13319281339645386,0.6754319071769714,23.042381286621094,12.518396377563477,38.132102966308594,0.1259448602795601,0.06313006952404976,0.2078825280070305,14.120404243469238,7.36429500579834,21.954653549194344,0.06806834042072296,0.013017285615205765,0.14707951545715334,0.0599,0.0,0.11110475,0.08135772,0.07014668,01,False,False
2025-26,2026-01-10,Alaska,0,0.9475930631160736,0.6093203961849213,1.9379241704940822,0.4458885192871094,0.1512989103794098,0.7470853328704834,26.91107940673828,12.360419845581054,43.09078445434571,0.11961879208683968,0.04859086759388447,0.21915944367647175,12.928462028503418,6.6771721839904785,21.06276092529297,0.08724984526634216,0.02382471226155758,0.1705255210399628,0.0356,0.0,0.11024531,0.088536,0.07111616,01,False,False
2025-26,2026-01-10,Alaska,1,0.9896895885467529,0.6029597520828247,2.2674659967422484,0.4093807637691498,0.1603942036628724,0.6804351210594177,24.18404197692871,12.899079513549804,39.81515121459961,0.12980834394693375,0.054628116637468346,0.23962170332670216,13.612359046936035,6.426420211791992,23.50971221923828,0.08416787534952164,0.021818524226546288,0.1759970784187317,0.0369,0.0,0.10981952,0.0855402,0.0659844,01,False,False
2025-26,2026-01-10,Alaska,2,0.9634050726890564,0.6038877367973328,1.9368547797203064,0.424871563911438,0.1755123883485794,0.68706214427948,22.11882781982422,12.108942222595216,35.83843307495117,0.11226112395524979,0.0477610006928444,0.21294048428535461,13.70441484451294,7.239808559417725,22.199840545654297,0.08541388809680939,0.02093551103025675,0.1724687471985817,0.04,0.0,0.11416996,0.08747788,0.0686467,01,False,False
2025-26,2026-01-10,California,0,1.011057734489441,0.8332915544509888,1.1841739416122437,0.16933855414390564,0.03479427844285965,0.34497806429862976,23.536048889160156,12.794510841369629,35.75645065307617,0.09325635433197021,0.05747485123574734,0.13286370038986206,27.09453010559082,19.407310485839844,35.05613708496094,0.033942461013793945,0.010233942698687316,0.06564241647720337,0.048,0.0,0.11087862,0.03441057,0.0315083,01,False,False
2025-26,2026-01-10,California,1,1.027297019958496,0.8470988869667053,1.2146792292594912,0.1552664041519165,0.03584255650639534,0.3151935636997223,24.68880844116211,13.082660675048828,40.267433166503906,0.08991631865501404,0.05706931501626968,0.12260221466422082,29.74738121032715,21.645035552978516,36.39485168457031,0.034325260668992996,0.010230110958218575,0.0678069144487381,0.046,0.0,0.109709,0.03502501,0.03162613,01,False,False
2025-26,2026-01-10,California,2,0.9968448877334595,0.7395997643470764,1.2427486181259155,0.21955427527427673,0.02703610621392727,0.5011101365089417,27.567195892333984,13.159477233886719,43.66075897216797,0.11197835206985474,0.07262515276670456,0.15260300040245056,27.37800407409668,18.69792652130127,35.263082122802736,0.04307850822806358,0.012432434596121311,0.08723634481430054,0.0426,0.0,0.1135241,0.04409565,0.0390543,01,False,False
2025-26,2026-01-10,New York,0,0.8875662684440613,0.6710093021392822,1.1760593891143802,0.2635354846715927,0.07081679999828339,0.48742229640483864,20.723031997680664,7.858839988708496,42.04818954467773,0.31203798949718475,0.1711258888244629,0.44154656231403355,26.006057739257812,16.0290096282959,35.475366592407234,0.050324227660894394,0.014011885039508343,0.09975035488605499,0.0455,0.0,0.11190786,0.04734976,0.04113287,01,False,False
2025-26,2026-01-10,New York,1,0.9317883551120758,0.6819816827774048,1.2117185592651367,0.20730281621217728,0.025643743574619293,0.49945756793022156,22.71236515045166,9.708197593688965,40.33171539306641,0.24897287786006927,0.13304345309734344,0.3724299371242523,22.591632843017578,15.447193145751953,31.260854721069336,0.0456963274627924,0.013076789677143097,0.09070146828889847,0.0389,0.0,0.11597901,0.0441754,0.03907951,01,False,False
2025-26,2026-01-10,New York,2,0.9575284719467163,0.7205987572669983,1.2868596315383911,0.2144523561000824,0.04677506536245346,0.4363129138946533,26.10702133178711,10.832472801208496,45.3248405456543,0.25673961639404297,0.12993904948234558,0.39114367961883545,24.64603614807129,16.290296745300296,33.10341415405274,0.04433904215693474,0.013890085741877556,0.08369842171669006,0.0304,0.0,0.11208556,0.04183103,0.03735102,01,False,False
2025-26,2026-01-10,Pennsylvania,0,0.9626442193984985,0.8050204515457153,1.165325438976288,0.2145269513130188,0.0601034015417099,0.40166524052619934,19.549484252929688,9.092677116394043,35.33192825317383,0.3045075833797455,0.14496895670890808,0.4456080198287964,27.8726749420166,19.30046272277832,36.08104133605957,0.03797155059874058,0.012266506440937519,0.06965082138776779,0.0319,0.0,0.11141244,0.03264977,0.02936359,01,False,False
2025-26,2026-01-10,Pennsylvania,1,0.9500868022441864,0.720030665397644,1.2140430212020874,0.2687368392944336,0.07426242530345917,0.4885576367378235,20.013591766357422,10.591484069824219,35.98677062988281,0.27284759283065796,0.15180732309818268,0.40402951836586,25.574209213256836,16.716899871826172,35.294990921020506,0.04006504639983177,0.01144034881144762,0.08225886523723602,0.0436,0.0,0.11056113,0.03738141,0.03350082,01,False,False
2025-26,2026-01-10,Pennsylvania,2,0.9737494587898254,0.7611222863197327,1.225728988647461,0.22385238111019135,0.07260902971029282,0.3938402831554413,19.331337928771973,8.57649040222168,37.492956161499045,0.28816697001457214,0.15116405487060547,0.41625826358795187,27.274683952331543,18.62628173828125,35.2465705871582,0.044195372611284256,0.0145721435546875,0.08294727653265,0.0291,0.0,0.11216842,0.03827504,0.03441696,01,False,False
2025-26,2026-01-10,Vermont,0,1.0324432849884033,0.6473079323768616,1.8412257432937622,0.4390437752008438,0.1411450207233429,0.7550362348556519,25.90543556213379,14.35023307800293,38.64707565307617,0.06304055452346802,0.027576394379138947,0.1280944049358368,9.210527896881104,3.998181748390199,15.61668586730957,0.08723466098308563,0.018016252666711807,0.18954779207706451,0.0451,0.0,0.11242377,0.09793358,0.08040617,01,False,False
2025-26,2026-01-10,Vermont,1,1.0348841547966003,0.6552064061164856,1.8986356258392334,0.4606804996728897,0.1545589700341225,0.747771227359772,25.864124298095703,14.785512924194336,40.090518951416016,0.06043683923780918,0.027707499451935298,0.11876805797219282,8.133544921875,3.667467451095582,14.398036956787111,0.08787385374307632,0.018479891493916514,0.18784935772418976,0.0459,0.0,0.11245924,0.09719272,0.0775063,01,False,False
2025-26,2026-01-10,Vermont,2,1.0688813924789429,0.6469942331314087,1.8925042152404785,0.4367522895336151,0.1637246459722519,0.73020938038826,25.608869552612305,14.602004051208496,39.442460250854495,0.05350907891988754,0.026510465890169144,0.10682304203510284,10.139482498168945,4.541449308395387,17.92547035217285,0.09446242451667786,0.02145645208656788,0.19170318096876146,0.0466,0.0,0.11070444,0.10429081,0.08161385,01,False,False
2025-26,2026-01-10,Wyoming,0,0.9695704579353333,0.6409372687339783,1.5152133703231812,0.38849174976348877,0.13292330503463745,0.6747272610664368,26.36180305480957,14.72588062286377,41.260040283203125,0.12818355858325958,0.06307560950517654,0.20898790657520294,13.632569313049316,7.517994403839111,21.38960914611817,0.06602990627288818,0.014544401969760666,0.14309349805116656,0.0604,0.0,0.11152492,0.07474826,0.06072796,01,False,False
2025-26,2026-01-10,Wyoming,1,0.9420865774154663,0.6345497965812683,1.537258505821228,0.3689446300268173,0.12575019896030426,0.6583287060260775,24.886754989624023,13.667243003845215,40.15516624450684,0.15063582360744476,0.07042589038610458,0.25576668381690987,14.326682090759277,7.822741317749024,21.86278133392334,0.0636393278837204,0.013816474005579948,0.1346135124564171,0.0513,0.0,0.11041025,0.07003711,0.05770997,01,False,False
2025-26,2026-01-10,Wyoming,2,0.9676808714866638,0.6601328253746033,1.4323244094848633,0.34008359909057617,0.07989661693572998,0.6407153606414795,23.231874465942383,11.882122993469238,39.720523834228516,0.14362508058547974,0.07111813127994537,0.23720523715019226,13.395260334014893,7.214346408843994,20.977121353149414,0.061395853757858276,0.01306112203747034,0.14463805556297304,0.0601,0.0,0.11107673,0.07155321,0.05978248,01,False,False
2025-26,2026-01-17,Alaska,0,0.8391434550285339,0.6000000238418579,1.7319738030433656,0.3814663290977478,0.12073846161365509,0.6922172904014587,24.756511688232422,12.549381065368653,39.45171813964844,0.13775791227817535,0.05895129553973675,0.24780284315347673,14.02506160736084,7.554916572570801,22.542677879333496,0.08826254680752754,0.027286123484373093,0.16290180385112762,0.0271,0.0,0.11024272,0.09279188,0.0715194,01,False,False
2025-26,2026-01-17,Alaska,1,0.9243332147598267,0.6000000238418579,2.0849886655807497,0.4210832118988037,0.1626361533999443,0.7024610638618469,26.455223083496094,11.85269374847412,43.27605361938477,0.12937256693840027,0.05611520633101463,0.2504379451274872,14.881462097167969,7.8445119857788095,22.55648365020752,0.09354063123464584,0.028052232414484023,0.1754481673240662,0.0268,0.0,0.1114422,0.09709164,0.07280303,01,False,False
2025-26,2026-01-17,Alaska,2,0.9070635437965393,0.6000000238418579,1.9557155489921578,0.4008766710758209,0.14453683793544772,0.6779599368572236,24.82644557952881,12.613062000274658,40.4254867553711,0.1258239820599556,0.05394192263484001,0.24361642301082614,13.105813980102539,6.415391874313355,20.930572509765625,0.08874431252479553,0.022851995192468173,0.17577321827411652,0.0398,0.0,0.11068731,0.09496366,0.07136683,01,False,False
2025-26,2026-01-17,California,0,0.9515276253223419,0.7463213801383972,1.1941301465034486,0.22071786224842072,0.05666271708905697,0.43915092945098877,23.318777084350586,10.60013952255249,41.9562671661377,0.10436658933758736,0.06571590155363083,0.1487280860543251,26.903172492980957,19.068010330200195,34.299476623535156,0.03613429702818394,0.010376289952546358,0.07234891802072525,0.0533,0.0,0.11184901,0.03817396,0.03401511,01,False,False
2025-26,2026-01-17,California,1,0.8793319463729858,0.6467825174331665,1.0907180309295654,0.2563464045524597,0.05164807662367821,0.5365104675292969,21.124109268188477,12.034367561340332,36.25825500488281,0.11099585890769958,0.0711407482624054,0.14893349558115007,28.4454288482666,19.78784236907959,36.381023788452154,0.04388878121972084,0.011954756081104278,0.0800972141325474,0.0426,0.0,0.10884567,0.04345359,0.03811625,01,False,False
2025-26,2026-01-17,California,2,0.9677588939666748,0.685004997253418,1.2953493952751163,0.25284215807914734,0.047168899700045584,0.5238235414028168,32.532588958740234,16.336257934570312,46.2097972869873,0.10994120687246323,0.06995034217834473,0.15057723224163055,28.685895919799805,20.23326930999756,36.02998428344726,0.04271170683205128,0.013183963485062122,0.07977951914072037,0.038,0.0,0.11226672,0.04216053,0.0370819,01,False,False
2025-26,2026-01-17,New York,0,0.786311686038971,0.6027286648750305,1.0831118822097778,0.32342980802059174,0.10526888445019728,0.5225972533226013,14.403703689575195,5.229933738708496,36.124664306640625,0.2915261387825012,0.13935795426368713,0.4599365055561067,25.828914642333984,17.399563598632813,33.60795211791992,0.04726772382855415,0.016021508537232877,0.0848196111619473,0.0267,0.0,0.11151223,0.04399902,0.0385804,01,False,False
2025-26,2026-01-17,New York,1,0.8061489462852478,0.6000000238418579,1.0563658475875854,0.30921874940395355,0.07963633611798289,0.5340672135353088,17.700088500976562,5.514362335205078,42.98512268066406,0.3185383379459381,0.1578202098608017,0.4752979576587677,23.89667510986328,16.112565994262695,32.09979896545412,0.05426950380206108,0.0149994483217597,0.10730932652950287,0.0358,0.0,0.11107996,0.0485484,0.04223987,01,False,False
2025-26,2026-01-17,New York,2,0.7592441439628601,0.6000000238418579,1.03727285861969,0.31936585903167725,0.1008831188082695,0.5826517939567566,14.766214370727539,6.54443359375,35.657798767089844,0.27288801968097687,0.13676634132862092,0.4167815357446671,26.818714141845703,18.6086483001709,34.92959060668946,0.052565502002835274,0.01607656478881836,0.09351028501987457,0.0267,0.0,0.10984571,0.04806955,0.04120192,01,False,False
2025-26,2026-01-17,Pennsylvania,0,0.9328314960002899,0.6679257988929749,1.2599211931228638,0.2612658739089966,0.05615633726119995,0.5516115427017213,29.34894371032715,15.207036972045898,43.95255393981934,0.35401591658592224,0.18241608738899232,0.5137416422367096,27.13386344909668,18.616433906555176,34.072425842285156,0.04689100757241249,0.014428150188177825,0.0922076441347599,0.0321,0.0,0.10874718,0.04578828,0.04137312,01,False,False
2025-26,2026-01-17,Pennsylvania,1,0.9302740693092346,0.6925857067108154,1.2604015231132508,0.23608644306659698,0.056317766755819336,0.4690806269645691,28.785181045532227,13.076008796691895,44.467933654785156,0.35798074305057526,0.21270505189895633,0.5059836685657502,25.791173934936523,17.707273864746096,33.99408988952637,0.051904965192079544,0.013313671573996544,0.08987303599715235,0.041,0.0,0.11284565,0.04874235,0.0444698,01,False,False
2025-26,2026-01-17,Pennsylvania,2,0.9413720369338989,0.7575007677078247,1.1651267170906068,0.21135561168193817,0.053036030381917953,0.3922056257724762,26.480432510375977,13.806845664978027,40.421966552734375,0.3116808831691742,0.17197653651237488,0.46421849727630615,27.119261741638184,19.221405410766604,34.78211975097656,0.04259799048304558,0.012766451854258778,0.0734461098909378,0.0371,0.0,0.11014109,0.03853185,0.03568995,01,False,False
2025-26,2026-01-17,Vermont,0,1.0111864805221558,0.627175509929657,1.8815269470214844,0.4447263926267624,0.1580144658684731,0.719256365299225,24.644750595092773,12.912383079528809,41.00965881347656,0.061718668788671494,0.03010105900466442,0.11807514727115634,10.960164070129395,4.896015596389771,19.020941162109377,0.09021318331360817,0.02452646493911743,0.16792777180671692,0.0329,0.0,0.10987693,0.09386283,0.07453873,01,False,False
2025-26,2026-01-17,Vermont,1,0.9286752045154572,0.6000000238418579,1.7055988311767578,0.48018163442611694,0.17820677757263184,0.745331621170044,24.51748561859131,12.346287155151368,42.11219863891601,0.07372663170099258,0.03254975974559784,0.14423474669456482,10.57266092300415,4.783985710144043,18.954824447631836,0.09357933700084686,0.02161751911044121,0.19606491923332214,0.0473,0.0,0.11182673,0.10079066,0.07616055,01,False,False
2025-26,2026-01-17,Vermont,2,0.9462705552577972,0.6186577141284942,1.7096023201942447,0.44446125626564026,0.14045417606830596,0.7310053884983063,26.278331756591797,13.784415245056152,41.12127532958984,0.070824533700943,0.030667085200548172,0.14467040300369263,9.868927955627441,4.809785985946656,16.694133758544922,0.08840110898017883,0.015406622737646106,0.19326924681663515,0.0606,0.0,0.11126768,0.09539771,0.07503889,01,False,False
2025-26,2026-01-17,Wyoming,0,0.884583443403244,0.6050828039646149,1.408790802955628,0.3573075532913208,0.11266766488552094,0.6228882193565369,24.99965190887451,12.522844791412354,41.16420364379883,0.13067397475242615,0.05818847566843033,0.22135477066040038,13.654077529907227,7.7152605056762695,20.85857391357422,0.06933711469173431,0.015994736924767494,0.1381261646747589,0.0481,0.0,0.11236796,0.06815608,0.05750767,01,False,False
2025-26,2026-01-17,Wyoming,1,0.8522118926048279,0.6000000238418579,1.4129099011421205,0.4078587591648102,0.13564689457416534,0.6672191917896272,23.40325355529785,10.758271217346191,41.78746337890627,0.14707596600055695,0.06280740350484848,0.2636965245008469,14.516569137573242,7.743786716461182,22.761161231994627,0.07161964476108551,0.015544996596872807,0.149654358625412,0.0479,0.0,0.11418541,0.07217408,0.05707622,01,False,False
2025-26,2026-01-17,Wyoming,2,0.8654325604438782,0.6031593680381775,1.5746302604675293,0.40573349595069885,0.14475904405117038,0.6778886675834656,22.377988815307617,10.005287170410156,42.26424407958985,0.1361205279827118,0.06357244402170181,0.24603541046381003,14.215479850769043,7.231111526489258,23.24791355133057,0.07627175748348236,0.018795158714056015,0.1488286703824997,0.0404,0.0,0.11416261,0.07659639,0.0621654,01,False,False
2025-26,2026-01-24,Alaska,0,0.7782200574874878,0.6000000238418579,1.4874179363250732,0.40481510758399963,0.1667957305908203,0.6722810804843903,25.14772605895996,10.994122505187988,44.11508750915527,0.15695403516292572,0.06385349482297897,0.27388269901275636,14.422103881835938,7.875908327102661,22.424076080322266,0.09987056255340576,0.026395414024591446,0.19372639954090118,0.0373,0.0,0.10967497,0.10742719,0.07564625,01,False,False
2025-26,2026-01-24,Alaska,1,0.8693572878837585,0.6000000238418579,2.1576473712921143,0.4057201147079468,0.17130626738071442,0.6408600807189941,23.701462745666504,11.422656059265137,41.655800628662114,0.14852963387966156,0.06330563873052597,0.27743446826934814,13.72265911102295,7.717137336730957,20.079696655273438,0.08255904167890549,0.025691671296954155,0.15610042661428453,0.0268,0.0,0.11155101,0.08741868,0.06489795,01,False,False
2025-26,2026-01-24,Alaska,2,1.0828957557678223,0.6028569936752319,2.326005697250366,0.3886002004146576,0.13392578065395355,0.6528360724449158,24.44680404663086,11.918319702148438,41.33950424194336,0.1331573873758316,0.06144351325929165,0.23879424035549163,15.131429672241211,8.637990951538086,22.00832691192627,0.08730029314756393,0.027854543179273605,0.16319103091955187,0.0235,0.0,0.1135564,0.09267386,0.06987131,01,False,False
2025-26,2026-01-24,California,0,0.9650863409042358,0.7628762841224671,1.1624571561813355,0.1605968028306961,0.023222653195261955,0.36646501123905184,31.287307739257812,19.237197875976562,44.200767898559576,0.13082343339920044,0.08077949136495591,0.17989259958267212,29.088784217834473,21.51130199432373,36.363529205322266,0.037874188274145126,0.013988052494823933,0.06697640642523767,0.0235,0.0,0.11594666,0.03948338,0.03587719,01,False,False
2025-26,2026-01-24,California,1,0.9370804131031036,0.7429446697235108,1.1406182050704956,0.18774563819169998,0.03581554815173149,0.400179198384285,25.72557830810547,13.873515224456787,40.6004753112793,0.11357345804572105,0.07071506977081299,0.16275836527347565,28.21500587463379,20.466327667236328,35.75713119506836,0.03791501000523567,0.01230771653354168,0.06973155364394189,0.0366,0.0,0.1090338,0.04168735,0.0374129,01,False,False
2025-26,2026-01-24,California,2,0.9465817213058472,0.7582514584064484,1.1671440601348877,0.18077202141284943,0.03212618827819824,0.3980237901210785,28.1255464553833,13.556438541412353,44.99830169677735,0.14274703711271286,0.09254316240549088,0.19900852590799334,26.4111909866333,19.006978034973145,33.91971969604492,0.03931000828742981,0.013528068084269762,0.07276109457015993,0.029,0.0,0.1120454,0.04194813,0.03700345,01,False,False
2025-26,2026-01-24,New York,0,0.7423318922519684,0.6000000238418579,1.0136489272117615,0.22656036913394928,0.05282389372587204,0.442478209733963,16.68789291381836,6.0921854972839355,34.66007843017579,0.3030950725078583,0.13816286474466324,0.4489516168832779,29.425573348999023,20.139001846313477,36.5020637512207,0.055862847715616226,0.023141863383352758,0.09146465733647348,0.0131,0.0,0.11182732,0.05255419,0.04165592,01,False,False
2025-26,2026-01-24,New York,1,0.7481277585029602,0.6000000238418579,0.9873199462890626,0.25227248668670654,0.06177135556936264,0.46117451786994934,17.115283012390137,5.9396233558654785,38.199641418457034,0.30357369780540466,0.1516134098172188,0.46362870931625366,27.440570831298828,19.139652442932128,34.841514587402344,0.0572059340775013,0.019328255951404572,0.09878093749284744,0.0236,0.0,0.11034213,0.05460294,0.044385,01,False,False
2025-26,2026-01-24,New York,2,0.7557575702667236,0.6014256477355957,1.0366508960723877,0.29577530920505524,0.08426528647542003,0.46903085708618164,19.441577911376953,5.642569208145143,45.274521636962895,0.3040718734264374,0.1761551007628441,0.43130478262901306,25.428083419799805,16.86480140686035,33.562804031372075,0.056327998638153076,0.02181351222097874,0.09395352751016617,0.0142,0.0,0.11129554,0.05467646,0.04674009,01,False,False
2025-26,2026-01-24,Pennsylvania,0,0.8866094946861267,0.7048601090908051,1.0743328094482423,0.18464329093694687,0.04164490923285485,0.36255829036235815,19.573126792907715,9.80254545211792,33.10506935119629,0.3256321847438812,0.19436732232570647,0.48715940117836,28.924070358276367,21.296796798706055,35.912227630615234,0.0444096215069294,0.019133197888731957,0.0712265804409981,0.0185,0.0,0.10999156,0.04256857,0.03915555,01,False,False
2025-26,2026-01-24,Pennsylvania,1,0.9118290841579437,0.695341181755066,1.1667702913284304,0.16891269385814667,0.022777263075113297,0.40680150091648104,27.24808120727539,11.415311241149904,44.027896881103516,0.3367747664451599,0.17345269024372104,0.5014242827892303,29.234790802001953,21.18878746032715,36.598880767822266,0.0508621409535408,0.019913494773209094,0.08918927609920502,0.0166,0.0,0.11002118,0.05045327,0.0454161,01,False,False
2025-26,2026-01-24,Pennsylvania,2,0.8247120976448059,0.6230871379375458,1.121445894241333,0.3151097893714905,0.08284693956375122,0.5600978136062622,21.501808166503906,10.185699367523194,42.437164306640625,0.38579316437244415,0.2283080518245697,0.5424109935760498,30.13714027404785,22.060192298889163,37.0748836517334,0.05387885868549347,0.01590711697936058,0.10231398791074753,0.0335,0.0,0.11466448,0.05481905,0.04551757,01,False,False
2025-26,2026-01-24,Vermont,0,1.0276641845703125,0.6183338582515717,1.9868695855140686,0.4455266743898392,0.20600652694702148,0.7076810598373413,28.576406478881836,15.178609848022461,42.9469108581543,0.06383770704269409,0.03299464583396912,0.1233028694987297,10.338274478912354,5.193603086471558,17.47451972961426,0.08390292152762413,0.020318131893873215,0.17517468333244324,0.0434,0.0,0.11280305,0.09352931,0.0737266,01,False,False
2025-26,2026-01-24,Vermont,1,0.8507317900657654,0.6000000238418579,1.549091947078706,0.46160389482975006,0.19703921675682068,0.7315229773521423,25.58859634399414,13.450532722473147,39.975669860839844,0.09135559946298599,0.0389838919043541,0.18233166188001634,9.987386703491211,4.770777225494385,19.57532920837403,0.10073647648096085,0.028330842033028603,0.19501756131649017,0.0297,0.0,0.11229784,0.10912195,0.08064401,01,False,False
2025-26,2026-01-24,Vermont,2,0.907269299030304,0.6022874116897583,1.6797554135322572,0.44389109313488007,0.2084553837776184,0.7148976922035217,23.79606056213379,12.812874507904054,37.888484954833984,0.06844034790992737,0.036365825682878494,0.12100108712911606,11.299255847930908,5.365190029144287,19.935121536254883,0.09603174775838852,0.027934594079852104,0.18140801787376404,0.0267,0.0,0.10953822,0.10411524,0.08000732,01,False,False
2025-26,2026-01-24,Wyoming,0,0.741301953792572,0.6000000238418579,1.0870135784149173,0.36107032001018524,0.1222449243068695,0.6000284254550935,20.60661029815674,10.20425033569336,37.40618133544922,0.15609482675790787,0.06643715500831604,0.2753177881240845,15.925535678863525,8.831971454620362,23.205717086791992,0.07682044059038162,0.023893851786851883,0.13558977842330933,0.0262,0.0,0.11183311,0.07541367,0.05570912,01,False,False
2025-26,2026-01-24,Wyoming,1,0.7727229595184326,0.6000000238418579,1.247622013092041,0.39917145669460297,0.1314135193824768,0.6856871247291565,20.961880683898926,9.740851402282715,40.72346878051758,0.144363671541214,0.06559831947088243,0.2354842871427536,15.764753341674805,8.497756385803223,23.995923995971683,0.07239291444420815,0.019104135781526567,0.13454832434654238,0.0387,0.0,0.10940096,0.07381667,0.05586685,01,False,False
2025-26,2026-01-24,Wyoming,2,0.8357746601104736,0.6000000238418579,1.2328839302062988,0.3260588049888611,0.08665290474891663,0.5714148283004762,22.48888397216797,9.282982826232914,42.43869743347168,0.14435813575983047,0.06322449818253517,0.25731465220451355,14.645089149475098,8.170829772949219,22.29981803894043,0.06660420447587967,0.017127256840467453,0.12987029254436497,0.0423,0.0,0.11162117,0.06878659,0.05477347,01,False,False
2025-26,2026-02-07,Alaska,0,0.8126933574676514,0.6000000238418579,1.529578506946564,0.3762114346027374,0.11479655653238297,0.6435393691062927,26.92588233947754,13.994260787963867,43.15884780883789,0.1800093650817871,0.07569311559200287,0.3232809960842133,12.898508071899414,6.682007551193237,19.77037105560303,0.08136945590376854,0.025724437087774277,0.1462717041373253,0.0265,0.0,0.10967468,0.08582106,0.06829546,02,False,False
2025-26,2026-02-07,Alaska,1,0.8235084116458893,0.6000000238418579,2.147697925567627,0.43377967178821564,0.21305703222751618,0.6597638726234436,24.907657623291016,13.024971961975098,42.6263168334961,0.18104296922683716,0.08445726335048676,0.32073729038238535,13.553362846374512,6.98644495010376,21.470009613037114,0.08820142596960068,0.025339407660067086,0.16318023055791855,0.0277,0.0,0.11298656,0.09571135,0.07218414,02,False,False
2025-26,2026-02-07,Alaska,2,0.8451967537403107,0.6000000238418579,2.06959867477417,0.3511127084493637,0.11301024928689005,0.6060980558395386,25.11244773864746,13.933752059936523,39.76109504699708,0.16662612557411194,0.07411682903766632,0.3043499290943146,13.125848770141602,6.959373950958252,20.508596420288086,0.07968287169933319,0.021220210939645767,0.15052169561386108,0.036,0.0,0.11301953,0.08658552,0.06847802,02,False,False
2025-26,2026-02-07,California,0,0.9990185499191284,0.8068569302558899,1.2168863415718079,0.18221332132816315,0.045470431447029114,0.35922303795814514,27.438026428222656,14.265912055969238,43.24592208862305,0.14688187837600708,0.10238578915596008,0.18961209058761597,30.68696117401123,23.34373550415039,37.383941650390625,0.03281780146062374,0.010423095151782037,0.061518020927906036,0.0434,0.0,0.11028072,0.03584558,0.03238431,02,False,False
2025-26,2026-02-07,California,1,1.014683485031128,0.873610544204712,1.1627977609634401,0.13200343400239944,0.024379839189350612,0.28224754333496094,25.429277420043945,13.350717544555664,38.61103057861328,0.14638304710388184,0.10037124156951904,0.193548384308815,30.32923126220703,22.784245491027832,36.930026626586915,0.03054715320467949,0.00942191667854786,0.05705087520182133,0.042,0.0,0.11133384,0.03324344,0.03026587,02,False,False
2025-26,2026-02-07,California,2,0.9937089085578918,0.8486233949661255,1.1553406715393066,0.15732865035533905,0.03600066527724266,0.31406253576278687,24.19122314453125,13.88370418548584,38.58795166015625,0.14864453673362732,0.09815861284732819,0.20609717071056366,31.077112197875977,23.509267234802245,37.6966194152832,0.0311211496591568,0.01008069608360529,0.05866921320557594,0.0422,0.0,0.10933632,0.03437181,0.03122657,02,False,False
2025-26,2026-02-07,New York,0,0.8200593888759613,0.6205056786537171,1.1195635437965392,0.21759124100208282,0.04387305676937103,0.42561036646366124,24.439287185668945,8.981891536712652,43.17538757324219,0.29504281282424927,0.15727927386760712,0.4488560438156129,26.374672889709473,18.753467559814453,34.85856246948242,0.04970875009894371,0.01794351432472468,0.0858639806509018,0.0229,0.0,0.11027043,0.05268149,0.04242106,02,False,False
2025-26,2026-02-07,New York,1,0.7615582346916199,0.6035732090473175,1.00594322681427,0.24470166116952896,0.0577237494289875,0.46244878470897677,20.76126194000244,8.053237438201906,39.8307373046875,0.357715904712677,0.20884489864110947,0.5075900673866272,27.886280059814453,19.432116889953615,35.790679931640625,0.052462244406342506,0.021099273115396503,0.08738882839679718,0.0151,0.0,0.11220687,0.05437915,0.04318979,02,False,False
2025-26,2026-02-07,New York,2,0.7957844734191895,0.616088742017746,1.0352755784988403,0.22052772343158722,0.048460423946380615,0.4282909333705902,21.265889167785645,7.55674376487732,39.61412353515626,0.3178369402885437,0.17498473078012466,0.4734179437160493,25.90574836730957,17.74346179962158,34.736765670776364,0.05183882638812065,0.018804652243852617,0.09063193723559382,0.0203,0.0,0.11126664,0.05503474,0.04350347,02,False,False
2025-26,2026-02-07,Pennsylvania,0,0.8622319996356964,0.6538721799850464,1.1161522388458252,0.24029549211263657,0.04033317789435387,0.49676131904125226,22.461650848388672,11.673194789886475,37.99958419799805,0.4464131295681,0.25565887689590455,0.6247600317001343,29.942267417907715,22.846128463745117,36.58577308654785,0.04387812502682209,0.015021352004259827,0.07850783020257951,0.031,0.0,0.11290537,0.0471578,0.04062591,02,False,False
2025-26,2026-02-07,Pennsylvania,1,0.9056379199028015,0.7368749856948853,1.1481812834739686,0.17892879247665405,0.03952672332525253,0.35026538372039795,29.98536968231201,16.925272750854493,44.4819034576416,0.3941804766654968,0.22161365896463395,0.5733850002288818,30.475658416748047,22.870302200317383,37.0042610168457,0.04321201890707016,0.019379793666303158,0.06764350831508636,0.0143,0.0,0.11025266,0.04479988,0.04018853,02,False,False
2025-26,2026-02-07,Pennsylvania,2,0.8801758289337158,0.6986255645751953,1.0920661687850954,0.20898690819740295,0.05266337841749191,0.4051694691181183,22.292329788208008,12.70787992477417,36.3333625793457,0.380586713552475,0.2316256269812584,0.5311415195465088,30.778602600097656,22.84233856201172,37.69583511352539,0.042666781693696976,0.014275861904025078,0.07897157445549965,0.0288,0.0,0.11031818,0.04790991,0.04203596,02,False,False
2025-26,2026-02-07,Vermont,0,1.0748710632324219,0.678810977935791,1.7758373022079468,0.4200851321220398,0.1478370875120163,0.6956002116203308,28.254772186279297,18.982437133789062,39.15652847290039,0.08799280226230621,0.04963522963225842,0.14633983373641968,12.219506740570068,6.237460994720459,19.947805404663086,0.0872584879398346,0.019410206004977226,0.1755954369902611,0.0465,0.0,0.108495,0.09413759,0.07530429,02,False,False
2025-26,2026-02-07,Vermont,1,1.0563691854476929,0.6673489212989807,2.0583393573760986,0.4419812560081482,0.16070027649402618,0.7062116265296936,28.04296112060547,17.72746467590332,39.58366584777832,0.08337794989347458,0.04729017987847328,0.140483558177948,11.733413696289062,6.172325229644775,19.24388885498047,0.08953255414962769,0.026103974506258967,0.178364098072052,0.0305,0.0,0.11209767,0.0964946,0.07630403,02,False,False
2025-26,2026-02-07,Vermont,2,1.036300241947174,0.6711228311061859,1.9163529992103583,0.45361822843551636,0.1984676912426949,0.6966394186019897,26.318103790283203,15.81370735168457,39.24943923950195,0.0884641632437706,0.048879010975360876,0.15368762612342834,13.18628454208374,6.810935974121094,21.37744941711426,0.09169565886259079,0.02640291508287192,0.17152398377656938,0.0273,0.0,0.11247708,0.0977131,0.0767652,02,False,False
2025-26,2026-02-07,Wyoming,0,0.9833824932575226,0.6681037724018097,1.5708483457565308,0.3678961545228958,0.10562373697757721,0.6393811702728277,26.770069122314453,15.599214267730714,41.14816665649414,0.13932809978723526,0.07199123501777649,0.2250851556658745,15.600542545318604,8.860295295715332,23.33529014587403,0.06261202692985535,0.01622431613504887,0.12863117456436157,0.0387,0.0,0.11160529,0.06910508,0.05364849,02,False,False
2025-26,2026-02-07,Wyoming,1,0.9403730928897858,0.649575412273407,1.5953007936477661,0.4099389910697937,0.14707276225090027,0.6818718314170837,26.23370361328125,15.659401893615723,40.954715728759766,0.15854258835315704,0.07863038033246994,0.2607147723436357,17.576171875,9.711173057556152,25.172867965698252,0.07523234188556671,0.019393207505345345,0.14744830131530762,0.038,0.0,0.10964929,0.07648918,0.05739765,02,False,False
2025-26,2026-02-07,Wyoming,2,0.9035189747810364,0.6323596775531769,1.4148753881454468,0.42904873192310333,0.16351609379053128,0.6663143873214722,26.45571517944336,15.705085754394531,39.67176742553711,0.18582306802272797,0.0885648749768734,0.31196096837520615,15.150191307067871,8.2901104927063,23.419240951538086,0.07896970957517624,0.019119421020150185,0.15258481502532972,0.0378,0.0,0.11238132,0.08346594,0.06064067,02,False,False
2025-26,2026-02-14,Alaska,0,0.8004347085952759,0.6000000238418579,1.7219962716102604,0.3385363072156906,0.11103836596012118,0.5706968903541565,23.70425796508789,12.604851436614991,39.14278030395508,0.1774945929646492,0.08507828712463379,0.2952172070741653,14.19308090209961,8.257821083068848,20.960261344909668,0.08057106286287308,0.024131683818995955,0.15151165425777435,0.0267,0.0,0.11343392,0.08616724,0.0625744,02,False,False
2025-26,2026-02-14,Alaska,1,0.8242165446281433,0.6000000238418579,2.1225583791732796,0.36699968576431274,0.13375607132911682,0.6085737943649293,22.632763862609863,11.64326286315918,37.85610580444336,0.1711105778813362,0.08384351283311844,0.29892727732658386,13.87401294708252,7.769165992736816,20.682390213012695,0.08003689721226692,0.022799575701355934,0.1459513157606125,0.027,0.0,0.1120898,0.08400114,0.0614148,02,False,False
2025-26,2026-02-14,Alaska,2,0.8566161394119263,0.6000000238418579,1.9971960306167609,0.35843218863010406,0.13121439516544342,0.6131176471710206,23.80072021484375,12.160506343841552,40.22158966064453,0.1805671751499176,0.08720721900463105,0.31497252583503726,17.3033504486084,8.999704074859618,26.88746929168701,0.07994206994771957,0.020951502397656446,0.1527332454919815,0.037,0.0,0.11409167,0.08739994,0.06631811,02,False,False
2025-26,2026-02-14,California,0,0.9859054088592529,0.8263546824455261,1.1372276544570923,0.13234706223011017,0.019751676172018055,0.29567477107048035,25.38364028930664,14.082608222961426,40.12310943603516,0.16471466422080994,0.10836349427700043,0.22740537673234942,29.615266799926758,22.98324966430664,36.599381637573245,0.03377080522477627,0.011377708707004787,0.06080128923058511,0.0348,0.0,0.11141102,0.03783467,0.03478595,02,False,False
2025-26,2026-02-14,California,1,0.9814916849136353,0.8172563910484314,1.125612485408783,0.15120890736579895,0.02461385726928711,0.3240525215864182,26.838828086853027,16.183325004577636,39.15870666503906,0.14440767467021942,0.09746331423521042,0.1956377625465393,31.376981735229492,24.223478317260742,37.6191520690918,0.032696135342121124,0.010671716928482056,0.05991623215377331,0.0429,0.0,0.1099903,0.03628733,0.03260376,02,False,False
2025-26,2026-02-14,California,2,0.9709439277648926,0.8041480779647827,1.129398512840271,0.1527404487133026,0.023393012583255768,0.3259126842021942,24.66904067993164,13.473552227020265,40.43029022216797,0.16949725896120071,0.11340288519859314,0.23289388567209246,30.560683250427246,22.568626403808594,37.4588981628418,0.029959523119032383,0.008379105757921937,0.05819816030561924,0.054,0.0,0.11095638,0.03422943,0.03165925,02,False,False
2025-26,2026-02-14,New York,0,0.8419876396656036,0.6356691718101501,1.1084935665130615,0.24239929020404816,0.07937314361333847,0.4144531786441803,25.45101547241211,10.431032180786133,42.95558471679688,0.34311938285827637,0.19649223238229752,0.5089184105396272,26.912468910217285,19.27608013153076,34.70930099487305,0.05483185313642025,0.019536998122930527,0.09501478746533394,0.0232,0.0,0.11000728,0.05700564,0.04695793,02,False,False
2025-26,2026-02-14,New York,1,0.8267419040203094,0.6237664759159088,1.127843713760376,0.30225011706352234,0.08880401998758317,0.5141980469226838,18.672584533691406,6.198965978622438,33.330589294433594,0.38765639066696167,0.22516238540411,0.5561000108718872,27.160354614257812,19.70534477233887,34.29804496765137,0.046491749584674835,0.01811867207288742,0.07691217213869095,0.0203,0.0,0.11276009,0.0480663,0.04005885,02,False,False
2025-26,2026-02-14,New York,2,0.8495155572891235,0.644940197467804,1.1247260808944701,0.28054894506931305,0.08555123209953308,0.48825839161872864,19.20601463317871,7.987788105010987,35.61517524719238,0.33323702216148376,0.20628856122493744,0.45448923110961914,28.76811981201172,20.189694976806642,36.823341369628906,0.044058388099074364,0.016298652254045018,0.07551879435777664,0.0254,0.0,0.11076935,0.04588679,0.0393748,02,False,False
2025-26,2026-02-14,Pennsylvania,0,0.9228993654251099,0.7524209380149841,1.1033828258514404,0.18111301213502884,0.037123698741197586,0.37482115626335144,23.529386520385742,14.495241928100588,34.092918395996094,0.4311040937900543,0.2716366946697235,0.5986957550048828,28.421039581298828,20.364955520629884,35.20430374145508,0.043419528752565384,0.016110479831695557,0.07584593445062644,0.022,0.0,0.1105478,0.04494136,0.04049378,02,False,False
2025-26,2026-02-14,Pennsylvania,1,0.9262140989303589,0.6941565275192261,1.1771876811981201,0.23086801171302795,0.06429240107536316,0.46682679653167725,26.08961296081543,13.572988224029542,41.29597854614258,0.4548013508319855,0.2654835969209671,0.6494463860988617,28.237993240356445,20.921492195129396,35.32640838623047,0.04382580518722534,0.01560680940747261,0.07681914418935776,0.0267,0.0,0.1113698,0.04630607,0.04057695,02,False,False
2025-26,2026-02-14,Pennsylvania,2,0.9449153542518616,0.7516813576221466,1.240073347091675,0.20291668176651,0.04736989475786686,0.3927011132240297,31.415529251098633,19.605261611938477,43.20967102050781,0.4195979833602905,0.24136370122432713,0.6187356948852539,29.439584732055664,21.78726406097412,36.205322265625,0.040325578302145004,0.01671336218714714,0.06944438815116882,0.0156,0.0,0.11198457,0.04253217,0.0366823,02,False,False
2025-26,2026-02-14,Vermont,0,1.0470266938209534,0.6752234041690827,1.8009459853172305,0.41230884194374084,0.14708420634269714,0.6602837562561035,27.360652923583984,17.263803482055664,38.58414154052735,0.08477378636598587,0.046789401397109034,0.14323685467243194,10.952954292297363,5.939807891845703,17.350513458251953,0.06902897730469704,0.01563158249482513,0.15037137269973755,0.0519,0.0,0.11053812,0.08382818,0.06939524,02,False,False
2025-26,2026-02-14,Vermont,1,0.9177215099334717,0.6095079898834228,1.6523381948471072,0.46987420320510864,0.2124834805727005,0.7148958444595337,26.840197563171387,16.85599002838135,39.241127014160156,0.09866156429052353,0.052047956734895706,0.16824001371860506,11.210598468780518,6.107837200164795,17.197203063964842,0.08893528580665588,0.025496643036603928,0.16668130159378053,0.0306,0.0,0.10998237,0.09880636,0.07913015,02,False,False
2025-26,2026-02-14,Vermont,2,0.8914577960968018,0.6050824522972107,1.6007817745208741,0.47215983271598816,0.2048543393611908,0.6943801641464233,25.07404899597168,16.060874938964844,35.58765296936035,0.09815850853919983,0.0502024032175541,0.16248149126768113,11.337544918060303,6.054993724822999,17.86535396575928,0.0921701192855835,0.02773670889437199,0.17142485082149506,0.0272,0.0,0.11179395,0.10192508,0.08022029,02,False,False
2025-26,2026-02-14,Wyoming,0,1.051959753036499,0.7189275622367859,1.5843158960342407,0.41992735862731934,0.18019381165504456,0.6732345223426819,26.36751937866211,16.391942405700686,38.50901794433594,0.1705772578716278,0.0874919593334198,0.2703526020050049,16.906408309936523,9.235541820526123,26.18828296661378,0.08098199218511581,0.02480677478015423,0.1435595452785492,0.0268,0.0,0.11173657,0.07690716,0.06545102,02,False,False
2025-26,2026-02-14,Wyoming,1,1.0377788543701172,0.6880411088466645,1.6452155113220215,0.4376634657382965,0.17582538425922395,0.6826043665409088,28.080326080322266,17.318939208984375,40.422470855712895,0.18530353903770447,0.08748479932546616,0.3160918653011322,14.948885917663574,8.341683197021485,23.12111167907715,0.07694187760353088,0.020481121353805073,0.14619128406047824,0.0334,0.0,0.10985956,0.07576823,0.06692118,02,False,False
2025-26,2026-02-14,Wyoming,2,1.0370315909385681,0.7189347147941589,1.5912701606750494,0.4399294853210449,0.18680721521377563,0.6976755261421204,28.538787841796875,17.467428970336915,39.882080078125,0.17410726845264435,0.09105834737420083,0.28698790073394775,15.148960590362549,7.955786228179932,23.45011978149415,0.08035467565059662,0.020765710622072223,0.15878570079803467,0.0348,0.0,0.11124798,0.08094021,0.06893389,02,False,False
2025-26,2026-02-21,Alaska,0,0.9158200323581696,0.6016250610351562,2.333451318740845,0.3788471817970276,0.15331657379865646,0.5901758790016175,24.445624351501465,14.687012290954591,36.34836235046388,0.18226227164268494,0.09306393563747406,0.3104804605245591,15.090569496154785,9.073316478729248,22.031377410888673,0.07544711232185364,0.01710857227444649,0.15333429127931597,0.0466,0.0,0.11073884,0.0851449,0.0635729,02,False,False
2025-26,2026-02-21,Alaska,1,0.7596233487129211,0.6000000238418579,1.433356022834778,0.4092910885810852,0.17698361277580266,0.6117851793766023,25.475139617919922,15.746806144714355,38.952074813842785,0.1998189389705658,0.09849074929952623,0.3342616558074951,16.62827968597412,9.57913122177124,24.869373321533203,0.08885438740253448,0.027679682523012165,0.16470201313495636,0.0272,0.0,0.1131798,0.09558202,0.06998259,02,False,False
2025-26,2026-02-21,Alaska,2,0.9350527226924896,0.6119235217571258,2.1324384212493896,0.3334666043519974,0.11219201013445856,0.5655240416526794,24.041261672973633,14.180641269683838,36.5335189819336,0.1768333613872528,0.09413869976997376,0.289967292547226,15.826231002807617,9.44760341644287,23.79156894683838,0.06445128470659256,0.016686936840415,0.12731748223304748,0.0401,0.0,0.11078151,0.07141918,0.05590616,02,False,False
2025-26,2026-02-21,California,0,0.9110610485076904,0.6701158881187439,1.087136149406433,0.19289349019527435,0.03133730478584767,0.4487778902053834,25.058237075805664,12.89771957397461,41.26517105102539,0.18976780772209167,0.1282811164855957,0.2611370831727982,28.933566093444824,21.679850578308105,35.97357177734375,0.03786231949925423,0.011972088366746902,0.07481615692377092,0.0426,0.0,0.10907236,0.04131358,0.03654218,02,False,False
2025-26,2026-02-21,California,1,0.9351827502250671,0.7387310266494751,1.1042845368385314,0.1695152074098587,0.03554772138595581,0.3656221032142639,24.69748306274414,12.746325492858887,41.86836624145508,0.19185228645801544,0.11559521630406382,0.2718951404094696,30.312332153320312,22.441844177246093,36.84470329284668,0.03064891044050455,0.009384538233280185,0.061288075149059346,0.0479,0.0,0.11282493,0.03406674,0.03069903,02,False,False
2025-26,2026-02-21,California,2,0.9441980719566345,0.7914172291755677,1.0825337171554565,0.12982389330863953,0.02076661456376315,0.2891328036785126,28.486919403076172,15.52428035736084,43.426212310791016,0.1874563992023468,0.12243863567709923,0.2596972912549973,30.211658477783203,23.006786346435547,36.81895446777344,0.031925708055496216,0.011877840105444196,0.05733544528484346,0.0296,0.0,0.11177431,0.03444068,0.03074295,02,False,False
2025-26,2026-02-21,New York,0,0.9902859926223755,0.7544560253620147,1.3008067250251771,0.25470206141471863,0.07776991277933121,0.4336852431297302,26.025463104248047,9.44621467590332,39.63768768310547,0.3418857157230377,0.207096666097641,0.5062354862689973,27.56696128845215,19.989809608459474,35.41642532348633,0.057390639558434486,0.022513663209974766,0.0937465600669384,0.0153,0.0,0.11079783,0.05645743,0.05039828,02,False,False
2025-26,2026-02-21,New York,1,1.0014052391052246,0.7560354053974152,1.3085992336273193,0.2805465757846832,0.11053039133548737,0.4532785534858704,23.895910263061523,9.896517753601074,39.44653511047363,0.3503917455673218,0.22408974170684814,0.48310208320617676,28.600117683410645,20.39103755950928,36.77991485595703,0.057088183239102364,0.021236523985862732,0.09643572568893433,0.0189,0.0,0.11099489,0.05461198,0.04939611,02,False,False
2025-26,2026-02-21,New York,2,0.9446832835674286,0.7249806523323059,1.2727535605430607,0.27811796963214874,0.08810845166444779,0.47918763160705574,27.319071769714355,13.811849594116211,41.11503982543945,0.37083590030670166,0.221313938498497,0.5199584364891052,27.453277587890625,19.690689086914062,35.39465560913086,0.05368191935122013,0.022950297221541405,0.0876558229327202,0.0124,0.0,0.11220611,0.05236285,0.04596487,02,False,False
2025-26,2026-02-21,Pennsylvania,0,0.9564756751060486,0.7792621850967407,1.156205415725708,0.17925798892974854,0.048310964554548266,0.34422168135643005,22.907447814941406,12.186430931091309,35.12272262573242,0.5064710080623627,0.3381479948759079,0.6765104532241821,30.548446655273438,23.66109390258789,37.22766304016113,0.044551922008395195,0.018429230898618698,0.07246403768658638,0.0171,0.0,0.11294844,0.04552285,0.04128436,02,False,False
2025-26,2026-02-21,Pennsylvania,1,0.9310486912727356,0.7266446709632873,1.2012914299964907,0.22725821286439896,0.060136552527546884,0.46127772331237793,27.6007022857666,16.397512435913086,41.45512924194336,0.5001459121704102,0.31128957867622375,0.7058818340301514,27.000880241394043,20.07614517211914,34.471351623535156,0.04531919211149216,0.017310073599219322,0.08109810203313828,0.0188,0.0,0.11239683,0.04802875,0.04221144,02,False,False
2025-26,2026-02-21,Pennsylvania,2,0.9963468313217163,0.8093507468700409,1.22503319978714,0.20631209015846252,0.05566127263009548,0.39868828654289246,27.036272048950195,16.038627433776856,39.87398147583008,0.36627519130706787,0.2369549721479416,0.5260149002075195,27.60028076171875,20.81488151550293,34.34599685668945,0.04123624414205551,0.013660568743944168,0.072647400200367,0.0318,0.0,0.1128448,0.04313281,0.03947294,02,False,False
2025-26,2026-02-21,Vermont,0,1.0707201957702637,0.6817498147487641,1.7661570549011232,0.3644004464149475,0.1173660159111023,0.628635048866272,26.941431045532227,16.429662132263186,40.5111083984375,0.0958484411239624,0.053305238485336304,0.1520366370677948,12.698475360870361,7.175746917724609,20.157407760620117,0.06553950905799866,0.014686184003949165,0.14911247789859772,0.0533,0.0,0.10985467,0.07904834,0.06524742,02,False,False
2025-26,2026-02-21,Vermont,1,0.9189945161342621,0.6064585447311401,1.7264137864112858,0.43349556624889374,0.18934627175331117,0.6793566763401032,28.827792167663574,19.60030574798584,40.84865188598633,0.10481058061122894,0.05730886906385422,0.1784161776304245,13.759869575500488,7.273543834686279,21.53563117980957,0.08654872328042984,0.021579724177718168,0.1684982031583786,0.0402,0.0,0.11112389,0.09350725,0.07199398,02,False,False
2025-26,2026-02-21,Vermont,2,0.973909854888916,0.6241266429424286,1.622607707977295,0.4379699379205704,0.1462966799736023,0.7131921470165253,27.81892204284668,17.207454681396484,40.60438537597656,0.10730256512761116,0.06060987710952759,0.1772591158747673,12.902691841125488,7.150930500030518,19.713350296020508,0.07206923514604568,0.01615077070891857,0.15802980959415436,0.051,0.0,0.11245824,0.08467079,0.06673754,02,False,False
2025-26,2026-02-21,Wyoming,0,0.885180801153183,0.6234700083732605,1.3500354290008545,0.3913918435573578,0.12911991775035858,0.648183935880661,25.333646774291992,15.218570709228516,38.43307876586914,0.1652807593345642,0.07947657778859138,0.27629920840263367,15.735364437103271,8.01189012527466,24.193525314331055,0.06730928272008896,0.01460894662886858,0.1388021558523178,0.0462,0.0,0.11142331,0.0835166,0.07423612,02,False,False
2025-26,2026-02-21,Wyoming,1,0.9102733731269836,0.6385332524776459,1.3920693516731266,0.3529118597507477,0.11159248650074005,0.6108707189559937,26.089754104614258,15.41300048828125,40.9795883178711,0.16589073836803436,0.07208621501922607,0.28499922156333923,15.315713882446289,8.031506538391113,23.377854728698733,0.07043597847223282,0.020240065269172193,0.14485876411199572,0.0365,0.0,0.11139885,0.08589834,0.0770803,02,False,False
2025-26,2026-02-21,Wyoming,2,0.935289204120636,0.638795018196106,1.505046331882477,0.3725779503583908,0.11702736467123039,0.6109302639961243,25.547426223754883,15.867328834533692,39.53924369812014,0.14979098737239838,0.06886181831359864,0.25745531916618347,14.51431941986084,7.718225002288818,22.066310501098638,0.0682503804564476,0.02104405127465725,0.13363371044397357,0.0335,0.0,0.1106128,0.08625484,0.07562116,02,False,False
2025-26,2026-02-28,Alaska,0,0.8096124231815338,0.6000000238418579,2.041140556335449,0.39232856035232544,0.18069107830524445,0.6278305053710938,23.80900764465332,14.076497077941895,40.116617202758796,0.1899983137845993,0.09956325218081474,0.30986982583999634,16.796425819396973,9.919779777526855,24.34511947631836,0.08257795125246048,0.022132107801735405,0.16361450403928757,0.0392,0.0,0.11142808,0.08897333,0.06592038,02,False,False
2025-26,2026-02-28,Alaska,1,0.7533647418022156,0.6000000238418579,1.417340636253357,0.3851929306983948,0.1733362078666687,0.5976154208183289,25.382125854492188,14.875078487396241,41.12808265686036,0.1831832453608513,0.0897710770368576,0.3122574985027313,16.879873275756836,9.581566905975343,24.943519592285156,0.0853336900472641,0.022454132325947288,0.16593122333288196,0.0359,0.0,0.11425909,0.09231621,0.06777429,02,False,False
2025-26,2026-02-28,Alaska,2,0.7404153943061829,0.6000000238418579,1.4733229517936706,0.36308421194553375,0.13966783881187442,0.5925723016262056,24.24433708190918,14.483515739440918,38.64069137573243,0.20305973291397095,0.10204976797103882,0.32507957220077527,15.462458610534668,9.491378879547119,22.134828567504883,0.0813678503036499,0.02743410095572472,0.1402263924479485,0.0239,0.0,0.11010111,0.08384485,0.06179328,02,False,False
2025-26,2026-02-28,California,0,0.9234400987625122,0.7716100811958313,1.071082353591919,0.15624725818634033,0.032503816857934006,0.31632112860679634,22.796813011169434,12.186076164245605,37.38131141662598,0.18245060741901398,0.12177850306034088,0.24860502034425738,30.59895610809326,23.88812255859375,36.50609588623047,0.030132794752717018,0.010073835588991642,0.055756331980228425,0.0372,0.0,0.11246842,0.03165328,0.02875352,02,False,False
2025-26,2026-02-28,California,1,0.8817317485809326,0.650431215763092,1.0576430201530458,0.20138807594776154,0.030335184186697006,0.45353955328464524,25.060672760009766,14.550798225402833,39.62307357788086,0.1944083869457245,0.13388001918792725,0.2582896530628204,28.622305870056152,21.887771606445312,35.13627510070801,0.03435385785996914,0.010710563883185387,0.06480283290147781,0.039,0.0,0.11294181,0.03669553,0.03167697,02,False,False
2025-26,2026-02-28,California,2,0.9234616458415985,0.7681289911270142,1.049748420715332,0.13536324352025986,0.025563400611281397,0.29395902156829834,23.19267463684082,14.469319820404053,35.637203216552734,0.1802128106355667,0.11841563507914543,0.24933703988790512,30.557632446289062,23.57932758331299,37.05426025390625,0.029507547616958618,0.008699959143996239,0.056906215101480494,0.05,0.0,0.11190055,0.03165802,0.02909493,02,False,False
2025-26,2026-02-28,New York,0,0.9687792658805847,0.7471323609352112,1.2915114164352417,0.2842617332935333,0.09404072910547256,0.47046920955181126,27.908199310302734,16.040459060668947,42.78140640258789,0.3084016740322113,0.18663661181926727,0.45322224795818333,25.81465244293213,19.055091857910156,32.14541244506836,0.06034738942980766,0.025235529989004135,0.09553609043359756,0.0111,0.0,0.11117642,0.06306724,0.0579956,02,False,False
2025-26,2026-02-28,New York,1,0.964045524597168,0.7649187803268432,1.2890456914901733,0.2745184153318405,0.11754100769758224,0.45116658806800847,25.402292251586914,12.53465280532837,38.19002723693848,0.3163386881351471,0.19739360958337784,0.4420485198497772,28.158397674560547,20.206298828125,35.10036849975586,0.055251531302928925,0.02148376125842333,0.09206714555621148,0.017,0.0,0.11184118,0.05977277,0.0561389,02,False,False
2025-26,2026-02-28,New York,2,0.9739013910293579,0.7598852455615998,1.3322347402572632,0.27122560143470764,0.0988633394241333,0.4389354884624481,24.140501022338867,8.921212005615239,39.215721130371094,0.35380819439888,0.20891819894313812,0.5326063334941864,28.27911949157715,20.002588272094727,35.76525611877442,0.051030268892645836,0.020924419164657593,0.08320744708180429,0.0162,0.0,0.11030083,0.05476528,0.05096863,02,False,False
2025-26,2026-02-28,Pennsylvania,0,1.044538676738739,0.8622686326503753,1.2703421115875244,0.19553975760936737,0.06616265177726746,0.31920114159584045,34.89911460876465,21.305806541442873,47.366906356811526,0.4472048878669739,0.29056769609451294,0.6236884593963623,30.062063217163086,23.547042846679688,36.405303955078125,0.0416850671172142,0.017133586294949054,0.06801099181175234,0.0162,0.0,0.10981286,0.04321227,0.03873436,02,False,False
2025-26,2026-02-28,Pennsylvania,1,0.9342116117477417,0.7416122376918793,1.1999624013900758,0.2624939829111099,0.09207682311534882,0.4524208605289459,28.776538848876953,18.44996490478516,41.87459220886231,0.5162954330444336,0.35257115960121155,0.6808825135231018,28.867956161499023,21.892362594604492,36.02667999267578,0.04612859524786472,0.01742581203579903,0.08015457540750504,0.0257,0.0,0.11173496,0.04738602,0.04203461,02,False,False
2025-26,2026-02-28,Pennsylvania,2,0.9926356673240662,0.7671430170536042,1.2437069416046143,0.21987101435661316,0.06715854853391649,0.410373717546463,24.863872528076172,11.308595371246343,36.877655029296875,0.4940056800842285,0.31362327337265017,0.7056635618209839,28.736038208007812,22.00398578643799,34.970041275024414,0.046789396554231644,0.01601138338446617,0.08769772201776505,0.0324,0.0,0.11361341,0.05087304,0.04660321,02,False,False
2025-26,2026-02-28,Vermont,0,1.1172881126403809,0.6475983679294587,2.078920364379883,0.39123350381851196,0.11566214561462403,0.6988111138343811,28.704154014587402,17.115339469909667,41.41084671020508,0.08825614303350449,0.048977261409163475,0.14733764231204988,13.328176975250244,7.538477897644043,21.149204444885253,0.08367601037025452,0.02346477285027504,0.15799676328897477,0.0332,0.0,0.11163371,0.09061557,0.07210516,02,False,False
2025-26,2026-02-28,Vermont,1,1.0060838460922241,0.6459628403186798,1.933628535270691,0.4149854928255081,0.17675717025995255,0.6653932929039001,27.533028602600098,17.652672958374023,39.88809280395508,0.0952720120549202,0.05206467285752297,0.1540179252624512,13.59188175201416,7.620963621139526,20.616838455200195,0.07150311022996902,0.013479415234178307,0.15663084387779236,0.0595,0.0,0.11043533,0.08457211,0.06827985,02,False,False
2025-26,2026-02-28,Vermont,2,1.1607577800750732,0.6806300640106201,2.0183413982391363,0.3945187032222748,0.12234490588307381,0.6774171411991121,27.843989372253418,18.255756378173828,38.334171295166016,0.07846161350607872,0.046740008145570756,0.12167938575148583,14.165026664733887,7.878977918624878,21.026865768432618,0.0703136995434761,0.016219256445765495,0.15089037418365478,0.0515,0.0,0.11165644,0.08333874,0.0668402,02,False,False
2025-26,2026-02-28,Wyoming,0,0.9325023293495178,0.657578581571579,1.3166648268699646,0.3093460202217102,0.0915062427520752,0.5511836528778077,26.55387783050537,15.95464038848877,38.27609748840333,0.18881498277187347,0.08969777077436447,0.33077560961246494,12.988383769989014,7.173434782028198,19.532161712646484,0.06336101144552231,0.01688113268464804,0.12691995948553086,0.04,0.0,0.11055013,0.0693641,0.05776571,02,False,False
2025-26,2026-02-28,Wyoming,1,0.9181195199489594,0.6177434861660004,1.4062494635581972,0.37086667120456696,0.11847040057182312,0.627171516418457,26.751102447509766,16.5852294921875,39.032135009765625,0.17617781460285187,0.08149372637271882,0.29045828580856325,13.265588283538818,7.160823345184326,20.34823360443115,0.06977197900414467,0.01893217153847218,0.13753457367420197,0.0384,0.0,0.11153822,0.07769908,0.06313688,02,False,False
2025-26,2026-02-28,Wyoming,2,0.9492914080619812,0.6201791167259216,1.4055842280387878,0.37520448863506317,0.11544685065746307,0.6110078573226929,25.548298835754395,12.863713264465332,40.4576904296875,0.1679672747850418,0.08396801799535752,0.26981617510318756,13.950278282165527,7.55997896194458,21.144034576416015,0.07646705210208893,0.02305162288248539,0.147435636818409,0.035,0.0,0.11236022,0.0859685,0.06638404,02,False,False
2025-26,2026-03-14,Alaska,0,0.8980171382427216,0.6454006552696228,1.6201555728912354,0.3755401223897934,0.1521382495760918,0.595483273267746,27.69659423828125,16.888370513916016,38.364383697509766,0.23477114737033844,0.11288760602474213,0.38289546966552734,12.806591033935547,7.63560299873352,18.64695568084717,0.079506766051054,0.022841263562440872,0.14152498543262482,0.0284,0.0,0.11119211,0.08757478,0.07555901,03,False,False
2025-26,2026-03-14,Alaska,1,1.028820812702179,0.6670527756214142,2.263574647903443,0.3460531532764435,0.12879761904478074,0.5667245984077455,26.307554244995117,15.737329483032227,36.18013381958008,0.21605435758829117,0.10619905591011047,0.34636389911174775,14.525659561157227,8.41213903427124,21.254545211791992,0.07405666261911392,0.021403850987553596,0.13821477442979815,0.0355,0.0,0.11089826,0.08508451,0.07186764,03,False,False
2025-26,2026-03-14,Alaska,2,1.1869260668754578,0.7033622145652771,2.37564070224762,0.45836305618286133,0.2179033935070038,0.6869202256202698,28.64391803741455,18.685908126831055,39.762362289428715,0.1851525604724884,0.09528034329414369,0.30335234701633457,14.436295509338379,8.22560977935791,20.929975891113283,0.07953589409589767,0.025094461068511008,0.1401255637407303,0.0257,0.0,0.11137157,0.0863415,0.07222611,03,False,False
2025-26,2026-03-14,California,0,0.8582888841629028,0.7053717494010925,0.9961062669754028,0.15286262333393097,0.022060328908264662,0.3259690225124359,22.880815505981445,12.654258728027344,37.12978324890137,0.2166607528924942,0.14583852589130403,0.29904142320156096,31.446701049804688,24.232456588745116,37.33910217285156,0.030099031515419483,0.010356473270803692,0.05387344136834146,0.0361,0.0,0.1105226,0.03028237,0.02693046,03,False,False
2025-26,2026-03-14,California,1,0.8776149749755859,0.7074414134025574,1.03658002614975,0.15912672877311707,0.03199401870369911,0.334686177968979,20.638352394104004,10.058127403259277,33.156227111816406,0.20116060972213745,0.13184762001037598,0.26740222573280337,31.311762809753418,24.505849266052245,37.48005599975586,0.03355386108160019,0.011331417225301267,0.061332736164331436,0.0341,0.0,0.11050712,0.03502304,0.03086824,03,False,False
2025-26,2026-03-14,California,2,0.8612699806690216,0.664405345916748,1.0273735761642457,0.17908266186714172,0.037604520469903945,0.3820221543312073,23.325725555419922,12.162014675140382,39.197715759277344,0.19912287592887878,0.13452457636594772,0.2751845419406891,30.83857536315918,23.95520305633545,37.33152351379395,0.03510989621281624,0.012186850421130657,0.06556526869535448,0.0321,0.0,0.10876549,0.03657451,0.03239007,03,False,False
2025-26,2026-03-14,New York,0,0.9256211221218109,0.6927867531776428,1.2818966984748843,0.30122940242290497,0.12175232917070389,0.47832130789756777,24.736539840698242,10.548542022705078,37.331661224365234,0.38834479451179504,0.23530298024415972,0.5369606614112854,26.79608917236328,19.88583755493164,33.19101333618164,0.051866669207811356,0.019208204001188278,0.08950103595852855,0.0195,0.0,0.11075153,0.05582362,0.04894026,03,False,False
2025-26,2026-03-14,New York,1,0.8567900061607361,0.6524479746818542,1.1782381534576416,0.3331930935382843,0.13823818713426592,0.5325165390968323,29.373957633972168,19.512971878051758,40.84537887573242,0.3493956923484802,0.20204204320907593,0.5069111943244936,27.193126678466797,19.2531982421875,35.5780029296875,0.05256381072103977,0.01769024077802897,0.09441076964139938,0.0257,0.0,0.11069178,0.05657357,0.04836529,03,False,False
2025-26,2026-03-14,New York,2,0.9073264300823212,0.6790695428848267,1.205146896839142,0.3001873195171356,0.10709417834877968,0.49746184647083286,28.22615909576416,17.320384979248047,41.47362289428711,0.3398941904306412,0.213272824883461,0.4844797223806382,27.76914882659912,20.46615505218506,35.071834564208984,0.05426124855875969,0.020193183049559593,0.09381680935621262,0.0197,0.0,0.11175489,0.05722196,0.04971186,03,False,False
2025-26,2026-03-14,Pennsylvania,0,1.00320303440094,0.8070138812065125,1.2486544847488403,0.22741016745567322,0.07224936038255692,0.41725783348083506,30.541817665100098,19.059367752075197,42.67475891113281,0.48118099570274353,0.34326279163360596,0.6230933666229248,28.839494705200195,22.26481456756592,35.13227462768555,0.04394007474184036,0.01694043166935444,0.07611896172165872,0.0195,0.0,0.11221841,0.0465511,0.04296135,03,False,False
2025-26,2026-03-14,Pennsylvania,1,1.0149641633033752,0.8275643050670624,1.2309435606002808,0.20240159332752228,0.0677875503897667,0.35616230964660645,30.13070011138916,19.816164016723633,41.24816131591797,0.4815584421157837,0.322527676820755,0.6429863691329956,31.820392608642578,25.074733352661134,37.58911895751953,0.04677491635084152,0.0230201592668891,0.0708350695669651,0.0043,0.0,0.11503163,0.04766922,0.04272554,03,False,False
2025-26,2026-03-14,Pennsylvania,2,0.9983499050140381,0.7632823586463928,1.2819289445877076,0.2499164640903473,0.07928377836942677,0.44820454716682434,30.075023651123047,18.56578254699707,42.333045959472656,0.507166862487793,0.32712307274341584,0.6943485736846924,30.30210304260254,22.76940155029297,37.694637298583984,0.04437413439154625,0.013239405117928982,0.08203176930546764,0.0403,0.0,0.1125743,0.04899027,0.0439887,03,False,False
2025-26,2026-03-14,Vermont,0,1.1146148443222046,0.6912378489971162,1.8919244647026066,0.37346188724040985,0.14061776101589202,0.6440617322921753,27.964879989624023,18.31086883544922,37.90343399047852,0.09550579264760017,0.05416715852916241,0.14995651841163635,15.463036060333252,8.399426651000976,23.04985980987549,0.06640277057886124,0.015878789871931077,0.14533756375312812,0.0503,0.0,0.11061758,0.07961967,0.06532105,03,False,False
2025-26,2026-03-14,Vermont,1,1.0396727919578552,0.6336660981178284,1.994284749031067,0.46414633095264435,0.20117469280958178,0.7083525240421296,29.52786159515381,19.69310646057129,40.2091178894043,0.09543802961707115,0.05258731469511986,0.15383942276239398,14.25799560546875,8.31994800567627,20.85251808166504,0.07729056477546692,0.016861939802765846,0.16177918165922167,0.046,0.0,0.11205899,0.08977173,0.07119047,03,False,False
2025-26,2026-03-14,Vermont,2,1.094038724899292,0.6838209807872773,1.7879593849182134,0.36723531782627106,0.11117516309022905,0.648219782114029,29.057641983032227,17.13151741027832,41.739610290527345,0.09925950318574905,0.053884948045015334,0.1556884601712227,13.16335916519165,7.677612352371216,19.283496856689453,0.06944120675325394,0.017117054015398026,0.13969899863004687,0.0436,0.0,0.11169301,0.07847371,0.06578804,03,False,False
2025-26,2026-03-14,Wyoming,0,0.8864509463310242,0.636861389875412,1.3395005464553833,0.356383815407753,0.13245285004377366,0.5870768606662751,25.489237785339355,14.282589721679688,37.23868179321289,0.2035730481147766,0.1031712681055069,0.33214453160762786,15.566063404083252,8.734510326385498,23.8742618560791,0.06349384784698486,0.01757640205323696,0.12137085199356079,0.0398,0.0,0.10964486,0.06974973,0.0570194,03,False,False
2025-26,2026-03-14,Wyoming,1,0.9307875335216522,0.6416503012180328,1.3183555841445926,0.3248271048069,0.11103502959012988,0.5607461333274841,26.4683837890625,16.263388633728027,37.9186393737793,0.19238649308681488,0.09422893822193146,0.3340984255075455,16.32068157196045,9.599917984008789,23.520912170410156,0.06213514879345894,0.017389638349413872,0.12039108276367189,0.0365,0.0,0.11129909,0.06911944,0.05588031,03,False,False
2025-26,2026-03-14,Wyoming,2,0.9242241978645325,0.6251038312911987,1.4534145593643188,0.3734068423509598,0.12044569998979571,0.633274257183075,25.355759620666504,13.224099922180176,37.32807426452637,0.17561231553554535,0.08786022663116455,0.2846997380256653,15.894873142242432,9.048809242248536,23.059545135498052,0.07013160735368729,0.018977407179772858,0.13826970458030702,0.0363,0.0,0.11019252,0.07853003,0.0619848,03,False,False
2025-26,2026-03-21,Alaska,0,0.9489262700080872,0.6333741188049317,2.089938855171204,0.3615235537290573,0.13808137476444246,0.5748960137367249,28.946528434753418,18.42206382751465,40.39813346862793,0.2103470265865326,0.10918911918997765,0.3421395719051361,14.76032829284668,8.923002338409425,21.760990142822266,0.07995051145553589,0.021039489656686783,0.14726071059703827,0.0345,0.0,0.11099502,0.08649897,0.06965554,03,False,False
2025-26,2026-03-21,Alaska,1,0.8703204393386841,0.6124707460403442,1.2851498126983643,0.36733224987983704,0.15757813006639482,0.5892544984817505,29.685100555419922,19.3876895904541,41.702194976806645,0.23527885973453522,0.11594385802745823,0.3826180696487427,14.569418907165527,8.415255260467529,20.880006790161133,0.08050079643726349,0.025177833624184142,0.15523207634687425,0.0271,0.0,0.11109199,0.08944459,0.07254674,03,False,False
2025-26,2026-03-21,Alaska,2,0.8915789127349854,0.6225751042366028,1.5956406593322754,0.396480530500412,0.15353886783123016,0.6091996848583224,28.91850185394287,18.49808692932129,39.43263626098633,0.21387255191802979,0.10975326597690582,0.3440624356269837,16.870676040649414,9.241955757141113,25.42683982849121,0.0776434913277626,0.023711235448718074,0.1469912797212601,0.0282,0.0,0.11223104,0.08501709,0.06886854,03,False,False
2025-26,2026-03-21,California,0,0.8806455731391907,0.7451345324516296,0.9984971523284912,0.13264748454093933,0.028445331379771233,0.27449411153793335,24.235020637512207,15.224111461639405,34.882882308959964,0.204800546169281,0.1373758316040039,0.2828331619501114,32.4055061340332,25.982687950134277,37.875719451904295,0.027155118994414806,0.009464637376368046,0.05127913877367973,0.0407,0.0,0.11256976,0.03073367,0.0277438,03,False,False
2025-26,2026-03-21,California,1,0.9282437860965729,0.7925273776054382,1.075345754623413,0.15338999032974243,0.039802905172109604,0.2807526886463166,18.99018669128418,10.250975131988525,28.389883041381836,0.1936497986316681,0.13824869841337203,0.25422433018684387,32.32748603820801,25.951158714294433,37.84305953979492,0.025469324551522732,0.009574165754020217,0.046596752852201474,0.0366,0.0,0.11101744,0.02849486,0.02564249,03,False,False
2025-26,2026-03-21,California,2,0.884412407875061,0.7444697022438049,1.011518371105194,0.1312427520751953,0.025143588893115538,0.28108016252517704,24.596458435058594,14.491020107269287,37.52603912353516,0.2078503966331482,0.1389751136302948,0.28140384554862974,32.57084274291992,25.507320404052734,38.22703857421875,0.03183343634009361,0.013062834367156032,0.052994079887866974,0.0177,0.0,0.11370645,0.03407288,0.03034647,03,False,False
2025-26,2026-03-21,New York,0,0.9739594459533691,0.7358194410800935,1.2888984680175781,0.2306736260652542,0.06431831121444703,0.423991534113884,26.03226947784424,12.956459999084473,37.84628868103028,0.35200220346450806,0.2088006466627121,0.4782643258571625,27.602502822875977,20.48226547241211,34.43473815917969,0.054860956966876984,0.021422045305371284,0.09577834829688073,0.0158,0.0,0.11018097,0.0604431,0.05251977,03,False,False
2025-26,2026-03-21,New York,1,0.9505671262741089,0.7416693508625031,1.2772029876708986,0.24815449118614197,0.09652541875839234,0.42745301127433777,26.480841636657715,12.340242385864258,38.698062896728516,0.3657051920890808,0.22167733013629914,0.5234461903572084,25.770790100097656,18.273395347595216,33.008243560791016,0.0436185821890831,0.01427160482853651,0.07996148094534877,0.0314,0.0,0.11205903,0.04776663,0.0417111,03,False,False
2025-26,2026-03-21,New York,2,0.922676146030426,0.7156444907188416,1.2209604978561401,0.2700849324464798,0.09353940933942795,0.45744267106056213,30.615297317504883,18.02239856719971,42.640804290771484,0.32957129180431366,0.20568206906318665,0.4761930227279663,27.815031051635742,20.817222595214844,34.635189056396484,0.052085405215620995,0.02055761031806469,0.08590117171406746,0.0177,0.0,0.1102827,0.05439802,0.04888699,03,False,False
2025-26,2026-03-21,Pennsylvania,0,0.9926115870475769,0.8081574678421021,1.181956171989441,0.1552029773592949,0.0305849090218544,0.3161387920379639,26.71930694580078,15.3325777053833,37.76801681518555,0.5003618001937866,0.33158146739006045,0.6696566939353943,31.675222396850586,24.476821899414062,37.68857192993164,0.042742129415273666,0.018633045256137848,0.06855391412973408,0.0131,0.0,0.11190709,0.04465175,0.04058532,03,False,False
2025-26,2026-03-21,Pennsylvania,1,0.9398114681243896,0.7641688585281372,1.1590962409973145,0.21036425977945328,0.06547322124242783,0.375188347697258,25.645761489868164,14.734942436218262,37.453651428222656,0.5545338988304138,0.38314163088798525,0.7394306063652039,33.76741409301758,26.969398498535156,39.010340499877934,0.040131404995918274,0.01575443521142006,0.06875548586249353,0.0193,0.0,0.11089129,0.04341216,0.0393221,03,False,False
2025-26,2026-03-21,Pennsylvania,2,0.9666570425033569,0.7994799017906189,1.1488226652145386,0.16968396306037903,0.05091173611581326,0.3071233034133911,24.912315368652344,14.184043884277344,36.905094146728516,0.5780993103981018,0.39494872093200684,0.7786453366279602,31.362442016601562,23.978307723999023,37.82523727416992,0.03993482142686844,0.01599623430520296,0.06683794409036636,0.0216,0.0,0.1119108,0.04211804,0.03784663,03,False,False
2025-26,2026-03-21,Vermont,0,0.8836807906627655,0.6001172363758087,1.626465582847596,0.42879249155521393,0.1678568571805954,0.7042268455028535,26.496999740600586,17.706096649169922,39.22052116394043,0.09415875375270844,0.044883277267217636,0.152382130920887,11.642292976379395,6.211398124694824,18.08985538482666,0.0813588947057724,0.022272003814578056,0.16767697036266327,0.0343,0.0,0.10945192,0.08741142,0.07013662,03,False,False
2025-26,2026-03-21,Vermont,1,0.8243366777896881,0.6000000238418579,1.3845477104187012,0.49215738475322723,0.21443863511085512,0.7447513341903687,25.124706268310547,16.243146896362305,37.2901279449463,0.1023215502500534,0.04505280554294587,0.16159600913524627,13.283935546875,7.23038911819458,19.88002338409424,0.0730404332280159,0.01990780606865883,0.14283855259418488,0.0379,0.0,0.1118158,0.07766266,0.06213229,03,False,False
2025-26,2026-03-21,Vermont,2,0.8929038643836975,0.6000000238418579,1.6278212070465088,0.43225032091140747,0.18762174248695374,0.6772845387458801,26.034954071044922,16.786258697509766,38.50228500366212,0.09608937427401543,0.045093202218413356,0.15510734915733337,12.355050086975098,6.55501127243042,18.760433769226076,0.07345063239336014,0.021502215415239334,0.1402038335800171,0.0311,0.0,0.10980408,0.07338152,0.06100755,03,False,False
2025-26,2026-03-21,Wyoming,0,0.9311301708221436,0.6355374455451965,1.5308423042297363,0.37382370233535767,0.12945583015680312,0.6213499307632446,27.636348724365234,17.558713912963867,38.38606986999512,0.19006486237049103,0.0999850258231163,0.30191236138343813,15.587101936340332,9.247489261627198,22.26568031311035,0.06389660015702248,0.019461602531373502,0.1206521317362786,0.027,0.0,0.11154903,0.07008858,0.05710035,03,False,False
2025-26,2026-03-21,Wyoming,1,0.9011877477169037,0.6155337214469909,1.3977540731430054,0.42205969989299774,0.14284081608057025,0.6637833118438721,28.10399055480957,16.55622100830078,39.334251403808594,0.18155092000961304,0.1006404459476471,0.2799492418766022,15.55746078491211,9.537387943267822,22.081525802612305,0.07543547451496124,0.020412523299455643,0.1363450586795807,0.0368,0.0,0.11174259,0.08007592,0.06367173,03,False,False
2025-26,2026-03-21,Wyoming,2,0.9401006102561951,0.6318648457527161,1.3617351055145264,0.3506416976451874,0.1241893470287323,0.5739304423332214,25.758130073547363,14.308406829833984,36.0079029083252,0.210867777466774,0.11438553929328919,0.32197873890399936,14.214637756347656,8.654356002807617,20.291465759277344,0.06503177806735039,0.01897003874182701,0.12277340143918994,0.0317,0.0,0.11097269,0.07074305,0.05844038,03,False,False
2025-26,2026-03-28,Alaska,0,0.9561786651611328,0.6377743482589722,2.201712775230408,0.3450680524110794,0.1179353602230549,0.5847025692462922,29.44287872314453,20.160515594482423,39.10018615722656,0.23378226161003113,0.12122064381837845,0.37233669161796573,14.567038536071777,8.474276447296143,20.528625106811525,0.06750757619738579,0.021061753667891026,0.12264748960733414,0.0274,0.0,0.11150854,0.0727525,0.05730748,03,False,False
2025-26,2026-03-28,Alaska,1,0.9658239185810089,0.6677327752113342,1.4608074426651,0.3519212007522583,0.1303718253970146,0.5868828177452091,29.512828826904297,19.57841606140137,40.25187683105469,0.18624604493379593,0.09691113457083703,0.2986344784498215,15.690083503723145,8.986793041229248,23.258974838256837,0.06675170734524727,0.017656287364661696,0.1334985360503197,0.0401,0.0,0.11017365,0.07454613,0.06211832,03,False,False
2025-26,2026-03-28,Alaska,2,0.91804638504982,0.6251463711261749,1.6157093048095703,0.4030027389526367,0.18450698405504226,0.6127601861953735,29.108240127563477,16.766542434692383,39.59000663757325,0.21745439618825912,0.11106964573264122,0.3458595275878906,14.204792022705078,8.347636032104493,20.594566345214844,0.07851440459489822,0.02092658244073391,0.16062530875205994,0.0382,0.0,0.11070072,0.08996901,0.07022019,03,False,False
2025-26,2026-03-28,California,0,0.8447015583515167,0.6757151186466217,0.9875457882881165,0.16836287081241608,0.02996470220386982,0.36642537117004403,28.052358627319336,18.118370056152344,41.02627944946289,0.2155689299106598,0.13695180118083955,0.2901401221752167,28.671918869018555,21.355618286132813,36.38092041015625,0.03284125402569771,0.011206877138465646,0.06141182221472265,0.0412,0.0,0.11117964,0.0358238,0.03233941,03,False,False
2025-26,2026-03-28,California,1,0.8544338941574097,0.7319566547870636,0.9752640187740326,0.12107711285352707,0.025004990212619316,0.24568284898996354,30.672760009765625,18.65652084350586,44.84577026367188,0.2180764302611351,0.14323097467422485,0.29405054450035095,31.91294288635254,24.86875343322754,37.882049560546875,0.03117339126765728,0.01351621188223362,0.05264328420162201,0.0203,0.0,0.11279416,0.03326125,0.03046511,03,False,False
2025-26,2026-03-28,California,2,0.8871428668498993,0.7433371603488922,1.0125987768173217,0.13522838056087494,0.03052388429641724,0.2675994634628296,21.838780403137207,11.52390832901001,35.02570343017578,0.22748656570911407,0.16009238213300708,0.2929726094007492,30.87053871154785,24.075182914733887,37.245282363891604,0.029094716534018517,0.01100948266685009,0.05143772065639496,0.0333,0.0,0.1109902,0.03146622,0.02846262,03,False,False
2025-26,2026-03-28,New York,0,0.9032140076160431,0.6852318048477173,1.1652514934539795,0.2581644356250763,0.10686411708593369,0.4149765968322754,22.752016067504883,11.201422691345215,34.557279586792,0.33010490238666534,0.20487920939922333,0.47905852198600785,28.172304153442383,21.250125885009766,35.924957275390625,0.051972467452287674,0.019084855914115906,0.08676871657371521,0.0202,0.0,0.11082275,0.0510504,0.04497109,03,False,False
2025-26,2026-03-28,New York,1,0.784476637840271,0.6073349118232727,1.0592314004898071,0.2962750643491745,0.10761798173189163,0.49846866726875305,28.649673461914062,17.450815200805664,41.81323738098145,0.3536081314086914,0.2173489347100258,0.514064610004425,26.688806533813477,19.242334365844727,33.3806266784668,0.06089366041123867,0.025863718800246717,0.09452937543392181,0.0086,0.0,0.1106233,0.05953178,0.05119726,03,False,False
2025-26,2026-03-28,New York,2,0.7943961918354034,0.6180265545845032,1.0420101881027222,0.28689461946487427,0.10497778654098511,0.45697984099388145,30.08531379699707,20.00496883392334,43.658836364746094,0.3455547094345093,0.20093984156847006,0.48897888660430916,29.639851570129395,21.9385929107666,36.300689697265625,0.05672382563352585,0.02808874472975731,0.08616475760936737,0.0077,0.0,0.11153008,0.05332576,0.04642726,03,False,False
2025-26,2026-03-28,Pennsylvania,0,0.8226715326309204,0.6443809866905212,1.0318430662155151,0.22880449891090393,0.056435827165842056,0.4296623170375824,25.635644912719727,16.133380889892578,40.57402801513672,0.5523703098297119,0.358025860786438,0.7378808856010438,30.15070343017578,23.606231689453125,36.97096252441406,0.05239531770348549,0.020479291677474976,0.08815228939056396,0.0121,0.0,0.11119136,0.04957854,0.04491337,03,False,False
2025-26,2026-03-28,Pennsylvania,1,0.8274552822113037,0.6513973355293274,1.0331180334091186,0.25412410497665405,0.08731991797685623,0.44276859462261203,24.939830780029297,14.983752250671387,39.5668830871582,0.5814310908317566,0.399529230594635,0.7836247086524963,25.84861183166504,20.19925899505615,31.782533645629883,0.044981397688388824,0.016697688028216362,0.07545087859034538,0.0238,0.0,0.11121673,0.04255628,0.03794055,03,False,False
2025-26,2026-03-28,Pennsylvania,2,0.8512841463088989,0.677809751033783,1.0597705841064453,0.24319401383399963,0.1074218675494194,0.4039526879787445,24.601491928100586,14.994824409484863,38.503753662109375,0.5225651264190674,0.33752730488777166,0.688780438899994,28.7785701751709,21.90414047241211,35.618797302246094,0.04221914894878864,0.01551929553970695,0.07169163227081299,0.0134,0.0,0.10937354,0.03912417,0.03515082,03,False,False
2025-26,2026-03-28,Vermont,0,0.927334725856781,0.6105387568473816,1.66737961769104,0.4117899686098099,0.1466987743973732,0.70506129860878,27.407970428466797,18.789352416992188,37.82871284484864,0.10049694031476974,0.05138150975108147,0.16020289659500123,12.027918815612793,7.524889421463013,16.8626766204834,0.07258232310414314,0.01792469341307879,0.15107868611812592,0.0438,0.0,0.11017335,0.08060943,0.06326429,03,False,False
2025-26,2026-03-28,Vermont,1,0.8971580564975739,0.6054770112037658,1.5120840072631836,0.4051898866891861,0.1562050819396973,0.6433131635189058,27.64227294921875,19.778323936462403,37.08987121582032,0.09724924713373184,0.054532294347882274,0.1448219507932663,16.003417015075684,9.007154273986817,23.669119453430177,0.06930616497993469,0.015063714887946847,0.14319661259651184,0.0506,0.0,0.11161718,0.07639686,0.06059276,03,False,False
2025-26,2026-03-28,Vermont,2,0.9213222861289978,0.611789208650589,1.6093011140823366,0.41440634429454803,0.14127148389816285,0.6794025003910067,27.93548583984375,20.207836151123047,37.795575332641604,0.10165867954492569,0.055251020938158035,0.15785130709409714,13.54176950454712,8.22256851196289,19.050549125671388,0.06458001583814621,0.014913556165993214,0.1376731261610985,0.0489,0.0,0.11286397,0.07203105,0.05771967,03,False,False
2025-26,2026-03-28,Wyoming,0,0.7960022985935211,0.6000000238418579,1.2427691221237183,0.4170396029949188,0.17666494846343994,0.6574857532978058,26.526153564453125,17.751781463623047,36.76689910888672,0.19559144973754883,0.10352531149983407,0.30016323924064636,14.729598045349121,8.338927268981934,21.70673503875733,0.0668129175901413,0.018098862282931807,0.13037778437137604,0.0368,0.0,0.11042287,0.07650745,0.0628798,03,False,False
2025-26,2026-03-28,Wyoming,1,0.8753152191638947,0.6201770901679993,1.366699230670929,0.36866962909698486,0.12616734206676483,0.6103290021419527,25.876233100891113,16.70928955078125,36.04468383789063,0.18412058800458908,0.09133251011371613,0.29771849513053894,16.103062629699707,9.242050743103027,23.100622177124023,0.06406598910689354,0.01760382205247879,0.12926238775253296,0.0345,0.0,0.11135168,0.07119186,0.05926376,03,False,False
2025-26,2026-03-28,Wyoming,2,0.8349505662918091,0.6010192632675171,1.2380025267601016,0.38015198707580566,0.12599845230579376,0.6264525711536408,25.427194595336914,15.530022525787354,36.659049987792976,0.23667873442173004,0.11869332939386368,0.3738333523273469,13.754900932312012,8.378433227539062,19.37398910522461,0.06258293613791466,0.01746696271002293,0.1200783967971802,0.0375,0.0,0.10924424,0.07044459,0.05917433,03,False,False
2025-26,2026-04-04,Alaska,0,0.9991049766540527,0.6519922971725464,2.1525702476501465,0.3562770485877991,0.13173483312129974,0.5695419311523438,28.670625686645508,18.834787368774414,38.23868179321289,0.20540140569210052,0.10897024348378183,0.33185508847236633,16.272303581237793,9.681954479217529,24.447973251342773,0.06838573142886162,0.020029742270708084,0.12668603658676147,0.0341,0.0,0.11096425,0.07413662,0.05989184,04,True,False
2025-26,2026-04-04,Alaska,1,0.8601266741752625,0.6036066949367523,1.7963757514953613,0.3791860193014145,0.14905183017253876,0.577981972694397,29.730466842651367,18.68660583496094,40.2074993133545,0.25893574953079224,0.14204102307558059,0.39769453406333927,15.086782455444336,9.144905853271485,21.15182228088379,0.07791542261838913,0.020426492765545846,0.1500832438468933,0.0384,0.0,0.11222807,0.08592836,0.06763971,04,True,False
2025-26,2026-04-04,Alaska,2,1.3010765314102173,0.6781753122806549,2.348299074172974,0.3648044466972351,0.13903391361236575,0.5848906815052033,29.574726104736328,20.127584648132324,40.11502113342286,0.19466563314199448,0.0995453178882599,0.3095356225967407,18.672964096069336,10.491834163665773,27.30874557495117,0.056397201493382454,0.014864466059952975,0.11457560956478119,0.0469,0.0,0.10824439,0.06381895,0.05189733,04,True,False
2025-26,2026-04-04,California,0,0.8658740520477295,0.7027879118919373,1.0026260614395142,0.1413494572043419,0.019987011328339577,0.32087981700897217,25.847183227539062,14.154086685180667,40.25480651855469,0.2235209047794342,0.14335681945085527,0.3111308515071869,29.979785919189453,23.377875137329102,36.27864456176758,0.030782515183091164,0.010250319726765156,0.05904892459511757,0.0403,0.0,0.11250349,0.03379004,0.02988788,04,True,False
2025-26,2026-04-04,California,1,0.8887387812137604,0.7286799550056458,1.0490066528320312,0.14039137214422226,0.02538606896996498,0.29583990573883057,24.478633880615234,10.89549674987793,39.85062370300293,0.20138412714004517,0.12669891119003296,0.2799842357635498,29.003971099853516,22.10178565979004,35.67442092895508,0.028380009345710278,0.008727295324206352,0.056834928691387177,0.0526,0.0,0.10976698,0.0321042,0.0290597,04,True,False
2025-26,2026-04-04,California,2,0.869446873664856,0.7044786930084228,1.0131858587265015,0.1449701339006424,0.022592218592762947,0.3077793866395951,27.160000801086426,14.438821792602539,41.973096466064455,0.20744210481643677,0.13643260300159454,0.28285911679267883,29.720149993896484,23.246749877929688,35.825355529785156,0.030596790835261345,0.010873655788600445,0.05355822294950485,0.0334,0.0,0.11289925,0.03259684,0.02916735,04,True,False
2025-26,2026-04-04,New York,0,0.8766416013240814,0.6626449465751648,1.1445638060569765,0.2710430771112442,0.09372053146362305,0.4731317162513733,26.890856742858887,15.68048095703125,37.626197814941406,0.3960646539926529,0.2580166935920715,0.5489978790283203,31.681652069091797,24.335346221923828,37.711299896240234,0.05074029043316841,0.022633759304881096,0.08322069942951206,0.01,0.0,0.1118302,0.0545584,0.04729444,04,True,False
2025-26,2026-04-04,New York,1,0.9133204817771912,0.6848670244216919,1.1666205525398257,0.23499436676502228,0.06756817847490312,0.4487994074821473,27.749135971069336,14.729375839233398,39.82794189453125,0.33986371755599976,0.21937244534492495,0.46339288353919983,30.152512550354004,22.217609405517578,37.235477447509766,0.05264206603169441,0.021041992865502835,0.08479946106672287,0.0152,0.0,0.11170142,0.05570151,0.04789771,04,True,False
2025-26,2026-04-04,New York,2,0.8877078592777252,0.6875935673713685,1.1270338296890259,0.2418920397758484,0.07841999605298043,0.4211950898170471,27.36279296875,16.80792274475098,37.33297348022461,0.3677244484424591,0.2348215162754059,0.5058457314968109,29.794544219970703,22.731285095214844,37.00608444213867,0.04796473681926727,0.019390407390892508,0.08039155974984173,0.0146,0.0,0.11284902,0.05248056,0.04489915,04,True,False
2025-26,2026-04-04,Pennsylvania,0,0.8535533547401428,0.6711451590061188,1.0647032260894775,0.2651367485523224,0.08500915765762329,0.44630250334739685,27.052236557006836,17.441768646240234,39.97477607727051,0.5313877165317535,0.3528967499732971,0.7174414157867431,30.01199722290039,22.7854585647583,36.16135215759277,0.042438287287950516,0.015305633656680584,0.07502733618021012,0.023,0.0,0.11435932,0.04662728,0.039945,04,True,False
2025-26,2026-04-04,Pennsylvania,1,0.8363441228866577,0.6922171711921692,0.9973534941673279,0.19859042763710022,0.06186544075608254,0.37299357354640966,30.433080673217773,21.02678108215332,43.150733947753906,0.5816901624202728,0.36664193868637085,0.7961350798606873,31.361602783203125,25.225553512573242,37.136935043334965,0.0402340404689312,0.016319487988948823,0.06617910414934158,0.0209,0.0,0.11014862,0.04348927,0.03822926,04,True,False
2025-26,2026-04-04,Pennsylvania,2,0.9076970815658569,0.7225802540779114,1.1344314932823183,0.2176143079996109,0.07943322509527206,0.3661794036626817,23.347981452941895,11.209211730957032,36.33485069274903,0.5854852199554443,0.4071353077888489,0.7486164569854736,32.493927001953125,26.063940048217773,37.93177795410156,0.04257630556821823,0.01590087488293648,0.07527904212474823,0.0233,0.0,0.1101671,0.04701532,0.04174667,04,True,False
2025-26,2026-04-04,Vermont,0,1.1612396240234375,0.7077921211719513,2.0233404636383057,0.3798295855522156,0.13430636525154116,0.65018230676651,30.571223258972168,20.659210205078125,40.432682037353516,0.09560533985495567,0.0516250666230917,0.14685918390750885,12.971731185913086,7.603913164138794,19.073659896850586,0.06643880531191826,0.016796174831688403,0.1379265934228897,0.0466,0.0,0.1133829,0.07890122,0.06224498,04,True,False
2025-26,2026-04-04,Vermont,1,1.0080472230911255,0.6527458429336548,1.9089194536209106,0.47077104449272156,0.2156648188829422,0.7019197523593903,29.039871215820312,20.340322303771973,36.12522506713867,0.10409966856241226,0.05825348012149335,0.15986622869968414,13.95970869064331,8.247643184661865,19.8973445892334,0.07486433535814285,0.02083788011223078,0.15063511878252034,0.0378,0.0,0.11318263,0.08479405,0.06674676,04,True,False
2025-26,2026-04-04,Vermont,2,1.0714935660362244,0.7287878215312958,1.8216547966003418,0.3939038813114166,0.1429322868585587,0.6409044384956362,29.895139694213867,21.221202850341797,38.757424163818364,0.10212124511599541,0.05630902200937271,0.1551150217652321,12.639781951904297,7.294338226318359,18.55405559539795,0.061929259449243546,0.014133287779986865,0.131350477039814,0.0539,0.0,0.11101758,0.07055316,0.05712518,04,True,False
2025-26,2026-04-04,Wyoming,0,0.9935184717178345,0.6538538694381714,1.4834173917770386,0.3629976809024811,0.12410164624452591,0.6092811226844788,29.50128746032715,15.781200599670411,41.21221160888672,0.1898861825466156,0.09844082593917847,0.2948841035366058,16.306228637695312,9.625687789916991,23.45746612548828,0.06586924195289612,0.016661188751459124,0.13196229934692383,0.0425,0.0,0.1105095,0.07527342,0.05825741,04,True,False
2025-26,2026-04-04,Wyoming,1,0.9080570340156555,0.6248283445835114,1.5279591083526614,0.38524314761161804,0.15897538512945178,0.5981106758117676,28.698762893676758,20.067235946655273,37.11686325073242,0.20848999917507172,0.11295121163129807,0.318936824798584,14.990075588226318,8.948047637939455,21.3512321472168,0.06686781719326973,0.019183848798274995,0.13118019700050354,0.036,0.0,0.11122923,0.07351409,0.05592126,04,True,False
2025-26,2026-04-04,Wyoming,2,0.9609905481338501,0.650254076719284,1.4215465784072876,0.32655319571495056,0.09397159516811371,0.5919467210769653,29.098658561706543,18.577268600463867,38.95893096923828,0.2053665816783905,0.10719729214906693,0.3128591775894165,14.920455932617188,8.68748722076416,21.946367073059086,0.056600214913487434,0.015450527518987659,0.10967415571212769,0.0403,0.0,0.10999063,0.06313417,0.05094388,04,True,False
2025-26,2026-04-11,Alaska,0,1.0379189848899841,0.6400313138961792,2.1128676891326905,0.3267081528902054,0.10764544755220416,0.5586294531822205,29.675599098205566,18.81769428253174,40.39546585083008,0.22779949754476547,0.11789636909961701,0.34973925054073335,15.07994270324707,8.987798786163331,21.913713455200195,0.07591839879751205,0.019313718564808367,0.14798977971076965,0.0366,0.0,0.11028911,0.08536072,0.06593195,04,True,False
2025-26,2026-04-11,Alaska,1,0.9612851738929749,0.6353783369064331,2.26608943939209,0.37475070357322693,0.17266282737255095,0.5861038565635681,29.221542358398438,20.26078224182129,38.49224967956543,0.21892720460891724,0.11312974393367767,0.34625515639781956,16.1166934967041,9.623398208618164,23.1404878616333,0.07650060206651688,0.026433321461081506,0.1334911108016968,0.0207,0.0,0.11038238,0.08226032,0.06454771,04,True,False
2025-26,2026-04-11,Alaska,2,1.0034231543540955,0.6438718318939209,2.1256094932556153,0.35379186272621155,0.1164914071559906,0.5836024284362793,30.219526290893555,21.17489356994629,39.93515815734864,0.207558736205101,0.10963581651449203,0.32332322001457214,14.94293212890625,9.230782222747802,21.243936920166014,0.06641897559165955,0.016863781400024893,0.13280840665102006,0.0395,0.0,0.11361124,0.07537983,0.05950636,04,True,False
2025-26,2026-04-11,California,0,0.8711084127426147,0.7292623102664948,1.0129305720329285,0.13671035319566727,0.028086887672543526,0.2752650618553162,25.701260566711426,13.77411937713623,38.61219520568848,0.21964368969202042,0.1416559100151062,0.3027268826961517,30.81178855895996,23.50369987487793,37.34813270568848,0.027989188209176064,0.009846305474638939,0.05172840878367424,0.0406,0.0,0.11203147,0.03073392,0.02705353,04,True,False
2025-26,2026-04-11,California,1,0.8776971995830536,0.7531001567840576,1.0067044496536255,0.11745870858430862,0.02475036308169365,0.23325244039297113,27.350330352783203,15.082176208496094,42.01175079345703,0.20806455612182617,0.1367903158068657,0.28254461288452154,30.311598777770996,23.59598865509033,36.183488845825195,0.027265524491667747,0.009667039662599564,0.049913316965103156,0.0381,0.0,0.11193325,0.02994236,0.02696814,04,True,False
2025-26,2026-04-11,California,2,0.9091397225856781,0.7830009937286377,1.054642701148987,0.12363936752080917,0.03543356768786907,0.22353911399841309,20.315916061401367,10.429932594299316,30.926441192626953,0.2164081707596779,0.14859384298324585,0.28704071044921875,31.86607074737549,25.765280151367186,37.42529830932617,0.025453956797719002,0.009677293710410595,0.04521574825048447,0.0326,0.0,0.11167421,0.02797743,0.02553744,04,True,False
2025-26,2026-04-11,New York,0,0.9489326775074005,0.6927099823951721,1.2125566005706787,0.2538723200559616,0.09606171399354935,0.42670029401779175,23.730374336242676,9.798589706420898,35.32670211791992,0.4203473627567291,0.26381177306175235,0.6044179797172546,29.670422554016113,22.77753429412842,36.346493530273435,0.04096577689051628,0.012998052034527065,0.07518648579716683,0.0323,0.0,0.10906618,0.04512414,0.04038502,04,True,False
2025-26,2026-04-11,New York,1,0.9166862368583679,0.6798179149627686,1.1969116926193237,0.25364141166210175,0.08337462842464449,0.4426650106906891,25.781330108642578,13.83224744796753,35.51744728088379,0.396139532327652,0.24203383922576904,0.5625799894332887,27.448838233947754,19.676229667663574,34.9808349609375,0.04823843017220497,0.018160464614629748,0.08214716613292694,0.0194,0.0,0.11168062,0.05227314,0.04618832,04,True,False
2025-26,2026-04-11,New York,2,0.9223999679088593,0.6909095466136932,1.18041433095932,0.2263580858707428,0.06289851665496826,0.4429747760295868,27.186179161071777,15.444975852966309,39.54140853881836,0.3703438341617584,0.2370065301656723,0.5077799201011658,28.13826084136963,21.429336547851562,34.97075653076172,0.04702591896057129,0.017720559611916542,0.08055911511182785,0.0209,0.0,0.11166384,0.04949187,0.04430965,04,True,False
2025-26,2026-04-11,Pennsylvania,0,0.8344829678535461,0.6673765778541565,1.0380051136016846,0.20196308195590973,0.053558919578790665,0.3788979381322861,28.184444427490234,17.652433967590337,40.90037155151367,0.5619536638259888,0.38498930633068085,0.7507262587547305,29.16774559020996,21.73165054321289,36.74241790771485,0.04457092843949795,0.020346835255622864,0.07049087435007095,0.012,0.0,0.11242781,0.04620681,0.04076288,04,True,False
2025-26,2026-04-11,Pennsylvania,1,0.8535635471343994,0.6354885339736939,1.0806878805160522,0.25312933325767517,0.07029666230082512,0.4586484044790268,25.29974365234375,15.5500337600708,34.4340705871582,0.542746365070343,0.37810927927494054,0.709683495759964,29.210603713989258,22.372727394104004,35.739994049072266,0.04552915692329407,0.018269585445523262,0.07563452124595642,0.0168,0.0,0.1098455,0.04711974,0.040798,04,True,False
2025-26,2026-04-11,Pennsylvania,2,0.8193106949329376,0.6416916906833648,1.0239759683609009,0.2431694120168686,0.0929395779967308,0.4063560664653778,27.711430549621582,17.383485794067383,39.97460708618164,0.6008597910404205,0.40737080574035645,0.8005092144012451,31.959336280822754,25.81703929901123,37.38200416564941,0.045772792771458626,0.019136185757815838,0.07604458630084991,0.0133,0.0,0.11218689,0.04776349,0.040835,04,True,False
2025-26,2026-04-11,Vermont,0,1.039168119430542,0.661559236049652,1.8537091374397279,0.4083482176065445,0.1518510848283768,0.6666745960712434,28.39597988128662,20.046699714660644,36.81511573791504,0.10472195595502853,0.05747330486774445,0.15639098137617113,15.227270126342773,9.048802566528321,21.846536064147948,0.05916218087077141,0.01573063209652901,0.11590837240219116,0.0385,0.0,0.11123647,0.06730688,0.05728549,04,True,False
2025-26,2026-04-11,Vermont,1,1.0581367015838623,0.6451444625854492,1.9554130554199225,0.414327472448349,0.18704158067703247,0.6369825601577759,29.107646942138672,19.945310592651367,37.84764442443848,0.10825557261705399,0.05890124291181564,0.16586399525403978,13.916443824768066,8.136764335632325,20.607159233093263,0.07396181300282478,0.01889450587332249,0.14518262892961503,0.0401,0.0,0.11175909,0.08298611,0.0679769,04,True,False
2025-26,2026-04-11,Vermont,2,1.070718765258789,0.6646543085575104,1.7727243781089783,0.393073707818985,0.1637297198176384,0.6301423251628876,30.980721473693848,22.472607231140138,41.02013626098633,0.09624454379081726,0.05220103487372399,0.14961452931165695,13.816596508026123,8.185469913482667,19.914609146118167,0.06260434165596962,0.016581949032843112,0.12884123772382738,0.0464,0.0,0.11168865,0.07153528,0.06011555,04,True,False
2025-26,2026-04-11,Wyoming,0,0.9501521587371826,0.6686486005783081,1.350505805015564,0.34025877714157104,0.1231580063700676,0.5596708059310913,27.981834411621094,18.604510688781737,37.53415412902832,0.24291670322418213,0.13032634556293488,0.3714323461055756,13.4187650680542,8.314858436584473,18.5526180267334,0.05476121976971626,0.016663294285535812,0.10703183487057688,0.0342,0.0,0.11078102,0.0604502,0.05195207,04,True,False
2025-26,2026-04-11,Wyoming,1,0.9940327405929565,0.6979846119880676,1.524009931087494,0.37590518593788147,0.16395770609378818,0.5879976570606232,28.949440002441406,19.905622291564942,37.68896408081055,0.16689959913492203,0.09274672195315362,0.25688434839248664,17.12550926208496,9.794132709503174,25.132266998291016,0.05704631470143795,0.014327284414321184,0.11487215757369995,0.0467,0.0,0.11060359,0.06407824,0.05433648,04,True,False
2025-26,2026-04-11,Wyoming,2,0.9524844884872437,0.654656445980072,1.3997444272041322,0.34355252981185913,0.12109265699982644,0.5796544909477234,30.526070594787598,19.506796646118165,40.20775604248047,0.21362604200839996,0.11319218873977661,0.3296948611736298,14.522916316986084,8.774104309082032,20.943389892578125,0.06792876124382019,0.01710455045104027,0.13580165803432465,0.0408,0.0,0.11173097,0.07517443,0.06236773,04,True,False
2025-26,2026-04-18,Alaska,0,0.8059927821159363,0.6000000238418579,1.5329275488853455,0.3630512058734894,0.14691533148288727,0.5674276351928711,26.456533432006836,17.375648498535156,37.86161346435547,0.23181795328855515,0.11161177605390549,0.36966344714164734,15.441023349761963,8.859010505676272,23.09318103790283,0.08217066526412964,0.0244396410882473,0.1432283997535706,0.0231,0.0,0.11304552,0.07985694,0.0627917,04,True,False
2025-26,2026-04-18,Alaska,1,0.7844773232936859,0.6000000238418579,1.2194613933563236,0.3575078696012497,0.14730355143547058,0.563725632429123,26.254737854003906,16.107940673828125,37.604613876342775,0.23394757509231567,0.12015010416507721,0.36437603533267976,16.111509323120117,9.087485313415527,23.137632369995117,0.07221389561891556,0.022532869130373005,0.12950101494789124,0.027,0.0,0.11174884,0.07313618,0.06028219,04,True,False
2025-26,2026-04-18,Alaska,2,0.8066846430301666,0.6000000238418579,1.4935150265693666,0.362749308347702,0.14860057532787324,0.578447586297989,26.820289611816406,16.47163963317871,39.354237747192386,0.2255595177412033,0.11468473821878433,0.3433855473995209,14.022359371185303,8.645414352416992,20.196863555908205,0.07604563981294632,0.02327701263129711,0.13281817734241486,0.0253,0.0,0.11095574,0.07479597,0.06081163,04,True,False
2025-26,2026-04-18,California,0,0.9048595726490021,0.7661207318305969,1.0474702239036562,0.11920025944709778,0.02307927384972573,0.25538758635520936,24.19774627685547,11.550681114196777,36.578576278686526,0.21266096085309982,0.14353173971176147,0.2821894884109497,32.06428146362305,25.936546325683594,37.61496543884277,0.02776133455336094,0.009456857107579708,0.050550318509340296,0.0399,0.0,0.10813151,0.03016336,0.02718397,04,True,False
2025-26,2026-04-18,California,1,0.8818787038326263,0.7126142978668213,1.0315703272819519,0.14122523367404938,0.02389669045805931,0.326521098613739,23.925894737243652,11.145474147796632,36.68547058105469,0.2573143541812897,0.18007111549377441,0.3357621729373932,29.494720458984375,22.74659461975098,36.021785736083984,0.02648123912513256,0.00826779641211033,0.0500892698764801,0.0468,0.0,0.11278273,0.02921202,0.02619581,04,True,False
2025-26,2026-04-18,California,2,0.8905224800109863,0.7301649451255798,1.0385169506073,0.13699451088905334,0.023743572272360333,0.30551019310951233,26.294322967529297,13.709482192993164,40.3744010925293,0.20775316655635834,0.1434766799211502,0.27355948090553284,28.7349853515625,22.968894004821777,34.76538848876953,0.027550213038921356,0.008963565342128277,0.0521543636918068,0.0509,0.0,0.11362207,0.03077195,0.02780701,04,True,False
2025-26,2026-04-18,New York,0,0.8796229958534241,0.6496807694435119,1.1708200097084047,0.265237033367157,0.08940004706382752,0.4639812707901001,27.027982711791992,14.804425621032715,37.12779541015625,0.40230029821395874,0.2529843866825104,0.5563169717788696,27.14356231689453,20.740318298339844,33.36717681884766,0.045207271352410316,0.016966601833701134,0.07541318237781525,0.02,0.0,0.11258524,0.04734839,0.04097698,04,True,False
2025-26,2026-04-18,New York,1,0.8951139152050018,0.6616724729537964,1.192505204677582,0.25681962072849274,0.0974851742386818,0.42846542596817017,26.67271614074707,13.161321830749513,38.406044006347656,0.40824195742607117,0.2584574520587921,0.5625101864337921,28.345338821411133,22.437355041503906,34.798692321777345,0.04682780057191849,0.017838855646550657,0.07876367941498758,0.02,0.0,0.11161789,0.049593,0.0428018,04,True,False
2025-26,2026-04-18,New York,2,0.8844450116157532,0.672150480747223,1.1683705210685733,0.2417091503739357,0.09236297011375427,0.39599743485450745,27.955081939697266,17.03548812866211,38.16415023803711,0.3709039241075516,0.22944722622632982,0.5231509506702424,29.119468688964844,21.90810546875,35.91986846923828,0.044435080140829086,0.014981829747557645,0.0794416144490242,0.0218,0.0,0.11198926,0.04802119,0.04201366,04,True,False
2025-26,2026-04-18,Pennsylvania,0,0.8875940442085266,0.7459439635276794,1.0611101508140564,0.1591828465461731,0.060300058871507654,0.26999164521694186,26.188640594482422,15.475035572052002,37.46392822265625,0.5418682992458344,0.3888281166553497,0.6995753705501558,31.613550186157227,26.01984977722168,36.7938175201416,0.04080428369343281,0.01747467052191496,0.06461168006062508,0.0146,0.0,0.11188937,0.04247947,0.038438,04,True,False
2025-26,2026-04-18,Pennsylvania,1,0.8852795958518982,0.6570013165473938,1.121313524246216,0.23705566674470901,0.07281633466482162,0.4182246029376985,24.907634735107422,12.71982479095459,36.71089553833008,0.621845006942749,0.4396168261766434,0.8171389698982239,31.336774826049805,24.100727081298828,37.795971679687504,0.045554425567388535,0.015650412067770958,0.08066901192069062,0.0272,0.0,0.11150942,0.04908759,0.04235983,04,True,False
2025-26,2026-04-18,Pennsylvania,2,0.8611515760421753,0.7168871223926544,1.0585208535194397,0.1988295242190361,0.06366381272673609,0.359212201833725,28.993399620056152,19.86805534362793,39.438964462280275,0.4961123764514923,0.3203131854534149,0.6768768668174744,30.269458770751953,24.502892303466798,35.927242279052734,0.0394132174551487,0.015996064431965353,0.06721070259809495,0.0158,0.0,0.11068615,0.04196916,0.03688714,04,True,False
2025-26,2026-04-18,Vermont,0,1.0621336698532104,0.6626558542251587,1.6916080474853519,0.3626222312450409,0.11533631086349488,0.6135739922523499,29.439992904663086,20.656152153015135,38.003055572509766,0.11246726289391518,0.06246303841471673,0.17120052576065065,12.864070892333984,7.968232536315918,18.339707374572754,0.05364188551902771,0.011339644063264135,0.11709779128432274,0.0596,0.0,0.11143497,0.06285855,0.05247354,04,True,False
2025-26,2026-04-18,Vermont,1,1.103677213191986,0.6879272341728211,1.7186097741127015,0.34888988733291626,0.11059448644518854,0.6112522482872009,28.701391220092773,19.154044342041015,37.539685821533205,0.1097705215215683,0.05974597707390786,0.16755623519420626,13.669781684875488,8.383799076080322,19.072419548034667,0.06221299059689045,0.014050685800611973,0.13153186142444612,0.0537,0.0,0.11053169,0.07154397,0.059005,04,True,False
2025-26,2026-04-18,Vermont,2,1.0414615869522095,0.6456432580947876,1.8524917364120483,0.4286004602909088,0.18582305312156677,0.6705942928791047,30.028239250183105,20.558755683898926,39.36076316833496,0.10767685994505882,0.05661290921270847,0.16579787582159042,12.452322959899902,7.802634954452515,17.457747077941896,0.06992967426776886,0.01776157133281231,0.1389394670724869,0.0432,0.0,0.11178644,0.07802547,0.06405685,04,True,False
2025-26,2026-04-18,Wyoming,0,0.9259452819824219,0.6503275036811829,1.384227991104126,0.35831087827682495,0.13024234771728516,0.5897704303264619,29.935888290405273,20.637738990783692,38.58925247192383,0.18807245790958405,0.10517732203006745,0.27554456293582924,16.571253776550293,10.01646900177002,23.358877182006836,0.0576710719615221,0.015357252489775422,0.11162486076354981,0.0407,0.0,0.1105381,0.06492178,0.05502514,04,True,False
2025-26,2026-04-18,Wyoming,1,0.9023449420928955,0.6271799802780151,1.3949305295944214,0.3659977316856384,0.13441113084554673,0.595294713973999,30.318082809448242,20.249350166320802,40.56026077270508,0.21042278409004211,0.11406221985816956,0.31344441771507264,16.35565185546875,9.650706005096435,23.495562171936037,0.054178960621356964,0.014999603852629662,0.10633942112326622,0.0378,0.0,0.11178949,0.05996944,0.05075382,04,True,False
2025-26,2026-04-18,Wyoming,2,0.9467877447605133,0.6347327530384064,1.3855119466781618,0.3457884192466736,0.11774876713752747,0.5789743065834045,30.24691867828369,19.94721736907959,40.1171760559082,0.2004700005054474,0.10681151449680329,0.31145671010017395,14.114971160888672,8.278154563903808,21.105364990234378,0.06012947857379913,0.01747099701315165,0.11412654817104341,0.0335,0.0,0.11328969,0.06637273,0.05633975,04,True,False
2025-26,2026-05-02,Alaska,0,0.9002166092395782,0.6220980882644653,2.0285783529281622,0.35082224011421204,0.15668008774518968,0.5421838879585267,29.210039138793945,21.074095726013184,37.7557487487793,0.2232811599969864,0.12032418027520181,0.3391864776611328,15.665339946746826,10.005244159698487,21.8325252532959,0.05887315049767494,0.01668732278048992,0.11308578178286553,0.0375,0.0,0.11553865,0.06374703,0.05151176,05,True,False
2025-26,2026-05-02,Alaska,1,0.8464750647544861,0.6016190648078918,1.3918505907058716,0.3552071452140808,0.1408606618642807,0.5559724569320679,28.840906143188477,17.63916778564453,38.14137649536133,0.25845661759376526,0.1438804253935814,0.38068181276321417,14.975400924682617,9.834888458251953,20.241579055786133,0.0710790790617466,0.018837743625044832,0.1336216926574707,0.0361,0.0,0.11195141,0.07673626,0.05983773,05,True,False
2025-26,2026-05-02,Alaska,2,0.851578414440155,0.6148641586303711,1.4309456467628485,0.32946161925792694,0.11803111657500269,0.5348492085933686,27.78652858734131,16.65669822692871,37.687862396240234,0.2834596037864685,0.16112081557512284,0.4096274971961975,17.98221206665039,11.054006862640382,25.040944480896,0.06118989549577236,0.01731069814413786,0.11546400189399719,0.0338,0.0,0.10949953,0.06597684,0.05409129,05,True,False
2025-26,2026-05-02,California,0,0.9760468006134033,0.8481456160545349,1.1259818434715272,0.11239524930715561,0.02292451318353415,0.24353241622447974,29.88655948638916,18.833769607543946,38.9188117980957,0.213954359292984,0.14282652735710144,0.28469819426536563,33.436044692993164,27.615474891662597,38.28027153015137,0.0275991503149271,0.01038198173046112,0.048879075795412064,0.0309,0.0,0.11065116,0.02811314,0.0260332,05,True,False
2025-26,2026-05-02,California,1,0.9603322446346283,0.8201020359992981,1.1197824716567994,0.13007808476686478,0.029353465326130392,0.26802965998649597,29.435550689697266,15.128256797790527,41.182491302490234,0.25710684061050415,0.17799381911754608,0.34320229291915894,29.290964126586914,23.172448348999023,35.071250915527344,0.029721018858253956,0.012090964242815971,0.05147064030170441,0.0249,0.0,0.11207844,0.03121475,0.02895586,05,True,False
2025-26,2026-05-02,California,2,0.9899621605873108,0.8596128106117249,1.15106018781662,0.10905337333679199,0.020682347379624846,0.2202591672539711,27.719558715820312,15.626236534118652,39.271599197387694,0.21401145309209824,0.1460960954427719,0.28300608694553375,31.402080535888672,25.253517150878906,36.882524490356445,0.02958296425640583,0.012005421239882708,0.04900537431240083,0.0235,0.0,0.11108784,0.02989571,0.02811566,05,True,False
2025-26,2026-05-02,New York,0,0.8504013121128082,0.6404012322425843,1.1419305562973023,0.25311967730522156,0.0982884667813778,0.4195191085338594,27.090845108032227,12.760323429107666,38.496986389160156,0.45242448151111603,0.32170239090919495,0.5845365524291992,29.139382362365723,22.294849395751953,35.61981010437012,0.0441223569214344,0.015154562797397375,0.08188666626811028,0.0271,0.0,0.10993504,0.04988685,0.04146384,05,True,False
2025-26,2026-05-02,New York,1,0.9201489090919495,0.7116717040538788,1.185582661628723,0.2316381335258484,0.07800516486167908,0.3976128101348877,24.224047660827637,12.56375846862793,35.75786590576172,0.3693950027227402,0.2532636523246765,0.4938056468963623,27.472018241882324,21.12435836791992,33.823360443115234,0.04507634788751602,0.01616170760244131,0.07551518827676773,0.0224,0.0,0.11345589,0.0486505,0.04205422,05,True,False
2025-26,2026-05-02,New York,2,0.874719500541687,0.6702598154544831,1.1118152141571045,0.22994206845760345,0.07819549664855004,0.40771049857139585,28.01577663421631,16.460555648803712,38.31165885925293,0.376173734664917,0.24404057413339617,0.5202874958515168,31.450124740600586,24.798967361450195,37.7019287109375,0.044606465846300125,0.01813789959996939,0.07468805164098741,0.0175,0.0,0.11207461,0.04778318,0.04067369,05,True,False
2025-26,2026-05-02,Pennsylvania,0,0.9450603723526001,0.7575897097587585,1.1796823740005493,0.18787336349487305,0.050806302949786185,0.36013588309288025,28.697397232055664,15.3159761428833,40.440242767333984,0.5136267840862274,0.3426514178514481,0.6962947845458984,31.20038604736328,24.57971782684326,37.074729919433594,0.0348140224814415,0.013024135492742062,0.06166919879615308,0.0296,0.0,0.11034483,0.03763975,0.03348408,05,True,False
2025-26,2026-05-02,Pennsylvania,1,0.9661690592765808,0.7949234008789062,1.180659246444702,0.19182950258255005,0.0692196786403656,0.3260968536138536,25.46299171447754,15.487945652008058,34.36330909729005,0.5322791934013367,0.37704998552799224,0.6940802931785583,28.84504985809326,22.452268600463867,35.18368148803711,0.033362437039613724,0.012382197659462692,0.05576020106673241,0.0236,0.0,0.11407168,0.03484176,0.03145527,05,True,False
2025-26,2026-05-02,Pennsylvania,2,0.9763801097869873,0.7946074604988098,1.1804812192916871,0.18105584383010864,0.05548590756952765,0.3299372136592866,24.358234405517578,12.353927612304688,34.79565887451172,0.5503958463668823,0.38702911138534546,0.7128570675849915,31.561460494995117,24.69395351409912,37.3496639251709,0.034293608739972115,0.011826101783663034,0.05996362119913101,0.033,0.0,0.11167831,0.03676406,0.03303763,05,True,False
2025-26,2026-05-02,Vermont,0,0.9078119993209839,0.6202052533626556,1.524761140346527,0.34413015842437744,0.12384042143821716,0.5764365196228027,29.49688720703125,21.197466468811037,39.51101799011231,0.10512849688529968,0.05315184593200684,0.1636911928653717,16.651551246643066,9.469892311096192,24.357395362854007,0.06373848021030426,0.01747615821659565,0.1239884115755558,0.0415,0.0,0.10912758,0.06591441,0.05525678,05,True,False
2025-26,2026-05-02,Vermont,1,1.0361497402191162,0.6544879078865051,1.6851793766021732,0.40600550174713135,0.17922712713479996,0.6364374160766602,28.337108612060547,21.434961318969727,35.91062850952149,0.08726773038506508,0.049286634847521785,0.12854711711406708,14.66197395324707,8.776847839355469,21.31104850769043,0.06243551895022392,0.014909001253545284,0.126975566148758,0.0488,0.0,0.1121422,0.0653799,0.05485275,05,True,False
2025-26,2026-05-02,Vermont,2,0.8999955952167511,0.6051798343658448,1.575147831439972,0.42049092054367065,0.1835720792412758,0.6617639660835266,27.7143497467041,19.645669746398926,36.20438117980957,0.11809548363089561,0.06431445479393005,0.1798650473356247,14.30210018157959,8.793495178222656,20.29831886291504,0.0650915578007698,0.018031742796301847,0.12707754969596866,0.0364,0.0,0.11155441,0.06841837,0.05632724,05,True,False
2025-26,2026-05-02,Wyoming,0,0.9409620463848114,0.6391911625862121,1.3429847359657288,0.32326942682266235,0.0927596487104893,0.5690228462219238,26.457183837890625,16.12683868408203,35.95334243774414,0.17092382907867432,0.08745032325387,0.2579082101583481,13.944822311401367,7.963310337066651,19.624111938476563,0.05109245330095291,0.01313296053558588,0.10243500024080276,0.0447,0.0,0.11105952,0.06010127,0.04836639,05,True,False
2025-26,2026-05-02,Wyoming,1,0.8859808146953583,0.6165453493595123,1.283638596534729,0.33757534623146057,0.12906529009342194,0.5696441650390626,26.992106437683105,17.675819396972656,35.66406364440918,0.22328337281942368,0.1059795618057251,0.3468266725540161,16.050621032714844,9.091540336608887,23.058706283569336,0.055484384298324585,0.017271835356950763,0.10263911634683609,0.0333,0.0,0.1131904,0.06237415,0.04757736,05,True,False
2025-26,2026-05-02,Wyoming,2,0.8417213559150696,0.6108261704444885,1.2929973840713502,0.3657615929841995,0.15567658841609955,0.5748421430587769,26.728168487548828,14.649090766906738,36.80304565429688,0.2279006838798523,0.12267002463340759,0.33760166168212896,15.60081434249878,8.957082748413086,22.796330833435057,0.05839514173567295,0.016599569842219355,0.11262814924120904,0.0348,0.0,0.11005833,0.06586902,0.04952832,05,True,False
2025-26,2026-05-09,Alaska,0,0.9775710999965668,0.6345194697380065,2.0341928720474245,0.31062424182891846,0.09548338502645493,0.5278119921684266,29.6472225189209,16.679943084716797,40.4385986328125,0.2374771609902382,0.13720150291919708,0.3490009635686875,15.1752347946167,9.673418140411378,21.29014015197754,0.06226034089922905,0.019311903044581413,0.12034767866134644,0.0269,0.0,0.11139663,0.06761706,0.05419855,05,True,False
2025-26,2026-05-09,Alaska,1,0.9722545146942139,0.6340002954006195,1.9876763820648193,0.34576985239982605,0.12094225734472275,0.5626068711280823,30.29206657409668,19.171394538879394,39.916717529296875,0.23940357565879822,0.1229706920683384,0.3652597665786743,17.315451622009277,10.604289627075197,24.289793014526374,0.06843226030468941,0.020345531404018402,0.1264318823814392,0.0316,0.0,0.11161062,0.0744387,0.05965932,05,True,False
2025-26,2026-05-09,Alaska,2,0.9745196998119354,0.6612764000892639,1.9985235929489136,0.3311188519001007,0.13467098772525787,0.5291277170181274,29.86623191833496,19.387189865112305,38.740814208984375,0.21910228580236435,0.12334802523255349,0.3201702803373337,15.314973831176758,9.314207839965821,21.158248901367188,0.06606729328632355,0.020948775112628937,0.12499335110187536,0.0357,0.0,0.11076642,0.07275565,0.05803212,05,True,False
2025-26,2026-05-09,California,0,0.9750444293022156,0.8464019894599915,1.107962965965271,0.10701295733451843,0.026753235049545774,0.21614806652069093,28.64583396911621,12.019109725952148,43.07692604064942,0.21866513788700104,0.1466238647699356,0.2945114135742188,29.62215518951416,23.70250415802002,35.29973602294922,0.02467261254787445,0.009445702657103539,0.04315646775066854,0.0372,0.0,0.11162977,0.02726711,0.02523758,05,True,False
2025-26,2026-05-09,California,1,0.9851059913635254,0.8038692474365234,1.1607255935668945,0.13921047002077103,0.0189514197409153,0.32519735991954807,27.5655517578125,13.103075981140137,38.76067123413087,0.1985587254166603,0.13747437298297882,0.2589168846607208,32.84035873413086,26.930908203125,38.012013626098636,0.02924880012869835,0.010649774037301541,0.05283071100711823,0.0376,0.0,0.11105386,0.03269383,0.02967693,05,True,False
2025-26,2026-05-09,California,2,0.9180662631988525,0.7494027614593506,1.1006884574890137,0.15119560062885284,0.028821401298046112,0.3249591886997223,31.42958641052246,15.083242607116699,43.57719802856445,0.25533342361450195,0.17526038885116577,0.3414782047271729,30.43772792816162,23.506457901000978,37.08086814880371,0.028740497305989265,0.010788293555378914,0.05236312747001648,0.0336,0.0,0.11250893,0.0323213,0.02917503,05,True,False
2025-26,2026-05-09,New York,0,0.9788777232170105,0.7208043038845063,1.2709524393081666,0.23001012206077576,0.0674971342086792,0.4192379772663117,25.182266235351562,12.893593788146973,35.523772430419925,0.3597177267074585,0.2457568898797035,0.48409804701805115,26.551782608032227,20.25082492828369,32.866187286376956,0.0434553436934948,0.018010977655649185,0.07394535839557648,0.0152,0.0,0.11259183,0.04587296,0.04032669,05,True,False
2025-26,2026-05-09,New York,1,0.8594045042991638,0.6543928980827332,1.1062467098236084,0.24730388820171356,0.07009740173816681,0.4499700367450714,31.789974212646484,19.29814910888672,42.376277923583984,0.4149650037288666,0.27977305650711065,0.5697122871875765,27.688232421875,20.170854568481445,35.0070125579834,0.04686425440013409,0.01538367010653019,0.08445259928703308,0.026,0.0,0.10977487,0.05064575,0.04323421,05,True,False
2025-26,2026-05-09,New York,2,0.8916637897491455,0.6986508369445801,1.1803866624832153,0.2189207598567009,0.06625937446951868,0.39784446358680725,29.823970794677734,15.686808681488039,41.26352806091309,0.3970873951911926,0.2563522458076477,0.5347615480422974,27.714567184448242,21.003944396972656,34.09787368774414,0.03797284513711929,0.014945783838629724,0.06406423449516296,0.0229,0.0,0.11310451,0.04009303,0.03540952,05,True,False
2025-26,2026-05-09,Pennsylvania,0,1.0207961797714233,0.8412300944328308,1.2507456660270693,0.1691662073135376,0.05818770900368691,0.291640305519104,27.014272689819336,13.855006504058839,38.3011085510254,0.4582040011882782,0.303562194108963,0.6181752860546113,32.34162902832031,26.750638961791992,37.44261207580566,0.03404924087226391,0.012025715596973897,0.06271220743656158,0.0332,0.0,0.11147066,0.03727009,0.03366539,05,True,False
2025-26,2026-05-09,Pennsylvania,1,0.9923394918441772,0.8091184735298157,1.1997200369834902,0.1590617597103119,0.0447855606675148,0.29382432997226726,27.017284393310547,12.56439905166626,39.86885452270508,0.5291704833507538,0.3651535212993622,0.6935517966747284,31.84576416015625,25.651075172424317,37.28739051818848,0.03345276415348053,0.011870506219565868,0.06189662218093872,0.0294,0.0,0.11382336,0.03735037,0.03316692,05,True,False
2025-26,2026-05-09,Pennsylvania,2,0.9418271780014038,0.7719209790229797,1.1507163047790527,0.18428491055965424,0.04500648453831674,0.3598636239767075,30.821332931518555,20.96649742126465,40.335065078735354,0.5054115056991577,0.3496536135673523,0.6662503063678742,31.70244598388672,25.822755813598633,37.09302825927735,0.03531929850578308,0.011625427566468718,0.06397420167922974,0.036,0.0,0.11259198,0.03825704,0.03439981,05,True,False
2025-26,2026-05-09,Vermont,0,0.9860967695713043,0.6248181641101838,1.6654826402664185,0.3985578268766403,0.16787372380495072,0.6299735188484192,28.96009063720703,20.39670066833496,36.72148132324219,0.10449216514825821,0.054557989537715915,0.1653388381004334,14.167270183563232,8.735030174255371,20.107228088378907,0.0637270137667656,0.01821903251111508,0.1195112094283104,0.0314,0.0,0.11116843,0.06945684,0.05413434,05,True,False
2025-26,2026-05-09,Vermont,1,1.0742906332015991,0.6658547639846801,1.7768489122390747,0.3647310435771942,0.14061681926250458,0.6098924160003663,24.826366424560547,14.358302879333497,33.91669387817383,0.10958381742238998,0.0629468634724617,0.16249005496501923,15.0022554397583,9.284441947937012,20.60039520263672,0.060656456276774406,0.014311983529478312,0.12432918027043344,0.0478,0.0,0.1120519,0.06926418,0.05649724,05,True,False
2025-26,2026-05-09,Vermont,2,0.9483110308647156,0.6214529156684876,1.7365105152130127,0.41389136016368866,0.1651075780391693,0.6573906540870667,29.985527992248535,22.420845794677735,38.645477294921875,0.1016954705119133,0.053648236021399495,0.15410126745700836,13.65119981765747,8.396681690216065,19.255706787109375,0.06663835048675537,0.0194034056738019,0.12283600121736526,0.0313,0.0,0.11011537,0.07196246,0.05740741,05,True,False
2025-26,2026-05-09,Wyoming,0,0.9808409810066223,0.6781827807426453,1.5071139335632324,0.34401193261146545,0.13373433500528337,0.5717172145843507,30.246572494506836,18.641651153564453,38.50484848022461,0.21075013279914856,0.11331559717655182,0.3195711672306061,14.577668190002441,8.77812671661377,20.422941398620605,0.05480203032493591,0.015530849806964397,0.10712996795773506,0.0433,0.0,0.11196311,0.05976299,0.0500516,05,True,False
2025-26,2026-05-09,Wyoming,1,1.0538764595985413,0.7074856162071228,1.5040709972381592,0.31009015440940857,0.09307937324047089,0.5546405911445618,31.147478103637695,19.886677932739257,41.6473274230957,0.17287985980510712,0.09658108651638031,0.25168415904045105,17.203490257263184,10.445523262023926,24.057327270507812,0.05740981176495552,0.013958624564111233,0.11211930066347132,0.0465,0.0,0.11069115,0.06319249,0.0532355,05,True,False
2025-26,2026-05-09,Wyoming,2,1.012471079826355,0.7068932235240937,1.4674103260040283,0.2892220616340637,0.084220290184021,0.5185790419578553,30.958245277404785,20.196674346923828,39.944549560546875,0.2104058712720871,0.11096538603305817,0.3230698496103287,15.275812149047852,9.149649906158448,21.503890991210938,0.048222148790955544,0.013281820341944695,0.0930616706609726,0.0375,0.0,0.11440718,0.0529001,0.04495738,05,True,False
2025-26,2026-05-16,Alaska,0,0.8431969881057739,0.6000000238418579,1.9612523436546327,0.38301876187324524,0.18301588445901873,0.572000253200531,28.64567470550537,20.211889266967773,36.42383880615235,0.22747750580310822,0.12291342243552209,0.33608814775943757,17.910759925842285,10.776718330383302,25.236647987365725,0.06822670996189117,0.021237120032310486,0.12625057995319366,0.0283,0.0,0.11128331,0.07193423,0.05833904,05,True,False
2025-26,2026-05-16,Alaska,1,0.8728811740875244,0.6082787036895753,1.830142867565155,0.3331238776445389,0.13071762025356293,0.5275125384330751,27.093656539916992,18.21734504699707,35.53483581542969,0.24254374206066132,0.12829234302043915,0.3672518998384476,15.48174524307251,9.813377475738527,21.5471794128418,0.06401785463094711,0.020630810409784317,0.11654580980539322,0.0277,0.0,0.11235652,0.06735495,0.05602712,05,True,False
2025-26,2026-05-16,Alaska,2,0.7696147561073303,0.6000000238418579,1.2433246493339538,0.35949012637138367,0.17154030501842502,0.5518975794315338,29.465410232543945,20.880733680725097,37.347164154052734,0.28155359625816345,0.14946344047784807,0.4272025436162949,15.629133224487305,10.318432807922363,21.5194299697876,0.06277666240930557,0.018907716497778893,0.12155145183205605,0.0334,0.0,0.11257362,0.06925302,0.05726547,05,True,False
2025-26,2026-05-16,California,0,0.9965945780277252,0.8688379645347595,1.143509840965271,0.10396860539913177,0.024480432271957397,0.2122504711151123,25.344900131225586,9.72331008911133,38.66331100463867,0.2244865596294403,0.15643920004367828,0.295945343375206,32.17631149291992,26.34310531616211,37.51904640197754,0.02484677918255329,0.009982786141335964,0.043184142932295805,0.0302,0.0,0.11264278,0.02704236,0.02458719,05,True,False
2025-26,2026-05-16,California,1,0.9999299645423889,0.8707051813602448,1.1408329010009766,0.10201401263475418,0.02045299857854843,0.21183047741651537,25.791516304016113,10.916909217834473,39.610633850097656,0.22071172297000885,0.15240871757268906,0.29199761152267456,31.9577693939209,26.122542953491212,37.151885986328125,0.026652174070477486,0.011463596485555174,0.045760275423526765,0.0227,0.0,0.11261159,0.02879228,0.02635529,05,True,False
2025-26,2026-05-16,California,2,0.9995966851711273,0.8541836380958557,1.1470871448516846,0.1096767708659172,0.024627662450075152,0.21457492262125016,27.365137100219727,11.057048225402832,41.007320404052734,0.21589241921901703,0.14079326838254932,0.29939337670803073,32.00272750854492,25.63389720916748,37.51795997619629,0.027946779504418373,0.011104058474302292,0.047746716812253,0.0276,0.0,0.1098068,0.02978188,0.02725417,05,True,False
2025-26,2026-05-16,New York,0,0.8992190361022949,0.6826856732368469,1.1516152381896974,0.22280722856521606,0.07867228239774704,0.40136122703552246,28.510189056396484,15.025598526000977,40.62293243408204,0.36384662985801697,0.2317972630262375,0.5181899905204773,26.542298316955566,20.17191791534424,32.70061492919922,0.03922826424241066,0.01414140872657299,0.06984625086188316,0.0243,0.0,0.11115682,0.04235232,0.03834225,05,True,False
2025-26,2026-05-16,New York,1,0.904258668422699,0.6909349858760834,1.1475499868392944,0.21470314264297485,0.08154898509383202,0.36897358298301697,26.29024887084961,12.303450870513917,38.41766357421875,0.454856738448143,0.2983870208263397,0.6178483963012695,30.50347328186035,24.04595375061035,37.07535934448242,0.04287366196513176,0.016026811487972737,0.07342921271920204,0.0207,0.0,0.11076724,0.0465743,0.04144149,05,True,False
2025-26,2026-05-16,New York,2,0.9067898392677307,0.6803094267845154,1.1511210560798648,0.22584473341703415,0.09387627243995668,0.3756700962781906,25.823715209960938,11.065994262695312,38.682315826416016,0.38368646800518036,0.2583656907081604,0.5269798457622529,28.20077896118164,21.323364067077637,35.00941467285156,0.0464615635573864,0.017092346772551538,0.07671151757240297,0.0206,0.0,0.11259617,0.0480413,0.04256642,05,True,False
2025-26,2026-05-16,Pennsylvania,0,0.9674354195594788,0.7842839241027832,1.1535292863845825,0.15774445235729218,0.033068057149648666,0.3205730319023133,27.10053062438965,15.000954627990723,38.31571578979492,0.5798678398132324,0.40548551082611084,0.7565972924232484,31.763778686523438,25.245412826538086,37.58988723754883,0.03122359700500965,0.011644352227449417,0.055426668375730535,0.0287,0.0,0.11013667,0.03375016,0.03059189,05,True,False
2025-26,2026-05-16,Pennsylvania,1,0.9161307215690613,0.7620346903800964,1.0850791931152344,0.1558593064546585,0.04196895286440849,0.29745838046073914,31.032837867736816,19.39155330657959,42.749813079833984,0.6416608989238739,0.45376200377941134,0.8340083956718445,28.72190284729004,23.11229705810547,34.07126312255859,0.03358152136206627,0.011950068175792694,0.06165249794721604,0.0319,0.0,0.1109044,0.03747114,0.03338384,05,True,False
2025-26,2026-05-16,Pennsylvania,2,0.9116856455802917,0.7847724437713623,1.0759726881980896,0.13443729281425476,0.042800500988960266,0.2331097796559334,31.735279083251953,20.088502883911133,41.88346862792969,0.6031768918037415,0.43164367079734806,0.7823159694671631,32.561485290527344,26.675663185119628,37.41465759277344,0.032035352662205696,0.013140724040567875,0.053835973143577576,0.0196,0.0,0.11123315,0.03418826,0.03063255,05,True,False
2025-26,2026-05-16,Vermont,0,0.9757477045059204,0.6244051039218903,1.5462706089019775,0.34740982949733734,0.11564134806394577,0.6057671904563904,25.971511840820312,14.844467735290529,36.077431106567396,0.11546829342842102,0.061433107033371924,0.1775933861732483,15.922796249389648,9.809932613372803,22.107295608520513,0.06577960401773453,0.01715651396661997,0.1299913510680199,0.0394,0.0,0.11135177,0.06977819,0.05840524,05,True,False
2025-26,2026-05-16,Vermont,1,0.9258981943130493,0.6256480813026429,1.5296879529953002,0.367923378944397,0.15644257664680483,0.5906678676605225,28.2589111328125,20.722445487976074,36.00957832336426,0.10191185772418976,0.05541120395064354,0.15192078053951263,13.523600578308105,8.651934623718262,18.54392318725586,0.05539032630622387,0.01445463765412569,0.11286045610904694,0.0461,0.0,0.11259254,0.06051492,0.05069724,05,True,False
2025-26,2026-05-16,Vermont,2,0.9444169700145721,0.6256621837615968,1.5371127128601074,0.434850737452507,0.19316936135292054,0.6784006237983704,28.501811981201172,21.620119094848633,35.21057586669922,0.10248640179634094,0.05934073217213154,0.14811564981937408,14.355094909667969,8.880007934570314,19.870458793640136,0.059024177491664886,0.016571227461099625,0.11382827907800674,0.0362,0.0,0.11230119,0.06297352,0.0515769,05,True,False
2025-26,2026-05-16,Wyoming,0,1.1905468702316284,0.8048419952392578,1.7252813577651978,0.28954842686653137,0.08431896716356278,0.5105281472206118,30.290729522705078,15.207986450195314,40.42625427246094,0.20851729810237885,0.11567871794104576,0.31976497173309326,14.324289321899414,8.240050220489502,20.48857250213623,0.05565573088824749,0.019806329160928726,0.09913725927472115,0.0221,0.0,0.11221848,0.05548213,0.04825046,05,True,False
2025-26,2026-05-16,Wyoming,1,1.1285189390182495,0.7763022065162659,1.9198874950408937,0.31770122051239014,0.11190539598464966,0.5512046217918396,32.82265663146973,20.570144081115725,41.60235671997071,0.19299621880054474,0.10191749036312103,0.2877336323261261,16.376699447631836,9.559650421142578,22.836820602416992,0.056663595139980316,0.017718665301799774,0.10325653851032257,0.0323,0.0,0.11024652,0.05604816,0.04861029,05,True,False
2025-26,2026-05-16,Wyoming,2,1.1194095611572266,0.7394325733184814,1.7960501909255981,0.35862278938293457,0.12815431654453277,0.5904974937438965,30.75640106201172,14.476961135864258,40.43775863647461,0.2122344821691513,0.12242881059646607,0.3172402143478394,14.655374526977539,8.707999229431152,20.318029403686523,0.055455852299928665,0.01509026437997818,0.11493439897894865,0.0393,0.0,0.11036299,0.05833255,0.05118078,05,True,False
2025-26,2026-05-30,Alaska,0,0.9082749485969543,0.6266327500343323,1.7208438396453858,0.35132935643196106,0.1429854929447174,0.5520238101482392,29.353930473327637,18.370730209350587,37.37317657470703,0.25614675879478455,0.13328425586223602,0.37628912925720215,16.725675582885742,10.346839904785156,22.87078857421875,0.05873755365610123,0.015573481097817421,0.11516350433230402,0.0359,0.0,0.11177884,0.06553607,0.04908875,05,True,False
2025-26,2026-05-30,Alaska,1,0.9410189390182495,0.6330065727233887,2.0262163877487187,0.324834942817688,0.14393726885318756,0.5081148445606232,28.53845977783203,17.478649520874026,37.5368953704834,0.30295050144195557,0.1488668441772461,0.45561423897743225,15.687408447265625,9.21384506225586,22.30470848083496,0.06736137717962265,0.02000719886273146,0.12282622754573823,0.0292,0.0,0.11114083,0.07394609,0.05617855,05,True,False
2025-26,2026-05-30,Alaska,2,0.9149308800697327,0.6307585418224335,1.7870355129241946,0.3230195790529251,0.1159250520169735,0.5338594913482666,30.62157154083252,20.777477645874026,40.05207748413086,0.26025262475013733,0.1358429178595543,0.38667464256286627,15.6368408203125,9.589799404144287,21.50927200317383,0.062209228053689,0.019664808176457882,0.11611517444252971,0.0278,0.0,0.11116732,0.06992057,0.05373808,05,True,False
2025-26,2026-05-30,California,0,0.9571716785430908,0.824962317943573,1.0942225456237793,0.10655200108885765,0.02715438809245825,0.2066640853881836,27.136581420898438,12.902323722839355,39.98036689758301,0.24829597026109695,0.17386375814676286,0.32424384355545044,31.514198303222656,25.85151767730713,36.92255401611328,0.02686336636543274,0.011026347894221545,0.04490683600306511,0.0246,0.0,0.1116095,0.02858,0.02633404,05,True,False
2025-26,2026-05-30,California,1,0.9649209976196289,0.8142459928989411,1.1211495876312256,0.11879060417413712,0.023555793426930906,0.2506098747253418,26.356969833374023,13.979269981384277,38.038297271728524,0.24791321903467178,0.17085568010807037,0.3270299583673478,31.70951271057129,25.847859382629395,37.26231384277344,0.025755909271538258,0.010220514051616192,0.04418494403362274,0.0282,0.0,0.11161726,0.02751648,0.02524402,05,True,False
2025-26,2026-05-30,California,2,0.9846193194389343,0.8391885697841645,1.1278507709503174,0.12212042137980461,0.030515747144818306,0.23240583240985882,24.985994338989258,11.220448017120361,38.162186813354495,0.2255646288394928,0.15839120149612426,0.2906130969524384,31.39845848083496,25.048687744140626,36.97896041870117,0.025382837280631065,0.009814575407654048,0.04568819329142572,0.0294,0.0,0.11325646,0.02749978,0.02498102,05,True,False
2025-26,2026-05-30,New York,0,0.9006390869617462,0.6621487140655518,1.1511303186416626,0.24984454363584518,0.08955381065607071,0.42048411071300507,26.7513370513916,16.398448944091797,36.65026092529297,0.35110148787498474,0.22040976583957672,0.47115234434604647,29.52385902404785,23.18792896270752,35.68647766113281,0.03876809403300285,0.0137445954605937,0.06833347752690316,0.0299,0.0,0.11061962,0.04016355,0.03625664,05,True,False
2025-26,2026-05-30,New York,1,0.8773084282875061,0.6783788621425629,1.0990202307701111,0.2262754812836647,0.08042702823877335,0.3948003947734833,26.373737335205078,15.969630146026612,35.337501525878906,0.39461350440979004,0.26500493586063384,0.5368265509605408,27.67208194732666,20.819394493103026,34.6888671875,0.041201191022992134,0.015210548508912328,0.06967969238758087,0.0212,0.0,0.1126865,0.04171801,0.0377081,05,True,False
2025-26,2026-05-30,New York,2,0.8634203374385834,0.6428195238113403,1.1137875318527222,0.2368783801794052,0.08535119891166687,0.42421703338623046,26.795047760009766,14.496893692016602,37.48704147338867,0.3788088858127594,0.24192345142364502,0.5126314759254456,28.085735321044922,21.892925262451172,34.115836715698244,0.039275551214814186,0.015683234855532656,0.06818408519029617,0.0224,0.0,0.11110539,0.04056397,0.03671303,05,True,False
2025-26,2026-05-30,Pennsylvania,0,1.0135017037391663,0.8288334012031555,1.2119567394256592,0.1570507362484932,0.05251463279128075,0.2727587193250656,27.729243278503418,13.03353214263916,40.7297420501709,0.628974050283432,0.44441530108451843,0.8069711923599243,29.483625411987305,23.158546447753906,35.30717735290527,0.032198578119277954,0.010548368096351625,0.05632265284657478,0.0358,0.0,0.11295089,0.03522537,0.03300008,05,True,False
2025-26,2026-05-30,Pennsylvania,1,0.9904981553554535,0.797793984413147,1.1858954787254334,0.169381245970726,0.04126441851258278,0.33158840537071227,30.971101760864258,19.819615364074707,41.850435256958015,0.5903789103031158,0.4277700871229172,0.7427845239639282,31.739989280700684,25.90276279449463,37.694634246826176,0.04037720710039139,0.015498308464884758,0.06746980398893357,0.0207,0.0,0.11010994,0.04344968,0.03969802,05,True,False
2025-26,2026-05-30,Pennsylvania,2,0.9901867210865021,0.8127846479415893,1.1944961667060852,0.16526897996664047,0.046427323669195185,0.2966486901044846,31.404727935791016,17.293243408203125,42.24037170410156,0.597968578338623,0.4183108985424042,0.770721048116684,30.206491470336914,24.32852840423584,35.97532615661621,0.03481920063495636,0.014122281223535538,0.058418310433626185,0.0183,0.0,0.11342195,0.03760577,0.03444933,05,True,False
2025-26,2026-05-30,Vermont,0,1.3725336194038391,0.8130746483802795,2.3795111179351807,0.3693411946296692,0.12612620741128924,0.6290047943592072,31.573949813842773,21.83466453552246,40.19695701599121,0.09660787135362625,0.054822364449501046,0.14356914907693866,14.432009220123291,8.846743965148926,20.11333465576172,0.07182842493057251,0.019651949405670166,0.1337084874510765,0.0367,0.0,0.11328007,0.07480275,0.06074712,05,True,False
2025-26,2026-05-30,Vermont,1,1.2835659980773926,0.7951763331890107,2.228151798248292,0.37737320363521576,0.1558050513267517,0.6305437684059143,31.519786834716797,22.38730812072754,38.99712371826172,0.09935419261455536,0.05208100378513336,0.14809447526931763,15.759146213531494,8.903491020202637,22.685365676879883,0.06548304110765457,0.020886411890387535,0.11829108744859695,0.0271,0.0,0.11034112,0.06337211,0.05026302,05,True,False
2025-26,2026-05-30,Vermont,2,1.2203491926193237,0.7371269464492798,2.1128146648406982,0.370258092880249,0.1447793319821359,0.6205303907394414,30.954957008361816,18.11290740966797,39.58188247680664,0.11965305358171463,0.06397174298763275,0.1796084210276604,15.074670791625977,9.122594833374023,21.66176414489746,0.06834466755390167,0.019498253241181374,0.12610472738742828,0.0314,0.0,0.11128739,0.06805413,0.05459864,05,True,False
2025-26,2026-05-30,Wyoming,0,1.0227545499801636,0.6828153133392334,1.5119562149047852,0.31439337134361267,0.08110407367348672,0.5682485938072206,30.192737579345703,20.787837982177734,38.72580070495606,0.1965237706899643,0.1061868965625763,0.29206836223602295,16.657790184020996,10.32000312805176,23.627042770385742,0.053092366084456444,0.014090829528868198,0.10457352101802826,0.0421,0.0,0.11311945,0.06000861,0.05232658,05,True,False
2025-26,2026-05-30,Wyoming,1,1.0023075938224792,0.6689727306365967,1.4241819381713867,0.3217567503452301,0.10799744725227356,0.5575852036476137,28.585525512695312,17.11816158294678,37.86131324768067,0.22008180618286133,0.11799701303243637,0.3243554085493088,15.289316177368164,9.319062519073487,21.534115219116213,0.04789896495640278,0.013628481049090627,0.09137903153896332,0.0422,0.0,0.11072775,0.05263126,0.04696901,05,True,False
2025-26,2026-05-30,Wyoming,2,0.9736347794532776,0.6908344268798828,1.387856137752533,0.30024293065071106,0.09443517029285431,0.5192182660102844,30.041478157043457,18.813136482238768,40.72608184814453,0.21969537436962128,0.11346598714590075,0.3379532277584076,13.701384544372559,8.566788673400879,18.805413055419923,0.05277498811483383,0.01792492680251599,0.09627155214548111,0.0259,0.0,0.11256391,0.05723338,0.05115604,05,True,False
2025-26,2026-06-13,Alaska,0,1.0674918293952942,0.6821513772010803,2.1696970462799072,0.3188339173793793,0.14150796830654144,0.5029915034770965,26.685747146606445,16.062149047851562,36.79143867492676,0.28827187418937683,0.14500249177217484,0.4215427815914154,15.622169971466064,9.185525989532472,22.048925399780273,0.06216483563184738,0.019913094118237495,0.11604510545730592,0.0255,0.0,0.11250841,0.0725078,0.06133489,06,True,False
2025-26,2026-06-13,Alaska,1,0.9472826421260834,0.6349650621414185,2.051068139076233,0.333901047706604,0.14502433836460116,0.5277407169342041,30.884310722351074,20.94787712097168,39.469932556152344,0.2780427038669586,0.1448279172182083,0.41043335199356085,14.731709480285645,8.548116683959961,20.678991317749023,0.0606886874884367,0.018419757299125195,0.11536597833037378,0.0347,0.0,0.11432795,0.07089962,0.05915729,06,True,False
2025-26,2026-06-13,Alaska,2,1.101096749305725,0.6829866290092468,2.2057339191436776,0.3373264670372009,0.14687563776969909,0.515971612930298,28.390466690063477,18.354333877563477,37.25417709350587,0.23758550733327866,0.12323439493775368,0.3509240746498108,14.657891273498535,8.309259414672852,20.96616554260254,0.06268181651830673,0.017553490400314332,0.12104935869574548,0.0359,0.0,0.11031208,0.0733963,0.06097601,06,True,False
2025-26,2026-06-13,California,0,0.9685468673706055,0.8437304377555848,1.0910031080245972,0.09420005232095718,0.020253369212150575,0.19583159983158113,30.30667209625244,15.158528804779053,43.301475524902344,0.2429499477148056,0.17192985117435455,0.31743715703487396,32.83518981933594,27.096323204040527,37.856658935546875,0.023428676649928093,0.009955302812159061,0.03907455913722515,0.0273,0.0,0.11130765,0.02476021,0.02252461,06,True,False
2025-26,2026-06-13,California,1,1.0047182440757751,0.854396641254425,1.1438984870910645,0.11831099912524223,0.026502171531319618,0.22829025685787202,23.541057586669922,10.810431575775148,37.578346252441406,0.24539395421743393,0.175025874376297,0.31111984252929686,33.7347469329834,28.1255672454834,38.39024467468262,0.023988669738173485,0.009102395363152029,0.04257754608988762,0.0361,0.0,0.11174216,0.02586124,0.02364561,06,True,False
2025-26,2026-06-13,California,2,0.9596411883831024,0.8230307459831238,1.093776774406433,0.10905300825834274,0.023718440905213356,0.23038711845874787,32.12105751037598,18.32292938232422,43.74946594238281,0.23944145441055298,0.16480515599250795,0.31704822182655334,32.021297454833984,26.30098743438721,37.18034744262695,0.02518272027373314,0.009774026554077863,0.044598616659641266,0.0332,0.0,0.10997207,0.02754633,0.0252563,06,True,False
2025-26,2026-06-13,New York,0,0.9473046660423279,0.7115170657634735,1.2280720591545107,0.23464135825634003,0.08622199967503548,0.4108070880174637,29.971638679504395,18.83285789489746,39.90653533935547,0.4131994992494583,0.28179895877838135,0.5455356895923615,27.854177474975586,20.974225997924805,34.18840408325195,0.03939425200223923,0.014013541210442782,0.06830628514289856,0.0276,0.0,0.10926522,0.04160919,0.03778346,06,True,False
2025-26,2026-06-13,New York,1,0.9793057441711426,0.7485065937042237,1.250143814086914,0.2090265154838562,0.057078448310494426,0.3760375797748566,29.571086883544922,16.73344326019287,39.91482925415039,0.3667130768299103,0.23853825628757477,0.49385765194892883,29.07384204864502,22.228162574768067,35.9828426361084,0.04028605856001377,0.015818072482943535,0.06868401169776917,0.022,0.0,0.11362779,0.04258808,0.03780841,06,True,False
2025-26,2026-06-13,New York,2,0.9295360445976257,0.6929462015628814,1.1904593467712403,0.2405141070485115,0.08233113586902618,0.41657325625419617,30.96206283569336,17.052853393554688,41.06617012023926,0.4046862721443176,0.26946782469749453,0.5453073024749756,28.736655235290527,21.488509750366212,35.42218246459961,0.03546056151390076,0.011546038929373026,0.06641877442598343,0.035,0.0,0.11138157,0.03878913,0.03393882,06,True,False
2025-26,2026-06-13,Pennsylvania,0,1.0663210153579712,0.8858400702476502,1.2463788866996766,0.13982027024030685,0.033133603632450104,0.26275927424430845,28.566479682922363,15.15544548034668,40.543962478637695,0.5651137232780457,0.3812643885612488,0.7421553850173951,32.982460021972656,27.6597957611084,37.93418502807617,0.0307144932448864,0.012145241163671017,0.052930133417248726,0.0237,0.0,0.1103238,0.03377955,0.03106853,06,True,False
2025-26,2026-06-13,Pennsylvania,1,1.0205888152122498,0.810868239402771,1.2227728128433228,0.16591744124889374,0.03517943248152733,0.33442222774028785,32.259647369384766,19.81548480987549,42.47119903564453,0.5773723125457764,0.39644983410835266,0.7497900426387787,29.694011688232422,23.75752544403076,35.188156890869145,0.034992750734090805,0.01453653946518898,0.05554144307971001,0.0185,0.0,0.11032322,0.03683224,0.0337496,06,True,False
2025-26,2026-06-13,Pennsylvania,2,1.136897087097168,0.98952716588974,1.3109500288963318,0.16520552337169647,0.06208426505327225,0.27471113204956055,18.51680850982666,9.306315422058105,29.47169609069824,0.6378571391105652,0.46084830164909363,0.8201345205307007,32.439971923828125,26.88278617858887,37.72483253479004,0.03369665518403053,0.013607955537736416,0.057157118618488316,0.0165,0.0,0.1101168,0.03640865,0.03303126,06,True,False
2025-26,2026-06-13,Vermont,0,1.095235526561737,0.6809578537940979,1.931390941143036,0.3471210300922394,0.12438668534159661,0.5885000586509704,31.115394592285156,21.089237213134766,40.56159629821777,0.10152313858270645,0.05225610919296742,0.15150010585784912,14.228813171386719,8.551528549194337,20.157251358032227,0.06219196319580078,0.018243316560983658,0.11896857917308808,0.0336,0.0,0.11116674,0.06798045,0.05707671,06,True,False
2025-26,2026-06-13,Vermont,1,1.113183856010437,0.6761378645896912,2.0144503355026244,0.39241093397140503,0.1576389104127884,0.6256574511528016,30.290863037109375,20.46040153503418,38.84318351745606,0.10151512920856476,0.053081728518009186,0.1499583125114441,15.126023292541504,9.106476783752441,21.242490386962892,0.059408532455563545,0.01881299111992121,0.11016798317432408,0.0307,0.0,0.11239649,0.06451583,0.0547141,06,True,False
2025-26,2026-06-13,Vermont,2,1.0951955318450928,0.7038173675537109,1.8582144260406506,0.33833421766757965,0.1199536480009556,0.5749824047088623,30.98088836669922,22.445957756042482,39.3161418914795,0.09989994764328003,0.05392990633845329,0.149987131357193,13.778800010681152,8.663834953308106,18.91827392578125,0.05455872230231762,0.014717635139822962,0.10801044851541519,0.0439,0.0,0.11307521,0.06024578,0.05077452,06,True,False
2025-26,2026-06-13,Wyoming,0,0.8172305524349213,0.6016905307769775,1.1925531029701233,0.34099338948726654,0.1322651207447052,0.5656827688217163,28.5573787689209,20.21741065979004,37.012887954711914,0.22691209614276886,0.10905022919178009,0.347674161195755,16.222779273986816,9.605119609832764,22.90196113586426,0.05955564230680466,0.020809980109333992,0.10640430450439453,0.0244,0.0,0.11110987,0.05895435,0.04849713,06,True,False
2025-26,2026-06-13,Wyoming,1,0.8460643887519836,0.6120060086250305,1.192090392112732,0.3534095734357834,0.14111262410879136,0.5670374274253845,28.703842163085938,19.998983573913574,37.45474624633789,0.2113688588142395,0.09468688815832138,0.32907195985317234,15.991716384887695,9.998213768005371,22.234072303771974,0.05459803715348244,0.015770763158798225,0.10450409278273584,0.039,0.0,0.11098644,0.05527814,0.04629459,06,True,False
2025-26,2026-06-13,Wyoming,2,0.7944415211677551,0.6000000238418579,1.220983862876892,0.42652428150177,0.19338445365428925,0.645586758852005,28.87459945678711,20.229820251464844,36.47672080993652,0.22799506038427353,0.12327616438269616,0.3411051571369172,15.878482818603516,9.420930862426758,22.35530948638916,0.05907687544822693,0.019140646420419218,0.10673395395278933,0.0255,0.0,0.11304773,0.05988026,0.04953477,06,True,False
