Reff__FREE	eps1__FREE	phi1__FREE	theta__FREE	mult__FREE	r__FREE
1.032724019151416428e+00 3.341571953554694357e-02 3.653649259596667775e+01 4.579760856281039350e-01 3.249924175882353827e-01 2.409494134309264624e+01
1.116481966068523457e+00 5.919773990670842284e-02 3.533194109106364067e+01 5.764961667374508547e-01 1.571489114596673620e-01 2.640619222449707593e+01
1.147998214923931837e+00 3.481667985473101828e-02 1.097572815174873284e+01 5.627523589860498054e-01 3.535058070944316344e-01 2.058086922948063702e+01
1.127530966299559401e+00 7.212019234378212740e-02 2.792218303379637945e+01 4.865540988499857389e-01 3.749420909860577966e-01 2.005673037069637132e+01
1.148552427742053572e+00 4.723612442004805623e-02 1.426561712995067310e+01 4.901637920859793218e-01 3.456052134755064897e-01 2.077955007570375656e+01
1.092762434067577004e+00 1.392174095729774470e-02 2.383725621308046883e+00 5.405285672621802373e-01 3.898338157229687684e-01 2.209609359000564766e+01
1.087852325618143823e+00 5.111588309880987085e-02 6.139864588936804424e+00 5.618011944457024232e-01 3.643170224998238949e-01 3.364233469335904658e+01
1.074901247843380148e+00 6.060293684464305997e-02 5.012802376244411384e+00 5.591760903573880226e-01 3.599042583883544366e-01 3.377715487550567985e+01
1.080235636805122246e+00 5.311373387899750997e-02 1.457446339505482413e+00 5.656186657197854739e-01 3.706432873616312684e-01 3.582573662668189485e+01
1.080235636805122246e+00 5.311373387899750997e-02 1.457446339505482413e+00 5.656186657197854739e-01 3.706432873616312684e-01 3.582573662668189485e+01
1.094880834523544566e+00 4.465193207283520843e-02 8.526491459220824964e+00 5.953131319465007065e-01 3.884651395585849709e-01 3.264721475075838697e+01
1.126891958884842726e+00 2.082082716090335670e-02 1.068559951295471677e+01 5.351428426362454527e-01 3.734817864793506526e-01 3.574672639778866312e+01
1.140826554554743355e+00 2.147990506601697019e-02 5.034991104680445417e+00 5.438621168416480911e-01 3.641787789534609021e-01 3.533937392284045131e+01
1.173165486470815866e+00 1.517758895837567797e-02 8.286670338384251266e+00 5.512905113747622599e-01 3.371978401796575930e-01 3.903539929031074251e+01
1.173165486470815866e+00 1.517758895837567797e-02 8.286670338384251266e+00 5.512905113747622599e-01 3.371978401796575930e-01 3.903539929031074251e+01
1.182833437973177304e+00 0.000000000000000000e+00 2.559376547161390736e+00 5.559855896752828874e-01 3.133671732586888470e-01 3.745226351269161569e+01
1.111527406905132631e+00 2.015905950020505447e-02 7.178594644350157594e+00 5.580092320330469757e-01 3.729589636899612315e-01 3.202496009631719431e+01
1.115366669294725055e+00 3.546061557843432910e-02 2.438536668832295362e+00 5.378908561435774560e-01 3.509687868025544444e-01 3.101818056442590077e+01
1.115366669294725055e+00 3.546061557843432910e-02 2.438536668832295362e+00 5.378908561435774560e-01 3.509687868025544444e-01 3.101818056442590077e+01
1.096704414330208488e+00 1.602918160727839075e-02 4.161394525355222029e+00 5.150452683534986198e-01 3.935151082068564787e-01 3.150260632128278715e+01
1.131383040577331967e+00 0.000000000000000000e+00 2.308302097826502752e+00 5.751246009173428542e-01 3.691546957705723053e-01 3.388486627013507757e+01
1.140280398549407437e+00 3.489968038827873792e-02 1.009756271619487222e+01 5.347894930476664310e-01 3.421677846416112390e-01 3.539652244987782836e+01
1.140280398549407437e+00 3.489968038827873792e-02 1.009756271619487222e+01 5.347894930476664310e-01 3.421677846416112390e-01 3.539652244987782836e+01
1.122845223048819063e+00 3.795302339628658927e-02 5.883100127083133124e+00 5.825403750184298124e-01 3.358386650205967827e-01 3.563458530092618304e+01
1.175136996794239774e+00 4.606731602871609599e-02 1.070930323892350344e+01 5.726192296323920905e-01 3.595893529613389261e-01 3.631506735826718568e+01
1.175136996794239774e+00 4.606731602871609599e-02 1.070930323892350344e+01 5.726192296323920905e-01 3.595893529613389261e-01 3.631506735826718568e+01
1.194194386816555431e+00 4.182173093928984176e-02 1.281404546775813991e+01 5.335800905711844955e-01 3.765651135384117110e-01 3.087210589801559379e+01
1.141676554386132247e+00 3.050491611535012526e-02 1.055991224366422898e+01 5.533568340823273868e-01 3.746438466619640417e-01 3.303418174439924826e+01
1.164044729801222644e+00 8.345581183709748288e-03 1.366391091176015493e+01 5.198776241667975029e-01 3.201014175064682554e-01 2.994650060424757498e+01
1.161936208224469746e+00 2.971142254095745366e-02 1.619676804387290758e+01 5.592418350861003695e-01 3.720964278859698049e-01 3.193459638392634403e+01
1.161936208224469746e+00 2.971142254095745366e-02 1.619676804387290758e+01 5.592418350861003695e-01 3.720964278859698049e-01 3.193459638392634403e+01
1.096611709977669769e+00 1.541215606786019640e-02 1.375057558451443107e+01 4.490006691442869347e-01 3.037314943669708334e-01 2.979923925418089325e+01
1.131198166035892516e+00 1.047091980261958405e-03 2.007156365885452587e+01 4.626707010747432292e-01 3.465132502620136279e-01 2.932269551573096322e+01
1.142175202615760998e+00 0.000000000000000000e+00 0.000000000000000000e+00 5.539134832482979220e-01 3.527048417455405649e-01 3.093671308081203009e+01
1.145429080787604637e+00 2.236813817504994945e-02 6.924084366233238974e+00 5.439573111615102485e-01 2.558093726497075449e-01 2.895021114667310158e+01
1.108299128591767158e+00 1.277001557018431384e-02 7.993504088902813720e+00 5.380793120362507009e-01 3.055438959444634062e-01 2.991165443534316637e+01
1.171477788882939741e+00 3.804416157567476475e-02 1.071377886497048681e+00 6.089236930389226865e-01 3.610709698222717701e-01 2.988771681630542432e+01
1.158584782339497021e+00 4.243252145900040795e-02 4.342249299989138223e-01 5.931190302085305177e-01 3.480920598600751870e-01 2.985731163372115660e+01
1.158584782339497021e+00 4.243252145900040795e-02 4.342249299989138223e-01 5.931190302085305177e-01 3.480920598600751870e-01 2.985731163372115660e+01
1.153477383755275198e+00 1.802766604300871933e-02 2.587122134864807244e+00 6.007444884980867039e-01 3.873258446262109467e-01 2.801436919647129997e+01
1.110104951529687245e+00 3.238358412479502152e-03 0.000000000000000000e+00 5.663084926964148114e-01 4.129119780603835443e-01 3.125590897211318975e+01
1.110104951529687245e+00 3.238358412479502152e-03 0.000000000000000000e+00 5.663084926964148114e-01 4.129119780603835443e-01 3.125590897211318975e+01
1.069531664201139209e+00 1.825483716261426873e-02 0.000000000000000000e+00 5.626762140298661174e-01 3.872247249989206885e-01 2.980200629618702379e+01
1.106843357182987209e+00 3.100023495845861260e-02 7.493710824614670862e+00 5.109864785304082391e-01 3.567568498932663368e-01 3.489286183012630715e+01
1.075396560012615632e+00 0.000000000000000000e+00 1.050927499112680685e+01 5.082949469480587679e-01 3.163651637373673942e-01 3.359454937636296279e+01
1.145629692456710425e+00 3.792117826199457864e-02 8.455936817825321583e+00 5.843273759815195145e-01 3.547884262710510050e-01 3.264878372828539455e+01
1.166455997286351076e+00 7.819240483208847459e-02 1.134969064484869783e+01 5.776983907290563769e-01 3.702197760661662951e-01 3.104301412984623454e+01
1.125618914035775298e+00 4.497512424094439465e-02 0.000000000000000000e+00 5.323098546869203807e-01 3.454631074039514194e-01 3.234135494642805497e+01
1.142950911021066496e+00 8.975641505609896487e-02 9.875506210620072167e+00 5.476604057214298216e-01 3.657347323086918012e-01 2.926419988245252313e+01
1.098450725831908059e+00 6.861830216800435256e-02 4.833679816752445291e+00 5.332029050658917413e-01 3.337248159741411646e-01 2.926194161308242769e+01
1.167445844641413544e+00 1.107151883592881816e-02 8.678387804093683044e+00 5.191551043832265400e-01 3.388348863175847936e-01 2.838421562085825656e+01
1.133145494770591233e+00 4.886224866024369007e-02 6.616067859756210368e+00 5.423642463053887086e-01 3.616116844644740036e-01 2.614328496621773468e+01
1.110786501265041304e+00 6.295314590634311369e-02 4.746136050921830218e+00 5.013425623813172471e-01 3.369522587155487359e-01 2.984205456501902276e+01
1.133673522603443562e+00 5.219339441889847553e-02 5.043050517860474535e+00 5.302345913444651559e-01 3.386268800506950782e-01 3.452641244003681464e+01
1.143021364564731357e+00 5.632381321515771144e-02 0.000000000000000000e+00 5.501421944453033230e-01 3.513637090031594967e-01 3.507761388812733827e+01
1.115948759089858910e+00 1.541202940242132613e-02 1.688565313487805852e+01 6.007460686236870684e-01 4.317718809547291814e-01 3.094734311976433361e+01
1.160762681519219353e+00 3.463019244507649363e-02 1.379649260610798933e+01 5.599909090682880786e-01 3.639658238300637061e-01 3.028815456047933807e+01
1.122126781170972976e+00 3.748049024907407212e-02 9.559463399734688949e-01 5.624278353696658961e-01 3.838873538858150747e-01 2.889920639736973840e+01
1.126290608199424614e+00 7.150641795725422301e-04 8.743423675469717438e+00 5.956344282983727645e-01 4.055695712203327141e-01 2.964853106322527410e+01
1.126290608199424614e+00 7.150641795725422301e-04 8.743423675469717438e+00 5.956344282983727645e-01 4.055695712203327141e-01 2.964853106322527410e+01
1.095086130220731091e+00 1.679739468095330368e-01 3.742961994893768463e+00 5.071033034975062082e-01 3.994621586654814038e-01 2.168018183707379976e+01
1.132222780344449120e+00 6.656027151472898584e-02 1.192876470717824944e+01 4.919571145492259712e-01 3.489078395446755243e-01 2.665733641464674264e+01
1.118579467053192333e+00 2.874361947562827785e-02 1.829842065043559884e+01 4.672144991256181878e-01 2.499962634370027914e-01 2.216445090685543207e+01
1.186802801398076035e+00 1.158029252856410535e-01 2.098468620982384181e+01 5.044074853825747384e-01 3.980337817882419471e-01 2.644405573111357555e+01
1.126980789015279427e+00 1.257537911416489185e-01 2.651667189030265348e+01 5.186267884972310949e-01 3.886651815995316173e-01 2.501755432048691929e+01
9.994356105603692253e-01 4.840872146069017529e-02 5.200000000000000000e+01 4.913381788727413380e-01 3.752282982479790974e-01 2.396117406217496182e+01
1.103769322822751864e+00 3.835377988243354047e-02 2.368514267779712057e+01 4.992705739571883239e-01 4.275297952775151678e-01 2.568162429323901108e+01
1.067742529138731022e+00 6.504784497829221857e-03 2.654891687124672472e+01 5.656106902904692868e-01 3.998031508895992792e-01 2.824185559081974617e+01
1.064377209516474077e+00 2.262613696774216573e-02 4.771302359740902688e+01 4.921916469065862887e-01 3.704045964182314243e-01 2.282961300376287284e+01
1.024970338029862482e+00 7.947736775521480057e-02 4.994484203911043352e+01 5.394695577504116102e-01 3.682667980445357703e-01 2.735523824313165875e+01
1.067883588006534934e+00 2.209558175848436168e-02 4.171423969061386572e+01 4.741163133140967045e-01 3.743813436627626556e-01 3.353522589953720257e+01
1.150094436376505769e+00 4.398872980847585296e-03 3.755995236561125949e+01 4.660754684580146745e-01 3.741464513714625739e-01 3.120608200163426105e+01
1.089817984367384751e+00 2.138194199275223611e-02 2.874441862312115603e+01 5.284134027343450057e-01 3.788658459402891032e-01 2.763556458539943250e+01
1.030851287628059554e+00 5.357518238254632692e-02 2.793116576679268448e+01 5.508402820576239201e-01 3.826153168546803651e-01 2.519576734367711879e+01
1.030851287628059554e+00 5.357518238254632692e-02 2.793116576679268448e+01 5.508402820576239201e-01 3.826153168546803651e-01 2.519576734367711879e+01
1.029782547269587845e+00 3.936950427247645073e-03 3.287743730166107525e+01 5.191016009555176058e-01 3.738767657911351017e-01 2.573998256003559248e+01
1.012645642722943995e+00 6.486494704768173275e-03 3.281641064166166188e+01 5.821424569164713736e-01 3.657065484011539080e-01 2.441195149982154788e+01
1.077287210891904046e+00 5.810388032031730404e-02 2.931634156867760765e+01 4.540830355099023663e-01 3.386918346579902428e-01 2.475274426030889430e+01
1.032986383804330055e+00 9.265576208028876437e-02 2.429726773318722266e+01 5.324934649714903045e-01 5.067254781155511312e-01 3.172681278763216284e+01
1.042862768875146839e+00 1.109753904984525225e-01 2.542738047541583057e+01 5.429905820080673795e-01 4.890385849238073623e-01 3.191458115156442332e+01
1.052020471976921057e+00 1.032218332237043873e-01 3.043800665063033151e+01 5.350220873641432506e-01 4.267225735879212611e-01 3.214808681384798916e+01
1.094364933702601350e+00 1.046355434040574239e-01 2.687110614245978368e+01 5.451391900577468030e-01 4.500593115699312308e-01 2.992881849228464830e+01
1.087792560651197116e+00 1.139361980963777138e-01 1.905782905867772570e+01 5.695102836862749873e-01 4.649487147930564390e-01 3.074224013745443429e+01
1.069775839678509088e+00 4.225372230182404543e-02 3.209329658392004347e+01 4.986558368055561408e-01 3.390325247888422155e-01 3.292676476202531433e+01
1.034575360367580688e+00 8.678337990990091233e-02 4.895146170436019872e+01 5.497154315385116563e-01 4.169095137546310337e-01 3.377998603773452402e+01
1.030379953177794405e+00 1.165234084357611444e-01 4.729282723239712993e+01 5.447763301876462627e-01 4.158282743548566973e-01 3.488367805786182174e+01
1.012313148718666511e+00 7.860196236966809913e-02 4.010937243441556177e+01 5.753448999533109509e-01 4.022212397929630368e-01 3.407099494445120769e+01
1.037838933480577763e+00 1.213838456808415123e-01 3.980222925714195270e+01 5.281311192427879941e-01 4.494508985808059465e-01 3.528005895506657197e+01
1.040171604122386517e+00 8.644052590258087532e-02 4.110801369044968823e+01 4.641601637659422686e-01 2.505670755026330188e-01 2.740419455338771826e+01
1.102458899906253231e+00 9.379488383699668974e-02 4.595479173919174087e+01 5.907350179706997162e-01 2.925322584911134172e-01 2.410870045491056146e+01
1.013630902076722018e+00 1.262465184891604364e-01 3.943877742819292109e+01 5.339601102144151401e-01 3.165201600519919611e-01 2.212154645989961210e+01
1.129899111321836624e+00 5.658360692719843071e-02 6.004540032528746352e+00 4.640429316602224241e-01 3.582478386506804946e-01 2.326729105829740263e+01
1.055035044797255184e+00 1.161914060930353820e-01 4.055219701584766057e+01 5.559682598276721732e-01 3.735641820267753266e-01 2.473174554446894291e+01
1.076163326968484046e+00 4.049289694392347455e-02 2.449598707410264353e+01 5.020396164173490661e-01 3.983163512751462521e-01 1.874808239220356398e+01
1.053968507531727328e+00 1.046813525958527197e-01 2.983667329603348151e+01 5.067752819254138785e-01 4.101425648828254111e-01 2.426565076968785917e+01
1.082648281907904186e+00 9.984785100171116035e-02 3.527394484113851547e+01 5.109522996587980703e-01 3.878358576600796637e-01 2.363558442636798773e+01
1.103584553079685948e+00 1.757854441267008710e-02 1.890877625010785579e+01 5.635717603458434422e-01 3.956519373457470512e-01 1.945173011354870596e+01
1.157782828100216932e+00 2.890322375724584808e-02 1.777157059250249560e+01 5.786136152525054310e-01 4.153048003228386187e-01 1.684578396089461449e+01
1.145326039290811337e+00 1.152170225510151802e-02 2.046827557033743261e+01 5.305963692380932795e-01 4.494898606682588005e-01 2.076490866680331138e+01
1.131757448660507981e+00 2.994236411495753217e-03 1.255961866772996594e+01 5.715052675437817253e-01 4.484486477860077369e-01 2.037818322959914852e+01
1.158956678647250049e+00 2.773402685607474424e-02 2.655013200667424655e+01 5.561839402338276672e-01 4.565254061257385532e-01 2.039956729812414338e+01
1.086490897329962291e+00 5.859219145345254121e-02 1.011308908992348421e+01 5.335520357008809444e-01 3.893189221876279249e-01 2.225686386677734774e+01
1.046278644314218242e+00 4.584372569221216442e-02 3.032969886914083446e+01 5.421417384395376127e-01 4.275285681781849090e-01 1.802773256599173379e+01
1.084664225217658817e+00 3.739164209924678017e-02 3.289638020629706716e+01 5.760005073246262652e-01 4.248196495006589801e-01 1.441255226253510813e+01
1.066734805750216397e+00 1.347180296318965798e-03 1.980330191515425753e+01 5.493117091903506610e-01 4.696821051812141157e-01 1.868125267930698286e+01
1.066734805750216397e+00 1.347180296318965798e-03 1.980330191515425753e+01 5.493117091903506610e-01 4.696821051812141157e-01 1.868125267930698286e+01
1.079324317170994529e+00 3.705249251899304930e-02 2.441091961289961532e+01 5.890959327064104745e-01 4.386318543548669568e-01 1.645518831593158282e+01
1.044189902729657060e+00 1.213465137951106332e-01 2.419316818643182287e+01 5.775735395136218919e-01 3.969432625082346400e-01 1.903085529707954748e+01
1.050804408091357667e+00 1.248460177574972768e-01 3.279931293073712339e+01 5.835718481551214198e-01 4.091469020916436161e-01 2.118145835194648896e+01
1.050804408091357667e+00 1.248460177574972768e-01 3.279931293073712339e+01 5.835718481551214198e-01 4.091469020916436161e-01 2.118145835194648896e+01
1.085886497187429356e+00 1.594821141987010915e-01 0.000000000000000000e+00 5.245563711096022930e-01 3.731771957883028290e-01 2.926031188950585715e+01
1.142257507196235533e+00 1.174209919790365902e-01 5.290747781008130701e+00 5.369141194941396966e-01 3.830270747559462174e-01 2.625589676288949903e+01
1.133682500075616106e+00 1.130676052124866687e-01 7.408881711195086872e+00 5.836600843939332428e-01 4.020638632654349731e-01 2.838764569315713615e+01
1.095473881198579358e+00 1.031991793748592290e-01 1.155989488427752043e+01 5.072798842444232736e-01 4.138800921975542835e-01 3.126207242576828804e+01
1.145459862554814690e+00 6.291549902890465618e-02 8.794239795987524033e+00 5.502387972983717734e-01 3.322630574783249080e-01 3.121583353429972263e+01
1.172140950526962211e+00 1.054244455590561402e-01 7.664912000704371842e+00 6.036002476534475525e-01 3.231659482364101499e-01 3.009180990444976800e+01
1.172057635521443375e+00 9.446619322996099855e-02 6.430931965117656191e+00 6.101048887805959886e-01 3.146001282124038512e-01 2.948019786310493018e+01
1.172057635521443375e+00 9.446619322996099855e-02 6.430931965117656191e+00 6.101048887805959886e-01 3.146001282124038512e-01 2.948019786310493018e+01
1.148804332060620714e+00 9.413879134950861594e-02 1.154774201963823010e+01 5.956526898426547367e-01 3.115278533379677306e-01 2.995397976285153163e+01
1.126340609462874731e+00 1.508885921214813408e-01 9.464573247713961024e-01 5.868782602414096550e-01 3.883105311331577214e-01 2.983854486123136240e+01
1.131760349772813035e+00 1.545059461413024193e-01 1.552980370253654208e+00 5.645255908223468788e-01 3.921103677834847367e-01 3.104896613793610172e+01
1.140353324657312761e+00 1.864560861372157874e-01 7.191310590748757114e+00 5.553964730391127702e-01 3.846319967004885876e-01 2.851596365700078906e+01
1.140197472670520629e+00 1.255577773398916241e-01 1.014667288048954319e+01 5.696094479086067919e-01 3.876997893917959459e-01 2.660643656978439964e+01
1.140197472670520629e+00 1.255577773398916241e-01 1.014667288048954319e+01 5.696094479086067919e-01 3.876997893917959459e-01 2.660643656978439964e+01
1.111727373628460303e+00 1.508875817417698051e-01 3.457287193606381592e+00 5.526496884238916163e-01 3.782616678887341655e-01 2.831409590979708568e+01
1.102705641472700115e+00 1.534510678312721310e-01 7.688982828462934904e+00 5.599169488527926397e-01 3.233251305518912155e-01 2.694277150467950932e+01
1.091816707981585699e+00 6.569129148208367741e-02 0.000000000000000000e+00 5.613423324634194689e-01 3.744385577174093593e-01 3.047847546931218332e+01
1.136812483344968205e+00 9.863404980258753951e-02 6.487646675353401449e+00 5.467525742573086101e-01 3.580058909593918925e-01 3.332386956229563424e+01
1.136812483344968205e+00 9.863404980258753951e-02 6.487646675353401449e+00 5.467525742573086101e-01 3.580058909593918925e-01 3.332386956229563424e+01
1.133643170520276078e+00 1.144277457091343597e-01 0.000000000000000000e+00 5.545864704732910155e-01 3.800104282377010922e-01 3.097129558793307424e+01
1.083007713291488372e+00 6.976119898819227449e-02 0.000000000000000000e+00 5.495217216976748809e-01 4.032789436187582122e-01 3.250060657001738207e+01
1.115933890304786402e+00 8.886957473631838800e-02 0.000000000000000000e+00 5.911126483010581412e-01 3.653871586882015410e-01 3.265323295682272686e+01
1.115933890304786402e+00 8.886957473631838800e-02 0.000000000000000000e+00 5.911126483010581412e-01 3.653871586882015410e-01 3.265323295682272686e+01
1.141222391655973389e+00 1.009928904061129784e-01 3.993908617023102181e+00 5.520937899890678846e-01 3.837617129442658648e-01 2.856003026310888515e+01
1.124138343219696967e+00 1.232753092915379184e-01 5.389885410375173436e+00 5.811874269514570868e-01 3.629244725235837299e-01 2.894108156649222252e+01
1.165098543241801288e+00 8.154964007803573722e-02 0.000000000000000000e+00 5.893298686638002160e-01 3.583441368947679062e-01 3.132173770297692883e+01
1.116162686901843948e+00 1.035164031842621679e-01 7.067018220369385872e+00 5.756816698665373488e-01 3.976746089801661554e-01 2.920689513660339998e+01
1.122559433974507526e+00 1.291918346677948526e-01 0.000000000000000000e+00 5.971217695234261047e-01 3.510211757248693498e-01 3.031382160728335506e+01
1.142100663691567819e+00 1.295636962698472061e-01 6.964014006487204256e+00 6.124855996428703042e-01 4.069106449344671583e-01 3.158973448389799543e+01
1.144660542570505202e+00 1.067081589491735705e-01 0.000000000000000000e+00 6.008495478839336323e-01 3.881704701613797881e-01 3.188434363093623247e+01
1.155418936320013135e+00 1.007901975588665483e-01 2.982371257754333982e+00 5.886200248407628122e-01 3.721630920580205615e-01 3.110388897590642188e+01
1.134972926845426278e+00 9.777641535403523709e-02 3.094988304533484502e+00 5.782771002076996236e-01 3.716026761916645382e-01 3.121032782333217526e+01
1.075879985823203322e+00 1.217383476297197314e-01 1.393691611788043261e+01 5.728110274738006380e-01 3.744109236672708563e-01 2.640278000364898148e+01
1.087900131123731962e+00 1.029510825223732690e-01 7.561529127512465642e+00 5.524560827473434799e-01 3.657807121055821620e-01 2.408272833370153521e+01
1.093496899244007059e+00 7.224516974064182362e-02 9.907355209610042124e+00 4.487091099130854355e-01 3.373169491826825128e-01 2.389262058462493954e+01
1.070431192994214520e+00 3.657624682091401708e-02 1.227345324681920502e+01 4.963565691311442318e-01 3.093406021364724090e-01 2.328553142382687469e+01
1.054759387560465944e+00 1.578129678425749804e-01 1.058640716848525543e+01 4.533416678266934952e-01 3.353168361863196334e-01 2.475688466353629380e+01
1.103492021674979728e+00 4.572572372695927340e-02 5.778867878639162292e+00 6.260287619358291256e-01 4.406241435460001576e-01 2.676813217754220631e+01
1.094651895731997504e+00 7.025090882432023787e-02 4.396543831130576230e+00 5.734651384616767933e-01 4.282911581040133031e-01 2.708589001889610515e+01
1.103467027288756563e+00 8.921547012864380899e-02 8.516705833746549104e+00 5.685714291339083459e-01 4.637905333897585081e-01 3.000716909967884050e+01
1.084527552111395732e+00 6.874657039441095518e-02 6.441354906060301033e+00 5.793949645774622015e-01 4.257916891551180028e-01 2.920303708320473390e+01
1.101481024118273311e+00 7.429030367716783767e-02 1.270971720281403350e+01 5.952583373001465450e-01 4.804847724997492464e-01 2.809737716976883348e+01
1.101481024118273311e+00 7.429030367716783767e-02 1.270971720281403350e+01 5.952583373001465450e-01 4.804847724997492464e-01 2.809737716976883348e+01
1.053481088449596870e+00 9.658534160694896842e-02 0.000000000000000000e+00 5.833007571861300589e-01 3.385835230649916205e-01 2.714623352663817712e+01
1.142316068810022012e+00 8.054834699962082345e-02 1.358582043217979596e+01 5.607532538043640269e-01 3.243349220173317171e-01 2.947378354107740961e+01
1.260370112978682844e+00 5.970759209555497049e-02 1.634455831903740375e+01 5.946947076356641215e-01 3.368607704859434837e-01 2.926134851008963267e+01
1.232266712192765290e+00 9.032699479299213796e-02 1.782921616340985338e+01 5.727909823140591161e-01 2.862319817700022528e-01 2.758694108188761618e+01
1.232266712192765290e+00 9.032699479299213796e-02 1.782921616340985338e+01 5.727909823140591161e-01 2.862319817700022528e-01 2.758694108188761618e+01
1.250466042133149935e+00 4.960447301564478023e-02 7.952019312713220600e+00 5.482957642322869862e-01 3.274068081839439093e-01 2.915980312527870311e+01
1.250592957903035707e+00 9.461288812833514028e-02 1.744782075817611400e+01 5.356106607255785024e-01 3.835930561382413506e-01 2.760366760273641518e+01
1.227261696058173035e+00 1.015124618921547373e-01 4.841853428619485200e+00 5.724802033802198764e-01 3.622809588437883033e-01 2.510408034971443669e+01
1.227711793928629058e+00 1.060546468117464225e-01 1.366459331136036681e+01 5.543026035183301614e-01 3.454014322688676586e-01 2.670001564563002461e+01
1.227711793928629058e+00 1.060546468117464225e-01 1.366459331136036681e+01 5.543026035183301614e-01 3.454014322688676586e-01 2.670001564563002461e+01
1.206721303822285041e+00 8.787763586187390119e-02 1.613708915808279087e+01 5.439641839751354624e-01 3.131034225557511319e-01 2.449482694009102346e+01
1.209991463967785119e+00 6.644104651841453713e-02 2.466960299664246747e+01 5.422906451829957453e-01 3.354650456945377224e-01 2.510134987956915964e+01
1.199551905682507913e+00 5.154095583868688324e-02 2.445715926242293037e+01 5.511039947071646461e-01 3.097675879635564122e-01 2.665769167085010594e+01
1.199551905682507913e+00 5.154095583868688324e-02 2.445715926242293037e+01 5.511039947071646461e-01 3.097675879635564122e-01 2.665769167085010594e+01
1.078127749739774544e+00 0.000000000000000000e+00 5.601514074093558726e+00 5.453552421954110940e-01 2.913637782741463900e-01 2.413498782021030209e+01
1.086838111613414037e+00 1.682218470675835020e-02 6.228434933797593054e-01 5.078287408416791715e-01 3.013534958071615866e-01 2.788835517140036657e+01
1.070446234043179956e+00 4.118081368472209514e-02 4.662339279502978329e-01 5.472544912465033828e-01 3.194680802860545565e-01 2.416121734269718146e+01
1.124726936433246616e+00 4.813054424490732786e-02 2.768869974697841796e-01 5.667959319737654322e-01 2.977141127737946147e-01 2.280913860022553052e+01
1.124726936433246616e+00 4.813054424490732786e-02 2.768869974697841796e-01 5.667959319737654322e-01 2.977141127737946147e-01 2.280913860022553052e+01
1.155066825043866707e+00 3.169852191370101102e-02 0.000000000000000000e+00 5.683241811660323384e-01 2.935343827486914248e-01 2.263963994287120229e+01
1.107739192844377385e+00 1.753341542560829525e-02 5.136065268751418778e+00 5.439037861526235806e-01 2.669992336730482307e-01 2.336825809931993447e+01
1.084187541678835354e+00 4.781691906408015724e-02 1.499618505253806688e+00 6.049626627889201913e-01 2.894189220751786640e-01 2.071886888900293400e+01
1.056786870058799899e+00 1.401728855662146001e-02 9.810300547788974868e-01 5.574164279310434011e-01 2.714456518849367450e-01 2.408452196237802312e+01
1.008981750683138889e+00 4.228836163022613864e-02 3.208505298766390901e+00 5.741594192603942659e-01 3.106135434732053002e-01 2.213044298136663102e+01
1.100476367911609854e+00 7.727721354265548737e-02 2.798546439377073813e+00 6.000310445877008458e-01 3.812571042060610149e-01 2.374083052163570429e+01
1.071298379014256508e+00 6.260666527117164648e-02 3.880157604292504114e+00 5.983312500108570742e-01 3.344400222000529777e-01 2.276961576975857326e+01
1.071298379014256508e+00 6.260666527117164648e-02 3.880157604292504114e+00 5.983312500108570742e-01 3.344400222000529777e-01 2.276961576975857326e+01
1.099727071773535458e+00 6.035170418614667354e-02 0.000000000000000000e+00 5.908185516393080761e-01 2.862845052310866167e-01 2.297944828914270587e+01
1.171681165011440040e+00 6.854130695263375983e-02 8.591316728041338280e+00 5.942711304385754900e-01 2.940929883085813268e-01 2.405671617167872967e+01
1.171681165011440040e+00 6.854130695263375983e-02 8.591316728041338280e+00 5.942711304385754900e-01 2.940929883085813268e-01 2.405671617167872967e+01
1.145696760156641014e+00 7.052333197669466425e-02 1.889550772733524298e+01 5.804781591160643739e-01 2.816271195493450508e-01 2.408095694875779813e+01
1.182609232599085791e+00 4.303100848464630479e-02 1.622043771745660479e+01 6.032140770230792759e-01 2.977180194606276475e-01 2.500039637841154416e+01
1.182609232599085791e+00 4.303100848464630479e-02 1.622043771745660479e+01 6.032140770230792759e-01 2.977180194606276475e-01 2.500039637841154416e+01
1.144269702961364876e+00 5.031972189010091440e-02 0.000000000000000000e+00 5.854113741371365087e-01 2.822053917572829862e-01 2.175400316914696219e+01
1.187468676932254663e+00 4.187398614438495037e-02 2.280553676370568894e+01 5.514137131239977840e-01 2.787079105199543605e-01 2.955787689522300354e+01
1.135723564481553094e+00 1.685474682891339310e-02 1.536187526841620432e+01 5.663822713284221155e-01 3.043409884734518678e-01 2.733412472337800736e+01
1.126493577119336509e+00 6.963234530535665490e-02 2.113588304657817218e+01 5.729432867664913109e-01 2.363926586049175660e-01 2.732635382599760021e+01
1.194902374612797802e+00 2.772657466247905808e-02 8.243906366495094673e+00 5.468744799707941917e-01 2.651230461490411416e-01 2.720667766718629466e+01
1.193785469316225978e+00 6.322253409032564664e-02 1.452021084874798795e+01 5.668727902399417484e-01 2.514914264120587939e-01 2.654012256681252069e+01
1.179090274215592427e+00 4.553721470688529976e-02 1.126659040081817942e+01 5.805568305763844084e-01 2.636928687596768461e-01 2.595340495652801849e+01
1.125489915457718704e+00 6.507598851093876480e-02 9.338825878173700801e+00 6.075379330795621646e-01 2.268296016338967880e-01 2.818251940154565105e+01
1.169043068539956653e+00 9.785743611815025944e-02 4.141988031983101948e+00 5.534229129562946436e-01 3.359179598912124809e-01 3.234486014757056438e+01
1.169043068539956653e+00 9.785743611815025944e-02 4.141988031983101948e+00 5.534229129562946436e-01 3.359179598912124809e-01 3.234486014757056438e+01
1.129517838798359985e+00 1.006855824645593867e-01 9.224341244995963862e+00 5.698225846976811004e-01 3.243772494987350874e-01 3.172016031705730299e+01
1.182279413524569778e+00 1.425947566132754474e-01 1.274577789216131940e+01 5.138573072878739323e-01 3.371901090559076275e-01 2.630749002868783748e+01
1.191438498728352835e+00 1.283773521532074469e-01 2.994430092980240943e+01 4.688725754067805118e-01 3.424124729497915465e-01 2.684178687972298505e+01
1.126308109454510431e+00 1.868882387625556141e-02 7.770360356407417513e+00 5.659332939847280253e-01 3.403078002050702877e-01 2.658217453227615579e+01
1.142556539265090709e+00 7.015867932122576978e-02 2.016503769636899079e+01 5.219035960773288352e-01 3.506509376912513298e-01 2.803141978427997216e+01
1.121486364314305817e+00 4.742813662879390157e-02 9.688585613972968247e+00 5.457704813104452546e-01 3.215040045735057528e-01 2.626467890380679648e+01
1.190401084052777669e+00 8.434660155891457456e-02 1.161078199057599214e+01 5.836895524899766707e-01 3.146063574824209952e-01 2.475229384835231272e+01
1.160965688138166030e+00 6.622339091621046170e-02 1.536526301531595351e+01 5.689032241340670204e-01 3.341211436708389493e-01 2.507801340935075984e+01
1.145021407512434752e+00 9.642924011920067651e-02 1.301434504865392228e+01 5.290447793467343285e-01 3.726907052393298447e-01 2.398151004112800777e+01
1.103606864241793328e+00 7.325015389162634061e-02 4.936235721520612074e+00 5.161867802114921133e-01 3.399715079792335892e-01 2.893103462515058766e+01
1.070676450534519653e+00 1.227810999731066000e-02 1.166613359270214545e+01 6.484459469583562230e-01 2.931041512013318751e-01 3.013368239700145423e+01
1.070676450534519653e+00 1.227810999731066000e-02 1.166613359270214545e+01 6.484459469583562230e-01 2.931041512013318751e-01 3.013368239700145423e+01
1.107502833906675477e+00 4.876550448248698905e-03 1.100154791616153105e+01 6.107917536588269858e-01 2.689352320163391763e-01 3.048357957471825941e+01
1.107502833906675477e+00 4.876550448248698905e-03 1.100154791616153105e+01 6.107917536588269858e-01 2.689352320163391763e-01 3.048357957471825941e+01
1.107502833906675477e+00 4.876550448248698905e-03 1.100154791616153105e+01 6.107917536588269858e-01 2.689352320163391763e-01 3.048357957471825941e+01
1.109705873343225457e+00 2.427023314838993358e-03 1.886473156725084976e+01 6.342895995341650828e-01 2.962947286815338921e-01 3.180228622658153625e+01
1.109705873343225457e+00 2.427023314838993358e-03 1.886473156725084976e+01 6.342895995341650828e-01 2.962947286815338921e-01 3.180228622658153625e+01
1.092949681563294861e+00 0.000000000000000000e+00 1.046804319432499497e+01 6.311888071979502302e-01 2.853110565448062630e-01 3.110072264186652902e+01
1.092949681563294861e+00 0.000000000000000000e+00 1.046804319432499497e+01 6.311888071979502302e-01 2.853110565448062630e-01 3.110072264186652902e+01
1.092949681563294861e+00 0.000000000000000000e+00 1.046804319432499497e+01 6.311888071979502302e-01 2.853110565448062630e-01 3.110072264186652902e+01
1.138194788504724109e+00 0.000000000000000000e+00 1.322945434073161763e+01 6.394048271469807698e-01 3.240932858993514354e-01 2.896144698351167790e+01
1.138194788504724109e+00 0.000000000000000000e+00 1.322945434073161763e+01 6.394048271469807698e-01 3.240932858993514354e-01 2.896144698351167790e+01
1.099048495532910286e+00 0.000000000000000000e+00 1.898969658969466678e+01 6.366651273215331308e-01 2.940890347884932976e-01 2.917716697573237639e+01
1.099048495532910286e+00 0.000000000000000000e+00 1.898969658969466678e+01 6.366651273215331308e-01 2.940890347884932976e-01 2.917716697573237639e+01
1.106248617683646795e+00 0.000000000000000000e+00 1.766577099410768525e+01 6.391228059786892013e-01 2.902650194093493452e-01 3.104361832191019843e+01
1.106248617683646795e+00 0.000000000000000000e+00 1.766577099410768525e+01 6.391228059786892013e-01 2.902650194093493452e-01 3.104361832191019843e+01
1.106248617683646795e+00 0.000000000000000000e+00 1.766577099410768525e+01 6.391228059786892013e-01 2.902650194093493452e-01 3.104361832191019843e+01
1.104622681301475895e+00 7.536301889813534771e-02 2.106309745661578603e+01 6.263952483517781777e-01 2.924654672109390785e-01 2.525139353730452285e+01
1.082859717915694908e+00 8.729437413266161183e-02 1.862039874911906168e+01 6.560012207053674826e-01 2.623445286850636382e-01 2.463904720537319548e+01
1.093821532817119468e+00 5.864894096608856688e-02 1.971361453797017305e+01 6.363166912380381346e-01 2.819745349586724181e-01 2.858304777789480156e+01
1.159768403367408052e+00 3.479945016123723797e-03 1.474757782957370367e+01 6.270319271034192621e-01 2.632744210265774987e-01 2.703600551823958043e+01
1.159768403367408052e+00 3.479945016123723797e-03 1.474757782957370367e+01 6.270319271034192621e-01 2.632744210265774987e-01 2.703600551823958043e+01
1.181945787605113596e+00 0.000000000000000000e+00 1.801707307260058144e+01 6.209607895715695269e-01 3.026977287374122971e-01 2.628398326276084163e+01
1.155911727678674783e+00 1.960860825315230427e-02 1.946019168544641786e+01 6.166758421590018413e-01 2.887022200102314362e-01 2.828691990601220141e+01
1.155911727678674783e+00 1.960860825315230427e-02 1.946019168544641786e+01 6.166758421590018413e-01 2.887022200102314362e-01 2.828691990601220141e+01
1.139114910064841002e+00 0.000000000000000000e+00 2.086457323906435946e+01 5.982220373243166689e-01 3.034129163800947659e-01 2.806956029848636547e+01
1.158403560819776912e+00 0.000000000000000000e+00 2.165840619245039633e+01 6.277028301533357224e-01 2.690920660655751195e-01 2.809208420552691976e+01
1.158403560819776912e+00 0.000000000000000000e+00 2.165840619245039633e+01 6.277028301533357224e-01 2.690920660655751195e-01 2.809208420552691976e+01
1.098770787271125204e+00 5.669392766064065142e-02 5.523611451338209299e+00 6.615654169511286931e-01 2.924098282509258739e-01 3.135065673341457426e+01
1.098770787271125204e+00 5.669392766064065142e-02 5.523611451338209299e+00 6.615654169511286931e-01 2.924098282509258739e-01 3.135065673341457426e+01
1.098770787271125204e+00 5.669392766064065142e-02 5.523611451338209299e+00 6.615654169511286931e-01 2.924098282509258739e-01 3.135065673341457426e+01
1.085584741030161560e+00 3.726993749380241167e-02 1.108652032310323499e+01 6.627388454367750814e-01 2.923222491914530541e-01 2.948113983940258720e+01
1.085584741030161560e+00 3.726993749380241167e-02 1.108652032310323499e+01 6.627388454367750814e-01 2.923222491914530541e-01 2.948113983940258720e+01
1.143638479005702591e+00 1.302766051860154706e-02 1.286196490540895176e+01 6.686498062030827860e-01 2.699855982535571686e-01 2.930273607821208159e+01
1.154258018189000090e+00 7.629647567019327836e-02 6.170019129228370147e+00 6.631790484589303869e-01 3.071424961465344938e-01 2.761438137935082082e+01
1.154258018189000090e+00 7.629647567019327836e-02 6.170019129228370147e+00 6.631790484589303869e-01 3.071424961465344938e-01 2.761438137935082082e+01
1.154258018189000090e+00 7.629647567019327836e-02 6.170019129228370147e+00 6.631790484589303869e-01 3.071424961465344938e-01 2.761438137935082082e+01
1.112945034587602411e+00 1.745899673541496944e-02 9.580014889576492720e+00 6.628163164744511615e-01 3.039715960458672650e-01 2.720843976863199742e+01
1.112945034587602411e+00 1.745899673541496944e-02 9.580014889576492720e+00 6.628163164744511615e-01 3.039715960458672650e-01 2.720843976863199742e+01
1.112945034587602411e+00 1.745899673541496944e-02 9.580014889576492720e+00 6.628163164744511615e-01 3.039715960458672650e-01 2.720843976863199742e+01
1.081120866721374085e+00 1.768570251466302160e-02 7.015086721365621614e+00 6.498062172653743529e-01 2.996875634895500018e-01 2.862832555731274553e+01
1.081120866721374085e+00 1.768570251466302160e-02 7.015086721365621614e+00 6.498062172653743529e-01 2.996875634895500018e-01 2.862832555731274553e+01
1.098271385497312957e+00 3.641135986056295154e-02 1.915240374869505047e+00 6.614728069764321816e-01 2.594858907000337500e-01 2.782936586215247132e+01
1.100460602927721521e+00 6.302573413964805693e-02 2.025651616465372129e+01 5.958135240412976152e-01 2.862018076726067783e-01 2.902983541871518014e+01
1.100460602927721521e+00 6.302573413964805693e-02 2.025651616465372129e+01 5.958135240412976152e-01 2.862018076726067783e-01 2.902983541871518014e+01
1.065550774415828128e+00 2.506038429805048859e-02 3.184406863670529475e+01 5.669282746733516065e-01 2.463601076970909909e-01 2.915239253233845318e+01
1.047031589901465720e+00 1.322267291339178363e-02 2.584114021189626342e+01 5.959919292240553057e-01 2.542623277905320389e-01 2.842713760555840707e+01
1.105032080157611007e+00 1.794217002515088866e-02 2.339572759260651225e+01 5.885164643852732747e-01 2.552270953991382374e-01 2.804939216435689531e+01
1.105032080157611007e+00 1.794217002515088866e-02 2.339572759260651225e+01 5.885164643852732747e-01 2.552270953991382374e-01 2.804939216435689531e+01
1.181333131842990269e+00 3.751518794606738955e-02 8.371144563373917435e+00 6.181531339703116856e-01 1.945957613627278260e-01 2.755166425238207140e+01
1.181333131842990269e+00 3.751518794606738955e-02 8.371144563373917435e+00 6.181531339703116856e-01 1.945957613627278260e-01 2.755166425238207140e+01
1.168653526895764294e+00 4.344452197537800736e-03 1.019445129177788978e+01 6.274904237407994412e-01 2.525495792214376145e-01 2.652407495305866902e+01
1.168653526895764294e+00 4.344452197537800736e-03 1.019445129177788978e+01 6.274904237407994412e-01 2.525495792214376145e-01 2.652407495305866902e+01
1.176022761788193760e+00 2.037007322382076296e-02 9.571780697290337869e+00 6.027247416200606223e-01 2.559817315301294860e-01 2.897785025467944209e+01
1.176022761788193760e+00 2.037007322382076296e-02 9.571780697290337869e+00 6.027247416200606223e-01 2.559817315301294860e-01 2.897785025467944209e+01
1.150019791424402804e+00 4.058243069164417516e-02 5.820312438814946532e+00 6.329228062292587831e-01 2.556575847941018331e-01 2.909886591481084750e+01
1.150019791424402804e+00 4.058243069164417516e-02 5.820312438814946532e+00 6.329228062292587831e-01 2.556575847941018331e-01 2.909886591481084750e+01
1.160652672240614081e+00 3.966300128668982794e-02 7.014643060979871336e+00 6.203062083864777643e-01 2.654367288081994070e-01 2.895892881531526442e+01
1.160652672240614081e+00 3.966300128668982794e-02 7.014643060979871336e+00 6.203062083864777643e-01 2.654367288081994070e-01 2.895892881531526442e+01
1.183836900356137756e+00 4.226860795697090500e-02 1.182998013727833886e+01 6.352322934475247429e-01 2.640298460706582695e-01 2.671578401916242029e+01
1.183836900356137756e+00 4.226860795697090500e-02 1.182998013727833886e+01 6.352322934475247429e-01 2.640298460706582695e-01 2.671578401916242029e+01
1.174027797869893863e+00 4.387094302831000270e-02 1.007778077847746800e+01 6.302885316125422799e-01 2.690134919140801384e-01 2.645880025068566610e+01
1.174027797869893863e+00 4.387094302831000270e-02 1.007778077847746800e+01 6.302885316125422799e-01 2.690134919140801384e-01 2.645880025068566610e+01
1.169859343176767208e+00 4.108767470743129868e-02 2.261139053262372656e+01 6.669530729566873761e-01 3.205851313935603741e-01 2.597804378762153732e+01
1.169859343176767208e+00 4.108767470743129868e-02 2.261139053262372656e+01 6.669530729566873761e-01 3.205851313935603741e-01 2.597804378762153732e+01
1.138887396063956947e+00 2.859929561879203178e-02 1.945637874396558686e+01 6.529122193590922718e-01 2.741526441700449235e-01 2.652367762367915560e+01
1.138887396063956947e+00 2.859929561879203178e-02 1.945637874396558686e+01 6.529122193590922718e-01 2.741526441700449235e-01 2.652367762367915560e+01
1.146449969101982713e+00 3.879114615345325562e-02 1.957604620265952988e+01 6.708008900014224007e-01 2.843321768499192381e-01 2.744866151741672056e+01
1.146449969101982713e+00 3.879114615345325562e-02 1.957604620265952988e+01 6.708008900014224007e-01 2.843321768499192381e-01 2.744866151741672056e+01
1.146449969101982713e+00 3.879114615345325562e-02 1.957604620265952988e+01 6.708008900014224007e-01 2.843321768499192381e-01 2.744866151741672056e+01
1.153720065529152627e+00 3.693164915028230438e-02 3.096810743782719300e+01 6.577368750722025759e-01 3.047690451476718909e-01 2.624468845273255724e+01
1.153720065529152627e+00 3.693164915028230438e-02 3.096810743782719300e+01 6.577368750722025759e-01 3.047690451476718909e-01 2.624468845273255724e+01
1.174331512022104063e+00 2.798541368518060041e-02 2.057949910035821972e+01 6.462346676487595865e-01 2.798994842666416294e-01 2.864894773422993524e+01
1.174331512022104063e+00 2.798541368518060041e-02 2.057949910035821972e+01 6.462346676487595865e-01 2.798994842666416294e-01 2.864894773422993524e+01
1.158368350938414171e+00 2.416206735131057673e-02 2.018824503236944068e+01 6.532852445643143602e-01 2.799357926425154464e-01 2.580829302325665964e+01
1.158368350938414171e+00 2.416206735131057673e-02 2.018824503236944068e+01 6.532852445643143602e-01 2.799357926425154464e-01 2.580829302325665964e+01
1.158368350938414171e+00 2.416206735131057673e-02 2.018824503236944068e+01 6.532852445643143602e-01 2.799357926425154464e-01 2.580829302325665964e+01
1.172254350474330353e+00 3.462163701774092356e-02 2.972795101852099720e+01 6.124684949236003373e-01 3.089327791464749340e-01 2.689842121958676557e+01
1.076097906289234407e+00 0.000000000000000000e+00 5.055520277834331999e+00 5.729661467702076294e-01 3.360366242441089613e-01 2.458003036698591615e+01
1.049614916681599341e+00 5.272991397107455736e-02 0.000000000000000000e+00 6.248140453723376453e-01 3.200046208518136370e-01 2.433617428040119890e+01
1.037495477744682093e+00 6.520182097809815169e-04 3.833115357623793962e+00 5.804418097451310432e-01 3.332320052824057077e-01 2.531338435025908851e+01
1.062960109075319792e+00 6.230401899190853715e-02 2.201674305439512835e+01 5.869361594361685031e-01 3.243082617581178884e-01 2.304496747189010364e+01
1.090495372160905196e+00 7.841968666057816395e-02 1.032451943277031603e+01 5.120195016475650451e-01 3.211595893221916298e-01 2.501595882891177069e+01
1.114482239397508900e+00 6.930277321642734634e-02 1.774316530358641586e+01 5.961131875675146352e-01 2.852183843872472813e-01 2.881602401999929697e+01
1.123619795223078199e+00 4.361612099073982479e-02 2.289952853218811057e+01 5.816814797315521535e-01 3.335967677942190956e-01 2.352152820156461388e+01
1.175895591644078975e+00 1.080829105816258628e-01 1.615144257415474272e+01 5.770468841122186054e-01 3.035292751334802142e-01 2.374445416075428028e+01
1.175806682306042239e+00 7.058070308279808247e-02 3.339131127583100778e+01 5.368840123544466048e-01 2.560902179765349729e-01 2.486448605000367351e+01
1.182597431338303418e+00 4.524215245180282507e-02 2.938057756722421487e+01 4.810047559282896734e-01 2.636795959703242542e-01 2.732613242362401706e+01
1.077010611997144984e+00 8.902161870461586246e-02 1.813682953674650022e+01 5.078283892732246008e-01 3.089329617779657533e-01 2.653116275193119478e+01
1.082263762664166018e+00 1.452988721325293442e-01 3.120960718477055451e+01 5.289386374360297571e-01 4.381432730266587861e-01 2.591862335244897864e+01
1.049944436514573365e+00 7.874375957820789473e-02 2.251825516523106430e+01 5.089615113873009467e-01 4.863527526425202585e-01 2.751569204110924005e+01
1.021291471172191656e+00 1.050181407387756616e-01 3.445103564202368318e+01 5.139173145059413583e-01 4.869730937821101779e-01 2.630691353294013979e+01
1.033216110519742159e+00 1.286909291300021019e-01 3.859780155735816720e+01 5.271339760917894690e-01 4.911176305163182931e-01 2.840207216055646455e+01
1.034402301541830882e+00 1.268846573359302121e-01 2.969288890961897565e+01 5.094813192927197809e-01 4.763204915728221356e-01 3.160418156856117378e+01
1.051606010645053990e+00 1.410384873934562022e-01 3.182899641840465321e+01 5.143071975875805890e-01 4.979192969687700199e-01 3.195952461676813172e+01
1.125833122476726400e+00 1.366977322613284473e-01 2.883567824936018553e+01 4.238822880909037250e-01 4.481392617697954051e-01 2.903074213811158444e+01
1.190069330502723899e+00 8.640228660851168030e-02 3.236608674908218575e+01 5.063524968139186955e-01 3.149414433604634800e-01 3.158593920199964700e+01
1.138812483900403016e+00 8.045087193169293827e-02 3.506530802302988548e+01 5.448883808050342115e-01 4.071573480477609364e-01 2.787453099136540047e+01
1.223196052980709991e+00 6.206744683435517357e-02 2.071483863933902470e+01 5.175018245630300662e-01 3.206898681558243980e-01 3.041269345203242835e+01
1.175852596221160118e+00 6.026938137041440435e-02 0.000000000000000000e+00 5.250472627446129970e-01 3.371074791741486276e-01 2.488183172308595204e+01
1.020080209841558672e+00 2.926486219707682274e-02 2.860268237596798002e+01 4.965567726310703978e-01 3.388894655612113560e-01 2.609427644266267166e+01
1.058369835666290948e+00 0.000000000000000000e+00 2.761362669505682987e+01 4.625895784586009918e-01 3.694015122301774756e-01 2.721255262480894643e+01
1.066676976731143256e+00 6.229801514656189976e-02 2.330161241887076073e+01 4.514918238223104008e-01 3.740191765677360336e-01 2.141267472888051060e+01
1.107255006395482688e+00 3.566358445359038565e-02 2.290542240754064451e+01 5.086935600878480512e-01 3.608829870152620023e-01 2.189981318099762575e+01
1.034064506502588854e+00 0.000000000000000000e+00 6.681806277729100962e+00 4.243115433476217779e-01 3.539246862278560002e-01 1.746906068951769342e+01
9.832863241189517822e-01 6.586829862258505863e-02 4.567238221901507700e+01 5.296400466109241201e-01 3.135654005395744348e-01 2.247840271799479339e+01
1.054869108765999375e+00 5.359888688858626543e-02 5.067732822903876411e+01 4.959795094010085448e-01 3.240141902961362064e-01 2.224440878128767451e+01
9.746234881427755514e-01 6.810976484930990338e-02 3.768507753907663016e+01 4.794370243367752638e-01 2.920014606307030913e-01 2.195133974739173155e+01
1.032625029775069425e+00 3.222589076284700094e-02 3.216638528866220526e+01 5.217182145769441171e-01 3.497983348556525374e-01 2.083068776147732493e+01
1.043415891572888610e+00 7.064898714573867103e-03 3.668220817130026745e+01 5.202478849245965042e-01 3.316073991015442979e-01 2.618002814201766881e+01
1.057151119678651829e+00 0.000000000000000000e+00 2.684545524296504482e+01 3.696420957117500516e-01 3.776204837621723875e-01 2.097809223245411303e+01
1.025903859658121142e+00 3.681991226487300178e-02 3.153913181099631657e+01 5.573435988761030746e-01 3.676523599467556025e-01 2.666167242236378243e+01
9.896413410338528172e-01 4.962740912647759656e-02 3.255668950630696656e+01 5.543738335244182691e-01 3.874852893757584904e-01 2.799429295075326962e+01
1.042299416080008756e+00 2.116447567082586217e-02 3.130488027611830759e+01 5.522061495197264636e-01 3.605222677284700694e-01 2.135344818458685623e+01
1.042299416080008756e+00 2.116447567082586217e-02 3.130488027611830759e+01 5.522061495197264636e-01 3.605222677284700694e-01 2.135344818458685623e+01
1.057775160040248963e+00 2.565007718454018898e-02 3.221030174522695688e+01 5.248542755434101315e-01 3.835858219187553431e-01 2.264767721051394744e+01
1.049765284377954799e+00 4.868940743880471878e-02 3.618553592914231842e+01 5.162007913588803065e-01 3.140368653857623649e-01 2.321078177631308037e+01
1.098248958498573735e+00 2.608583334517350014e-02 2.899689475002267969e+01 4.688012872008237575e-01 3.686806815351790778e-01 2.633745152742567441e+01
1.019950292671093939e+00 6.333469173793057627e-02 3.371732158846426586e+01 4.591896082622833886e-01 2.880410257713180711e-01 2.549723825312780789e+01
1.002129030182705050e+00 1.496784601162923223e-01 5.142509434252470868e+01 4.792975768228450173e-01 2.930943056066336316e-01 2.081560150846553015e+01
1.013458179777948054e+00 1.230820951049408675e-02 3.816480561130521920e+01 4.067938272364391428e-01 3.895150428175458424e-01 1.708267212350551034e+01
1.120298595170726941e+00 2.050017824005870640e-02 2.855450967222692782e+01 5.536667856641389607e-01 2.847158170030330560e-01 2.645353593940584602e+01
9.292262708315360831e-01 1.263453885642016328e-01 3.695307546201464532e+01 4.332774953692793973e-01 3.743067690374037304e-01 2.869423522283381445e+01
9.736849998367407277e-01 1.426801006070066713e-01 5.200000000000000000e+01 4.436355095224855938e-01 3.565089393805068729e-01 2.503836479852044050e+01
9.910509353076331074e-01 1.374844434211735800e-01 5.200000000000000000e+01 4.056037006886642482e-01 3.414496577017260837e-01 2.810896590091247660e+01
9.728743944284138356e-01 8.639312602690846221e-02 3.156935435993969463e+01 4.010735094301061121e-01 4.349282395136262469e-01 2.592203090354928818e+01
1.035161599584721204e+00 0.000000000000000000e+00 3.563195697819057983e+01 4.330810769711351815e-01 3.394020552792307299e-01 2.364458556788368426e+01
1.093270362341868251e+00 2.902145071627340242e-02 4.985528708432471312e+00 4.933092508674289944e-01 3.762793133542363111e-01 2.133213263081007582e+01
9.498249295932732483e-01 7.794966464899187597e-02 4.388346509475593393e+01 5.207341216578436072e-01 4.631253831749236327e-01 2.815369561706583923e+01
9.181314504238261565e-01 9.409791857589508424e-02 2.906350232531897504e+01 5.018633817861044566e-01 4.544823893033068662e-01 3.113466423847402353e+01
9.062788632349868534e-01 1.542662986592551744e-01 3.416756874721073700e+01 5.498488132704466569e-01 4.291606276218243865e-01 2.514532888515801545e+01
9.376696258061089084e-01 7.521166594390467364e-02 4.949245956486068820e+01 5.605675482366219153e-01 4.964774537048647352e-01 2.543661879579817864e+01
9.537293484271718302e-01 9.969532699021216304e-02 4.287041019111413220e+01 5.769668252998767510e-01 5.111652425243102815e-01 2.794394828494165139e+01
9.537293484271718302e-01 9.969532699021216304e-02 4.287041019111413220e+01 5.769668252998767510e-01 5.111652425243102815e-01 2.794394828494165139e+01
1.036366893336043704e+00 6.459830505327868178e-02 3.511380244139596130e+01 5.065753817766857070e-01 4.164986922537354808e-01 2.979651498904111406e+01
1.030892713157477436e+00 3.829729575657580404e-02 3.552125102303079984e+01 5.080318102482741516e-01 4.665398619154962345e-01 2.948493250939804611e+01
1.030892713157477436e+00 3.829729575657580404e-02 3.552125102303079984e+01 5.080318102482741516e-01 4.665398619154962345e-01 2.948493250939804611e+01
1.029091624875516198e+00 3.192882456787980716e-02 3.336548659585923104e+01 4.932895904249542385e-01 4.823820520621658337e-01 2.901385849601114941e+01
1.049070359820249543e+00 2.443557890536274951e-02 9.618942931917402461e+00 5.407498989585498572e-01 4.156466589293044689e-01 2.333738357283424492e+01
1.064421206410365750e+00 5.708491697302224555e-02 3.030793327933245962e+01 5.440275130560499051e-01 3.951036351448073969e-01 2.182887146122058297e+01
1.022197569724902610e+00 8.124775966523711812e-02 3.063953450782078392e+01 5.740790106988343799e-01 3.520011327732716078e-01 2.075806720825203655e+01
1.022197569724902610e+00 8.124775966523711812e-02 3.063953450782078392e+01 5.740790106988343799e-01 3.520011327732716078e-01 2.075806720825203655e+01
1.020530300279658853e+00 7.458923663243643976e-02 3.418824344628093570e+01 5.738866252773027199e-01 3.627617406069167383e-01 2.218198143172840631e+01
1.007512377878679422e+00 6.942732502952396467e-02 2.906062362219621065e+01 5.544419232189806701e-01 3.645718882777176928e-01 2.132315411999953270e+01
1.007512377878679422e+00 6.942732502952396467e-02 2.906062362219621065e+01 5.544419232189806701e-01 3.645718882777176928e-01 2.132315411999953270e+01
1.056984047129335469e+00 3.746505981500650867e-02 3.412590622874524371e+01 5.234810391004302010e-01 4.037452779711430684e-01 2.091338441046138996e+01
1.017040264730537880e+00 6.521041382658249175e-02 1.910046785053938834e+01 4.736491921753248069e-01 2.214741303431171648e-01 2.078844203064713980e+01
9.888677400694168007e-01 1.738354715715329790e-01 3.361196506496307990e+01 4.497923100528847251e-01 3.858003088905554989e-01 2.883698313394244295e+01
1.030577576767064851e+00 5.421047032236007979e-02 2.602487649526767299e+01 4.478080555349611691e-01 4.852128474249491341e-01 2.983140445068161384e+01
1.061061417941620677e+00 1.126015814014426630e-01 3.452374582962438865e+01 4.447138719093925996e-01 4.715965833291538845e-01 2.928647651956416098e+01
1.048780573714362951e+00 4.577569214075551118e-02 2.899725873889016370e+01 4.412993222595592013e-01 4.571067434284559750e-01 3.024719323538905513e+01
1.038192716656503700e+00 8.563405100445936613e-02 2.692284092070234891e+01 4.884717878357606735e-01 4.473309268848387199e-01 2.110945892965540338e+01
1.045060593781525604e+00 6.506117931945241961e-02 4.213269863007155180e+01 5.399223810583351213e-01 4.416809208882592763e-01 2.290860551336940887e+01
1.091782658435041853e+00 7.930930103044697699e-02 2.946416453187550744e+01 5.416796323547192760e-01 4.672577128417609860e-01 2.005580506684841069e+01
1.044136197779802044e+00 6.479754183119276756e-02 3.280668296346611612e+01 4.868693159558640793e-01 5.005784027504370792e-01 2.105675846596971112e+01
1.105525807945922923e+00 9.239298735470261037e-02 3.415571636852666870e+01 5.239778742464170636e-01 4.554068920668303266e-01 2.146782816962828022e+01
9.551993040231699927e-01 1.230891584766641705e-01 2.946777205908523456e+01 5.073211771296299855e-01 4.936777734820816943e-01 2.260536413069651118e+01
1.094408644568262146e+00 8.177075165829593428e-02 1.957521478638681600e+01 5.254990415773219681e-01 4.631426758234608032e-01 2.158103786708633365e+01
1.097954748998432484e+00 7.772504831678307691e-02 3.762063890106689001e+01 5.251647727888525408e-01 4.030594836558185623e-01 2.290620537938386292e+01
1.097954748998432484e+00 7.772504831678307691e-02 3.762063890106689001e+01 5.251647727888525408e-01 4.030594836558185623e-01 2.290620537938386292e+01
1.051560647523136049e+00 7.851944372387649473e-02 3.316861565327788242e+01 5.006376862759374102e-01 4.466754780671817748e-01 2.266008441605236712e+01
1.057049022230436730e+00 5.273182221632580213e-02 3.804517588431349395e+01 5.076104351861263630e-01 4.219956451425663779e-01 2.249730972267275675e+01
1.028989796865561246e+00 5.938692730747072157e-02 3.036786971341786767e+01 4.077187717786409094e-01 4.544363517473632985e-01 2.579530423661637428e+01
1.020503645271760851e+00 8.776392393697700356e-02 2.668482302772450865e+01 5.012946844531332991e-01 4.019618011774258592e-01 2.730652502022908834e+01
1.002508303960362390e+00 8.277332332067682819e-02 2.095517224815506196e+01 5.019889456855846088e-01 4.054813309885036410e-01 2.670944453304161215e+01
1.106900139938773897e+00 9.329342384911216979e-02 4.112099943481624109e+00 4.837220576266846317e-01 3.556107449949401644e-01 3.058565302637575911e+01
1.068568799951385095e+00 9.189870906633447467e-02 3.307415073826116725e+01 4.860534365378129662e-01 4.242784497017618173e-01 2.803354827503271096e+01
1.079732789025580342e+00 9.513231117951637117e-02 2.877670409442566779e+01 4.368701306968721387e-01 4.128730497669685362e-01 2.706502967067315168e+01
1.059494537455070828e+00 7.939892242236280817e-02 2.180243429794038690e+01 5.216299929240273414e-01 4.887690014173434183e-01 2.473698810294769501e+01
1.070836078610935882e+00 8.272946999363325893e-02 2.754812819627188958e+01 5.207840250977836538e-01 4.838512861565115175e-01 2.572005228592163917e+01
1.049812097936753119e+00 3.478776218086716832e-02 1.517541550197522326e+01 4.032535143205003281e-01 3.186848576004448486e-01 2.398276130925713545e+01
1.099824165007831756e+00 3.254857240658314693e-02 2.113432558607296130e+01 4.289841743334633639e-01 3.253005060662149672e-01 1.993653715660551029e+01
1.033129474325505059e+00 0.000000000000000000e+00 1.346847382965249196e+01 4.447216435391441181e-01 3.441198659665609116e-01 2.033750621113863133e+01
1.087204224709304556e+00 5.560846940257746507e-02 2.779099266364128695e+01 5.300173153762088862e-01 3.328002727840065345e-01 2.270153010024352724e+01
1.090451008691997847e+00 2.146666098717608592e-02 1.723324776030851524e+01 4.835200560398489888e-01 3.456602344341923594e-01 1.995190966219969297e+01
1.063809875039423369e+00 8.174880923417782164e-02 2.187002616672284105e+01 4.485434882184371475e-01 3.616464256910795205e-01 1.987872381272254785e+01
1.102123048210473133e+00 1.879340157339279282e-02 3.347816387659469228e+01 4.200800322604753001e-01 3.714482210504655435e-01 1.992092049856239200e+01
1.116585964515182550e+00 3.832392054031810713e-02 1.923245769847322251e+01 4.495820804925096947e-01 3.606283307111904368e-01 2.302555768378614331e+01
1.053219534612229946e+00 7.140628319185630957e-02 4.013701556667604819e+01 4.786355322683323865e-01 3.953080001104276597e-01 2.541556361286404453e+01
1.056849637613672011e+00 0.000000000000000000e+00 1.662725289395816120e+01 4.376576918236791403e-01 3.421461846054530409e-01 2.946885216006461050e+01
1.071605868960522123e+00 5.982143411001437927e-02 1.650479668761722252e+01 4.561985640498000261e-01 3.796942235004621136e-01 3.044460138870982036e+01
1.051848565389473356e+00 0.000000000000000000e+00 2.631020009001542448e+01 5.139169399810510352e-01 3.186708118915355659e-01 2.604489298589054513e+01
1.066565312023167955e+00 3.780075348378569844e-02 2.551951765224822921e+01 4.978884090430811260e-01 3.338391015064945955e-01 2.931453335002726845e+01
1.024274559787212935e+00 2.652663022354569480e-02 2.490350590397546426e+01 4.822872229217141649e-01 3.286382013356318188e-01 2.551626477483194932e+01
1.129772794526378910e+00 2.637347030319792465e-02 3.072360584882120804e+01 4.996557706321176906e-01 3.049513497954501329e-01 1.918072456516452817e+01
1.024079086771152669e+00 7.886548951913087413e-02 4.385591571340594186e+01 5.403071417242181207e-01 3.630794455442129531e-01 3.068712616577355590e+01
1.027257142151012159e+00 1.867085243976696757e-02 4.663340809034794177e+01 4.627505040090467703e-01 3.489529398004960203e-01 2.526447476370545786e+01
1.101460646487202322e+00 7.667038350486675424e-03 3.877947508193271631e+01 5.466865943667886807e-01 3.009107361038373951e-01 1.928389380652822283e+01
1.132874273054107928e+00 0.000000000000000000e+00 3.469878054145962665e+01 5.586957213268919364e-01 3.357888196898742850e-01 2.181778863460385054e+01
1.101789852998295016e+00 0.000000000000000000e+00 3.852071875560054792e+01 5.794824408195817789e-01 3.236590136812850238e-01 2.095333496038713150e+01
1.101789852998295016e+00 0.000000000000000000e+00 3.852071875560054792e+01 5.794824408195817789e-01 3.236590136812850238e-01 2.095333496038713150e+01
1.196211647309010084e+00 4.413460636933081577e-02 2.689085884442970098e+01 5.358091086461653774e-01 3.376074412048208351e-01 2.057077329209068495e+01
1.111194352610572755e+00 6.492382970690804833e-02 3.867117888095945943e+01 5.715929799793930677e-01 3.466983750405031595e-01 2.146263753000436481e+01
1.066137065693467445e+00 3.163237760752543593e-02 3.888988058438620499e+01 5.681679195647469927e-01 3.586890618231231564e-01 1.976739107217494151e+01
1.066137065693467445e+00 3.163237760752543593e-02 3.888988058438620499e+01 5.681679195647469927e-01 3.586890618231231564e-01 1.976739107217494151e+01
1.099392621115157898e+00 7.350631404721423567e-02 3.955850395413020948e+01 5.617944029661944283e-01 3.420556160305566196e-01 2.092880294812670883e+01
1.086903004713678289e+00 5.329491711203172832e-02 2.592200454216963834e+01 5.137894311718793627e-01 3.528183264127811580e-01 1.913839887332649781e+01
1.058273644026618721e+00 4.458257780638581746e-02 3.295725651645917509e+01 5.166099615614158092e-01 3.440727304473364945e-01 1.997731562781181580e+01
1.051931115950736739e+00 4.526017847093499746e-02 2.881412464936415319e+01 5.413333940671281042e-01 3.158008046885134035e-01 2.183022174582209374e+01
1.101674911238144761e+00 8.125768948952782900e-03 3.550198774024821802e+01 4.779059438768408219e-01 4.090203520083193212e-01 2.560915487615673314e+01
9.931888469454079882e-01 9.923720679170158765e-02 3.949667214349020128e+01 4.243679343852753139e-01 3.830977375674658458e-01 2.745938836897272139e+01
9.579080396636361350e-01 8.123076347696980837e-02 4.805422344761179687e+01 4.704120361163982578e-01 3.639230786741933787e-01 1.979442426728816429e+01
1.037572243033620278e+00 1.022717116212045751e-01 4.601632766375563222e+01 5.250473143000030651e-01 4.218760391666530052e-01 2.350946367581308749e+01
9.449511226744965464e-01 9.214521832087138598e-03 4.344735579904762801e+01 5.934806040108040470e-01 4.301561206410272065e-01 2.295402696020747513e+01
1.034964059874606379e+00 4.654109630948669030e-02 4.646503767961834086e+01 4.688469589264776527e-01 4.520344374894875172e-01 2.272104675082078629e+01
1.071824202973410411e+00 4.721452297232533318e-02 4.572183588865885895e+01 5.063074739431968618e-01 4.514101960309734318e-01 2.120123545876899485e+01
1.025604754432171140e+00 4.766954434412117025e-02 4.639801208749000239e+01 5.165890637313459433e-01 4.262959320739549973e-01 2.447961788965462304e+01
1.045658151551302817e+00 7.834887799356413107e-02 4.414311475253649064e+01 5.286571353369839965e-01 4.213527229282157394e-01 2.442239728383495034e+01
1.038179472513300228e+00 3.432309010010445305e-03 4.407187603873519066e+01 5.605434572394986104e-01 3.515302023308655155e-01 2.228864140328485277e+01
1.042393817890653773e+00 3.147227134132411092e-02 4.412690702282588973e+01 5.564599135792810403e-01 3.340316347099718253e-01 2.312450376348041914e+01
9.616752880335189824e-01 6.359544164632865981e-02 4.695080449562425429e+01 5.736050072157148350e-01 3.263914726698264879e-01 2.300880795022209924e+01
1.023810629947685680e+00 1.009066717280754921e-01 4.196556540110774591e+01 5.567598168104540557e-01 3.169920831914023185e-01 2.257962254367359378e+01
9.843100602024470458e-01 9.494655588789177592e-02 4.692582388376959557e+01 6.178401865854046271e-01 3.350963766266105148e-01 2.329188734885373790e+01
9.840241626869596914e-01 1.104843839928437710e-01 5.120874610870034616e+01 5.832355369075074014e-01 3.276135100279970458e-01 2.357449925437963856e+01
9.552524724671438427e-01 1.290173774075545343e-01 3.775509290658239081e+01 5.326992846083413724e-01 3.103479192606628523e-01 2.153568798366578463e+01
9.573698595410427004e-01 8.909104284088914527e-02 3.600470523340306528e+01 5.733193087612379335e-01 3.314036086598465269e-01 2.198537678742672341e+01
9.912780036394021055e-01 8.683123524845355601e-02 4.120931994877224724e+01 5.582149417590924756e-01 3.214931357758052388e-01 2.208239749566946841e+01
9.912780036394021055e-01 8.683123524845355601e-02 4.120931994877224724e+01 5.582149417590924756e-01 3.214931357758052388e-01 2.208239749566946841e+01
9.899348663209026622e-01 9.063724265240828692e-02 4.570343072755287750e+01 5.713046809529466197e-01 3.209988350923780320e-01 2.351044607699351374e+01
9.981736770772264844e-01 1.160367967016422142e-01 3.293286266329393186e+01 5.470900401507363675e-01 2.858461388215058907e-01 2.122707501525814422e+01
1.009413373597011221e+00 1.291621992049087342e-01 4.319351700508318714e+01 5.007092679095755949e-01 2.774203527403248382e-01 2.200030580447072381e+01
1.034961388772100754e+00 1.192824789335792252e-01 4.603208686853253795e+01 5.813801691596552912e-01 3.182339200458240702e-01 2.423472790947904443e+01
1.075450491700333133e+00 1.415706596471739687e-01 2.864655516940260327e+01 5.391630606185584540e-01 2.570647171059114444e-01 1.730388592271482295e+01
1.032549022884571954e+00 7.786198580641624789e-02 2.975519567206387350e+01 5.136043487396182439e-01 3.098404451539790716e-01 1.362142956842580155e+01
1.052847768246266691e+00 1.442939686633193663e-01 5.200000000000000000e+01 5.020644065332484640e-01 3.932321631411520579e-01 2.160771344929752402e+01
1.178646697767777418e+00 6.508474802088473621e-02 2.115391641926090216e+01 4.457061605226063650e-01 3.955351217152093257e-01 3.048353325984850670e+01
1.125416112725216689e+00 3.097069866216039385e-02 2.516470485463629458e+01 4.402594484547562859e-01 3.942987192051590761e-01 2.747599785329182964e+01
1.188275939234669787e+00 3.504331837560981794e-02 3.259731372623003409e+01 5.414028099434614605e-01 3.787161104519276567e-01 3.209814051476579522e+01
1.178987784956644802e+00 8.603869249218376591e-02 3.236651420254355571e+01 5.371906421645498142e-01 4.199691432186684614e-01 3.160107964380533474e+01
1.071619840744900243e+00 0.000000000000000000e+00 4.478195020725878095e+01 4.638178920150056728e-01 3.860193843964683236e-01 2.884319116056946086e+01
1.048065239930074277e+00 2.749259442563779104e-02 2.994284465888232560e+01 5.741170068642675872e-01 3.921316728027455789e-01 2.508338373372788155e+01
1.077461129681938301e+00 3.480125894210537446e-02 3.022631147701464016e+01 5.995021632134649447e-01 3.768342739478338088e-01 2.543901269913094509e+01
1.049243598230469088e+00 9.141098365524343711e-03 3.101470285513234515e+01 5.809644726718995456e-01 3.842131934604760546e-01 2.560771533663623600e+01
1.087720814009488723e+00 1.984206101854216198e-02 3.254262842833049518e+01 5.877617759886670790e-01 3.601706935215623906e-01 2.599559145267123483e+01
1.071606109302466914e+00 4.189269546611305156e-02 4.326228061852559392e+01 4.948618796234144357e-01 3.188326867596861236e-01 2.990109589038992155e+01
1.091137232058522866e+00 5.279952433334652445e-02 4.117954676542193937e+01 5.329549798432994256e-01 2.968436513732433113e-01 3.005649434150926780e+01
1.044666660333008146e+00 9.879223690150409909e-02 3.321958993261381465e+01 5.045260493186147777e-01 3.221846162192756879e-01 2.780211974278901010e+01
1.083005765766959616e+00 1.109489270027493452e-01 4.440573591852278668e+01 4.483173466697365495e-01 2.975560254778421565e-01 3.136243029033676422e+01
1.065904531780978770e+00 0.000000000000000000e+00 2.726564506643686769e+01 4.672922753804270024e-01 3.793816554100911675e-01 2.769474740572519167e+01
1.067251298668901560e+00 4.942567021443716735e-02 1.949344752843896700e+01 4.605079905346324276e-01 4.075686085686681115e-01 3.230882948937398425e+01
1.031503203160047510e+00 9.654569166587903539e-02 3.213991723000562217e+01 5.108639243301132948e-01 3.511179790347409568e-01 2.967257701541992532e+01
1.019885915237215279e+00 4.826025370456329955e-02 3.024136768378729556e+01 5.255970181611465675e-01 3.883991816909144745e-01 2.701752327822657307e+01
1.021451298625712267e+00 8.114126965599699481e-02 3.207437962771640372e+01 5.297966723428123581e-01 3.685598300461616628e-01 2.579862196493515469e+01
1.029601017652261863e+00 4.987871587818707569e-02 4.378328456531822610e+01 5.334030295378976438e-01 3.232105708974273295e-01 2.572822049668580036e+01
9.951140824869427748e-01 2.157877938048230471e-01 4.220169345668380601e+01 4.674225261196876535e-01 3.384069689172646278e-01 2.375217762195633497e+01
1.033451703387244791e+00 7.146956907985030361e-02 2.781606638255899355e+01 4.514439424264152234e-01 3.805142528835410709e-01 3.648210580375833700e+01
1.107840247574108039e+00 2.883344301654126168e-02 1.061869548242422034e+01 4.612108948437103617e-01 4.167575612278391350e-01 2.323682975653535010e+01
1.002271770935617923e+00 4.022909599188560607e-03 2.308787375441193035e+01 4.947738989986851799e-01 4.511551701932083325e-01 2.004748119993241673e+01
1.042746467709801284e+00 1.131120673084964889e-02 2.492379207898653704e+01 4.405732574907247345e-01 3.685531040198106734e-01 2.468082920382084566e+01
9.945501146788163771e-01 4.694094659642549655e-02 2.762608025025808089e+01 4.602075207391349010e-01 3.941342184232190515e-01 2.691916195300945702e+01
9.642255690711539762e-01 8.254706658504570860e-02 3.262993024471552417e+01 4.234370248205477361e-01 2.913264163836341014e-01 2.734376551986637693e+01
1.124458598690743605e+00 9.237047159811639929e-02 2.589333029995653490e+01 5.127915636023125945e-01 3.438914057995683393e-01 3.232227469477378179e+01
1.067173745197359969e+00 1.253909735596690500e-01 3.085158842416475977e+01 5.068397781659266244e-01 3.623092780081616504e-01 3.008277529924862392e+01
1.100083590857578786e+00 1.639274211941721682e-01 3.042687713877610278e+01 5.183610443256712053e-01 3.357039196086836208e-01 2.957524663759457084e+01
1.046528783583750899e+00 6.568215163214467800e-02 4.284567376791153492e+01 5.692858945773325852e-01 4.100992834127743514e-01 3.578040686221125810e+01
1.046208225180974560e+00 1.158697665941312710e-02 4.539973778113954950e+01 5.345320390371104402e-01 3.975745325198785096e-01 3.752328816295061387e+01
1.046208225180974560e+00 1.158697665941312710e-02 4.539973778113954950e+01 5.345320390371104402e-01 3.975745325198785096e-01 3.752328816295061387e+01
1.089217836666195538e+00 4.057144462954981323e-02 3.816146275659844633e+01 5.693742233504872630e-01 3.952420503881774461e-01 3.749497662945806553e+01
1.095609670103309119e+00 4.761200452542702077e-02 3.036290338936787236e+01 5.580564113956721917e-01 4.036539511696359828e-01 3.639198307106324393e+01
1.095609670103309119e+00 4.761200452542702077e-02 3.036290338936787236e+01 5.580564113956721917e-01 4.036539511696359828e-01 3.639198307106324393e+01
1.065500577688970774e+00 4.441916896077703625e-02 3.683519311830497145e+01 5.214173321002020245e-01 3.736605885164360763e-01 3.740922414410501062e+01
1.043726090156334774e+00 9.749279401429764014e-03 3.451710935491325927e+01 5.363443928494490143e-01 3.776451961514143973e-01 3.684064138624377449e+01
1.033298863368696807e+00 6.896201950020641736e-02 2.735867890187182283e+01 5.385924662257901563e-01 3.558866704841975870e-01 3.750385955683138661e+01
1.010378597763377462e+00 4.364643503474067293e-02 3.716057859952305620e+01 5.175024138629286119e-01 3.773006042046254116e-01 3.712322456271252236e+01
1.083478152760148028e+00 8.855158132773116586e-02 3.686202984619732348e+01 4.993848953929735934e-01 3.529697108487186430e-01 3.846403849231531780e+01
1.073416214622540110e+00 6.508191590568518370e-02 3.518929312220589622e+01 4.748449098962475579e-01 3.620802575793670153e-01 3.770520687709053931e+01
1.077257068599593692e+00 5.525330898362737497e-02 4.142719029443335899e+01 5.287428162002836274e-01 3.645730768997189619e-01 3.819652850255038601e+01
1.033440372493044324e+00 5.347188683292380257e-02 3.957970499686058474e+01 5.387330170331827706e-01 3.653804137123136120e-01 3.706413139826421599e+01
1.026749366568165511e+00 7.523536554007258237e-02 3.622209283704390259e+01 5.883892345244341460e-01 3.717220914088976702e-01 3.823656320540312237e+01
1.020878819400326432e+00 9.286044505323967635e-02 3.686444855415226840e+01 5.532086648297966924e-01 3.766973030368391817e-01 3.733804114660402007e+01
1.036224858823976858e+00 9.161725932266329142e-02 3.788919334617082768e+01 5.130920820146157579e-01 3.415903768950465103e-01 3.793955796603847119e+01
1.080162393511347130e+00 1.012461438820889681e-01 3.280426119811740904e+01 5.336988070795806172e-01 3.424089551269730025e-01 4.000000000000000000e+01
1.080162393511347130e+00 1.012461438820889681e-01 3.280426119811740904e+01 5.336988070795806172e-01 3.424089551269730025e-01 4.000000000000000000e+01
1.055914393266232709e+00 7.304937631625516015e-02 4.276574984102411037e+01 5.311055757277850509e-01 3.608367191680456054e-01 3.914047792532530678e+01
1.157708975418766162e+00 4.187158015544233114e-02 4.154964622686263453e+01 5.175893525244495974e-01 3.760061080809608547e-01 3.301112401118034967e+01
1.048564917203183455e+00 9.193115094795741016e-02 3.727389974376029613e+01 5.686149826276181152e-01 3.615154166087937715e-01 3.908383120570247371e+01
1.048564917203183455e+00 9.193115094795741016e-02 3.727389974376029613e+01 5.686149826276181152e-01 3.615154166087937715e-01 3.908383120570247371e+01
1.075330088476161183e+00 8.027041868282427939e-02 3.694737853420652840e+01 6.184901595873356639e-01 3.758779012052803070e-01 3.581575700324695788e+01
1.075330088476161183e+00 8.027041868282427939e-02 3.694737853420652840e+01 6.184901595873356639e-01 3.758779012052803070e-01 3.581575700324695788e+01
1.075330088476161183e+00 8.027041868282427939e-02 3.694737853420652840e+01 6.184901595873356639e-01 3.758779012052803070e-01 3.581575700324695788e+01
1.115632135351721121e+00 8.372400270520440058e-02 3.649765122626705249e+01 6.052136612247612790e-01 4.002248638069251241e-01 3.635099402470445540e+01
1.115632135351721121e+00 8.372400270520440058e-02 3.649765122626705249e+01 6.052136612247612790e-01 4.002248638069251241e-01 3.635099402470445540e+01
1.077843222918238197e+00 5.645960722418504052e-02 4.022500922741576090e+01 6.010143749470522323e-01 3.760330239820479092e-01 3.811433176118381994e+01
1.077843222918238197e+00 5.645960722418504052e-02 4.022500922741576090e+01 6.010143749470522323e-01 3.760330239820479092e-01 3.811433176118381994e+01
1.080725553303289121e+00 5.582081927085105755e-02 4.060411592476739884e+01 5.982700301750625282e-01 3.665067616352835067e-01 3.894229839837819185e+01
1.080725553303289121e+00 5.582081927085105755e-02 4.060411592476739884e+01 5.982700301750625282e-01 3.665067616352835067e-01 3.894229839837819185e+01
1.054229308427586220e+00 5.596781246234508456e-02 4.269537852987580351e+01 5.772494682649629283e-01 3.882539180939341694e-01 3.989902680991352923e+01
1.054229308427586220e+00 5.596781246234508456e-02 4.269537852987580351e+01 5.772494682649629283e-01 3.882539180939341694e-01 3.989902680991352923e+01
1.075248729500114075e+00 2.722486068197857434e-02 2.693128237211283604e+01 4.922784655252731012e-01 3.847087728665016804e-01 3.028168130266526603e+01
1.081526846892229443e+00 3.011523130598101061e-02 1.934341955811949276e+01 4.433536968459120264e-01 3.111493035534164120e-01 2.574395949833468222e+01
1.043901043672689655e+00 5.198116988889428525e-02 3.587592261384100567e+01 5.777034893970948159e-01 3.914321525995735906e-01 3.215951456901342453e+01
1.123175581879324314e+00 6.042065166132450094e-02 2.692747940248409577e+01 5.210034071860182303e-01 2.851285718375738409e-01 3.166682037611297673e+01
1.131450880797354452e+00 2.099220993171582034e-02 2.118960969639991276e+01 5.502167274009539533e-01 3.087419929308393152e-01 3.120032402012988015e+01
1.149832885492605650e+00 6.690775444303886932e-02 3.155523576901609673e+01 5.301263886634656197e-01 2.718329293550807990e-01 3.185029298498271899e+01
1.092383789439038910e+00 4.165355213001579321e-02 4.915548975437783952e+01 5.625670829217772617e-01 2.989849495540926605e-01 2.901079020066008241e+01
1.092383789439038910e+00 4.165355213001579321e-02 4.915548975437783952e+01 5.625670829217772617e-01 2.989849495540926605e-01 2.901079020066008241e+01
1.076010677157036133e+00 7.395984092634259877e-02 4.796438007172326223e+01 5.510775657436349784e-01 2.594275038717449577e-01 3.108615993343993722e+01
1.063022839772677974e+00 4.580696253375227123e-02 4.292392586603578053e+01 5.533532173193791426e-01 2.740731481913962209e-01 3.190984273585824837e+01
1.055795452898709463e+00 7.050119365445356445e-02 4.561818618208217657e+01 4.575491333066544763e-01 4.553892339850224569e-01 2.350910394335589260e+01
1.055349184925177264e+00 8.240879802858447345e-02 4.394179101406574262e+01 4.336152143456688535e-01 4.816554923696544921e-01 2.333432026513586521e+01
1.017446071266527641e+00 1.093577168595983862e-01 3.352038839822897387e+01 4.580532857901275512e-01 5.130878634332016741e-01 2.881553146093529705e+01
9.958866458941304511e-01 1.235464858431103291e-01 3.482014918329478803e+01 5.346887815315513048e-01 4.951477668142800770e-01 2.924334785338137976e+01
1.031275761020787218e+00 1.312451445046815268e-01 3.728906897775136997e+01 5.363224023952183339e-01 5.269614762037976297e-01 2.801301423576950000e+01
9.955717941823341022e-01 1.198776472722871966e-01 3.844439839619473531e+01 4.986103985260023075e-01 5.112016596450649208e-01 2.816866566825500584e+01
1.033504728751809099e+00 9.246842753586798080e-02 3.251806150901313686e+01 5.461073922702555095e-01 5.029197022808071793e-01 2.881743103253678484e+01
1.027576016645008083e+00 4.211400779642524017e-02 3.074342412922771928e+01 4.798629327705755121e-01 4.489613220131384863e-01 2.640020918163033414e+01
1.071437348150705793e+00 0.000000000000000000e+00 3.110547669418840400e+01 5.883482251907120597e-01 3.792308140506819303e-01 2.378815932513177955e+01
1.121257751737408936e+00 1.801563561711377187e-02 4.001075836605405556e+01 5.683024615287237680e-01 3.455345299460090835e-01 2.393993483673209965e+01
1.081207009290297005e+00 0.000000000000000000e+00 3.103970118734126160e+01 5.615257033750963300e-01 3.490289181404714891e-01 2.513115627849491673e+01
1.118484541221278938e+00 6.408146381963354676e-02 3.092926172580596145e+01 5.054115214998684547e-01 3.397208294488396341e-01 1.935083220464337828e+01
1.106803609118295117e+00 2.494475570785224805e-02 1.837412990424973458e+01 5.164699019438886429e-01 3.694256606953291722e-01 2.469378398676576225e+01
1.054427145270981914e+00 9.825625943969699960e-02 3.255804959055399195e+01 5.102415727849254345e-01 3.546939241862713810e-01 2.471059290727809099e+01
1.144625366946741440e+00 9.283774306756818750e-02 2.091760337435747985e+01 4.497105879410220330e-01 4.718479194365679530e-01 2.773721716661784242e+01
9.733279721784654503e-01 2.001026455433032800e-02 4.816504362561406083e+01 3.615616836963994607e-01 4.048957394979746383e-01 2.190386122413514514e+01
1.085818070784861922e+00 5.408490485858179903e-02 5.200000000000000000e+01 5.299859046542618746e-01 3.383253642205606426e-01 2.352496800797436904e+01
1.097737798493525707e+00 1.300522007119566184e-02 2.730631150815585073e+01 6.003145555094675512e-01 2.632711419493155569e-01 2.209622839476704570e+01
1.120998532257671876e+00 3.396868414112932943e-02 3.064001010197764430e+01 5.965931203891736700e-01 2.494099145512544136e-01 2.256353062425363021e+01
1.155554272203398014e+00 2.047401795540294833e-02 3.403607560687280653e+01 6.196747863941519663e-01 3.025220686226988698e-01 2.176555957182546663e+01
1.139865956827897930e+00 1.815853956853784312e-02 3.152596122951344171e+01 5.967374319714089381e-01 3.078904678239958170e-01 2.175849229820525110e+01
1.139865956827897930e+00 1.815853956853784312e-02 3.152596122951344171e+01 5.967374319714089381e-01 3.078904678239958170e-01 2.175849229820525110e+01
1.092101434853620656e+00 6.752773324359509499e-02 3.708527515959689680e+01 5.738350045563159751e-01 2.730822436358061878e-01 2.384165429280907489e+01
1.129608934206999482e+00 4.249027979015762568e-02 3.317955335041689580e+01 6.382406580724461209e-01 2.742232424928067736e-01 2.189610987539598952e+01
1.153498579227668408e+00 3.378419309185225206e-02 3.061660130843891992e+01 6.029655279986230187e-01 2.887662822113041816e-01 2.928523641299257108e+01
1.153498579227668408e+00 3.378419309185225206e-02 3.061660130843891992e+01 6.029655279986230187e-01 2.887662822113041816e-01 2.928523641299257108e+01
1.138177120885145444e+00 5.827109467542011811e-02 3.942681103642034657e+01 5.942035670930762015e-01 3.357274005931252803e-01 2.732421128361296425e+01
1.083744417645773117e+00 3.922552068805947728e-02 3.355201633320719168e+01 6.282303550791155100e-01 2.745050377553692744e-01 2.469203832173117164e+01
1.153341522128826568e+00 5.257139047521041525e-02 3.133308718472416743e+01 6.036983607711424726e-01 2.974147387372996776e-01 2.735302311202381986e+01
1.153341522128826568e+00 5.257139047521041525e-02 3.133308718472416743e+01 6.036983607711424726e-01 2.974147387372996776e-01 2.735302311202381986e+01
1.123716017403185718e+00 2.588992054039099266e-02 3.947700583496140325e+01 5.963917952113735321e-01 3.248851882733301832e-01 2.784011160942558050e+01
1.116970731396546235e+00 3.722690046353950913e-04 4.067869942944442840e+01 5.891330254550956047e-01 2.642636163625957657e-01 2.480870885578623231e+01
1.149568532291256329e+00 2.359820572553517071e-03 4.801618251040980567e+01 6.054779994655166142e-01 3.061579483875209728e-01 2.801206052988725048e+01
1.148938958810863387e+00 5.091718574893474430e-02 3.013875307701128392e+01 5.158183684008361691e-01 2.673907798413727166e-01 2.467273810593255590e+01
1.162759913307602533e+00 5.384973583704939781e-02 3.169147793962229542e+01 5.956777210155458357e-01 2.642514100456930803e-01 2.298750717164738688e+01
1.136520795669037742e+00 6.405337434749368286e-02 2.462750622086653252e+01 5.994773279303948765e-01 2.917387349715097056e-01 2.429072499403635987e+01
1.165950290484565777e+00 1.638989513651541510e-02 2.563949766593847457e+01 5.559773093125426335e-01 2.665460099743306444e-01 2.246271247825139028e+01
1.114036439009087331e+00 1.467610516605600546e-01 2.860960474371953310e+01 5.736489624349623284e-01 3.933782119334005567e-01 2.703372375009132256e+01
1.071404097522281385e+00 1.930270897313177969e-01 3.338161172029204948e+01 5.748022241319874492e-01 4.026815230600624407e-01 2.848660222704646827e+01
1.128927035868158235e+00 1.564534632611332965e-01 3.701353885354316731e+01 5.201798630487596276e-01 2.721151608391612631e-01 2.854634383770446959e+01
1.079734180862419235e+00 1.145025793655433111e-01 3.069867561287654212e+01 4.879450920511304024e-01 2.808389858437814190e-01 2.777034987489082596e+01
1.082750182481615031e+00 8.914143136487434615e-02 4.613989787484793226e+01 6.113700044001529887e-01 2.665204440647350737e-01 2.068995674214569291e+01
1.082750182481615031e+00 8.914143136487434615e-02 4.613989787484793226e+01 6.113700044001529887e-01 2.665204440647350737e-01 2.068995674214569291e+01
1.071728231172358603e+00 9.419427676741809474e-02 3.930425295001929697e+01 6.068700235843393909e-01 2.657716885154104425e-01 2.095258105641929092e+01
1.120538106803925515e+00 1.043701417599545711e-01 3.987731238851434767e+01 6.257824846667408014e-01 2.683645372078913849e-01 2.082448573233742906e+01
1.121951845844312956e+00 7.044348285925683406e-02 3.942823547198801037e+01 6.417604027883595519e-01 3.082559080157925568e-01 2.042259456796866957e+01
1.110765895186719643e+00 9.083293528151317742e-02 4.072283640515509262e+01 6.277145669265015160e-01 2.739676848339592796e-01 2.179562385379469447e+01
1.124078556489380931e+00 8.034674348400593080e-02 3.793286629275390709e+01 5.816288955276123218e-01 2.944885898385832257e-01 2.383178260478306143e+01
1.170273727355126914e+00 1.092554594035253790e-01 5.200000000000000000e+01 5.562751055120411792e-01 2.396940063442303537e-01 2.196055769573122163e+01
1.183233493712816609e+00 9.608586274101992009e-02 5.200000000000000000e+01 6.488994156858275408e-01 2.399932619243117238e-01 1.656319916527790070e+01
1.184563146022717728e+00 7.001631349335919741e-02 4.837366871967750370e+01 6.190734840627082347e-01 2.038592444841576534e-01 1.933352480542340501e+01
1.184851005528261503e+00 5.077389189644014589e-02 4.799361991469452704e+01 6.149480836919239968e-01 2.336598048142614348e-01 1.568279795189093839e+01
1.167496034427619289e+00 5.626634012210168789e-02 4.272764489348694639e+01 5.928216425853941596e-01 2.272139411508747875e-01 1.628704201424226738e+01
1.088128204738562310e+00 5.107256783571570424e-02 4.408700436638540765e+01 5.586631837160408454e-01 2.127767540894731080e-01 2.059404280977430091e+01
1.121135346881949602e+00 9.847001689717162221e-02 3.320094366927958163e+01 5.920741064650553165e-01 3.240496203524739771e-01 2.678405581164391336e+01
1.111687671715051007e+00 9.919805904202751157e-02 3.618084537002651757e+01 6.216690202706222079e-01 3.223111583164426364e-01 2.697678197680771106e+01
1.063851885105723039e+00 3.844742030320696946e-02 4.433137137215554446e+01 5.851111905271160207e-01 2.898964127442292815e-01 2.419739537193468948e+01
1.120455773342402761e+00 1.082246693050799985e-01 2.657976275202518224e+01 4.448240706189870997e-01 3.112045471811717978e-01 2.384268593352530274e+01
1.118457652505220334e+00 5.101820913779180761e-02 2.952830149405180293e+01 5.077170280133126434e-01 3.814316143825315364e-01 2.632932119159356077e+01
1.119898446638061484e+00 5.340527923037496211e-02 5.634824416441108319e+00 4.691147620743048585e-01 3.324949732750391296e-01 3.351034313422174193e+01
1.093989464470616735e+00 1.036488032314635543e-01 3.384833218699855450e+01 6.446469622110929665e-01 4.069407333500735802e-01 2.212486171525670997e+01
1.093989464470616735e+00 1.036488032314635543e-01 3.384833218699855450e+01 6.446469622110929665e-01 4.069407333500735802e-01 2.212486171525670997e+01
1.127955389585949320e+00 8.086209503005978294e-02 3.408326837020567979e+01 6.207113999907932778e-01 4.009255142071416755e-01 2.257910932671594750e+01
1.127955389585949320e+00 8.086209503005978294e-02 3.408326837020567979e+01 6.207113999907932778e-01 4.009255142071416755e-01 2.257910932671594750e+01
1.118006546758546937e+00 8.976893855984433013e-02 3.578189741119867762e+01 6.035643793053837580e-01 4.156980790730531172e-01 2.551960907845043991e+01
1.118780625005404428e+00 8.393474912387471898e-02 3.324868224124709570e+01 6.106369872771278962e-01 4.131759196223070973e-01 2.425069000627555482e+01
1.118780625005404428e+00 8.393474912387471898e-02 3.324868224124709570e+01 6.106369872771278962e-01 4.131759196223070973e-01 2.425069000627555482e+01
1.122675633637869597e+00 4.132164843670672882e-02 3.139158565674622281e+01 5.075844119170721536e-01 3.106504409867658634e-01 2.202025292033647474e+01
1.038440750471460783e+00 1.926791796815857660e-02 1.486552693445441342e+01 5.940346680530392831e-01 4.048076813334542945e-01 2.700217631051322087e+01
1.118307568428767107e+00 8.469150522184713814e-03 3.873131846846193582e+01 6.469953140093694932e-01 4.291982548374134732e-01 2.336201660702237959e+01
1.079488316560108574e+00 5.822079937379481818e-02 3.266553405175024238e+01 6.126762864852975943e-01 4.271756359035017714e-01 2.491590255053711189e+01
1.071350904399390291e+00 7.657576506615523804e-02 3.698289331710770966e+01 5.583991163409278702e-01 4.167228722964196330e-01 2.418161144975146115e+01
1.101196713474501543e+00 3.336818441676375063e-02 2.998928096927851072e+01 5.955068060646347972e-01 3.444716954005478948e-01 2.344334822353319581e+01
1.158497440667745515e+00 4.898975528774757171e-02 2.090825792950634110e+01 4.911884929748580597e-01 2.973691452485422437e-01 2.314984559816242893e+01
1.174349568191583426e+00 5.448120169566550777e-03 1.289122121449634406e+01 5.493753106131291641e-01 3.133453577989301908e-01 2.277643576734762476e+01
1.172535523587192374e+00 2.937506344800585797e-02 3.995696192171534022e+01 5.808248302825033127e-01 2.095465576741848135e-01 2.516127332334608013e+01
1.175324900419983498e+00 3.105242467333783896e-02 3.593634592621224755e+01 6.098945915417809394e-01 1.822086597517730833e-01 2.640242374663310088e+01
1.199584994393822823e+00 1.351265918404774904e-02 3.701680506720990849e+01 5.890393574023341516e-01 2.602027852637660010e-01 2.552253649206965491e+01
1.199584994393822823e+00 1.351265918404774904e-02 3.701680506720990849e+01 5.890393574023341516e-01 2.602027852637660010e-01 2.552253649206965491e+01
1.190315336171773986e+00 1.990549134041415952e-02 3.410693962683926372e+01 5.846087257791322545e-01 3.299563145959167332e-01 2.667901829406689629e+01
1.199591299206491213e+00 0.000000000000000000e+00 3.615273370921725160e+01 5.808957603631288436e-01 2.922075595645737822e-01 2.514076948206456663e+01
1.175230666756333919e+00 5.121494378934705882e-02 4.749366173021427073e+01 5.498180208491585397e-01 2.610560515503598245e-01 2.316347859184832458e+01
1.117908314062953767e+00 4.875384931684022261e-02 4.775712021562944187e+01 5.385076534884878363e-01 2.788845068037915653e-01 2.412834482485549259e+01
1.163893013053503234e+00 0.000000000000000000e+00 2.892877413536989550e+01 5.584662246345917236e-01 2.686379080732568259e-01 2.280786424325422601e+01
1.138296733187293741e+00 1.983095405286787460e-02 3.064778870582685499e+01 5.359864160633137642e-01 2.361996558364920229e-01 2.245124746241688740e+01
1.169450160587604204e+00 7.043743709588118351e-02 2.238256533647280122e+01 5.600606196156652228e-01 2.768068990948314712e-01 2.301898840825467119e+01
1.171996821418804124e+00 5.223853928376821082e-02 2.972952407587017021e+01 5.663876028444554400e-01 2.948589766683025193e-01 2.137941249236252261e+01
1.160765786346771966e+00 6.169250332267652015e-02 2.980262597522510148e+01 5.852636383681165677e-01 2.546261671636018686e-01 2.289764226347816845e+01
1.129841354111220886e+00 3.234877405730558070e-02 3.957717765082993111e+01 6.293986303643342994e-01 3.550805031795736810e-01 2.138394588195170698e+01
1.129841354111220886e+00 3.234877405730558070e-02 3.957717765082993111e+01 6.293986303643342994e-01 3.550805031795736810e-01 2.138394588195170698e+01
1.157637770379875697e+00 1.454477155551526374e-02 3.530976146213070876e+01 6.849077722522884937e-01 3.564401951098282173e-01 2.230079283140742064e+01
1.157637770379875697e+00 1.454477155551526374e-02 3.530976146213070876e+01 6.849077722522884937e-01 3.564401951098282173e-01 2.230079283140742064e+01
1.157637770379875697e+00 1.454477155551526374e-02 3.530976146213070876e+01 6.849077722522884937e-01 3.564401951098282173e-01 2.230079283140742064e+01
1.147581056326071769e+00 1.680700349678427435e-02 3.867669170504485976e+01 6.367351607104516642e-01 3.629516223049418233e-01 2.237415520840585614e+01
1.055369095372740595e+00 0.000000000000000000e+00 4.570558160124905811e+01 6.216421023252668432e-01 4.091626105249364098e-01 2.347973781763183254e+01
1.055369095372740595e+00 0.000000000000000000e+00 4.570558160124905811e+01 6.216421023252668432e-01 4.091626105249364098e-01 2.347973781763183254e+01
1.048294048542312007e+00 2.040590301319835168e-02 2.927878674175693163e+01 6.243548402723305690e-01 4.110457664388292298e-01 2.097075982189141641e+01
1.092320617718226083e+00 0.000000000000000000e+00 4.389905041840675892e+01 6.189271040718810069e-01 4.307005197182930956e-01 2.269047610942594062e+01
1.092320617718226083e+00 0.000000000000000000e+00 4.389905041840675892e+01 6.189271040718810069e-01 4.307005197182930956e-01 2.269047610942594062e+01
1.096939906320256064e+00 0.000000000000000000e+00 2.826749726460581513e+01 5.824853949441888279e-01 3.390197138818285549e-01 2.630295087073610105e+01
1.134337301384533481e+00 3.159562524964246166e-02 1.338897117045076257e+01 5.582817860552649059e-01 3.950272730341637950e-01 2.796151150099580818e+01
1.085640261727280453e+00 3.370749497553987561e-02 1.634491321848402379e+01 5.974451204139797911e-01 3.735448711348123285e-01 2.828924782854736009e+01
1.130938630046340654e+00 0.000000000000000000e+00 1.614287318423686202e+01 5.942004438789898479e-01 3.830242946089027489e-01 2.971827134928823000e+01
1.129031918299569170e+00 0.000000000000000000e+00 2.688608917332075521e+01 5.728695351668257052e-01 3.959318673744647854e-01 1.866341446376756608e+01
1.146776788644227940e+00 8.356594257094354661e-03 2.975892735318048921e+01 5.635597028593752889e-01 3.527353139379301727e-01 2.366281231625569248e+01
1.146776788644227940e+00 8.356594257094354661e-03 2.975892735318048921e+01 5.635597028593752889e-01 3.527353139379301727e-01 2.366281231625569248e+01
1.125417856260195526e+00 4.699269796025377921e-02 3.304174880592886865e+01 5.973720501145456385e-01 3.392592461811970161e-01 2.382276627595562246e+01
1.131368599306414646e+00 3.703050671042076164e-02 3.439680123768093267e+01 5.724965810345450379e-01 3.113372198668761248e-01 2.393880050641099899e+01
1.083742669474755171e+00 3.410624159463947896e-02 2.061770039767446860e+01 6.041156580690786315e-01 3.403867974854117295e-01 2.654590307244009750e+01
1.068999736900686282e+00 2.830586421062970814e-02 3.107732606135642328e+01 4.511071995834980419e-01 3.957162164628942325e-01 2.625566192386115461e+01
1.128676046155683954e+00 2.829159002965418029e-02 2.246572761370168791e+01 6.256832384476015418e-01 3.279200658217932274e-01 2.842800240771859066e+01
1.128676046155683954e+00 2.829159002965418029e-02 2.246572761370168791e+01 6.256832384476015418e-01 3.279200658217932274e-01 2.842800240771859066e+01
1.146747689941345127e+00 0.000000000000000000e+00 2.280358328114159150e+01 5.924714392045616895e-01 3.455261009415859230e-01 2.766730712836960393e+01
1.155443113500881136e+00 0.000000000000000000e+00 1.802264348349554268e+01 6.104671554463964034e-01 3.600380948884077670e-01 2.644035577511306911e+01
1.137339104192545580e+00 0.000000000000000000e+00 2.474311970317341292e+01 5.940462709631276761e-01 3.121673345760976881e-01 2.844016815684054933e+01
1.137339104192545580e+00 0.000000000000000000e+00 2.474311970317341292e+01 5.940462709631276761e-01 3.121673345760976881e-01 2.844016815684054933e+01
1.074579470793122216e+00 2.396965992226647579e-02 1.833166137774132665e+01 6.250546610557122795e-01 3.475645827417809253e-01 2.390410087305901499e+01
1.050842481483860613e+00 1.855372734881412244e-02 1.891649961046553585e+01 6.439806624625963316e-01 3.671247803567297963e-01 2.450497091825927143e+01
1.050842481483860613e+00 1.855372734881412244e-02 1.891649961046553585e+01 6.439806624625963316e-01 3.671247803567297963e-01 2.450497091825927143e+01
1.035769265449397070e+00 0.000000000000000000e+00 2.932086593892904247e+01 6.458395172149706820e-01 3.452014789180998799e-01 2.482283903025971483e+01
1.088446818313824505e+00 0.000000000000000000e+00 1.802364111872667252e+01 6.241857163123418761e-01 3.504457822341581208e-01 2.519880104667771903e+01
1.176601953198921802e+00 7.177783233530998785e-02 8.208339178976700623e+00 5.210639541616465253e-01 2.734767408435469505e-01 2.623987060744211419e+01
1.196747521063618258e+00 4.897654395495325275e-03 3.281223000250009392e+01 5.479296424372124275e-01 2.864889065760128917e-01 2.651176443595431920e+01
1.165509183456593378e+00 0.000000000000000000e+00 3.531159725163474405e+01 5.747916744530778832e-01 2.759196497430097539e-01 2.670212834659620427e+01
1.164602989796748478e+00 1.210287174318722819e-02 2.790211513195687942e+01 5.952391831632405372e-01 2.996452621786300230e-01 2.755814840157621504e+01
1.198667936587588301e+00 5.635084882394360110e-03 3.492724343650005636e+01 5.609148882724152019e-01 2.801628494424043825e-01 2.517236631688803428e+01
1.204528362369470917e+00 1.195794020939294072e-02 3.013326391928974957e+01 5.770608512997568162e-01 2.996643074435745291e-01 2.582521416346007470e+01
1.167231527743215480e+00 1.129335480593516433e-02 3.692287557144360477e+01 6.121582881317948477e-01 3.625482495878913913e-01 2.519762354600655030e+01
1.170985202266255909e+00 4.253503788554631806e-04 2.751597688426910082e+01 5.753851532440612537e-01 3.304778346609980044e-01 2.595639187790916580e+01
1.164630793666207031e+00 1.543837374514919064e-02 2.787793636635477412e+01 6.006213908222031161e-01 3.195888915509499939e-01 2.697299437267439970e+01
1.164630793666207031e+00 1.543837374514919064e-02 2.787793636635477412e+01 6.006213908222031161e-01 3.195888915509499939e-01 2.697299437267439970e+01
1.092174145549594799e+00 0.000000000000000000e+00 2.497792384190886139e+01 6.148110030816231752e-01 2.846781128681336592e-01 2.589825537700016156e+01
1.100629920559311303e+00 2.276124667230530058e-02 2.047341887364108359e+01 5.976054276852290625e-01 2.892418689100392792e-01 2.825107209190780111e+01
1.142041273224349229e+00 0.000000000000000000e+00 2.216873494881906126e+01 6.262187573668868135e-01 3.058211508531636369e-01 2.697902444568008917e+01
1.142041273224349229e+00 0.000000000000000000e+00 2.216873494881906126e+01 6.262187573668868135e-01 3.058211508531636369e-01 2.697902444568008917e+01
1.142536168736856039e+00 2.946314337662610250e-02 4.005083730997449010e+01 6.032352231649784624e-01 3.262159544704597014e-01 2.465059125097635473e+01
1.090734825715064638e+00 3.304268908849013198e-02 3.647589015148171399e+01 5.693914767707239921e-01 3.389100901307406377e-01 2.496103080027178578e+01
1.114570770758233520e+00 2.942005206525968516e-02 3.132136837729887446e+01 6.067829751886431033e-01 3.195628463098639793e-01 2.597079719970891531e+01
1.114570770758233520e+00 2.942005206525968516e-02 3.132136837729887446e+01 6.067829751886431033e-01 3.195628463098639793e-01 2.597079719970891531e+01
1.112835121826813323e+00 2.725801003337637723e-02 4.121072424820490454e+01 6.057170974871247671e-01 2.810569529200576122e-01 2.681489462993843631e+01
1.112835121826813323e+00 2.725801003337637723e-02 4.121072424820490454e+01 6.057170974871247671e-01 2.810569529200576122e-01 2.681489462993843631e+01
1.148349304396435455e+00 4.435826500673023531e-02 4.173086233297672720e+01 5.860927608736424821e-01 3.244976265364838963e-01 2.717289159991831227e+01
1.172070175047598806e+00 5.185740156538896917e-02 3.658639998825526618e+01 5.984276061291825544e-01 2.893850209248391425e-01 2.799399659563049170e+01
1.172070175047598806e+00 5.185740156538896917e-02 3.658639998825526618e+01 5.984276061291825544e-01 2.893850209248391425e-01 2.799399659563049170e+01
1.155187831990204694e+00 5.622296387425732012e-02 3.179087662745827458e+01 5.812015044430934863e-01 2.614364051542052980e-01 2.626143064134373262e+01
1.098142554789155900e+00 2.747649485160353830e-02 2.781602690760589880e+01 5.101522169149692587e-01 4.160469460901837779e-01 2.307928202363936165e+01
1.048465269439209147e+00 7.014670242433830583e-03 2.214299913284877164e+01 5.599698749758198479e-01 4.223283343758985620e-01 2.165365149130395039e+01
1.078401313850361642e+00 0.000000000000000000e+00 2.641803555702377793e+01 5.279733764334525459e-01 3.936537712037342374e-01 2.078179935650442545e+01
1.031668560429286785e+00 4.018815040533459115e-02 4.481459881756214259e+01 4.464158702820730240e-01 4.256595428088227884e-01 3.050856639740184306e+01
1.080830090666609289e+00 5.836516799217538604e-02 3.448095841551081975e+01 5.100685450694097955e-01 4.502744440940312232e-01 2.788984754898316964e+01
1.056912683062955827e+00 1.017403927494800048e-01 3.028917815797023749e+01 4.597496875546443484e-01 2.003157242652656711e-01 2.951429958551253563e+01
1.140115246096920387e+00 1.074408696569813249e-01 3.898301526689169094e+01 5.038167516546077085e-01 1.939566244250223170e-01 3.196447259995836276e+01
1.190053899896494904e+00 5.979924650356854832e-02 2.374038419334935668e+01 4.650856951709846920e-01 2.547033281990465636e-01 2.830452366349078730e+01
1.143834286748407703e+00 7.416466049085430889e-02 2.693586718441710204e+01 5.082110263098912339e-01 3.649559840764227125e-01 2.514566023821619467e+01
1.108808105368856101e+00 4.651764639968891668e-02 3.572147009601766143e+01 5.732182974507196160e-01 3.521192472664694262e-01 2.374483050177613919e+01
1.099548257382248373e+00 6.874807075368138953e-02 3.754885260081372422e+01 5.891051989089165497e-01 2.822768257769784905e-01 2.600836012180299761e+01
1.078098125295781307e+00 6.045133188655303635e-02 4.529721777320905574e+01 5.820151918105048727e-01 3.009534863448736219e-01 2.647112364010889252e+01
1.009163637886363540e+00 5.177130331850468559e-02 3.870271909701509827e+01 6.041547020846405047e-01 3.823025551441625036e-01 2.676670091828506415e+01
1.082344044864243848e+00 4.608026774718555069e-02 3.767547132386528119e+01 6.025064041427574679e-01 3.787242140878655516e-01 2.411671002140532494e+01
1.096480178129348948e+00 0.000000000000000000e+00 2.621856188159625844e+01 6.054419030501032584e-01 3.839097054837523060e-01 2.609787300754955908e+01
1.096480178129348948e+00 0.000000000000000000e+00 2.621856188159625844e+01 6.054419030501032584e-01 3.839097054837523060e-01 2.609787300754955908e+01
1.145854230650805938e+00 0.000000000000000000e+00 3.549248904571354757e+01 6.097831033452526528e-01 3.658682808437049849e-01 2.491526183351659540e+01
1.145854230650805938e+00 0.000000000000000000e+00 3.549248904571354757e+01 6.097831033452526528e-01 3.658682808437049849e-01 2.491526183351659540e+01
1.117959877219083964e+00 0.000000000000000000e+00 2.410103283655285367e+01 6.029569106301660986e-01 3.706318591190606027e-01 2.447140956983259841e+01
1.116128130788519357e+00 0.000000000000000000e+00 3.355721350449636020e+01 6.323361637795934520e-01 3.833873823904935807e-01 2.579385501480158283e+01
1.116128130788519357e+00 0.000000000000000000e+00 3.355721350449636020e+01 6.323361637795934520e-01 3.833873823904935807e-01 2.579385501480158283e+01
1.025325361678810276e+00 2.754456892023777678e-02 3.204946295931118527e+01 5.964695349361640586e-01 3.686614141826453639e-01 2.515862132313112198e+01
1.246783393080987512e+00 4.660295066523364310e-02 2.728707373208795062e+01 6.453508457499613771e-01 2.948431688559642327e-01 1.854613753538644261e+01
1.246783393080987512e+00 4.660295066523364310e-02 2.728707373208795062e+01 6.453508457499613771e-01 2.948431688559642327e-01 1.854613753538644261e+01
1.250760323023457632e+00 7.863261293552417652e-02 3.042013925417850473e+01 6.483169533815705821e-01 3.117864805759503755e-01 1.943445565678158005e+01
1.169027106753367518e+00 1.503511743371104339e-02 2.294104112350112246e+01 5.783974008626835417e-01 3.508278039189573483e-01 2.125125203609078994e+01
1.123301656376497260e+00 1.407649350576662718e-02 1.996407067642184430e+01 5.920108053487252997e-01 3.797103388204057239e-01 2.023157358447934939e+01
1.117548936777716717e+00 0.000000000000000000e+00 1.295458859245835370e+01 4.957396205926550836e-01 3.211688062268803767e-01 2.510373708126563130e+01
1.169444662595294337e+00 0.000000000000000000e+00 1.694321083607097123e+01 5.191001193227270383e-01 2.853007430700575386e-01 2.836729547416154773e+01
1.027845185206916812e+00 5.184043130318803649e-02 1.312762090145256799e+01 4.169547103801984345e-01 4.392902055662473160e-01 2.719045416409825222e+01
1.063177528554247742e+00 6.881308067960253960e-02 8.181457767943904003e+00 4.152409834910010811e-01 4.286326984469994161e-01 2.475411832363505482e+01
1.086971637625086196e+00 4.315789114836234008e-02 1.103348702023236427e+01 4.973413800302867727e-01 3.848767707474774480e-01 2.596128974691040625e+01
1.075283785368627676e+00 6.021696290430104959e-02 1.813596166719385394e+01 4.936478934751468151e-01 3.737842485392592340e-01 2.711072400918212111e+01
1.111896117469229894e+00 5.752993833779165844e-02 3.354535834787299109e+00 4.546174555594941769e-01 3.657333752278999484e-01 2.879945627094447858e+01
1.081377911247744628e+00 8.291953794315254367e-02 4.617537945444240677e+00 4.805355127656672498e-01 3.440710974389502019e-01 2.954878900549392640e+01
9.810756180781687874e-01 1.031021562700043248e-01 5.787381241358983353e+00 4.644335965783391029e-01 3.119028635497484436e-01 2.627549110986364411e+01
1.022638675120259633e+00 1.538009770211949678e-01 2.067685405417810429e+00 4.531970864751928563e-01 3.398635203496996882e-01 2.699668345006927339e+01
1.069884616756938023e+00 6.646951566508443876e-02 2.441175851402995978e+00 4.400256992138588119e-01 5.026596965742183842e-01 2.115603320463805659e+01
1.016362347158894064e+00 3.612963810749622584e-02 2.904947756422383343e+00 5.063245065370688414e-01 4.606915402527157477e-01 2.424073679905440315e+01
9.999395938837984943e-01 5.519817651257912655e-02 2.285461416025797110e+00 4.545003063853030323e-01 4.703015766722472013e-01 2.435239785301406812e+01
1.176190104799463398e+00 6.990904504120092067e-02 3.998305364383718086e+01 5.869156894093597865e-01 3.148357801583474558e-01 3.093168130878067146e+01
1.144197668372580301e+00 8.796581454199570160e-02 3.738679771244033390e+01 5.729565081757376221e-01 3.238571369055597282e-01 2.896079858438599430e+01
1.164192817290463644e+00 8.281390593523573623e-03 2.437514593465162349e+01 6.091230358819325064e-01 3.383914536415907337e-01 2.275406491733840753e+01
1.124931209091173612e+00 6.047168073570946545e-02 2.388939381434720133e+01 5.787617962288577056e-01 3.550138574298754013e-01 2.492150419345983892e+01
1.179240472091656722e+00 4.879143160360535636e-02 2.328331414055792337e+01 5.819617611032791293e-01 3.561226423657795626e-01 2.439441169117097630e+01
1.140975456729215409e+00 5.642976613395337543e-02 1.211284440596172374e+01 5.670053431154090662e-01 3.997870329883063123e-01 2.018895409846796341e+01
1.135857548702052355e+00 3.038608481343747086e-02 1.497836966427786365e+01 6.059104381594456745e-01 3.924943779223904472e-01 2.195702248812501267e+01
1.099024884918105460e+00 9.686533875795427795e-02 3.038280921914596178e+01 5.520918800805942883e-01 4.306907614787477967e-01 1.667238038940508105e+01
1.112189880345752613e+00 1.098153763195179045e-01 3.180492470391119042e+01 5.496591643312198627e-01 3.951958209824026347e-01 1.511963933204834021e+01
1.085558347426817116e+00 1.085202329051930814e-01 2.707683520028044910e+01 5.850680008901826268e-01 4.070330830611728068e-01 2.150138826941708103e+01
1.085558347426817116e+00 1.085202329051930814e-01 2.707683520028044910e+01 5.850680008901826268e-01 4.070330830611728068e-01 2.150138826941708103e+01
1.189418395872049894e+00 8.999549897246082730e-02 2.787183167618879054e+01 5.217132858694210062e-01 4.357775471553833602e-01 2.019555578899951342e+01
1.125009970312623730e+00 2.037263037741367244e-02 2.393352611534016461e+01 5.227833584140988421e-01 4.014758302201885121e-01 2.234665015102531527e+01
1.196237859346061416e+00 5.629969082531505187e-02 1.967439573294807786e+01 5.445339168165044264e-01 4.243750524945588687e-01 2.176837742699835587e+01
1.150964611375291380e+00 4.860474193180484154e-02 2.677181678874619308e+01 5.277783152155703927e-01 3.459688173135133660e-01 2.117547215453188869e+01
1.174165829777900738e+00 3.362419912653460269e-02 1.590987962454616067e+01 5.376307079745867856e-01 3.570300438054796466e-01 2.118432927087352624e+01
1.107173433019473130e+00 1.127518916609002025e-01 2.639452621624449336e+01 5.489105753890242134e-01 4.688848318442911944e-01 1.693192211795050639e+01
1.083175342075422209e+00 4.598237230550792504e-02 6.011154942512185961e+00 5.411909745067303712e-01 4.438259441077321288e-01 2.865927637177887277e+01
1.043889894899796777e+00 7.324771487584220281e-03 2.698072938057503123e+01 4.768969022818496106e-01 4.411344478839878125e-01 2.540760892040360019e+01
1.128228981215939175e+00 0.000000000000000000e+00 3.024230416798703747e+00 5.748770966259324489e-01 4.141233451963471368e-01 2.236839881257525420e+01
1.127688812341184565e+00 0.000000000000000000e+00 4.601593723966161065e+00 5.702022387710090623e-01 4.439705388591435042e-01 2.066897887966591441e+01
1.137066882960066305e+00 2.984613650717853409e-02 7.004737565773780261e+00 5.705339511585446610e-01 4.579392974566572350e-01 2.331392843012029203e+01
1.156995926716296585e+00 2.815303341433409920e-02 1.603441082750813251e+01 5.269356814236967335e-01 4.428965209157846306e-01 2.212152962035596460e+01
1.143806375281754439e+00 5.514675238634440813e-02 2.600184012296180214e+01 4.871647383479695836e-01 2.851605050021920884e-01 2.799837035364524596e+01
1.086718290824068900e+00 1.050475087619884978e-01 4.687332833287631217e+01 4.534896003587386426e-01 2.035947849594249848e-01 2.646634295212181343e+01
1.093973250643558215e+00 8.702093489640644330e-02 2.768778106695591745e+01 5.966970485418442438e-01 2.319218984461683675e-01 2.603474626854930918e+01
1.036195370272133598e+00 1.820878218100904222e-01 4.578772558218833666e+01 6.065987617828277889e-01 2.865521630420622134e-01 2.004464978834991129e+01
1.119377155708779048e+00 4.911359494978750906e-02 3.046809004195297987e+01 5.217096352734181819e-01 2.917559918281398823e-01 2.351554746215005309e+01
1.158653481989488920e+00 5.364173849741133565e-02 3.921727727291401777e+01 6.053260250681026244e-01 2.710042707015483110e-01 3.026223295940240732e+01
1.177222971924958506e+00 4.572791956455694168e-02 4.476044862172992111e+01 5.733312311871539002e-01 2.861698096595525209e-01 3.287643801082523254e+01
1.210439736748809114e+00 6.174228248798524499e-02 3.445474920928618445e+01 5.922099640680936750e-01 2.696273000935172082e-01 3.344664269611504182e+01
1.166242126584027483e+00 9.550621550520750624e-02 3.087967889613946326e+01 5.911305316373606233e-01 3.385292729524346789e-01 2.999747354151978485e+01
1.196102355475061385e+00 8.263188429933000789e-02 2.393872505976367648e+01 5.823591397685552451e-01 2.930475407890327788e-01 3.334847462567739029e+01
1.196102355475061385e+00 8.263188429933000789e-02 2.393872505976367648e+01 5.823591397685552451e-01 2.930475407890327788e-01 3.334847462567739029e+01
1.237647695597499542e+00 6.780242045962789343e-02 1.760974064625800395e+01 6.018003798645821245e-01 2.898786959247806605e-01 3.305875023186639083e+01
1.276283766982984291e+00 6.723282670324763621e-02 2.430584868815011035e+01 6.017866734920139793e-01 2.947643067117014515e-01 3.099797621150256077e+01
1.276283766982984291e+00 6.723282670324763621e-02 2.430584868815011035e+01 6.017866734920139793e-01 2.947643067117014515e-01 3.099797621150256077e+01
1.262977413251971992e+00 7.396569305638357739e-02 1.924279884989589107e+01 6.145058711349824510e-01 3.033492445294535544e-01 3.132942525623296603e+01
1.148717219130153122e+00 5.655081286596332774e-02 1.469908362327306861e+01 5.709991028080693143e-01 3.501622079415653843e-01 3.344156795265108428e+01
1.121398268304266255e+00 6.111215682575703301e-02 1.776656546221235899e+01 5.872495155624766205e-01 3.155889563441977574e-01 3.285524400798166766e+01
1.180939227725231744e+00 4.897624018685303726e-02 2.629337238755144313e+01 5.623027059724053922e-01 3.564477416465620108e-01 3.126137568644598019e+01
1.194980878109596301e+00 3.914279363807277728e-02 3.660499734721677356e+01 6.112922936068523327e-01 2.916531040680007125e-01 2.109056190730749591e+01
1.194980878109596301e+00 3.914279363807277728e-02 3.660499734721677356e+01 6.112922936068523327e-01 2.916531040680007125e-01 2.109056190730749591e+01
1.175681630172353609e+00 5.420589134335007664e-02 2.611881088772756243e+01 6.259350890148210889e-01 3.351937804066074111e-01 2.322201181451905327e+01
1.123145081165242809e+00 9.499137046111383320e-02 2.998248556597306802e+01 6.073001808618609942e-01 3.121057814461596913e-01 2.153259415366596485e+01
1.146182732919441838e+00 9.154483294894137646e-02 2.788501799430272499e+01 6.056158276145124919e-01 3.375382863261651711e-01 1.878208349482214601e+01
1.166740215014358650e+00 7.459493925792337610e-02 2.183734509347893038e+01 6.114573607469870886e-01 3.522735710118339303e-01 2.062411990201558609e+01
1.166740215014358650e+00 7.459493925792337610e-02 2.183734509347893038e+01 6.114573607469870886e-01 3.522735710118339303e-01 2.062411990201558609e+01
1.196688347907770789e+00 7.361128119376217360e-02 1.414190109579080357e+01 5.832286737711880331e-01 2.892088854888431038e-01 2.413362264490496401e+01
1.232551726745692244e+00 8.781036312926890353e-02 2.343078388257834632e+01 6.343491250217904165e-01 3.277375414900797201e-01 2.715113649137856200e+01
1.269681056337889968e+00 3.281882427470065450e-02 2.427889525587352537e+01 6.051731131590959434e-01 2.951894091518098007e-01 2.729853237948826816e+01
1.232952015239788146e+00 1.473662173619452904e-02 2.246910684621325416e+01 5.827901198176628217e-01 2.796241556147141538e-01 2.539399881681437421e+01
1.216207942942017395e+00 1.329060346311963098e-02 2.249393014234306065e+01 6.385163376903083554e-01 2.834780366838429710e-01 2.759454709116743842e+01
1.216207942942017395e+00 1.329060346311963098e-02 2.249393014234306065e+01 6.385163376903083554e-01 2.834780366838429710e-01 2.759454709116743842e+01
1.287002790541606601e+00 1.686107996245731280e-02 1.387567228113549689e+01 6.189814027397798624e-01 2.755645419118308848e-01 2.705262449330538743e+01
1.287002790541606601e+00 1.686107996245731280e-02 1.387567228113549689e+01 6.189814027397798624e-01 2.755645419118308848e-01 2.705262449330538743e+01
1.211430427158573409e+00 4.381041825184101707e-02 2.985674337916202603e+01 6.166479190376995545e-01 2.766578675367414308e-01 3.093635942242984882e+01
1.228037220738000812e+00 4.501581988148926211e-02 3.061513624314195781e+01 6.152670575829528588e-01 2.475962585350690581e-01 3.159123495258230108e+01
1.194047203836201332e+00 2.788022693611187305e-02 2.843682629808338547e+01 5.726409897400511761e-01 2.522470706103386306e-01 3.081179316597558682e+01
1.194047203836201332e+00 2.788022693611187305e-02 2.843682629808338547e+01 5.726409897400511761e-01 2.522470706103386306e-01 3.081179316597558682e+01
1.209558348997690880e+00 4.369079160094638953e-02 3.087498441040100161e+01 5.880420086169290128e-01 2.755080869654641940e-01 2.876916446256681681e+01
1.145827909546155876e+00 5.156778597137892661e-02 9.449458817311768399e+00 5.663802641996807941e-01 3.269979420248999014e-01 3.021097294158293778e+01
1.163074321648597920e+00 5.320791157944943645e-02 1.455770323238879627e+01 5.897888809656344211e-01 3.243031104168683232e-01 2.918026256744243696e+01
1.163378453353067554e+00 1.818945220352538236e-02 8.227400904182525565e+00 5.827853606534504349e-01 3.239986861694286735e-01 2.636847554262611482e+01
1.163378453353067554e+00 1.818945220352538236e-02 8.227400904182525565e+00 5.827853606534504349e-01 3.239986861694286735e-01 2.636847554262611482e+01
1.193456885784276222e+00 0.000000000000000000e+00 2.074924284161188837e+01 5.711279462886073022e-01 3.345774890683025915e-01 2.824690406972860757e+01
1.190477934125525605e+00 4.422675133829452598e-02 1.874604842664390958e+01 5.717155973089571575e-01 3.558477014222805046e-01 2.594243784480196169e+01
1.177501840309479242e+00 8.032714588231905720e-03 1.904154729214757680e+01 5.776558910998266239e-01 3.503732205279391776e-01 2.650507826593771554e+01
1.169815255715405566e+00 2.691294637391518363e-02 1.708812106007408005e+01 5.921233213445004084e-01 3.230729172354993017e-01 2.541574674298259851e+01
1.169815255715405566e+00 2.691294637391518363e-02 1.708812106007408005e+01 5.921233213445004084e-01 3.230729172354993017e-01 2.541574674298259851e+01
1.208869306390214726e+00 4.341206384276263819e-02 2.926448685383982706e+01 5.344735982488185710e-01 2.454288845407926467e-01 2.937692484310528229e+01
1.187657494177526196e+00 7.691967203658535424e-02 2.295052969207405624e+01 5.478891254021026613e-01 3.311280321700930673e-01 2.790292724019927917e+01
1.201666713045574042e+00 6.767382466956024800e-02 3.070192869150487169e+01 5.499753759535430664e-01 3.209392594221874839e-01 2.871810621109349526e+01
1.104031265548899743e+00 2.402579940646609735e-02 1.048866804109839457e+01 4.947472164382024085e-01 3.369229498628130703e-01 2.960299947521579611e+01
1.154726588656671549e+00 0.000000000000000000e+00 2.859310171413173052e+01 5.496782765339147669e-01 3.761831703321710796e-01 2.423851364583581258e+01
1.101573745478406474e+00 7.984307270567099490e-02 3.369965302104812110e+01 5.338646152280950297e-01 3.358235324197750282e-01 2.726520641480202300e+01
1.032040070782415331e+00 4.990256901988792543e-02 3.824980994471934537e+01 5.351753843566401381e-01 3.207695503175055918e-01 2.508870618726737334e+01
1.101698013821236222e+00 2.074306730114349601e-02 3.883878342952539242e+01 5.607896718440258388e-01 2.508861261293897638e-01 2.752464705308701909e+01
1.109506364172002657e+00 5.808417100082305384e-02 2.945627769818515063e+01 6.358652514852271009e-01 4.436633750076550697e-01 2.758549554707800056e+01
1.082527419921601952e+00 7.084853241085251052e-02 3.096554729844209675e+01 6.081349337686312584e-01 5.050886537756594796e-01 2.637691084728406210e+01
1.063311769960223474e+00 7.391054597642121582e-02 3.176698385774481537e+01 5.972385478251456270e-01 4.312036033071095509e-01 2.832822305246735439e+01
1.067137638302991354e+00 1.282760242866994860e-01 5.200000000000000000e+01 5.670692277268972736e-01 3.644325264117610486e-01 2.906078326952621538e+01
1.061007943780031937e+00 7.912493327041522639e-02 4.561916301477408098e+01 5.189052739586731411e-01 3.781765533085562070e-01 2.638472909791157406e+01
1.058493153443814672e+00 6.030469946505552514e-02 3.777283856796617556e+01 5.980142182628922498e-01 3.421038650939107195e-01 2.097525719078203821e+01
1.037509594106366784e+00 7.737738110709772854e-02 3.780594493859463512e+01 6.491034652462570609e-01 3.980905336136477124e-01 2.299256054830379981e+01
1.072659935982427593e+00 1.460570779060784141e-01 3.532339847077103201e+01 6.211391302858172425e-01 4.081547990570601470e-01 2.078709777393168068e+01
1.083441026511656302e+00 1.181939137205089141e-01 3.919814493072554029e+01 5.492024755400041203e-01 4.253990173299809219e-01 2.288262274713667210e+01
1.084964475152454311e+00 1.054018736955487506e-01 3.531500941154062190e+01 5.309409401716657095e-01 3.793178389470260869e-01 2.394642977002403583e+01
1.179047513020657245e+00 5.437682790027410784e-02 3.345736063251669634e+01 6.023022689187454981e-01 3.052225893190816941e-01 2.612061122311557426e+01
1.179047513020657245e+00 5.437682790027410784e-02 3.345736063251669634e+01 6.023022689187454981e-01 3.052225893190816941e-01 2.612061122311557426e+01
1.189407081424888712e+00 5.320039198343676917e-02 3.778773551880695436e+01 5.727870335847361494e-01 3.272191124822893538e-01 2.711486135990813651e+01
1.182426061821874930e+00 8.137647223717164868e-02 2.827626563284795225e+01 5.583567196357845930e-01 3.713761009372982258e-01 2.496530157298285957e+01
1.174842658665069983e+00 2.213798988255242725e-02 4.543556673644198440e+01 5.434822435792532325e-01 3.540402545980769200e-01 2.729784495113856835e+01
1.148321121159641800e+00 4.387701633381287103e-02 2.740120969038965981e+01 5.964107448567993464e-01 3.415921736466568936e-01 2.919889022611371132e+01
1.152836995517657837e+00 3.921404006384747454e-02 2.527113343332298001e+01 6.191288824181321315e-01 3.365571189209390912e-01 2.727863863187960547e+01
1.164623385338761530e+00 6.398042213829491925e-03 3.287342217407086054e+01 6.032345241414139858e-01 3.579132559320417073e-01 3.089998078070428633e+01
1.166232627175910475e+00 3.835665856079132491e-02 1.939437297457786613e+01 6.075244231502562320e-01 3.865244243695568072e-01 3.211097723003395998e+01
1.166232627175910475e+00 3.835665856079132491e-02 1.939437297457786613e+01 6.075244231502562320e-01 3.865244243695568072e-01 3.211097723003395998e+01
1.164854365262840696e+00 3.077555578737975472e-02 1.911888443316221498e+01 6.143029593929251186e-01 3.945439469250172637e-01 3.117087588452003644e+01
1.157063949027871130e+00 0.000000000000000000e+00 1.869545043177743793e+01 6.015634048122855404e-01 3.819153081524068738e-01 3.165416179335831615e+01
1.157063949027871130e+00 0.000000000000000000e+00 1.869545043177743793e+01 6.015634048122855404e-01 3.819153081524068738e-01 3.165416179335831615e+01
1.167136103113906920e+00 4.242914814530912571e-02 2.375679275452532835e+01 6.375245405093170614e-01 3.381096756648028223e-01 3.503619707946404560e+01
1.237060969298114488e+00 1.250606899492717750e-03 2.830055886832775869e+01 6.065899165283443750e-01 3.875600836862342913e-01 2.672303964882954475e+01
1.167010397993836879e+00 4.109999786561308044e-02 3.356599210530328037e+01 6.068842470589568272e-01 3.868001093542978164e-01 2.780175224193662586e+01
1.167010397993836879e+00 4.109999786561308044e-02 3.356599210530328037e+01 6.068842470589568272e-01 3.868001093542978164e-01 2.780175224193662586e+01
1.185015414263550948e+00 6.386450209747329687e-02 2.951414058161982368e+01 5.696178561534982476e-01 3.676029378830932282e-01 3.052993551748067347e+01
1.180089003034723527e+00 6.684921673456641067e-02 2.340614738880466561e+01 5.692635125955385345e-01 4.147033444637583943e-01 3.000748592803483561e+01
1.175175239448597697e+00 3.581902367914382296e-02 2.785343502877768884e+01 5.841294257160459802e-01 3.845762829905429725e-01 3.049168469078796306e+01
1.175175239448597697e+00 3.581902367914382296e-02 2.785343502877768884e+01 5.841294257160459802e-01 3.845762829905429725e-01 3.049168469078796306e+01
1.158151305390157759e+00 4.702747327810995193e-02 3.022499416855965393e+01 5.442446590596495826e-01 3.655218763416240857e-01 2.866885538597245286e+01
1.163811438203194992e+00 8.992374640539535502e-03 2.505068235822144374e+01 5.455811276520932118e-01 3.676677508622718249e-01 2.876182227744936881e+01
1.136388980077031929e+00 4.229250518909166007e-02 1.822712308204719278e+01 5.715947209739989932e-01 3.640744252658831837e-01 3.078693115758798271e+01
1.182320001109423480e+00 3.042986197364712375e-02 2.446415777361809418e+01 5.449513160060953654e-01 3.917193361721154066e-01 3.131358108677635599e+01
1.182320001109423480e+00 3.042986197364712375e-02 2.446415777361809418e+01 5.449513160060953654e-01 3.917193361721154066e-01 3.131358108677635599e+01
1.178453184417717736e+00 1.620746268134250212e-03 2.868862088499206209e+01 5.655830034369324633e-01 3.980523553050482333e-01 3.186930880371530250e+01
1.179414105998202178e+00 1.320789516524155556e-02 1.560116834168318256e+01 5.590465801774332499e-01 4.060631698313029170e-01 3.087345604930734666e+01
1.171629938827865702e+00 1.933260338378661736e-02 2.536618522451467683e+01 5.603408749543027367e-01 3.510657644953446010e-01 3.142732980793861941e+01
1.068474607615711003e+00 2.575177854560730534e-02 1.857717132380029312e+01 5.333296660740209916e-01 3.155394248496453113e-01 2.764089665845106936e+01
1.092672618758969705e+00 7.091331709291716356e-02 2.695047917960094352e+01 5.462731608654297633e-01 3.441693662558501510e-01 2.181055652360204533e+01
1.074029665419917290e+00 9.047714380548367574e-02 3.347910696093720162e+01 6.812011811222932200e-01 3.226892770799709154e-01 1.922219692149727166e+01
1.074029665419917290e+00 9.047714380548367574e-02 3.347910696093720162e+01 6.812011811222932200e-01 3.226892770799709154e-01 1.922219692149727166e+01
1.101650538614982189e+00 4.800518303241948365e-02 2.630061128200310705e+01 6.091296481312397093e-01 3.072063626566516881e-01 2.024604343206350876e+01
1.094134175766651840e+00 9.328598173486962741e-02 2.674305908576084079e+01 6.064844312701926921e-01 3.165194494909480682e-01 2.080353157217767901e+01
1.060283913868035555e+00 9.186207783231577217e-02 2.016517433591778286e+01 6.515111642100854805e-01 2.848874106960419539e-01 2.007643500923790469e+01
1.171160642800189056e+00 5.102957422211278765e-02 3.046821757846357670e+01 6.231056006451932694e-01 3.090410521712160241e-01 2.198552356539826746e+01
1.217798883511882924e+00 3.545652504215086875e-02 3.044180795178230881e+01 5.885306960698517553e-01 3.327790446057430351e-01 2.278303005803662984e+01
1.104345620700883934e+00 3.824303665259896901e-02 2.888349657507243506e+01 6.622404265856746131e-01 2.690033954170096830e-01 1.866137580895043158e+01
1.128789691336453904e+00 3.837537910259038870e-02 3.436986670110179887e+01 6.410398310676835854e-01 3.449603867897815257e-01 1.982418172758771036e+01
1.128789691336453904e+00 3.837537910259038870e-02 3.436986670110179887e+01 6.410398310676835854e-01 3.449603867897815257e-01 1.982418172758771036e+01
1.079653155327329195e+00 6.914108149243589074e-02 3.810151769898631358e+01 6.243972438928760971e-01 2.912141251251754714e-01 2.139847698468247827e+01
1.079653155327329195e+00 6.914108149243589074e-02 3.810151769898631358e+01 6.243972438928760971e-01 2.912141251251754714e-01 2.139847698468247827e+01
1.119265140558823646e+00 6.163284657947837308e-02 3.546851526931362031e+01 6.679388002701173166e-01 2.934125488479797372e-01 2.080784024172746882e+01
1.119265140558823646e+00 6.163284657947837308e-02 3.546851526931362031e+01 6.679388002701173166e-01 2.934125488479797372e-01 2.080784024172746882e+01
1.177558362419728111e+00 6.692454219638785048e-04 1.284122215019614544e+01 4.845243705978498627e-01 3.545582338890960750e-01 3.411344016346732388e+01
1.213003466578820522e+00 1.210748697094353316e-01 2.341709597260236464e+01 5.837723218870737307e-01 3.488354495484979889e-01 2.402858828102627342e+01
1.264536761679706744e+00 1.387662031837612608e-01 3.673149776079044670e+01 5.776800522545165739e-01 3.347203020007576413e-01 2.761546597838109562e+01
1.224602224478615664e+00 1.177116643829793224e-01 3.157613182539042640e+01 6.049562041777948318e-01 3.272205436432719661e-01 2.804292410376882572e+01
1.263033515683094077e+00 1.226436882293097524e-01 1.596467966110663461e+01 6.103589049551187973e-01 3.219138130457956937e-01 2.860809678747727602e+01
1.208440815341918606e+00 1.151022681432596895e-01 2.362820233409484061e+01 5.753717098455378709e-01 3.708998181712851450e-01 2.625759245711299883e+01
1.217464298990694527e+00 8.941392853805293917e-02 2.008298959406420181e+01 5.958423550361093834e-01 3.529865233996025142e-01 2.804149784648604182e+01
1.180673585958980754e+00 4.452424757994833532e-02 2.577914582725734149e+01 4.446051531130005841e-01 3.719178555651931339e-01 2.964796076124812885e+01
1.116294917267699915e+00 9.148244935108344744e-02 3.160153039232205074e+01 4.816856712420015674e-01 4.323970520633504400e-01 2.891165903301403972e+01
1.220717883446437613e+00 1.245814147935093985e-01 3.935937379630443989e+00 5.459952215902759143e-01 4.166656397880982299e-01 3.091406297544047277e+01
1.261252175000945108e+00 1.344726804350035998e-01 1.348845942450512325e+01 5.899778932466855919e-01 4.057678088913300174e-01 2.695058727482783212e+01
1.142768890014332017e+00 5.131366397805080248e-02 1.337072508904731372e+01 5.359500537220759364e-01 3.839002209728876180e-01 3.193055763048085538e+01
1.121621497881518881e+00 6.883534167927071734e-02 7.924720387127655030e+00 5.397819767571645500e-01 4.026485315150526989e-01 3.348255598675597611e+01
1.210092014964748497e+00 8.137786145454270481e-02 2.646437660710180495e+01 5.877369972917585450e-01 3.330710534872644568e-01 2.974540159281083973e+01
1.044770567739203182e+00 8.575192624431909882e-02 2.827995840641329295e+01 5.536182990250471114e-01 3.962373539098715813e-01 2.319447878130730345e+01
9.908859410088619590e-01 1.269036124222280848e-01 4.232617471557865230e+01 5.415694954188390309e-01 5.066160047968890634e-01 2.705441270939215315e+01
1.217193208237488777e+00 1.075870709964938526e-01 1.731191823440573430e+01 5.125237512062568168e-01 4.859949384966328889e-01 2.799592120718223853e+01
1.107396425838987231e+00 9.370124153504280629e-02 2.779852522250791580e+01 4.846607594818503340e-01 4.561337984831100312e-01 2.686552312526189823e+01
1.101216059057722463e+00 1.005311229249771371e-01 1.615008636887639781e+01 4.993633720883636218e-01 5.547526488663226951e-01 3.227638799395114688e+01
1.159839069899406105e+00 1.080390570627241947e-01 1.754952737016348507e+01 5.409142645689711815e-01 3.590691698905377205e-01 3.153193700062107396e+01
1.106263053436396193e+00 1.117774099461142229e-01 2.366907782516415537e+01 5.023924253557923159e-01 3.680904064797291819e-01 3.133761588738000370e+01
1.171430178487765650e+00 1.217441156962127402e-01 2.730326332675118550e+01 5.574620440061854865e-01 3.786952192740355994e-01 3.074716570013795902e+01
1.116190901669055657e+00 1.420053857660596996e-01 9.333869494073269379e+00 5.480486718892429998e-01 4.347517248305823312e-01 3.419382714874940632e+01
1.182530557281334271e+00 1.066723172569227218e-01 2.525615886965641721e+01 4.956685326776273381e-01 4.171920825438037439e-01 3.252215938293178255e+01
1.086937215629901754e+00 5.232465587964653386e-02 1.129727027014139296e+01 4.978713292527951473e-01 4.171216384995704574e-01 3.062273965159566558e+01
1.162704500421950948e+00 1.414503950893729600e-01 8.292201944766484090e+00 5.851111966150435162e-01 4.995160991261457517e-01 2.726416197232006766e+01
1.162704500421950948e+00 1.414503950893729600e-01 8.292201944766484090e+00 5.851111966150435162e-01 4.995160991261457517e-01 2.726416197232006766e+01
1.207228454083925095e+00 8.123620568112781271e-02 2.118827221315875420e+01 5.786399864700668694e-01 4.747284983954189741e-01 2.948518757208312735e+01
1.207228454083925095e+00 8.123620568112781271e-02 2.118827221315875420e+01 5.786399864700668694e-01 4.747284983954189741e-01 2.948518757208312735e+01
1.138518391313158240e+00 7.405119511387656117e-02 1.783546310661827050e+01 5.454638715284366723e-01 4.447892799388544205e-01 3.144756873246220508e+01
1.148770979042634366e+00 7.583083837082782441e-02 1.175704208387129412e+01 5.482717031723167711e-01 5.098042821398964808e-01 3.040325101240191330e+01
1.214100253639720961e+00 1.055216157799526294e-01 1.677215775590114788e+01 5.258517386948021732e-01 4.356771330061381398e-01 3.110074687386905623e+01
1.098149344906532043e+00 5.680727355477015184e-02 2.093767753420049260e+01 5.486408973268509515e-01 4.451338549862600136e-01 3.681158043029086002e+01
1.098149344906532043e+00 5.680727355477015184e-02 2.093767753420049260e+01 5.486408973268509515e-01 4.451338549862600136e-01 3.681158043029086002e+01
1.087609767878818579e+00 4.240161249724597875e-02 1.875926875056515541e+01 6.006666337440145220e-01 4.814991886784781849e-01 3.547375232718040650e+01
1.087609767878818579e+00 4.240161249724597875e-02 1.875926875056515541e+01 6.006666337440145220e-01 4.814991886784781849e-01 3.547375232718040650e+01
1.215988646185564237e+00 1.025544060249456574e-01 1.119240739947995955e+01 5.119670731195251623e-01 3.705031731552378416e-01 2.315672972899221094e+01
1.214900843861529633e+00 8.556962837814482276e-03 1.348654886226605143e+01 5.676843534012872006e-01 3.973605710677737823e-01 2.377469562951093351e+01
1.154036052138643020e+00 2.628286311211124743e-02 1.743864693053971138e+01 5.823393938018389671e-01 4.077602198713394799e-01 2.256246568444930034e+01
1.154036052138643020e+00 2.628286311211124743e-02 1.743864693053971138e+01 5.823393938018389671e-01 4.077602198713394799e-01 2.256246568444930034e+01
1.129690780695011387e+00 2.201807657565724857e-02 1.157945210289327420e+01 5.391296296138122779e-01 4.277032669768598416e-01 2.076768130326832562e+01
1.197440080331112044e+00 7.012940903368691803e-02 1.550133134937031443e+01 5.232402981106358819e-01 3.732603919200856435e-01 1.924588384889835524e+01
1.232363622648110502e+00 1.481494187531101070e-01 1.122566902000963118e+01 5.011900314654033073e-01 3.584484493960289897e-01 1.709397243638388986e+01
1.165981121789661845e+00 1.213729025771692616e-01 1.164809289564936989e+01 4.501349039687094211e-01 3.794175105554433713e-01 2.039233806283916195e+01
1.222629143988256173e+00 1.267638808204049616e-01 8.455418526846150584e+00 5.472788127987862072e-01 3.533054025735431480e-01 2.497010999115641638e+01
1.208727461061142039e+00 1.674116955314858546e-01 1.157490855502261162e+01 5.250918364936826288e-01 4.092143321194745553e-01 2.141101820629449648e+01
1.279288380814042503e+00 1.612764921769402338e-01 2.611053234851352656e+01 5.548355161700833094e-01 3.338607634995633400e-01 2.832081957035726205e+01
1.256867495456216233e+00 2.143729280472447263e-01 1.832521620165411491e+01 5.403285442813832162e-01 3.198857201563757857e-01 2.835471751584603695e+01
1.264237136961995134e+00 1.971789936387982611e-01 1.895280942245659972e+01 5.665442879325238712e-01 3.932991247793051759e-01 2.891845882276255608e+01
1.228667340563760035e+00 1.579190233627254247e-01 2.195749051792985185e+01 5.932954498341895810e-01 3.825737173633891874e-01 2.395413179719091801e+01
1.228667340563760035e+00 1.579190233627254247e-01 2.195749051792985185e+01 5.932954498341895810e-01 3.825737173633891874e-01 2.395413179719091801e+01
1.266355372245079769e+00 1.612634600806468754e-01 2.543907101876337151e+01 6.158791912806612645e-01 3.855787963265115414e-01 2.435833600499864815e+01
1.260541723234027245e+00 1.475325035245327876e-01 1.810178763059057161e+01 5.707371984823755851e-01 3.670833370952121810e-01 2.470436070803345885e+01
1.260541723234027245e+00 1.475325035245327876e-01 1.810178763059057161e+01 5.707371984823755851e-01 3.670833370952121810e-01 2.470436070803345885e+01
1.258732424892015977e+00 1.774867259428296595e-01 2.477577484738061386e+01 6.050766505385061222e-01 3.666857034060383991e-01 2.478765052841313832e+01
1.243520762148989434e+00 1.984712607996408917e-01 2.214783837503928510e+01 5.418976000882790300e-01 3.307149641878866508e-01 2.485186128463777777e+01
1.244161410595733486e+00 1.983181796417855802e-01 2.077477130118811033e+01 5.671749628093671891e-01 3.520588124305186750e-01 2.272433900039907329e+01
1.108972107165903775e+00 2.077348337941848921e-01 2.235727484377650143e+01 5.473843764729586781e-01 3.479122592548443138e-01 2.746273334360142826e+01
1.194120709300293681e+00 1.079029605945894810e-01 1.917838263883228223e+01 5.825537287758999483e-01 3.945371775752247734e-01 1.903567322890694768e+01
1.194125778237405289e+00 1.082998482736282214e-01 1.894235255009988705e+01 5.750447728259947544e-01 3.680034600351679286e-01 2.104843377257706294e+01
1.168602247065672062e+00 1.217388621556418360e-01 1.873633217269164675e+01 5.359685053707322622e-01 4.151220238517351890e-01 2.019563878653527311e+01
1.204577717829435235e+00 1.762387366817417533e-01 1.450597827465864498e+01 6.215990602560512723e-01 4.355809030010063254e-01 2.000912153550758887e+01
1.107012276428816389e+00 8.391581057794236798e-02 3.350362996459868015e-01 4.831374610441336315e-01 4.056537038190867750e-01 2.332067626454731624e+01
1.063512673517896356e+00 1.096635357159662233e-01 0.000000000000000000e+00 5.784134845394773849e-01 4.038717112263284226e-01 2.316583188337384769e+01
1.076191428989617949e+00 9.967628101599010360e-02 7.367473953291606925e+00 5.852708274733514626e-01 3.765777306133455404e-01 2.327499481140630522e+01
1.069708952510648015e+00 9.157203657478400760e-02 1.231838363001278580e+01 5.629794408925691274e-01 3.921609493838498217e-01 2.544511292491768373e+01
1.069708952510648015e+00 9.157203657478400760e-02 1.231838363001278580e+01 5.629794408925691274e-01 3.921609493838498217e-01 2.544511292491768373e+01
1.150469049355471673e+00 8.276858592549574123e-02 2.025671604715076768e+01 5.409678958528582049e-01 4.268163148772752269e-01 2.186319839964971479e+01
1.150469049355471673e+00 8.276858592549574123e-02 2.025671604715076768e+01 5.409678958528582049e-01 4.268163148772752269e-01 2.186319839964971479e+01
1.186978809706956017e+00 1.180116501278986874e-01 4.047967857105996714e+00 5.965990095968956020e-01 4.046219033843488910e-01 1.905737917551646632e+01
1.127441912194348417e+00 9.643668693055043595e-02 5.383213587223662167e+00 5.497537182325217264e-01 3.855849383297164645e-01 2.223421135527618375e+01
1.193778909020958734e+00 9.138892466382651791e-02 7.949719166922799118e+00 5.876099369822582741e-01 4.360978565580392319e-01 2.035952409431314081e+01
1.097501463811147770e+00 7.930629244504136532e-02 8.348288282532514870e+00 5.234819324990753753e-01 3.983023650546830829e-01 2.959279656247027290e+01
1.100295303440938843e+00 7.643461793392149206e-02 1.430615741082493031e+01 5.552500903644922436e-01 3.883955015016067325e-01 2.726444948386182077e+01
1.120631183704087874e+00 8.106623836441845254e-02 1.663578479603795302e+01 5.257625576351506735e-01 3.686861499135030695e-01 2.666111945756825463e+01
1.150526088834464833e+00 1.055041358348384056e-01 1.594569758439805796e+01 5.361383286843186546e-01 3.606368266040589909e-01 1.879808067251995496e+01
1.180338513056041094e+00 6.643904280030019094e-02 7.928199339773099652e+00 5.249536350622522329e-01 3.623877259267780926e-01 1.960940176023562742e+01
1.147707233022106976e+00 1.022565319958052971e-01 2.506368980112885225e+01 6.156806873803186697e-01 4.182014042503898188e-01 1.763000224718308573e+01
1.120046636299062870e+00 1.182480744079174861e-01 1.670840366644813813e+01 5.496403415732153963e-01 3.520573121089394797e-01 1.426572882046579949e+01
1.236764244241409072e+00 9.819687501342119762e-02 2.748655180371692541e+00 5.833795057764386005e-01 3.781202874646427126e-01 2.181424638476901023e+01
1.236764244241409072e+00 9.819687501342119762e-02 2.748655180371692541e+00 5.833795057764386005e-01 3.781202874646427126e-01 2.181424638476901023e+01
1.204719418095971495e+00 2.222476320239787084e-02 9.188983303794662660e+00 5.467874506002124990e-01 3.891195887220469940e-01 2.397554494061352415e+01
1.204719418095971495e+00 2.222476320239787084e-02 9.188983303794662660e+00 5.467874506002124990e-01 3.891195887220469940e-01 2.397554494061352415e+01
1.159453151959455308e+00 9.523275688274746020e-02 5.558247279977412525e+00 5.952473799365396445e-01 4.067389154725321032e-01 2.278496259744330033e+01
1.142959022357206145e+00 9.193238154855230826e-02 6.437960744692981407e+00 5.938250796032192858e-01 4.264356868730215799e-01 2.190453493012712372e+01
1.152688665157083792e+00 7.736369574413035077e-02 5.917556533082864334e+00 5.811907231443522726e-01 3.863596483297938033e-01 1.979251101181562333e+01
1.082875402497435635e+00 6.947504772451659760e-02 1.167693054470211855e+01 5.355250416517814971e-01 4.078831252745706015e-01 2.052539715104483520e+01
9.917824815717555254e-01 1.039899901964932982e-02 3.100478191120043547e+01 4.373113485465266459e-01 4.202642226180155482e-01 2.899246680065137483e+01
1.123206895741180933e+00 3.227092996583810769e-02 2.376368842686101601e+01 4.335061176727397214e-01 4.183561765960290280e-01 3.235085993115549741e+01
1.074688473768418584e+00 3.458194644622970826e-02 1.280807301087987859e+01 4.389496363545008495e-01 4.277938097441805754e-01 2.868582931538202985e+01
1.100877252061470468e+00 4.747209666860919414e-02 2.222213980325557259e+01 6.578188455907109100e-01 4.175869907218412447e-01 2.888049740989724867e+01
1.089047523209075718e+00 2.059477207433205517e-02 2.846256466146198250e+01 6.212604553365896898e-01 4.034354348553101932e-01 2.563034485263118256e+01
1.061476179455550284e+00 6.806510673044363635e-02 2.896324704501367009e+01 5.911094868702327920e-01 4.052492440253770423e-01 2.475560883314168947e+01
1.048490096606275346e+00 6.480806984655371195e-02 2.486696025071928773e+01 5.662389021842668679e-01 4.732774883763039009e-01 2.567817461487615560e+01
1.071601738345282717e+00 3.876105508128750710e-02 1.849496348873283225e+01 5.516450328830069250e-01 4.599669710499184050e-01 2.242330687684354729e+01
1.066763583365957002e+00 6.767280472833195337e-02 2.011286120684905043e+01 5.459757333524648537e-01 4.395064768786840492e-01 2.213926523553093517e+01
1.041643235786935850e+00 7.300095078238734436e-02 2.986586748532257829e+01 4.919851002772033244e-01 3.564842005062332508e-01 2.733918078793734807e+01
1.040012532755154151e+00 5.359258761139984450e-02 2.733807298589664114e+01 4.965947218207550917e-01 4.117831475434412525e-01 3.169238941103095186e+01
1.084549902827269818e+00 5.298851180313992465e-02 2.653765767789229457e+01 4.774169875862954160e-01 4.120141300980353916e-01 2.848145107578291046e+01
1.082769685840461182e+00 9.161172725823506224e-02 2.067261193916496609e+01 5.122335810517120169e-01 4.517644501751301167e-01 2.153814612195495215e+01
1.121505721431797387e+00 6.194784650837908968e-02 3.362171636400728403e+01 5.003505143275971401e-01 3.738169239555845791e-01 2.293037053936694747e+01
1.028157710140804593e+00 4.234988264965752758e-02 4.535953212140542234e+01 5.398430873946241659e-01 4.509757473248907633e-01 1.773469076549353574e+01
1.028157710140804593e+00 4.234988264965752758e-02 4.535953212140542234e+01 5.398430873946241659e-01 4.509757473248907633e-01 1.773469076549353574e+01
1.099363831905715516e+00 5.511336938128587326e-02 2.127000843952922438e+00 5.302884491477899420e-01 3.053732913767127632e-01 2.730582750286701099e+01
1.111396396874287928e+00 6.633442425828427191e-02 8.081750394128651038e+00 5.387342950488509530e-01 2.954595062127441940e-01 2.708115140289693556e+01
9.696383878122473154e-01 1.327306079486083867e-01 4.132296412025711874e+01 6.270566515273404695e-01 4.114979175841089187e-01 3.360191710440876278e+01
9.668974816580919729e-01 9.143763484193058455e-02 5.200000000000000000e+01 6.207204093671455647e-01 4.148847949758713294e-01 3.324852967699116846e+01
9.924342245858812639e-01 1.575464054494267740e-01 4.191626617914533881e+01 5.784251781574398787e-01 3.439490535108546410e-01 2.702393100338093035e+01
1.014432783882016853e+00 1.183926747840701316e-01 4.127870506913734516e+01 6.055208819076389748e-01 3.481355027305097494e-01 2.846894730163175069e+01
1.014432783882016853e+00 1.183926747840701316e-01 4.127870506913734516e+01 6.055208819076389748e-01 3.481355027305097494e-01 2.846894730163175069e+01
1.041930302666398189e+00 1.033593929536869710e-01 4.684243273013583320e+01 6.133982759159128939e-01 3.795217540639829745e-01 3.012913433430250976e+01
1.041930302666398189e+00 1.033593929536869710e-01 4.684243273013583320e+01 6.133982759159128939e-01 3.795217540639829745e-01 3.012913433430250976e+01
9.913207413447974181e-01 1.116591870783392448e-01 4.257800797210985166e+01 6.002150922280673484e-01 3.573255849576748577e-01 2.816185820942444451e+01
9.913207413447974181e-01 1.116591870783392448e-01 4.257800797210985166e+01 6.002150922280673484e-01 3.573255849576748577e-01 2.816185820942444451e+01
9.860814502404928739e-01 1.060089584807829693e-01 3.812886476490327681e+01 6.392471592761549415e-01 3.765548036002283605e-01 2.959955061703923462e+01
9.860814502404928739e-01 1.060089584807829693e-01 3.812886476490327681e+01 6.392471592761549415e-01 3.765548036002283605e-01 2.959955061703923462e+01
9.909573880607089880e-01 9.907571459150514570e-02 3.868813724963573009e+01 5.956600049705436106e-01 3.641375143394871561e-01 2.901247458811433333e+01
9.909573880607089880e-01 9.907571459150514570e-02 3.868813724963573009e+01 5.956600049705436106e-01 3.641375143394871561e-01 2.901247458811433333e+01
1.026449574297584988e+00 9.890951399845951397e-02 4.801320979875738004e+01 5.835029401627910284e-01 3.750316922820546850e-01 3.063182849748265824e+01
1.031003548810054404e+00 9.180680391483120317e-02 4.355549310725153589e+01 5.933761366645895485e-01 3.820486414989090473e-01 3.306539019818906411e+01
1.000377916302791492e+00 1.598894365997020617e-01 4.466063338864917398e+01 6.101594456886809681e-01 3.376726690033159395e-01 2.939046805084056757e+01
1.000377916302791492e+00 1.598894365997020617e-01 4.466063338864917398e+01 6.101594456886809681e-01 3.376726690033159395e-01 2.939046805084056757e+01
1.000377916302791492e+00 1.598894365997020617e-01 4.466063338864917398e+01 6.101594456886809681e-01 3.376726690033159395e-01 2.939046805084056757e+01
1.026510563395507392e+00 1.581035129920825288e-01 4.337645252929277717e+01 6.269853131064085927e-01 3.494732960766629426e-01 2.873270266093046743e+01
1.026510563395507392e+00 1.581035129920825288e-01 4.337645252929277717e+01 6.269853131064085927e-01 3.494732960766629426e-01 2.873270266093046743e+01
1.026560932894225120e+00 1.376858567684395573e-01 4.872482382081349783e+01 5.984822775669345063e-01 3.485790538870687238e-01 2.888571191609804245e+01
1.026560932894225120e+00 1.376858567684395573e-01 4.872482382081349783e+01 5.984822775669345063e-01 3.485790538870687238e-01 2.888571191609804245e+01
1.012982062951393925e+00 1.270372511389752657e-01 4.172341082886339336e+01 6.028332328569177001e-01 3.631795106213166480e-01 3.009313763919503515e+01
1.012982062951393925e+00 1.270372511389752657e-01 4.172341082886339336e+01 6.028332328569177001e-01 3.631795106213166480e-01 3.009313763919503515e+01
1.028615313768234341e+00 1.198512758124060107e-01 4.659727454527415347e+01 6.299154810507534563e-01 3.500222663981418791e-01 2.727667660384594939e+01
1.028615313768234341e+00 1.198512758124060107e-01 4.659727454527415347e+01 6.299154810507534563e-01 3.500222663981418791e-01 2.727667660384594939e+01
1.028615313768234341e+00 1.198512758124060107e-01 4.659727454527415347e+01 6.299154810507534563e-01 3.500222663981418791e-01 2.727667660384594939e+01
1.019952932790823441e+00 1.549248988120638382e-01 4.735729101678855102e+01 6.214251243099740973e-01 3.585839468122301033e-01 2.991340060585194038e+01
1.019952932790823441e+00 1.549248988120638382e-01 4.735729101678855102e+01 6.214251243099740973e-01 3.585839468122301033e-01 2.991340060585194038e+01
9.582554388926670663e-01 1.129696102319487083e-01 3.351920454267034444e+01 6.377126998737964181e-01 4.023562097195608200e-01 3.094495600033038585e+01
9.487341074468765845e-01 1.476227960707568732e-01 3.986179927352132779e+01 5.941892625178597509e-01 3.917731189554155558e-01 2.688126845437120593e+01
9.487341074468765845e-01 1.476227960707568732e-01 3.986179927352132779e+01 5.941892625178597509e-01 3.917731189554155558e-01 2.688126845437120593e+01
9.811506825308532465e-01 1.305413866341811613e-01 4.342672259038321414e+01 6.158863217123209388e-01 3.941266716985314944e-01 3.051367269339574761e+01
9.811506825308532465e-01 1.305413866341811613e-01 4.342672259038321414e+01 6.158863217123209388e-01 3.941266716985314944e-01 3.051367269339574761e+01
1.000126584175924593e+00 1.594744190510215265e-01 4.299751078062033116e+01 6.514165330551523470e-01 3.789673289576097059e-01 2.948131454653123384e+01
1.000126584175924593e+00 1.594744190510215265e-01 4.299751078062033116e+01 6.514165330551523470e-01 3.789673289576097059e-01 2.948131454653123384e+01
9.985494502063950728e-01 1.389689148874565794e-01 4.631176909008557629e+01 6.387049586008011204e-01 4.124796498063321160e-01 3.086338260332530936e+01
9.985494502063950728e-01 1.389689148874565794e-01 4.631176909008557629e+01 6.387049586008011204e-01 4.124796498063321160e-01 3.086338260332530936e+01
9.893624169063618412e-01 1.537644928125375676e-01 4.257495182135784262e+01 6.302086131640898259e-01 3.843813713000660548e-01 2.808546596603894230e+01
9.893624169063618412e-01 1.537644928125375676e-01 4.257495182135784262e+01 6.302086131640898259e-01 3.843813713000660548e-01 2.808546596603894230e+01
9.508065819824077503e-01 9.472588352686955870e-02 4.622442792882070961e+01 5.773900460277405777e-01 4.083727014563980906e-01 3.027789215703951697e+01
9.508065819824077503e-01 9.472588352686955870e-02 4.622442792882070961e+01 5.773900460277405777e-01 4.083727014563980906e-01 3.027789215703951697e+01
9.581458052025036976e-01 1.085054743534780153e-01 3.767835048972901291e+01 5.665119503945491575e-01 3.815858556881169261e-01 3.133283373491831725e+01
1.022999477647493105e+00 1.248030082544561714e-01 3.725388586434232252e+01 5.780119556767177036e-01 4.023011772977505007e-01 2.742272200554123529e+01
1.031303184052484445e+00 1.490686485266967121e-01 3.479483692851506760e+01 5.969234238376530666e-01 3.891282061423342875e-01 2.867604437079411284e+01
1.019691140038205601e+00 1.373599886279426030e-01 4.234975365765434674e+01 5.938844446732808313e-01 3.480283860419752240e-01 2.890858107781571107e+01
1.013856053407254709e+00 1.580528389551008606e-01 4.226145568733622326e+01 5.503743430775520640e-01 3.256622533256728347e-01 2.727512313303182978e+01
9.827230855089560402e-01 1.471651680969896514e-01 3.739183573703078167e+01 5.537715935729234928e-01 3.112456293995313761e-01 2.694191002712480199e+01
9.827230855089560402e-01 1.471651680969896514e-01 3.739183573703078167e+01 5.537715935729234928e-01 3.112456293995313761e-01 2.694191002712480199e+01
9.929059564761534284e-01 1.487744480931181001e-01 3.342900595197529867e+01 5.821132460721671897e-01 3.309049369770416527e-01 2.773780965988955671e+01
9.929059564761534284e-01 1.487744480931181001e-01 3.342900595197529867e+01 5.821132460721671897e-01 3.309049369770416527e-01 2.773780965988955671e+01
9.734864028627295829e-01 7.506706399619300640e-02 5.189542959243101450e+01 4.671353338840517622e-01 3.353764586784505619e-01 2.687164934329076615e+01
9.792736518167783899e-01 1.141098346987380885e-01 3.685493340783500571e+01 5.157991445205288850e-01 3.080521205629087045e-01 2.912735264905571242e+01
9.849522831715178395e-01 1.087144416121677698e-01 3.770365901668124309e+01 5.291252858600320463e-01 3.663134283733321395e-01 2.804764203326289262e+01
9.341097922394666631e-01 1.163030169449420920e-01 4.783080109040390937e+01 5.717482001420048920e-01 3.257342694589800414e-01 2.776464905674784944e+01
9.645979049892794421e-01 1.248870727946041342e-01 4.239874789004666411e+01 5.775464426835980047e-01 3.797610786966955643e-01 3.060411519295556815e+01
9.378452526778647824e-01 8.941080981287558016e-02 3.093263594620001200e+01 5.828994936726287213e-01 4.680577188180614634e-01 2.330022741434637723e+01
9.645434489809898704e-01 1.704972362355382520e-01 4.046221685244719879e+01 5.913291712802389855e-01 4.561035565159439753e-01 2.273150879979359829e+01
9.917950070623787751e-01 1.488256800298717875e-01 4.357850586206519949e+01 6.002118559193674319e-01 4.569543045809931758e-01 2.459289732882876223e+01
9.917950070623787751e-01 1.488256800298717875e-01 4.357850586206519949e+01 6.002118559193674319e-01 4.569543045809931758e-01 2.459289732882876223e+01
9.877752296461644876e-01 1.821740332336015955e-01 3.989774225609286162e+01 5.773822120789666723e-01 4.675857977112977126e-01 2.323998089180224724e+01
9.877752296461644876e-01 1.821740332336015955e-01 3.989774225609286162e+01 5.773822120789666723e-01 4.675857977112977126e-01 2.323998089180224724e+01
9.198254524380649055e-01 2.002312711732019690e-01 3.772422905610886801e+01 6.094948211298671925e-01 4.637053420513838065e-01 2.414360981314386123e+01
9.198254524380649055e-01 2.002312711732019690e-01 3.772422905610886801e+01 6.094948211298671925e-01 4.637053420513838065e-01 2.414360981314386123e+01
9.765418213981043039e-01 1.665898090954293642e-01 3.949885606971102447e+01 5.949343304120503495e-01 4.368393676575551554e-01 2.320827843276844860e+01
9.196999358201738417e-01 1.783032132845489282e-01 4.228847156211456593e+01 5.516559129504940984e-01 4.473676320520570404e-01 2.349860215388406814e+01
9.196999358201738417e-01 1.783032132845489282e-01 4.228847156211456593e+01 5.516559129504940984e-01 4.473676320520570404e-01 2.349860215388406814e+01
9.406600324823667370e-01 1.233581331967032180e-01 3.752909839067321940e+01 5.739553384111096834e-01 4.331753825064550423e-01 2.667300252225658852e+01
9.246123366511209696e-01 1.727834717610096937e-01 3.610646745905827970e+01 5.832274821783494101e-01 4.331529306114234035e-01 2.271948868058636961e+01
9.246123366511209696e-01 1.727834717610096937e-01 3.610646745905827970e+01 5.832274821783494101e-01 4.331529306114234035e-01 2.271948868058636961e+01
9.304309777938662984e-01 1.484278054901944366e-01 3.695985664655025715e+01 5.822817027549969104e-01 4.170414236259320506e-01 2.842755110192177881e+01
9.304309777938662984e-01 1.484278054901944366e-01 3.695985664655025715e+01 5.822817027549969104e-01 4.170414236259320506e-01 2.842755110192177881e+01
9.722902358204367212e-01 1.693034095830455721e-01 3.884142705595638745e+01 5.774983927818948537e-01 4.684824115932348376e-01 2.297827707100904604e+01
9.619655538205414969e-01 1.623370086124741041e-01 3.582153958540775562e+01 5.493386300279261558e-01 3.794878338781295102e-01 2.206734978458464980e+01
9.660765423812230912e-01 1.503907461000415224e-01 3.683891200776825769e+01 5.597477186800563498e-01 3.969662165547188648e-01 2.003472364646841442e+01
9.660765423812230912e-01 1.503907461000415224e-01 3.683891200776825769e+01 5.597477186800563498e-01 3.969662165547188648e-01 2.003472364646841442e+01
9.285463758687600988e-01 1.429952100656213809e-01 3.879837924451395281e+01 5.754369862472639152e-01 3.746611527361103366e-01 2.227278429415220273e+01
9.138672276130852534e-01 1.074586021913358919e-01 4.321263006349069258e+01 5.941736192293606278e-01 4.178053581413895823e-01 2.262006762628124434e+01
9.984594054191601176e-01 1.651385757063991711e-01 5.200000000000000000e+01 5.616590854567757862e-01 4.767150472351031065e-01 2.513856084991105533e+01
1.050374928366245353e+00 1.549398261463275916e-01 5.200000000000000000e+01 5.866406751142031473e-01 4.526418374585477467e-01 2.617529019261033341e+01
1.050374928366245353e+00 1.549398261463275916e-01 5.200000000000000000e+01 5.866406751142031473e-01 4.526418374585477467e-01 2.617529019261033341e+01
1.030456093982913046e+00 1.500098604811647141e-01 5.200000000000000000e+01 5.824609192604407459e-01 4.739552420648631137e-01 2.480668470701480999e+01
1.023877425619182047e+00 1.912817762545022948e-01 5.200000000000000000e+01 5.768953709939524943e-01 4.607705715270603020e-01 2.555407913201015191e+01
1.023877425619182047e+00 1.912817762545022948e-01 5.200000000000000000e+01 5.768953709939524943e-01 4.607705715270603020e-01 2.555407913201015191e+01
9.690966106415334069e-01 2.146344017659741199e-01 4.013514000892807587e+01 5.374598347683620103e-01 4.135475779826046083e-01 3.087146820111427914e+01
9.936211731163336891e-01 1.895381757447656135e-01 4.208003550550276373e+01 5.480853816947219848e-01 4.261686843787158008e-01 2.981362237616258781e+01
9.936211731163336891e-01 1.895381757447656135e-01 4.208003550550276373e+01 5.480853816947219848e-01 4.261686843787158008e-01 2.981362237616258781e+01
9.597808218362142707e-01 1.963890575998935017e-01 5.200000000000000000e+01 5.369805724148389858e-01 4.044942303041548226e-01 3.267072057878326774e+01
9.780978506800026562e-01 1.872160060044968932e-01 3.978230583800162634e+01 5.911632978175370701e-01 3.912078464735797567e-01 2.917120002205854590e+01
9.407667888512093457e-01 1.710048146193728913e-01 3.298321950092356047e+01 5.881453630892969908e-01 4.013284647046619913e-01 2.881967526052018158e+01
9.407667888512093457e-01 1.710048146193728913e-01 3.298321950092356047e+01 5.881453630892969908e-01 4.013284647046619913e-01 2.881967526052018158e+01
9.687324648273167860e-01 1.808272496194100187e-01 4.569342112040085624e+01 5.982296733199000682e-01 3.612669990785171148e-01 2.923063937568950621e+01
9.687324648273167860e-01 1.808272496194100187e-01 4.569342112040085624e+01 5.982296733199000682e-01 3.612669990785171148e-01 2.923063937568950621e+01
9.393275282320622255e-01 1.551936172292080196e-01 3.187842541570475419e+01 5.796115622717855631e-01 3.621329109872232221e-01 2.732783966916833052e+01
9.848653597867095266e-01 1.470256442221571369e-01 4.096500726114111046e+01 6.163736334113135706e-01 3.763694842085575365e-01 3.108195545431237861e+01
9.848653597867095266e-01 1.470256442221571369e-01 4.096500726114111046e+01 6.163736334113135706e-01 3.763694842085575365e-01 3.108195545431237861e+01
9.497229659152864878e-01 1.634858026572096890e-01 3.992164066220689023e+01 5.886059934809498850e-01 3.899858281765160029e-01 2.939144950519235167e+01
9.497229659152864878e-01 1.634858026572096890e-01 3.992164066220689023e+01 5.886059934809498850e-01 3.899858281765160029e-01 2.939144950519235167e+01
9.753059705558919656e-01 1.493142413819296133e-01 4.765948723542408771e+01 5.893015004090041975e-01 4.309868848717419154e-01 3.071832820451704649e+01
9.981413409375349266e-01 1.413151671172110102e-01 4.596133413063116535e+01 6.094049207032610216e-01 4.377349931497167002e-01 3.058248230144157986e+01
1.049605795122429130e+00 1.513574286751853681e-01 4.547939325100782071e+01 6.076922608151004157e-01 4.177554872130572750e-01 3.081205682724743156e+01
9.996103434762219075e-01 1.597718077114427260e-01 4.527459377884738245e+01 5.579130741034621366e-01 4.308210015455720132e-01 3.008307064220094418e+01
9.768335793042276505e-01 1.935103290107713647e-01 4.522750267575229088e+01 5.979136005439134038e-01 3.866027892851646719e-01 3.109252929930455522e+01
9.184475495438523263e-01 1.567444736163437213e-01 4.945571635359587503e+01 6.030906868185643699e-01 3.860799764869811690e-01 3.365058006299314286e+01
9.184475495438523263e-01 1.567444736163437213e-01 4.945571635359587503e+01 6.030906868185643699e-01 3.860799764869811690e-01 3.365058006299314286e+01
1.014344003691785012e+00 1.813109209570921976e-01 4.328208630138573909e+01 5.961797347127165692e-01 3.976506008667521908e-01 3.121343308795009719e+01
9.821730442437011099e-01 1.867545863871591660e-01 4.516572479937527618e+01 6.319604341891759125e-01 3.834277699679208840e-01 3.243797339073921648e+01
9.821730442437011099e-01 1.867545863871591660e-01 4.516572479937527618e+01 6.319604341891759125e-01 3.834277699679208840e-01 3.243797339073921648e+01
9.523124500743598286e-01 1.855881588460636944e-01 4.703713709341672455e+01 6.338939438160092754e-01 3.760169041429323733e-01 3.187934819120466656e+01
9.523124500743598286e-01 1.855881588460636944e-01 4.703713709341672455e+01 6.338939438160092754e-01 3.760169041429323733e-01 3.187934819120466656e+01
9.590554085298341747e-01 1.999073172879241300e-01 4.717106079565532184e+01 6.061005127528553693e-01 3.914706082893486538e-01 3.208295464071395031e+01
9.590554085298341747e-01 1.999073172879241300e-01 4.717106079565532184e+01 6.061005127528553693e-01 3.914706082893486538e-01 3.208295464071395031e+01
9.714284275301311444e-01 2.004493921996899353e-01 4.026956306555332787e+01 6.147185875801712829e-01 3.878901072236805581e-01 3.183120614007368232e+01
9.573684617521658335e-01 1.726939153653941628e-01 3.499708436653408228e+01 5.837174302814905902e-01 4.193283807188231682e-01 3.172486848530211745e+01
9.573684617521658335e-01 1.726939153653941628e-01 3.499708436653408228e+01 5.837174302814905902e-01 4.193283807188231682e-01 3.172486848530211745e+01
9.165791626177289819e-01 1.956833707776420572e-01 3.897692395811745314e+01 5.689933114802284697e-01 4.336735962265661493e-01 3.282280550714070699e+01
9.165791626177289819e-01 1.956833707776420572e-01 3.897692395811745314e+01 5.689933114802284697e-01 4.336735962265661493e-01 3.282280550714070699e+01
9.339914665317250453e-01 1.902614374279316123e-01 4.621592661996233176e+01 5.930027278392951962e-01 4.309368617178370164e-01 3.069458405423905134e+01
9.339914665317250453e-01 1.902614374279316123e-01 4.621592661996233176e+01 5.930027278392951962e-01 4.309368617178370164e-01 3.069458405423905134e+01
9.293355078523111157e-01 2.009413813191627263e-01 3.475783589782015071e+01 5.856866786201779806e-01 4.313215971247265634e-01 3.036921196623916330e+01
9.293355078523111157e-01 2.009413813191627263e-01 3.475783589782015071e+01 5.856866786201779806e-01 4.313215971247265634e-01 3.036921196623916330e+01
9.545747656935184011e-01 2.083938607276120958e-01 3.523314242676374164e+01 6.330803569123033547e-01 4.471697077700260703e-01 3.117563910207461220e+01
9.545747656935184011e-01 2.083938607276120958e-01 3.523314242676374164e+01 6.330803569123033547e-01 4.471697077700260703e-01 3.117563910207461220e+01
9.545747656935184011e-01 2.083938607276120958e-01 3.523314242676374164e+01 6.330803569123033547e-01 4.471697077700260703e-01 3.117563910207461220e+01
9.804386300997220971e-01 1.950429082504826217e-01 4.761436040383247814e+01 5.330357722258639575e-01 4.619059777181977466e-01 2.805229512010472348e+01
9.609690443482080680e-01 2.016650122471725370e-01 5.200000000000000000e+01 5.175337422337151772e-01 4.304136403331265126e-01 2.816770900586997683e+01
9.439282960515432697e-01 1.797106760805183556e-01 3.483060803606221612e+01 5.174251612825024882e-01 4.663731593713839052e-01 2.697431598986227286e+01
9.196593368118831657e-01 1.369136052082770838e-01 4.043351413224296209e+01 5.216906356126278510e-01 4.731248192501441019e-01 2.530416288061551455e+01
9.184324505865916199e-01 1.556356932042655128e-01 4.340887021011207025e+01 5.341465463076943143e-01 4.761248813954991332e-01 2.941616317505520328e+01
9.446619687724927550e-01 1.950530217601650074e-01 5.200000000000000000e+01 5.694211737388381600e-01 4.502894711208122458e-01 2.654257246370589485e+01
9.187111276371140445e-01 2.094673556534869807e-01 5.200000000000000000e+01 5.758403856529005216e-01 4.785312525929527605e-01 2.750860635834600032e+01
1.188958206730992950e+00 1.591652398507888144e-01 2.400181299996117801e+01 6.085615034756600705e-01 3.555939489791141161e-01 2.789149835934649957e+01
1.188958206730992950e+00 1.591652398507888144e-01 2.400181299996117801e+01 6.085615034756600705e-01 3.555939489791141161e-01 2.789149835934649957e+01
1.219531843047580333e+00 1.376686082197763339e-01 2.196373872590338650e+01 6.688299591558722890e-01 3.792030170250693666e-01 2.851822194229872665e+01
1.219531843047580333e+00 1.376686082197763339e-01 2.196373872590338650e+01 6.688299591558722890e-01 3.792030170250693666e-01 2.851822194229872665e+01
1.219531843047580333e+00 1.376686082197763339e-01 2.196373872590338650e+01 6.688299591558722890e-01 3.792030170250693666e-01 2.851822194229872665e+01
1.175986792163657979e+00 1.509579195461549506e-01 2.135766741577101158e+01 6.302883659257372262e-01 3.655478869546407439e-01 2.965953469467827119e+01
1.175986792163657979e+00 1.509579195461549506e-01 2.135766741577101158e+01 6.302883659257372262e-01 3.655478869546407439e-01 2.965953469467827119e+01
1.216675729253244409e+00 1.155261824081468547e-01 1.779513915673362945e+01 6.100342865414386528e-01 3.643287236546036700e-01 2.689134198421316313e+01
1.216675729253244409e+00 1.155261824081468547e-01 1.779513915673362945e+01 6.100342865414386528e-01 3.643287236546036700e-01 2.689134198421316313e+01
1.188496173551170321e+00 1.475662852498815791e-01 1.848069629318023033e+01 5.924152387922906327e-01 3.650077894022033531e-01 2.916188795150980440e+01
1.188496173551170321e+00 1.475662852498815791e-01 1.848069629318023033e+01 5.924152387922906327e-01 3.650077894022033531e-01 2.916188795150980440e+01
1.076637326391073124e+00 1.164740175637626607e-01 8.136488981396786002e+00 5.068326766782659254e-01 3.835360027223936319e-01 3.125054759189486120e+01
1.086596844682177876e+00 1.406575698870380364e-01 1.604751269953140280e+01 5.477300000938580826e-01 3.981209315616829336e-01 2.898243315825587985e+01
1.086596844682177876e+00 1.406575698870380364e-01 1.604751269953140280e+01 5.477300000938580826e-01 3.981209315616829336e-01 2.898243315825587985e+01
1.193144893545411866e+00 1.202637834491185470e-01 1.105215204441217303e+01 5.414084825173948179e-01 3.388655693594929130e-01 3.177545063094833466e+01
1.193144893545411866e+00 1.202637834491185470e-01 1.105215204441217303e+01 5.414084825173948179e-01 3.388655693594929130e-01 3.177545063094833466e+01
1.121349366514456047e+00 1.145435713504070474e-01 1.358996984117541196e+01 5.558665550126047350e-01 3.476498935022883097e-01 3.144404445965222905e+01
1.123340637872989323e+00 9.440152396995722672e-02 1.357209695219780521e+01 5.695606505475261372e-01 3.461717562298554096e-01 3.184326796670451287e+01
1.123340637872989323e+00 9.440152396995722672e-02 1.357209695219780521e+01 5.695606505475261372e-01 3.461717562298554096e-01 3.184326796670451287e+01
1.137117025409027260e+00 9.048087875745373931e-02 2.158711794440185372e+01 5.812764997980350845e-01 3.443853323158059809e-01 3.246962157052420395e+01
1.137117025409027260e+00 9.048087875745373931e-02 2.158711794440185372e+01 5.812764997980350845e-01 3.443853323158059809e-01 3.246962157052420395e+01
1.108285043227684064e+00 7.874489772565208823e-02 2.662174518168476212e+01 5.720049846465696808e-01 3.102422690667492877e-01 3.139124744333319583e+01
1.108285043227684064e+00 7.874489772565208823e-02 2.662174518168476212e+01 5.720049846465696808e-01 3.102422690667492877e-01 3.139124744333319583e+01
1.169637809044087096e+00 1.819883584219708361e-01 2.681512970593070833e+01 5.480391572068229467e-01 3.803949157774484946e-01 2.712644389044769255e+01
1.115098715241955807e+00 1.703000557707099738e-01 2.590282232345768421e+01 5.416283176226313056e-01 4.057207990114928275e-01 2.827994647064137723e+01
1.135670978217043992e+00 1.565462688669076174e-01 2.089930870262638152e+01 5.332124901602555145e-01 3.717599721335833607e-01 2.570850042574084071e+01
1.173058793770249686e+00 2.020401858602288159e-01 2.818524561307587462e+01 5.439554220876449131e-01 3.674486387676336729e-01 2.822670227402767296e+01
1.126159385980284533e+00 2.138591599461504011e-01 9.954124847367889828e+00 5.581724754351248263e-01 4.192424205282512251e-01 2.590819009896818059e+01
1.153141065313565639e+00 1.802692132888965570e-01 2.646056370514975242e+01 6.275185663942176584e-01 3.783104645004743416e-01 3.359941259964404026e+01
1.153141065313565639e+00 1.802692132888965570e-01 2.646056370514975242e+01 6.275185663942176584e-01 3.783104645004743416e-01 3.359941259964404026e+01
1.156577827731850139e+00 1.721206516684701260e-01 2.792944187402280676e+01 6.040723903475688772e-01 3.903917006372925047e-01 2.957812453290879873e+01
1.156577827731850139e+00 1.721206516684701260e-01 2.792944187402280676e+01 6.040723903475688772e-01 3.903917006372925047e-01 2.957812453290879873e+01
1.183470888986350555e+00 1.557902419500909186e-01 2.207162702801360865e+01 6.361560570709041684e-01 3.824117712197398489e-01 3.086179158389227695e+01
1.183470888986350555e+00 1.557902419500909186e-01 2.207162702801360865e+01 6.361560570709041684e-01 3.824117712197398489e-01 3.086179158389227695e+01
1.193249537896796442e+00 1.167770095957949839e-01 9.798827469939247692e+00 5.754135442280132740e-01 3.671614109424752859e-01 2.927410584675377692e+01
1.274957501940041871e+00 7.658693502504154704e-02 1.826109480286599762e+01 6.047998458129597577e-01 3.099940247121760750e-01 3.205662638979833190e+01
1.118223598127388474e+00 1.061973859572380163e-01 1.973096009889080094e+01 5.793275624240175059e-01 3.873025707239016735e-01 2.863856721086138535e+01
1.118223598127388474e+00 1.061973859572380163e-01 1.973096009889080094e+01 5.793275624240175059e-01 3.873025707239016735e-01 2.863856721086138535e+01
1.171806629933469956e+00 1.521604230841741567e-01 1.966472794256402779e+01 5.504673497912266900e-01 4.128253051286226993e-01 2.798371445394356627e+01
1.125428589935150159e+00 1.171446409856810450e-01 1.603471717746366210e+01 5.512301379030110082e-01 3.480222304599701055e-01 2.785329596442144151e+01
1.125428589935150159e+00 1.171446409856810450e-01 1.603471717746366210e+01 5.512301379030110082e-01 3.480222304599701055e-01 2.785329596442144151e+01
1.168948465736814102e+00 1.401663115747112665e-01 1.382569480004211115e+01 5.620377608485398468e-01 4.055583978129868594e-01 2.591136347295467957e+01
1.168948465736814102e+00 1.401663115747112665e-01 1.382569480004211115e+01 5.620377608485398468e-01 4.055583978129868594e-01 2.591136347295467957e+01
1.182541393748918424e+00 1.471532715843056061e-01 1.597739520735990126e+01 6.015720366592650636e-01 3.709671792733002516e-01 2.858696291855210347e+01
1.182541393748918424e+00 1.471532715843056061e-01 1.597739520735990126e+01 6.015720366592650636e-01 3.709671792733002516e-01 2.858696291855210347e+01
1.156653410453256425e+00 1.327116842493288873e-01 1.572238905792710462e+01 6.018854813779723756e-01 3.892672221731693916e-01 2.825761456900192314e+01
1.156653410453256425e+00 1.327116842493288873e-01 1.572238905792710462e+01 6.018854813779723756e-01 3.892672221731693916e-01 2.825761456900192314e+01
1.155033638673022889e+00 1.360631454939680574e-01 9.621318244637055983e+00 6.028954352537607697e-01 4.037580278176164383e-01 2.931120492254349230e+01
1.155033638673022889e+00 1.360631454939680574e-01 9.621318244637055983e+00 6.028954352537607697e-01 4.037580278176164383e-01 2.931120492254349230e+01
1.196614420944891899e+00 1.236384668766002948e-01 1.294851216766041802e+01 6.139270770912487185e-01 4.194656329243210413e-01 2.855136214127012195e+01
1.196614420944891899e+00 1.236384668766002948e-01 1.294851216766041802e+01 6.139270770912487185e-01 4.194656329243210413e-01 2.855136214127012195e+01
1.172924370174227127e+00 1.204782966186434684e-01 1.344015056458589008e+01 5.525187770212897087e-01 3.751438663895226844e-01 2.966074067273094528e+01
1.165543090798264680e+00 1.155436224806136586e-01 1.291850238808279983e+01 5.689983120587092102e-01 3.779014867960558410e-01 2.913594045918850028e+01
1.165543090798264680e+00 1.155436224806136586e-01 1.291850238808279983e+01 5.689983120587092102e-01 3.779014867960558410e-01 2.913594045918850028e+01
1.286881404173817245e+00 1.154244458470059104e-01 2.010671531645738597e+01 5.719501939264148849e-01 3.540350990365377926e-01 2.648157764621502608e+01
1.274121859230650688e+00 9.577163679314691647e-02 1.584812290706752869e+01 5.710022357665722748e-01 3.807331234909326345e-01 2.802370196966234417e+01
1.269196617446249453e+00 1.314069656615756421e-01 2.340362797959821606e+01 5.681577428131149299e-01 3.275367730319679871e-01 2.639416030316374062e+01
1.248650443685380917e+00 1.256082574213379932e-01 2.263751659064942601e+01 5.982904702931091112e-01 3.411393018082799489e-01 2.798893696430853950e+01
1.248650443685380917e+00 1.256082574213379932e-01 2.263751659064942601e+01 5.982904702931091112e-01 3.411393018082799489e-01 2.798893696430853950e+01
1.295624095194362724e+00 1.263222980361597969e-01 1.103295945952261192e+01 5.550857053082450809e-01 3.214701228842625214e-01 2.768996945663029052e+01
1.302397596818022807e+00 1.344840827963965091e-01 1.296505733689563655e+01 5.639107618020844370e-01 3.565773309543058267e-01 2.815884379967867801e+01
1.246882246386355586e+00 1.413440003498880326e-01 2.818397408414424632e+01 5.877926766230879840e-01 3.437934288678863304e-01 2.771001301341349077e+01
1.244639676167980546e+00 1.045849980919183464e-01 1.387239876772017766e+01 5.630418616190642211e-01 3.598268028107414196e-01 2.717066099335173135e+01
1.098105185226730063e+00 1.319706731595452209e-01 5.837215666047475437e+00 5.009335473090610336e-01 4.849371126718366454e-01 2.505282794145897185e+01
1.137914604346677905e+00 1.480022052246986186e-01 1.291592396433799550e+01 4.914570284850613979e-01 4.006590116605174279e-01 2.485536123885004400e+01
1.144959448446789985e+00 1.447184044686062876e-01 1.768745120734342535e+01 5.849148297328849999e-01 4.196204440503107369e-01 3.054148901300219165e+01
1.161955987009996250e+00 1.785057685262981531e-01 1.489713744458507172e+01 6.227783168871569019e-01 4.250232066760704641e-01 3.212162284133849965e+01
1.161955987009996250e+00 1.785057685262981531e-01 1.489713744458507172e+01 6.227783168871569019e-01 4.250232066760704641e-01 3.212162284133849965e+01
1.186793423132865399e+00 1.499250559511356717e-01 1.479340720895026173e+01 6.301857120711485960e-01 4.585289046999105889e-01 2.912435989192026042e+01
1.186793423132865399e+00 1.499250559511356717e-01 1.479340720895026173e+01 6.301857120711485960e-01 4.585289046999105889e-01 2.912435989192026042e+01
1.145880075264796183e+00 1.158920587867797170e-01 1.286137060300518797e+01 5.124749994627172400e-01 3.996427522081378303e-01 2.992363786369550382e+01
1.145880075264796183e+00 1.158920587867797170e-01 1.286137060300518797e+01 5.124749994627172400e-01 3.996427522081378303e-01 2.992363786369550382e+01
1.179358104910742444e+00 1.101786928723119952e-01 1.303791165926615747e+01 5.373195282373796067e-01 4.199823234563295205e-01 3.016712876285028244e+01
1.187311972342005584e+00 1.356436425148354330e-01 1.658677978750391446e+01 5.730634101522293911e-01 4.150354580701523521e-01 2.987735291930986747e+01
1.213287931826306787e+00 1.280235317884584334e-01 1.911920363457923244e+01 5.573852415942196492e-01 4.377832359123703387e-01 2.736896432235882060e+01
1.188129129318815647e+00 2.016318227514545813e-01 2.028785965322327201e+01 5.738641942783876404e-01 3.848262025284482357e-01 2.965373292025210006e+01
1.188129129318815647e+00 2.016318227514545813e-01 2.028785965322327201e+01 5.738641942783876404e-01 3.848262025284482357e-01 2.965373292025210006e+01
1.232754922011554566e+00 1.895522190548661612e-01 1.805250044986195945e+01 5.497488760236873828e-01 3.818875326183114316e-01 2.882732985440434348e+01
1.232754922011554566e+00 1.895522190548661612e-01 1.805250044986195945e+01 5.497488760236873828e-01 3.818875326183114316e-01 2.882732985440434348e+01
1.205617878968156198e+00 1.611100899308383350e-01 1.074155813336126819e+01 5.694952032203249859e-01 3.934150913884836287e-01 2.764143564129829755e+01
1.205617878968156198e+00 1.611100899308383350e-01 1.074155813336126819e+01 5.694952032203249859e-01 3.934150913884836287e-01 2.764143564129829755e+01
1.087444610765436970e+00 1.330748240321760201e-01 3.282070377776226167e+01 5.383352940407484244e-01 4.610093559412697939e-01 2.690474458118594470e+01
1.094192817265197570e+00 1.441828731805889219e-01 2.788583898325540034e+01 5.085167907701600987e-01 4.311784608747724068e-01 2.472923995713846779e+01
1.112970944600176315e+00 1.152830598913971438e-01 3.679685834267783662e+01 5.449230361768948594e-01 4.186321921042560623e-01 2.562384653087785935e+01
1.070564170605285303e+00 1.704741129004587463e-01 3.258847763378704343e+01 5.316696813750735329e-01 4.256846414963390002e-01 2.599682360400174730e+01
1.070564170605285303e+00 1.704741129004587463e-01 3.258847763378704343e+01 5.316696813750735329e-01 4.256846414963390002e-01 2.599682360400174730e+01
1.083745047039242237e+00 1.588355978419079551e-01 2.856720710061632573e+01 5.543210899317326801e-01 4.532496015582637150e-01 2.969677181793241871e+01
1.083745047039242237e+00 1.588355978419079551e-01 2.856720710061632573e+01 5.543210899317326801e-01 4.532496015582637150e-01 2.969677181793241871e+01
1.155079564836613892e+00 1.275502359861222512e-01 2.837066382870110459e+01 5.834409646252215476e-01 4.823590552765725237e-01 2.546781201158305663e+01
1.108789172057331296e+00 1.970890179156886135e-01 2.855804635399443114e+01 6.137765185550996261e-01 4.502831219165432941e-01 2.603972156649374270e+01
1.125662374974547131e+00 1.806944144511763439e-01 2.555950521877646509e+01 6.186089189912935549e-01 4.466633953456884965e-01 2.668697841664730674e+01
1.125662374974547131e+00 1.806944144511763439e-01 2.555950521877646509e+01 6.186089189912935549e-01 4.466633953456884965e-01 2.668697841664730674e+01
1.101773672693651340e+00 1.971011396280178685e-01 2.942280007100898942e+01 6.045582603260097887e-01 4.547085529667421744e-01 2.400091731022309460e+01
1.101773672693651340e+00 1.971011396280178685e-01 2.942280007100898942e+01 6.045582603260097887e-01 4.547085529667421744e-01 2.400091731022309460e+01
1.148579856671740895e+00 1.969624965023441254e-01 2.811387436082922164e+01 6.045528927908010441e-01 4.358629284418751859e-01 2.405598001327699009e+01
1.119960606905387790e+00 1.704071219562203199e-01 1.140236794199568493e+01 5.478683734727965993e-01 4.510895287600103498e-01 2.769189732496035461e+01
1.109589492868141347e+00 1.595116623155721225e-01 0.000000000000000000e+00 5.394075545826684248e-01 4.298508109526938958e-01 2.645840156641571284e+01
1.109589492868141347e+00 1.595116623155721225e-01 0.000000000000000000e+00 5.394075545826684248e-01 4.298508109526938958e-01 2.645840156641571284e+01
1.168579019701552202e+00 1.411278774438661787e-01 7.777056318145199043e+00 5.239650951684047264e-01 4.492652697168408871e-01 2.827011211172295546e+01
1.060649773435619503e+00 1.813865958288372604e-01 3.558789772062490186e+01 6.250926496359989759e-01 4.945889583207973006e-01 3.054306949473236443e+01
1.024266309987730494e+00 1.853858116925236332e-01 2.587428470509169642e+01 6.070063065589572648e-01 5.288421524424300468e-01 2.913763651804202226e+01
1.024266309987730494e+00 1.853858116925236332e-01 2.587428470509169642e+01 6.070063065589572648e-01 5.288421524424300468e-01 2.913763651804202226e+01
1.040574355354431102e+00 1.921131971538060923e-01 3.696899145692903943e+01 5.778119719629393192e-01 5.002636235465464098e-01 2.804109267980275888e+01
1.180108962881454726e+00 1.716552468750018601e-01 9.568598888310212658e+00 5.695952128442097750e-01 3.675944163258583197e-01 2.682406095216135355e+01
1.178242341337485621e+00 1.643601704630014981e-01 2.196656910440214006e+01 5.826624366164686597e-01 3.990365118791127652e-01 3.002336821822534318e+01
1.197714559688594083e+00 1.726964404706221590e-01 1.728665463730346374e+01 5.829178443036366897e-01 3.892577653777423707e-01 2.861890727660775369e+01
1.197714559688594083e+00 1.726964404706221590e-01 1.728665463730346374e+01 5.829178443036366897e-01 3.892577653777423707e-01 2.861890727660775369e+01
1.092911493569909576e+00 1.542578093194370836e-01 8.081467069676923742e+00 5.809768985069392322e-01 4.307169681449196652e-01 2.879634419630078312e+01
1.092911493569909576e+00 1.542578093194370836e-01 8.081467069676923742e+00 5.809768985069392322e-01 4.307169681449196652e-01 2.879634419630078312e+01
1.082772692890742849e+00 1.254325683701198735e-01 1.336402235760559165e+01 5.577198524682227543e-01 4.454284480863473505e-01 2.919980508455517310e+01
1.107441570669557285e+00 1.488297166303036712e-01 1.213039167580459043e+01 5.768675551234561105e-01 4.229804322854756049e-01 2.805753023276799496e+01
1.107441570669557285e+00 1.488297166303036712e-01 1.213039167580459043e+01 5.768675551234561105e-01 4.229804322854756049e-01 2.805753023276799496e+01
1.070716372075479539e+00 1.325674344615437317e-01 1.939656943563639047e+00 5.334351221103070806e-01 4.825938816516179841e-01 2.289606944092215457e+01
1.127038034540422062e+00 1.040867037413577417e-01 1.352568181841547812e+00 5.516132257600296906e-01 4.627891820759587049e-01 2.373898140680904234e+01
1.124514680833805569e+00 1.137168319851764864e-01 1.532372166212289422e+01 5.582442548860232501e-01 4.200303954595599465e-01 2.179498850853968861e+01
1.162479732475642624e+00 1.498443272469331400e-01 1.604170668707860514e+01 6.214962728452462226e-01 4.275503849573421000e-01 2.828852369282779122e+01
1.162479732475642624e+00 1.498443272469331400e-01 1.604170668707860514e+01 6.214962728452462226e-01 4.275503849573421000e-01 2.828852369282779122e+01
1.154883149119957153e+00 1.241708693920581530e-01 8.310037241821557785e+00 6.246641166567812320e-01 4.286737995637975862e-01 2.957807643461538660e+01
1.154883149119957153e+00 1.241708693920581530e-01 8.310037241821557785e+00 6.246641166567812320e-01 4.286737995637975862e-01 2.957807643461538660e+01
1.154883149119957153e+00 1.241708693920581530e-01 8.310037241821557785e+00 6.246641166567812320e-01 4.286737995637975862e-01 2.957807643461538660e+01
1.164820201106045783e+00 1.093763199565722932e-01 1.847367548202479526e+01 6.239805544188060660e-01 4.283798108206930411e-01 2.864901532536438111e+01
1.164820201106045783e+00 1.093763199565722932e-01 1.847367548202479526e+01 6.239805544188060660e-01 4.283798108206930411e-01 2.864901532536438111e+01
1.164820201106045783e+00 1.093763199565722932e-01 1.847367548202479526e+01 6.239805544188060660e-01 4.283798108206930411e-01 2.864901532536438111e+01
1.171761710022587888e+00 1.653833982622307242e-01 1.511856113887110098e+01 6.138232681997095597e-01 4.170263678778780014e-01 3.029468341505808127e+01
1.171761710022587888e+00 1.653833982622307242e-01 1.511856113887110098e+01 6.138232681997095597e-01 4.170263678778780014e-01 3.029468341505808127e+01
1.168677154801015972e+00 1.396406873599545795e-01 1.205014066351936819e+01 6.028810876643818650e-01 4.480805975330301449e-01 3.040509470940453340e+01
1.168677154801015972e+00 1.396406873599545795e-01 1.205014066351936819e+01 6.028810876643818650e-01 4.480805975330301449e-01 3.040509470940453340e+01
1.173914377866410286e+00 1.134166416113513431e-01 1.868244988482298652e+01 6.347101413666953462e-01 3.915038900249132592e-01 3.115884607536318285e+01
1.173914377866410286e+00 1.134166416113513431e-01 1.868244988482298652e+01 6.347101413666953462e-01 3.915038900249132592e-01 3.115884607536318285e+01
1.173914377866410286e+00 1.134166416113513431e-01 1.868244988482298652e+01 6.347101413666953462e-01 3.915038900249132592e-01 3.115884607536318285e+01
1.176192025181486800e+00 1.497042051694155440e-01 1.178463594389239333e+01 6.414000967950687082e-01 4.318133681366767007e-01 3.105182952362114435e+01
1.176192025181486800e+00 1.497042051694155440e-01 1.178463594389239333e+01 6.414000967950687082e-01 4.318133681366767007e-01 3.105182952362114435e+01
1.176192025181486800e+00 1.497042051694155440e-01 1.178463594389239333e+01 6.414000967950687082e-01 4.318133681366767007e-01 3.105182952362114435e+01
1.120720985241166812e+00 1.261021329188311002e-01 1.866952265347948980e+01 6.096580786774727923e-01 4.141442905404188468e-01 2.401706710870806560e+01
1.120720985241166812e+00 1.261021329188311002e-01 1.866952265347948980e+01 6.096580786774727923e-01 4.141442905404188468e-01 2.401706710870806560e+01
1.125995697900058268e+00 1.241732036211633389e-01 1.765110191395800499e+01 5.923865167185934366e-01 4.082129217280971445e-01 2.585232649604831678e+01
1.134153830786615025e+00 1.354235911124035407e-01 1.774585189955516284e+01 5.859579162451344914e-01 4.127045760084886994e-01 2.387422931677458493e+01
1.134153830786615025e+00 1.354235911124035407e-01 1.774585189955516284e+01 5.859579162451344914e-01 4.127045760084886994e-01 2.387422931677458493e+01
1.095533790390246009e+00 1.571661491859969728e-01 2.068931440730533211e+01 5.994939868385090742e-01 4.410071635464648532e-01 2.368576824480631160e+01
1.095533790390246009e+00 1.571661491859969728e-01 2.068931440730533211e+01 5.994939868385090742e-01 4.410071635464648532e-01 2.368576824480631160e+01
1.130004751816271913e+00 5.636180000004003404e-02 1.158586678117396573e+01 6.212087295682728882e-01 4.235097072113059302e-01 3.093863218599434717e+01
1.130004751816271913e+00 5.636180000004003404e-02 1.158586678117396573e+01 6.212087295682728882e-01 4.235097072113059302e-01 3.093863218599434717e+01
1.130004751816271913e+00 5.636180000004003404e-02 1.158586678117396573e+01 6.212087295682728882e-01 4.235097072113059302e-01 3.093863218599434717e+01
1.159372806714445758e+00 6.640566270960410189e-02 2.836888033851154844e+01 6.134605694723720415e-01 4.374024058863330011e-01 3.073352644091718133e+01
1.159372806714445758e+00 6.640566270960410189e-02 2.836888033851154844e+01 6.134605694723720415e-01 4.374024058863330011e-01 3.073352644091718133e+01
1.116720427722047271e+00 7.027153154131599022e-02 2.134381884497577886e+01 6.595497392111375756e-01 4.314992903184217132e-01 3.017668059515637680e+01
1.116720427722047271e+00 7.027153154131599022e-02 2.134381884497577886e+01 6.595497392111375756e-01 4.314992903184217132e-01 3.017668059515637680e+01
1.116720427722047271e+00 7.027153154131599022e-02 2.134381884497577886e+01 6.595497392111375756e-01 4.314992903184217132e-01 3.017668059515637680e+01
1.113595943131637567e+00 8.683008316893350842e-02 2.030713962332121270e+01 6.257435740142747171e-01 4.627565878332218219e-01 3.076538597038459244e+01
1.113595943131637567e+00 8.683008316893350842e-02 2.030713962332121270e+01 6.257435740142747171e-01 4.627565878332218219e-01 3.076538597038459244e+01
1.113595943131637567e+00 8.683008316893350842e-02 2.030713962332121270e+01 6.257435740142747171e-01 4.627565878332218219e-01 3.076538597038459244e+01
1.161706821289304914e+00 5.789830242910785213e-02 2.415998707863360195e+01 6.572706398695382646e-01 4.154925824137035151e-01 2.987349125862818511e+01
1.161706821289304914e+00 5.789830242910785213e-02 2.415998707863360195e+01 6.572706398695382646e-01 4.154925824137035151e-01 2.987349125862818511e+01
1.161706821289304914e+00 5.789830242910785213e-02 2.415998707863360195e+01 6.572706398695382646e-01 4.154925824137035151e-01 2.987349125862818511e+01
1.137696551362326947e+00 6.069216219753669622e-02 2.222098557448732947e+01 6.518550850955335818e-01 3.950806034963074698e-01 3.092283223288803384e+01
1.137696551362326947e+00 6.069216219753669622e-02 2.222098557448732947e+01 6.518550850955335818e-01 3.950806034963074698e-01 3.092283223288803384e+01
1.137696551362326947e+00 6.069216219753669622e-02 2.222098557448732947e+01 6.518550850955335818e-01 3.950806034963074698e-01 3.092283223288803384e+01
1.140106195457665672e+00 9.694363269055986110e-02 2.469846561234114191e+01 6.412153048766859875e-01 4.372438049779027724e-01 3.097121223283069469e+01
1.140106195457665672e+00 9.694363269055986110e-02 2.469846561234114191e+01 6.412153048766859875e-01 4.372438049779027724e-01 3.097121223283069469e+01
1.140106195457665672e+00 9.694363269055986110e-02 2.469846561234114191e+01 6.412153048766859875e-01 4.372438049779027724e-01 3.097121223283069469e+01
1.129435017957136411e+00 9.186894150768586120e-02 1.498476938149082116e+01 6.526484913466912285e-01 4.355527636860219154e-01 2.963387184259896401e+01
1.129435017957136411e+00 9.186894150768586120e-02 1.498476938149082116e+01 6.526484913466912285e-01 4.355527636860219154e-01 2.963387184259896401e+01
1.129435017957136411e+00 9.186894150768586120e-02 1.498476938149082116e+01 6.526484913466912285e-01 4.355527636860219154e-01 2.963387184259896401e+01
1.139905804772900266e+00 5.241843742472625245e-02 2.271930833930798599e+01 6.339313847923492284e-01 4.152040543170996134e-01 2.956788002006843996e+01
1.139905804772900266e+00 5.241843742472625245e-02 2.271930833930798599e+01 6.339313847923492284e-01 4.152040543170996134e-01 2.956788002006843996e+01
1.139905804772900266e+00 5.241843742472625245e-02 2.271930833930798599e+01 6.339313847923492284e-01 4.152040543170996134e-01 2.956788002006843996e+01
1.149629325541551506e+00 1.430180447038350566e-01 1.473900346869588063e+01 5.753627269385701570e-01 4.113656148926668754e-01 2.902195762656467792e+01
1.148358863666635310e+00 1.389051949542145781e-01 1.933852511447921785e+01 5.927632135738730712e-01 4.489524040631535096e-01 2.664536107696055467e+01
1.148358863666635310e+00 1.389051949542145781e-01 1.933852511447921785e+01 5.927632135738730712e-01 4.489524040631535096e-01 2.664536107696055467e+01
1.196735144135409934e+00 1.897780296104825126e-01 1.086560996710932159e+01 5.876976306891192880e-01 4.331344320723473640e-01 2.581628181133002897e+01
1.139667196056831422e+00 1.625312649245748697e-01 1.511167651392042188e+01 5.824273301529440117e-01 4.384630251804901291e-01 2.752936979141242801e+01
1.139667196056831422e+00 1.625312649245748697e-01 1.511167651392042188e+01 5.824273301529440117e-01 4.384630251804901291e-01 2.752936979141242801e+01
1.151222937840145510e+00 1.402418470977075948e-01 2.262335829889591921e+01 6.029334775076699016e-01 4.489011843132986179e-01 2.648333625812497516e+01
1.151222937840145510e+00 1.402418470977075948e-01 2.262335829889591921e+01 6.029334775076699016e-01 4.489011843132986179e-01 2.648333625812497516e+01
1.167178513706123910e+00 1.528290439299313519e-01 1.470539627642873270e+01 5.882840592610456554e-01 4.195801116181231416e-01 2.543914800884745020e+01
1.089351234070262464e+00 7.145312400865405644e-02 1.022095766786747539e+01 6.191839584217293524e-01 3.815398196607660553e-01 2.856380074529098678e+01
1.089351234070262464e+00 7.145312400865405644e-02 1.022095766786747539e+01 6.191839584217293524e-01 3.815398196607660553e-01 2.856380074529098678e+01
1.088055286285085854e+00 9.589903608639230304e-02 1.150224366529188913e+00 6.569615805496453742e-01 3.807036673230271284e-01 2.927446841948171752e+01
1.088055286285085854e+00 9.589903608639230304e-02 1.150224366529188913e+00 6.569615805496453742e-01 3.807036673230271284e-01 2.927446841948171752e+01
1.088055286285085854e+00 9.589903608639230304e-02 1.150224366529188913e+00 6.569615805496453742e-01 3.807036673230271284e-01 2.927446841948171752e+01
1.078514707426730501e+00 9.928487478469844030e-02 0.000000000000000000e+00 6.081350020971079129e-01 3.952096595366544340e-01 2.763927879230041640e+01
1.078514707426730501e+00 9.928487478469844030e-02 0.000000000000000000e+00 6.081350020971079129e-01 3.952096595366544340e-01 2.763927879230041640e+01
1.078514707426730501e+00 9.928487478469844030e-02 0.000000000000000000e+00 6.081350020971079129e-01 3.952096595366544340e-01 2.763927879230041640e+01
1.113548227958599979e+00 9.809459553645899499e-02 4.260800070254564531e-01 6.309797824286397239e-01 3.728439634926795088e-01 2.687269853915035611e+01
1.113548227958599979e+00 9.809459553645899499e-02 4.260800070254564531e-01 6.309797824286397239e-01 3.728439634926795088e-01 2.687269853915035611e+01
1.067327975196487477e+00 1.097055264302502914e-01 9.864095548122625345e+00 6.326555361135363098e-01 3.623317732346775788e-01 3.040545644560720362e+01
1.067327975196487477e+00 1.097055264302502914e-01 9.864095548122625345e+00 6.326555361135363098e-01 3.623317732346775788e-01 3.040545644560720362e+01
1.090772470841917308e+00 1.089571482255610319e-01 4.934843797019161649e+00 6.236823272015205033e-01 3.911298489908788256e-01 2.861306761196127724e+01
1.090772470841917308e+00 1.089571482255610319e-01 4.934843797019161649e+00 6.236823272015205033e-01 3.911298489908788256e-01 2.861306761196127724e+01
1.117921077454294476e+00 9.773760017003750578e-02 3.836733778692071883e+00 6.495910773872337618e-01 3.753960638168619135e-01 3.028021920886486740e+01
1.117921077454294476e+00 9.773760017003750578e-02 3.836733778692071883e+00 6.495910773872337618e-01 3.753960638168619135e-01 3.028021920886486740e+01
1.117921077454294476e+00 9.773760017003750578e-02 3.836733778692071883e+00 6.495910773872337618e-01 3.753960638168619135e-01 3.028021920886486740e+01
1.087192413170156913e+00 8.880542461730683845e-02 4.811780505909654337e+00 6.399711550692883666e-01 3.871877447339776568e-01 2.767713414247910819e+01
1.087192413170156913e+00 8.880542461730683845e-02 4.811780505909654337e+00 6.399711550692883666e-01 3.871877447339776568e-01 2.767713414247910819e+01
1.137802316445637230e+00 1.336813200824728265e-01 1.295427924593795410e+01 6.024240947859692552e-01 3.905901187887119708e-01 3.175937315606053346e+01
1.129222860759442337e+00 1.499739815357731820e-01 2.267652027193510378e+01 5.947160984636725711e-01 3.642625049651312397e-01 2.916261206084989865e+01
1.149131986692749852e+00 1.474377558652414932e-01 1.241817014299825317e+01 5.711740834353071783e-01 3.946771609676643644e-01 2.910147551034602031e+01
1.162341339502522830e+00 5.345410435000916977e-02 1.862731582520881446e+01 6.139158593009889087e-01 4.156696298527703393e-01 2.692175320911380609e+01
1.162341339502522830e+00 5.345410435000916977e-02 1.862731582520881446e+01 6.139158593009889087e-01 4.156696298527703393e-01 2.692175320911380609e+01
1.186187859876935979e+00 6.165703521683377902e-02 1.994492928388081410e+01 6.526170705760904189e-01 3.989006633805271540e-01 2.572313203261575509e+01
1.186187859876935979e+00 6.165703521683377902e-02 1.994492928388081410e+01 6.526170705760904189e-01 3.989006633805271540e-01 2.572313203261575509e+01
1.192619655220387598e+00 7.252496979056466397e-02 8.915412385371775272e+00 6.330500037344807263e-01 4.163643786065511776e-01 2.843974645353762298e+01
1.192619655220387598e+00 7.252496979056466397e-02 8.915412385371775272e+00 6.330500037344807263e-01 4.163643786065511776e-01 2.843974645353762298e+01
1.168872728159640717e+00 8.882683244487685204e-02 1.717283630768213243e+01 6.091319891520604601e-01 3.967878287349561051e-01 2.682910010136213685e+01
1.168872728159640717e+00 8.882683244487685204e-02 1.717283630768213243e+01 6.091319891520604601e-01 3.967878287349561051e-01 2.682910010136213685e+01
1.186576628180489257e+00 6.690964800941760771e-02 1.304721959292325906e+01 6.263813618620632795e-01 3.881768590039625932e-01 2.784225438561270849e+01
1.186576628180489257e+00 6.690964800941760771e-02 1.304721959292325906e+01 6.263813618620632795e-01 3.881768590039625932e-01 2.784225438561270849e+01
1.189349131697532869e+00 6.525872529341901485e-02 2.155230560809431850e+01 6.147375430174982780e-01 3.777320830164279108e-01 2.826777420402638086e+01
1.189349131697532869e+00 6.525872529341901485e-02 2.155230560809431850e+01 6.147375430174982780e-01 3.777320830164279108e-01 2.826777420402638086e+01
1.171120071865121570e+00 7.085195696017901335e-02 1.503600692423817264e+01 6.133138133974395112e-01 3.882567612308704952e-01 2.685061411633166273e+01
1.171120071865121570e+00 7.085195696017901335e-02 1.503600692423817264e+01 6.133138133974395112e-01 3.882567612308704952e-01 2.685061411633166273e+01
1.171120071865121570e+00 7.085195696017901335e-02 1.503600692423817264e+01 6.133138133974395112e-01 3.882567612308704952e-01 2.685061411633166273e+01
1.169945553118726167e+00 9.464325658992533974e-02 1.152301784444269650e+01 6.477402907068102733e-01 4.093880595843696901e-01 2.615277757217591770e+01
1.169945553118726167e+00 9.464325658992533974e-02 1.152301784444269650e+01 6.477402907068102733e-01 4.093880595843696901e-01 2.615277757217591770e+01
1.175142377202641475e+00 7.968936622666379643e-02 2.678449845798774476e+01 6.255689527900178959e-01 4.226067252775970728e-01 2.967980995903818808e+01
1.175142377202641475e+00 7.968936622666379643e-02 2.678449845798774476e+01 6.255689527900178959e-01 4.226067252775970728e-01 2.967980995903818808e+01
1.190353736075969948e+00 1.010332644769158655e-01 1.956467536032749166e+01 6.339203270810734869e-01 4.244998918971021884e-01 2.878797332658763253e+01
1.190353736075969948e+00 1.010332644769158655e-01 1.956467536032749166e+01 6.339203270810734869e-01 4.244998918971021884e-01 2.878797332658763253e+01
1.190353736075969948e+00 1.010332644769158655e-01 1.956467536032749166e+01 6.339203270810734869e-01 4.244998918971021884e-01 2.878797332658763253e+01
1.148283049721317672e+00 8.182292191931850311e-02 1.774172734274835861e+01 6.201805575345176180e-01 4.255995217856451962e-01 2.970333952678069878e+01
1.148283049721317672e+00 8.182292191931850311e-02 1.774172734274835861e+01 6.201805575345176180e-01 4.255995217856451962e-01 2.970333952678069878e+01
1.148283049721317672e+00 8.182292191931850311e-02 1.774172734274835861e+01 6.201805575345176180e-01 4.255995217856451962e-01 2.970333952678069878e+01
1.136177067315871758e+00 8.465301171661798740e-02 1.719760453379285536e+01 6.261710268949736147e-01 4.214788137108837485e-01 3.088546394718144938e+01
1.136177067315871758e+00 8.465301171661798740e-02 1.719760453379285536e+01 6.261710268949736147e-01 4.214788137108837485e-01 3.088546394718144938e+01
1.136177067315871758e+00 8.465301171661798740e-02 1.719760453379285536e+01 6.261710268949736147e-01 4.214788137108837485e-01 3.088546394718144938e+01
1.138691781579530105e+00 9.199592703671843896e-02 2.420174671900921126e+01 6.298795862765407261e-01 4.337752375846373187e-01 2.897867526564801466e+01
1.138691781579530105e+00 9.199592703671843896e-02 2.420174671900921126e+01 6.298795862765407261e-01 4.337752375846373187e-01 2.897867526564801466e+01
1.179161237051234767e+00 7.232164167948425260e-02 2.210554037357327672e+01 6.085194722665283606e-01 4.168691936641804596e-01 3.185576630060034375e+01
1.179161237051234767e+00 7.232164167948425260e-02 2.210554037357327672e+01 6.085194722665283606e-01 4.168691936641804596e-01 3.185576630060034375e+01
1.179161237051234767e+00 7.232164167948425260e-02 2.210554037357327672e+01 6.085194722665283606e-01 4.168691936641804596e-01 3.185576630060034375e+01
1.130812204083277761e+00 1.047476112519888647e-01 1.695801290104665426e+01 6.599300722840757416e-01 4.296855974204421003e-01 2.998209966748584776e+01
1.130812204083277761e+00 1.047476112519888647e-01 1.695801290104665426e+01 6.599300722840757416e-01 4.296855974204421003e-01 2.998209966748584776e+01
1.130812204083277761e+00 1.047476112519888647e-01 1.695801290104665426e+01 6.599300722840757416e-01 4.296855974204421003e-01 2.998209966748584776e+01
1.189980060580438481e+00 1.098788844402727866e-01 1.748168135139598078e+01 6.043560777833846265e-01 3.943376152214463914e-01 2.544812239645977314e+01
1.199409723524995419e+00 1.525113412995997286e-01 1.513499957327554490e+01 5.946104913767464861e-01 3.669647759314374480e-01 3.102022660745538118e+01
1.203286968568582305e+00 1.747032118869469297e-01 1.393752207762069162e+01 5.316812603124883019e-01 4.328402509976351786e-01 2.637224784954957002e+01
1.127252136678947636e+00 1.773665178188918723e-01 1.758592753804648012e+01 5.206527270615413094e-01 4.686949183692217802e-01 2.729590049567875809e+01
1.169633702351250415e+00 1.166973574740563097e-01 2.439842736403596035e+01 5.749302543277582389e-01 5.050380161997291006e-01 3.104044837661460932e+01
1.169633702351250415e+00 1.166973574740563097e-01 2.439842736403596035e+01 5.749302543277582389e-01 5.050380161997291006e-01 3.104044837661460932e+01
1.205304183272578822e+00 1.133500624393721790e-01 2.388159657147004467e+01 5.799785684778552275e-01 4.915959631866968493e-01 3.030556182756947337e+01
1.125029623358129616e+00 1.312160608966352893e-01 3.003846629480770147e+01 5.745397666364476796e-01 4.806279565163823486e-01 3.155361296767817691e+01
1.125029623358129616e+00 1.312160608966352893e-01 3.003846629480770147e+01 5.745397666364476796e-01 4.806279565163823486e-01 3.155361296767817691e+01
1.200522743371864598e+00 1.337439063962916896e-01 1.670098277470157555e+01 5.963177057967353756e-01 4.074466019231507419e-01 2.895120943993367035e+01
1.174588675844634222e+00 2.117353807053971582e-01 9.569584022903530496e+00 5.633658286791181080e-01 4.423734285385777509e-01 2.858033864614229103e+01
1.174588675844634222e+00 2.117353807053971582e-01 9.569584022903530496e+00 5.633658286791181080e-01 4.423734285385777509e-01 2.858033864614229103e+01
1.169184822006707813e+00 1.431219840990805015e-01 1.126711853245048722e+01 5.662521151568468136e-01 4.210965207530082410e-01 2.888120081860028776e+01
1.169184822006707813e+00 1.431219840990805015e-01 1.126711853245048722e+01 5.662521151568468136e-01 4.210965207530082410e-01 2.888120081860028776e+01
1.240435933030272109e+00 1.908649317455094474e-01 1.223390783975122353e+01 5.807978512200193677e-01 4.508925055770801049e-01 2.755697816759662544e+01
1.240435933030272109e+00 1.908649317455094474e-01 1.223390783975122353e+01 5.807978512200193677e-01 4.508925055770801049e-01 2.755697816759662544e+01
1.207940750666889551e+00 1.492379781721900611e-01 9.940459826293929879e+00 5.685725735005959791e-01 4.168975026768156344e-01 2.991274063086415680e+01
1.207940750666889551e+00 1.492379781721900611e-01 9.940459826293929879e+00 5.685725735005959791e-01 4.168975026768156344e-01 2.991274063086415680e+01
1.206664689558456294e+00 1.674459033391618445e-01 1.188948985188132212e+01 5.686686300860195331e-01 4.188069171900417609e-01 2.774320113945805488e+01
1.181670781642112589e+00 2.002947321956276006e-01 6.624791111882442962e+00 5.926534820345104038e-01 4.431344158755733398e-01 2.971172769347256803e+01
1.149884536894560050e+00 1.943614933131669609e-01 7.122013871752479020e+00 5.713496041863721508e-01 4.363818231525823932e-01 3.055235397398968544e+01
1.220989067569728581e+00 1.964527001448660160e-01 1.671766567438120532e+01 5.734713985124468838e-01 4.196589678703481763e-01 3.220553651363940162e+01
1.213127487781175740e+00 1.873270730167317377e-01 2.284372560925169537e+01 5.431398242703575630e-01 4.672299069037728625e-01 3.143352904430704342e+01
1.201639924142515969e+00 1.871468036731375739e-01 1.387551964504012503e+01 5.535912576727132217e-01 4.359596329978463469e-01 3.200956905223268478e+01
1.185784636145192472e+00 1.758872558520891971e-01 8.484122359169084859e+00 5.710954614935515039e-01 4.431221315992928123e-01 3.488637449118442646e+01
1.190905301848927733e+00 1.805297870394360626e-01 1.087028549562564095e+01 5.331728604192152998e-01 4.353478106524623636e-01 3.604600712898815118e+01
1.190905301848927733e+00 1.805297870394360626e-01 1.087028549562564095e+01 5.331728604192152998e-01 4.353478106524623636e-01 3.604600712898815118e+01
1.168551935401263453e+00 1.982790034914899135e-01 8.323740113375759364e+00 5.425596679917591425e-01 4.458354647484019662e-01 3.631856103751125886e+01
1.108076161319816677e+00 1.360335150928034254e-01 2.836307505715434729e+01 5.229014284574341476e-01 3.635073096405688764e-01 2.818543699587762674e+01
1.175047568907797713e+00 9.778681762847363235e-02 1.090305703653975122e+01 5.561423006601160512e-01 3.978824352434027212e-01 2.890894453952383358e+01
1.157286045078265158e+00 4.031094048028997096e-02 1.019717865709223581e+01 5.415898508123563326e-01 3.613800723455692365e-01 2.964136352876102976e+01
1.200976328696982343e+00 1.064969480892360154e-01 1.056483838022153421e+01 5.405360428556205132e-01 3.715858686705767466e-01 3.036380749782487243e+01
1.175867895358629234e+00 1.169529771600289203e-01 8.422289823654999452e+00 4.864926700016760641e-01 3.740557647987997614e-01 2.725521831243656479e+01
1.160034321383102807e+00 1.201043920230632223e-01 8.895407962369146659e+00 4.897886753262082893e-01 3.830213034755499124e-01 3.039002564082108648e+01
1.196437763898973605e+00 1.131456125712709815e-01 1.432977170278574874e+01 4.841022663012817251e-01 3.712060115476704669e-01 2.970403383545875897e+01
1.102117005131221905e+00 1.379140161320749070e-01 9.293286660686668199e+00 5.674988079691978271e-01 3.507901152118285681e-01 3.163597443751059402e+01
1.140311274066718950e+00 6.124057427524338959e-02 1.898046373434193868e+01 5.742396383677266236e-01 3.666363838033591116e-01 2.859747895998045308e+01
1.140311274066718950e+00 6.124057427524338959e-02 1.898046373434193868e+01 5.742396383677266236e-01 3.666363838033591116e-01 2.859747895998045308e+01
1.113335192429449672e+00 5.064493694192153533e-02 1.586175134054864166e+01 5.662667216382727409e-01 3.751915544528010571e-01 2.965185830875048012e+01
1.113335192429449672e+00 5.064493694192153533e-02 1.586175134054864166e+01 5.662667216382727409e-01 3.751915544528010571e-01 2.965185830875048012e+01
1.076109523693179026e+00 7.220444469737445636e-02 1.662061931917729751e+01 5.791318028573002596e-01 3.895172830031212730e-01 2.645075291907274462e+01
1.076109523693179026e+00 7.220444469737445636e-02 1.662061931917729751e+01 5.791318028573002596e-01 3.895172830031212730e-01 2.645075291907274462e+01
1.085096944003072439e+00 5.277750784314842042e-02 1.873998090509173409e+01 5.873083599786423914e-01 3.726225007073399320e-01 2.510026957089102950e+01
1.092493233067660441e+00 6.764483474568615262e-02 1.438048257659584195e+01 5.881398541098624699e-01 3.875611847530578413e-01 2.679880086819139251e+01
1.092493233067660441e+00 6.764483474568615262e-02 1.438048257659584195e+01 5.881398541098624699e-01 3.875611847530578413e-01 2.679880086819139251e+01
1.059295367708327440e+00 4.419332244142976790e-02 2.422346378188333205e+01 6.167060288131305246e-01 4.003912523037945204e-01 2.800244625243758279e+01
1.059295367708327440e+00 4.419332244142976790e-02 2.422346378188333205e+01 6.167060288131305246e-01 4.003912523037945204e-01 2.800244625243758279e+01
1.059295367708327440e+00 4.419332244142976790e-02 2.422346378188333205e+01 6.167060288131305246e-01 4.003912523037945204e-01 2.800244625243758279e+01
1.073290483620552349e+00 8.183282211386747051e-02 2.605840757685797016e+01 5.650363188071730880e-01 3.956023218688638488e-01 2.947372587439969749e+01
1.111116497064140729e+00 1.009204745163461286e-01 2.402237583519528030e+01 5.662881724275000694e-01 3.759246709325609892e-01 2.726256366911557549e+01
1.111116497064140729e+00 1.009204745163461286e-01 2.402237583519528030e+01 5.662881724275000694e-01 3.759246709325609892e-01 2.726256366911557549e+01
1.115290514533088917e+00 8.676670941339953425e-02 2.605308311368055030e+01 5.506466205726033847e-01 3.567713047380435265e-01 2.520497190867582304e+01
1.149225733283846917e+00 9.012618272120125062e-02 2.506642382353365406e+01 5.460907096148885920e-01 3.710476252171104883e-01 2.850502229593065806e+01
1.149225733283846917e+00 9.012618272120125062e-02 2.506642382353365406e+01 5.460907096148885920e-01 3.710476252171104883e-01 2.850502229593065806e+01
1.118712939178235999e+00 9.156991656232661703e-02 2.469960728701737551e+01 5.535403786740009657e-01 3.839660806662172909e-01 2.786890079165402412e+01
1.114492427161968946e+00 5.764854124987171813e-02 3.084939107475933184e+01 5.713157327591730228e-01 3.189804048053757612e-01 2.768923577876936548e+01
1.114492427161968946e+00 5.764854124987171813e-02 3.084939107475933184e+01 5.713157327591730228e-01 3.189804048053757612e-01 2.768923577876936548e+01
1.053698323425175776e+00 4.141807312805659280e-02 1.800094034650212649e+01 5.497960112764492813e-01 3.029823561213804139e-01 2.979105130539111812e+01
1.193510855559638317e+00 9.617443158035360318e-02 3.024453348567631039e+01 6.022355459744377359e-01 3.403888931685810637e-01 2.684333524825154882e+01
1.193510855559638317e+00 9.617443158035360318e-02 3.024453348567631039e+01 6.022355459744377359e-01 3.403888931685810637e-01 2.684333524825154882e+01
1.164918585308809096e+00 8.541072861763542023e-02 2.391686234522583021e+01 5.699690787928480828e-01 2.963057569874050223e-01 3.029143345415204891e+01
1.133521131304147778e+00 1.066794497050377460e-01 2.872412937935916233e+01 5.959652611272362455e-01 3.184818365051206857e-01 2.681959727720339615e+01
1.133521131304147778e+00 1.066794497050377460e-01 2.872412937935916233e+01 5.959652611272362455e-01 3.184818365051206857e-01 2.681959727720339615e+01
1.132783827330348991e+00 5.957762859854120324e-02 2.534797027109403800e+01 5.500482569814868494e-01 3.695713157261262261e-01 2.938735572106580207e+01
1.124357098570284874e+00 1.105880647742539247e-01 2.700871930608706961e+01 6.010045767470783007e-01 4.038731144313484900e-01 2.931298531449513689e+01
1.124357098570284874e+00 1.105880647742539247e-01 2.700871930608706961e+01 6.010045767470783007e-01 4.038731144313484900e-01 2.931298531449513689e+01
1.122108796741578596e+00 7.986320012438978544e-02 3.266775903956411042e+01 5.586216622740084459e-01 3.977083892838063628e-01 2.986225307686608943e+01
1.168509063169812290e+00 1.233074150875027031e-01 2.615209582319557668e+01 5.362743691810856195e-01 3.939010699251024872e-01 2.955883890529312197e+01
1.148635056887346462e+00 9.165704261527202190e-02 3.591661482024564123e+01 5.559725510839182983e-01 4.083115508584957976e-01 3.093092002348516800e+01
1.109049053109850025e+00 7.069960428753023496e-02 1.452891934199994139e+01 5.718518706024701137e-01 4.057877653263262663e-01 3.023364797842847196e+01
1.229194428574131415e+00 1.585457591380665943e-01 1.842547600270429342e+01 6.391105213385283035e-01 4.384204473757259968e-01 2.702719200211601702e+01
1.151496467854409955e+00 1.427443098530398469e-01 2.349167054104437469e+01 5.994056833712971821e-01 3.641789655096291378e-01 2.961117465484406353e+01
1.159416735885837602e+00 1.486030208126127294e-01 9.865859758477224517e+00 5.731711000761600117e-01 4.100575208603054467e-01 3.036163785872260590e+01
1.196947269808598113e+00 1.064477532607443627e-01 7.503584270232799724e+00 5.813445485137698210e-01 3.749775234956517211e-01 2.963864474059935006e+01
1.196947269808598113e+00 1.064477532607443627e-01 7.503584270232799724e+00 5.813445485137698210e-01 3.749775234956517211e-01 2.963864474059935006e+01
1.162626917850179575e+00 1.043574202965039666e-01 2.324787524583129983e+00 6.003597314327148160e-01 4.189414312679112795e-01 2.994214519542536834e+01
1.162626917850179575e+00 1.043574202965039666e-01 2.324787524583129983e+00 6.003597314327148160e-01 4.189414312679112795e-01 2.994214519542536834e+01
1.129803325812606785e+00 1.133972918649078648e-01 0.000000000000000000e+00 5.782386243464402442e-01 3.867016291209838807e-01 3.092892641758339423e+01
1.125523415815906203e+00 1.181492573362645654e-01 6.658109772058478093e+00 5.883491092937362943e-01 3.884862183444625638e-01 3.024865408548334145e+01
1.125523415815906203e+00 1.181492573362645654e-01 6.658109772058478093e+00 5.883491092937362943e-01 3.884862183444625638e-01 3.024865408548334145e+01
1.146478554255767834e+00 1.392980391122361772e-01 9.103867733364264581e+00 5.759324907625266166e-01 3.967573615328395809e-01 3.259253484626943020e+01
1.146478554255767834e+00 1.392980391122361772e-01 9.103867733364264581e+00 5.759324907625266166e-01 3.967573615328395809e-01 3.259253484626943020e+01
1.146478554255767834e+00 1.392980391122361772e-01 9.103867733364264581e+00 5.759324907625266166e-01 3.967573615328395809e-01 3.259253484626943020e+01
1.171533798676287264e+00 1.487275408209762229e-01 2.668780411492921445e-02 6.101277036754776395e-01 3.977898574069714255e-01 3.095835598787002496e+01
1.133930278634082578e+00 1.276642414930495850e-01 4.966283568612870347e+00 5.949127801400199145e-01 3.950278751481035022e-01 2.937224779612407133e+01
1.133930278634082578e+00 1.276642414930495850e-01 4.966283568612870347e+00 5.949127801400199145e-01 3.950278751481035022e-01 2.937224779612407133e+01
1.175871110217763471e+00 1.054444008153938711e-01 5.232240035275214751e+00 6.013033257191006120e-01 3.777094928566864240e-01 3.076586336610193584e+01
1.175871110217763471e+00 1.054444008153938711e-01 5.232240035275214751e+00 6.013033257191006120e-01 3.777094928566864240e-01 3.076586336610193584e+01
1.222061242915730928e+00 2.418152848837083757e-01 2.118561045337828475e+01 4.884376217798595543e-01 3.863261928572981896e-01 3.457244661339882441e+01
1.117992951824284376e+00 1.641143008913777956e-01 2.743819528861284951e+01 5.128639744386193078e-01 4.511755474166039837e-01 2.709916919671925939e+01
1.158457098000331920e+00 1.452475521278599468e-01 2.230876727381732394e+01 5.629059112417057475e-01 4.293814362192056588e-01 2.585772502259816363e+01
1.095507036621958363e+00 1.543635169367128246e-01 2.961353483547070908e+01 5.396709699854761455e-01 3.770944743532527732e-01 2.347554843003204184e+01
1.126331079801859314e+00 1.574671406711483368e-01 3.190517280143113510e+01 5.613241518934884988e-01 3.677156508152332748e-01 2.672689709699247373e+01
1.125713584667434874e+00 1.281264526812046778e-01 1.694613012008532138e+01 6.464519220320147364e-01 4.331813906567810180e-01 3.203162915407253308e+01
1.155748748659159109e+00 1.420374370800041031e-01 1.105094977098407938e+01 5.997785831128898959e-01 4.190300113915054192e-01 3.452268666940019415e+01
1.145390725548844690e+00 1.375175430226549533e-01 1.957457507284672005e+01 5.869254624444394386e-01 5.041558694262694429e-01 3.236842532452214272e+01
1.154541260438779249e+00 1.140526541561587004e-01 2.334909202648156068e+01 6.463815139588114933e-01 4.532213996544391943e-01 3.277704598963499194e+01
1.106371496128033760e+00 1.568925694570497964e-01 2.289146287972060279e+01 5.891768215944022113e-01 4.701679118310507777e-01 3.100869811022332456e+01
1.145278521138991312e+00 1.945839691825302642e-01 2.191305443756409588e+01 5.947981873963980037e-01 4.767805625385713175e-01 3.157521007045114914e+01
1.113233101596655228e+00 1.528147110406585518e-01 2.592658426792363002e+01 5.797405954392705896e-01 4.567902454045119631e-01 2.893198202423871379e+01
1.121030015446347505e+00 1.668836535679292521e-01 2.026972404320649446e+01 6.008048790042569420e-01 4.604433124551931544e-01 3.175171346586214227e+01
1.150253097490759213e+00 1.269223357391372209e-01 1.766334544284753250e+01 6.262541694929981695e-01 4.782099658518401686e-01 3.471272496747146619e+01
1.150253097490759213e+00 1.269223357391372209e-01 1.766334544284753250e+01 6.262541694929981695e-01 4.782099658518401686e-01 3.471272496747146619e+01
1.037063907710903177e+00 7.343979014442095221e-02 2.387178891195497243e+01 5.974608253470949926e-01 4.371993746269316472e-01 3.472845261585879229e+01
1.107749910241980773e+00 8.838949606957770266e-02 2.466459416276994432e+01 6.324809453272308701e-01 4.335593018650448216e-01 3.374369679128199806e+01
1.133341617211185426e+00 9.858263445130001357e-02 2.025933796228601835e+01 6.259596676070684484e-01 4.401628325846088652e-01 3.588486657411663572e+01
1.133341617211185426e+00 9.858263445130001357e-02 2.025933796228601835e+01 6.259596676070684484e-01 4.401628325846088652e-01 3.588486657411663572e+01
1.143588829418130448e+00 1.151469328630871369e-01 1.053229385214074298e+01 6.323807699288310769e-01 4.236125130804097028e-01 3.277876672551043669e+01
1.202867278057173861e+00 1.742363818623135496e-01 9.372319366920994099e+00 5.538094051131141615e-01 4.836745322166003946e-01 3.096547550267357707e+01
1.182067803721209565e+00 1.574266803435248885e-01 1.016662331231304073e+01 5.008865015583426894e-01 4.527861714963009043e-01 2.767637179577003792e+01
1.207084695960280118e+00 1.563244310620237609e-01 1.547672271686584722e+01 4.709597060223495446e-01 4.378926509175349868e-01 2.568252950436536253e+01
1.142230914060398561e+00 1.615027815753428686e-01 1.447165918462193979e+01 5.173693176621262380e-01 4.251231936717095317e-01 2.485245830433511216e+01
1.243120956901238694e+00 2.066842435865001992e-01 2.327342205419451204e+01 5.843406835670824639e-01 4.260693691488678936e-01 3.015739822112355384e+01
1.243120956901238694e+00 2.066842435865001992e-01 2.327342205419451204e+01 5.843406835670824639e-01 4.260693691488678936e-01 3.015739822112355384e+01
1.228967758205699701e+00 1.346797305968967517e-01 1.754049826518238930e+01 5.504525571857221689e-01 4.006656834107209519e-01 2.983337970466225642e+01
1.228967758205699701e+00 1.346797305968967517e-01 1.754049826518238930e+01 5.504525571857221689e-01 4.006656834107209519e-01 2.983337970466225642e+01
1.276630724767220393e+00 1.843963864468582681e-01 1.356502176638733204e+01 5.916254934809551669e-01 4.410449294967257461e-01 3.069331926894960461e+01
1.276630724767220393e+00 1.843963864468582681e-01 1.356502176638733204e+01 5.916254934809551669e-01 4.410449294967257461e-01 3.069331926894960461e+01
1.158455458888248968e+00 1.312218098653707143e-01 1.871573504904593932e+01 5.307921964888312472e-01 3.713007643156618909e-01 3.379082803619159137e+01
1.082056465735778961e+00 1.668118751986518433e-01 8.358272954103560082e+00 5.926661818255419822e-01 5.016473121133074864e-01 2.633935107165246592e+01
1.090571940859962563e+00 1.308770550273397892e-01 1.197245704057893789e+01 5.545029056090726716e-01 4.943591169337874236e-01 2.727790513145379947e+01
1.187987163952388903e+00 1.488784839562025120e-01 1.071786390175847004e+01 5.596568679730968832e-01 4.760181418431835842e-01 2.838615443535120875e+01
1.129231385990992154e+00 1.865519978688304492e-01 1.541920676989989047e+01 5.892518130027546430e-01 4.376758585700196158e-01 2.200766098254946712e+01
1.112944034885503752e+00 1.788400413475429163e-01 1.018031040053980618e+01 6.179084107258289160e-01 4.405171483789801501e-01 2.191407857479614307e+01
1.112944034885503752e+00 1.788400413475429163e-01 1.018031040053980618e+01 6.179084107258289160e-01 4.405171483789801501e-01 2.191407857479614307e+01
1.113854851233590182e+00 1.372470745257592384e-01 1.684345133535570938e+01 5.928089357338631737e-01 4.557892754328187745e-01 2.396569322877582664e+01
1.113854851233590182e+00 1.372470745257592384e-01 1.684345133535570938e+01 5.928089357338631737e-01 4.557892754328187745e-01 2.396569322877582664e+01
1.171757220160479784e+00 1.177852680564567128e-01 1.024795182917053893e+01 6.520952768402321631e-01 4.432805842911912708e-01 2.606870263791125808e+01
1.172234169346649368e+00 1.234215853147178493e-01 8.592696861848112988e+00 6.701540834593006091e-01 4.530739087804774301e-01 2.755028531203230457e+01
1.172234169346649368e+00 1.234215853147178493e-01 8.592696861848112988e+00 6.701540834593006091e-01 4.530739087804774301e-01 2.755028531203230457e+01
1.250257689332831434e+00 1.776910718808757117e-01 1.655115743434575393e+01 6.184276422326425715e-01 5.906064433723473561e-01 2.764272694910308203e+01
1.250257689332831434e+00 1.776910718808757117e-01 1.655115743434575393e+01 6.184276422326425715e-01 5.906064433723473561e-01 2.764272694910308203e+01
1.238212243660394174e+00 1.395739980174983685e-01 1.152361861245863572e+01 6.356526096477812526e-01 5.712861349989666326e-01 2.747398769768867055e+01
1.238212243660394174e+00 1.395739980174983685e-01 1.152361861245863572e+01 6.356526096477812526e-01 5.712861349989666326e-01 2.747398769768867055e+01
1.238212243660394174e+00 1.395739980174983685e-01 1.152361861245863572e+01 6.356526096477812526e-01 5.712861349989666326e-01 2.747398769768867055e+01
1.233193868521894165e+00 1.588247760363582506e-01 7.302389122085066298e+00 6.148443484873332698e-01 5.381538285066104210e-01 2.742985589001238722e+01
1.233193868521894165e+00 1.588247760363582506e-01 7.302389122085066298e+00 6.148443484873332698e-01 5.381538285066104210e-01 2.742985589001238722e+01
1.208733309096185149e+00 1.702859766925425844e-01 4.323807105407692752e+00 6.020836809112933841e-01 5.529857847542615223e-01 2.874526914692649271e+01
1.208733309096185149e+00 1.702859766925425844e-01 4.323807105407692752e+00 6.020836809112933841e-01 5.529857847542615223e-01 2.874526914692649271e+01
1.208733309096185149e+00 1.702859766925425844e-01 4.323807105407692752e+00 6.020836809112933841e-01 5.529857847542615223e-01 2.874526914692649271e+01
1.252800394025163522e+00 1.729843528374619688e-01 9.422469553340343751e+00 6.115693708624251324e-01 5.497547598116707679e-01 2.729503653816075470e+01
1.252800394025163522e+00 1.729843528374619688e-01 9.422469553340343751e+00 6.115693708624251324e-01 5.497547598116707679e-01 2.729503653816075470e+01
1.242276185356908424e+00 1.839550655592175621e-01 1.431950553200418952e+01 6.142173862360732484e-01 5.343628645321434334e-01 2.816722247207631113e+01
1.242276185356908424e+00 1.839550655592175621e-01 1.431950553200418952e+01 6.142173862360732484e-01 5.343628645321434334e-01 2.816722247207631113e+01
1.230467809866639728e+00 1.654581795426882662e-01 1.147016904241054824e+01 6.268453565226256297e-01 5.542018296115736042e-01 2.944514577325153937e+01
1.230467809866639728e+00 1.654581795426882662e-01 1.147016904241054824e+01 6.268453565226256297e-01 5.542018296115736042e-01 2.944514577325153937e+01
1.180940355623554261e+00 1.730058605752796685e-01 1.616260191145276437e+01 5.997816898261051355e-01 5.532987931985927643e-01 2.394530214321216732e+01
1.205437374514469084e+00 2.050006253444508764e-01 1.364388644665051942e+01 5.501549611303803156e-01 4.767565254673151731e-01 2.604722536264368316e+01
1.209650757723490511e+00 1.536486903089300526e-01 1.602324717579899271e+01 5.917486115627623722e-01 4.807872325738397068e-01 2.316587003620366758e+01
1.184937706344456165e+00 1.962201590052981559e-01 2.342502099935984816e+01 5.939529292377533354e-01 5.323415117413542452e-01 2.319484199677619074e+01
1.233573625649325045e+00 2.091948840580751812e-01 1.754536256369928537e+01 5.830058946212138826e-01 5.414792240299950432e-01 2.484017475709582357e+01
1.195410314770757099e+00 1.072629922146801085e-01 1.912056169539076755e+00 5.959018162385847361e-01 5.527486509580166185e-01 2.255414879144299434e+01
1.194402840195479376e+00 1.333297103664335126e-01 7.701198293142225815e+00 5.683583192191890010e-01 5.108328797393757448e-01 2.276548027558174780e+01
1.209783048662427252e+00 1.432976394534710429e-01 6.901524557666509629e+00 5.951263627959685332e-01 5.399932314743827177e-01 2.095333344767605510e+01
1.209783048662427252e+00 1.432976394534710429e-01 6.901524557666509629e+00 5.951263627959685332e-01 5.399932314743827177e-01 2.095333344767605510e+01
1.199418432267391088e+00 1.394273246200942173e-01 1.179684206360726684e+01 5.805620357133408627e-01 5.516664592194724381e-01 2.480351199910644056e+01
1.195612225440144227e+00 1.199887314248046094e-01 3.790076168319691519e+00 5.810226438651154846e-01 5.643310174856930317e-01 2.492233083504793001e+01
1.198654492229545676e+00 1.412040331292888640e-01 6.465833454198412156e+00 5.612524678546462198e-01 5.685059260553337879e-01 2.241035452318089582e+01
1.169517992127161676e+00 1.312853151134835139e-01 9.131718500543399841e+00 5.941092362935764815e-01 5.239252994962605436e-01 2.295691509008872799e+01
1.169517992127161676e+00 1.312853151134835139e-01 9.131718500543399841e+00 5.941092362935764815e-01 5.239252994962605436e-01 2.295691509008872799e+01
1.152571063871994150e+00 1.652072011204772095e-01 2.074506017465505536e+01 6.032861284232471366e-01 5.036940452083761288e-01 2.194664681078277724e+01
1.143153259341224803e+00 1.432564135775700742e-01 2.791477171373011856e+01 5.753186138309372977e-01 5.130872191476155697e-01 2.493558187831699513e+01
1.200206381207013395e+00 1.491102580923652776e-01 1.517227018502606839e+01 5.967452793190840543e-01 3.185033101988956616e-01 2.436408035580000231e+01
1.204758268620190753e+00 1.389206255451666261e-01 1.484664850539046377e+01 6.334574740018905636e-01 3.377308480341615349e-01 2.535979470346859443e+01
1.224234698389806697e+00 1.771974716982854803e-01 1.163403304157415441e+01 6.315219442102266711e-01 3.675764800931287102e-01 2.292248138651502032e+01
1.224234698389806697e+00 1.771974716982854803e-01 1.163403304157415441e+01 6.315219442102266711e-01 3.675764800931287102e-01 2.292248138651502032e+01
1.215421771061147904e+00 1.675906356215147441e-01 9.971646858416967518e+00 6.520511545149091370e-01 3.939903752465024334e-01 2.378299892774516877e+01
1.215421771061147904e+00 1.675906356215147441e-01 9.971646858416967518e+00 6.520511545149091370e-01 3.939903752465024334e-01 2.378299892774516877e+01
1.238042183201818025e+00 1.547942962944509893e-01 9.275692170488582633e+00 6.286175920718668486e-01 3.971198419053919015e-01 2.445669817910248156e+01
1.269966766324177820e+00 1.546903913930362251e-01 2.053824584871592585e+00 6.671441681235361632e-01 3.907497626247239952e-01 2.453012592425773164e+01
1.221653676561642365e+00 1.698833792432816459e-01 4.374276705587073266e+00 6.185255435416331382e-01 3.936722917298007829e-01 2.449436018017836147e+01
1.217994105985805264e+00 1.639152173055373751e-01 7.478199697927816914e+00 6.163945116612570274e-01 3.758984812579196921e-01 2.529517696269114424e+01
1.214127965448795532e+00 1.214150182619981727e-01 8.891308114069252255e+00 6.462124558507509331e-01 3.599514289138358025e-01 2.315750787119264942e+01
1.214127965448795532e+00 1.214150182619981727e-01 8.891308114069252255e+00 6.462124558507509331e-01 3.599514289138358025e-01 2.315750787119264942e+01
1.211276622934395419e+00 1.924487278586980710e-01 5.476483858600659893e+00 6.089786732369768529e-01 3.590003252398198397e-01 2.523776164811476974e+01
1.150114888150091774e+00 2.127883618599506477e-01 1.753592238094552869e+01 6.570515912462903119e-01 3.683991684848387238e-01 2.372702750816130646e+01
1.150114888150091774e+00 2.127883618599506477e-01 1.753592238094552869e+01 6.570515912462903119e-01 3.683991684848387238e-01 2.372702750816130646e+01
1.146932538681575853e+00 1.992765944308787784e-01 1.196668064208081006e+01 6.521924011046261738e-01 3.514075257833183530e-01 2.479865821465875086e+01
1.202065312355215854e+00 2.091369422778458220e-01 6.900576697832404349e+00 6.243082807903143072e-01 3.280479873757644604e-01 2.684716433726908136e+01
1.202065312355215854e+00 2.091369422778458220e-01 6.900576697832404349e+00 6.243082807903143072e-01 3.280479873757644604e-01 2.684716433726908136e+01
1.215778823592414515e+00 1.939420532612477488e-01 1.203526190544413765e+01 6.408478987029082585e-01 3.386456843956774931e-01 2.551866924336298226e+01
1.215778823592414515e+00 1.939420532612477488e-01 1.203526190544413765e+01 6.408478987029082585e-01 3.386456843956774931e-01 2.551866924336298226e+01
1.147494678150343006e+00 2.070516040190494012e-01 4.737127907373611890e+00 6.048751987262824814e-01 3.646910218171989237e-01 2.547105447598956474e+01
1.147494678150343006e+00 2.070516040190494012e-01 4.737127907373611890e+00 6.048751987262824814e-01 3.646910218171989237e-01 2.547105447598956474e+01
1.218029578633605281e+00 2.471650834859803747e-01 1.544488569495066521e+00 6.392351227309198691e-01 3.520497459455303457e-01 2.840170058023278443e+01
1.218029578633605281e+00 2.471650834859803747e-01 1.544488569495066521e+00 6.392351227309198691e-01 3.520497459455303457e-01 2.840170058023278443e+01
1.200755772893192797e+00 1.440124265074892440e-01 0.000000000000000000e+00 6.065635040738457384e-01 3.370331705611960826e-01 2.611872787162577225e+01
1.200710646034707008e+00 1.255917402874532351e-01 8.738608513985925974e-01 5.926620561661594122e-01 3.321645502831807595e-01 2.531072270905296051e+01
1.166139639161958286e+00 1.118437178591439735e-01 7.366694657628183762e+00 6.005271975565150688e-01 3.151473649194220239e-01 2.370586163519543987e+01
1.166139639161958286e+00 1.118437178591439735e-01 7.366694657628183762e+00 6.005271975565150688e-01 3.151473649194220239e-01 2.370586163519543987e+01
1.167248811997084967e+00 1.315085202035569112e-01 0.000000000000000000e+00 6.284315358799121842e-01 3.323425907034132654e-01 2.454810886062332642e+01
1.168754656302936956e+00 1.236837258291647867e-01 5.514930143953834296e+00 6.100270981892526034e-01 3.001685467897434179e-01 2.482582563926822417e+01
1.168754656302936956e+00 1.236837258291647867e-01 5.514930143953834296e+00 6.100270981892526034e-01 3.001685467897434179e-01 2.482582563926822417e+01
1.166293643652440259e+00 1.416860514382093372e-01 1.658074590038664642e+00 5.898076964377583220e-01 3.142429691033146177e-01 2.552037587677141417e+01
1.199780656487538399e+00 1.348071167586269992e-01 6.862274626307756975e+00 6.026030381610026909e-01 3.202359275259509808e-01 2.439638098854516102e+01
1.199780656487538399e+00 1.348071167586269992e-01 6.862274626307756975e+00 6.026030381610026909e-01 3.202359275259509808e-01 2.439638098854516102e+01
1.190228978223101919e+00 1.262659808501973013e-01 2.942829870009009419e+00 5.963571344089072523e-01 3.009182216245693264e-01 2.628112210806599336e+01
1.190228978223101919e+00 1.262659808501973013e-01 2.942829870009009419e+00 5.963571344089072523e-01 3.009182216245693264e-01 2.628112210806599336e+01
1.193253578655604219e+00 1.758557341542268115e-01 1.036446355691637145e+01 5.809974054291218160e-01 3.906037628146300511e-01 2.548138380939153791e+01
1.193253578655604219e+00 1.758557341542268115e-01 1.036446355691637145e+01 5.809974054291218160e-01 3.906037628146300511e-01 2.548138380939153791e+01
1.233075053290941803e+00 1.641347354953420212e-01 6.820626668529808256e+00 5.916821226407235068e-01 3.516854790353524662e-01 2.579319761514693354e+01
1.233075053290941803e+00 1.641347354953420212e-01 6.820626668529808256e+00 5.916821226407235068e-01 3.516854790353524662e-01 2.579319761514693354e+01
1.182680243226952532e+00 1.863884494472328734e-01 1.268732890752185405e+01 5.741245774811510882e-01 3.899795214224528461e-01 2.437667121092889744e+01
1.182680243226952532e+00 1.863884494472328734e-01 1.268732890752185405e+01 5.741245774811510882e-01 3.899795214224528461e-01 2.437667121092889744e+01
1.191317359375563933e+00 1.954705521017602865e-01 5.336441282924761609e+00 5.927983262643408136e-01 3.733799807064149268e-01 2.375633395509060364e+01
1.191317359375563933e+00 1.954705521017602865e-01 5.336441282924761609e+00 5.927983262643408136e-01 3.733799807064149268e-01 2.375633395509060364e+01
1.216721798130245391e+00 2.313286076114669521e-01 2.054025943702982637e+00 5.557242725566532426e-01 3.740840183344711356e-01 2.663204755070193386e+01
1.222406591558134581e+00 1.941309299798734678e-01 9.819675112881556700e+00 5.846706434325235069e-01 4.085165892149454914e-01 2.489627121703941981e+01
1.207019446017503661e+00 2.362816210849030263e-01 9.015361399984827884e+00 5.762060011754412958e-01 4.229854476102407057e-01 2.532737891153054122e+01
1.207019446017503661e+00 2.362816210849030263e-01 9.015361399984827884e+00 5.762060011754412958e-01 4.229854476102407057e-01 2.532737891153054122e+01
1.174357428544613224e+00 2.860988250328102556e-01 7.204749672996317855e+00 5.356450249707390698e-01 4.382224666463053753e-01 2.765097946039885457e+01
1.186163107249926352e+00 2.377663900593146584e-01 1.269259368599803395e+01 5.943672133208406372e-01 4.662825803425812432e-01 2.625425497194785507e+01
1.186163107249926352e+00 2.377663900593146584e-01 1.269259368599803395e+01 5.943672133208406372e-01 4.662825803425812432e-01 2.625425497194785507e+01
1.216593909770797177e+00 2.352220620524201333e-01 7.681898419108513565e+00 5.678185058761876514e-01 4.265794530437044818e-01 2.567155477932379526e+01
1.216593909770797177e+00 2.352220620524201333e-01 7.681898419108513565e+00 5.678185058761876514e-01 4.265794530437044818e-01 2.567155477932379526e+01
1.239265137929603799e+00 2.106168475921795791e-01 1.357003969956886991e+01 5.207230551484868242e-01 4.998518960663601018e-01 2.526189127747766250e+01
1.238211101733193598e+00 2.289688574038563351e-01 1.392231121203154665e+01 5.239819880597555990e-01 4.379550715756136414e-01 2.514283261134423952e+01
1.235867016052999423e+00 2.712109361008735453e-01 1.207470940193888609e+01 4.951597179089952672e-01 4.612287809043244535e-01 2.532794689490120632e+01
1.200445441084210474e+00 2.339667737610138520e-01 8.478492610368855154e+00 5.954251784403686854e-01 4.596808106829385343e-01 2.447863006742293734e+01
1.219888515103929594e+00 2.416698025089742130e-01 1.038032194597869839e+01 5.784732012710877003e-01 4.690497928966491648e-01 2.341441428781114098e+01
1.219888515103929594e+00 2.416698025089742130e-01 1.038032194597869839e+01 5.784732012710877003e-01 4.690497928966491648e-01 2.341441428781114098e+01
1.210120909031886738e+00 2.591208858084891320e-01 1.066128648573428528e+01 6.139859608691438098e-01 4.653272696761763250e-01 2.488381273859010179e+01
1.236905669139653163e+00 2.142630880988306563e-01 1.635303315382231659e+01 5.674012218889682435e-01 4.898205063288186278e-01 2.422992237777065583e+01
1.215347323740351593e+00 2.351871219859532902e-01 1.695132212100197577e+01 5.559387003630194002e-01 4.615253152726002117e-01 2.441093307498152498e+01
1.231230676787335776e+00 2.213314953839265187e-01 1.942130296812504398e+01 5.726581092303060228e-01 4.845197488561121535e-01 2.442649206378328941e+01
1.190284868134422025e+00 2.100484231742430208e-01 1.245991277910491668e+01 6.061140997871716785e-01 4.985049887549497516e-01 2.501973742875843953e+01
1.224403978961295936e+00 1.990415313055882152e-01 4.770551298306360266e+00 5.664662071475713434e-01 5.228369801800275551e-01 2.519899353665547181e+01
1.224403978961295936e+00 1.990415313055882152e-01 4.770551298306360266e+00 5.664662071475713434e-01 5.228369801800275551e-01 2.519899353665547181e+01
1.178158484403233341e+00 2.144403023412904397e-01 8.967129115198016365e+00 5.524462522713960988e-01 5.099815384659753814e-01 2.644876401715923819e+01
1.194691198313306391e+00 1.794663407130623334e-01 1.184508751662449910e+01 5.591458295032410986e-01 4.940519178026343550e-01 2.709505077261061601e+01
1.191300078855440647e+00 2.211635286332272188e-01 1.345681904399183004e+01 5.612890512758017536e-01 5.143920830474293382e-01 2.475120828608259060e+01
1.223780565547788690e+00 2.383106191137419061e-01 9.446370688617477640e+00 5.961288085243667823e-01 4.676061412937500550e-01 2.619961273373551336e+01
1.236409136554653676e+00 2.138451537673212999e-01 3.144395053304041454e+00 5.556186398752854805e-01 4.840644376564403051e-01 2.650290589091258298e+01
1.236409136554653676e+00 2.138451537673212999e-01 3.144395053304041454e+00 5.556186398752854805e-01 4.840644376564403051e-01 2.650290589091258298e+01
1.270471314154837383e+00 2.141775374043809466e-01 1.234725905054070694e+01 5.348882126779265223e-01 4.706787768954815432e-01 2.660680878288013673e+01
1.203534728265680309e+00 1.551268802099086130e-01 1.399655945407972801e+01 5.752798878794903592e-01 4.288741272583769248e-01 3.167254037717450643e+01
1.196630297086934469e+00 1.826974386671867401e-01 1.622175275394562988e+01 5.562812596826030020e-01 4.062311374275517917e-01 2.943069296936556611e+01
1.226088869721362329e+00 1.328225981246461129e-01 9.125454663420480728e+00 6.321109379679281659e-01 3.864686551835054829e-01 2.594505698353461653e+01
1.226088869721362329e+00 1.328225981246461129e-01 9.125454663420480728e+00 6.321109379679281659e-01 3.864686551835054829e-01 2.594505698353461653e+01
1.211082892103724218e+00 1.409620654145862240e-01 1.304929327228357572e+01 6.069329636990260513e-01 4.020978378622899752e-01 2.587549170537111110e+01
1.211082892103724218e+00 1.409620654145862240e-01 1.304929327228357572e+01 6.069329636990260513e-01 4.020978378622899752e-01 2.587549170537111110e+01
1.130388896625843076e+00 1.050687416367842852e-01 4.438636142823698449e+00 5.608401306395074393e-01 4.527846461988126459e-01 2.951354020158285962e+01
1.130388896625843076e+00 1.050687416367842852e-01 4.438636142823698449e+00 5.608401306395074393e-01 4.527846461988126459e-01 2.951354020158285962e+01
1.138920955133221113e+00 1.167906676676752492e-01 1.068338794875611697e+01 5.507155655641524650e-01 3.873365816445858423e-01 2.742016257160504011e+01
1.058590027844759307e+00 1.057351382750996160e-01 0.000000000000000000e+00 6.091516134085305234e-01 4.361416956257820332e-01 2.676620002636720130e+01
1.058590027844759307e+00 1.057351382750996160e-01 0.000000000000000000e+00 6.091516134085305234e-01 4.361416956257820332e-01 2.676620002636720130e+01
1.058590027844759307e+00 1.057351382750996160e-01 0.000000000000000000e+00 6.091516134085305234e-01 4.361416956257820332e-01 2.676620002636720130e+01
1.104295929930137143e+00 1.104218970150582374e-01 0.000000000000000000e+00 5.905655264780119706e-01 4.564481288983663898e-01 2.831894013596332726e+01
1.071257145078076567e+00 1.150585988144220417e-01 3.906019126100006567e+00 5.600267368591388406e-01 4.318924920301439596e-01 2.886198520678502533e+01
1.071257145078076567e+00 1.150585988144220417e-01 3.906019126100006567e+00 5.600267368591388406e-01 4.318924920301439596e-01 2.886198520678502533e+01
1.143075234524826289e+00 8.762554752908530142e-02 1.488018055458111277e+00 6.162108120344399476e-01 4.555715437841551529e-01 2.739122994218404017e+01
1.143075234524826289e+00 8.762554752908530142e-02 1.488018055458111277e+00 6.162108120344399476e-01 4.555715437841551529e-01 2.739122994218404017e+01
1.098008047757101258e+00 1.094943352360854272e-01 0.000000000000000000e+00 5.490886670421798454e-01 4.328919083965975800e-01 2.760197631886470049e+01
1.144540734205897747e+00 7.998906531125703212e-02 4.299872492914399658e+00 6.035519422980631932e-01 4.475125252926800967e-01 2.596384829057306831e+01
1.144540734205897747e+00 7.998906531125703212e-02 4.299872492914399658e+00 6.035519422980631932e-01 4.475125252926800967e-01 2.596384829057306831e+01
1.098070619078709731e+00 9.394834028606333098e-02 0.000000000000000000e+00 6.102899517395297124e-01 4.430532017152082891e-01 2.675751622947020891e+01
1.098070619078709731e+00 9.394834028606333098e-02 0.000000000000000000e+00 6.102899517395297124e-01 4.430532017152082891e-01 2.675751622947020891e+01
1.238796446780229266e+00 8.390455255026084413e-02 1.302605048211660588e+01 6.353791997484985465e-01 4.034126265114044152e-01 2.981137643312544938e+01
1.238796446780229266e+00 8.390455255026084413e-02 1.302605048211660588e+01 6.353791997484985465e-01 4.034126265114044152e-01 2.981137643312544938e+01
1.238796446780229266e+00 8.390455255026084413e-02 1.302605048211660588e+01 6.353791997484985465e-01 4.034126265114044152e-01 2.981137643312544938e+01
1.221723763981304556e+00 1.134698055759643942e-01 9.324030272888997217e+00 6.491090165453416994e-01 3.862882501228245835e-01 2.851847551993764895e+01
1.221723763981304556e+00 1.134698055759643942e-01 9.324030272888997217e+00 6.491090165453416994e-01 3.862882501228245835e-01 2.851847551993764895e+01
1.221723763981304556e+00 1.134698055759643942e-01 9.324030272888997217e+00 6.491090165453416994e-01 3.862882501228245835e-01 2.851847551993764895e+01
1.228373531890190273e+00 9.562587262416061273e-02 1.871829994183793744e+01 6.628465210872132030e-01 4.180697373728585742e-01 2.794027230020018848e+01
1.228373531890190273e+00 9.562587262416061273e-02 1.871829994183793744e+01 6.628465210872132030e-01 4.180697373728585742e-01 2.794027230020018848e+01
1.228373531890190273e+00 9.562587262416061273e-02 1.871829994183793744e+01 6.628465210872132030e-01 4.180697373728585742e-01 2.794027230020018848e+01
1.242131602518987687e+00 1.124027092622834761e-01 1.796271561054095045e+01 6.196672820355247913e-01 3.646933076448138911e-01 3.014877972844226051e+01
1.242131602518987687e+00 1.124027092622834761e-01 1.796271561054095045e+01 6.196672820355247913e-01 3.646933076448138911e-01 3.014877972844226051e+01
1.252051183309894178e+00 8.643702624322215089e-02 1.454013358857333671e+01 6.729007695820156121e-01 3.799152005693234857e-01 3.010808071538496478e+01
1.252051183309894178e+00 8.643702624322215089e-02 1.454013358857333671e+01 6.729007695820156121e-01 3.799152005693234857e-01 3.010808071538496478e+01
1.162582948548818829e+00 1.265307619005587580e-01 2.722604369640946942e+01 6.064433739797127076e-01 3.481370545989996290e-01 3.036186433181379485e+01
1.162582948548818829e+00 1.265307619005587580e-01 2.722604369640946942e+01 6.064433739797127076e-01 3.481370545989996290e-01 3.036186433181379485e+01
1.141970671411477234e+00 1.282655458817840710e-01 1.534852828718433848e+01 6.007811433284832026e-01 4.306250147552029284e-01 2.823591928831880438e+01
1.243891790397466224e+00 1.721607784331883606e-01 8.402060333873391684e+00 5.709416190627953913e-01 4.095768471084814677e-01 3.019170717299718731e+01
1.221770939991546845e+00 1.465001656586768508e-01 1.534476925722738017e+01 5.843983488130448656e-01 3.944343203281686638e-01 2.881580686151038506e+01
1.223792262550880583e+00 9.894845498901469472e-02 1.734821291174847957e+01 5.800267196257128388e-01 4.061211595146660414e-01 2.952489622396205249e+01
1.200603977678641909e+00 1.438651457758049479e-01 1.875538589133934764e+01 6.437706581890512147e-01 3.695941762799938024e-01 3.006837897206576216e+01
1.200603977678641909e+00 1.438651457758049479e-01 1.875538589133934764e+01 6.437706581890512147e-01 3.695941762799938024e-01 3.006837897206576216e+01
1.224621314553818952e+00 1.795795526642358086e-01 1.227127554937713150e+01 6.111534239742567598e-01 4.081002202841152449e-01 3.129371544362349766e+01
1.224621314553818952e+00 1.795795526642358086e-01 1.227127554937713150e+01 6.111534239742567598e-01 4.081002202841152449e-01 3.129371544362349766e+01
1.201767000120813389e+00 1.707636600908894464e-01 2.754672470170685727e+00 6.072232498959218017e-01 4.113555439644897005e-01 2.960013336523197935e+01
1.189699818539073917e+00 1.432289040856614959e-01 2.021613530939612957e+01 5.867003968354288501e-01 3.989489161884678392e-01 3.348213789222796777e+01
1.189699818539073917e+00 1.432289040856614959e-01 2.021613530939612957e+01 5.867003968354288501e-01 3.989489161884678392e-01 3.348213789222796777e+01
1.252820528084387597e+00 1.472359638326146969e-01 1.563669855976975853e+01 5.974596038219189831e-01 4.030586064597427298e-01 3.244132962712970425e+01
1.252820528084387597e+00 1.472359638326146969e-01 1.563669855976975853e+01 5.974596038219189831e-01 4.030586064597427298e-01 3.244132962712970425e+01
1.141964610398181978e+00 1.599746568269818925e-01 2.227363886858598008e+01 6.285798747776858431e-01 4.666377127747733389e-01 3.238671037618388482e+01
1.141964610398181978e+00 1.599746568269818925e-01 2.227363886858598008e+01 6.285798747776858431e-01 4.666377127747733389e-01 3.238671037618388482e+01
1.141964610398181978e+00 1.599746568269818925e-01 2.227363886858598008e+01 6.285798747776858431e-01 4.666377127747733389e-01 3.238671037618388482e+01
1.161962560209278461e+00 1.509595113301658298e-01 1.577522597589811326e+01 6.464721573123862752e-01 4.615267785483230245e-01 3.101495919238738708e+01
1.161962560209278461e+00 1.509595113301658298e-01 1.577522597589811326e+01 6.464721573123862752e-01 4.615267785483230245e-01 3.101495919238738708e+01
1.161962560209278461e+00 1.509595113301658298e-01 1.577522597589811326e+01 6.464721573123862752e-01 4.615267785483230245e-01 3.101495919238738708e+01
1.147001494730901960e+00 1.616871850365905472e-01 2.667167076192605180e+01 6.373202446892302087e-01 4.271518380423733885e-01 3.062347966633388907e+01
1.147001494730901960e+00 1.616871850365905472e-01 2.667167076192605180e+01 6.373202446892302087e-01 4.271518380423733885e-01 3.062347966633388907e+01
1.147001494730901960e+00 1.616871850365905472e-01 2.667167076192605180e+01 6.373202446892302087e-01 4.271518380423733885e-01 3.062347966633388907e+01
1.178071812099343640e+00 1.782136178858393927e-01 2.922369648380324136e+01 6.120562293337359350e-01 4.085844214267340679e-01 3.201768382678854863e+01
1.178071812099343640e+00 1.782136178858393927e-01 2.922369648380324136e+01 6.120562293337359350e-01 4.085844214267340679e-01 3.201768382678854863e+01
1.178071812099343640e+00 1.782136178858393927e-01 2.922369648380324136e+01 6.120562293337359350e-01 4.085844214267340679e-01 3.201768382678854863e+01
1.163158312175200715e+00 1.208769878967899530e-01 2.488324340088159303e+01 6.375908770683654803e-01 3.871387042831824221e-01 3.089038514166068339e+01
1.163158312175200715e+00 1.208769878967899530e-01 2.488324340088159303e+01 6.375908770683654803e-01 3.871387042831824221e-01 3.089038514166068339e+01
1.187186891103139574e+00 1.022526965947070099e-01 2.045402020905867957e+01 6.264092451604643674e-01 4.546028163563393676e-01 3.182511417460206360e+01
1.187186891103139574e+00 1.022526965947070099e-01 2.045402020905867957e+01 6.264092451604643674e-01 4.546028163563393676e-01 3.182511417460206360e+01
1.187186891103139574e+00 1.022526965947070099e-01 2.045402020905867957e+01 6.264092451604643674e-01 4.546028163563393676e-01 3.182511417460206360e+01
1.158506308202090995e+00 1.162822253379915544e-01 2.175250063540979539e+01 6.043694882752504993e-01 4.356581560533396291e-01 2.210436488621418150e+01
1.091011741743784569e+00 1.894697046912919847e-01 3.575365223439610673e+01 5.745917283222268246e-01 4.271414189791161165e-01 2.430074745899957733e+01
1.112590292400129632e+00 1.658571070957794991e-01 2.747182940251645888e+01 5.699573222119955762e-01 3.890187640890045428e-01 2.107929068301555375e+01
1.112590292400129632e+00 1.658571070957794991e-01 2.747182940251645888e+01 5.699573222119955762e-01 3.890187640890045428e-01 2.107929068301555375e+01
1.120696863534992760e+00 1.548286585503403645e-01 7.647252530964358641e+00 4.726014756810794082e-01 3.683104705985065230e-01 2.791034588835893970e+01
1.094721341750483301e+00 1.354777284095484702e-01 0.000000000000000000e+00 4.715066427169383179e-01 3.720548372580456675e-01 2.780023399266269735e+01
1.073598622967313121e+00 1.190181008147530722e-01 5.262707037595913739e+00 5.083384942420421382e-01 4.056155158023239671e-01 2.590221701502524709e+01
1.057676929788003983e+00 1.265188686029205811e-01 6.907321119958658606e+00 4.829631550477803126e-01 4.070436341186536855e-01 2.302117213182948419e+01
1.182372174757655658e+00 1.585105601166736100e-01 1.568034418778147554e+01 5.241958483446870209e-01 4.290319941360871692e-01 3.003246664627913276e+01
1.201284965823010253e+00 1.051185936587425429e-01 2.200542708362802102e+01 5.159820834212139884e-01 3.869403536472989513e-01 2.728248452957025449e+01
1.170371840911503147e+00 8.260605559500135142e-02 1.962531243687870841e+01 5.327692290211847315e-01 4.487715092080898915e-01 2.520060470561267962e+01
1.178447708038480313e+00 1.264648057689666816e-01 2.652707616517373879e+01 5.697647898316915427e-01 4.857392566790671440e-01 2.899646031164973436e+01
1.211945895061462330e+00 1.194476188889621593e-01 1.887215004142678154e+01 5.384396299607190350e-01 4.782994761369273595e-01 2.950263568999285368e+01
1.211945895061462330e+00 1.194476188889621593e-01 1.887215004142678154e+01 5.384396299607190350e-01 4.782994761369273595e-01 2.950263568999285368e+01
1.147332400464734947e+00 9.483477924696967487e-02 1.996732253616948682e+01 5.657418542783330118e-01 4.791319617615179549e-01 2.944459271146912371e+01
1.147332400464734947e+00 9.483477924696967487e-02 1.996732253616948682e+01 5.657418542783330118e-01 4.791319617615179549e-01 2.944459271146912371e+01
1.179578530621446575e+00 1.023672365976014409e-01 1.939753942682262533e+01 5.379062749554404110e-01 4.648430387211376913e-01 2.922763116438507680e+01
1.125934591579833555e+00 1.021404382095325580e-01 2.680558321068411587e+01 5.064741471366065451e-01 4.375541544565075269e-01 2.785776601042216072e+01
1.151769048432947695e+00 1.040678883411191857e-01 9.694929788166218643e+00 5.311511652308930076e-01 4.727883010372588846e-01 2.850034449267394265e+01
1.164807292445060538e+00 1.013868208368935570e-01 1.542997929796682222e+01 5.265926966901574025e-01 4.546365121939645593e-01 2.598318781766834462e+01
1.174579487880442086e+00 1.378112841206757810e-01 1.004637754381373504e+01 5.492474443085737512e-01 4.835745836162624323e-01 2.765123992753587956e+01
1.122524375963802168e+00 1.909008049932790496e-01 2.640967534203998213e+01 5.397913174074205900e-01 4.311842874313884799e-01 2.787391144776469787e+01
1.119389853737629448e+00 1.986452371703900655e-01 2.145627422117213001e+01 5.285622077449643186e-01 4.258222164792581643e-01 2.921091629506718235e+01
1.153648876347027175e+00 1.626411372297671964e-01 2.395557046855102357e+01 6.565612577994248689e-01 3.642965179078843652e-01 2.994784667691093460e+01
1.153648876347027175e+00 1.626411372297671964e-01 2.395557046855102357e+01 6.565612577994248689e-01 3.642965179078843652e-01 2.994784667691093460e+01
1.153648876347027175e+00 1.626411372297671964e-01 2.395557046855102357e+01 6.565612577994248689e-01 3.642965179078843652e-01 2.994784667691093460e+01
1.139392368777768061e+00 1.720423059221044548e-01 3.301135361333133034e+01 6.620556777149918526e-01 3.751989650040524760e-01 2.915535401512189395e+01
1.145319694593208704e+00 1.791241374081464222e-01 2.829159249354700734e+01 6.836295043066247246e-01 3.530266217527511241e-01 2.855296532766267958e+01
1.145319694593208704e+00 1.791241374081464222e-01 2.829159249354700734e+01 6.836295043066247246e-01 3.530266217527511241e-01 2.855296532766267958e+01
1.145319694593208704e+00 1.791241374081464222e-01 2.829159249354700734e+01 6.836295043066247246e-01 3.530266217527511241e-01 2.855296532766267958e+01
1.157408326898269335e+00 1.708712579724018521e-01 3.236392968282049054e+01 6.491898008178103030e-01 3.778021693736329789e-01 2.856782572545663612e+01
1.131450929547485940e+00 1.669775363554408532e-01 2.256556971888315033e+01 6.565140257115242850e-01 3.676650148903811144e-01 2.955846590374081728e+01
1.131450929547485940e+00 1.669775363554408532e-01 2.256556971888315033e+01 6.565140257115242850e-01 3.676650148903811144e-01 2.955846590374081728e+01
1.131450929547485940e+00 1.669775363554408532e-01 2.256556971888315033e+01 6.565140257115242850e-01 3.676650148903811144e-01 2.955846590374081728e+01
1.163477949906090103e+00 1.438523970964148968e-01 2.256825413504350664e+01 6.597912604778747303e-01 3.600960392238563013e-01 2.869543566832008707e+01
1.163477949906090103e+00 1.438523970964148968e-01 2.256825413504350664e+01 6.597912604778747303e-01 3.600960392238563013e-01 2.869543566832008707e+01
1.163477949906090103e+00 1.438523970964148968e-01 2.256825413504350664e+01 6.597912604778747303e-01 3.600960392238563013e-01 2.869543566832008707e+01
1.142716011546709876e+00 1.811172537781372827e-01 3.566095211138005538e+01 6.999999999999999556e-01 3.749680381624516112e-01 2.884115338615341884e+01
1.158158433225958461e+00 1.755842984716678157e-01 2.195514712566965443e+01 6.718231250167718827e-01 3.474658729738978602e-01 2.939332684989671662e+01
1.158158433225958461e+00 1.755842984716678157e-01 2.195514712566965443e+01 6.718231250167718827e-01 3.474658729738978602e-01 2.939332684989671662e+01
1.158158433225958461e+00 1.755842984716678157e-01 2.195514712566965443e+01 6.718231250167718827e-01 3.474658729738978602e-01 2.939332684989671662e+01
1.158158433225958461e+00 1.755842984716678157e-01 2.195514712566965443e+01 6.718231250167718827e-01 3.474658729738978602e-01 2.939332684989671662e+01
1.149389416423052257e+00 1.694742576686160962e-01 3.475633647126664982e+01 6.696366633789716527e-01 3.554006173229597998e-01 2.889379818908191311e+01
1.167145041122168880e+00 1.723616013066700536e-01 2.104554580028685962e+01 6.563380451945718397e-01 3.744965948631894803e-01 2.948504339570690291e+01
1.167145041122168880e+00 1.723616013066700536e-01 2.104554580028685962e+01 6.563380451945718397e-01 3.744965948631894803e-01 2.948504339570690291e+01
1.167145041122168880e+00 1.723616013066700536e-01 2.104554580028685962e+01 6.563380451945718397e-01 3.744965948631894803e-01 2.948504339570690291e+01
1.131209651552639750e+00 1.263271718287330703e-01 8.481198067768044524e+00 6.068101054069319211e-01 4.274267158923438226e-01 3.006570565317855781e+01
1.131209651552639750e+00 1.263271718287330703e-01 8.481198067768044524e+00 6.068101054069319211e-01 4.274267158923438226e-01 3.006570565317855781e+01
1.131209651552639750e+00 1.263271718287330703e-01 8.481198067768044524e+00 6.068101054069319211e-01 4.274267158923438226e-01 3.006570565317855781e+01
1.151832232459005567e+00 8.474163971358525393e-02 1.551121839052019880e+01 6.331649555604227375e-01 4.074508147504649069e-01 3.055558972462583966e+01
1.151832232459005567e+00 8.474163971358525393e-02 1.551121839052019880e+01 6.331649555604227375e-01 4.074508147504649069e-01 3.055558972462583966e+01
1.151832232459005567e+00 8.474163971358525393e-02 1.551121839052019880e+01 6.331649555604227375e-01 4.074508147504649069e-01 3.055558972462583966e+01
1.122949075026990595e+00 1.088957336678618992e-01 7.500587747818315165e+00 6.469684938463498014e-01 4.350566735230899651e-01 3.130775276746012992e+01
1.122949075026990595e+00 1.088957336678618992e-01 7.500587747818315165e+00 6.469684938463498014e-01 4.350566735230899651e-01 3.130775276746012992e+01
1.122949075026990595e+00 1.088957336678618992e-01 7.500587747818315165e+00 6.469684938463498014e-01 4.350566735230899651e-01 3.130775276746012992e+01
1.186629826672355614e+00 8.878193548636152677e-02 1.182970668980780360e+01 6.658949652311625389e-01 4.277541036401108498e-01 2.986497301819042960e+01
1.186629826672355614e+00 8.878193548636152677e-02 1.182970668980780360e+01 6.658949652311625389e-01 4.277541036401108498e-01 2.986497301819042960e+01
1.186629826672355614e+00 8.878193548636152677e-02 1.182970668980780360e+01 6.658949652311625389e-01 4.277541036401108498e-01 2.986497301819042960e+01
1.186629826672355614e+00 8.878193548636152677e-02 1.182970668980780360e+01 6.658949652311625389e-01 4.277541036401108498e-01 2.986497301819042960e+01
1.166947670839020512e+00 8.430421418785051524e-02 1.182483496871899575e+01 6.089740720896076320e-01 4.109809724097072126e-01 2.918258765026378043e+01
1.166947670839020512e+00 8.430421418785051524e-02 1.182483496871899575e+01 6.089740720896076320e-01 4.109809724097072126e-01 2.918258765026378043e+01
1.162927283449917137e+00 1.239735063841181789e-01 6.974829222621028890e+00 6.590960831404851783e-01 4.121336996038716394e-01 2.907427879563585549e+01
1.162927283449917137e+00 1.239735063841181789e-01 6.974829222621028890e+00 6.590960831404851783e-01 4.121336996038716394e-01 2.907427879563585549e+01
1.162927283449917137e+00 1.239735063841181789e-01 6.974829222621028890e+00 6.590960831404851783e-01 4.121336996038716394e-01 2.907427879563585549e+01
1.162927283449917137e+00 1.239735063841181789e-01 6.974829222621028890e+00 6.590960831404851783e-01 4.121336996038716394e-01 2.907427879563585549e+01
1.161544782664751585e+00 1.154373633837896956e-01 1.077121188017010844e+01 6.477147231838156216e-01 4.227865035620568812e-01 2.967154337221440130e+01
1.161544782664751585e+00 1.154373633837896956e-01 1.077121188017010844e+01 6.477147231838156216e-01 4.227865035620568812e-01 2.967154337221440130e+01
1.161544782664751585e+00 1.154373633837896956e-01 1.077121188017010844e+01 6.477147231838156216e-01 4.227865035620568812e-01 2.967154337221440130e+01
1.205542968099609924e+00 1.055780318430769027e-01 1.557157450919574160e+01 6.431067500785400126e-01 4.179427755894737917e-01 2.933295687749373926e+01
1.205542968099609924e+00 1.055780318430769027e-01 1.557157450919574160e+01 6.431067500785400126e-01 4.179427755894737917e-01 2.933295687749373926e+01
1.205542968099609924e+00 1.055780318430769027e-01 1.557157450919574160e+01 6.431067500785400126e-01 4.179427755894737917e-01 2.933295687749373926e+01
1.194712450831855843e+00 1.242081605978950232e-01 8.889365127082967888e+00 6.444152190317891105e-01 4.139450312339575944e-01 2.825436467321856426e+01
1.194712450831855843e+00 1.242081605978950232e-01 8.889365127082967888e+00 6.444152190317891105e-01 4.139450312339575944e-01 2.825436467321856426e+01
1.194712450831855843e+00 1.242081605978950232e-01 8.889365127082967888e+00 6.444152190317891105e-01 4.139450312339575944e-01 2.825436467321856426e+01
1.153860398026210765e+00 9.058221354679348025e-02 8.226120296984289482e+00 6.412538762752066912e-01 4.155996361261352079e-01 3.077508624761997780e+01
1.153860398026210765e+00 9.058221354679348025e-02 8.226120296984289482e+00 6.412538762752066912e-01 4.155996361261352079e-01 3.077508624761997780e+01
1.153860398026210765e+00 9.058221354679348025e-02 8.226120296984289482e+00 6.412538762752066912e-01 4.155996361261352079e-01 3.077508624761997780e+01
1.190752137685999079e+00 8.630690794127073018e-02 1.503919975495634986e+01 6.455970487987007234e-01 4.395411676461308814e-01 2.934057875170663010e+01
1.190752137685999079e+00 8.630690794127073018e-02 1.503919975495634986e+01 6.455970487987007234e-01 4.395411676461308814e-01 2.934057875170663010e+01
1.190752137685999079e+00 8.630690794127073018e-02 1.503919975495634986e+01 6.455970487987007234e-01 4.395411676461308814e-01 2.934057875170663010e+01
1.161041112918584473e+00 1.052382957808377373e-01 1.797142826265322668e+01 6.922341870000405795e-01 3.320211708801493744e-01 2.813903908772295281e+01
1.176747287167632328e+00 1.707718713063791638e-01 1.632683132172075346e+01 6.406724311294197394e-01 4.289964476465984999e-01 2.584056800147606126e+01
1.176747287167632328e+00 1.707718713063791638e-01 1.632683132172075346e+01 6.406724311294197394e-01 4.289964476465984999e-01 2.584056800147606126e+01
1.118210796111406946e+00 1.334323167364254992e-01 2.405102915822487830e+01 6.590487096313583093e-01 3.852110929300150977e-01 2.421368474812170035e+01
1.118210796111406946e+00 1.334323167364254992e-01 2.405102915822487830e+01 6.590487096313583093e-01 3.852110929300150977e-01 2.421368474812170035e+01
1.118210796111406946e+00 1.334323167364254992e-01 2.405102915822487830e+01 6.590487096313583093e-01 3.852110929300150977e-01 2.421368474812170035e+01
1.153240418105784482e+00 1.379748016689478496e-01 3.138162266763744412e+01 6.620050368478049840e-01 4.236790278863693526e-01 2.661951115859056216e+01
1.153240418105784482e+00 1.379748016689478496e-01 3.138162266763744412e+01 6.620050368478049840e-01 4.236790278863693526e-01 2.661951115859056216e+01
1.153240418105784482e+00 1.379748016689478496e-01 3.138162266763744412e+01 6.620050368478049840e-01 4.236790278863693526e-01 2.661951115859056216e+01
1.170391519452071094e+00 1.811988823003845561e-01 2.607854383229638273e+01 6.437633684001713430e-01 4.088049061079084834e-01 2.628905108073979235e+01
1.170391519452071094e+00 1.811988823003845561e-01 2.607854383229638273e+01 6.437633684001713430e-01 4.088049061079084834e-01 2.628905108073979235e+01
1.177381749229545527e+00 1.610223168480587608e-01 1.914201269421057106e+01 6.610261746106305125e-01 3.999233661005220375e-01 2.733236842721048987e+01
1.177381749229545527e+00 1.610223168480587608e-01 1.914201269421057106e+01 6.610261746106305125e-01 3.999233661005220375e-01 2.733236842721048987e+01
1.177381749229545527e+00 1.610223168480587608e-01 1.914201269421057106e+01 6.610261746106305125e-01 3.999233661005220375e-01 2.733236842721048987e+01
1.144891180104861794e+00 1.564462050110974889e-01 2.863405292136251745e+01 6.443686876533636365e-01 3.966290624204520388e-01 2.723604081127133369e+01
1.144891180104861794e+00 1.564462050110974889e-01 2.863405292136251745e+01 6.443686876533636365e-01 3.966290624204520388e-01 2.723604081127133369e+01
1.144891180104861794e+00 1.564462050110974889e-01 2.863405292136251745e+01 6.443686876533636365e-01 3.966290624204520388e-01 2.723604081127133369e+01
1.160313972059376475e+00 1.812505228661734358e-01 2.091091892012875064e+01 6.342222197604441281e-01 4.098508739034691928e-01 2.740991019042846588e+01
1.160313972059376475e+00 1.812505228661734358e-01 2.091091892012875064e+01 6.342222197604441281e-01 4.098508739034691928e-01 2.740991019042846588e+01
1.149529636266246824e+00 1.458881993641022723e-01 2.015160289349144307e+01 6.226689773492029012e-01 3.999773231645632476e-01 2.774741898419085828e+01
1.149529636266246824e+00 1.458881993641022723e-01 2.015160289349144307e+01 6.226689773492029012e-01 3.999773231645632476e-01 2.774741898419085828e+01
1.149529636266246824e+00 1.458881993641022723e-01 2.015160289349144307e+01 6.226689773492029012e-01 3.999773231645632476e-01 2.774741898419085828e+01
1.056599113420870095e+00 1.301281103749206691e-01 2.069700684004952507e+01 6.811798960598046682e-01 4.380467472024549003e-01 2.852698148909369635e+01
1.063208873759131201e+00 1.424771573123652102e-01 2.642458261878320513e+01 6.713891098977461391e-01 4.080202019974097927e-01 2.911824497663636180e+01
1.061856756819385517e+00 1.369244602341558592e-01 1.889506728793517709e+01 6.738364971188912644e-01 4.273272718210028298e-01 2.958793063783717514e+01
1.103389823378411627e+00 1.391653362333154509e-01 3.709047766872829044e+01 6.833541879911197992e-01 3.844466539496356194e-01 2.875293567872734002e+01
1.103389823378411627e+00 1.391653362333154509e-01 3.709047766872829044e+01 6.833541879911197992e-01 3.844466539496356194e-01 2.875293567872734002e+01
1.059049057619279477e+00 1.440769929472173472e-01 3.016357106023694357e+01 6.637392243212087983e-01 4.090019061189109628e-01 3.034397626518604341e+01
1.059049057619279477e+00 1.440769929472173472e-01 3.016357106023694357e+01 6.637392243212087983e-01 4.090019061189109628e-01 3.034397626518604341e+01
1.059049057619279477e+00 1.440769929472173472e-01 3.016357106023694357e+01 6.637392243212087983e-01 4.090019061189109628e-01 3.034397626518604341e+01
1.059049057619279477e+00 1.440769929472173472e-01 3.016357106023694357e+01 6.637392243212087983e-01 4.090019061189109628e-01 3.034397626518604341e+01
1.084835913207695679e+00 1.486813403414891377e-01 2.235985180811479012e+01 6.491005273623842164e-01 4.666417145960207735e-01 2.921935640490917407e+01
1.084835913207695679e+00 1.486813403414891377e-01 2.235985180811479012e+01 6.491005273623842164e-01 4.666417145960207735e-01 2.921935640490917407e+01
1.084835913207695679e+00 1.486813403414891377e-01 2.235985180811479012e+01 6.491005273623842164e-01 4.666417145960207735e-01 2.921935640490917407e+01
1.086923443012461687e+00 1.397467574535410095e-01 3.646559287247404058e+01 6.782721776520423962e-01 4.263596149300399873e-01 2.690366682677338162e+01
1.086923443012461687e+00 1.397467574535410095e-01 3.646559287247404058e+01 6.782721776520423962e-01 4.263596149300399873e-01 2.690366682677338162e+01
1.086923443012461687e+00 1.397467574535410095e-01 3.646559287247404058e+01 6.782721776520423962e-01 4.263596149300399873e-01 2.690366682677338162e+01
1.025680448860684324e+00 1.395036506277408384e-01 2.580993204580480338e+01 6.394804886351423967e-01 4.258263457533100205e-01 3.023101052736820904e+01
1.025680448860684324e+00 1.395036506277408384e-01 2.580993204580480338e+01 6.394804886351423967e-01 4.258263457533100205e-01 3.023101052736820904e+01
1.025680448860684324e+00 1.395036506277408384e-01 2.580993204580480338e+01 6.394804886351423967e-01 4.258263457533100205e-01 3.023101052736820904e+01
1.072017016898463515e+00 1.436114682689762778e-01 2.704835712507332701e+01 6.970450720770915432e-01 4.327491583856735713e-01 2.876507430178874714e+01
1.072017016898463515e+00 1.436114682689762778e-01 2.704835712507332701e+01 6.970450720770915432e-01 4.327491583856735713e-01 2.876507430178874714e+01
1.072017016898463515e+00 1.436114682689762778e-01 2.704835712507332701e+01 6.970450720770915432e-01 4.327491583856735713e-01 2.876507430178874714e+01
1.068191373445070980e+00 1.011535229615724285e-01 2.424022294075455264e+01 6.617922175068443602e-01 3.834391272756930702e-01 2.986569628008475163e+01
1.068191373445070980e+00 1.011535229615724285e-01 2.424022294075455264e+01 6.617922175068443602e-01 3.834391272756930702e-01 2.986569628008475163e+01
1.067821733008062601e+00 1.387692147695448186e-01 2.737724983767959941e+01 6.736453886709536931e-01 4.152561753364623631e-01 2.920396681765023672e+01
1.067821733008062601e+00 1.387692147695448186e-01 2.737724983767959941e+01 6.736453886709536931e-01 4.152561753364623631e-01 2.920396681765023672e+01
1.067821733008062601e+00 1.387692147695448186e-01 2.737724983767959941e+01 6.736453886709536931e-01 4.152561753364623631e-01 2.920396681765023672e+01
1.094881842690848872e+00 1.369304389277127831e-01 2.890235412497490941e+01 6.280009496877395625e-01 4.329652755173519774e-01 3.043956732228216921e+01
1.094881842690848872e+00 1.369304389277127831e-01 2.890235412497490941e+01 6.280009496877395625e-01 4.329652755173519774e-01 3.043956732228216921e+01
1.094881842690848872e+00 1.369304389277127831e-01 2.890235412497490941e+01 6.280009496877395625e-01 4.329652755173519774e-01 3.043956732228216921e+01
1.083256118155807801e+00 1.507634402956792852e-01 2.572772810234511809e+01 6.930925238036743652e-01 3.999235958810851144e-01 2.961112559917394549e+01
1.083256118155807801e+00 1.507634402956792852e-01 2.572772810234511809e+01 6.930925238036743652e-01 3.999235958810851144e-01 2.961112559917394549e+01
1.083256118155807801e+00 1.507634402956792852e-01 2.572772810234511809e+01 6.930925238036743652e-01 3.999235958810851144e-01 2.961112559917394549e+01
1.105261979374551728e+00 1.225422360789692050e-01 2.373109350753755464e+01 6.405775074281142567e-01 4.214889456603981843e-01 3.064605595755041278e+01
1.105261979374551728e+00 1.225422360789692050e-01 2.373109350753755464e+01 6.405775074281142567e-01 4.214889456603981843e-01 3.064605595755041278e+01
1.105261979374551728e+00 1.225422360789692050e-01 2.373109350753755464e+01 6.405775074281142567e-01 4.214889456603981843e-01 3.064605595755041278e+01
1.126837057162906275e+00 1.469964547155748480e-01 2.776427945294663857e+01 6.594735316528790303e-01 3.784254333273758819e-01 3.213656683920556389e+01
1.126837057162906275e+00 1.469964547155748480e-01 2.776427945294663857e+01 6.594735316528790303e-01 3.784254333273758819e-01 3.213656683920556389e+01
1.126837057162906275e+00 1.469964547155748480e-01 2.776427945294663857e+01 6.594735316528790303e-01 3.784254333273758819e-01 3.213656683920556389e+01
1.126837057162906275e+00 1.469964547155748480e-01 2.776427945294663857e+01 6.594735316528790303e-01 3.784254333273758819e-01 3.213656683920556389e+01
1.109032868747273026e+00 1.345913105376158603e-01 2.863646653983366974e+01 6.622463963220208694e-01 4.076229215839998199e-01 3.124842377741492072e+01
1.109032868747273026e+00 1.345913105376158603e-01 2.863646653983366974e+01 6.622463963220208694e-01 4.076229215839998199e-01 3.124842377741492072e+01
1.109032868747273026e+00 1.345913105376158603e-01 2.863646653983366974e+01 6.622463963220208694e-01 4.076229215839998199e-01 3.124842377741492072e+01
1.129438258158396158e+00 1.242025748895154852e-01 2.837146487271444428e+01 6.303587301893091022e-01 3.937030548529818486e-01 3.212366756653671729e+01
1.129438258158396158e+00 1.242025748895154852e-01 2.837146487271444428e+01 6.303587301893091022e-01 3.937030548529818486e-01 3.212366756653671729e+01
1.129438258158396158e+00 1.242025748895154852e-01 2.837146487271444428e+01 6.303587301893091022e-01 3.937030548529818486e-01 3.212366756653671729e+01
1.143492516715632012e+00 1.495334545700968965e-01 2.408644015795692894e+01 6.656098246936732465e-01 4.307491032218900839e-01 3.138755047659467934e+01
1.143492516715632012e+00 1.495334545700968965e-01 2.408644015795692894e+01 6.656098246936732465e-01 4.307491032218900839e-01 3.138755047659467934e+01
1.143492516715632012e+00 1.495334545700968965e-01 2.408644015795692894e+01 6.656098246936732465e-01 4.307491032218900839e-01 3.138755047659467934e+01
1.143492516715632012e+00 1.495334545700968965e-01 2.408644015795692894e+01 6.656098246936732465e-01 4.307491032218900839e-01 3.138755047659467934e+01
1.087617255304355490e+00 1.202011629745112914e-01 2.933720728295272551e+01 6.664505135462432950e-01 4.077302828668876167e-01 3.051141489291897457e+01
1.087617255304355490e+00 1.202011629745112914e-01 2.933720728295272551e+01 6.664505135462432950e-01 4.077302828668876167e-01 3.051141489291897457e+01
1.087617255304355490e+00 1.202011629745112914e-01 2.933720728295272551e+01 6.664505135462432950e-01 4.077302828668876167e-01 3.051141489291897457e+01
1.118378995245891350e+00 1.469630759672591325e-01 2.594448161190801017e+01 6.448360387778527825e-01 3.890858665231029523e-01 3.065802418432796017e+01
1.118378995245891350e+00 1.469630759672591325e-01 2.594448161190801017e+01 6.448360387778527825e-01 3.890858665231029523e-01 3.065802418432796017e+01
1.118378995245891350e+00 1.469630759672591325e-01 2.594448161190801017e+01 6.448360387778527825e-01 3.890858665231029523e-01 3.065802418432796017e+01
1.118378995245891350e+00 1.469630759672591325e-01 2.594448161190801017e+01 6.448360387778527825e-01 3.890858665231029523e-01 3.065802418432796017e+01
1.111518712000789222e+00 1.849016420178967168e-01 2.861451661403725311e+01 6.640067945139326300e-01 4.321495140705881033e-01 3.146764710798209563e+01
1.111518712000789222e+00 1.849016420178967168e-01 2.861451661403725311e+01 6.640067945139326300e-01 4.321495140705881033e-01 3.146764710798209563e+01
1.111518712000789222e+00 1.849016420178967168e-01 2.861451661403725311e+01 6.640067945139326300e-01 4.321495140705881033e-01 3.146764710798209563e+01
1.144667575408485849e+00 1.383738729235944875e-01 3.106570198206868838e+01 6.257050814642085568e-01 3.934070570037506709e-01 3.094440423139621998e+01
1.144667575408485849e+00 1.383738729235944875e-01 3.106570198206868838e+01 6.257050814642085568e-01 3.934070570037506709e-01 3.094440423139621998e+01
1.130640345291455517e+00 1.196051704476325944e-01 2.726036837699102477e+01 6.513267448094544054e-01 3.964019583537295444e-01 3.155103251197671455e+01
1.130640345291455517e+00 1.196051704476325944e-01 2.726036837699102477e+01 6.513267448094544054e-01 3.964019583537295444e-01 3.155103251197671455e+01
1.130640345291455517e+00 1.196051704476325944e-01 2.726036837699102477e+01 6.513267448094544054e-01 3.964019583537295444e-01 3.155103251197671455e+01
1.130640345291455517e+00 1.196051704476325944e-01 2.726036837699102477e+01 6.513267448094544054e-01 3.964019583537295444e-01 3.155103251197671455e+01
1.112340610339043412e+00 1.383056295159995064e-01 2.977819259615082004e+01 6.999999999999999556e-01 4.021628721155685593e-01 3.069757347746891796e+01
1.112340610339043412e+00 1.383056295159995064e-01 2.977819259615082004e+01 6.999999999999999556e-01 4.021628721155685593e-01 3.069757347746891796e+01
1.112340610339043412e+00 1.383056295159995064e-01 2.977819259615082004e+01 6.999999999999999556e-01 4.021628721155685593e-01 3.069757347746891796e+01
1.112340610339043412e+00 1.383056295159995064e-01 2.977819259615082004e+01 6.999999999999999556e-01 4.021628721155685593e-01 3.069757347746891796e+01
1.146142741657810271e+00 1.610738363021927133e-01 3.830618992040054138e+01 6.746425746231947684e-01 4.334956259253615052e-01 3.354821874415168281e+01
1.098283453343634974e+00 1.721104587239665473e-01 2.965967720828171394e+01 6.510174163193780394e-01 3.484645523114102139e-01 3.226934490029372427e+01
1.098283453343634974e+00 1.721104587239665473e-01 2.965967720828171394e+01 6.510174163193780394e-01 3.484645523114102139e-01 3.226934490029372427e+01
1.098283453343634974e+00 1.721104587239665473e-01 2.965967720828171394e+01 6.510174163193780394e-01 3.484645523114102139e-01 3.226934490029372427e+01
1.102808882993850270e+00 2.064348043738395977e-01 2.931221939262974985e+01 6.809211301502483549e-01 3.664256488133472156e-01 2.805807073267672180e+01
1.102808882993850270e+00 2.064348043738395977e-01 2.931221939262974985e+01 6.809211301502483549e-01 3.664256488133472156e-01 2.805807073267672180e+01
1.136753963475872542e+00 1.528483540720215195e-01 2.961002402054827343e+01 6.819803823928031195e-01 3.491141475591238996e-01 3.018023974992763669e+01
1.136753963475872542e+00 1.528483540720215195e-01 2.961002402054827343e+01 6.819803823928031195e-01 3.491141475591238996e-01 3.018023974992763669e+01
1.136130278913869640e+00 1.513343227644543543e-01 2.856098743388404770e+01 6.532585495769905881e-01 3.348882916118826047e-01 2.863587388806247347e+01
1.136130278913869640e+00 1.513343227644543543e-01 2.856098743388404770e+01 6.532585495769905881e-01 3.348882916118826047e-01 2.863587388806247347e+01
1.119777249112813955e+00 1.817222537345133948e-01 2.682468228820799538e+01 6.930982050960681207e-01 3.723366749734363101e-01 2.839970503641026411e+01
1.119777249112813955e+00 1.817222537345133948e-01 2.682468228820799538e+01 6.930982050960681207e-01 3.723366749734363101e-01 2.839970503641026411e+01
1.111566653257778592e+00 1.985514958953739917e-01 2.990389046719797861e+01 6.835913991026597580e-01 3.269142811769322754e-01 2.707951203052267530e+01
1.111566653257778592e+00 1.985514958953739917e-01 2.990389046719797861e+01 6.835913991026597580e-01 3.269142811769322754e-01 2.707951203052267530e+01
1.111566653257778592e+00 1.985514958953739917e-01 2.990389046719797861e+01 6.835913991026597580e-01 3.269142811769322754e-01 2.707951203052267530e+01
1.143363228950135424e+00 1.566416239619851380e-01 3.098279793786302250e+01 6.556899910691867950e-01 3.271751305977441682e-01 2.731409494570595697e+01
1.143363228950135424e+00 1.566416239619851380e-01 3.098279793786302250e+01 6.556899910691867950e-01 3.271751305977441682e-01 2.731409494570595697e+01
1.159637501031624884e+00 1.738880367841476593e-01 3.536578966051473571e+01 6.908212483349409627e-01 3.226809225910210466e-01 2.730395477866386500e+01
1.122341496654082116e+00 2.071039532215316059e-01 3.918643660067075274e+01 6.620410698971460617e-01 3.281954009892959490e-01 2.966083008452477188e+01
1.145901062706600859e+00 1.804917883883562779e-01 3.253046354454541245e+01 6.956913571966113485e-01 3.145258777280882656e-01 3.021428227963351532e+01
1.145901062706600859e+00 1.804917883883562779e-01 3.253046354454541245e+01 6.956913571966113485e-01 3.145258777280882656e-01 3.021428227963351532e+01
1.152585813028590422e+00 1.840620567263061558e-01 2.805507324779186717e+01 6.604184507085726352e-01 3.319176827253793038e-01 3.164033353403473114e+01
1.152585813028590422e+00 1.840620567263061558e-01 2.805507324779186717e+01 6.604184507085726352e-01 3.319176827253793038e-01 3.164033353403473114e+01
1.152585813028590422e+00 1.840620567263061558e-01 2.805507324779186717e+01 6.604184507085726352e-01 3.319176827253793038e-01 3.164033353403473114e+01
1.154275408305904582e+00 1.652366122272874160e-01 2.439928883615226596e+01 6.346882204112680448e-01 3.554447243153273650e-01 2.766792617344044203e+01
1.154275408305904582e+00 1.652366122272874160e-01 2.439928883615226596e+01 6.346882204112680448e-01 3.554447243153273650e-01 2.766792617344044203e+01
1.138403238298680842e+00 1.305352524656159807e-01 3.477822123205783100e+01 6.828632791609857700e-01 4.047084635242834127e-01 3.149985789887404053e+01
1.138403238298680842e+00 1.305352524656159807e-01 3.477822123205783100e+01 6.828632791609857700e-01 4.047084635242834127e-01 3.149985789887404053e+01
1.138403238298680842e+00 1.305352524656159807e-01 3.477822123205783100e+01 6.828632791609857700e-01 4.047084635242834127e-01 3.149985789887404053e+01
1.138403238298680842e+00 1.305352524656159807e-01 3.477822123205783100e+01 6.828632791609857700e-01 4.047084635242834127e-01 3.149985789887404053e+01
1.112594744765457833e+00 1.686786748643639144e-01 1.891027482945855098e+01 5.684965822058536400e-01 4.085869155474952663e-01 2.757935031826236738e+01
1.112594744765457833e+00 1.686786748643639144e-01 1.891027482945855098e+01 5.684965822058536400e-01 4.085869155474952663e-01 2.757935031826236738e+01
1.125368087227933911e+00 2.044885192306744315e-01 2.282074343432349650e+01 5.591270339466057893e-01 3.737691645323953926e-01 2.746490817972966880e+01
1.102519505909205444e+00 1.996166382885022350e-01 2.147535135384906724e+01 5.794958711313141775e-01 3.898174108351605827e-01 2.537384250146969578e+01
1.157423912421955192e+00 1.912960198831865632e-01 1.055860338136607268e+01 6.166060912371403857e-01 4.194493523288503889e-01 2.655435570590665151e+01
1.157423912421955192e+00 1.912960198831865632e-01 1.055860338136607268e+01 6.166060912371403857e-01 4.194493523288503889e-01 2.655435570590665151e+01
1.122472718529663016e+00 1.941595905816487500e-01 1.752757811854966619e+01 5.883178778390925068e-01 3.735181839634605372e-01 2.853491381705464747e+01
1.146867826439658122e+00 1.977449173228177370e-01 1.314114698893964928e+01 5.871417064228708904e-01 3.715051084820345517e-01 2.589282707396224481e+01
1.142892971203889996e+00 1.372702171837726359e-01 1.432798184268379416e+01 6.729771914207758332e-01 4.097447206483099680e-01 2.616672770337320131e+01
1.150238869941356379e+00 1.426111583719068265e-01 7.792351128424658491e+00 6.053932560127568419e-01 3.335847258376308244e-01 2.809385602594709752e+01
1.172318244317605007e+00 1.392559036616438928e-01 0.000000000000000000e+00 5.940911698167591348e-01 3.234052780542877037e-01 2.692719214125202853e+01
1.174574209872795372e+00 1.058922157072891418e-01 8.209745737432344370e+00 6.232794093044323747e-01 3.750604382211565335e-01 2.964041814567303845e+01
1.174574209872795372e+00 1.058922157072891418e-01 8.209745737432344370e+00 6.232794093044323747e-01 3.750604382211565335e-01 2.964041814567303845e+01
1.174574209872795372e+00 1.058922157072891418e-01 8.209745737432344370e+00 6.232794093044323747e-01 3.750604382211565335e-01 2.964041814567303845e+01
1.172200252877605209e+00 8.740029041435265489e-02 1.384684823068634429e+01 5.922045448966564152e-01 3.306911156804515084e-01 2.952900733825216761e+01
1.172200252877605209e+00 8.740029041435265489e-02 1.384684823068634429e+01 5.922045448966564152e-01 3.306911156804515084e-01 2.952900733825216761e+01
1.117109868408256546e+00 8.517308291154461475e-02 1.048010004788833172e+01 6.380068320902595458e-01 3.214375620942783174e-01 3.073161695661959669e+01
1.117109868408256546e+00 8.517308291154461475e-02 1.048010004788833172e+01 6.380068320902595458e-01 3.214375620942783174e-01 3.073161695661959669e+01
1.125781746687870566e+00 9.729459161838312220e-02 9.402137014362434542e+00 6.065200217803929927e-01 3.686486393545923557e-01 2.877083551174512266e+01
1.125781746687870566e+00 9.729459161838312220e-02 9.402137014362434542e+00 6.065200217803929927e-01 3.686486393545923557e-01 2.877083551174512266e+01
1.143798206158890496e+00 7.441421870967078467e-02 1.082491760186949215e+01 5.966308191537111894e-01 3.659741741381490887e-01 2.889484074792322943e+01
1.143798206158890496e+00 7.441421870967078467e-02 1.082491760186949215e+01 5.966308191537111894e-01 3.659741741381490887e-01 2.889484074792322943e+01
1.161713304403058089e+00 8.283226878527380488e-02 1.632666980489327813e+01 6.025271226844614025e-01 3.562576337493073564e-01 2.871348834650786941e+01
1.161713304403058089e+00 8.283226878527380488e-02 1.632666980489327813e+01 6.025271226844614025e-01 3.562576337493073564e-01 2.871348834650786941e+01
1.161713304403058089e+00 8.283226878527380488e-02 1.632666980489327813e+01 6.025271226844614025e-01 3.562576337493073564e-01 2.871348834650786941e+01
1.141118783414021731e+00 7.118733202628066414e-02 1.155613730686028440e+01 6.357716108367001961e-01 3.182836066529168839e-01 3.074175209197402836e+01
1.141118783414021731e+00 7.118733202628066414e-02 1.155613730686028440e+01 6.357716108367001961e-01 3.182836066529168839e-01 3.074175209197402836e+01
1.124474613393211753e+00 1.079199480569941749e-01 5.258409342635425254e+00 6.131331932084357339e-01 3.500518370431142667e-01 2.930009902732988536e+01
1.124474613393211753e+00 1.079199480569941749e-01 5.258409342635425254e+00 6.131331932084357339e-01 3.500518370431142667e-01 2.930009902732988536e+01
1.124474613393211753e+00 1.079199480569941749e-01 5.258409342635425254e+00 6.131331932084357339e-01 3.500518370431142667e-01 2.930009902732988536e+01
1.204969223258076205e+00 7.815334619333626220e-02 1.340165611582237659e+01 5.709752162610616244e-01 4.034283102724347536e-01 2.883525656982870089e+01
1.163035251445992957e+00 8.376695831626465583e-02 1.577832351941224864e+01 5.321698261420463316e-01 4.155418410197565526e-01 2.947627920825679126e+01
1.141887273119552404e+00 9.920400277846905257e-02 2.004220180586695221e+01 5.726835272692155643e-01 4.117912543688919680e-01 2.881000881167968330e+01
1.141236102686050469e+00 1.267251381177728897e-01 2.453662915717758608e+01 5.853500072956847600e-01 3.921377162531931027e-01 2.618034706192937477e+01
1.141236102686050469e+00 1.267251381177728897e-01 2.453662915717758608e+01 5.853500072956847600e-01 3.921377162531931027e-01 2.618034706192937477e+01
1.154818379201082656e+00 6.506801651986018897e-02 1.803963218316934203e+01 5.941110153458036836e-01 4.006139372163243229e-01 2.619216238725146795e+01
1.154818379201082656e+00 6.506801651986018897e-02 1.803963218316934203e+01 5.941110153458036836e-01 4.006139372163243229e-01 2.619216238725146795e+01
1.174254517200819414e+00 8.520863642596064602e-02 1.216067502637305964e+01 5.729904269152952256e-01 4.130559048460643035e-01 2.874286916170859385e+01
1.168281094487992444e+00 2.665822889703299559e-02 1.501116481170188521e+01 6.172205063254496693e-01 4.466336938633775344e-01 2.569361558770191323e+01
1.160266449496602625e+00 4.554354231799851577e-02 1.354643338074456871e+01 6.443399600131345384e-01 4.290724699678764575e-01 2.867909241983216262e+01
1.160266449496602625e+00 4.554354231799851577e-02 1.354643338074456871e+01 6.443399600131345384e-01 4.290724699678764575e-01 2.867909241983216262e+01
1.139851172863816098e+00 6.050228542730978071e-02 9.659213714972704423e+00 6.318681737924809472e-01 4.346727023871977402e-01 2.849902034438782295e+01
1.171820279629236072e+00 6.482447591619144855e-02 5.798130105876719398e+00 6.606332256452442930e-01 4.151183977988588403e-01 2.731986466434333494e+01
1.148044921025361598e+00 3.544794287781594805e-02 6.079944620066334515e+00 6.348988459492448388e-01 3.932355896913897753e-01 2.738728253740888618e+01
1.148044921025361598e+00 3.544794287781594805e-02 6.079944620066334515e+00 6.348988459492448388e-01 3.932355896913897753e-01 2.738728253740888618e+01
1.142524107395454180e+00 2.631080495997707366e-02 1.636454039165955976e+01 6.328381435291683399e-01 4.224917501654756880e-01 2.428374654273968503e+01
1.142524107395454180e+00 2.631080495997707366e-02 1.636454039165955976e+01 6.328381435291683399e-01 4.224917501654756880e-01 2.428374654273968503e+01
1.124292814155513964e+00 0.000000000000000000e+00 9.656433383211259880e+00 6.266448361022269875e-01 4.290066498816112461e-01 2.622021797663526144e+01
1.175720930671726006e+00 3.608909371704021457e-02 1.100612473173520733e+01 6.498113260824864845e-01 4.290180585350600317e-01 2.636696352599219395e+01
1.149699595481080250e+00 1.173662441152388825e-01 1.129310723975182285e+01 6.464079799331108322e-01 3.730179953854315666e-01 2.600902791572796602e+01
1.149699595481080250e+00 1.173662441152388825e-01 1.129310723975182285e+01 6.464079799331108322e-01 3.730179953854315666e-01 2.600902791572796602e+01
1.159203237884588678e+00 9.639341819332188088e-02 1.276606825126510358e+01 6.387109717808654441e-01 3.723183953354951559e-01 2.798608029032098798e+01
1.159203237884588678e+00 9.639341819332188088e-02 1.276606825126510358e+01 6.387109717808654441e-01 3.723183953354951559e-01 2.798608029032098798e+01
1.195744543102128743e+00 1.281601934042436441e-01 1.741458178769172704e+01 6.944268318560146147e-01 3.582847232162701956e-01 2.407808558202957272e+01
1.195744543102128743e+00 1.281601934042436441e-01 1.741458178769172704e+01 6.944268318560146147e-01 3.582847232162701956e-01 2.407808558202957272e+01
1.180171700155091541e+00 9.597317663456307602e-02 8.589658304693461588e+00 6.443673806341390087e-01 3.610668976426703036e-01 2.676277782482534207e+01
1.180171700155091541e+00 9.597317663456307602e-02 8.589658304693461588e+00 6.443673806341390087e-01 3.610668976426703036e-01 2.676277782482534207e+01
1.214491725911057030e+00 6.570468460660455756e-02 1.390710814517367311e+01 6.694134942892485673e-01 3.536992906054108321e-01 2.711558724803844456e+01
1.214491725911057030e+00 6.570468460660455756e-02 1.390710814517367311e+01 6.694134942892485673e-01 3.536992906054108321e-01 2.711558724803844456e+01
1.161182089012657181e+00 1.132019033900265453e-01 1.878662063559791662e+01 6.255729967589335194e-01 3.934301749549990457e-01 3.289179980198624520e+01
1.161182089012657181e+00 1.132019033900265453e-01 1.878662063559791662e+01 6.255729967589335194e-01 3.934301749549990457e-01 3.289179980198624520e+01
1.161182089012657181e+00 1.132019033900265453e-01 1.878662063559791662e+01 6.255729967589335194e-01 3.934301749549990457e-01 3.289179980198624520e+01
1.182099638416212128e+00 1.186911082394744021e-01 1.082101022963580661e+01 5.899937358228013462e-01 3.911803941299270004e-01 3.224290982499417879e+01
1.182099638416212128e+00 1.186911082394744021e-01 1.082101022963580661e+01 5.899937358228013462e-01 3.911803941299270004e-01 3.224290982499417879e+01
1.180850308579932895e+00 9.316810588807095117e-02 1.017915852695302448e+01 6.391849577458714737e-01 3.572935640019788139e-01 3.338086498984888806e+01
1.180850308579932895e+00 9.316810588807095117e-02 1.017915852695302448e+01 6.391849577458714737e-01 3.572935640019788139e-01 3.338086498984888806e+01
1.134966397706783203e+00 9.485200755397811545e-02 1.132072036659822523e+01 6.081087626480012887e-01 3.683711721027071451e-01 3.135154078807953226e+01
1.134966397706783203e+00 9.485200755397811545e-02 1.132072036659822523e+01 6.081087626480012887e-01 3.683711721027071451e-01 3.135154078807953226e+01
1.134966397706783203e+00 9.485200755397811545e-02 1.132072036659822523e+01 6.081087626480012887e-01 3.683711721027071451e-01 3.135154078807953226e+01
1.168931295339317167e+00 8.928495472791726784e-02 7.080174870286451316e+00 6.103432877702460457e-01 4.015704853803607755e-01 3.266689198782361814e+01
1.167364051123588098e+00 9.750012862803171532e-02 1.496131146228264797e+01 6.012739285917101384e-01 3.674784939098123537e-01 3.177383869273224093e+01
1.167364051123588098e+00 9.750012862803171532e-02 1.496131146228264797e+01 6.012739285917101384e-01 3.674784939098123537e-01 3.177383869273224093e+01
1.167364051123588098e+00 9.750012862803171532e-02 1.496131146228264797e+01 6.012739285917101384e-01 3.674784939098123537e-01 3.177383869273224093e+01
1.207651484366444761e+00 9.116062695335649946e-02 1.102179087426667436e+01 6.124580136764703475e-01 3.858448611886579060e-01 3.461884001165726232e+01
1.207651484366444761e+00 9.116062695335649946e-02 1.102179087426667436e+01 6.124580136764703475e-01 3.858448611886579060e-01 3.461884001165726232e+01
1.202076242058972566e+00 5.735221375393372012e-02 1.160807152977286627e+01 5.829456540003206122e-01 3.864410118663414995e-01 3.321412646233396515e+01
1.166171714556365702e+00 1.038147396999842542e-01 2.020091193012480701e+01 6.727735270799235501e-01 3.872065752940216932e-01 2.742676739112774342e+01
1.166171714556365702e+00 1.038147396999842542e-01 2.020091193012480701e+01 6.727735270799235501e-01 3.872065752940216932e-01 2.742676739112774342e+01
1.135252972960420159e+00 1.039617737473432918e-01 2.145344543771252432e+01 6.968762309744103156e-01 3.879067277753431298e-01 2.673709608502927892e+01
1.135252972960420159e+00 1.039617737473432918e-01 2.145344543771252432e+01 6.968762309744103156e-01 3.879067277753431298e-01 2.673709608502927892e+01
1.177899578092565847e+00 1.250332465047445940e-01 1.491543354513627939e+01 6.834183336119030727e-01 3.918795210698767240e-01 2.622631633516567717e+01
1.177899578092565847e+00 1.250332465047445940e-01 1.491543354513627939e+01 6.834183336119030727e-01 3.918795210698767240e-01 2.622631633516567717e+01
1.177899578092565847e+00 1.250332465047445940e-01 1.491543354513627939e+01 6.834183336119030727e-01 3.918795210698767240e-01 2.622631633516567717e+01
1.173387797932718080e+00 1.052361112389741948e-01 2.130618277266611216e+01 6.892894819844636034e-01 4.297168580739051391e-01 2.828841241295599573e+01
1.173387797932718080e+00 1.052361112389741948e-01 2.130618277266611216e+01 6.892894819844636034e-01 4.297168580739051391e-01 2.828841241295599573e+01
1.173387797932718080e+00 1.052361112389741948e-01 2.130618277266611216e+01 6.892894819844636034e-01 4.297168580739051391e-01 2.828841241295599573e+01
1.163871351285151734e+00 1.217408977752107713e-01 1.881862189160255383e+01 6.694169424735754159e-01 4.185844583234719085e-01 2.673028567509421194e+01
1.163871351285151734e+00 1.217408977752107713e-01 1.881862189160255383e+01 6.694169424735754159e-01 4.185844583234719085e-01 2.673028567509421194e+01
1.163871351285151734e+00 1.217408977752107713e-01 1.881862189160255383e+01 6.694169424735754159e-01 4.185844583234719085e-01 2.673028567509421194e+01
1.165463361909081064e+00 8.532748250665522782e-02 5.164961954561476887e+00 6.853092170388774829e-01 4.152372764275926165e-01 2.907849319626100382e+01
1.165463361909081064e+00 8.532748250665522782e-02 5.164961954561476887e+00 6.853092170388774829e-01 4.152372764275926165e-01 2.907849319626100382e+01
1.165463361909081064e+00 8.532748250665522782e-02 5.164961954561476887e+00 6.853092170388774829e-01 4.152372764275926165e-01 2.907849319626100382e+01
1.165463361909081064e+00 8.532748250665522782e-02 5.164961954561476887e+00 6.853092170388774829e-01 4.152372764275926165e-01 2.907849319626100382e+01
1.166250554691359964e+00 1.088337380008810584e-01 2.061321985914899457e+01 6.867404038435643843e-01 4.116278147289194056e-01 2.545015912327634311e+01
1.166250554691359964e+00 1.088337380008810584e-01 2.061321985914899457e+01 6.867404038435643843e-01 4.116278147289194056e-01 2.545015912327634311e+01
1.166108728059171096e+00 1.246412836217195147e-01 1.995367015788534104e+01 6.807722046640222180e-01 3.921159666269291022e-01 2.795070270469555496e+01
1.166108728059171096e+00 1.246412836217195147e-01 1.995367015788534104e+01 6.807722046640222180e-01 3.921159666269291022e-01 2.795070270469555496e+01
1.166108728059171096e+00 1.246412836217195147e-01 1.995367015788534104e+01 6.807722046640222180e-01 3.921159666269291022e-01 2.795070270469555496e+01
1.142416684173109598e+00 1.054514732392329845e-01 1.454516749676565190e+01 6.588384773771861491e-01 4.165635137404828936e-01 2.604549530417219927e+01
1.142416684173109598e+00 1.054514732392329845e-01 1.454516749676565190e+01 6.588384773771861491e-01 4.165635137404828936e-01 2.604549530417219927e+01
1.142743374863330219e+00 1.134241047325029034e-01 1.022466147457028107e+01 5.605815543211860597e-01 3.525978722544509392e-01 2.451799998277467907e+01
1.141233637107324173e+00 1.180541981540043778e-01 8.643593733480322783e+00 6.063004461968979353e-01 3.683812260805816585e-01 2.186541941659576693e+01
1.228038848283776296e+00 1.103728501567585174e-01 4.971758053621794460e+00 6.274030353234260060e-01 3.119865482473702656e-01 2.441342220537433860e+01
1.228038848283776296e+00 1.103728501567585174e-01 4.971758053621794460e+00 6.274030353234260060e-01 3.119865482473702656e-01 2.441342220537433860e+01
1.228053344720274387e+00 7.229416928625875816e-02 2.898485283244770727e+00 6.343988841730625605e-01 3.255255186987702221e-01 2.631914107332273645e+01
1.228053344720274387e+00 7.229416928625875816e-02 2.898485283244770727e+00 6.343988841730625605e-01 3.255255186987702221e-01 2.631914107332273645e+01
1.228053344720274387e+00 7.229416928625875816e-02 2.898485283244770727e+00 6.343988841730625605e-01 3.255255186987702221e-01 2.631914107332273645e+01
1.090883306988482682e+00 1.190970499632316715e-01 7.927897515899113401e+00 6.396514224212045407e-01 2.864578508616983932e-01 2.798888863120282977e+01
1.090883306988482682e+00 1.190970499632316715e-01 7.927897515899113401e+00 6.396514224212045407e-01 2.864578508616983932e-01 2.798888863120282977e+01
1.116792401118155365e+00 8.946346105011387939e-02 1.162040686951247892e+01 6.263325904390723009e-01 3.259703054453800264e-01 2.572929802959024315e+01
1.116792401118155365e+00 8.946346105011387939e-02 1.162040686951247892e+01 6.263325904390723009e-01 3.259703054453800264e-01 2.572929802959024315e+01
1.115467566427788659e+00 9.208969605857555973e-02 9.667486255976303511e+00 6.418892892072174394e-01 3.407687663041025772e-01 2.764002501154122626e+01
1.115467566427788659e+00 9.208969605857555973e-02 9.667486255976303511e+00 6.418892892072174394e-01 3.407687663041025772e-01 2.764002501154122626e+01
1.115467566427788659e+00 9.208969605857555973e-02 9.667486255976303511e+00 6.418892892072174394e-01 3.407687663041025772e-01 2.764002501154122626e+01
1.096389830316111702e+00 1.400003564630121211e-01 7.533074804995845142e+00 6.307346503348665312e-01 3.518031512946174222e-01 2.611491959457661949e+01
1.096389830316111702e+00 1.400003564630121211e-01 7.533074804995845142e+00 6.307346503348665312e-01 3.518031512946174222e-01 2.611491959457661949e+01
1.096389830316111702e+00 1.400003564630121211e-01 7.533074804995845142e+00 6.307346503348665312e-01 3.518031512946174222e-01 2.611491959457661949e+01
1.049475515116635504e+00 9.413436169724133384e-02 1.507100886297154752e+01 6.207395077131420136e-01 3.204887062660260466e-01 2.654083086390766510e+01
1.113763558406034138e+00 1.126032407316616135e-01 1.407614796629864884e+01 6.613499389967297803e-01 3.643639277877300242e-01 2.758091833536018456e+01
1.113763558406034138e+00 1.126032407316616135e-01 1.407614796629864884e+01 6.613499389967297803e-01 3.643639277877300242e-01 2.758091833536018456e+01
1.113763558406034138e+00 1.126032407316616135e-01 1.407614796629864884e+01 6.613499389967297803e-01 3.643639277877300242e-01 2.758091833536018456e+01
1.096918662782065956e+00 1.074036536064257863e-01 6.189272538110851762e+00 6.417762594608253934e-01 4.047941954144416710e-01 2.693740532784902797e+01
1.147456377763510282e+00 1.101693015828966032e-01 8.114297995881537773e+00 6.233648279583219320e-01 3.358855316201174723e-01 2.455777870394004481e+01
1.147456377763510282e+00 1.101693015828966032e-01 8.114297995881537773e+00 6.233648279583219320e-01 3.358855316201174723e-01 2.455777870394004481e+01
1.156344869091919580e+00 1.377021470859425556e-01 1.553265898572842119e+01 6.476505387469254638e-01 3.283126617791570223e-01 2.499527701444037220e+01
1.156344869091919580e+00 1.377021470859425556e-01 1.553265898572842119e+01 6.476505387469254638e-01 3.283126617791570223e-01 2.499527701444037220e+01
1.156344869091919580e+00 1.377021470859425556e-01 1.553265898572842119e+01 6.476505387469254638e-01 3.283126617791570223e-01 2.499527701444037220e+01
1.164451745003459049e+00 1.546361878652886546e-01 1.265585012721335545e+01 6.581875983463175706e-01 3.668329283501150506e-01 2.436169416587593162e+01
1.164451745003459049e+00 1.546361878652886546e-01 1.265585012721335545e+01 6.581875983463175706e-01 3.668329283501150506e-01 2.436169416587593162e+01
1.164451745003459049e+00 1.546361878652886546e-01 1.265585012721335545e+01 6.581875983463175706e-01 3.668329283501150506e-01 2.436169416587593162e+01
1.140734012182966772e+00 1.138971972250802656e-01 1.364124791951249627e+01 6.573407421445333076e-01 3.264859959387502175e-01 2.296806641597963150e+01
1.140734012182966772e+00 1.138971972250802656e-01 1.364124791951249627e+01 6.573407421445333076e-01 3.264859959387502175e-01 2.296806641597963150e+01
1.048569455319312338e+00 7.169058228309108105e-02 1.628832285171458949e+01 6.191194379074572707e-01 4.922238293816964538e-01 2.659697617082803944e+01
1.048569455319312338e+00 7.169058228309108105e-02 1.628832285171458949e+01 6.191194379074572707e-01 4.922238293816964538e-01 2.659697617082803944e+01
1.046569234398478487e+00 4.516126010276697716e-02 1.944445631913031036e+01 5.668427129382643814e-01 4.822598256167215935e-01 2.812656748205621682e+01
1.107118989960368616e+00 8.840722663112234037e-02 2.265918535856312133e+01 5.726321538135985545e-01 4.672808434457221827e-01 2.839019197167773711e+01
1.198930627196733711e+00 1.475191447179888815e-01 3.425963380549414072e+00 6.340682439342936183e-01 3.593407437820733685e-01 2.689903072409563833e+01
1.198930627196733711e+00 1.475191447179888815e-01 3.425963380549414072e+00 6.340682439342936183e-01 3.593407437820733685e-01 2.689903072409563833e+01
1.159016549833017606e+00 1.690125234664724696e-01 1.657284511152650097e+01 5.271213059068614593e-01 3.237333545055818274e-01 2.950753562012616982e+01
1.066859053882570407e+00 1.259625930951628059e-01 2.597828727160200302e+01 5.070307890033656228e-01 4.243439209354433750e-01 2.677337303748944919e+01
1.199583630565638215e+00 1.335467045138289677e-01 1.901084159055062628e+01 5.216192040898600668e-01 4.086455516379182695e-01 2.741310939633090271e+01
1.199583630565638215e+00 1.335467045138289677e-01 1.901084159055062628e+01 5.216192040898600668e-01 4.086455516379182695e-01 2.741310939633090271e+01
1.230651617539907372e+00 1.234748966431014477e-01 2.111999573500439453e+01 5.317673894062556750e-01 3.874207349669707146e-01 2.706546149403736479e+01
1.267331213758677633e+00 1.569346741979940896e-01 1.993964353934253708e+01 5.131316983497046236e-01 3.820745855964780557e-01 2.725658822067890341e+01
1.209580105131303318e+00 1.782480076443500594e-01 1.902951398063461852e+01 5.947662269524752743e-01 3.802026844294189578e-01 2.487980280566751645e+01
1.209580105131303318e+00 1.782480076443500594e-01 1.902951398063461852e+01 5.947662269524752743e-01 3.802026844294189578e-01 2.487980280566751645e+01
1.197369236457403341e+00 1.493405690699171062e-01 2.170790019780447366e+01 6.073294303332037458e-01 3.847196893646649962e-01 2.301543077935840032e+01
1.197369236457403341e+00 1.493405690699171062e-01 2.170790019780447366e+01 6.073294303332037458e-01 3.847196893646649962e-01 2.301543077935840032e+01
1.183586186113739336e+00 1.413664812927738768e-01 1.758830745896127823e+01 5.846188007135035836e-01 3.517870657158876369e-01 2.080533273987483511e+01
1.183586186113739336e+00 1.413664812927738768e-01 1.758830745896127823e+01 5.846188007135035836e-01 3.517870657158876369e-01 2.080533273987483511e+01
1.205063799558333093e+00 1.118350790863349986e-01 1.451039262592951218e+01 5.880674185047487512e-01 3.353511349179588152e-01 2.201796283121777975e+01
1.215041946966480380e+00 1.686397921872857253e-01 2.136768668633305879e+01 5.922616846653903089e-01 3.645695911400685940e-01 2.048517855321409442e+01
1.215041946966480380e+00 1.686397921872857253e-01 2.136768668633305879e+01 5.922616846653903089e-01 3.645695911400685940e-01 2.048517855321409442e+01
1.214472924767383333e+00 1.531240556896853178e-01 1.317884652866864315e+01 5.969738937086319641e-01 3.614499993250441245e-01 2.134635597421883446e+01
1.214472924767383333e+00 1.531240556896853178e-01 1.317884652866864315e+01 5.969738937086319641e-01 3.614499993250441245e-01 2.134635597421883446e+01
1.097748294157561144e+00 1.351102859446610682e-01 2.033273085595769025e+00 5.782018958152974619e-01 3.729713180878088119e-01 2.341157422192917892e+01
1.097748294157561144e+00 1.351102859446610682e-01 2.033273085595769025e+00 5.782018958152974619e-01 3.729713180878088119e-01 2.341157422192917892e+01
1.161681613310511230e+00 1.598467488210047471e-01 1.672336026524196129e+01 6.128232900575328879e-01 4.054320542690716955e-01 2.252270482626673243e+01
1.161681613310511230e+00 1.598467488210047471e-01 1.672336026524196129e+01 6.128232900575328879e-01 4.054320542690716955e-01 2.252270482626673243e+01
1.146014075984652658e+00 1.651494654639091286e-01 2.210846027520795332e+01 5.833410391723078403e-01 4.145277392389131732e-01 2.339039908968988968e+01
1.100205648948744841e+00 1.612769968830131129e-01 2.084894905286524036e+01 5.896807252617554118e-01 3.819204995494561161e-01 2.450861801256296246e+01
1.153689151859232931e+00 1.063165726404016742e-01 2.390540504021718249e+01 5.506463047581782178e-01 3.914865223020481122e-01 2.270413478943477514e+01
1.179166529335093250e+00 1.477959535657807078e-01 1.776052464562199162e+01 6.094286016082600677e-01 4.107801810364207218e-01 2.261397175558779438e+01
1.125971341983882601e+00 1.221947001077019063e-01 1.827308604508520418e+01 5.892756850811307068e-01 3.972833161615664799e-01 2.340466308553496333e+01
1.125971341983882601e+00 1.221947001077019063e-01 1.827308604508520418e+01 5.892756850811307068e-01 3.972833161615664799e-01 2.340466308553496333e+01
1.168468532844801233e+00 1.285481035950745143e-01 1.401485236369894238e+01 5.946012357456808006e-01 3.777922516146968723e-01 2.261169697793038225e+01
1.128475917034780673e+00 1.470601713066871374e-01 2.195957574197553797e+01 5.952756238910812403e-01 4.065784339440464135e-01 2.169889674809527946e+01
1.215457035315926859e+00 1.985187869405364847e-01 5.676307547056279823e+00 5.236666985792800544e-01 3.233997379601856181e-01 2.683773013088589110e+01
1.162284947488384512e+00 2.163139084874243778e-01 3.090445576334324329e+01 6.049193159508224893e-01 3.302330693467943612e-01 2.489440261363489881e+01
1.200484967024716187e+00 1.837844695143952267e-01 2.863647031517520247e+01 6.467797500655390053e-01 3.355343882843722647e-01 2.654645249713842503e+01
1.200484967024716187e+00 1.837844695143952267e-01 2.863647031517520247e+01 6.467797500655390053e-01 3.355343882843722647e-01 2.654645249713842503e+01
1.194238457672494036e+00 5.336539896945405315e-02 1.416496103033608733e+01 4.836029521842382106e-01 3.022757056166978096e-01 2.757749621554553698e+01
1.189343756258370410e+00 1.038820980274663963e-01 1.546672812589168799e+01 5.472245325977883601e-01 4.695101390932113761e-01 2.170950523971173141e+01
1.163872798839679978e+00 1.600684398524206409e-01 1.464877879661121796e+01 5.507666465780856058e-01 3.874548838916550553e-01 2.591522762530184920e+01
1.163872798839679978e+00 1.600684398524206409e-01 1.464877879661121796e+01 5.507666465780856058e-01 3.874548838916550553e-01 2.591522762530184920e+01
1.179952785420605554e+00 1.673531623238196653e-01 1.426158109713139943e+01 5.481007749463434608e-01 3.865536679176624912e-01 2.503934191949353050e+01
1.189304397082914244e+00 1.576093963132777498e-01 5.271968921862768553e+00 5.286884829284526077e-01 3.878386518392234472e-01 2.558618227753350993e+01
1.116047048899217575e+00 8.268902881664330629e-02 7.743087961152631316e+00 5.216695932599109131e-01 3.834196205440432159e-01 2.332205515143791530e+01
1.132865999411892366e+00 1.121150940972178017e-01 2.268178358323537935e+01 5.263944789344633390e-01 3.518740192691148794e-01 3.103448312031199663e+01
1.132865999411892366e+00 1.121150940972178017e-01 2.268178358323537935e+01 5.263944789344633390e-01 3.518740192691148794e-01 3.103448312031199663e+01
1.163156692358160660e+00 5.814773828381690490e-02 1.652024828596742623e+01 5.442448920120783740e-01 3.476272957813625331e-01 2.951182625800744574e+01
1.165232193209179368e+00 9.692631358624301252e-02 1.898420336001488096e+01 5.234618089491039905e-01 3.535530726363060317e-01 2.649238563589925022e+01
1.186676644051826823e+00 1.422850402878858278e-01 7.444212152613585154e+00 5.479403741048028964e-01 4.191099322744001321e-01 2.914637908790432874e+01
1.186676644051826823e+00 1.422850402878858278e-01 7.444212152613585154e+00 5.479403741048028964e-01 4.191099322744001321e-01 2.914637908790432874e+01
1.147599010256366459e+00 1.468798142262884299e-01 2.977265445519400089e+00 5.384585141038852329e-01 4.038127388748347091e-01 3.066109693391820556e+01
1.150235515106560413e+00 1.322336749381700649e-01 1.514127822587735750e+01 5.518469392380984662e-01 4.024892741550811226e-01 2.681461022251590975e+01
1.038356983654048493e+00 2.067504205611195578e-01 1.092568104273363971e+01 5.258260485985463140e-01 4.815170784620803057e-01 2.820461650593486524e+01
1.038356983654048493e+00 2.067504205611195578e-01 1.092568104273363971e+01 5.258260485985463140e-01 4.815170784620803057e-01 2.820461650593486524e+01
1.161484619529880913e+00 5.877424367605992711e-02 1.325633228989866375e+01 5.365772540613297226e-01 4.061322157204402261e-01 3.069927134576607486e+01
1.144040436372199432e+00 1.011517196373807465e-01 1.055765894111307368e+01 5.348356118822498173e-01 4.161234613104630164e-01 3.292920473929719805e+01
1.144040436372199432e+00 1.011517196373807465e-01 1.055765894111307368e+01 5.348356118822498173e-01 4.161234613104630164e-01 3.292920473929719805e+01
1.175618254481986424e+00 1.012208267460979333e-01 1.416986805304957642e+01 4.900467658955277583e-01 3.296419420138491096e-01 2.977628523277304495e+01
1.192465007420211665e+00 5.581092679637889020e-02 8.876069359151129490e+00 5.489854323457870056e-01 3.570402838610647889e-01 3.044835254749450115e+01
1.192465007420211665e+00 5.581092679637889020e-02 8.876069359151129490e+00 5.489854323457870056e-01 3.570402838610647889e-01 3.044835254749450115e+01
1.199048599383532920e+00 7.874091149151887792e-02 9.456740240078545412e+00 5.073698481975126295e-01 3.804330556452680256e-01 3.091542715301341815e+01
1.229148059354080003e+00 7.946726502854858931e-02 8.969945758836232130e+00 5.368839283629333048e-01 3.622687307842993309e-01 2.982844222175645399e+01
1.229148059354080003e+00 7.946726502854858931e-02 8.969945758836232130e+00 5.368839283629333048e-01 3.622687307842993309e-01 2.982844222175645399e+01
1.116284985998846846e+00 8.278420158670006523e-02 1.676503368865696331e+01 5.247139178923622138e-01 3.723469335558388105e-01 2.836706915432503351e+01
1.104264641264597779e+00 6.103644158834263533e-02 1.736702880357206524e+01 4.907462958431532130e-01 3.510095147045239061e-01 2.726668097660331114e+01
1.166003517819700797e+00 1.702496283768822338e-01 3.302964066858644543e+01 5.445103365219727820e-01 3.978013039365085879e-01 2.456460901405462138e+01
1.211584932123086489e+00 1.601570307451869180e-01 2.467735635990447918e+01 5.350238480517546247e-01 4.038624948121004032e-01 2.747545525723523241e+01
1.211584932123086489e+00 1.601570307451869180e-01 2.467735635990447918e+01 5.350238480517546247e-01 4.038624948121004032e-01 2.747545525723523241e+01
1.158071516970226700e+00 1.481491590689794080e-01 2.093836717233669731e+01 5.346055718726785422e-01 3.988359451119249388e-01 2.642657871498217048e+01
1.170009664835047536e+00 1.370206590889728182e-01 2.446838117452180228e+01 5.489793285873427742e-01 3.862432567106170445e-01 2.643691365127086357e+01
1.117263070365763777e+00 1.502285077188504347e-01 2.289581842334800399e+01 5.123530951673442857e-01 3.851625533304274818e-01 2.714586933509643174e+01
1.179405833963329098e+00 1.519239138223681118e-01 1.954190749759749224e+01 5.564993563133210364e-01 4.325715552399485020e-01 2.571119534453606192e+01
1.179405833963329098e+00 1.519239138223681118e-01 1.954190749759749224e+01 5.564993563133210364e-01 4.325715552399485020e-01 2.571119534453606192e+01
1.228521777526031755e+00 1.512837740766853345e-01 1.639435498291936355e+01 6.226708311911247629e-01 4.732516756972160454e-01 2.618312055781973413e+01
1.228521777526031755e+00 1.512837740766853345e-01 1.639435498291936355e+01 6.226708311911247629e-01 4.732516756972160454e-01 2.618312055781973413e+01
1.177323483862342313e+00 1.282496894295141743e-01 2.839893918921368510e+01 5.327905983630265574e-01 3.725002215177286025e-01 2.686046425131201687e+01
1.166459864963364179e+00 1.249407373669796789e-01 2.844799826973784462e+01 5.516442929186095023e-01 3.993026076611672082e-01 2.581864007175349585e+01
1.155402541217780410e+00 1.578184612818529509e-01 2.566955900877874797e+01 5.886283910403440345e-01 4.348072669454565720e-01 2.290937479230020557e+01
1.107624849236602094e+00 1.585612371301706180e-01 1.696522583739774603e+01 5.664221779443793237e-01 4.453985370810460420e-01 2.234173314890630024e+01
1.119655314126217771e+00 1.934872874778504059e-01 2.126426449424385012e+01 5.589376617170916939e-01 4.608298125499608044e-01 2.064586247174149491e+01
1.138160957032493759e+00 9.958117679024872104e-02 1.242874436742459210e+01 4.832523858355920465e-01 3.960749879798293738e-01 2.634798782150360452e+01
1.078097855377297520e+00 1.105232267791688844e-01 9.624776225672011520e+00 4.880651707789701033e-01 3.639799997684146082e-01 2.619931894153346974e+01
1.080607313896564836e+00 8.244522274641954973e-02 1.640197914029923965e+01 4.671484807206630618e-01 3.513005231090207126e-01 2.962282638735682383e+01
1.224566674603709382e+00 1.397765903336220250e-01 2.110211555247787985e+01 4.905092289515422532e-01 2.964250103670016401e-01 2.606114296708661371e+01
1.101484355574536833e+00 1.124274177250399534e-02 1.916258882543422715e+01 6.258683387882479909e-01 3.707995859500286540e-01 1.870979117925732993e+01
1.108391257583455802e+00 3.839714554225386045e-02 1.858454517511629689e+01 6.065936252938405326e-01 4.278361761228592353e-01 1.745897191636707291e+01
1.108391257583455802e+00 3.839714554225386045e-02 1.858454517511629689e+01 6.065936252938405326e-01 4.278361761228592353e-01 1.745897191636707291e+01
1.092168605878500287e+00 8.490477304029662997e-02 1.587383555577608441e+01 5.467068461010037295e-01 4.015593405004074246e-01 2.175545081454277252e+01
1.064319283705184027e+00 7.519397537349639671e-02 1.272365933293124129e+01 5.981273784412071137e-01 3.972866954248418514e-01 2.390304160241810649e+01
1.047263437951957865e+00 9.249143379795106423e-02 1.322485035412752019e+01 5.137544989625790759e-01 4.026417204998009591e-01 2.121292980464265199e+01
1.006666510757200372e+00 4.770912529045200773e-02 3.483739015850677845e+01 4.623449399867715082e-01 3.823502540553592177e-01 1.994577560863499244e+01
1.160623728017888379e+00 1.127752654931171994e-01 1.965251556211608630e+01 4.894932401926316845e-01 4.518975761568779226e-01 2.195030134958362922e+01
1.170973875650911156e+00 4.763158089762636188e-02 1.719922746434547989e+01 5.629381845455085909e-01 3.862875395569901338e-01 2.322560797155039580e+01
1.162913099999246969e+00 5.706885319143329555e-02 2.048877092306986114e+01 5.456806010512570415e-01 3.615117668791109073e-01 2.649874350884362428e+01
1.162913099999246969e+00 5.706885319143329555e-02 2.048877092306986114e+01 5.456806010512570415e-01 3.615117668791109073e-01 2.649874350884362428e+01
1.120418433711738881e+00 4.206121330916234857e-02 1.062148754069843193e+01 5.801232644252354298e-01 4.021518463879698024e-01 2.381700484415801711e+01
1.088356666666929984e+00 1.021000899667635353e-01 1.069169959812683501e+01 5.049064957892468453e-01 3.963418309330343781e-01 2.574491927684200121e+01
1.102751733940395606e+00 1.143092753448060050e-01 1.497358312925935664e+01 5.482750590223020026e-01 4.173500516773584468e-01 2.440934228761291536e+01
1.102751733940395606e+00 1.143092753448060050e-01 1.497358312925935664e+01 5.482750590223020026e-01 4.173500516773584468e-01 2.440934228761291536e+01
1.126328164388437081e+00 1.275847987331427680e-01 9.240970306305207771e+00 5.241900447931396867e-01 3.757154724134892931e-01 2.581698972431410155e+01
1.141329713034368698e+00 2.652870872234237842e-03 0.000000000000000000e+00 5.584642195960873856e-01 3.997840177059729383e-01 2.313735470000638728e+01
1.132261771592588451e+00 9.421148883114389971e-02 1.130714729538359009e+01 5.721865823357723535e-01 3.735082710156431007e-01 3.470200490943986438e+01
1.132261771592588451e+00 9.421148883114389971e-02 1.130714729538359009e+01 5.721865823357723535e-01 3.735082710156431007e-01 3.470200490943986438e+01
1.138063883468085846e+00 8.879984118530466486e-02 0.000000000000000000e+00 5.852233928919735595e-01 3.746833316308471051e-01 3.150043466222721023e+01
1.119147544300585606e+00 8.228561495636264878e-02 5.793138275697519823e+00 5.906049992694271111e-01 3.923867759084997964e-01 3.200998703716613392e+01
1.167464062318314788e+00 8.653169111169377314e-02 6.310467323821312036e+00 5.727665243477403356e-01 3.739087377222823916e-01 3.179917600824472146e+01
1.186041769286445113e+00 8.805587086295321719e-02 1.411137615139901769e+01 5.061856543785313578e-01 4.575826283563789176e-01 3.155216771890123439e+01
1.145644074388981526e+00 7.523212926218325602e-02 1.229393478313045307e+01 4.882274415297795378e-01 4.561123564319459200e-01 3.086884751167072238e+01
1.223721260291239066e+00 1.516688426002624213e-01 1.043424960797697132e+01 5.607439276225161251e-01 4.241786734411864823e-01 3.614426985178816665e+01
1.227464560932551851e+00 2.278169738224799512e-01 1.592319958247698963e+01 5.247795401058746867e-01 4.236199063442611656e-01 2.391298245622686736e+01
1.227464560932551851e+00 2.278169738224799512e-01 1.592319958247698963e+01 5.247795401058746867e-01 4.236199063442611656e-01 2.391298245622686736e+01
1.216902004741063470e+00 2.161971242114203440e-01 2.192171025229362513e+01 5.578536770574410442e-01 4.604021734294644341e-01 2.510748011727242712e+01
1.208521277547396799e+00 1.896602330484272458e-01 1.164860050051191998e+01 5.821376686158656888e-01 4.019852518180657697e-01 2.369172360953076861e+01
1.208521277547396799e+00 1.896602330484272458e-01 1.164860050051191998e+01 5.821376686158656888e-01 4.019852518180657697e-01 2.369172360953076861e+01
1.192908628446510466e+00 1.793586099099344078e-01 1.123712540308072683e+01 5.252549076265591310e-01 4.159385915347870721e-01 2.588751822841045680e+01
1.171958497769504115e+00 1.951965662368588539e-01 0.000000000000000000e+00 5.808165568016745439e-01 4.119047884302065587e-01 2.911891212308623977e+01
1.232286624378139406e+00 1.741946810417405733e-01 4.453390559403762161e+00 5.960696329706062224e-01 4.256469079243086484e-01 2.850639053349214791e+01
1.153352090176581468e+00 1.716375700886285660e-01 1.311864342772569803e+00 5.889527350136264383e-01 3.960669851117457618e-01 2.963032345151252045e+01
1.153352090176581468e+00 1.716375700886285660e-01 1.311864342772569803e+00 5.889527350136264383e-01 3.960669851117457618e-01 2.963032345151252045e+01
1.203446645063934062e+00 1.753603053122139432e-01 1.076641149929616681e+01 5.757367525292270694e-01 4.233316464836369697e-01 2.601656486659024026e+01
1.158604721215576561e+00 1.969449419596372153e-01 1.314018224133147328e+01 5.793597985633099912e-01 4.177540109178128347e-01 2.818107149674008483e+01
1.158604721215576561e+00 1.969449419596372153e-01 1.314018224133147328e+01 5.793597985633099912e-01 4.177540109178128347e-01 2.818107149674008483e+01
1.196712436258351886e+00 2.148769448105750379e-01 0.000000000000000000e+00 5.771178259408584754e-01 4.284906943740631191e-01 2.669149999031197140e+01
1.219785627200907108e+00 9.792036010537795432e-02 1.642940162253356107e+01 5.319968479470060796e-01 4.423920857518907068e-01 3.030472297597584941e+01
1.183769277006387677e+00 1.292450790965619101e-01 1.639145531200877315e+01 5.260674907459556016e-01 4.296990572405360864e-01 3.138425393049819689e+01
1.183769277006387677e+00 1.292450790965619101e-01 1.639145531200877315e+01 5.260674907459556016e-01 4.296990572405360864e-01 3.138425393049819689e+01
1.227458265702399354e+00 1.321642634047570097e-01 1.298950001639964924e+01 5.449470302459126225e-01 4.252194293684936066e-01 3.099080467750960821e+01
1.226452973435360194e+00 1.095601949888471149e-01 1.542435967380200168e+01 5.246050387451302033e-01 4.447394034440217414e-01 2.930001516295849839e+01
1.226452973435360194e+00 1.095601949888471149e-01 1.542435967380200168e+01 5.246050387451302033e-01 4.447394034440217414e-01 2.930001516295849839e+01
1.165089298935145568e+00 1.441971480124814020e-01 1.324001649191103169e+01 4.981412740315668275e-01 4.569648656739104808e-01 2.563661201412715585e+01
1.220022422043887778e+00 1.648541183328777748e-01 2.686223088397125025e+01 5.432853521893941107e-01 4.448172169515878238e-01 2.600270560032090117e+01
1.146416690862524179e+00 1.908836481705453170e-01 8.693816663972331327e+00 5.270981765375695183e-01 4.270846728363641431e-01 2.767816090824581821e+01
1.193375600982612417e+00 1.614736456888575811e-01 1.974622273690613738e+01 5.298704142367103298e-01 4.977764593152909089e-01 2.773994106320854414e+01
1.163441472203609273e+00 1.441513937210917862e-01 9.952337748441697940e+00 5.647994570022230043e-01 3.933913585433983506e-01 2.540148727971733322e+01
1.151681631259525274e+00 1.333664609683717639e-01 6.093784484463883544e+00 5.992094281619474438e-01 4.123824903735348602e-01 2.505082756750282158e+01
1.151681631259525274e+00 1.333664609683717639e-01 6.093784484463883544e+00 5.992094281619474438e-01 4.123824903735348602e-01 2.505082756750282158e+01
1.137064561926791173e+00 1.651851695081226756e-01 0.000000000000000000e+00 5.866100483071946536e-01 4.014787876017705259e-01 2.561299299747486558e+01
1.127989587827445739e+00 1.302111781653945977e-01 6.699182935228094493e+00 5.445606449724729181e-01 3.961647222128768520e-01 2.620247452169632396e+01
1.228811327546397214e+00 1.158557782860791530e-01 7.160858223760157237e+00 5.822774537931139083e-01 3.842696267560072876e-01 2.609853866575657122e+01
1.228811327546397214e+00 1.158557782860791530e-01 7.160858223760157237e+00 5.822774537931139083e-01 3.842696267560072876e-01 2.609853866575657122e+01
1.228038285544655217e+00 1.518274825109079407e-01 6.263836357232555940e+00 5.784326523937346476e-01 4.014427088401711918e-01 2.669622458742887616e+01
1.230321844891586247e+00 1.249537121594329059e-01 1.038639584173354358e+01 5.656221991382340830e-01 3.941534044828178818e-01 2.673304809710759855e+01
1.230321844891586247e+00 1.249537121594329059e-01 1.038639584173354358e+01 5.656221991382340830e-01 3.941534044828178818e-01 2.673304809710759855e+01
1.204615773420695701e+00 1.736224054461111832e-01 6.837263395252230147e+00 5.396609680661071939e-01 4.258030458032414090e-01 2.416038169932496515e+01
1.212792918941936637e+00 1.592196090773345396e-01 9.914876852293991405e+00 5.946131716472897732e-01 3.840074354133389267e-01 2.717570666073256547e+01
1.212792918941936637e+00 1.592196090773345396e-01 9.914876852293991405e+00 5.946131716472897732e-01 3.840074354133389267e-01 2.717570666073256547e+01
1.123722456504309575e+00 2.665725643531502986e-01 5.565068422858327146e+00 4.868530889132896000e-01 4.333870827382847457e-01 2.755908983378788335e+01
1.097123644445395563e+00 2.657706269331815974e-01 1.147501809182506438e+00 4.744359178135078570e-01 4.245180735416431150e-01 2.709458452739294643e+01
1.152242723609302466e+00 2.266243717059213125e-01 2.493673875751669211e+00 6.316323381426911521e-01 4.904346832813110124e-01 2.660485027751665044e+01
1.152242723609302466e+00 2.266243717059213125e-01 2.493673875751669211e+00 6.316323381426911521e-01 4.904346832813110124e-01 2.660485027751665044e+01
1.186330508291459696e+00 2.106563347054039304e-01 0.000000000000000000e+00 6.036142740145207242e-01 4.733849572974988540e-01 2.859707753194229340e+01
1.186330508291459696e+00 2.106563347054039304e-01 0.000000000000000000e+00 6.036142740145207242e-01 4.733849572974988540e-01 2.859707753194229340e+01
1.186330508291459696e+00 2.106563347054039304e-01 0.000000000000000000e+00 6.036142740145207242e-01 4.733849572974988540e-01 2.859707753194229340e+01
1.168471076929807673e+00 2.218846722890578105e-01 1.025783233711352693e+01 5.535286876208620477e-01 3.984347377759909770e-01 2.894387413507731210e+01
1.176918509402396396e+00 2.612670100360701686e-01 1.052186699825661087e+01 5.528315795403138111e-01 4.201541648078075397e-01 3.052950329524982109e+01
1.168327812165965929e+00 2.100499355073912888e-01 1.235680547001171270e+01 5.505594155064856832e-01 4.343558009327358471e-01 2.925773218442135715e+01
1.166647861034153744e+00 2.355245898349655198e-01 1.652303649223820337e+00 5.109692539126877708e-01 4.780943575540771984e-01 2.690372619891721229e+01
1.136014429159100336e+00 2.484975423801235039e-01 1.585035733695718463e+01 5.529970903285532646e-01 5.148725804515866811e-01 2.815474734356028819e+01
1.168329516767344645e+00 2.329037489953541262e-01 1.660826147125804297e+01 5.155032270867309085e-01 4.824626573022590681e-01 2.862356479668587284e+01
1.115263912271126756e+00 1.622729412341395450e-01 0.000000000000000000e+00 6.044540810033893763e-01 4.495461707236885207e-01 2.965833710664367118e+01
1.126328693528062974e+00 1.452195417514688669e-01 7.699698600211484667e+00 5.699892221031644945e-01 4.266863292964054311e-01 2.972103625682155226e+01
1.132479918744170755e+00 2.290245007967885438e-01 7.787047104640812734e+00 5.792736612225842796e-01 4.488957865466987052e-01 2.992562125286194075e+01
1.204980511746191807e+00 1.306352049309930929e-01 7.868151344672648762e+00 5.401558448955121605e-01 4.701848412542773414e-01 2.888804676868565124e+01
1.183453650753476749e+00 1.355938187455817678e-01 3.934932171076053642e+00 5.734090441519088532e-01 4.599069554424256578e-01 2.907989159727492634e+01
1.201294037418794591e+00 1.410059899860508781e-01 2.551094002780213366e+00 5.883500766633210644e-01 4.706060551245322965e-01 2.788912706364876470e+01
1.075171559984622771e+00 2.173274121218886357e-01 5.170994508177070514e+00 5.604815266346159230e-01 5.028622928413905013e-01 2.678519948816067853e+01
1.060736072373555050e+00 1.890637148633436682e-01 1.396330091744362178e+01 5.757976351815241589e-01 4.895990908643710338e-01 2.875709064631178435e+01
1.060736072373555050e+00 1.890637148633436682e-01 1.396330091744362178e+01 5.757976351815241589e-01 4.895990908643710338e-01 2.875709064631178435e+01
1.108248282653075512e+00 1.865943624097317066e-01 2.118396196661169739e+00 5.948816745477332191e-01 4.643270765909478515e-01 2.883868670327716899e+01
1.190029821191653348e+00 2.232422673366210586e-01 7.998238133095105340e+00 5.725223375501897749e-01 5.650484405310456371e-01 3.049566407413966473e+01
1.190029821191653348e+00 2.232422673366210586e-01 7.998238133095105340e+00 5.725223375501897749e-01 5.650484405310456371e-01 3.049566407413966473e+01
1.210708288021752121e+00 2.247954496476713138e-01 1.109942016110521834e+01 5.410928819941682733e-01 5.485973114859228339e-01 3.144789360340184459e+01
1.214504211370273756e+00 2.192539476021459488e-01 4.593102664002698177e+00 5.414197430352164497e-01 5.155723970502367193e-01 3.026945689960426122e+01
1.138252296256328622e+00 1.885485906054787386e-01 2.272060189729759117e+01 5.015847591186239907e-01 5.521044386596254405e-01 2.384834502744274687e+01
1.161962871080484128e+00 1.140655166661313225e-01 1.411314021216803027e+01 5.149177574522463274e-01 5.213717183826819257e-01 2.446982600590811074e+01
1.177259331414171495e+00 1.470560827629465439e-01 1.043001906887730890e+01 4.814723808254780524e-01 5.051687197404676199e-01 2.336142427074851824e+01
1.152172330468474559e+00 1.432651805438742154e-01 2.468621302953473062e+01 5.167917543930831137e-01 5.277536220049280358e-01 2.187510947816138085e+01
1.157118578214379134e+00 2.609303676974629171e-01 3.678386211781854875e+00 5.601530260017283380e-01 3.797290435058152114e-01 2.507561186519085439e+01
1.157118578214379134e+00 2.609303676974629171e-01 3.678386211781854875e+00 5.601530260017283380e-01 3.797290435058152114e-01 2.507561186519085439e+01
1.153138884050812552e+00 2.456594454679672246e-01 1.566110093420990168e+01 5.478640290393608225e-01 3.839556292478291666e-01 2.512653606431855735e+01
1.179850138675382576e+00 2.451032233574809427e-01 6.078691704858538714e+00 5.462621612168739871e-01 3.857104043042951513e-01 2.113500046564081813e+01
1.185479917711503406e+00 2.338075206058731759e-01 2.055605857959535321e+00 5.487213023731130068e-01 3.619402742641790183e-01 2.157197292841134484e+01
1.067104968553302502e+00 1.289062310927122645e-01 0.000000000000000000e+00 5.023123405901847027e-01 4.522022286359982934e-01 2.771534103036025698e+01
1.087040664581716998e+00 1.289918025479771801e-01 3.673881818315685166e-01 5.107206528808616586e-01 4.258151688080668018e-01 2.799562690898937944e+01
1.087040664581716998e+00 1.289918025479771801e-01 3.673881818315685166e-01 5.107206528808616586e-01 4.258151688080668018e-01 2.799562690898937944e+01
1.088847427509565202e+00 1.502557447849163785e-01 2.035961582960649441e+00 5.060970280383280118e-01 4.201074822267695796e-01 2.857530313574032732e+01
1.192964237037498432e+00 9.630208875862571183e-02 1.266615752682975149e+01 4.806926840584608840e-01 4.311951199837021909e-01 3.142661378491995450e+01
1.216625042046276306e+00 1.722284209548342326e-01 1.288797959586879749e+01 4.917012761841974555e-01 4.425951596281637590e-01 2.984446318487109906e+01
1.195337214692650196e+00 1.817136679326126769e-01 1.870782982688497498e+01 4.709171959295012644e-01 3.912802412941855379e-01 2.612980107138251995e+01
1.173229595400122616e+00 1.222793891172446190e-01 5.783231334849905814e+00 4.689466084416366032e-01 4.725309583850471618e-01 3.048375232042401350e+01
1.136455485497248175e+00 1.551988898272713135e-01 1.314140582649299027e+01 5.181093874732002336e-01 4.871659658113202118e-01 3.139937114816488872e+01
1.209144302008153371e+00 2.536511727975244157e-01 2.195812411793834684e+01 5.016225375314005142e-01 4.263268059982927571e-01 3.186068710506506108e+01
1.320933710989740328e+00 1.844667145163645383e-01 6.274018265807322692e+00 4.805031828981645714e-01 4.330868023666262778e-01 3.285004379246236539e+01
1.231734072059679219e+00 1.807095555710049040e-01 1.712660907652080056e+01 4.942909349493838644e-01 4.600732700397323072e-01 3.545479903030167179e+01
1.218544225854938379e+00 1.448950908830284601e-01 9.966652805834048223e+00 4.688647219870644145e-01 4.633316536785497819e-01 3.448732120366142340e+01
1.268639045813050314e+00 2.468144725984922350e-01 1.278490765822946784e+01 4.832453321357506049e-01 3.944791306899610439e-01 3.231087012966046501e+01
1.109931120919403824e+00 6.231298385491646635e-02 3.093665536528138915e+01 5.292736340198045397e-01 3.164966490315048175e-01 3.173808797432947415e+01
1.103542857002727917e+00 4.693909382722330492e-02 4.817970883790935943e+01 5.486218265773137315e-01 3.123536013759445895e-01 3.463115807141421953e+01
1.142903522650316139e+00 8.012732026325276868e-02 4.539760727746502056e+01 5.479765987178633058e-01 3.119999076549888617e-01 3.434664124600295310e+01
1.082215831763082337e+00 6.280106996101014749e-02 3.716751689791337299e+01 4.917000306305248092e-01 3.022322517586136237e-01 3.241222227568595571e+01
1.085525745877802040e+00 1.306320337759074857e-01 4.104678644957343892e+01 6.069436522661214584e-01 3.590060499897720914e-01 3.626553666208656068e+01
1.077254423920835480e+00 1.159044355902486279e-01 3.569235619399645287e+01 5.939904512877584031e-01 3.647554167361675703e-01 3.715187462333318535e+01
1.077254423920835480e+00 1.159044355902486279e-01 3.569235619399645287e+01 5.939904512877584031e-01 3.647554167361675703e-01 3.715187462333318535e+01
1.063063364027714952e+00 1.314211942400116129e-01 3.842657077699998069e+01 5.664714029150857977e-01 3.532718398935194570e-01 3.371349832759934628e+01
1.029791823235781889e+00 6.450964410511698943e-02 3.705472919747986538e+01 5.535843680100298592e-01 3.696993025508998332e-01 3.709822591243236900e+01
1.027846696261033310e+00 7.827323992981037593e-02 3.588988764206946058e+01 5.394816217511324563e-01 3.765008114187160526e-01 3.564986662791989858e+01
1.021921365729921982e+00 8.852172077872191847e-02 3.872581686849091653e+01 5.449387413129309632e-01 3.273845067770098094e-01 3.496171208193239011e+01
1.029517775053911066e+00 9.364135496262199210e-02 4.508191430525542387e+01 5.741286549008157714e-01 3.015600256718408700e-01 3.419778992115762861e+01
1.035435569088665408e+00 9.500604013725748309e-02 4.674145885949752710e+01 5.152370101397943936e-01 3.033271237449543523e-01 3.153078831653240499e+01
1.073425047351665107e+00 4.180962401977873083e-02 4.889388410998675027e+01 5.441633567629968748e-01 3.303777383007427404e-01 3.661545204248357521e+01
1.089883412229321280e+00 5.364527664732222922e-02 4.968053965680608997e+01 5.631328412300881103e-01 2.921480148606180327e-01 3.745717536642345635e+01
1.077280295957309786e+00 4.481280303144639932e-02 4.520824392632013655e+01 5.491434233725229763e-01 3.139518115108620999e-01 3.498111629471180350e+01
1.077280295957309786e+00 4.481280303144639932e-02 4.520824392632013655e+01 5.491434233725229763e-01 3.139518115108620999e-01 3.498111629471180350e+01
1.071243397588172996e+00 7.114429414460829437e-02 4.610947648650292052e+01 5.503173312852558396e-01 3.175235017618171507e-01 3.542608324343594006e+01
1.100668377488837724e+00 5.800475140436812255e-02 3.869015433788101888e+01 4.800480764471753981e-01 3.096180658648569062e-01 2.959065325560338167e+01
1.037570644817927823e+00 1.466448020591430701e-02 3.459608149380647291e+01 4.701260883421602976e-01 3.560214519363373853e-01 3.057385266616654818e+01
1.061124062634513532e+00 5.014071761829398677e-02 3.504570967665241454e+01 5.456889439928632735e-01 3.212338474083135664e-01 3.328704146649602791e+01
1.061124062634513532e+00 5.014071761829398677e-02 3.504570967665241454e+01 5.456889439928632735e-01 3.212338474083135664e-01 3.328704146649602791e+01
1.118293468357140164e+00 3.003221341554347668e-03 3.185567228461079381e+01 5.216187602886137586e-01 3.648839605643778849e-01 3.527403722472983105e+01
1.108076398729356038e+00 3.550825468779586491e-02 3.032124785487275176e+01 5.524924839336421423e-01 2.825093325434147595e-01 3.510884409816208063e+01
1.095880255394451330e+00 8.940403336056335082e-02 3.328106755236355241e+01 5.388831941361347244e-01 2.767089466751896376e-01 3.446194678890870478e+01
1.073799319631715488e+00 1.027443245756143458e-01 3.427286415166714306e+01 5.513415596695897536e-01 2.660986917370739002e-01 3.662314046109775489e+01
1.110344203989973355e+00 6.960699824578828188e-02 3.302187504435637777e+01 5.750037959424076917e-01 2.895655642920213491e-01 3.408302430783600556e+01
1.042778621775011461e+00 5.959844424244508526e-02 3.276658590711597441e+01 5.121810580597581097e-01 3.186612995613230526e-01 3.435402917949807744e+01
1.046346041913900349e+00 1.138254366388159328e-01 4.521617826078642111e+01 5.423253770513722927e-01 4.505710390826497269e-01 2.898453708788095184e+01
1.055197287087327407e+00 1.334076245254275928e-01 3.457183599094160797e+01 5.447083798845659963e-01 4.565174518611289645e-01 2.562579035846254527e+01
1.092803998446420843e+00 1.602890083974055913e-01 4.069041782029568566e+01 5.869803745212109902e-01 4.392771806268286894e-01 2.765776483793245433e+01
1.037132535137117006e+00 7.903124030505957742e-02 3.491283479548548740e+01 5.976053550543243276e-01 4.164498144628204224e-01 2.635067707420076388e+01
1.096893025096755903e+00 6.818979869088122314e-02 4.297288430575621021e+01 4.326283400549381652e-01 3.969926389616635909e-01 3.328382437427914198e+01
1.094455985447436719e+00 5.002358782274633070e-02 4.319884525537194975e+01 5.398002858753772060e-01 3.729256145447741866e-01 2.224438422825038941e+01
1.140875945442878958e+00 5.309080053910184005e-02 4.449940338719127908e+01 5.909965271910925244e-01 3.767656323680997899e-01 2.258165656125230569e+01
1.140716029024963607e+00 5.243866492811281865e-02 4.243373455809759065e+01 5.379547627137450938e-01 3.964986898576301488e-01 2.418283076720898350e+01
1.061459976259471860e+00 8.716108164587160756e-02 5.200000000000000000e+01 5.446281027048414103e-01 4.595998887377701903e-01 3.099767368136228995e+01
1.015695072852773162e+00 8.888020979530804333e-02 4.452814821518294508e+01 4.806678771469116151e-01 4.614441924773950432e-01 3.085018048385499867e+01
1.123321450655904830e+00 8.312022342877689596e-02 5.015660824291184383e+01 4.753602534763184950e-01 3.448384481435069482e-01 2.812944213972882679e+01
1.060669128096430880e+00 1.129456846219649008e-01 4.133587717569641029e+01 5.310023718168209728e-01 4.167979490441455215e-01 2.974685571269101558e+01
1.019864970737521137e+00 1.311454217604462458e-01 4.341613468518323060e+01 5.102738138481165420e-01 4.456449356032746167e-01 2.853906752413916337e+01
1.154055135256426556e+00 5.576309965056584772e-02 4.787554885203852706e+01 5.063760007495121673e-01 4.765950468110130567e-01 2.688875688170231015e+01
1.062021944326914324e+00 5.789771577133989017e-02 3.560233335408317146e+01 5.468258983329425948e-01 5.141992401370660826e-01 2.285408205709662255e+01
1.113082995927016539e+00 3.362192770212327209e-02 3.821962838270829366e+01 6.588242250907998532e-01 4.328349722858370607e-01 2.922786683790813811e+01
1.172868403437284490e+00 4.098506879251800211e-02 4.001543769572336373e+01 6.435544227923474248e-01 4.509623641586233966e-01 2.791328937361814155e+01
1.096564113422703768e+00 5.303206865487063854e-02 4.852374050656662519e+01 5.746555013228580311e-01 3.264760195355196348e-01 2.789573036633601077e+01
1.084229970313275393e+00 2.003432761851704422e-02 3.889471401009524953e+01 5.214354590140496404e-01 3.864339312928235515e-01 3.107411464988470229e+01
1.155917285234852487e+00 1.577905521212080719e-02 4.422344078953357638e+01 5.029144755209372653e-01 3.834064344611639585e-01 2.865952431556241820e+01
1.040253418616065684e+00 7.634028001199613667e-02 4.367192708056695949e+01 4.609960865529861285e-01 3.623187557270813874e-01 2.722852580250764376e+01
1.123547765612511018e+00 5.590747769791805377e-02 3.740492363505597950e+01 5.181154197140523943e-01 3.188236237528833117e-01 3.017231791930257501e+01
1.084466402945353014e+00 6.543788232506207031e-03 4.043167637733512265e+01 4.421240305181203811e-01 3.982872045663177762e-01 2.695712485974397055e+01
1.064062986838276714e+00 9.862862132569277795e-02 4.226346398704769314e+01 4.599353509288965358e-01 3.659902159069874927e-01 3.004062901530297580e+01
1.119405641155373443e+00 0.000000000000000000e+00 4.059606706392764863e+01 5.425744866896037299e-01 3.365861186311268627e-01 3.044558933134381107e+01
1.196857469355409265e+00 1.463811517839416210e-01 1.379693549173698131e+01 4.631670104477828009e-01 4.174546240357970284e-01 1.621494464121211010e+01
1.115812554990530669e+00 1.840957912251980216e-02 3.338326048514490907e+01 5.160203676390245908e-01 3.460943069547259832e-01 2.584080489831415051e+01
1.132573849280962275e+00 3.856677260410219799e-02 3.974488755847730914e+01 5.560021328229642901e-01 3.954601057732963221e-01 2.396931288061115595e+01
1.118485683492607574e+00 6.586383078441065964e-02 3.086216703877988010e+01 5.277487980878682317e-01 4.089804046830545214e-01 2.608250436052751553e+01
1.130588167478594253e+00 4.471237504813127539e-02 2.664261490815224320e+01 5.560114052332038037e-01 3.375996960855522921e-01 2.606617615844077207e+01
1.128020388068883939e+00 3.959936768983406130e-02 3.560195910401402841e+01 5.894460340746222604e-01 3.452309760148317141e-01 2.534776164703932366e+01
1.153213154499455939e+00 0.000000000000000000e+00 3.681541209749710220e+01 5.165247099128098540e-01 3.508593085218237873e-01 2.647766368136210247e+01
1.156681022444546736e+00 3.796334139306849209e-02 3.608106705603617570e+01 5.176521456329613580e-01 3.324837377013566408e-01 2.545695715123897429e+01
1.134210518476316487e+00 2.266924539926377935e-02 3.220358230085518869e+01 5.394201924328644315e-01 2.992655635225962008e-01 2.226035347087267269e+01
1.121763697079305455e+00 4.636029891940345038e-02 4.322871421427382188e+01 5.894588848757317256e-01 3.425963136540672860e-01 2.764387071781279559e+01
1.121763697079305455e+00 4.636029891940345038e-02 4.322871421427382188e+01 5.894588848757317256e-01 3.425963136540672860e-01 2.764387071781279559e+01
1.145511007459153019e+00 7.932126760562821510e-02 4.784909466572058534e+01 5.824984716354435488e-01 3.117506867825993178e-01 2.459763091971777271e+01
1.124151282896156401e+00 9.131264395844551629e-02 3.586614561696428893e+01 5.987248869651755623e-01 3.507359676697793249e-01 2.415219346429620018e+01
1.069006352848722807e+00 3.555862890551708677e-02 4.060914632586757733e+01 5.769136098821032732e-01 3.988367485491895459e-01 2.295704345575466476e+01
9.822002178833102448e-01 1.268954933511348138e-01 4.180371281127733596e+01 6.057427163392190561e-01 3.993014648204020189e-01 2.199105336827492962e+01
1.095800144361345874e+00 5.939730236255207768e-02 4.396686398239702243e+01 5.430073338294764129e-01 3.513050909800777832e-01 2.837758066904713772e+01
1.127846125266104282e+00 9.808147656023140024e-03 4.117095052483409745e+01 5.582358489535987900e-01 3.315115263974342530e-01 2.264598558741450773e+01
1.114896617071764018e+00 8.103086085166760766e-02 4.359064441485080010e+01 5.269968677750673791e-01 4.060562570379260272e-01 2.506822340144660544e+01
1.093591410382255269e+00 0.000000000000000000e+00 4.072889509961196097e+01 5.568325251889834071e-01 4.157616207235638739e-01 2.611162377004769652e+01
1.106743523746752667e+00 5.331468211523118783e-02 3.108195276884484670e+01 6.059023207641004438e-01 3.705284902552623549e-01 2.246465233006789575e+01
1.142024717295682557e+00 2.661652641455789642e-02 2.926864180061287257e+01 5.865938437695017438e-01 3.745453179686600853e-01 2.186787625768720744e+01
1.182812368356000121e+00 7.541345120266942925e-02 3.009988839779572345e+01 5.465685778116964322e-01 2.994891556939299759e-01 2.104803708361728809e+01
1.172097260064749680e+00 6.849414968530917469e-02 3.407238132778494588e+01 5.366069149376060388e-01 3.090029115374682833e-01 2.151563345359252111e+01
1.154863680435722184e+00 6.835636200182326760e-02 3.260953655532856033e+01 6.006522375258468438e-01 3.108654411613860913e-01 2.286870453725043362e+01
1.170393633267722500e+00 7.295350224498649283e-02 5.046804032155703368e+01 5.811131540522659344e-01 3.337812723611645049e-01 2.552862386966078745e+01
1.162927869934861747e+00 4.947912905424262098e-02 4.061485900197095589e+01 5.612949321209830256e-01 3.336913930603349621e-01 2.257657141298650316e+01
1.117305570432063799e+00 1.910185510800412739e-02 5.200000000000000000e+01 5.155521823290698524e-01 3.627920306529786587e-01 2.893005984154803301e+01
1.073798327361647154e+00 5.391315663237278288e-02 4.155935760547711766e+01 5.839249619062109042e-01 4.093598741601405244e-01 2.565062323970963476e+01
1.048704631840553736e+00 8.729601575059219021e-02 3.758851531832260662e+01 5.652375222735855909e-01 4.176071563042651480e-01 2.548522780084772776e+01
1.205425029922253755e+00 3.768344201296731921e-02 4.353034448253070821e+01 5.305153668295571334e-01 4.299448357234106899e-01 2.533594958441553757e+01
1.180040372630840828e+00 1.188778314462109707e-02 3.085900347654256848e+01 5.346604239934718006e-01 4.109931594555372714e-01 2.587979166061058578e+01
1.057728545159722700e+00 8.690065173498953688e-02 4.903501365070150086e+01 6.095697631239631598e-01 4.590121688298210434e-01 2.353367547867354048e+01
1.057728545159722700e+00 8.690065173498953688e-02 4.903501365070150086e+01 6.095697631239631598e-01 4.590121688298210434e-01 2.353367547867354048e+01
1.076937824417152356e+00 9.253119288645243745e-02 4.591605400281039806e+01 6.000562175747657934e-01 4.581986901045636551e-01 2.500719258875266604e+01
1.055633437687249376e+00 3.480992404741229534e-02 3.727327865391033157e+01 5.940775844377181869e-01 4.436732116963961747e-01 2.518113624174855403e+01
1.055633437687249376e+00 3.480992404741229534e-02 3.727327865391033157e+01 5.940775844377181869e-01 4.436732116963961747e-01 2.518113624174855403e+01
1.154757330105159685e+00 6.833771493283645471e-02 3.580085865728961636e+01 5.672601116555350265e-01 4.318031230821753330e-01 2.171567532840412795e+01
1.192139019260465282e+00 3.981676114365267916e-02 2.767950566793270184e+01 5.369263583886213498e-01 4.156962534621704841e-01 2.076633592645305626e+01
1.088850259094991113e+00 5.040120221110735987e-02 3.510954839595740395e+01 5.768838879932202124e-01 4.304041717402188882e-01 2.057732300912782364e+01
1.064436742049061690e+00 4.746995449208745582e-02 3.450219164851652920e+01 5.898772702271286583e-01 3.783670552290792077e-01 2.899119843989988610e+01
1.135304445565860076e+00 4.907201821060485497e-02 4.589240809841977153e+01 6.133141843791398706e-01 4.057197796778687082e-01 2.820888503794395419e+01
1.135304445565860076e+00 4.907201821060485497e-02 4.589240809841977153e+01 6.133141843791398706e-01 4.057197796778687082e-01 2.820888503794395419e+01
1.077747223318287206e+00 4.927856507624014948e-02 4.828301279385169664e+01 6.163734311863557913e-01 3.704420607358402395e-01 3.047429473439997238e+01
1.102514364508715428e+00 7.014566545966882671e-02 3.794568868668036998e+01 5.567983299229360972e-01 3.810664942235396091e-01 3.106957661909049762e+01
1.083448631459928757e+00 7.188678772128197225e-02 4.389698253248440807e+01 5.377267185098901781e-01 4.147036690863544761e-01 2.972144839635570435e+01
1.057740222232944838e+00 8.644819629989197729e-02 4.256150877645757902e+01 5.940632901071650762e-01 3.866406035484402648e-01 2.858777289675958144e+01
1.074442980092736644e+00 3.948698094290997718e-02 4.680760762126292462e+01 5.747176162125745558e-01 3.750272221842725906e-01 2.516198591356810255e+01
1.109435248474229141e+00 2.956460176601327303e-02 5.200000000000000000e+01 5.603131328491351981e-01 3.434508085182439996e-01 2.780248845441416705e+01
1.176813491039777837e+00 1.016309157716430017e-01 3.626462481651443426e+01 6.384315715064086127e-01 4.242589768390995220e-01 2.373019325996173734e+01
1.192110902487148794e+00 8.487315508201803693e-02 4.701287203635354217e+01 6.508164641729606847e-01 3.844022730135102650e-01 2.619844506193437184e+01
1.151304446041335527e+00 9.548976938765223188e-02 3.805027563945549929e+01 6.367241348208623197e-01 4.170070840001209311e-01 2.273748048682351808e+01
1.159125246894097572e+00 7.706216359545102479e-02 2.913812629298339729e+01 6.019234603281711227e-01 4.123965189280668908e-01 2.589344863550735454e+01
1.154520197389510061e+00 1.081189000193058108e-01 2.851893118712422037e+01 6.000243177004426220e-01 4.345751253465561237e-01 2.574666984554068705e+01
1.154520197389510061e+00 1.081189000193058108e-01 2.851893118712422037e+01 6.000243177004426220e-01 4.345751253465561237e-01 2.574666984554068705e+01
1.158192204938137237e+00 9.391164786815876797e-02 2.217727520149956888e+01 6.089398470884244130e-01 4.146339475881353764e-01 2.249700128474527361e+01
1.160779868892002575e+00 7.954780344057761632e-02 1.579571521257932964e+01 5.872474601639563474e-01 4.143258596082202150e-01 2.253826313281437521e+01
1.160779868892002575e+00 7.954780344057761632e-02 1.579571521257932964e+01 5.872474601639563474e-01 4.143258596082202150e-01 2.253826313281437521e+01
1.140311937105018991e+00 1.472956508673103349e-01 2.395616639530511449e+01 6.272217660023027275e-01 4.072000544249562703e-01 2.341686021718587085e+01
1.172209337792562867e+00 9.355843176636310932e-02 2.259969511280931798e+01 6.791732196918562892e-01 4.437463301658717829e-01 2.520037323964366038e+01
1.172209337792562867e+00 9.355843176636310932e-02 2.259969511280931798e+01 6.791732196918562892e-01 4.437463301658717829e-01 2.520037323964366038e+01
1.100204811787739212e+00 1.021796488641932288e-01 3.981501912986718139e+01 6.863382701704321409e-01 4.252385827073108526e-01 2.497870913390393710e+01
1.100204811787739212e+00 1.021796488641932288e-01 3.981501912986718139e+01 6.863382701704321409e-01 4.252385827073108526e-01 2.497870913390393710e+01
1.164108959719592162e+00 8.360050768606419602e-02 2.657318128749854580e+01 6.727217655673278784e-01 3.986266725079475881e-01 2.433208925403216583e+01
1.164108959719592162e+00 8.360050768606419602e-02 2.657318128749854580e+01 6.727217655673278784e-01 3.986266725079475881e-01 2.433208925403216583e+01
1.141873742373579415e+00 7.753574899076350058e-02 2.719974339962133314e+01 6.807829180870657027e-01 4.272820937144476416e-01 2.578150762683659991e+01
1.141873742373579415e+00 7.753574899076350058e-02 2.719974339962133314e+01 6.807829180870657027e-01 4.272820937144476416e-01 2.578150762683659991e+01
1.171724627524993956e+00 6.819671052762532604e-02 3.148358356646029677e+01 6.320109659690729131e-01 3.836628680681586356e-01 2.591560236036803033e+01
1.171724627524993956e+00 6.819671052762532604e-02 3.148358356646029677e+01 6.320109659690729131e-01 3.836628680681586356e-01 2.591560236036803033e+01
1.132255744880287462e+00 6.618668611472636187e-02 3.085321835975220850e+01 6.573214316798962065e-01 3.930369138899286185e-01 2.577634073078007759e+01
1.130974477003005463e+00 3.553545291923666111e-02 2.399910558181391096e+01 6.242608378980607498e-01 3.989301403331735885e-01 2.481914540211053577e+01
1.066641492634621935e+00 7.916438743144121881e-02 4.462537269184999644e+01 5.064001405051572480e-01 3.994804373553140220e-01 2.505488611588260994e+01
1.074688313335703471e+00 9.829484204977573247e-02 4.790145189049967911e+01 5.206013873552374216e-01 4.341223823729861708e-01 2.406093042171025687e+01
1.137594595467708691e+00 7.492079553447464346e-02 5.049056417228775473e+01 5.216229171471992165e-01 3.995781522026753962e-01 2.136229522040973805e+01
1.127712850167814862e+00 1.090999309778007270e-01 4.755544560301915169e+01 5.943174710128720228e-01 4.211227196213866431e-01 2.191845737887240730e+01
1.054420773806327816e+00 8.816219517738274614e-02 3.702122924689088990e+01 5.480764541792642053e-01 4.369139401227701280e-01 2.345222596488417821e+01
1.111736695643505524e+00 9.331865560543060878e-02 4.435223792832363898e+01 5.383198007454483847e-01 3.354562132788022066e-01 2.486609639278857031e+01
1.078653736000999341e+00 6.784623585466492690e-02 4.039499812182830851e+01 5.263672121150115846e-01 3.896250427117963211e-01 2.452963895146186957e+01
1.128212721997019941e+00 7.257550188022630910e-02 4.147993169371881805e+01 5.504059496237205806e-01 2.934753059304611722e-01 2.881307214366816893e+01
1.128212721997019941e+00 7.257550188022630910e-02 4.147993169371881805e+01 5.504059496237205806e-01 2.934753059304611722e-01 2.881307214366816893e+01
1.041027060793002335e+00 7.195809282605128421e-02 4.366016698582453159e+01 5.188083414533798399e-01 4.522326833373496724e-01 2.054797234009642182e+01
1.135637237380678677e+00 3.809861089691159164e-02 4.532781255049861358e+01 4.693387313247822656e-01 2.276140029934158593e-01 3.123587106386849044e+01
9.919884109013006324e-01 8.899071176229765567e-02 4.428299289725189425e+01 4.932272396178637441e-01 3.936445598277427682e-01 2.525138085897400586e+01
9.760386055085127355e-01 9.982328125467759827e-02 4.080721370875934895e+01 4.987236802168468208e-01 3.951723368888642729e-01 2.610279527880539518e+01
1.082479441998720038e+00 8.463146555349625177e-02 4.023725441103985645e+01 5.020137202866171711e-01 2.776168826901124764e-01 2.142465803288680704e+01
1.028871545434689505e+00 7.028187800318221393e-03 1.525892104431549967e+01 4.936000985221346005e-01 4.043176628581900411e-01 2.767240975772659084e+01
1.058485531713236005e+00 8.313570342456921836e-02 2.982573446374359349e+01 5.357555343603784825e-01 2.827915578320029932e-01 2.614428214347751833e+01
1.073189101592465056e+00 9.129160039887808387e-02 3.103401063146081285e+01 5.263641752373182658e-01 3.100736301977771725e-01 2.714811363681256395e+01
1.019206346439315958e+00 7.683771167278402592e-02 2.925837230058128569e+01 4.442660800751554451e-01 3.142629092945526392e-01 2.280443383250926459e+01
1.011881638320871302e+00 5.050553278112057676e-02 2.448041156837004095e+01 4.887573783964734853e-01 3.347604406076784000e-01 2.276825948694878576e+01
1.121213836561923305e+00 5.797935851117275857e-02 2.182504797331499091e+01 5.667156487190992964e-01 2.943067789097172371e-01 2.077906490513419868e+01
1.047520647607880218e+00 7.946099763610510458e-02 4.511177963355744680e+01 5.599118921505558122e-01 3.104836187339604647e-01 1.978772064180948576e+01
1.022877537723926755e+00 9.616155713730563381e-02 4.352482303389557217e+01 5.537427162004845416e-01 2.935459444377797600e-01 1.703867558124844805e+01
1.034512655935793779e+00 6.395552131079121350e-02 3.819698372387818353e+01 5.544604034739240017e-01 3.206022449969810340e-01 1.871007634252229224e+01
1.074296479131988669e+00 7.025682370384472852e-02 3.655112028090564280e+01 5.768043402985196799e-01 2.865709154783522838e-01 1.791613194994535974e+01
1.054054203013207625e+00 9.160995101986023348e-02 3.920739686623058873e+01 5.902263220841278413e-01 3.064917065283965791e-01 2.040822994989934713e+01
1.054054203013207625e+00 9.160995101986023348e-02 3.920739686623058873e+01 5.902263220841278413e-01 3.064917065283965791e-01 2.040822994989934713e+01
1.061364107166650639e+00 8.254583903056118832e-02 3.537290326194337098e+01 5.748281792938568779e-01 2.841017107892668814e-01 2.061431936107213403e+01
1.021657149800753617e+00 6.283285870743120227e-02 3.595589965973712765e+01 5.887842989001105254e-01 3.332064068139478086e-01 1.810549156877468846e+01
1.021657149800753617e+00 6.283285870743120227e-02 3.595589965973712765e+01 5.887842989001105254e-01 3.332064068139478086e-01 1.810549156877468846e+01
9.936241469917449498e-01 5.835617573897269872e-02 3.512365448246512756e+01 5.608240156414290301e-01 2.903448530376552261e-01 2.169797071990000603e+01
1.007912066963980724e+00 8.715902331996193408e-02 3.408953462607548346e+01 5.710234204761128751e-01 2.870657866365572408e-01 2.125566749803066458e+01
1.022511548666219516e+00 1.150222394318528019e-01 4.877650801639695999e+01 6.058409922605393350e-01 3.514234766254863973e-01 2.055540456333851296e+01
1.022511548666219516e+00 1.150222394318528019e-01 4.877650801639695999e+01 6.058409922605393350e-01 3.514234766254863973e-01 2.055540456333851296e+01
1.025265864376711633e+00 5.382101420225098021e-02 4.381397081599274657e+01 6.092376479244980825e-01 3.544536960870618425e-01 1.950027643996665461e+01
1.025265864376711633e+00 5.382101420225098021e-02 4.381397081599274657e+01 6.092376479244980825e-01 3.544536960870618425e-01 1.950027643996665461e+01
1.021446668426995164e+00 5.904927807842913490e-02 4.400990456726023581e+01 6.177508953343002762e-01 3.463127469546192772e-01 1.834526609907655725e+01
1.021446668426995164e+00 5.904927807842913490e-02 4.400990456726023581e+01 6.177508953343002762e-01 3.463127469546192772e-01 1.834526609907655725e+01
1.054814392054069794e+00 9.514123110988456644e-02 5.200000000000000000e+01 6.106081545471800931e-01 3.438782896647100129e-01 1.998286832458076034e+01
1.054814392054069794e+00 9.514123110988456644e-02 5.200000000000000000e+01 6.106081545471800931e-01 3.438782896647100129e-01 1.998286832458076034e+01
1.020182736146943103e+00 1.164703183077702570e-01 3.887744318359621332e+01 6.031255805165609551e-01 3.016458807436899203e-01 2.286757415971460716e+01
1.020182736146943103e+00 1.164703183077702570e-01 3.887744318359621332e+01 6.031255805165609551e-01 3.016458807436899203e-01 2.286757415971460716e+01
1.020825266832264822e+00 1.022143455941859902e-01 3.146406049493796431e+01 6.081344245374842306e-01 3.489950143549993000e-01 2.264359755058810464e+01
1.020825266832264822e+00 1.022143455941859902e-01 3.146406049493796431e+01 6.081344245374842306e-01 3.489950143549993000e-01 2.264359755058810464e+01
1.013778344013765320e+00 1.116046262804203520e-01 2.282684430818340360e+01 6.142661959180140130e-01 3.324852336670672259e-01 2.104662349456163639e+01
1.013778344013765320e+00 1.116046262804203520e-01 2.282684430818340360e+01 6.142661959180140130e-01 3.324852336670672259e-01 2.104662349456163639e+01
1.013444554176518242e+00 1.408400481348981714e-01 4.150408199688689592e+01 5.886882880717230204e-01 3.365850716642455609e-01 2.162672508969842866e+01
1.013444554176518242e+00 1.408400481348981714e-01 4.150408199688689592e+01 5.886882880717230204e-01 3.365850716642455609e-01 2.162672508969842866e+01
1.035062940996509306e+00 1.053783836403903579e-01 4.017947102508686896e+01 6.344963458360906028e-01 3.130828227537098551e-01 2.303911597851064741e+01
1.035062940996509306e+00 1.053783836403903579e-01 4.017947102508686896e+01 6.344963458360906028e-01 3.130828227537098551e-01 2.303911597851064741e+01
1.040577124709620938e+00 4.665725643125487321e-02 3.159132580039685934e+01 5.940040325218125528e-01 3.332434122937713572e-01 2.476830038805795198e+01
1.040577124709620938e+00 4.665725643125487321e-02 3.159132580039685934e+01 5.940040325218125528e-01 3.332434122937713572e-01 2.476830038805795198e+01
1.033791183216331122e+00 5.252624855957296196e-02 4.135396196298519556e+01 5.831733547627088177e-01 3.075540721658703291e-01 2.324688964132231561e+01
1.027187197900295113e+00 4.638403050483383416e-02 3.684777535838616558e+01 5.574402027148702699e-01 3.424029704425047838e-01 2.478634353055414152e+01
1.027187197900295113e+00 4.638403050483383416e-02 3.684777535838616558e+01 5.574402027148702699e-01 3.424029704425047838e-01 2.478634353055414152e+01
1.055828817952565224e+00 4.539539679758841650e-02 3.739100944241789648e+01 5.834641954291019950e-01 3.465069977634853693e-01 2.379914393062361100e+01
1.055828817952565224e+00 4.539539679758841650e-02 3.739100944241789648e+01 5.834641954291019950e-01 3.465069977634853693e-01 2.379914393062361100e+01
9.329376761362475623e-01 1.509769288056972691e-01 4.343688844879502398e+01 5.332237142574700606e-01 4.153232956324639513e-01 2.406150780423432067e+01
9.329376761362475623e-01 1.509769288056972691e-01 4.343688844879502398e+01 5.332237142574700606e-01 4.153232956324639513e-01 2.406150780423432067e+01
9.236941215225761281e-01 1.507498203073676935e-01 3.806657949154867993e+01 5.355995917956191121e-01 3.959781402887134760e-01 2.528588748460392210e+01
9.246883660225624357e-01 1.605079481775303907e-01 4.457524127820657611e+01 5.543555341825217031e-01 3.935130922036228496e-01 2.624996592363322989e+01
9.877679620928314641e-01 1.080723811915343946e-01 3.259846617979048489e+01 4.369086937420001426e-01 3.611513863750576148e-01 2.444772694028038273e+01
9.831919373322437483e-01 1.047438007310221991e-01 3.668721104173993552e+01 4.687922118958695594e-01 3.718761374982069157e-01 2.281806965268316034e+01
9.853126243339284107e-01 3.090376804050342513e-02 2.506427415209200049e+01 5.552638449870144211e-01 4.148030874692530956e-01 2.613848500094371019e+01
9.853126243339284107e-01 3.090376804050342513e-02 2.506427415209200049e+01 5.552638449870144211e-01 4.148030874692530956e-01 2.613848500094371019e+01
1.023376340278459251e+00 3.622289206898959141e-02 3.674090470889578341e+01 4.989965311489105160e-01 4.278464081137225428e-01 2.537664012007542169e+01
1.067738989520022441e+00 4.618652713686929173e-02 4.091095949311082336e+01 4.815236355691309145e-01 4.236500622181914033e-01 2.573837017497077539e+01
1.060658509031058738e+00 5.204613612144831647e-02 3.251389183242287828e+01 4.852352017965632092e-01 3.809351172652765682e-01 2.528715801884370151e+01
1.028237658939689103e+00 2.388218465606567822e-02 3.725332822153639256e+01 5.142231654766402649e-01 4.105316027243338661e-01 2.582599187590830070e+01
1.038021127136794508e+00 6.433945997413792472e-02 4.376793201015149748e+01 5.509674272960365382e-01 4.152893370632205206e-01 2.574383224035724638e+01
1.038021127136794508e+00 6.433945997413792472e-02 4.376793201015149748e+01 5.509674272960365382e-01 4.152893370632205206e-01 2.574383224035724638e+01
1.052327721820255357e+00 5.523506659812449371e-02 4.974896045554713453e+01 5.342006857140570997e-01 4.137164940501838473e-01 2.826241654670347714e+01
9.860276555951340560e-01 2.729498648879156650e-02 4.226751857218106068e+01 4.354453033276438068e-01 4.266786603823363166e-01 3.092269689690212786e+01
9.766364299825740503e-01 6.380089039270925300e-02 4.017874896809671270e+01 4.594645971276762886e-01 4.199580612092125853e-01 2.895588694236956684e+01
9.318942147909423657e-01 1.202071591514388971e-01 4.164897050408600165e+01 5.041032866192810546e-01 3.864884458695386771e-01 2.422047270036481237e+01
9.796274206387614036e-01 1.239552407408782420e-01 2.502518100722637584e+01 4.609498406900006118e-01 4.082657870781947196e-01 2.916334079173197935e+01
9.381384133930601443e-01 7.537814167113350561e-02 4.146228527508479544e+01 5.085440760509440938e-01 3.345472837318766435e-01 2.996847424983408814e+01
9.421198864836048958e-01 1.205518384626125816e-01 3.882744820571606681e+01 5.391291804017586120e-01 3.684892237362629164e-01 3.016880553858140246e+01
9.421198864836048958e-01 1.205518384626125816e-01 3.882744820571606681e+01 5.391291804017586120e-01 3.684892237362629164e-01 3.016880553858140246e+01
9.374260990095069079e-01 1.030718172957777318e-01 3.980385619788155793e+01 5.606278190933827732e-01 3.744710524714502942e-01 3.223681187122556224e+01
9.374260990095069079e-01 1.030718172957777318e-01 3.980385619788155793e+01 5.606278190933827732e-01 3.744710524714502942e-01 3.223681187122556224e+01
1.035526424241731691e+00 1.000099601550558104e-01 3.071415612022287078e+01 6.013478862439396444e-01 3.413678553607498722e-01 2.918503347423859395e+01
9.643558843205698450e-01 1.300959370929908876e-01 3.410114448870862702e+01 5.920995272242757235e-01 3.046986028074444852e-01 3.226099261624517567e+01
9.643558843205698450e-01 1.300959370929908876e-01 3.410114448870862702e+01 5.920995272242757235e-01 3.046986028074444852e-01 3.226099261624517567e+01
1.022430876292219404e+00 1.461454921298691589e-01 3.797002378907693299e+01 5.689764916877226852e-01 3.469205532017904381e-01 3.157795940919877253e+01
9.948122412307441875e-01 1.429293940205863256e-01 3.233000946447000956e+01 5.785675876331124456e-01 3.260217036693209280e-01 3.116735909428297546e+01
1.012995533960276751e+00 1.368834426593317499e-01 3.782654589473353468e+01 5.747161380604252079e-01 3.213616483765820986e-01 3.090061059272495214e+01
1.012995533960276751e+00 1.368834426593317499e-01 3.782654589473353468e+01 5.747161380604252079e-01 3.213616483765820986e-01 3.090061059272495214e+01
1.036278757505150416e+00 1.740684946923552745e-01 3.455146760081479584e+01 5.776209445087436833e-01 3.205150187836294795e-01 3.029733871322601146e+01
1.017915036365015569e+00 1.795990685165898271e-01 3.186472041028052615e+01 5.694116981496409879e-01 3.058801874151297340e-01 3.061134281817047409e+01
9.642615693266829435e-01 1.092504464327440084e-02 3.826775238953212721e+01 5.983568630518644182e-01 4.331891503071493288e-01 2.494577750083966805e+01
9.731649291385691125e-01 4.632095222791501182e-02 3.470918285095979883e+01 6.324787478663076445e-01 4.431681071555323426e-01 2.461766593336786002e+01
9.163091928715296763e-01 6.150120598790066034e-02 3.798019577249488776e+01 6.038306712724443859e-01 4.332509707755111683e-01 2.477457583116090589e+01
9.639823577890113127e-01 5.566201847176488471e-02 4.199057611581243066e+01 5.807380306696559025e-01 4.576481515365783403e-01 2.830129311149813631e+01
9.639823577890113127e-01 5.566201847176488471e-02 4.199057611581243066e+01 5.807380306696559025e-01 4.576481515365783403e-01 2.830129311149813631e+01
9.740080740185074193e-01 1.683304604050633591e-01 2.886145791095228219e+01 5.695791389431480445e-01 3.681943969796648286e-01 2.652653974624264421e+01
9.261323072227186648e-01 1.297974278067659248e-01 3.667637012439583089e+01 5.770473386862003951e-01 3.380875534945887440e-01 2.680922832030241665e+01
9.202971891286055861e-01 1.347387730230956704e-01 3.498749447778727983e+01 5.705296615192494425e-01 3.576491670364631004e-01 2.774945160284487500e+01
9.311061098045756435e-01 1.918881426175087501e-01 3.682883976431283202e+01 6.016662426477851211e-01 3.070691170728938602e-01 2.839312508603105911e+01
9.581981794855931600e-01 1.167078839683594604e-01 3.355728278539031351e+01 5.744247423807674613e-01 3.574041434401627471e-01 2.912227143340607327e+01
9.803177923742860678e-01 1.711061619875191842e-01 3.375545435323927990e+01 6.147779622049146520e-01 3.626150016436995305e-01 2.566682226135137057e+01
9.803177923742860678e-01 1.711061619875191842e-01 3.375545435323927990e+01 6.147779622049146520e-01 3.626150016436995305e-01 2.566682226135137057e+01
9.068336994631610581e-01 1.676889269756933476e-01 4.143413740884046348e+01 5.715252780101176544e-01 3.247998361746841089e-01 2.628206969365081846e+01
9.068336994631610581e-01 1.676889269756933476e-01 4.143413740884046348e+01 5.715252780101176544e-01 3.247998361746841089e-01 2.628206969365081846e+01
9.500191208941113352e-01 1.673715618690937712e-01 4.019055982145022199e+01 5.710782962584916023e-01 3.474337630554891754e-01 2.565649821859679491e+01
9.727360565304360440e-01 1.526516975237507123e-01 3.581838392716264963e+01 5.644071970220699841e-01 3.197432214390965033e-01 2.615653124853152178e+01
9.727360565304360440e-01 1.526516975237507123e-01 3.581838392716264963e+01 5.644071970220699841e-01 3.197432214390965033e-01 2.615653124853152178e+01
9.485981455447639599e-01 1.948581794187363714e-01 2.992726477156254461e+01 5.825840023627171238e-01 3.236167020592807808e-01 2.749006824789152503e+01
9.026890861150800305e-01 1.787197153115765713e-01 4.964127787385245227e+01 4.945581949855785142e-01 3.381583185239805389e-01 2.715176719695428176e+01
9.026890861150800305e-01 1.787197153115765713e-01 4.964127787385245227e+01 4.945581949855785142e-01 3.381583185239805389e-01 2.715176719695428176e+01
9.003062813822815258e-01 1.530881809875350164e-01 4.883912741816828174e+01 5.164962068530681849e-01 3.778370678085025691e-01 2.494292579044956781e+01
9.357540701830920904e-01 1.729664820492322341e-01 3.784502014404199599e+01 5.323043163687773971e-01 3.497554336503159167e-01 2.754151602930279097e+01
9.357540701830920904e-01 1.729664820492322341e-01 3.784502014404199599e+01 5.323043163687773971e-01 3.497554336503159167e-01 2.754151602930279097e+01
8.782377353375190321e-01 1.066164039165136690e-01 4.638595589764094029e+01 5.177598971428637453e-01 4.274377164087239667e-01 2.858849757020387372e+01
9.305090035624843381e-01 1.682381205707237926e-01 4.086984664911156528e+01 5.928705848072536311e-01 4.185041511540166237e-01 2.262443158005527266e+01
9.305090035624843381e-01 1.682381205707237926e-01 4.086984664911156528e+01 5.928705848072536311e-01 4.185041511540166237e-01 2.262443158005527266e+01
9.453112390581650537e-01 1.278079797712958765e-01 3.976432790995574607e+01 6.014575387590070932e-01 4.189167646661437483e-01 2.340358926183820643e+01
9.453112390581650537e-01 1.278079797712958765e-01 3.976432790995574607e+01 6.014575387590070932e-01 4.189167646661437483e-01 2.340358926183820643e+01
9.390459268347250976e-01 1.493035387720453855e-01 4.840579768324124643e+01 6.026162662759558808e-01 3.409083618310900787e-01 2.115247155964510739e+01
8.543724846891377345e-01 1.560451688524904235e-01 4.229796875546936974e+01 5.623290567642369453e-01 4.099242610476777626e-01 2.706121821306564001e+01
8.944396593512967675e-01 1.850019918215586312e-01 4.505409123033502539e+01 4.967098204639573966e-01 4.055494456836093442e-01 2.610251000223785667e+01
9.265284582741664110e-01 1.700934333489348138e-01 3.610579346051255811e+01 5.490970845831407710e-01 4.323905826593006374e-01 2.300090180755406877e+01
9.507223186388680247e-01 7.756314589714231877e-02 4.936122204973371907e+01 5.021522869924469612e-01 4.829744663055185461e-01 2.474805955985181427e+01
9.962841207149715217e-01 7.651155273856628802e-02 4.398829852879359237e+01 4.854433188609676986e-01 4.774868756519582980e-01 2.544227472190129902e+01
9.509081458851504909e-01 6.190427294572344724e-02 4.163026958822199930e+01 4.601103159538660892e-01 4.828172241627166072e-01 2.609608202530162657e+01
9.502653534219280829e-01 1.680598736044933705e-01 4.290093721363818702e+01 4.433793371744044198e-01 3.383678125877081500e-01 2.751039646582191622e+01
9.944555378653303634e-01 1.821593416225859574e-01 4.133614165185187517e+01 4.343603897171035011e-01 3.307754712745644698e-01 2.726441872112785347e+01
9.524535566037957146e-01 1.223041751080430339e-01 4.077324401913143248e+01 4.819853296689271538e-01 4.355056113627707726e-01 2.624412739978017939e+01
1.070176259534507457e+00 5.700152693482935656e-02 4.213810553203722975e+01 5.221045632302268036e-01 3.456566988184857636e-01 2.349622161717529778e+01
1.066357755479266256e+00 7.788964062416253720e-02 5.042722754974673904e+01 5.247338714232575585e-01 3.286907020484564068e-01 2.505020475633640586e+01
1.003681882725902863e+00 3.023571133900468735e-02 4.565416111103912300e+01 5.454958909648196519e-01 3.410627094684439697e-01 2.587705773213159688e+01
1.003681882725902863e+00 3.023571133900468735e-02 4.565416111103912300e+01 5.454958909648196519e-01 3.410627094684439697e-01 2.587705773213159688e+01
1.036486535184033331e+00 4.415939505857872233e-02 4.611877889396811980e+01 5.195181856965158662e-01 3.609089357266055398e-01 2.623660436473449664e+01
1.032590238506714719e+00 5.197808299995064496e-02 5.200000000000000000e+01 5.330325021916924033e-01 3.345936982961497108e-01 2.605722589098455799e+01
9.730685012895025077e-01 1.022401181499170419e-01 2.700365115216438028e+01 5.437255158794437326e-01 4.053058655952770373e-01 2.684086305891792890e+01
1.062687940529186692e+00 1.648423822054621013e-01 2.531233162275863791e+01 5.510859323615869831e-01 2.636399968968136109e-01 2.833598969243367094e+01
1.022487982981543198e+00 1.544725249570636505e-01 3.576436729564029804e+01 5.320764811400474636e-01 2.939296437783361360e-01 2.343014321769014074e+01
9.722480108322488768e-01 1.410218497120453718e-01 3.049055819737533923e+01 5.864605494802203056e-01 2.995542793663247827e-01 2.379096795541476439e+01
1.121298638611389453e+00 9.544583864313678501e-02 3.274375609951877664e+01 5.076902841612017658e-01 3.247820443875075735e-01 2.409989861966218427e+01
1.005433973679408677e+00 1.064861085636933935e-01 2.943804295448740049e+01 4.743256530757375966e-01 3.388843773899634093e-01 2.546304675318848254e+01
1.023115478988692262e+00 7.888091217532103294e-02 5.184626867256649518e+01 4.147744144441213310e-01 4.020118440575498608e-01 2.896109788158148746e+01
1.008842991736816463e+00 8.174321401366105300e-02 5.200000000000000000e+01 4.505001612734421124e-01 4.043227159741664689e-01 3.017422552413012227e+01
9.391166655891100001e-01 1.364314113447694099e-01 5.200000000000000000e+01 4.700352408392011738e-01 4.469544333258125279e-01 2.977175750211596750e+01
9.651785640364949348e-01 1.297250687728855878e-01 4.842566956753535834e+01 4.639972571444138660e-01 4.293303679138723017e-01 2.899878946545501179e+01
9.680416046117593654e-01 6.332502520816379876e-02 4.537358642346566029e+01 4.837354022950770549e-01 4.350610627336444769e-01 2.701028905007011005e+01
1.129125834255258365e+00 7.213524774498063230e-02 2.674590303879438480e+01 5.207759386846462224e-01 3.790669125650792948e-01 2.646991466500436019e+01
1.096891108957925631e+00 1.278355699059831319e-01 3.888419269024878844e+01 6.095084089743189049e-01 3.683766547743390629e-01 2.205997017714781805e+01
1.096891108957925631e+00 1.278355699059831319e-01 3.888419269024878844e+01 6.095084089743189049e-01 3.683766547743390629e-01 2.205997017714781805e+01
1.115169163890929127e+00 5.593474743368089669e-02 4.338579386673781357e+01 5.950664099157317866e-01 3.238838085208612383e-01 2.006841539726947943e+01
1.133887996802195763e+00 8.392634012504074370e-02 2.789786859500983240e+01 6.249743622494285944e-01 2.649815673621291889e-01 2.624927691713002886e+01
1.133887996802195763e+00 8.392634012504074370e-02 2.789786859500983240e+01 6.249743622494285944e-01 2.649815673621291889e-01 2.624927691713002886e+01
1.201901706546649962e+00 3.914683259182490105e-02 2.574478000069061068e+01 6.401940000949181142e-01 2.684079856989001200e-01 2.789662564057427119e+01
1.207578279179921443e+00 4.017933097732363096e-02 2.692086326428114162e+01 6.456204297685439464e-01 2.186410657529871404e-01 2.706629458910657604e+01
1.207578279179921443e+00 4.017933097732363096e-02 2.692086326428114162e+01 6.456204297685439464e-01 2.186410657529871404e-01 2.706629458910657604e+01
1.073371462728859971e+00 1.090833230909043772e-01 4.005747246203604561e+01 5.059745798444370557e-01 2.921094798047687013e-01 3.045937981105219805e+01
1.131787338627706641e+00 1.236520572244272642e-01 3.426644565208727045e+01 6.201840603940163010e-01 3.410563749331072536e-01 2.917890197177069211e+01
1.131787338627706641e+00 1.236520572244272642e-01 3.426644565208727045e+01 6.201840603940163010e-01 3.410563749331072536e-01 2.917890197177069211e+01
1.114278763836140440e+00 1.645627997462527081e-01 5.200000000000000000e+01 5.937347957084428973e-01 2.704025684725394063e-01 2.986755671941855184e+01
1.114278763836140440e+00 1.645627997462527081e-01 5.200000000000000000e+01 5.937347957084428973e-01 2.704025684725394063e-01 2.986755671941855184e+01
1.135840778029316711e+00 1.669797415761523629e-01 5.200000000000000000e+01 6.145577279936572657e-01 2.777726720846326325e-01 3.258419813450979063e+01
1.135840778029316711e+00 1.669797415761523629e-01 5.200000000000000000e+01 6.145577279936572657e-01 2.777726720846326325e-01 3.258419813450979063e+01
1.087349594383811624e+00 1.484975761286759510e-01 4.870725980076798578e+01 5.689738034629218122e-01 2.747751944000196289e-01 3.251109615910969097e+01
1.124715126430866796e+00 1.420062778697173400e-01 4.877758486704065888e+01 5.729098027232627510e-01 2.954047629212935844e-01 3.167342314745517484e+01
1.089251117829270976e+00 9.903741275077095063e-02 5.200000000000000000e+01 5.674183515805920619e-01 3.238712153324214693e-01 3.027888468614735018e+01
1.118304079470422208e+00 8.161458174780500396e-02 4.953559814286596463e+01 5.792146369099947512e-01 3.224306137101500269e-01 3.206753409362875118e+01
1.053847203006485378e+00 9.069184288200450583e-02 2.892133579497135187e+01 5.489174995242745991e-01 3.933055199144052660e-01 2.798751850485904313e+01
1.072936495951798630e+00 2.538972272429904781e-02 2.019441000263969244e+01 4.632782930992758175e-01 3.814274679431122750e-01 2.604208534876990555e+01
9.843294858599876962e-01 1.083210965469489084e-01 4.733345646272215390e+01 4.799919717423252741e-01 3.824002172841752811e-01 2.702280311260759760e+01
1.052897640274330193e+00 1.236546433705739689e-01 4.363166408013098163e+01 5.366870520751869655e-01 2.261061458210036901e-01 2.276045989972073968e+01
1.057655171491896695e+00 1.335991030996845630e-01 3.913390539811049251e+01 5.220647810402107014e-01 2.799792141161890902e-01 2.238518863203891840e+01
1.070093946937905827e+00 7.420910625599401456e-02 4.012433630809558593e+01 5.975689388624882969e-01 3.019893311540366443e-01 2.244458643726489555e+01
1.050802797577772507e+00 6.430035668874151122e-02 4.502721110429827434e+01 5.609241659048697093e-01 2.947929141436590461e-01 2.414298553957816296e+01
1.136140704935828083e+00 8.152706695309258622e-02 2.205881642664016340e+01 4.597536749466399342e-01 3.131450755817429266e-01 2.064360762419490314e+01
1.073941216361046003e+00 2.058322141374756276e-02 3.279323036286244530e+01 5.951787836345607818e-01 3.550104801485550188e-01 2.792444715575787129e+01
1.063993822723548588e+00 4.642562578205679247e-02 4.145896202638292039e+01 6.106133912264503083e-01 3.662681961479551385e-01 2.841740009676385625e+01
1.036172687921680380e+00 4.250893651495209202e-02 3.781974923469579863e+01 6.165965559650554706e-01 3.679510034049403022e-01 2.788633459508884016e+01
1.079815279933283190e+00 4.719605339063487337e-02 4.297114167061050694e+01 5.371001542361844017e-01 3.261308467650680942e-01 2.958660186366029521e+01
1.079815279933283190e+00 4.719605339063487337e-02 4.297114167061050694e+01 5.371001542361844017e-01 3.261308467650680942e-01 2.958660186366029521e+01
1.121033423282216557e+00 5.510699207044130604e-02 3.668135858573631936e+01 4.973875560651865868e-01 3.140729061957772128e-01 3.139426840876710756e+01
1.096615146280142339e+00 4.133856609012694777e-02 3.902619934903828636e+01 5.102534877583351225e-01 3.256280471766328510e-01 2.832635296569959493e+01
1.108697179761971574e+00 3.811131502443874941e-02 3.665915055932272537e+01 5.315729050221911223e-01 2.867414700918925474e-01 3.330895349614317524e+01
1.061504215700467935e+00 4.749100513140508406e-02 3.960912608037067173e+01 5.182517980368587240e-01 3.266392522633635442e-01 3.064434271643547092e+01
1.144215460450661581e+00 2.704589313069633363e-02 2.600296290165740132e+01 5.109790660932497230e-01 3.675534727709834359e-01 2.473681130854627241e+01
1.098716968059131549e+00 1.044055753031346845e-01 3.542545160036834773e+01 6.146362798182728460e-01 3.237529270555147276e-01 2.959833271993941040e+01
1.084178136918223956e+00 8.208411913442910379e-02 2.402808669096016558e+01 5.066459187339620307e-01 3.192088782373287970e-01 2.781895816009082623e+01
1.076368266653019434e+00 5.640604026860028541e-02 2.562842585111244986e+01 5.459747264121553867e-01 3.682942645369494117e-01 2.463583524263030711e+01
1.111567927424101043e+00 5.488644423646305698e-02 3.704773653272125244e+01 5.476655798788524487e-01 4.102432840973151418e-01 2.445734245205104784e+01
1.165391388314712007e+00 3.791633278151700787e-02 3.702982585306428831e+01 6.398609613577380673e-01 3.368473647832911921e-01 2.224294145984286786e+01
1.152156408920378405e+00 3.793076831834631818e-02 3.208855258433267466e+01 6.451054179675439482e-01 3.562877912636568389e-01 2.413497236316113259e+01
1.174832360762210426e+00 5.672482119552699903e-02 2.957160477341466631e+01 6.342203611634464888e-01 3.443957223718749350e-01 2.207764598353826813e+01
1.118184817001959264e+00 6.085368274876128136e-02 2.533499569068620616e+01 6.248814227644375885e-01 3.906836028359332857e-01 2.542998632187232388e+01
1.133069013049671669e+00 2.609015650224151897e-02 1.731172037500795469e+01 5.114886681957675485e-01 3.482268490449031972e-01 3.011867138903007302e+01
1.157044265441668385e+00 6.940990038652830596e-02 2.134502850442779831e+01 5.388789420440309730e-01 3.572112372254759860e-01 2.994159257642058591e+01
1.201842051229597530e+00 7.019775475553975685e-02 2.212955846613084177e+01 5.996921431464471430e-01 3.639201678976765608e-01 2.755168315674896462e+01
1.177694752083322305e+00 7.290043962742429051e-02 2.776037229676886753e+01 6.275394885516079047e-01 3.872920605152223028e-01 2.804361513049412480e+01
1.148224254772924668e+00 1.152638879931158628e-01 3.126610016130166514e+01 6.138098606741927421e-01 3.907758344388199134e-01 3.032117513617119187e+01
1.148224254772924668e+00 1.152638879931158628e-01 3.126610016130166514e+01 6.138098606741927421e-01 3.907758344388199134e-01 3.032117513617119187e+01
1.174840309809346506e+00 1.042312554575300088e-01 2.277973954999535167e+01 4.873990651191608681e-01 3.453705764581340709e-01 2.869731334305981107e+01
1.115278399221852679e+00 6.578537197407403544e-03 3.289288972384208876e+01 5.265854463764896298e-01 3.792651062208650115e-01 2.376843314204899116e+01
1.095791495891346168e+00 2.046970808192234703e-02 3.319610149073066907e+01 5.482868556387594516e-01 4.108768332752759656e-01 2.917795708402391952e+01
1.144377048134765262e+00 1.309482227012992439e-01 7.127337450396170837e+00 4.254495598748041507e-01 4.095942793840579021e-01 1.939251387347928812e+01
1.142555684753294720e+00 1.296756814524440138e-01 3.601968791382889279e+00 5.799093557984402736e-01 2.680120125568548617e-01 2.781971760231933644e+01
1.096327667401892025e+00 7.570030389038411023e-02 2.274777688015258370e+00 6.013811200525194245e-01 2.704657843876237533e-01 2.644787927032295016e+01
1.174275695822931675e+00 9.210096832548582413e-02 0.000000000000000000e+00 6.328941170744170064e-01 2.608330912172531768e-01 2.782675790504836755e+01
1.169211285610419759e+00 8.205733032995493614e-02 2.801635780876490145e+01 4.960983467389719070e-01 2.594262658012709832e-01 3.125247417563582530e+01
1.179324144807017971e+00 7.736396818034622924e-02 5.668877876909668601e+00 5.569070382362925065e-01 3.313722628198658149e-01 3.764130409517485987e+01
1.251434733718819858e+00 1.162531162327488654e-01 1.663153771473076503e+01 4.477215331499504458e-01 3.232936318725563307e-01 3.213026398856580812e+01
1.055137988811169381e+00 5.792125926565427907e-02 9.172315067508151287e+00 4.471669619385806871e-01 4.907541953318264039e-01 2.294785915596757775e+01
1.160493802716208389e+00 3.634177237047102327e-02 1.274206215717623536e+01 5.030271514470073813e-01 3.796551953040364080e-01 2.652035913253642718e+01
1.089067558533722835e+00 4.176941285772770018e-04 4.595043255275284011e-01 4.710677456169501953e-01 4.244268652993146151e-01 2.759137578269703539e+01
1.094914723984022231e+00 6.118695510859936681e-02 7.360017197335220196e+00 4.855522422283741757e-01 4.202127497433332803e-01 2.424645308852557335e+01
1.078808615760721956e+00 5.448097208307890044e-02 1.353192470735685227e+01 4.763485311717788329e-01 3.950024908102259813e-01 2.196253001069477406e+01
1.084599946215312416e+00 7.112828355632336286e-02 3.085381281775774909e+01 4.773224707675577938e-01 4.289977819081475796e-01 2.580533899426458078e+01
1.082152996135796741e+00 1.062115807244171095e-01 7.576806551897768749e+00 3.965539622711745094e-01 5.285575654836012216e-01 2.504469544857638041e+01
1.082154859267928204e+00 7.089576409375736299e-02 3.667254839660301968e+01 4.813113681011110812e-01 3.344330119124313550e-01 2.284562016635042880e+01
1.274001675527010491e+00 3.406537090178269889e-01 6.124652442501936633e+00 4.266181946717514384e-01 5.063125081288103457e-01 3.088083336286110736e+01
1.088232794139021298e+00 1.643426810966494844e-01 3.391830319127667792e+01 5.409560565741127203e-01 3.587704068657315837e-01 3.004973664670777467e+01
1.167572998710205923e+00 7.450171010352678314e-02 3.748436292338209341e+01 6.311162508972206764e-01 4.294100241980284283e-01 2.468625302981113379e+01
1.135790416040566742e+00 8.890704484373755656e-02 2.986610182527411439e+01 6.439631591294637802e-01 4.387942625874207137e-01 2.451522491551778771e+01
1.059291241037855436e+00 1.694455787807089830e-01 2.761496418902882866e+01 5.481931561390375185e-01 3.147134865210476362e-01 2.370616599582684714e+01
1.001866109036076757e+00 6.560632288825525571e-02 4.334311002537864255e+01 4.965418053099479589e-01 3.832952542473507251e-01 1.952626479602119858e+01
1.111760629637412068e+00 0.000000000000000000e+00 2.059816114511291119e+01 4.499732943059858159e-01 5.001866515558712756e-01 2.205026973656084621e+01
1.040162574606104506e+00 6.326347528494047356e-02 5.021624517744292149e+01 3.862392654853654128e-01 3.266125937952896185e-01 2.166589166257385912e+01
1.036341948513549882e+00 2.839918168684821276e-02 3.670071154291778726e+01 4.333494741632452629e-01 3.977733836905386067e-01 3.611696064081411350e+01
1.098002511480149490e+00 1.222578993209208348e-01 3.476614692613477331e+01 3.877921800967016330e-01 4.617836013693699670e-01 3.235357713760799925e+01
1.023636385986062436e+00 8.858822790008227810e-02 3.815564265827789114e+01 4.694478074681934232e-01 4.028272227218305246e-01 3.637320687296704591e+01
1.240778368880491422e+00 1.559587227364149786e-01 1.505126288095480547e+01 4.881940692177263452e-01 4.583081209927106769e-01 3.279156092789258992e+01
1.046820760288702745e+00 1.277426878762933093e-01 3.700540261699957512e+01 3.907302808455705434e-01 3.237515984855940387e-01 3.189250787271102539e+01
1.145778240402749670e+00 7.158523580358547300e-02 2.315121917512560756e+01 4.677990918012626120e-01 2.213122650050823870e-01 3.044810173320422209e+01
1.174241065664950234e+00 3.320896313469343109e-02 3.546914878770975577e+01 5.556345043359656177e-01 3.738053033877953291e-01 3.126270549888350914e+01
1.174241065664950234e+00 3.320896313469343109e-02 3.546914878770975577e+01 5.556345043359656177e-01 3.738053033877953291e-01 3.126270549888350914e+01
1.174702622699961951e+00 2.722911981886119714e-02 2.292348104308277357e+01 5.409299778898076783e-01 4.217983214824418958e-01 3.171496996923633915e+01
1.178181334547578674e+00 4.336570211512479761e-02 3.514194773277020545e+01 5.565982143202911070e-01 4.120376225530578695e-01 3.249298263185983160e+01
1.162680854056295843e+00 2.968956134795520257e-02 2.601547367976499814e+01 5.551243239989117617e-01 3.981568217956906741e-01 3.096603190812876605e+01
1.203733789596336035e+00 4.433767790585377289e-02 2.527290735160840995e+01 5.969950446413435641e-01 3.254146908962058937e-01 2.641679464261370214e+01
1.144458205435206155e+00 4.904194668431937493e-02 2.307369585334510731e+01 5.573181832921577650e-01 3.224813519641852033e-01 2.593630500233766512e+01
1.192030264872320666e+00 2.004755843347504410e-02 1.291300044290473714e+01 5.675523691381288982e-01 3.545760551352259426e-01 2.917751282892480091e+01
1.217549722520620881e+00 8.519718396919183367e-02 2.394442289352774722e+01 5.759174146929447735e-01 3.513717160907076087e-01 2.895149395939794346e+01
1.112293562329609298e+00 7.312647295175478401e-02 3.411616879937830760e+01 5.877301895271994647e-01 2.326551489442515441e-01 2.705699294967848445e+01
1.100327787684571179e+00 1.024184930910900376e-01 2.981984508392156386e+01 5.480365985295472253e-01 2.587364341525819622e-01 2.526887940393753595e+01
1.081273102747179804e+00 7.863008150299553856e-02 4.259135642646958786e+01 5.642796149898068325e-01 2.371194813790532263e-01 2.650521027609661928e+01
1.079622493671325012e+00 1.184565383151873486e-01 4.169126379111861525e+01 5.212972746773609778e-01 2.368664184480499257e-01 2.893613701484113676e+01
1.109103071118404227e+00 1.257878342885931922e-01 4.481683975052447977e+01 5.339711136945294312e-01 1.794258370332889874e-01 2.584555984192205003e+01
1.062902681663880466e+00 1.048446810029160930e-01 4.903380568841994602e+01 5.885131623368390352e-01 2.271275121077322434e-01 2.366789795961732068e+01
1.097806808928951883e+00 5.416650139846061751e-02 3.877119255042905621e+01 6.226992867003748877e-01 2.869877491588136431e-01 2.491236312353075633e+01
1.162558717877951509e+00 2.856673489794494397e-02 3.237059667610598979e+01 6.436204764720537819e-01 3.022966786871990053e-01 2.543285847295700819e+01
1.162558717877951509e+00 2.856673489794494397e-02 3.237059667610598979e+01 6.436204764720537819e-01 3.022966786871990053e-01 2.543285847295700819e+01
1.175649231893496793e+00 5.206331845780137746e-02 4.927108860326298156e+01 6.418184017177140932e-01 3.003234371456683927e-01 2.448106916479691719e+01
1.175649231893496793e+00 5.206331845780137746e-02 4.927108860326298156e+01 6.418184017177140932e-01 3.003234371456683927e-01 2.448106916479691719e+01
1.144877383796835568e+00 5.320180902150419000e-02 4.678736773968589802e+01 6.529991641331203134e-01 2.942289606628764043e-01 2.546341324855978883e+01
1.144877383796835568e+00 5.320180902150419000e-02 4.678736773968589802e+01 6.529991641331203134e-01 2.942289606628764043e-01 2.546341324855978883e+01
1.134795819328690003e+00 7.062471612257249787e-02 4.343221200373351820e+01 6.671823606677211860e-01 2.776353543305291049e-01 2.434531237730694642e+01
1.134795819328690003e+00 7.062471612257249787e-02 4.343221200373351820e+01 6.671823606677211860e-01 2.776353543305291049e-01 2.434531237730694642e+01
1.135291696524487026e+00 7.521541289317454360e-02 3.890051203340298969e+01 6.379985378832464527e-01 3.059189825860635370e-01 2.536821300460160344e+01
1.135291696524487026e+00 7.521541289317454360e-02 3.890051203340298969e+01 6.379985378832464527e-01 3.059189825860635370e-01 2.536821300460160344e+01
1.043230063895346893e+00 9.488029335020305155e-02 4.193715726371733155e+01 6.047586495803422002e-01 2.709908616694016725e-01 2.433089644323041156e+01
1.083264500655078288e+00 1.033906316405994452e-01 3.207409363964754334e+01 6.401899121842594687e-01 2.767130430902853822e-01 2.438700985684245026e+01
1.015602068672687430e+00 6.165450384915257404e-02 3.987740651599192887e+01 6.532425356843796216e-01 2.869375593360984356e-01 2.539405792520237171e+01
1.054144688591561518e+00 6.282005852345654007e-02 4.568010051784491310e+01 6.823288162631141462e-01 2.770631506455221715e-01 2.700500701153610450e+01
1.042282732331033523e+00 9.510793219020213796e-02 3.277997330662408615e+01 6.630748128445822509e-01 2.942867093500921016e-01 2.610922017491328972e+01
1.139034035965604819e+00 1.305726415870465673e-01 2.780156873482551916e+01 4.996292221879350404e-01 2.356367488480153316e-01 3.133378316760904170e+01
1.104363758561916598e+00 1.810265908693984779e-02 4.412175154172547309e+01 5.376973260143980138e-01 3.166574205809277731e-01 2.711863902994232589e+01
1.059082126380765265e+00 1.218369434598230994e-01 5.028711330636407695e+01 5.471312948625842720e-01 2.783524080679469770e-01 2.706968986027321122e+01
1.102380930242354840e+00 1.105672900344080445e-01 3.949042575134557609e+01 5.092039938598612592e-01 3.099360840655223659e-01 2.715170700994454478e+01
1.132806887747390912e+00 3.206478834878803696e-02 2.732579763505567882e+01 4.689079929799372382e-01 4.787088958263606697e-01 3.024141621805759428e+01
1.142408766979315260e+00 6.111028252890518542e-02 2.996960552925243704e+01 5.775074758609981540e-01 4.250241401022902821e-01 3.247269155849036792e+01
1.142408766979315260e+00 6.111028252890518542e-02 2.996960552925243704e+01 5.775074758609981540e-01 4.250241401022902821e-01 3.247269155849036792e+01
1.162535861866657916e+00 5.196603898048422071e-02 2.357034621257561469e+01 6.005213946273829650e-01 4.634315571359258756e-01 3.067404710990995653e+01
1.162535861866657916e+00 5.196603898048422071e-02 2.357034621257561469e+01 6.005213946273829650e-01 4.634315571359258756e-01 3.067404710990995653e+01
1.146405414319785265e+00 6.442191964777026214e-02 2.975387594410629433e+01 5.572264445071865024e-01 4.376980486719475039e-01 3.165839008873750515e+01
1.134116340124176281e+00 6.594158507214605003e-02 2.820799797985334223e+01 5.870848684379134097e-01 4.130709699244883293e-01 3.101430755326426336e+01
1.134116340124176281e+00 6.594158507214605003e-02 2.820799797985334223e+01 5.870848684379134097e-01 4.130709699244883293e-01 3.101430755326426336e+01
1.095518299523449812e+00 4.390981226577123087e-02 4.233049459766866107e+01 5.813987528068728095e-01 4.282892172493229510e-01 3.336426703242167946e+01
1.085788145772764057e+00 4.500005987567941290e-02 5.111393109843797333e+01 5.766930952955170442e-01 4.336432464141644072e-01 3.397156241738685623e+01
1.064537061679853958e+00 8.203147745675226643e-02 4.114981108065214954e+01 5.781132802145581007e-01 4.464835079472407320e-01 3.216663042583245868e+01
1.065409310457055447e+00 7.561319469989559450e-02 4.684736083854730992e+01 5.875570871370699999e-01 4.585930863369962474e-01 3.295537470267629487e+01
1.065409310457055447e+00 7.561319469989559450e-02 4.684736083854730992e+01 5.875570871370699999e-01 4.585930863369962474e-01 3.295537470267629487e+01
1.070183109406944277e+00 4.356700382627753942e-02 4.055044367232011382e+01 5.811035466003351413e-01 4.121439658600405398e-01 3.182479561512948152e+01
1.070183109406944277e+00 4.356700382627753942e-02 4.055044367232011382e+01 5.811035466003351413e-01 4.121439658600405398e-01 3.182479561512948152e+01
1.111406487759874162e+00 9.698797898770065984e-02 4.183816413751046071e+01 5.908283259750788385e-01 4.103916313616314260e-01 3.141626087034586234e+01
1.056001610540622027e+00 3.136784940194348864e-02 3.419174676076204378e+01 5.432057256978458648e-01 4.154615997481235778e-01 2.791775605527011095e+01
1.037223785789120889e+00 2.522688214570418738e-02 3.030555583277811849e+01 4.962769736017222377e-01 4.033202352509401845e-01 2.822422608434930424e+01
1.138087551135815723e+00 1.118024848499779567e-01 3.226250663707853406e+00 5.278557227335868296e-01 3.734114420407922408e-01 2.557949493124338858e+01
1.151658610990594855e+00 7.864181656189732361e-02 4.265577840475820892e+00 5.141226745310236712e-01 3.860079512477495589e-01 2.894222788717449291e+01
1.173271047868981842e+00 1.334122821252036739e-01 5.339162446265112827e+00 5.143742293743097660e-01 3.260036702857118107e-01 2.781728208473767339e+01
1.091386478881544386e+00 9.076734483981220569e-02 1.044185054336053931e+01 5.444815049835716181e-01 3.419220817969434445e-01 2.635618972535062099e+01
1.102760543902888690e+00 1.053140393460560986e-01 2.503837717991428402e+00 5.676933151959946411e-01 3.505025891096733015e-01 2.563019129991824130e+01
1.060050964106425075e+00 1.306156050875330599e-01 0.000000000000000000e+00 5.455261075206456756e-01 3.723767229296282566e-01 2.724484903482060361e+01
1.036529894472162372e+00 1.073151064710630986e-01 1.458925591570769598e+01 4.850994103588602835e-01 3.603653964668308007e-01 2.898633933322365763e+01
1.124828570814531359e+00 1.068075060844264207e-01 7.114376045917121694e+00 5.633841245215254201e-01 3.919949538097816655e-01 2.997825803809310941e+01
1.124828570814531359e+00 1.068075060844264207e-01 7.114376045917121694e+00 5.633841245215254201e-01 3.919949538097816655e-01 2.997825803809310941e+01
1.190297667010806304e+00 5.883907672951635415e-02 1.157694577704130801e+01 4.588822198680101438e-01 3.182956704707507467e-01 2.648356772505356460e+01
1.094448717771888235e+00 6.099376038170573749e-02 2.568348137912285889e+00 5.588732844713505399e-01 4.331990848129190774e-01 2.788157195092168905e+01
1.080248227045665477e+00 5.946973626865123541e-02 4.699463355947123944e+00 5.450850746838065142e-01 3.915426939187180988e-01 2.633341911258665391e+01
1.075393396956794811e+00 6.965854983392143207e-02 6.688544907135449691e+00 5.176372405684016575e-01 4.034914834399089267e-01 2.638783483995830892e+01
1.150690248173550367e+00 0.000000000000000000e+00 2.361454994868303903e+00 6.073666652984122116e-01 4.561742658892916635e-01 2.731308978426782730e+01
1.150690248173550367e+00 0.000000000000000000e+00 2.361454994868303903e+00 6.073666652984122116e-01 4.561742658892916635e-01 2.731308978426782730e+01
1.098854611467664721e+00 4.233956918314188411e-02 9.239158458384476802e+00 5.688269220516928293e-01 3.831849711149839521e-01 2.811701512696935978e+01
1.128361189439371026e+00 2.227378946522129075e-02 9.223160046725194405e+00 5.849351665622555263e-01 4.361197954495596441e-01 2.916017731714815753e+01
1.128361189439371026e+00 2.227378946522129075e-02 9.223160046725194405e+00 5.849351665622555263e-01 4.361197954495596441e-01 2.916017731714815753e+01
1.154383059638087738e+00 0.000000000000000000e+00 9.449847807813133826e+00 5.940579532484396852e-01 4.448339721653059020e-01 3.219821678850082947e+01
1.154383059638087738e+00 0.000000000000000000e+00 9.449847807813133826e+00 5.940579532484396852e-01 4.448339721653059020e-01 3.219821678850082947e+01
1.077610626101405122e+00 8.310026148479796038e-03 1.651357360673054586e+01 5.542446864054446642e-01 4.000812195942812233e-01 2.892226685990688040e+01
1.119241098697328018e+00 1.925910539349975567e-02 8.348183947340663380e+00 5.478409894371312205e-01 4.063556699666695526e-01 2.905014963018547292e+01
1.088289931724738091e+00 3.256414249948943324e-02 1.261270437091565633e+01 5.479608902651922353e-01 4.091565540199006978e-01 2.847854830559005990e+01
1.088289931724738091e+00 3.256414249948943324e-02 1.261270437091565633e+01 5.479608902651922353e-01 4.091565540199006978e-01 2.847854830559005990e+01
1.144415620302991154e+00 0.000000000000000000e+00 6.435991616741723043e+00 5.524908494835586437e-01 3.857138512103352457e-01 2.359235667290953486e+01
1.171421537355319398e+00 1.939191411707041554e-02 3.347117860565611558e+00 5.625759071813424272e-01 4.423223456724993952e-01 2.612480844830582072e+01
1.081916978898178172e+00 1.651453117856488059e-02 3.808194285832370518e+00 5.884934678149975618e-01 4.813625746420611140e-01 2.743415285854060670e+01
1.117757247221823791e+00 2.513941613031868763e-02 0.000000000000000000e+00 6.093309669868676171e-01 4.790150922495536312e-01 2.507307650353580541e+01
1.117757247221823791e+00 2.513941613031868763e-02 0.000000000000000000e+00 6.093309669868676171e-01 4.790150922495536312e-01 2.507307650353580541e+01
1.122656667447267775e+00 3.641369372397627868e-02 1.215056695060847236e+00 5.694157804275510326e-01 4.741063541918980606e-01 2.567605780101792945e+01
1.128832950574768512e+00 3.495128622923576733e-02 7.552401178960456818e+00 5.743921569963104101e-01 4.722044740623908554e-01 2.510522747466344740e+01
1.090327300771781749e+00 2.106082708101689877e-02 1.026347602310399409e+01 5.275585766490398232e-01 3.978669926341079632e-01 2.485795810443669041e+01
1.072681418149797228e+00 4.853897102861563090e-02 2.170288648452957858e+01 5.594398726413201128e-01 4.755847655846193733e-01 2.634799679295706198e+01
1.072817378230090712e+00 7.007379412537409827e-03 1.689373956535014187e+01 5.595441683710120628e-01 4.092597663039881373e-01 2.481452373425813818e+01
1.060051566423794167e+00 0.000000000000000000e+00 1.297145186741507317e+01 5.571627313674089033e-01 4.116324985551046978e-01 2.382632957850930921e+01
1.086030678296555418e+00 0.000000000000000000e+00 2.038437546303035930e+01 5.777457782190612567e-01 4.266689847739543739e-01 2.373316169366334449e+01
1.086030678296555418e+00 0.000000000000000000e+00 2.038437546303035930e+01 5.777457782190612567e-01 4.266689847739543739e-01 2.373316169366334449e+01
1.126575155790235039e+00 6.822251256110611894e-02 7.711826190609862408e+00 6.537170012468372926e-01 4.282606564667056359e-01 2.457725244932735009e+01
1.103830830567388732e+00 6.436384035957957994e-02 5.853338977356386863e+00 6.387890503621223015e-01 4.270116728689665742e-01 2.126849228214023668e+01
1.092994560603458565e+00 3.177379843659804137e-02 0.000000000000000000e+00 5.927979820866327021e-01 3.709572122699722474e-01 2.624944669562513511e+01
1.119660989481157110e+00 4.197778890671769597e-02 3.492533671435814391e+00 6.401454461201695478e-01 4.001120426121385076e-01 2.446360358809200264e+01
1.119660989481157110e+00 4.197778890671769597e-02 3.492533671435814391e+00 6.401454461201695478e-01 4.001120426121385076e-01 2.446360358809200264e+01
1.059575011581769033e+00 3.356925334554710511e-02 0.000000000000000000e+00 6.547173459866203471e-01 4.015081254303328184e-01 2.598489743447505873e+01
1.059575011581769033e+00 3.356925334554710511e-02 0.000000000000000000e+00 6.547173459866203471e-01 4.015081254303328184e-01 2.598489743447505873e+01
1.113005665262737809e+00 7.727912368488110140e-02 0.000000000000000000e+00 6.287908628755247697e-01 3.633574150844788297e-01 2.605313143563292400e+01
1.113005665262737809e+00 7.727912368488110140e-02 0.000000000000000000e+00 6.287908628755247697e-01 3.633574150844788297e-01 2.605313143563292400e+01
1.102074716619293238e+00 6.754501124763730158e-03 0.000000000000000000e+00 6.284263069783926348e-01 3.479351405020355559e-01 2.777250559205887726e+01
1.087159865254610613e+00 4.659289551663781809e-02 2.287015202969640448e+00 6.492872351149033827e-01 3.730166026289311598e-01 2.727316108008548312e+01
1.087159865254610613e+00 4.659289551663781809e-02 2.287015202969640448e+00 6.492872351149033827e-01 3.730166026289311598e-01 2.727316108008548312e+01
1.109952002836202878e+00 4.562330125536057795e-02 0.000000000000000000e+00 6.115691226314962092e-01 4.020012358154368970e-01 2.628761924400221162e+01
1.109952002836202878e+00 4.562330125536057795e-02 0.000000000000000000e+00 6.115691226314962092e-01 4.020012358154368970e-01 2.628761924400221162e+01
1.091958268708750568e+00 1.179449390430504369e-02 0.000000000000000000e+00 6.040272346426647232e-01 4.047007761255904668e-01 2.898241286192556387e+01
1.091314252773090576e+00 1.167847052322161343e-02 1.220181435056204577e+01 6.306046891507322005e-01 3.803998509073718282e-01 2.676690688047050770e+01
1.116698502267343462e+00 2.303155241211193166e-02 0.000000000000000000e+00 5.999581270942623279e-01 4.082872324246807905e-01 2.761910312724918271e+01
1.116698502267343462e+00 2.303155241211193166e-02 0.000000000000000000e+00 5.999581270942623279e-01 4.082872324246807905e-01 2.761910312724918271e+01
1.092851896770174580e+00 4.700860596275786840e-02 1.542760409110502273e+00 5.865427594120505850e-01 4.080507710830912904e-01 2.591226317075672725e+01
1.092851896770174580e+00 4.700860596275786840e-02 1.542760409110502273e+00 5.865427594120505850e-01 4.080507710830912904e-01 2.591226317075672725e+01
1.128354022602682472e+00 6.102516815721705998e-03 0.000000000000000000e+00 6.238899579295698050e-01 4.224982980806246124e-01 2.838584145910967749e+01
1.128354022602682472e+00 6.102516815721705998e-03 0.000000000000000000e+00 6.238899579295698050e-01 4.224982980806246124e-01 2.838584145910967749e+01
1.074959630773565378e+00 1.347898393201157896e-02 3.784659912008875526e+00 6.173294063458133474e-01 4.010724451145621372e-01 2.729213989513646155e+01
1.121046365713877835e+00 1.770790523336769964e-02 5.938356547785258677e+00 5.901438743174322044e-01 3.820865862325743545e-01 2.494273725953609144e+01
1.127222964857132137e+00 5.855449147044085312e-02 6.757837868945171245e+00 6.089541528703383833e-01 3.532466224421266787e-01 2.566065646086491370e+01
1.112704622932132681e+00 1.966274873794582670e-02 0.000000000000000000e+00 6.244329527793515133e-01 3.923434060336297158e-01 2.427400190600293328e+01
1.112704622932132681e+00 1.966274873794582670e-02 0.000000000000000000e+00 6.244329527793515133e-01 3.923434060336297158e-01 2.427400190600293328e+01
1.091685842451566746e+00 2.220122637505508867e-02 0.000000000000000000e+00 6.173679700346813570e-01 3.873237255942533763e-01 2.150431921164060611e+01
1.091685842451566746e+00 2.220122637505508867e-02 0.000000000000000000e+00 6.173679700346813570e-01 3.873237255942533763e-01 2.150431921164060611e+01
1.137385483537233677e+00 5.158083692850520124e-02 1.677564082203372831e+00 6.467596893205329600e-01 4.477967729976125577e-01 2.484031786073028414e+01
1.137385483537233677e+00 5.158083692850520124e-02 1.677564082203372831e+00 6.467596893205329600e-01 4.477967729976125577e-01 2.484031786073028414e+01
1.134812358209469352e+00 1.066704682283117767e-02 2.276028862627010874e+00 6.379305540693815946e-01 3.996559224937928922e-01 2.685448103945344656e+01
1.134812358209469352e+00 1.066704682283117767e-02 2.276028862627010874e+00 6.379305540693815946e-01 3.996559224937928922e-01 2.685448103945344656e+01
1.134668705970848457e+00 5.627878103426606216e-02 4.498597987088159833e+00 6.142039320588535967e-01 4.164327165096528560e-01 2.723162739516040887e+01
1.134668705970848457e+00 5.627878103426606216e-02 4.498597987088159833e+00 6.142039320588535967e-01 4.164327165096528560e-01 2.723162739516040887e+01
1.165775269430876060e+00 2.924489658683626994e-02 5.806313390634283422e+00 6.216868039454969130e-01 4.261025504949065845e-01 2.836740814789364151e+01
1.165775269430876060e+00 2.924489658683626994e-02 5.806313390634283422e+00 6.216868039454969130e-01 4.261025504949065845e-01 2.836740814789364151e+01
1.165775269430876060e+00 2.924489658683626994e-02 5.806313390634283422e+00 6.216868039454969130e-01 4.261025504949065845e-01 2.836740814789364151e+01
1.151058764960036562e+00 4.913721703875172098e-02 4.056127182225116812e+00 6.174850222411385481e-01 4.095470900067478270e-01 2.731303019579910440e+01
1.151058764960036562e+00 4.913721703875172098e-02 4.056127182225116812e+00 6.174850222411385481e-01 4.095470900067478270e-01 2.731303019579910440e+01
1.168879504170382111e+00 2.947787937074407283e-02 8.414488028960972699e+00 6.284368886552507139e-01 4.684640569211214189e-01 2.721668890324360746e+01
1.168879504170382111e+00 2.947787937074407283e-02 8.414488028960972699e+00 6.284368886552507139e-01 4.684640569211214189e-01 2.721668890324360746e+01
1.129100016325554678e+00 4.175863742988730754e-02 4.408864149768164431e+00 6.371482125594213342e-01 4.010651050435670717e-01 2.948065834433920429e+01
1.129100016325554678e+00 4.175863742988730754e-02 4.408864149768164431e+00 6.371482125594213342e-01 4.010651050435670717e-01 2.948065834433920429e+01
1.153656317813971155e+00 6.398596590970714870e-02 3.012246906270692026e+00 6.762476718755556782e-01 3.998182175894418600e-01 2.552377082021457255e+01
1.153656317813971155e+00 6.398596590970714870e-02 3.012246906270692026e+00 6.762476718755556782e-01 3.998182175894418600e-01 2.552377082021457255e+01
1.153656317813971155e+00 6.398596590970714870e-02 3.012246906270692026e+00 6.762476718755556782e-01 3.998182175894418600e-01 2.552377082021457255e+01
1.113502514101676777e+00 3.918659072231259199e-02 1.084222679441716330e+01 6.577819331064859165e-01 4.085064816481449590e-01 2.330318079460935010e+01
1.150777353188162877e+00 5.947283649969024172e-02 1.239990403230399352e+01 6.243519814268446710e-01 3.684626640803140285e-01 2.401125835310062584e+01
1.107942914834801673e+00 4.341585853390567129e-02 8.274909572654642886e+00 6.180415677453922063e-01 4.227050236075662326e-01 2.484996698767516321e+01
1.107942914834801673e+00 4.341585853390567129e-02 8.274909572654642886e+00 6.180415677453922063e-01 4.227050236075662326e-01 2.484996698767516321e+01
1.083232166593276036e+00 4.030206068473521364e-02 1.040262130927869677e+01 6.241983124045095144e-01 4.015319023277163502e-01 2.728676944519566661e+01
1.083232166593276036e+00 4.030206068473521364e-02 1.040262130927869677e+01 6.241983124045095144e-01 4.015319023277163502e-01 2.728676944519566661e+01
1.155263491311046220e+00 3.757275177551619438e-02 1.978600747286760608e+00 6.009741370743391098e-01 3.815844020908698009e-01 2.492420813040693872e+01
1.118020849949759699e+00 3.854287614954945290e-02 7.523791647047327835e+00 6.177823676624719651e-01 3.540213570577533386e-01 2.773576071875829641e+01
1.096002896928741199e+00 4.192678182975199258e-02 1.060876975394177180e+01 6.086305664435508467e-01 3.473811149063275594e-01 2.585501150999786546e+01
1.147620932502433799e+00 0.000000000000000000e+00 1.207785587483766188e+00 5.920820993462451165e-01 4.242411428331689938e-01 3.084628911111515137e+01
1.133751868350612035e+00 1.357018343170440094e-02 2.166390301807280538e-01 5.790093291911777573e-01 4.394865081775696236e-01 2.862327316958315038e+01
1.180484061591734912e+00 3.792052924520600277e-02 1.062791091229285101e+01 5.846433528369939792e-01 4.330202637873005189e-01 2.387437880288889147e+01
1.165740648327205475e+00 1.422344351835366436e-02 1.044000198487913522e+01 5.733107354013117218e-01 4.105291200894654047e-01 2.840169471407872237e+01
1.191946074671608624e+00 2.371227471180389207e-02 7.066268635969000123e+00 5.681531228974832093e-01 4.413499441501437248e-01 2.855471517337064213e+01
1.148166435546030595e+00 3.590654569773452792e-02 0.000000000000000000e+00 6.053141359257486753e-01 3.980380054564703896e-01 2.242220877897433695e+01
1.148166435546030595e+00 3.590654569773452792e-02 0.000000000000000000e+00 6.053141359257486753e-01 3.980380054564703896e-01 2.242220877897433695e+01
1.177555910392293903e+00 0.000000000000000000e+00 4.990854710245079318e+00 6.051096654817896825e-01 4.010700004901461280e-01 2.125496963962502761e+01
1.146205490522717918e+00 0.000000000000000000e+00 9.923489040208416156e+00 6.027975554813411740e-01 4.231133186557716197e-01 2.432625487268168030e+01
1.146205490522717918e+00 0.000000000000000000e+00 9.923489040208416156e+00 6.027975554813411740e-01 4.231133186557716197e-01 2.432625487268168030e+01
1.147285987557068676e+00 1.408077673750676891e-02 2.651421266499462082e+00 6.383548432397081474e-01 4.407805165705980244e-01 2.112910014343925980e+01
1.147285987557068676e+00 1.408077673750676891e-02 2.651421266499462082e+00 6.383548432397081474e-01 4.407805165705980244e-01 2.112910014343925980e+01
1.187867753401478543e+00 9.344089712963028760e-03 3.586182381401434416e+00 6.102364445817727301e-01 4.257250091037901862e-01 2.174241295633401450e+01
1.060901734320665257e+00 5.852724995513138018e-02 0.000000000000000000e+00 6.405093863730506598e-01 3.638559539552928546e-01 2.576346300726072158e+01
1.065630119460297953e+00 5.704755874433641710e-02 1.206880018503885044e+00 6.528261697145965048e-01 3.742300759295599244e-01 2.302864853428988567e+01
1.099657398097245053e+00 0.000000000000000000e+00 1.677931730721186199e+01 6.680317962791821884e-01 4.389081502651018818e-01 2.537032722836216792e+01
1.099657398097245053e+00 0.000000000000000000e+00 1.677931730721186199e+01 6.680317962791821884e-01 4.389081502651018818e-01 2.537032722836216792e+01
1.098252521230999035e+00 0.000000000000000000e+00 7.873990113994921103e+00 6.517227772353213489e-01 4.278375163191550645e-01 2.741928662419380558e+01
1.088643788334410445e+00 7.508766916426086978e-03 1.029025850516960539e+01 6.692798307210148234e-01 4.104044220658795705e-01 2.536209662237615348e+01
1.108114841865455391e+00 2.243730202747605540e-02 6.376062031856582379e+00 6.482710393476426303e-01 4.584082098428415852e-01 2.587867010404555046e+01
1.108114841865455391e+00 2.243730202747605540e-02 6.376062031856582379e+00 6.482710393476426303e-01 4.584082098428415852e-01 2.587867010404555046e+01
1.098812110927966490e+00 0.000000000000000000e+00 1.254731480006890898e+01 6.644629066081598756e-01 4.108966841304825257e-01 2.594954099849901041e+01
1.081177334978062454e+00 0.000000000000000000e+00 1.071478938324417030e+01 6.561605604651495893e-01 4.128607199577104536e-01 2.498339330271113212e+01
1.102045487258840772e+00 8.594001642989898548e-02 9.001492857039190554e+00 5.978801493163766745e-01 4.127323983419225462e-01 2.467022000676215043e+01
1.082940926599729625e+00 3.642442422803070234e-02 4.701101764674530337e+00 5.859156138929596525e-01 4.040216296171503241e-01 2.439284616456476229e+01
1.133745501355728491e+00 3.855789087536416748e-02 6.463820791070213900e+00 6.114514946269162810e-01 4.321177198643023631e-01 2.259308816406321085e+01
1.133745501355728491e+00 3.855789087536416748e-02 6.463820791070213900e+00 6.114514946269162810e-01 4.321177198643023631e-01 2.259308816406321085e+01
1.103879706654666171e+00 4.735342522727169906e-02 5.214627221519066325e+00 6.089020567027126907e-01 3.781261265855145326e-01 2.567407749085133162e+01
1.114871807490347866e+00 9.899399321695128567e-03 1.398564859622519663e+01 6.184390756310871318e-01 4.006076593829568377e-01 2.479090535420374408e+01
1.136456617628567978e+00 4.468958554356566165e-02 3.137692037844103510e+01 5.434269923516681366e-01 3.705982182621222476e-01 3.331626419779944825e+01
1.126658290021124165e+00 0.000000000000000000e+00 3.518651673108762168e+01 5.458687661646151046e-01 4.025767391071998769e-01 3.037422899121122910e+01
1.126658290021124165e+00 0.000000000000000000e+00 3.518651673108762168e+01 5.458687661646151046e-01 4.025767391071998769e-01 3.037422899121122910e+01
1.162262684492226583e+00 0.000000000000000000e+00 3.418989026027539779e+01 5.424891999937802023e-01 3.667259018283568484e-01 3.203026405422308187e+01
1.156254988556208785e+00 7.498492613551649422e-03 8.569826215949863268e+00 5.877838480757395789e-01 3.526458079496108122e-01 2.699969601037832234e+01
1.125401681332419024e+00 1.729784408991671268e-02 1.028386617078013643e+01 5.289325197954890534e-01 3.975089054156439872e-01 2.529456609107948850e+01
1.134147621808877293e+00 0.000000000000000000e+00 6.152818952183427115e+00 5.671416183687989498e-01 4.034566359421564719e-01 2.562493312097690534e+01
1.134147621808877293e+00 0.000000000000000000e+00 6.152818952183427115e+00 5.671416183687989498e-01 4.034566359421564719e-01 2.562493312097690534e+01
1.164494877160714204e+00 5.657050261401898317e-02 2.431986385953716123e+01 5.496719971501704549e-01 3.742271757974377500e-01 3.208587264167059772e+01
1.144309886440224355e+00 3.963782344160284021e-02 3.438217676234239661e+01 5.391844134037637737e-01 3.906553700670747364e-01 2.877074643653155306e+01
1.139312689150642655e+00 6.356183909795778963e-02 3.229283546111174985e+01 5.529749330251085837e-01 3.931489255268635352e-01 2.963009889571594258e+01
1.139312689150642655e+00 6.356183909795778963e-02 3.229283546111174985e+01 5.529749330251085837e-01 3.931489255268635352e-01 2.963009889571594258e+01
1.160548835561590497e+00 1.229518037384347978e-03 1.866504420445839685e+01 5.368701507600187606e-01 4.194384852367419869e-01 3.137341213760573311e+01
1.152628545703556551e+00 2.216238876237001942e-03 2.073869945828335659e+01 5.395103616082659315e-01 4.155739522207403946e-01 2.929479611617404800e+01
1.174282581014283400e+00 4.985489874203668723e-03 1.964316283693198528e+01 5.552271156466401791e-01 3.997475250500029387e-01 2.814156525931088026e+01
1.130446116751447461e+00 0.000000000000000000e+00 2.334149429984107726e+01 5.342836714294333378e-01 4.589602148705118068e-01 3.070005685880064306e+01
1.135993636098782789e+00 1.493045457241040652e-02 3.630860092028702013e+01 5.715466569537140940e-01 4.147382529897247760e-01 2.972599723318685250e+01
1.135993636098782789e+00 1.493045457241040652e-02 3.630860092028702013e+01 5.715466569537140940e-01 4.147382529897247760e-01 2.972599723318685250e+01
1.094107538231312349e+00 0.000000000000000000e+00 3.444364258989649130e+01 5.577107054265847408e-01 4.222811676368511957e-01 3.342100728243920571e+01
1.097769498822914969e+00 0.000000000000000000e+00 2.720617234915755489e+01 5.272763212787262566e-01 4.079214602269944367e-01 2.901236343627570591e+01
1.121684750473445957e+00 1.323003347961085145e-02 2.050517446591854309e+01 5.149110125241445068e-01 4.088005561767859009e-01 2.614767893720961212e+01
1.111952229378901036e+00 1.386521784391556156e-02 2.680758362709172005e+01 5.380835617975949781e-01 4.357944174734781351e-01 2.751463936458880966e+01
1.097459961305771836e+00 4.108738611222101378e-02 0.000000000000000000e+00 5.397702249292469778e-01 4.466797728855244065e-01 2.529431892091022505e+01
1.031178991385540922e+00 3.489893386880259241e-02 3.011810536701999830e+00 5.700550581454012500e-01 4.854224525260205092e-01 2.205430220008179631e+01
1.084632099358507906e+00 3.107897756017554552e-02 1.924153501357105611e+00 5.388942533832162818e-01 4.365875288741250526e-01 2.849374290307996205e+01
1.099802890792681120e+00 3.332238891841187572e-02 1.427728621605729220e+00 5.450686580962766925e-01 4.034690007217124341e-01 2.392646459422301319e+01
1.076234137432790172e+00 6.543280004956326945e-02 1.187152006421414008e+01 5.181820135815549122e-01 4.733402190962529010e-01 2.315388602414455477e+01
1.087910475714973790e+00 7.110549215613524987e-02 5.384353696933430022e+00 4.364401618770014646e-01 3.995023156640664652e-01 2.598896413573125130e+01
1.149846923873513171e+00 3.578697724476730818e-02 2.159473275151890448e+01 5.113677702337956488e-01 3.525451657846876419e-01 2.370245655289118503e+01
1.253072750994336015e+00 0.000000000000000000e+00 3.257495455098790682e+00 5.401587246902102013e-01 3.781202535988063551e-01 2.352899827087564688e+01
1.272762879760605870e+00 4.330008176499183792e-02 7.495489271485104688e+00 5.948174605420132321e-01 3.054180703873478064e-01 2.161199407254389726e+01
1.220284806557319301e+00 2.203922413653653517e-02 1.193996896535294283e+01 4.330260788211783840e-01 3.481117401451602200e-01 2.677977881040701646e+01
1.213037587882076496e+00 1.296414764084342398e-02 2.265794398359727069e+01 5.793463553670274990e-01 3.572896239382224448e-01 2.298008341475844318e+01
1.213285905793346497e+00 1.026191293346231798e-01 1.303498626656566195e+01 4.979174612237362019e-01 4.055048987380732717e-01 2.298065846335097717e+01
1.218511166110994193e+00 4.654179355898986625e-02 1.613402030842760482e+01 5.016536889250630127e-01 3.070127820626211701e-01 2.367111424747498916e+01
1.224276501359266911e+00 6.854877282544795392e-03 1.319297699606568663e+01 5.578735496449328535e-01 4.065784505286194062e-01 2.396146730864517238e+01
1.128007991344322614e+00 1.218114092669690535e-01 3.349117573628892330e+01 5.885483995209019881e-01 3.941630227335022885e-01 3.373388633138387149e+01
1.118114107288474823e+00 1.221106791638963684e-01 3.669873851285810673e+01 5.614280441232153418e-01 3.797240638533277424e-01 3.500119488326456008e+01
1.100364907511397039e+00 7.999441581269184365e-02 4.066776580742848779e+01 5.864811662021279792e-01 3.623007835154475886e-01 3.161991412472125873e+01
1.155787121159138175e+00 1.430683018792990556e-02 1.095529782568720023e+01 5.393624700851721299e-01 3.037054628590956651e-01 2.612469727897648752e+01
1.073119519448079817e+00 1.422933386724132276e-01 3.320176926734837508e+01 5.342449546675921423e-01 3.909798317299266190e-01 3.180021626860247608e+01
1.027072945139873017e+00 1.571082400537548440e-01 3.193761203976935903e+01 5.064430060496435404e-01 4.273021780126954883e-01 3.044883722598281395e+01
1.066144248645334525e+00 1.144441535607038096e-01 3.052310887661673888e+01 4.874687843668795151e-01 3.704933429064741768e-01 2.972142053391370808e+01
9.764776549667117944e-01 8.816265162625952501e-02 4.123948164090329271e+01 4.372225883591578932e-01 3.226171827031862893e-01 2.982298960079286587e+01
1.200218708313276039e+00 1.040050591901877375e-01 1.992611506805949340e+00 4.832552071464941146e-01 3.938030166677115029e-01 2.752602951909128848e+01
1.115639666783464490e+00 1.850113204782538254e-02 9.509205311446708109e+00 4.710413479654746993e-01 3.469909528233890983e-01 2.828926812365227406e+01
1.177979879478764147e+00 6.011272539179361718e-02 9.816648159658747375e+00 4.757603904816311013e-01 3.237102714516921775e-01 2.621904306311418864e+01
1.139000994648488252e+00 6.068238884421776891e-02 1.278507630901100711e+01 4.835348928274529334e-01 3.149624444139570434e-01 2.606954112409288271e+01
1.225583324661309925e+00 1.263207057234822239e-01 1.751253815285123494e+01 5.855532298784487111e-01 4.559500911521425781e-01 2.715780481624778986e+01
1.187335641400291575e+00 1.599212673072372137e-01 1.954061355956135770e+01 5.739005127198028022e-01 4.509917931709447325e-01 2.663619557789928294e+01
1.066874953715861496e+00 1.060589553553637210e-01 3.385081844871279166e+00 5.167080061356986720e-01 3.762419717950287734e-01 2.556846547477505283e+01
1.244359038437850451e+00 1.680625359630146254e-01 2.095718241076696486e+01 5.689186817570773824e-01 4.071649026427539564e-01 2.932437073623388457e+01
1.128292507056174232e+00 1.672296130132990000e-01 2.883366286605650686e+01 5.945719648074520025e-01 3.616485109026076894e-01 3.609833128509463762e+01
1.128292507056174232e+00 1.672296130132990000e-01 2.883366286605650686e+01 5.945719648074520025e-01 3.616485109026076894e-01 3.609833128509463762e+01
1.162761852740175961e+00 2.117744165838663650e-01 2.634095869156030290e+01 5.634380273867269917e-01 3.682836570862953463e-01 3.307733265443725656e+01
1.141755713517972115e+00 2.083525868559428784e-01 3.102003274840901881e+01 5.947868195862588969e-01 3.812851986035750707e-01 3.299567682874767627e+01
1.141755713517972115e+00 2.083525868559428784e-01 3.102003274840901881e+01 5.947868195862588969e-01 3.812851986035750707e-01 3.299567682874767627e+01
1.206274856444550680e+00 1.396489361254237005e-01 9.901778714160101913e+00 4.750275438827819552e-01 2.618287343152909119e-01 2.906219448107168901e+01
9.457739992749791824e-01 2.214836831694540209e-01 3.801879898165638139e+01 5.557903193104727357e-01 4.277143839312765872e-01 2.374380638657587284e+01
9.457739992749791824e-01 2.214836831694540209e-01 3.801879898165638139e+01 5.557903193104727357e-01 4.277143839312765872e-01 2.374380638657587284e+01
9.026142710203020059e-01 2.196873855180653812e-01 3.893606696692104663e+01 5.466696474548595752e-01 4.099876617274708090e-01 2.456996457174307835e+01
1.073904311044312720e+00 4.591822502809160544e-02 3.161153295016973885e+01 3.869071035201207542e-01 4.347851206999409079e-01 2.993672266606280630e+01
1.004665328538918434e+00 1.822813534100475030e-01 3.824534612006605983e+01 4.776066509415085592e-01 3.335780889307651265e-01 3.044343349503234464e+01
1.045968941114047368e+00 1.471451282123407422e-01 2.561437997793428067e+01 5.715346261096313496e-01 3.240063089999069557e-01 2.609418004701493388e+01
1.043165907234589351e+00 9.160817627524867057e-02 3.295885685714173974e+01 5.143971626615279069e-01 3.009772147292234523e-01 3.462998192801448027e+01
1.100694744925257318e+00 8.498404694386535452e-02 3.398152309180562725e+01 5.118424282805086323e-01 3.442821933234963550e-01 3.403345376260768518e+01
1.060599320468201601e+00 9.491173311778713928e-02 3.464513612820189792e+01 4.965729067052827017e-01 2.637020628419557422e-01 3.069733843944328200e+01
1.007844332153939204e+00 1.267691454021895314e-01 3.477556035091529907e+01 4.994287197018342228e-01 4.642369746469633962e-01 3.322413824576226204e+01
9.600280448738340855e-01 2.034986572156823603e-01 3.906645258253573161e+01 5.745958940734402498e-01 3.407321759351646939e-01 3.094058758192385028e+01
9.548889009571245312e-01 2.019885735023081719e-01 3.060686958007618585e+01 5.560587056685835083e-01 2.664507511780069837e-01 3.441806177056881211e+01
1.054363125552857383e+00 6.340907117718805330e-02 2.919076262288902157e+01 4.791345567114937420e-01 4.012367164854104273e-01 3.604901978759730241e+01
1.155027420924280790e+00 8.419193175894332248e-02 5.200000000000000000e+01 4.873461747861273508e-01 4.408784000367312328e-01 2.406878130473342026e+01
1.153955644829967264e+00 2.095932249985253681e-02 4.303828650420587820e+01 5.510594044670238389e-01 3.850902983403811652e-01 2.637146650621454924e+01
1.061376329109474215e+00 1.017711389720858117e-01 3.597810269887663281e+01 5.579058723424289434e-01 4.129354710578744814e-01 2.546838187707511025e+01
1.102771609611928438e+00 9.578603937566981807e-02 4.764539947397657471e+01 5.532620362330735730e-01 3.884272450248545949e-01 2.858229809669229837e+01
1.100399123513452482e+00 1.000666119087433859e-01 4.144469646621437420e+01 5.647047634516645376e-01 4.105688962091439409e-01 2.596899522737473731e+01
1.097413435860643105e+00 4.139236833113068420e-02 2.881490279503796614e+01 4.978705172771092924e-01 4.245814205315593393e-01 2.344131073155786993e+01
1.090936684004857549e+00 8.180480938976371352e-02 3.875447532036229603e+01 5.851465427819770859e-01 4.409553258940204779e-01 2.429280697799963207e+01
1.084768141269212727e+00 6.350282191294201461e-02 3.354226402961101883e+01 5.953861918175721302e-01 4.230404913924318278e-01 2.612755843835450520e+01
1.084768141269212727e+00 6.350282191294201461e-02 3.354226402961101883e+01 5.953861918175721302e-01 4.230404913924318278e-01 2.612755843835450520e+01
9.848302907233476011e-01 1.596032088509492797e-01 3.636286176432759731e+01 4.821274246559992815e-01 2.868824499944317430e-01 2.601874949139778437e+01
1.167438099944341667e+00 2.666152687266287735e-02 2.549295487928051074e+01 5.224558144969051465e-01 3.311786591537322910e-01 2.566480378432683906e+01
1.100950125103792754e+00 3.231443526516476761e-02 4.539054807723671559e+01 5.376549587767187610e-01 2.946616897636796795e-01 2.579150546876597971e+01
1.121999462525387292e+00 7.387416956624209829e-02 3.548978963791822849e+01 5.040056543062021444e-01 3.273248474609974368e-01 3.360438970080356569e+01
1.071251908742944403e+00 7.617695906952677565e-02 3.216543372624173713e+01 5.275982647001079551e-01 3.321002398794539734e-01 3.185781090614370470e+01
1.003694839913549464e+00 1.207001615460881472e-01 4.100314509633014382e+01 5.400479725070240766e-01 3.941499480755379370e-01 2.637848927222467310e+01
1.156138481271127949e+00 1.455921765606705276e-01 8.927024493061264110e+00 4.941734736955687990e-01 4.124805278704295475e-01 2.255893166169087394e+01
1.213489778823186427e+00 2.016331938270901278e-02 1.493216509799824898e+01 6.128860178614269349e-01 4.675117499052094949e-01 2.801757490814032536e+01
1.175405030441377230e+00 0.000000000000000000e+00 1.238905797690652122e+01 6.277780861414741231e-01 4.446910859136442018e-01 2.582316740579223335e+01
1.175405030441377230e+00 0.000000000000000000e+00 1.238905797690652122e+01 6.277780861414741231e-01 4.446910859136442018e-01 2.582316740579223335e+01
1.171202361612785126e+00 4.337111857020753414e-02 1.129988982497323313e+01 6.360497876490583957e-01 4.520411330115844395e-01 2.644699377295336618e+01
1.148056497282308408e+00 0.000000000000000000e+00 2.446783973888177499e+01 5.451027311222336191e-01 3.036541014854811649e-01 3.024179483162205173e+01
1.111106397707491977e+00 1.113244149580261411e-02 2.907484583339079975e+01 4.353285712989869993e-01 2.913745945405651905e-01 2.672817859558562503e+01
1.184811548598142750e+00 6.911400875324220927e-04 1.912532392180031593e+01 4.729163233232480112e-01 3.503714565401310765e-01 3.172335009806062445e+01
1.115892136494552656e+00 4.397863839894416982e-02 2.550271697672130244e+01 4.393872426447468782e-01 4.425470767510487069e-01 3.263885099385788635e+01
1.153448437936681836e+00 5.817368278747873933e-02 2.946911277105506954e+01 4.773606544999320911e-01 4.172200897453685053e-01 2.460371034733450557e+01
1.066051026849230698e+00 1.333842161946379723e-01 4.198323921771493872e+01 5.687104771804355474e-01 3.556464700819044755e-01 2.820972530843027570e+01
1.182803591776021346e+00 7.607822255485068019e-02 2.607948161652784336e+01 5.611600304288040242e-01 3.620682089937624637e-01 3.502248176481636222e+01
1.197896382737206000e+00 8.488897533933195683e-02 2.283377348349450386e+01 5.892635287249085030e-01 3.373995195583894269e-01 3.492689282549687135e+01
1.180570509610893382e+00 8.031306291658757424e-02 1.731264548826521832e+01 5.714181228734622753e-01 4.411601007936349905e-01 3.404482789214518590e+01
1.158278375138479976e+00 6.918471513706470066e-02 2.016769232413947677e+01 5.488388242893887936e-01 4.069963309905084148e-01 3.306331043089397070e+01
1.155483549829964485e+00 7.566121117158884635e-02 2.117758450913777324e+01 5.977491052740095956e-01 4.267499379480969024e-01 3.408551225723903144e+01
1.159785165012532149e+00 1.136556341908388779e-01 2.578130988496322473e+01 5.809677208457936226e-01 3.937595383934152093e-01 3.080293445339508906e+01
1.159785165012532149e+00 1.136556341908388779e-01 2.578130988496322473e+01 5.809677208457936226e-01 3.937595383934152093e-01 3.080293445339508906e+01
1.179438026835100572e+00 1.301937877343565808e-01 1.983526884881724683e+01 5.602028831563237166e-01 3.654979772853630404e-01 3.050813574372596904e+01
1.192816108674894737e+00 1.101798362376933266e-01 2.207476179471331434e+01 6.118629696787678540e-01 3.942307361246386588e-01 2.937038531702646083e+01
1.189499846057390009e+00 1.049302049622780481e-01 1.810233051430207496e+01 5.857476955513385430e-01 4.400151627572991275e-01 3.176540109051251193e+01
1.189499846057390009e+00 1.049302049622780481e-01 1.810233051430207496e+01 5.857476955513385430e-01 4.400151627572991275e-01 3.176540109051251193e+01
1.188512866921423328e+00 7.224809905510341801e-02 2.001228554290037209e+01 5.431508605347959984e-01 4.094386543900299658e-01 3.091497395808149662e+01
1.177935993008190740e+00 9.184126063706134213e-02 1.326269986303301884e+01 5.897276667727093802e-01 4.093271946920691295e-01 3.146187959940896306e+01
1.146061591351991815e+00 1.078187566891857241e-01 1.519508634319683793e+01 5.719027125997750982e-01 4.414343249426859739e-01 3.225196105016286197e+01
1.159343274225393960e+00 5.672075597476226860e-02 2.343764006861282212e+01 5.320237218370045262e-01 4.119136272198017923e-01 3.389369872916559956e+01
1.147806610028464069e+00 3.799002781990769989e-02 3.469550662939177954e+01 5.078621081404870452e-01 3.936096840301087085e-01 2.993622511554060495e+01
1.189870251126232459e+00 3.068302774469017571e-02 2.193971631485067064e+01 4.663785636221681741e-01 4.483667837650906485e-01 3.422351556317098442e+01
1.112933457874889065e+00 7.353216091415196165e-02 2.987832093378036546e+01 5.567713884066788355e-01 5.045390285871549363e-01 3.140567793766832239e+01
1.202296739605670073e+00 1.564927536585589141e-01 4.840307232449451824e+00 5.618422774432528799e-01 4.034824719066583687e-01 3.243946404589029697e+01
1.178385261656061056e+00 7.989124550852107209e-02 0.000000000000000000e+00 5.863755836499990881e-01 3.308171247855877795e-01 3.119888366269066537e+01
1.158544510343216150e+00 9.580699668109211864e-02 2.315066776158074546e+00 5.545799735974428213e-01 3.737694757151068803e-01 3.012669018350601036e+01
1.138691718740944214e+00 8.751586265574554102e-02 8.811026475323433527e-01 6.091866335682788458e-01 3.612015396078539498e-01 2.981478585653361790e+01
1.201578332046591147e+00 6.765501678081370374e-02 5.992107965667801572e+00 5.706716436708290097e-01 3.731615864859434972e-01 3.230534435354801559e+01
1.175774537828022437e+00 8.416038533195779880e-02 0.000000000000000000e+00 5.843642786673740597e-01 3.378362563621225556e-01 3.284986267547724026e+01
1.182494776713993501e+00 7.171735854206180705e-02 6.135120121193016196e+00 6.018904416378241251e-01 3.283038696540633294e-01 3.029214274122602291e+01
1.169721182585188535e+00 1.244337276429773737e-01 0.000000000000000000e+00 5.468357110593362602e-01 3.974820683648984110e-01 3.348950334821322627e+01
1.158140585720725424e+00 1.283858344524184403e-01 6.883974796425757603e+00 5.701557501006280226e-01 3.936670066012107339e-01 3.278685301317750600e+01
1.153474129141443427e+00 9.107732274410298978e-02 0.000000000000000000e+00 5.759177281702393403e-01 3.800252869371411601e-01 3.311297625627479135e+01
1.194182130876303649e+00 8.772261097931287332e-02 5.693491466211574092e+00 5.803230755462411850e-01 3.454607967770694232e-01 3.394460735571696119e+01
1.163815270767486920e+00 7.827672410976561912e-02 8.315272855411985020e+00 5.640699918759988218e-01 3.708943958690430476e-01 3.310578629063790146e+01
1.129547320966268531e+00 1.013426457957476573e-01 2.388039975745819987e+01 5.422601785672954700e-01 3.588119033236583100e-01 3.133270463230352121e+01
1.170101066103619747e+00 1.231107041500441868e-01 1.921335732704084265e+01 5.850778645919625376e-01 3.855595986663991614e-01 3.169703044703466688e+01
1.222443628363639290e+00 1.028997058495734196e-01 1.960309366253138208e+01 5.903607130306146589e-01 3.769962441107089779e-01 3.319933517206601437e+01
1.222443628363639290e+00 1.028997058495734196e-01 1.960309366253138208e+01 5.903607130306146589e-01 3.769962441107089779e-01 3.319933517206601437e+01
1.217953427127026922e+00 9.775266207615142255e-02 1.418320974564767667e+01 6.190841684692526270e-01 3.555990466145691475e-01 3.248201104341868017e+01
1.208150862072391307e+00 8.970185907498251510e-02 1.579930310610710542e+01 6.194477294925609945e-01 3.405283513550529939e-01 3.086991288137932088e+01
1.218695655904696418e+00 1.396782454544974739e-01 2.406719341360092557e+01 5.932486733009104674e-01 3.993325968814263049e-01 3.240379060147570556e+01
1.218695655904696418e+00 1.396782454544974739e-01 2.406719341360092557e+01 5.932486733009104674e-01 3.993325968814263049e-01 3.240379060147570556e+01
1.173313096875411965e+00 4.578979076927269798e-02 1.878568553167137622e+01 6.005996174072565363e-01 3.285707942589207176e-01 3.700997820200991839e+01
1.216747631684123032e+00 6.941347077221698969e-02 1.110997604476798983e+01 6.118311685778248243e-01 3.581614222943924064e-01 3.559084285162267491e+01
1.216747631684123032e+00 6.941347077221698969e-02 1.110997604476798983e+01 6.118311685778248243e-01 3.581614222943924064e-01 3.559084285162267491e+01
1.198455760619957067e+00 6.308818922216814784e-02 1.347723158510727970e+01 5.923409274830717663e-01 3.514481623115384701e-01 3.527612737003629206e+01
1.198455760619957067e+00 6.308818922216814784e-02 1.347723158510727970e+01 5.923409274830717663e-01 3.514481623115384701e-01 3.527612737003629206e+01
1.213108912769156333e+00 1.148889928090014723e-01 1.592007532983529927e+01 5.814037601581839576e-01 3.725175074324602043e-01 3.512470790651214969e+01
1.223152340668806737e+00 8.878407282189464123e-02 1.774687036672874996e+01 5.291533391001461695e-01 3.334974231065335748e-01 3.511761968447448368e+01
1.227258529905752793e+00 5.955088623644928109e-02 2.285367589673675326e+01 5.809307518547720539e-01 3.209742448586459518e-01 3.440111637365913566e+01
1.227258529905752793e+00 5.955088623644928109e-02 2.285367589673675326e+01 5.809307518547720539e-01 3.209742448586459518e-01 3.440111637365913566e+01
1.224968265318904015e+00 1.211991037381758146e-01 2.266370913446088053e+01 5.757070793094739569e-01 3.381785867557387526e-01 3.641138169018564241e+01
1.219981336402213401e+00 1.241043895378306228e-02 1.099420913104307473e+01 5.995028876999584089e-01 3.548651167877751034e-01 3.072474892336509100e+01
1.219094736927875289e+00 7.473464606197996463e-02 5.547439131039022087e+00 5.759604916904044192e-01 3.781868243029257726e-01 3.062864901331641221e+01
1.209176115412737840e+00 7.740736654061629307e-02 1.371242670150326148e+01 6.090320251884180358e-01 3.485594529473609038e-01 3.159627419152702288e+01
1.209176115412737840e+00 7.740736654061629307e-02 1.371242670150326148e+01 6.090320251884180358e-01 3.485594529473609038e-01 3.159627419152702288e+01
1.123427726432051132e+00 1.006115653169548096e-01 2.362691355848627950e+01 5.154428982695099526e-01 4.517544361504614581e-01 2.813601169775801836e+01
1.057739795770351598e+00 4.620064235496295496e-02 3.046385240298269537e+01 4.479416796675403378e-01 3.828173925477690309e-01 2.241822773205349506e+01
8.682146863203940024e-01 2.717010602064282021e-01 4.341659461074654303e+01 5.907664934273880730e-01 3.919341472730413778e-01 2.583252735519548793e+01
8.751758411308518948e-01 2.889634299128286954e-01 4.455082878539177216e+01 5.174866220051093091e-01 3.447077982462403711e-01 2.806453177148787148e+01
8.653627212758248088e-01 3.933093003331512572e-01 3.814481466719764313e+01 5.950169324921609215e-01 4.054888009972202889e-01 2.711974880359936790e+01
8.653627212758248088e-01 3.933093003331512572e-01 3.814481466719764313e+01 5.950169324921609215e-01 4.054888009972202889e-01 2.711974880359936790e+01
8.904730344440209278e-01 4.405787200075320653e-01 4.477414798922752937e+01 6.120686659128938834e-01 4.156504010949682026e-01 2.592244276666733782e+01
8.252318133551829193e-01 4.151257212600423796e-01 4.424976159123613684e+01 6.275316994060089471e-01 4.048466423126147462e-01 2.730672282663483585e+01
1.007273411098942084e+00 3.097624385812818848e-01 3.180258446885514090e+01 5.758209030332018807e-01 3.951394287899867575e-01 1.718764933530803773e+01
1.089802694889811407e+00 1.438448248927225448e-01 3.460990916139557783e+01 5.228242441191113254e-01 3.303364398161179327e-01 2.172269021755096219e+01
1.056924304104581713e+00 1.321743463494531867e-01 4.268276322161728586e+01 5.070122433985151389e-01 3.521457633629884731e-01 2.179838641923614517e+01
1.038006376659657004e+00 1.171430618110796684e-01 3.580867694957655090e+01 5.341337452676047093e-01 3.995564437243508404e-01 2.179088352921660388e+01
1.027545717903209033e+00 8.747078466105569217e-02 3.129998746204318394e+01 5.070536318403533471e-01 3.689252032717739715e-01 2.080429039410523018e+01
1.145323637216077772e+00 1.507422956003773296e-01 2.658661190387175211e+01 5.619711867066395916e-01 3.431225320964447767e-01 3.071155490877612237e+01
1.087526331643632105e+00 9.532018987234286422e-02 3.519123802086608066e+01 5.731125261528234871e-01 3.575704735439736992e-01 2.824895923581322421e+01
1.068714724140655603e+00 0.000000000000000000e+00 2.855779542494069645e+01 4.873473127568508922e-01 2.615218307662524611e-01 2.727134193578195109e+01
1.073607928683314006e+00 0.000000000000000000e+00 2.536762133590293899e+01 4.823186536618966347e-01 2.647267923279668644e-01 2.397082529170401344e+01
9.788115647824802146e-01 2.042302410947716418e-01 3.245937526526483197e+01 4.530605443401871657e-01 3.626827841406707886e-01 3.058919433446636305e+01
1.039778242051339952e+00 8.892881538358683724e-02 3.804752477496766261e+01 5.066492357759005971e-01 3.344872180539719686e-01 2.699419934033327451e+01
1.006152394563329944e+00 6.323990285094813202e-02 4.781193854665514209e+01 4.686831327431221217e-01 3.544830509524463658e-01 2.802161439560779499e+01
9.580878968594491729e-01 4.992596011711877835e-02 3.980763710603146421e+01 4.604691915257849155e-01 4.002787164249730911e-01 2.560358106124736466e+01
1.044436047018936442e+00 1.053985915880181201e-01 3.286360016188485389e+01 5.128585901696245397e-01 4.091758602684949508e-01 2.704411727295620338e+01
1.128285991912580499e+00 1.123655521829074744e-01 3.416823967787569671e+01 5.415546185283915959e-01 4.088206149840271086e-01 2.607598861982426541e+01
1.128285991912580499e+00 1.123655521829074744e-01 3.416823967787569671e+01 5.415546185283915959e-01 4.088206149840271086e-01 2.607598861982426541e+01
1.123752228391780017e+00 1.203024868796193775e-01 3.467503405335085631e+01 5.073459531449215909e-01 3.946785598224561431e-01 2.646307295523330438e+01
1.110910470341401224e+00 8.199259826209628899e-02 2.843563561966413644e+01 5.687428882541065711e-01 4.168251222462835970e-01 2.387900061550114472e+01
1.167602198952893522e+00 6.687761563213642790e-02 2.673480078886420230e+01 5.332033110686482669e-01 4.453963742996566721e-01 2.702041965979621096e+01
1.167602198952893522e+00 6.687761563213642790e-02 2.673480078886420230e+01 5.332033110686482669e-01 4.453963742996566721e-01 2.702041965979621096e+01
9.860687589018903854e-01 1.228110245788430754e-01 5.106013338281808700e+01 5.189490617901688641e-01 3.783785821792953197e-01 3.218179353576577029e+01
9.537423122833981193e-01 9.569883380333080169e-02 4.758629087361060783e+01 4.988213415089027269e-01 4.131056185481150056e-01 3.320671438558419197e+01
9.616693402713903938e-01 1.048666211051246661e-01 4.467892467193576067e+01 4.893059810407341947e-01 4.067779783655801062e-01 2.997600665513773777e+01
9.974633527827009294e-01 9.114962241279934985e-02 3.981988548984501364e+01 4.708554575719379187e-01 3.888114322749076091e-01 2.858248875270409783e+01
9.753718019367504377e-01 1.020942407392640694e-01 3.789673020044161689e+01 4.692713449156413197e-01 4.302555367916603424e-01 2.906608077228842291e+01
1.026240598225963696e+00 1.523835975963861722e-01 3.151286006977176868e+01 4.944803859175397331e-01 3.766070287503541780e-01 2.436019981913724308e+01
1.051121309862931508e+00 1.362801220803428748e-01 4.089781161198664705e+01 5.820285570077815551e-01 3.852891830511647742e-01 2.624173648621106736e+01
1.046045853005503679e+00 1.327651112674077538e-01 3.525206674954564789e+01 5.769499851836921156e-01 3.783555674721469364e-01 2.441786019245410699e+01
1.046045853005503679e+00 1.327651112674077538e-01 3.525206674954564789e+01 5.769499851836921156e-01 3.783555674721469364e-01 2.441786019245410699e+01
1.068684418545876813e+00 1.394759153681998654e-01 4.196741107768858114e+01 5.658997536080799806e-01 3.964906226248549048e-01 2.676496287977646205e+01
1.082556708846724947e+00 1.380841726821042947e-01 3.578412359447195712e+01 5.551999706995468520e-01 3.589391657429718552e-01 2.543556307056589105e+01
1.082556708846724947e+00 1.380841726821042947e-01 3.578412359447195712e+01 5.551999706995468520e-01 3.589391657429718552e-01 2.543556307056589105e+01
1.008750057846740766e+00 1.242955536474756595e-01 3.409881594934571325e+01 4.658353005205019826e-01 3.594778504137049469e-01 3.072438121404533007e+01
9.654050850754152258e-01 1.235733089991888772e-01 2.722827205826441244e+01 4.800942262265696092e-01 3.216601022015250222e-01 2.801183343344687415e+01
1.009289534723030179e+00 1.261048055506978904e-01 3.770832204594444192e+01 5.229794943562029452e-01 3.222612076266335723e-01 2.558613362993230567e+01
9.831488220858920490e-01 1.328339428824421020e-01 2.971697773066097170e+01 5.172062144183963150e-01 3.575730095571147960e-01 3.200900521393522524e+01
9.570839855204176239e-01 1.039916538644671817e-01 3.899395767159180082e+01 5.343545632569652870e-01 3.848913427347799288e-01 3.152884931577897376e+01
9.367753639435705271e-01 1.337840020582063971e-01 3.730716666545421845e+01 5.376345743331299998e-01 3.411481670604432637e-01 3.408666242438138028e+01
9.367753639435705271e-01 1.337840020582063971e-01 3.730716666545421845e+01 5.376345743331299998e-01 3.411481670604432637e-01 3.408666242438138028e+01
9.758715648914405572e-01 1.102671116133045470e-01 3.992636038138222432e+01 5.128138922879511563e-01 3.619407562221655383e-01 3.107782195438815975e+01
1.054657731831583733e+00 1.002065188652956906e-01 3.335013917678407580e+01 5.301389863810777037e-01 4.326844811758736031e-01 2.686333205418333492e+01
8.905388435860221996e-01 1.132808380484723321e-01 3.314913994989795043e+01 4.932940431397028758e-01 3.143329965430919359e-01 2.556128159160744318e+01
1.014662713289636420e+00 7.636879395532995829e-02 3.604297166692794718e+01 5.606986959548176941e-01 4.575940316168569666e-01 2.709867323459712907e+01
9.368958491840788660e-01 1.105437661359847112e-01 4.057347679495946835e+01 4.866576523564836165e-01 4.980864370252807705e-01 2.558686576856499073e+01
9.917447785538959781e-01 2.275927047019595806e-01 2.796824661115682531e+01 5.367027680069895723e-01 4.795805708742882367e-01 2.866547469848116592e+01
9.917447785538959781e-01 2.275927047019595806e-01 2.796824661115682531e+01 5.367027680069895723e-01 4.795805708742882367e-01 2.866547469848116592e+01
9.958088547748337183e-01 1.852708917877360362e-01 2.747755545394511500e+01 5.281863558048350837e-01 4.477912678940203506e-01 2.733787178629573233e+01
9.599823091188465218e-01 2.155222549832355727e-01 4.219176368000280775e+01 5.326955311512556746e-01 4.873167949548373179e-01 2.830636659624098073e+01
1.007434463044303508e+00 1.759389208537288085e-01 2.578331689462845944e+01 5.175319696556310856e-01 4.620081806120271417e-01 2.657854301501750527e+01
9.875938111965373301e-01 1.142511149623988420e-01 3.096208329896924738e+01 5.413241261187597964e-01 4.278105176847446511e-01 2.768440274190203709e+01
9.875938111965373301e-01 1.142511149623988420e-01 3.096208329896924738e+01 5.413241261187597964e-01 4.278105176847446511e-01 2.768440274190203709e+01
9.327476280504173323e-01 1.470285209337758026e-01 3.115679852828586505e+01 5.264502914605844186e-01 4.548841284504197002e-01 2.850263191319000811e+01
9.440349153609126631e-01 1.484489252215693833e-01 3.612155634382500580e+01 5.343796350042365750e-01 4.558317657885390117e-01 2.741328819363867098e+01
9.440349153609126631e-01 1.484489252215693833e-01 3.612155634382500580e+01 5.343796350042365750e-01 4.558317657885390117e-01 2.741328819363867098e+01
1.053369144647734679e+00 1.292405267212078934e-01 3.134808071704334864e+01 4.878964462817110270e-01 4.271300631675479798e-01 2.809597087830393392e+01
1.000892178066687732e+00 1.452500860227413093e-01 2.479580018790769458e+01 5.333120963585327168e-01 4.760944184454667383e-01 2.775808970208994708e+01
1.010221143079009343e+00 1.723686791011731778e-01 3.153125690146115545e+01 5.251250663439429589e-01 3.931570976054433175e-01 2.738312536252482943e+01
9.391237417991998848e-01 1.209228394028115938e-01 3.466160975293566082e+01 4.478067020621936400e-01 4.953352077774492712e-01 2.633077601016075420e+01
9.664537031836952785e-01 1.413212258180423231e-01 3.822455942534183748e+01 4.550299800959234919e-01 4.516551406061367624e-01 2.695714862830505254e+01
1.006834927293498438e+00 1.775282169442480573e-01 3.278718162749269283e+01 4.946121053449690219e-01 3.972500162614185371e-01 2.507959613932057863e+01
1.010157138701735624e+00 1.689673160712217292e-01 3.783724121913685678e+01 5.201648180566456059e-01 4.044431009929675969e-01 2.335239892625518010e+01
9.773214095748151697e-01 1.617490038677366349e-01 3.879234896352124196e+01 4.967554715107284080e-01 4.310912805231203460e-01 2.604172388369783775e+01
1.033710577610951198e+00 1.289053960865861881e-01 3.245491345081815382e+01 4.764642563029564126e-01 4.809993696030283594e-01 2.534065833766429066e+01
9.614871937641513711e-01 1.371493199106874616e-01 4.276330965216920532e+01 4.619540607444904134e-01 4.712378034341785926e-01 2.885422978160452701e+01
1.057162605415559620e+00 1.284071201186648588e-02 9.019602331120438521e+00 4.538507391978657823e-01 4.449738743445281197e-01 3.093908422245222667e+01
1.077841815334201314e+00 2.242748721513646015e-02 1.960480963418453015e+01 5.165924416425027310e-01 2.614477114500644572e-01 2.617789624286785255e+01
1.067431153753734874e+00 2.133321378094539533e-02 2.484956237597419104e+01 4.846094928184271899e-01 2.983333428900704631e-01 2.832352952748894026e+01
1.063099147961365176e+00 2.545787047939248454e-02 3.240836819356760401e+01 5.227789169001666458e-01 3.107351769729742030e-01 2.858741982668457027e+01
1.075814377719262804e+00 4.160073943332601165e-02 2.604767934227833948e+01 5.013252187346772804e-01 3.279508847724383336e-01 2.837052779551980208e+01
1.076720094287114238e+00 4.434733148140877768e-03 3.351007940733074975e+01 4.870133295444628030e-01 2.898541460793331859e-01 2.932638702778443474e+01
1.071781396338169490e+00 1.164150398124054811e-02 3.209388668787470067e+01 5.048627380109942386e-01 3.326679358815989862e-01 2.925395624932788152e+01
1.066125478976468921e+00 7.699485690037502494e-02 2.913514723937969109e+01 5.791916770755350941e-01 3.308222990216272974e-01 2.356406790717059252e+01
1.057576155037574406e+00 7.396671322965943374e-02 2.604063212826119766e+01 5.898360008025509416e-01 3.471031549658034621e-01 2.467375539765985692e+01
1.057576155037574406e+00 7.396671322965943374e-02 2.604063212826119766e+01 5.898360008025509416e-01 3.471031549658034621e-01 2.467375539765985692e+01
1.067739699345750193e+00 7.824347122715226421e-02 3.124719559085533049e+01 6.116346538263623955e-01 3.397431828038234292e-01 2.408907559177604440e+01
1.067739699345750193e+00 7.824347122715226421e-02 3.124719559085533049e+01 6.116346538263623955e-01 3.397431828038234292e-01 2.408907559177604440e+01
1.056005734978451072e+00 5.675028752484313072e-02 3.072073926785060749e+01 5.777799610337537306e-01 3.300626697362669670e-01 2.285552420718996558e+01
1.086654714139621669e+00 5.606346370744987734e-02 3.123215680596895893e+01 5.596475092518790051e-01 3.789370099298237093e-01 2.539971614392998589e+01
1.092475252371875705e+00 7.013386117829355226e-02 3.668348475102703787e+01 5.748991146579464084e-01 3.483055387562282723e-01 2.419895629595646014e+01
1.092475252371875705e+00 7.013386117829355226e-02 3.668348475102703787e+01 5.748991146579464084e-01 3.483055387562282723e-01 2.419895629595646014e+01
1.072781364688900618e+00 1.106943594833373345e-01 3.565395583984758332e+01 5.844665063685953177e-01 3.400084525383568201e-01 2.430619700903526592e+01
1.073122389576738778e+00 3.266925142555009154e-02 1.246832454309654636e+01 5.957072696165849335e-01 3.278282121199149746e-01 2.279246342275133586e+01
1.051638949356096919e+00 5.900517694136407643e-02 1.917873492963103388e+01 6.037991635707321558e-01 3.163903952570822908e-01 2.142655754690412806e+01
1.096408613143384336e+00 2.961725561203265578e-02 8.570684418299325813e+00 5.518067208729756645e-01 3.165988287890392217e-01 2.321692216700045819e+01
1.116444727776928714e+00 4.285145061306407099e-02 2.115086859115054096e+01 5.846357409467480837e-01 3.509796849063448465e-01 2.268399650913470467e+01
1.116444727776928714e+00 4.285145061306407099e-02 2.115086859115054096e+01 5.846357409467480837e-01 3.509796849063448465e-01 2.268399650913470467e+01
9.980363786016205330e-01 7.380477128573956214e-02 2.756049971611548699e+01 5.666551171712599366e-01 3.288558893128160077e-01 2.748643065041259703e+01
1.055320215322346655e+00 8.484442685362265923e-02 3.029295192849975749e+01 5.784913979546896234e-01 3.703118016552365832e-01 2.805182818944182088e+01
1.085288039971040730e+00 7.141785870938242853e-02 2.902409383254926922e+01 5.540783380670787350e-01 3.573854017735655364e-01 2.650193215930601198e+01
1.076238662159945569e+00 8.242030684032088106e-02 3.344167894329234514e+01 5.835014576433884548e-01 3.367672471694662106e-01 2.751469571355423582e+01
1.076238662159945569e+00 8.242030684032088106e-02 3.344167894329234514e+01 5.835014576433884548e-01 3.367672471694662106e-01 2.751469571355423582e+01
1.071755354664736037e+00 7.266316708928743928e-02 3.008016290971405127e+01 5.644180495008531695e-01 3.758794366620850647e-01 2.617238950258010988e+01
1.071755354664736037e+00 7.266316708928743928e-02 3.008016290971405127e+01 5.644180495008531695e-01 3.758794366620850647e-01 2.617238950258010988e+01
1.110122844025980271e+00 1.025257710905009279e-01 2.860730823609895168e+01 5.660132489258868915e-01 3.566424841046598182e-01 2.529854966243944503e+01
1.072450392182113132e+00 8.620025505449864511e-02 3.243044826088690513e+01 5.487563368085488502e-01 3.455013540708373743e-01 2.590368388394451671e+01
1.076505509130096350e+00 6.065651651908227082e-02 3.619798226303697675e+01 5.386085386789984941e-01 3.258632589081358888e-01 2.278343631934180635e+01
1.076505509130096350e+00 6.065651651908227082e-02 3.619798226303697675e+01 5.386085386789984941e-01 3.258632589081358888e-01 2.278343631934180635e+01
1.107120216986212657e+00 5.606338031366391028e-02 2.528720336495602083e+01 5.061840201403277062e-01 3.348671870787294225e-01 2.156551959054163703e+01
1.124117295840080910e+00 4.970864069141588820e-02 3.119588572960591577e+01 5.442302240377356881e-01 2.735511860931317818e-01 3.027977384616065137e+01
1.124117295840080910e+00 4.970864069141588820e-02 3.119588572960591577e+01 5.442302240377356881e-01 2.735511860931317818e-01 3.027977384616065137e+01
1.148581328483502473e+00 3.373845918141896161e-02 2.794880884296597401e+01 5.516627704066564553e-01 3.172161762633224913e-01 2.962951249526162911e+01
1.118983569151181356e+00 4.832355014886221406e-02 3.026621175964054444e+01 5.681142212981030726e-01 3.134970821140657393e-01 3.148815917460807867e+01
1.127146401202842707e+00 5.484015821923053646e-02 2.996529763295447069e+01 5.354496495674201384e-01 3.018984306087550418e-01 2.793654779797182641e+01
1.069750208355300991e+00 3.186694950478824451e-03 3.298218464767491298e+01 6.165312416773002235e-01 3.308589919488502673e-01 2.927708775564711985e+01
1.069750208355300991e+00 3.186694950478824451e-03 3.298218464767491298e+01 6.165312416773002235e-01 3.308589919488502673e-01 2.927708775564711985e+01
1.093741706669113078e+00 5.567451270372961863e-02 3.380242220588234403e+01 6.219217327032277032e-01 3.638203317594722597e-01 2.808158806418483877e+01
1.093741706669113078e+00 5.567451270372961863e-02 3.380242220588234403e+01 6.219217327032277032e-01 3.638203317594722597e-01 2.808158806418483877e+01
1.083237486312453868e+00 4.977127645957205027e-02 3.141849356508716085e+01 6.312725263827019262e-01 3.468093549606332537e-01 2.960526496435035426e+01
1.083237486312453868e+00 4.977127645957205027e-02 3.141849356508716085e+01 6.312725263827019262e-01 3.468093549606332537e-01 2.960526496435035426e+01
1.061494384929140944e+00 1.690127349671025417e-02 3.776457774335727891e+01 5.827520546970371695e-01 3.540216877662744066e-01 3.004846239041212996e+01
1.061494384929140944e+00 1.690127349671025417e-02 3.776457774335727891e+01 5.827520546970371695e-01 3.540216877662744066e-01 3.004846239041212996e+01
1.053880339216254791e+00 4.449346880804096876e-02 3.468879407655551006e+01 6.170985510655412343e-01 3.557368534362171930e-01 2.846117899555362740e+01
1.053880339216254791e+00 4.449346880804096876e-02 3.468879407655551006e+01 6.170985510655412343e-01 3.557368534362171930e-01 2.846117899555362740e+01
1.133426736220738862e+00 1.075102966565519291e-02 2.250451399196816027e+01 6.588337103143114826e-01 3.031236425032351467e-01 2.741062699056765695e+01
1.133426736220738862e+00 1.075102966565519291e-02 2.250451399196816027e+01 6.588337103143114826e-01 3.031236425032351467e-01 2.741062699056765695e+01
1.108825799379519639e+00 2.169378858074781646e-02 2.539553692852328126e+01 6.806809390018675465e-01 2.567665781311887496e-01 2.715490191841644219e+01
1.127875256613517951e+00 4.482102981180156182e-02 3.096183263992353574e+01 6.414496805485948583e-01 2.982780172532735752e-01 2.857238538105329084e+01
1.114193106533519106e+00 4.637141755091866296e-02 2.185726972822042313e+01 6.127291241358091556e-01 2.939970183680021831e-01 2.844032322938236490e+01
1.114193106533519106e+00 4.637141755091866296e-02 2.185726972822042313e+01 6.127291241358091556e-01 2.939970183680021831e-01 2.844032322938236490e+01
1.120565720893399897e+00 1.279087630139641094e-02 2.819101573303134600e+01 6.654428779416571293e-01 2.727441580114128294e-01 2.843758036564694081e+01
1.068513477796065203e+00 2.959368920116643362e-02 3.205322479149853621e+01 6.429987377630242973e-01 3.387798401775498625e-01 2.522602948556560420e+01
1.068513477796065203e+00 2.959368920116643362e-02 3.205322479149853621e+01 6.429987377630242973e-01 3.387798401775498625e-01 2.522602948556560420e+01
1.062812842339391217e+00 4.569275720600248641e-02 3.223649858187064865e+01 6.301767274169407518e-01 3.294932065800601495e-01 2.466146499206639930e+01
1.062812842339391217e+00 4.569275720600248641e-02 3.223649858187064865e+01 6.301767274169407518e-01 3.294932065800601495e-01 2.466146499206639930e+01
1.094316530588313130e+00 2.628494909326845388e-02 3.584751860962454373e+01 6.502280350089743033e-01 3.163941722699824544e-01 2.437576196831180297e+01
1.094316530588313130e+00 2.628494909326845388e-02 3.584751860962454373e+01 6.502280350089743033e-01 3.163941722699824544e-01 2.437576196831180297e+01
1.044159889995946111e+00 3.366946100845680939e-02 3.075512106682571556e+01 6.194047419527659581e-01 3.157478757557578009e-01 2.125201213440298176e+01
1.071734565915901438e+00 4.804038593169807775e-02 3.394112828595713438e+01 6.539045245793992933e-01 3.458107003912399557e-01 2.476804174391696023e+01
1.071734565915901438e+00 4.804038593169807775e-02 3.394112828595713438e+01 6.539045245793992933e-01 3.458107003912399557e-01 2.476804174391696023e+01
1.071734565915901438e+00 4.804038593169807775e-02 3.394112828595713438e+01 6.539045245793992933e-01 3.458107003912399557e-01 2.476804174391696023e+01
1.047387959118827760e+00 2.014177446021870460e-02 3.905928152167461320e+01 5.686133869887183279e-01 3.493323652378274580e-01 2.567664544968086560e+01
1.050711869765354356e+00 6.309784085018577821e-03 4.320094130926212017e+01 5.668936343323626170e-01 3.734391058601342905e-01 2.776213073440883505e+01
1.050711869765354356e+00 6.309784085018577821e-03 4.320094130926212017e+01 5.668936343323626170e-01 3.734391058601342905e-01 2.776213073440883505e+01
1.056152265829745307e+00 0.000000000000000000e+00 4.180953228052749893e+01 5.663431887917217411e-01 4.030628880202852260e-01 2.672817537755392792e+01
1.104620732635063884e+00 0.000000000000000000e+00 2.845897795561988985e+01 6.348936391050006289e-01 2.835149050206209331e-01 2.986148706499486494e+01
1.103622081915165420e+00 7.718874501493258079e-03 2.861660526679493444e+01 6.114318869284397495e-01 3.278153806406381432e-01 2.872547999486627290e+01
1.103622081915165420e+00 7.718874501493258079e-03 2.861660526679493444e+01 6.114318869284397495e-01 3.278153806406381432e-01 2.872547999486627290e+01
1.167523838491145938e+00 0.000000000000000000e+00 2.731181343170353770e+01 6.017878915829086850e-01 2.921128867319904288e-01 2.590382783221020091e+01
1.167523838491145938e+00 0.000000000000000000e+00 2.731181343170353770e+01 6.017878915829086850e-01 2.921128867319904288e-01 2.590382783221020091e+01
1.085495131837209248e+00 0.000000000000000000e+00 2.378763544579485867e+01 6.381550797670773045e-01 3.043280122298349655e-01 2.753200911344863400e+01
1.081842193976611854e+00 1.745388882076818332e-02 2.193907211595533013e+01 6.384527060700977419e-01 3.911338617848699739e-01 2.581045137865110917e+01
1.081842193976611854e+00 1.745388882076818332e-02 2.193907211595533013e+01 6.384527060700977419e-01 3.911338617848699739e-01 2.581045137865110917e+01
1.069760964578833740e+00 9.417085822741958281e-03 3.221232587889508636e+01 6.291892542425566726e-01 3.934431261871749186e-01 2.497125754790148378e+01
1.069760964578833740e+00 9.417085822741958281e-03 3.221232587889508636e+01 6.291892542425566726e-01 3.934431261871749186e-01 2.497125754790148378e+01
1.065345762559759546e+00 6.317107193248149011e-03 3.116403085442792786e+01 6.581947436103080529e-01 3.790999320248777948e-01 2.542027144082420520e+01
1.065345762559759546e+00 6.317107193248149011e-03 3.116403085442792786e+01 6.581947436103080529e-01 3.790999320248777948e-01 2.542027144082420520e+01
1.100300754087379707e+00 9.629396116423551491e-03 2.653174855379251440e+01 6.172198695133614965e-01 3.783940904864369070e-01 2.278775627499991430e+01
1.100300754087379707e+00 9.629396116423551491e-03 2.653174855379251440e+01 6.172198695133614965e-01 3.783940904864369070e-01 2.278775627499991430e+01
1.052834045673470831e+00 4.769828072754285497e-02 2.814449723272664627e+01 6.157764884915267745e-01 3.960854531538614554e-01 2.504695348461848425e+01
1.169863324783748215e+00 0.000000000000000000e+00 2.647366900113997445e+01 6.224364737959114935e-01 3.689094160394533750e-01 2.595271258451281682e+01
1.169863324783748215e+00 0.000000000000000000e+00 2.647366900113997445e+01 6.224364737959114935e-01 3.689094160394533750e-01 2.595271258451281682e+01
1.169863324783748215e+00 0.000000000000000000e+00 2.647366900113997445e+01 6.224364737959114935e-01 3.689094160394533750e-01 2.595271258451281682e+01
1.128626073157993570e+00 1.412380547211644979e-02 2.095951550569143151e+01 6.707058540384341905e-01 3.286399995643221050e-01 2.583233308200006562e+01
1.148283408315083909e+00 0.000000000000000000e+00 1.861984358415005403e+01 6.341336739013124779e-01 3.405878225198319398e-01 2.406324936834259987e+01
1.148283408315083909e+00 0.000000000000000000e+00 1.861984358415005403e+01 6.341336739013124779e-01 3.405878225198319398e-01 2.406324936834259987e+01
1.112526999166433272e+00 0.000000000000000000e+00 1.969781062448835840e+01 6.551672426457455511e-01 3.345449199186087963e-01 2.384900525855127640e+01
1.112526999166433272e+00 0.000000000000000000e+00 1.969781062448835840e+01 6.551672426457455511e-01 3.345449199186087963e-01 2.384900525855127640e+01
1.126780790062813065e+00 0.000000000000000000e+00 1.912962247150886697e+01 6.627186751421141331e-01 3.299270489931872552e-01 2.306595270838715805e+01
1.126780790062813065e+00 0.000000000000000000e+00 1.912962247150886697e+01 6.627186751421141331e-01 3.299270489931872552e-01 2.306595270838715805e+01
9.821052617090930692e-01 9.308408846096542788e-02 3.708603017008481828e+01 6.131229738105755667e-01 3.547505252438224455e-01 2.634428321595638067e+01
9.821052617090930692e-01 9.308408846096542788e-02 3.708603017008481828e+01 6.131229738105755667e-01 3.547505252438224455e-01 2.634428321595638067e+01
1.020115018879043545e+00 8.149896430142279657e-02 3.576560031585007948e+01 6.303415797752033312e-01 3.721195904481621186e-01 2.844875226625926956e+01
1.020115018879043545e+00 8.149896430142279657e-02 3.576560031585007948e+01 6.303415797752033312e-01 3.721195904481621186e-01 2.844875226625926956e+01
1.020115018879043545e+00 8.149896430142279657e-02 3.576560031585007948e+01 6.303415797752033312e-01 3.721195904481621186e-01 2.844875226625926956e+01
1.044448451319964555e+00 9.257543553203582964e-02 4.058557739733518588e+01 6.509644764530984062e-01 3.513924625188754036e-01 2.773478590781143183e+01
1.044448451319964555e+00 9.257543553203582964e-02 4.058557739733518588e+01 6.509644764530984062e-01 3.513924625188754036e-01 2.773478590781143183e+01
1.018917371933008020e+00 1.096884451550348971e-01 3.096194794280460982e+01 6.504826908683005726e-01 3.607442016165262610e-01 3.017320225622137286e+01
1.018917371933008020e+00 1.096884451550348971e-01 3.096194794280460982e+01 6.504826908683005726e-01 3.607442016165262610e-01 3.017320225622137286e+01
1.018917371933008020e+00 1.096884451550348971e-01 3.096194794280460982e+01 6.504826908683005726e-01 3.607442016165262610e-01 3.017320225622137286e+01
1.036211036496657023e+00 1.214299269069400444e-01 3.080355132181923139e+01 6.442722625704766504e-01 3.831128154592302604e-01 2.802321817407160509e+01
1.036211036496657023e+00 1.214299269069400444e-01 3.080355132181923139e+01 6.442722625704766504e-01 3.831128154592302604e-01 2.802321817407160509e+01
1.118608881379943965e+00 3.501395855082417574e-02 2.447759849426265077e+01 5.772405347067487424e-01 2.908061237911823693e-01 2.765571497096678044e+01
1.118608881379943965e+00 3.501395855082417574e-02 2.447759849426265077e+01 5.772405347067487424e-01 2.908061237911823693e-01 2.765571497096678044e+01
1.116437861609130167e+00 6.545933089885772049e-02 2.822827221164783040e+01 6.016539779155771761e-01 2.959294646562434239e-01 2.934256671698061680e+01
1.116437861609130167e+00 6.545933089885772049e-02 2.822827221164783040e+01 6.016539779155771761e-01 2.959294646562434239e-01 2.934256671698061680e+01
1.115580708408141053e+00 4.840715627679979816e-02 2.422522918521789137e+01 5.460895800543128509e-01 3.180878128701462582e-01 2.952692831128251783e+01
1.115580708408141053e+00 4.840715627679979816e-02 2.422522918521789137e+01 5.460895800543128509e-01 3.180878128701462582e-01 2.952692831128251783e+01
1.071881078657922703e+00 3.254141791673526019e-02 2.174969510903046555e+01 5.844592031619394445e-01 2.854939631274734935e-01 2.807630422084174882e+01
1.077496384674462959e+00 3.469005316320283860e-02 3.147696080298288024e+01 5.842339884252326643e-01 2.669767810345747838e-01 2.941474648717164442e+01
1.088695604615286694e+00 2.633970126225015224e-02 1.893132768781428510e+01 6.131546935482612426e-01 2.899309637559223107e-01 3.054204921052176047e+01
1.088695604615286694e+00 2.633970126225015224e-02 1.893132768781428510e+01 6.131546935482612426e-01 2.899309637559223107e-01 3.054204921052176047e+01
1.054709100469886973e+00 4.408280896415201627e-02 3.030168621718861033e+01 6.886877490737856045e-01 3.718748367025697665e-01 2.840849722331286387e+01
1.054709100469886973e+00 4.408280896415201627e-02 3.030168621718861033e+01 6.886877490737856045e-01 3.718748367025697665e-01 2.840849722331286387e+01
1.054709100469886973e+00 4.408280896415201627e-02 3.030168621718861033e+01 6.886877490737856045e-01 3.718748367025697665e-01 2.840849722331286387e+01
1.116363249743206110e+00 7.355628995480903431e-02 3.847589584863244738e+01 6.652990704571036806e-01 3.836393595276820778e-01 2.688564407422515501e+01
1.116363249743206110e+00 7.355628995480903431e-02 3.847589584863244738e+01 6.652990704571036806e-01 3.836393595276820778e-01 2.688564407422515501e+01
1.116363249743206110e+00 7.355628995480903431e-02 3.847589584863244738e+01 6.652990704571036806e-01 3.836393595276820778e-01 2.688564407422515501e+01
1.095653578956058194e+00 2.757606855680115945e-02 3.708533334376286206e+01 6.544103840977839592e-01 3.815106001488838272e-01 2.932249510995400144e+01
1.095653578956058194e+00 2.757606855680115945e-02 3.708533334376286206e+01 6.544103840977839592e-01 3.815106001488838272e-01 2.932249510995400144e+01
1.095653578956058194e+00 2.757606855680115945e-02 3.708533334376286206e+01 6.544103840977839592e-01 3.815106001488838272e-01 2.932249510995400144e+01
1.081775134898798285e+00 5.330782279840766413e-02 2.804243056463115025e+01 6.330744579245668469e-01 3.905153290126501808e-01 2.622156242067421417e+01
1.081775134898798285e+00 5.330782279840766413e-02 2.804243056463115025e+01 6.330744579245668469e-01 3.905153290126501808e-01 2.622156242067421417e+01
1.094563099964900532e+00 8.254785122459021296e-02 2.520581964965747446e+01 6.446973083503360069e-01 3.879549719422903387e-01 2.722881999853748880e+01
1.094563099964900532e+00 8.254785122459021296e-02 2.520581964965747446e+01 6.446973083503360069e-01 3.879549719422903387e-01 2.722881999853748880e+01
1.094563099964900532e+00 8.254785122459021296e-02 2.520581964965747446e+01 6.446973083503360069e-01 3.879549719422903387e-01 2.722881999853748880e+01
1.093848989257527604e+00 7.890842336450532013e-02 3.329411039479196432e+01 6.458734854807872683e-01 3.862588951704955531e-01 2.858734452450998376e+01
1.093848989257527604e+00 7.890842336450532013e-02 3.329411039479196432e+01 6.458734854807872683e-01 3.862588951704955531e-01 2.858734452450998376e+01
1.093848989257527604e+00 7.890842336450532013e-02 3.329411039479196432e+01 6.458734854807872683e-01 3.862588951704955531e-01 2.858734452450998376e+01
1.117886473174923623e+00 5.016096472701838532e-02 3.468935567544292553e+01 6.413073805154676510e-01 3.814247122586475469e-01 2.732010631526236821e+01
1.117886473174923623e+00 5.016096472701838532e-02 3.468935567544292553e+01 6.413073805154676510e-01 3.814247122586475469e-01 2.732010631526236821e+01
1.129639651402473799e+00 1.636281741025980008e-01 3.364310802311454296e+01 5.385398352836323621e-01 2.114817038781931779e-01 1.950746095994778884e+01
1.087176930635533889e+00 1.399019894777146500e-01 2.964039118197653266e+01 5.797179453021757967e-01 1.428338222161575355e-01 1.481716446049980185e+01
1.112096455868809342e+00 0.000000000000000000e+00 4.928096454348775524e+01 5.374363933236117052e-01 3.364919488599672492e-01 3.168996661173842000e+01
9.798186226815083222e-01 8.217471026046041516e-02 3.779948301007647871e+01 5.379319458534772558e-01 4.028786359466093869e-01 2.727103058708477334e+01
1.028078980995260627e+00 9.741762671288194120e-02 4.609403393088152256e+01 5.001911034551523860e-01 3.773130721088929773e-01 2.647581898959223778e+01
1.007849262244871591e+00 1.062564057493564640e-01 4.381760689338455705e+01 5.144614413524509766e-01 4.267588203634380961e-01 2.797505965963279095e+01
9.624996335498657851e-01 1.021122491885516348e-01 3.447773570871980553e+01 5.180125850067568427e-01 3.928621910949015583e-01 2.702756365047781273e+01
9.954188925977364155e-01 1.489867790317077889e-01 4.991052154294173704e+01 5.471341324040908116e-01 3.180280809344980253e-01 2.376149338532219701e+01
1.014320350023960149e+00 1.299874702194053766e-01 4.905996688406979445e+01 5.111110935138591937e-01 3.304272426122480399e-01 2.297735313579042682e+01
1.031261046271809700e+00 1.737743260983563853e-01 5.161962166406787134e+01 5.208699303342946285e-01 3.364967018633319706e-01 2.609519428421779352e+01
1.060717643141164013e+00 1.370815936123286893e-01 5.200000000000000000e+01 5.428684089642614730e-01 3.480271331837385684e-01 2.521911027776132030e+01
1.060717643141164013e+00 1.370815936123286893e-01 5.200000000000000000e+01 5.428684089642614730e-01 3.480271331837385684e-01 2.521911027776132030e+01
9.943967245606257777e-01 1.285823725900966108e-01 4.464009951625359918e+01 5.436830448890233036e-01 3.442099435146406261e-01 2.635728307049892294e+01
1.030138452180785924e+00 1.270768429022018919e-01 4.592777574538065721e+01 4.989858708375463081e-01 3.813658902231987780e-01 2.499514538270124930e+01
1.007638138259979943e+00 5.753589238839089404e-02 4.374117319413777238e+01 5.220037885043751213e-01 4.666884761986010433e-01 2.777770017405030956e+01
1.058698825849128333e+00 1.367247563757166828e-01 4.437657274623671100e+01 5.415244280517140796e-01 4.958938859037365643e-01 3.054829625822513250e+01
1.056593549093942874e+00 1.021735291335301027e-01 5.101668719430365684e+01 5.162004643391912007e-01 4.778492686053579797e-01 2.765887169622393316e+01
1.067526837314736854e+00 9.363855187890895992e-02 4.810579383357870853e+01 5.666884543855740253e-01 5.054736185465176224e-01 2.795572774668423577e+01
1.047779422473788857e+00 5.777703211899582608e-02 4.074570388363013507e+01 5.535899752613039349e-01 4.542502930756530666e-01 2.780436167570301009e+01
1.043948261219770579e+00 8.466601925239855553e-02 5.200000000000000000e+01 5.690752192843692159e-01 4.766501111468846585e-01 2.746412219183322989e+01
9.478145793916933348e-01 1.188747429286116930e-01 4.473542807481333483e+01 6.017579651226425685e-01 3.545968225536457741e-01 2.390899236682011875e+01
9.845324257357741526e-01 1.751673874026160871e-01 4.540115622457741296e+01 5.086957993720119253e-01 3.749465109684934072e-01 2.621258622731208376e+01
9.845324257357741526e-01 1.751673874026160871e-01 4.540115622457741296e+01 5.086957993720119253e-01 3.749465109684934072e-01 2.621258622731208376e+01
9.841022258730613981e-01 1.638892839599266349e-01 4.594971787145776432e+01 5.304283826397446777e-01 3.414911779379574130e-01 2.635474297978999658e+01
9.213447518333413022e-01 1.006656182169362174e-01 4.186211574714658923e+01 5.480657974261469167e-01 3.493873528874123502e-01 2.414853056001567566e+01
9.402594792556404624e-01 1.135033118192429885e-01 4.602278799115872943e+01 5.530314701480686379e-01 3.639422538640980642e-01 2.464183595022134199e+01
9.532821803539007766e-01 1.096730608852753835e-01 3.989773153750955714e+01 6.148704912531350875e-01 3.896787343419953475e-01 2.517451599512724769e+01
9.668755674744341500e-01 1.077476695333799972e-01 4.800665095313594577e+01 5.589477913522917785e-01 3.847990571007003924e-01 2.292284701511150047e+01
9.954443801637195000e-01 6.055444780554093687e-02 4.054425380837866300e+01 5.437015713486786916e-01 5.032774259498908886e-01 2.924676042311948621e+01
9.875509059787489496e-01 6.259602103308317678e-02 4.162265534908940623e+01 5.600231747074569943e-01 4.779708140945311823e-01 3.045591262769734087e+01
1.024060224360362481e+00 7.218748963864600465e-02 3.959357346945617451e+01 5.463997375716114213e-01 4.779491606973875761e-01 2.978596691975111099e+01
9.896951946450286419e-01 4.763574257849860494e-02 3.815294343219693474e+01 5.725011542782915130e-01 4.803327657357272518e-01 3.075239601694207536e+01
1.052290436818364538e+00 9.417708667379542931e-02 3.698245962848663737e+01 5.935266427017872326e-01 4.039364400442323477e-01 2.773671568959222711e+01
1.039794775269103910e+00 1.184143417320420305e-01 4.499802916917203532e+01 6.002379959158558043e-01 3.713827556047428757e-01 2.833321336644760180e+01
1.039794775269103910e+00 1.184143417320420305e-01 4.499802916917203532e+01 6.002379959158558043e-01 3.713827556047428757e-01 2.833321336644760180e+01
1.027120327390700361e+00 1.024980794195796130e-01 4.158236188852701787e+01 5.735850401710046453e-01 4.613156154065467529e-01 2.839598517877960404e+01
1.056175346935992021e+00 2.345018397902854171e-02 3.124739342167503153e+01 5.583494384752907269e-01 4.721398930950682082e-01 2.793675142815916956e+01
1.028168688256953622e+00 4.821454065800178518e-02 3.956731543885305058e+01 5.525288599285073099e-01 5.031071381125574726e-01 2.721034723714263137e+01
1.030172982331332143e+00 2.709601966994983416e-02 4.289053028631127518e+01 5.818560288711243089e-01 4.717091754052014640e-01 2.889239302500782358e+01
1.047705620418816430e+00 1.268424015567218843e-01 5.200000000000000000e+01 5.367245100645628986e-01 4.426866294795939183e-01 2.931252009210061260e+01
1.055123150695838063e+00 1.066942272179707690e-01 4.293901940977109888e+01 6.089868880792860262e-01 4.099902063789883644e-01 2.910618805342458160e+01
1.055123150695838063e+00 1.066942272179707690e-01 4.293901940977109888e+01 6.089868880792860262e-01 4.099902063789883644e-01 2.910618805342458160e+01
1.046772690191300370e+00 1.087452407291869122e-01 4.211305920761125776e+01 5.811153790174071743e-01 3.988579606673803291e-01 2.729305273745190519e+01
1.046772690191300370e+00 1.087452407291869122e-01 4.211305920761125776e+01 5.811153790174071743e-01 3.988579606673803291e-01 2.729305273745190519e+01
1.049568617547097515e+00 1.031905889682394606e-01 4.768134434755531004e+01 5.429692954997740184e-01 3.969870559241994723e-01 2.985191285356286173e+01
1.054804510154243369e+00 1.309873556106666559e-01 4.768699613477960497e+01 5.386780436565760111e-01 4.303332637215745438e-01 3.072043599720705132e+01
1.127537264442168397e+00 1.059546290553608772e-01 4.988118350686458768e+01 5.666998624858563538e-01 4.324437266047176376e-01 3.238488860497669464e+01
1.052084877279820585e+00 1.427367380400516306e-01 5.200000000000000000e+01 5.514892611792860944e-01 4.189560746805210956e-01 3.063803399895688884e+01
1.052084877279820585e+00 1.427367380400516306e-01 5.200000000000000000e+01 5.514892611792860944e-01 4.189560746805210956e-01 3.063803399895688884e+01
1.048989294108719772e+00 1.410417013980140022e-01 5.200000000000000000e+01 5.313185402532895063e-01 4.262956987957412514e-01 3.493097168651709694e+01
1.073795607880175362e+00 1.514105426211628525e-01 4.790288173436827890e+01 5.673716792606640080e-01 4.428125776517547463e-01 3.113130358521121366e+01
1.118361201720810216e+00 1.409167686574686884e-01 5.200000000000000000e+01 5.402133108685075458e-01 4.318782174179220390e-01 3.145178843921587486e+01
1.118361201720810216e+00 1.409167686574686884e-01 5.200000000000000000e+01 5.402133108685075458e-01 4.318782174179220390e-01 3.145178843921587486e+01
1.094134307879902401e+00 1.226710296026170266e-01 5.200000000000000000e+01 5.658393326364754561e-01 4.415108742330977609e-01 2.777439173492606983e+01
1.088308361946071390e+00 1.670200082038938993e-01 4.490779035538005104e+01 6.030555249068124679e-01 4.092268453844951082e-01 2.975096155920564556e+01
1.046771423155232306e+00 1.391132477868832484e-01 3.993981920102879712e+01 5.613305727681270341e-01 3.721253282114836969e-01 2.750288569563140939e+01
1.050575028848454107e+00 1.517674239747482112e-01 4.621084106326747332e+01 5.552370606879695192e-01 4.052173861114697906e-01 2.777679037421579977e+01
1.049274693949673098e+00 1.380659856774235361e-01 4.525566199681772162e+01 5.930469647917935294e-01 3.844029061259799929e-01 2.902408190505278895e+01
1.059293737949361658e+00 1.182591897751429644e-01 4.378957870519217721e+01 5.766402857806455229e-01 3.596883638038517739e-01 2.736799197097245440e+01
1.002896397578917131e+00 9.437241149129750595e-02 5.146575488686016087e+01 4.944155522905079314e-01 3.942795863876207285e-01 2.248506201448566344e+01
1.006221594245814366e+00 6.547803178154006087e-02 5.041027016799316129e+01 5.272351022540033849e-01 4.152109869592306990e-01 2.408250435069627926e+01
1.000180109911932513e+00 8.531916521446139545e-02 4.819027887280574873e+01 5.408483534761101552e-01 4.154850834433044260e-01 2.498445777664884204e+01
1.072090824562186517e+00 5.376664132633288129e-02 3.646915102058490987e+01 5.227414882738333768e-01 3.675439492166707178e-01 2.666899763597580630e+01
1.072173222525280911e+00 9.253852774093242195e-02 2.911520061425991557e+01 5.119101435713188097e-01 3.706300268211522031e-01 2.765075994993278385e+01
1.053283401261496222e+00 1.088174274092299637e-02 3.915365969237726063e+01 5.703613712548034620e-01 4.716468803619266459e-01 3.317786910064958050e+01
1.053283401261496222e+00 1.088174274092299637e-02 3.915365969237726063e+01 5.703613712548034620e-01 4.716468803619266459e-01 3.317786910064958050e+01
1.057641496348651122e+00 3.879259482512135981e-02 4.113507649167507196e+01 5.772984307486758171e-01 4.698493730942724933e-01 3.266183080445906484e+01
1.076421233644680120e+00 2.620519083994333337e-02 4.506084428892437188e+01 5.937109974999876805e-01 4.753331176138722580e-01 3.136434689984229607e+01
1.076421233644680120e+00 2.620519083994333337e-02 4.506084428892437188e+01 5.937109974999876805e-01 4.753331176138722580e-01 3.136434689984229607e+01
1.067683264867794746e+00 3.565772748505290773e-02 4.286384776272956998e+01 5.516484259632005172e-01 4.547044611573976547e-01 3.282690614974395515e+01
1.067683264867794746e+00 3.565772748505290773e-02 4.286384776272956998e+01 5.516484259632005172e-01 4.547044611573976547e-01 3.282690614974395515e+01
1.080218575560256244e+00 5.143503712255308169e-02 4.354976022664425983e+01 6.051660843830116709e-01 4.518419879555878316e-01 3.338119293891560346e+01
1.080218575560256244e+00 5.143503712255308169e-02 4.354976022664425983e+01 6.051660843830116709e-01 4.518419879555878316e-01 3.338119293891560346e+01
1.000911699716597214e+00 1.234133816449967114e-01 5.200000000000000000e+01 5.912883091639774547e-01 4.504824890626742961e-01 3.027106580497592603e+01
9.879780642852260542e-01 1.402946322570465809e-01 5.141821272878355131e+01 6.069731935294305769e-01 4.490162017045963849e-01 2.899654833796710207e+01
9.879780642852260542e-01 1.402946322570465809e-01 5.141821272878355131e+01 6.069731935294305769e-01 4.490162017045963849e-01 2.899654833796710207e+01
9.757559569450950931e-01 1.000667355038801498e-01 3.732854958503932608e+01 5.725022702190024626e-01 4.538515083462275057e-01 2.613689525290465809e+01
9.757559569450950931e-01 1.000667355038801498e-01 3.732854958503932608e+01 5.725022702190024626e-01 4.538515083462275057e-01 2.613689525290465809e+01
1.000986129355644128e+00 1.133994331828995367e-01 4.288162267859594579e+01 5.774965471461512845e-01 4.633400361244787158e-01 2.392924116772125132e+01
1.024605836057821184e+00 1.264420618190466306e-01 3.807844707244950655e+01 5.729659409689570326e-01 4.578424266364100048e-01 2.442115222067425861e+01
1.024605836057821184e+00 1.264420618190466306e-01 3.807844707244950655e+01 5.729659409689570326e-01 4.578424266364100048e-01 2.442115222067425861e+01
9.999098712152064694e-01 1.242765857527899226e-01 3.677985916388670518e+01 5.831479229548705012e-01 4.685114343530459302e-01 2.494761418220597449e+01
9.443743619319330262e-01 8.504721322636649150e-02 4.937631573470429203e+01 5.501161541562229473e-01 4.311310944863306904e-01 2.355952505321273094e+01
1.005879792388755023e+00 1.435331821690839782e-01 4.240567575530972988e+01 4.905579754332232145e-01 4.511492804807690771e-01 2.689853096942288602e+01
9.787398427937068490e-01 1.115131563738825798e-01 4.263561505152613051e+01 5.409731383703069163e-01 4.445137323664890006e-01 2.477580063869707061e+01
1.000788853868935568e+00 1.279168960472663319e-01 4.757021671653726713e+01 5.238307491157457862e-01 4.533762949660049002e-01 2.497892992364338838e+01
9.922874439603260877e-01 1.201324648120560140e-01 4.249109761244447014e+01 5.524270446087913289e-01 4.785055803855147727e-01 2.453649681091837920e+01
1.027766897585138617e+00 1.119973067782138731e-01 4.119962797898980256e+01 6.024073114410154473e-01 4.486356934827965826e-01 2.278783107132925778e+01
1.057415847074427706e+00 1.605060489271344926e-01 4.309870129349486945e+01 5.890099210615368230e-01 4.773518493483123737e-01 2.060065824997034412e+01
1.057415847074427706e+00 1.605060489271344926e-01 4.309870129349486945e+01 5.890099210615368230e-01 4.773518493483123737e-01 2.060065824997034412e+01
9.970640687462046792e-01 9.543741155042499702e-02 4.220796947164923552e+01 5.995554143695437377e-01 4.411235916979407423e-01 2.271088463378331213e+01
9.791203088900963802e-01 1.009216627898394392e-01 4.207434802293996512e+01 5.880268522511477025e-01 4.799173370223215329e-01 2.456228017899271165e+01
9.919397916327843401e-01 1.114987844116450272e-01 3.471989543526898814e+01 5.722721866342567187e-01 5.207620662646258447e-01 2.269803980573659175e+01
9.895720145979497451e-01 1.099428455660564075e-01 3.665954281817016636e+01 5.851656096897552839e-01 4.758430471266457129e-01 2.029212265499793588e+01
1.087766100159232474e+00 5.909742828153770333e-02 5.200000000000000000e+01 5.270137824077223421e-01 3.707252776283141982e-01 2.838606934639362223e+01
1.068244020694745222e+00 6.893922459466975128e-02 5.200000000000000000e+01 5.448522390089484135e-01 4.164732813812126455e-01 2.670058105504427104e+01
1.068244020694745222e+00 6.893922459466975128e-02 5.200000000000000000e+01 5.448522390089484135e-01 4.164732813812126455e-01 2.670058105504427104e+01
9.836172363887507597e-01 0.000000000000000000e+00 3.797419142514113588e+01 5.203434847407968356e-01 3.763681981664527831e-01 3.233810585332350485e+01
1.032182432433799812e+00 2.728697607921253682e-02 4.761554211390954805e+01 5.303674713984340983e-01 4.242715920929882589e-01 3.261036055586748716e+01
1.023237327760468718e+00 1.935401675848838488e-03 4.558515643397728212e+01 5.275282227230906340e-01 4.556507616680525730e-01 3.115902260329577089e+01
1.005947058493216195e+00 8.473890547983444627e-03 3.964654891097983125e+01 5.583273830969363027e-01 4.213271026502228289e-01 3.324173476870981858e+01
1.087424911702237651e+00 6.809681080497563543e-02 3.111529096126093208e+01 5.118390592643061732e-01 3.816959704390906483e-01 2.442091866187838889e+01
1.028098730693961738e+00 7.683825947630082420e-02 3.638317124147259563e+01 5.169692633593683251e-01 4.036777085041088342e-01 2.387044051282999746e+01
9.742324310410499510e-01 1.447295158316954378e-01 4.597910205912468484e+01 4.910491684412662261e-01 3.858293394486208006e-01 2.753134287672889968e+01
1.105124968279596720e+00 5.563648500858597856e-02 3.211896676186545108e+01 5.387422539187334269e-01 4.013145626035185543e-01 2.723608329785011151e+01
1.105124968279596720e+00 5.563648500858597856e-02 3.211896676186545108e+01 5.387422539187334269e-01 4.013145626035185543e-01 2.723608329785011151e+01
1.063826315368634035e+00 4.647478798768975988e-02 4.160380357586505795e+01 6.198578904720841720e-01 4.257861037852943564e-01 2.688348846746642806e+01
1.082795660895967904e+00 7.788543629476381291e-02 4.651891148304076040e+01 6.495584698374746724e-01 4.020774659651942251e-01 3.049310227238693116e+01
1.082795660895967904e+00 7.788543629476381291e-02 4.651891148304076040e+01 6.495584698374746724e-01 4.020774659651942251e-01 3.049310227238693116e+01
1.082795660895967904e+00 7.788543629476381291e-02 4.651891148304076040e+01 6.495584698374746724e-01 4.020774659651942251e-01 3.049310227238693116e+01
1.109011682392904374e+00 8.379651894757522701e-02 5.200000000000000000e+01 6.582065140467121545e-01 4.148344601459852399e-01 3.177675158441080328e+01
1.109011682392904374e+00 8.379651894757522701e-02 5.200000000000000000e+01 6.582065140467121545e-01 4.148344601459852399e-01 3.177675158441080328e+01
1.109011682392904374e+00 8.379651894757522701e-02 5.200000000000000000e+01 6.582065140467121545e-01 4.148344601459852399e-01 3.177675158441080328e+01
1.100463429749238609e+00 9.117980125537988867e-02 5.161055004283815606e+01 6.375457395284573892e-01 3.576655984005804867e-01 3.200676138574487339e+01
1.100463429749238609e+00 9.117980125537988867e-02 5.161055004283815606e+01 6.375457395284573892e-01 3.576655984005804867e-01 3.200676138574487339e+01
1.065899856431546500e+00 7.242450864027122348e-02 4.881520288532748708e+01 6.438721700263158043e-01 3.902192503325468964e-01 3.261279562256550690e+01
1.065899856431546500e+00 7.242450864027122348e-02 4.881520288532748708e+01 6.438721700263158043e-01 3.902192503325468964e-01 3.261279562256550690e+01
1.065899856431546500e+00 7.242450864027122348e-02 4.881520288532748708e+01 6.438721700263158043e-01 3.902192503325468964e-01 3.261279562256550690e+01
1.083550087130799255e+00 7.047149635998664619e-02 4.369339506373280813e+01 6.800748706080440575e-01 4.145509013416499022e-01 2.988676192045550550e+01
1.083550087130799255e+00 7.047149635998664619e-02 4.369339506373280813e+01 6.800748706080440575e-01 4.145509013416499022e-01 2.988676192045550550e+01
1.083550087130799255e+00 7.047149635998664619e-02 4.369339506373280813e+01 6.800748706080440575e-01 4.145509013416499022e-01 2.988676192045550550e+01
1.152018286498297961e+00 9.113819476121716445e-02 4.831914560681834558e+01 6.702024036992455525e-01 3.436572133964942433e-01 3.039663322323360717e+01
1.152018286498297961e+00 9.113819476121716445e-02 4.831914560681834558e+01 6.702024036992455525e-01 3.436572133964942433e-01 3.039663322323360717e+01
1.152018286498297961e+00 9.113819476121716445e-02 4.831914560681834558e+01 6.702024036992455525e-01 3.436572133964942433e-01 3.039663322323360717e+01
1.067831964440637771e+00 4.372570663150593395e-02 5.083521255077825174e+01 6.360274796975536882e-01 3.832905477967288310e-01 3.050768372739314316e+01
1.067831964440637771e+00 4.372570663150593395e-02 5.083521255077825174e+01 6.360274796975536882e-01 3.832905477967288310e-01 3.050768372739314316e+01
1.074420339245444556e+00 8.290799805516259335e-02 5.200000000000000000e+01 5.982331536204932299e-01 4.170795027205464467e-01 2.907564904423045249e+01
1.052168574760298236e+00 5.883073956154833556e-02 5.200000000000000000e+01 6.026607244266112273e-01 4.049437184135543100e-01 2.695079568056974395e+01
1.019497480766401676e+00 4.314446351147129682e-02 4.386942257052121619e+01 5.926918558593783359e-01 4.439368332562846353e-01 3.094460141935526210e+01
1.019497480766401676e+00 4.314446351147129682e-02 4.386942257052121619e+01 5.926918558593783359e-01 4.439368332562846353e-01 3.094460141935526210e+01
1.074265826010025071e+00 8.215139445089697512e-02 5.200000000000000000e+01 6.127379209914722846e-01 4.479083107256306429e-01 2.781281788260156773e+01
1.074265826010025071e+00 8.215139445089697512e-02 5.200000000000000000e+01 6.127379209914722846e-01 4.479083107256306429e-01 2.781281788260156773e+01
1.069736811007097721e+00 1.094394563250812302e-01 5.200000000000000000e+01 6.187142818149370393e-01 4.352014162288449506e-01 3.012725120911569832e+01
1.069736811007097721e+00 1.094394563250812302e-01 5.200000000000000000e+01 6.187142818149370393e-01 4.352014162288449506e-01 3.012725120911569832e+01
1.052606579311450963e+00 7.557727996120275349e-02 4.414026648902390804e+01 6.272041125285147123e-01 4.096844587248336111e-01 2.586449220670160898e+01
1.052606579311450963e+00 7.557727996120275349e-02 4.414026648902390804e+01 6.272041125285147123e-01 4.096844587248336111e-01 2.586449220670160898e+01
1.029344505803725163e+00 6.643572083805690531e-02 4.211859296616925263e+01 6.354891518946649276e-01 4.044162261714944195e-01 2.858037758405015438e+01
1.029344505803725163e+00 6.643572083805690531e-02 4.211859296616925263e+01 6.354891518946649276e-01 4.044162261714944195e-01 2.858037758405015438e+01
1.029344505803725163e+00 6.643572083805690531e-02 4.211859296616925263e+01 6.354891518946649276e-01 4.044162261714944195e-01 2.858037758405015438e+01
1.064020994819327104e+00 7.539408401209207744e-02 4.328852504372999732e+01 6.013420257578675487e-01 3.736562424120124515e-01 2.580103905864382341e+01
1.064020994819327104e+00 7.539408401209207744e-02 4.328852504372999732e+01 6.013420257578675487e-01 3.736562424120124515e-01 2.580103905864382341e+01
1.061252419671268266e+00 7.513229718660707768e-02 4.328982260388449532e+01 5.940666963687899482e-01 4.040527065441358312e-01 2.787352482337592363e+01
1.061252419671268266e+00 7.513229718660707768e-02 4.328982260388449532e+01 5.940666963687899482e-01 4.040527065441358312e-01 2.787352482337592363e+01
1.065389375359429236e+00 9.619151025078373496e-02 4.813043362275116976e+01 6.311690171974269070e-01 4.072386718037243614e-01 2.620967047471664912e+01
1.065389375359429236e+00 9.619151025078373496e-02 4.813043362275116976e+01 6.311690171974269070e-01 4.072386718037243614e-01 2.620967047471664912e+01
1.053259130791392550e+00 8.048061506867534853e-02 3.965041179543326422e+01 6.042338339274315739e-01 3.802923731487569126e-01 2.841505561785174194e+01
1.053259130791392550e+00 8.048061506867534853e-02 3.965041179543326422e+01 6.042338339274315739e-01 3.802923731487569126e-01 2.841505561785174194e+01
1.072543561904064413e+00 6.143614029564105350e-02 4.472249089356670027e+01 6.367359053762745580e-01 3.862080373214067941e-01 2.866641850890759358e+01
1.072543561904064413e+00 6.143614029564105350e-02 4.472249089356670027e+01 6.367359053762745580e-01 3.862080373214067941e-01 2.866641850890759358e+01
9.442757354259009306e-01 9.180007626866100445e-02 3.901205189104734927e+01 6.433780331516465445e-01 4.606400747789615169e-01 2.874646514258336438e+01
9.973516186726331112e-01 3.275166664370698921e-02 4.765309363219826366e+01 5.551401952798938888e-01 3.024863297704357690e-01 2.959274295539650979e+01
1.028951844541869942e+00 5.539961138768038224e-02 4.557042441059481064e+01 6.306393315156344492e-01 3.657384088734150218e-01 2.788178945854767221e+01
1.009451087368338884e+00 2.997047488862027848e-02 4.781785912419683626e+01 6.162036858890227453e-01 3.969172483563007114e-01 2.826007384267651545e+01
1.009451087368338884e+00 2.997047488862027848e-02 4.781785912419683626e+01 6.162036858890227453e-01 3.969172483563007114e-01 2.826007384267651545e+01
1.020946403309097805e+00 0.000000000000000000e+00 4.932699725096610877e+01 6.514311875991721790e-01 3.653506510044731703e-01 2.694532855076774425e+01
1.024059500437174419e+00 1.503385177456037503e-02 4.772648490603454263e+01 6.234402298547476740e-01 3.919260493855796224e-01 2.800520008607268352e+01
1.024059500437174419e+00 1.503385177456037503e-02 4.772648490603454263e+01 6.234402298547476740e-01 3.919260493855796224e-01 2.800520008607268352e+01
1.037849725649915067e+00 1.115904866620546498e-01 3.173924188892813092e+01 6.098609126688681048e-01 4.158903127132201893e-01 3.189994050284650129e+01
1.037849725649915067e+00 1.115904866620546498e-01 3.173924188892813092e+01 6.098609126688681048e-01 4.158903127132201893e-01 3.189994050284650129e+01
1.043185215283595202e+00 9.282938001781962378e-02 4.367422284172342728e+01 6.481525340106943922e-01 4.207030849966474917e-01 3.094437260323392280e+01
1.043185215283595202e+00 9.282938001781962378e-02 4.367422284172342728e+01 6.481525340106943922e-01 4.207030849966474917e-01 3.094437260323392280e+01
1.021582648508164270e+00 1.156283657954184918e-01 5.129532228130705107e+01 6.471885719509451462e-01 4.206191327169662708e-01 3.339121832953607338e+01
1.021582648508164270e+00 1.156283657954184918e-01 5.129532228130705107e+01 6.471885719509451462e-01 4.206191327169662708e-01 3.339121832953607338e+01
1.021582648508164270e+00 1.156283657954184918e-01 5.129532228130705107e+01 6.471885719509451462e-01 4.206191327169662708e-01 3.339121832953607338e+01
1.034431146309349403e+00 2.870253047109576003e-02 3.082547007618276069e+01 5.619497547749906508e-01 4.005761222383518727e-01 2.258608142162687216e+01
1.069352369192527519e+00 5.630411221496353646e-02 4.007773456219328523e+01 5.854394044052593227e-01 4.406270658710421118e-01 2.160626052347640780e+01
1.069352369192527519e+00 5.630411221496353646e-02 4.007773456219328523e+01 5.854394044052593227e-01 4.406270658710421118e-01 2.160626052347640780e+01
1.061911511051364609e+00 3.970647911518741802e-02 4.089961360450623573e+01 5.947877590741607046e-01 4.269366921954340643e-01 2.029207574200214381e+01
1.020764937735734401e+00 2.074246284813572455e-02 4.508927304324018337e+01 5.698208552524763881e-01 3.772231434493357738e-01 2.270643874570896159e+01
1.017155349545792564e+00 8.286034671362466769e-03 3.424850427002612463e+01 5.547923818458009304e-01 3.842919838758374063e-01 2.671060085078439172e+01
1.039173056717533461e+00 8.658436490483151227e-02 4.636408737047761974e+01 5.918842796178872545e-01 3.853049611283288489e-01 2.382893104521605210e+01
1.039173056717533461e+00 8.658436490483151227e-02 4.636408737047761974e+01 5.918842796178872545e-01 3.853049611283288489e-01 2.382893104521605210e+01
1.035281446737819300e+00 7.898848784773507270e-02 3.174318425800905175e+01 5.918363404122300997e-01 3.691391550251566511e-01 2.586162270653958828e+01
1.078364176461058088e+00 9.154452292281370362e-02 4.462159586380109033e+01 6.035003219342103264e-01 3.970577554190414804e-01 2.550235341984038939e+01
1.078364176461058088e+00 9.154452292281370362e-02 4.462159586380109033e+01 6.035003219342103264e-01 3.970577554190414804e-01 2.550235341984038939e+01
1.075677424631651391e+00 8.781578099017818551e-02 4.141770669124441184e+01 6.122864956023539307e-01 3.867849188947527495e-01 2.547277331502920461e+01
1.075677424631651391e+00 8.781578099017818551e-02 4.141770669124441184e+01 6.122864956023539307e-01 3.867849188947527495e-01 2.547277331502920461e+01
1.100989340932413851e+00 4.520692862371961107e-02 3.592414698244512294e+01 6.215499248634224205e-01 3.705049897941213866e-01 2.341720622857792122e+01
1.100989340932413851e+00 4.520692862371961107e-02 3.592414698244512294e+01 6.215499248634224205e-01 3.705049897941213866e-01 2.341720622857792122e+01
9.887705046096706418e-01 9.370367239249188795e-02 4.136356655495612245e+01 6.159322144077747918e-01 3.588786055314182599e-01 2.948793945235023983e+01
1.013213981974819156e+00 8.548285979646798663e-03 4.545876739848678483e+01 5.383552552241590572e-01 4.097769145616887432e-01 2.463686284369823198e+01
1.080947642580117218e+00 6.154019493036935046e-02 4.991688661685337536e+01 5.720331928922954834e-01 3.500674184806063516e-01 2.518837955803239126e+01
1.045454964975358614e+00 7.625390287110475618e-02 4.385651132199918578e+01 5.896398139553492568e-01 3.648069262306127825e-01 2.512192060862207654e+01
1.045454964975358614e+00 7.625390287110475618e-02 4.385651132199918578e+01 5.896398139553492568e-01 3.648069262306127825e-01 2.512192060862207654e+01
1.063477139122816606e+00 4.405009346774576423e-02 4.357294471381363365e+01 5.587052368054995499e-01 3.879007597868895929e-01 2.344314398619370721e+01
1.082109050164777431e+00 1.101326053347597145e-01 4.076499375897601851e+01 5.780379373488144790e-01 3.931330936579569002e-01 2.501696336270525478e+01
1.088490706331785018e+00 8.002386366989809596e-02 4.134369567992803240e+01 5.397388128196871637e-01 3.795869596148236380e-01 2.428591722997418501e+01
9.726510102553970194e-01 5.499236761376990329e-02 4.093873496424014746e+01 6.265391853156473401e-01 3.664167553830671165e-01 2.960197825255742643e+01
1.006627758128719297e+00 9.012229675397306905e-02 4.608229666473796016e+01 6.348110306181697915e-01 3.698071694312454749e-01 3.250654876396944815e+01
9.591835780205121287e-01 6.718966371496658263e-02 4.113396182828527969e+01 6.323468223088973827e-01 3.909591531812958154e-01 2.830575832087519217e+01
1.070318467788471839e+00 4.644164757351205292e-02 4.025771186279763469e+01 6.545489114774896144e-01 4.265174390310514374e-01 2.643157841927083851e+01
1.070318467788471839e+00 4.644164757351205292e-02 4.025771186279763469e+01 6.545489114774896144e-01 4.265174390310514374e-01 2.643157841927083851e+01
1.081730139826340809e+00 4.413428691581082475e-02 4.019704503459738021e+01 6.247805343534681422e-01 3.894509947364762081e-01 2.709632169364228105e+01
1.081730139826340809e+00 4.413428691581082475e-02 4.019704503459738021e+01 6.247805343534681422e-01 3.894509947364762081e-01 2.709632169364228105e+01
1.081730139826340809e+00 4.413428691581082475e-02 4.019704503459738021e+01 6.247805343534681422e-01 3.894509947364762081e-01 2.709632169364228105e+01
1.047623701754930359e+00 4.696463171643107393e-02 4.324052798412287757e+01 6.172248675337310697e-01 4.140462340646278161e-01 2.785304319271141082e+01
1.047623701754930359e+00 4.696463171643107393e-02 4.324052798412287757e+01 6.172248675337310697e-01 4.140462340646278161e-01 2.785304319271141082e+01
1.086632418015867518e+00 3.828800448144714652e-02 4.829220235821144769e+01 6.100130098445095683e-01 4.110376428395796089e-01 2.922311838239399151e+01
1.086632418015867518e+00 3.828800448144714652e-02 4.829220235821144769e+01 6.100130098445095683e-01 4.110376428395796089e-01 2.922311838239399151e+01
1.061452913458851510e+00 3.161343481545624695e-02 3.982353094907940516e+01 6.259796626006336462e-01 4.378365253252251010e-01 2.910973524488650810e+01
1.061452913458851510e+00 3.161343481545624695e-02 3.982353094907940516e+01 6.259796626006336462e-01 4.378365253252251010e-01 2.910973524488650810e+01
1.061452913458851510e+00 3.161343481545624695e-02 3.982353094907940516e+01 6.259796626006336462e-01 4.378365253252251010e-01 2.910973524488650810e+01
1.047255869233642445e+00 5.176941962456819979e-02 4.067187099896631963e+01 5.968012742302842844e-01 4.236353233647430772e-01 2.704878241689933560e+01
1.047255869233642445e+00 5.176941962456819979e-02 4.067187099896631963e+01 5.968012742302842844e-01 4.236353233647430772e-01 2.704878241689933560e+01
1.036754150867889912e+00 3.281609806715850286e-02 4.394184387941108128e+01 5.987276883000004490e-01 4.159415220935359647e-01 2.988314584590845158e+01
1.036754150867889912e+00 3.281609806715850286e-02 4.394184387941108128e+01 5.987276883000004490e-01 4.159415220935359647e-01 2.988314584590845158e+01
1.063018579097264826e+00 5.438650291688833932e-02 3.844906981575596205e+01 6.509365782089016061e-01 4.310963938970279186e-01 2.986361324977086440e+01
1.063018579097264826e+00 5.438650291688833932e-02 3.844906981575596205e+01 6.509365782089016061e-01 4.310963938970279186e-01 2.986361324977086440e+01
1.063018579097264826e+00 5.438650291688833932e-02 3.844906981575596205e+01 6.509365782089016061e-01 4.310963938970279186e-01 2.986361324977086440e+01
1.060336194151319411e+00 1.023477863806717680e-01 4.002357642570883911e+01 6.133675449272412150e-01 4.208289656467915085e-01 2.907676028617709463e+01
1.060336194151319411e+00 1.023477863806717680e-01 4.002357642570883911e+01 6.133675449272412150e-01 4.208289656467915085e-01 2.907676028617709463e+01
1.078259395683529576e+00 5.931988490077584608e-02 3.742482369540798004e+01 6.367470901133723826e-01 3.646448738422781166e-01 2.978176986772876944e+01
1.078259395683529576e+00 5.931988490077584608e-02 3.742482369540798004e+01 6.367470901133723826e-01 3.646448738422781166e-01 2.978176986772876944e+01
1.078259395683529576e+00 5.931988490077584608e-02 3.742482369540798004e+01 6.367470901133723826e-01 3.646448738422781166e-01 2.978176986772876944e+01
1.040470601514693172e+00 1.174173130406191007e-01 4.046857930571471229e+01 6.123590815279931210e-01 3.662865717233286245e-01 2.922995563723782908e+01
1.040470601514693172e+00 1.174173130406191007e-01 4.046857930571471229e+01 6.123590815279931210e-01 3.662865717233286245e-01 2.922995563723782908e+01
1.044555774620840261e+00 1.229487615119711080e-01 3.506742965814028423e+01 6.328764767800565405e-01 3.662341555859982001e-01 3.040266768426074506e+01
1.044555774620840261e+00 1.229487615119711080e-01 3.506742965814028423e+01 6.328764767800565405e-01 3.662341555859982001e-01 3.040266768426074506e+01
1.044555774620840261e+00 1.229487615119711080e-01 3.506742965814028423e+01 6.328764767800565405e-01 3.662341555859982001e-01 3.040266768426074506e+01
1.061531123658411735e+00 1.072221711104629216e-01 4.033321734831757510e+01 6.507158820973316660e-01 3.854587629161304041e-01 2.991330437545317622e+01
1.061531123658411735e+00 1.072221711104629216e-01 4.033321734831757510e+01 6.507158820973316660e-01 3.854587629161304041e-01 2.991330437545317622e+01
1.051496664785520840e+00 8.879693727783682933e-02 3.212767826154500739e+01 6.421889155738833566e-01 3.785257652767852754e-01 3.066069968448685756e+01
1.051496664785520840e+00 8.879693727783682933e-02 3.212767826154500739e+01 6.421889155738833566e-01 3.785257652767852754e-01 3.066069968448685756e+01
1.051496664785520840e+00 8.879693727783682933e-02 3.212767826154500739e+01 6.421889155738833566e-01 3.785257652767852754e-01 3.066069968448685756e+01
1.054848809384361319e+00 8.208805336918845175e-02 2.880389115715050252e+01 6.517924954755499600e-01 3.554754811909508483e-01 2.870229529911490118e+01
1.054848809384361319e+00 8.208805336918845175e-02 2.880389115715050252e+01 6.517924954755499600e-01 3.554754811909508483e-01 2.870229529911490118e+01
1.085763833011803126e+00 4.752663731906161398e-02 3.886393997687690671e+01 6.490668137170564345e-01 3.629389052035143504e-01 2.989586291602396173e+01
1.085763833011803126e+00 4.752663731906161398e-02 3.886393997687690671e+01 6.490668137170564345e-01 3.629389052035143504e-01 2.989586291602396173e+01
1.085763833011803126e+00 4.752663731906161398e-02 3.886393997687690671e+01 6.490668137170564345e-01 3.629389052035143504e-01 2.989586291602396173e+01
1.058064065273932819e+00 1.080262457577335355e-01 4.023352753740505960e+01 6.245178204805650335e-01 4.035477988352684786e-01 3.132691233717017454e+01
1.058064065273932819e+00 1.080262457577335355e-01 4.023352753740505960e+01 6.245178204805650335e-01 4.035477988352684786e-01 3.132691233717017454e+01
1.101604840284803988e+00 6.723739057800419416e-02 2.690075914488996389e+01 6.472168585081501391e-01 3.641390725135716933e-01 3.110423091568921095e+01
1.101604840284803988e+00 6.723739057800419416e-02 2.690075914488996389e+01 6.472168585081501391e-01 3.641390725135716933e-01 3.110423091568921095e+01
1.058554491525301788e+00 8.296554067289724221e-02 4.256023923668397657e+01 6.194324910390326400e-01 4.102200575433874730e-01 3.324954336856811921e+01
1.058554491525301788e+00 8.296554067289724221e-02 4.256023923668397657e+01 6.194324910390326400e-01 4.102200575433874730e-01 3.324954336856811921e+01
1.092870871244151276e+00 8.740972318152015474e-02 3.397717806566582510e+01 6.387353275835691013e-01 3.661041076673888228e-01 2.958669844849365660e+01
1.092870871244151276e+00 8.740972318152015474e-02 3.397717806566582510e+01 6.387353275835691013e-01 3.661041076673888228e-01 2.958669844849365660e+01
1.092870871244151276e+00 8.740972318152015474e-02 3.397717806566582510e+01 6.387353275835691013e-01 3.661041076673888228e-01 2.958669844849365660e+01
1.112395114588606182e+00 1.038155880022141320e-01 3.628194247098229397e+01 6.541988906128340941e-01 3.696512631636290069e-01 3.173603452183428075e+01
1.112395114588606182e+00 1.038155880022141320e-01 3.628194247098229397e+01 6.541988906128340941e-01 3.696512631636290069e-01 3.173603452183428075e+01
1.112395114588606182e+00 1.038155880022141320e-01 3.628194247098229397e+01 6.541988906128340941e-01 3.696512631636290069e-01 3.173603452183428075e+01
1.135037645708461884e+00 1.060805723569398229e-01 3.486544871042468685e+01 6.434252027754866488e-01 3.690903096296462294e-01 3.108759319968842405e+01
1.135037645708461884e+00 1.060805723569398229e-01 3.486544871042468685e+01 6.434252027754866488e-01 3.690903096296462294e-01 3.108759319968842405e+01
1.098450061919230558e+00 1.092718337447053795e-01 3.539400013912248255e+01 6.322943315086455573e-01 3.354382722504188896e-01 3.187717617582620733e+01
1.098450061919230558e+00 1.092718337447053795e-01 3.539400013912248255e+01 6.322943315086455573e-01 3.354382722504188896e-01 3.187717617582620733e+01
1.098450061919230558e+00 1.092718337447053795e-01 3.539400013912248255e+01 6.322943315086455573e-01 3.354382722504188896e-01 3.187717617582620733e+01
1.120048369968368540e+00 9.741385158985182979e-02 3.197393657001339662e+01 6.586497528267154511e-01 3.566565814823918212e-01 2.897173142554556335e+01
1.120048369968368540e+00 9.741385158985182979e-02 3.197393657001339662e+01 6.586497528267154511e-01 3.566565814823918212e-01 2.897173142554556335e+01
1.120048369968368540e+00 9.741385158985182979e-02 3.197393657001339662e+01 6.586497528267154511e-01 3.566565814823918212e-01 2.897173142554556335e+01
1.071962765386784255e+00 7.578986714929515645e-02 3.494102091515787123e+01 6.338095847155429396e-01 3.830007803969471825e-01 3.135694530152170501e+01
1.071962765386784255e+00 7.578986714929515645e-02 3.494102091515787123e+01 6.338095847155429396e-01 3.830007803969471825e-01 3.135694530152170501e+01
1.099883183073577131e+00 6.153774948904466857e-02 3.524004849900052250e+01 6.283477763707248087e-01 3.704888828386705968e-01 3.089333821317725892e+01
1.099883183073577131e+00 6.153774948904466857e-02 3.524004849900052250e+01 6.283477763707248087e-01 3.704888828386705968e-01 3.089333821317725892e+01
1.099883183073577131e+00 6.153774948904466857e-02 3.524004849900052250e+01 6.283477763707248087e-01 3.704888828386705968e-01 3.089333821317725892e+01
1.102873503683466261e+00 1.001273460327958692e-01 3.482300149273343237e+01 6.039483028545131749e-01 3.672025323057772073e-01 3.179330952371183727e+01
1.102873503683466261e+00 1.001273460327958692e-01 3.482300149273343237e+01 6.039483028545131749e-01 3.672025323057772073e-01 3.179330952371183727e+01
1.117100950929539094e+00 8.950110953198757435e-02 4.063966469127117165e+01 6.363140968246991935e-01 3.958910168913137850e-01 3.119634222724472750e+01
1.117100950929539094e+00 8.950110953198757435e-02 4.063966469127117165e+01 6.363140968246991935e-01 3.958910168913137850e-01 3.119634222724472750e+01
1.106673280064990994e+00 9.268455653729902599e-02 4.546858409526394951e+01 6.609107963030999011e-01 3.758074070423660373e-01 3.205491647213112572e+01
1.106673280064990994e+00 9.268455653729902599e-02 4.546858409526394951e+01 6.609107963030999011e-01 3.758074070423660373e-01 3.205491647213112572e+01
1.106099296152247780e+00 1.221122961344763697e-02 3.099235318706033127e+01 6.413718287586260836e-01 3.056796163060349625e-01 3.189890270007104789e+01
1.094805907569019077e+00 8.911076443283444393e-02 3.597243313265619946e+01 6.853337999836370820e-01 4.044357403236028548e-01 3.010118462175348597e+01
1.113187352254149776e+00 1.044506714681496390e-01 4.093416038732211604e+01 6.616099595171146541e-01 3.760015939763853288e-01 3.071159885623502106e+01
1.113187352254149776e+00 1.044506714681496390e-01 4.093416038732211604e+01 6.616099595171146541e-01 3.760015939763853288e-01 3.071159885623502106e+01
1.089140000237423633e+00 1.097714141994764608e-01 3.711374390157679670e+01 6.548538639104940495e-01 3.768786518990599466e-01 2.922207301059236073e+01
1.089140000237423633e+00 1.097714141994764608e-01 3.711374390157679670e+01 6.548538639104940495e-01 3.768786518990599466e-01 2.922207301059236073e+01
1.098213623988989918e+00 1.165993781321568584e-01 4.929266110901580333e+01 6.617276690683484563e-01 3.869138430229176473e-01 2.905935603704797643e+01
1.105458175463663872e+00 7.815692570327317790e-02 4.666234612524487346e+01 6.614934916048049729e-01 3.895866885531339419e-01 3.022683184428754188e+01
1.074632828766729276e+00 1.224775497229437099e-01 3.468277897094382922e+01 6.553888679488890645e-01 3.838030113941122146e-01 2.979511689423334531e+01
1.074632828766729276e+00 1.224775497229437099e-01 3.468277897094382922e+01 6.553888679488890645e-01 3.838030113941122146e-01 2.979511689423334531e+01
1.084004674174610328e+00 1.013346296529301083e-01 3.963192834750732629e+01 6.802350768395936109e-01 3.935408822781070737e-01 2.940972005372764997e+01
1.096038814452912735e+00 9.319783798628450411e-02 3.896838067021833041e+01 6.729871647535614620e-01 3.672274593115156249e-01 3.008166217630841288e+01
1.096038814452912735e+00 9.319783798628450411e-02 3.896838067021833041e+01 6.729871647535614620e-01 3.672274593115156249e-01 3.008166217630841288e+01
1.020933256248242271e+00 1.236544320916689588e-01 3.085928464252283376e+01 6.090444451235116352e-01 3.009179191205899051e-01 3.326671447611292365e+01
1.019653334275076428e+00 1.217955417889087649e-01 4.138927660887163995e+01 6.480930463275178521e-01 3.157237486417745487e-01 3.171327137620085068e+01
1.019653334275076428e+00 1.217955417889087649e-01 4.138927660887163995e+01 6.480930463275178521e-01 3.157237486417745487e-01 3.171327137620085068e+01
9.742100102106440174e-01 1.180328759358829638e-01 3.604959457121029232e+01 6.432648167551575646e-01 3.009727303874437099e-01 3.054636930499565750e+01
1.029905880002883745e+00 1.039927127990984135e-01 4.903433433767926886e+01 6.321710299688650947e-01 3.938257678463884526e-01 2.582145503590896851e+01
1.029905880002883745e+00 1.039927127990984135e-01 4.903433433767926886e+01 6.321710299688650947e-01 3.938257678463884526e-01 2.582145503590896851e+01
1.056711311844557244e+00 1.152114069488033299e-01 4.295005089816351074e+01 6.412624701842551955e-01 3.951569028802953132e-01 2.987349275788668379e+01
1.041207340560675210e+00 1.145968734495225183e-01 4.164785716217036793e+01 6.459239787862947058e-01 3.940719695773437503e-01 2.815495240569927304e+01
1.041207340560675210e+00 1.145968734495225183e-01 4.164785716217036793e+01 6.459239787862947058e-01 3.940719695773437503e-01 2.815495240569927304e+01
1.054011402245895512e+00 1.440538731223592051e-01 3.740919075036429575e+01 6.535153199974198523e-01 3.675662422434600174e-01 2.991767393288079191e+01
1.054011402245895512e+00 1.440538731223592051e-01 3.740919075036429575e+01 6.535153199974198523e-01 3.675662422434600174e-01 2.991767393288079191e+01
1.054011402245895512e+00 1.440538731223592051e-01 3.740919075036429575e+01 6.535153199974198523e-01 3.675662422434600174e-01 2.991767393288079191e+01
1.071929146919742282e+00 1.279563822997271394e-01 4.544973614888265701e+01 6.364730958935044258e-01 3.973742202618132380e-01 2.847218212360209932e+01
1.042727648994854706e+00 1.262339010679864315e-01 5.117895986433448741e+01 6.338321050367539122e-01 3.754238158920080726e-01 2.550788830840639676e+01
1.042727648994854706e+00 1.262339010679864315e-01 5.117895986433448741e+01 6.338321050367539122e-01 3.754238158920080726e-01 2.550788830840639676e+01
1.042727648994854706e+00 1.262339010679864315e-01 5.117895986433448741e+01 6.338321050367539122e-01 3.754238158920080726e-01 2.550788830840639676e+01
1.046435096407586807e+00 1.343270303780267072e-01 4.349175549533971008e+01 6.624441612752623998e-01 3.941385642450335181e-01 2.763743784285139427e+01
1.046435096407586807e+00 1.343270303780267072e-01 4.349175549533971008e+01 6.624441612752623998e-01 3.941385642450335181e-01 2.763743784285139427e+01
1.036651020949995727e+00 1.304090724896385667e-01 4.267538396140957246e+01 6.467372654855305658e-01 3.903150545535490346e-01 2.797005970582446110e+01
1.036651020949995727e+00 1.304090724896385667e-01 4.267538396140957246e+01 6.467372654855305658e-01 3.903150545535490346e-01 2.797005970582446110e+01
1.019837331862853302e+00 1.162103153422896912e-01 4.771145566691249940e+01 6.265768994808589287e-01 3.810969446865765109e-01 2.631890788901918299e+01
1.019837331862853302e+00 1.162103153422896912e-01 4.771145566691249940e+01 6.265768994808589287e-01 3.810969446865765109e-01 2.631890788901918299e+01
1.088918876016533144e+00 7.334332671649945734e-02 3.920704212629188845e+01 6.649331815436194670e-01 3.779906600974296538e-01 3.023341557540122437e+01
1.088918876016533144e+00 7.334332671649945734e-02 3.920704212629188845e+01 6.649331815436194670e-01 3.779906600974296538e-01 3.023341557540122437e+01
1.088918876016533144e+00 7.334332671649945734e-02 3.920704212629188845e+01 6.649331815436194670e-01 3.779906600974296538e-01 3.023341557540122437e+01
1.064671447037283336e+00 7.078291488161633782e-02 4.051158859270812940e+01 6.654767400825064572e-01 3.652003709929565467e-01 3.062533175318466760e+01
1.064671447037283336e+00 7.078291488161633782e-02 4.051158859270812940e+01 6.654767400825064572e-01 3.652003709929565467e-01 3.062533175318466760e+01
1.064671447037283336e+00 7.078291488161633782e-02 4.051158859270812940e+01 6.654767400825064572e-01 3.652003709929565467e-01 3.062533175318466760e+01
1.051002774742425760e+00 8.710813532622874167e-02 3.444096666817190311e+01 6.568842368121801112e-01 3.736744800589547610e-01 3.036049261353137041e+01
1.051002774742425760e+00 8.710813532622874167e-02 3.444096666817190311e+01 6.568842368121801112e-01 3.736744800589547610e-01 3.036049261353137041e+01
1.051002774742425760e+00 8.710813532622874167e-02 3.444096666817190311e+01 6.568842368121801112e-01 3.736744800589547610e-01 3.036049261353137041e+01
1.051002774742425760e+00 8.710813532622874167e-02 3.444096666817190311e+01 6.568842368121801112e-01 3.736744800589547610e-01 3.036049261353137041e+01
1.083592578303726350e+00 7.233880749154920908e-02 4.617001862502014831e+01 6.577728063673711212e-01 4.073496680762599964e-01 3.005830400929041701e+01
1.083592578303726350e+00 7.233880749154920908e-02 4.617001862502014831e+01 6.577728063673711212e-01 4.073496680762599964e-01 3.005830400929041701e+01
1.097880540880179945e+00 6.210722647932494928e-02 4.515325364473967085e+01 6.461046059092759863e-01 3.325014162758040404e-01 3.089433342790006520e+01
1.097880540880179945e+00 6.210722647932494928e-02 4.515325364473967085e+01 6.461046059092759863e-01 3.325014162758040404e-01 3.089433342790006520e+01
1.097880540880179945e+00 6.210722647932494928e-02 4.515325364473967085e+01 6.461046059092759863e-01 3.325014162758040404e-01 3.089433342790006520e+01
1.084764909995592719e+00 9.691991832619903380e-02 3.829234363824438958e+01 6.767775621070700742e-01 3.642984163675638820e-01 3.196479244166307865e+01
1.084764909995592719e+00 9.691991832619903380e-02 3.829234363824438958e+01 6.767775621070700742e-01 3.642984163675638820e-01 3.196479244166307865e+01
1.084764909995592719e+00 9.691991832619903380e-02 3.829234363824438958e+01 6.767775621070700742e-01 3.642984163675638820e-01 3.196479244166307865e+01
1.084087348051186783e+00 6.682051479776159042e-02 4.412534655626991054e+01 6.715646740586234120e-01 3.680240611731603884e-01 3.049390436987308917e+01
1.084087348051186783e+00 6.682051479776159042e-02 4.412534655626991054e+01 6.715646740586234120e-01 3.680240611731603884e-01 3.049390436987308917e+01
1.084087348051186783e+00 6.682051479776159042e-02 4.412534655626991054e+01 6.715646740586234120e-01 3.680240611731603884e-01 3.049390436987308917e+01
1.084087348051186783e+00 6.682051479776159042e-02 4.412534655626991054e+01 6.715646740586234120e-01 3.680240611731603884e-01 3.049390436987308917e+01
1.082585915500320128e+00 6.035330161047105374e-02 4.945857589531395604e+01 6.719686504067390320e-01 3.696075483621618085e-01 3.029408979502100152e+01
1.082585915500320128e+00 6.035330161047105374e-02 4.945857589531395604e+01 6.719686504067390320e-01 3.696075483621618085e-01 3.029408979502100152e+01
1.082585915500320128e+00 6.035330161047105374e-02 4.945857589531395604e+01 6.719686504067390320e-01 3.696075483621618085e-01 3.029408979502100152e+01
1.089487517897849811e+00 8.784283963359040825e-02 3.632093003676718723e+01 6.711749160742841447e-01 3.699374232612745450e-01 3.044008755203457994e+01
1.089487517897849811e+00 8.784283963359040825e-02 3.632093003676718723e+01 6.711749160742841447e-01 3.699374232612745450e-01 3.044008755203457994e+01
1.089487517897849811e+00 8.784283963359040825e-02 3.632093003676718723e+01 6.711749160742841447e-01 3.699374232612745450e-01 3.044008755203457994e+01
1.006485518638697174e+00 7.687412172486918216e-02 4.002963349757710887e+01 6.478228391743771075e-01 3.720352383663904083e-01 3.102697959369248437e+01
1.006485518638697174e+00 7.687412172486918216e-02 4.002963349757710887e+01 6.478228391743771075e-01 3.720352383663904083e-01 3.102697959369248437e+01
1.006485518638697174e+00 7.687412172486918216e-02 4.002963349757710887e+01 6.478228391743771075e-01 3.720352383663904083e-01 3.102697959369248437e+01
1.033838956527908914e+00 5.071745195028849740e-02 3.819763587901802993e+01 6.989672113354863381e-01 3.162738435217438138e-01 3.178988821778798624e+01
1.046207735520982451e+00 2.775369839578643166e-02 3.804523899527753628e+01 6.486052215827048384e-01 3.487393343657584355e-01 3.127879364318062017e+01
1.036791944846038982e+00 4.500607243481195147e-02 4.763568510216987306e+01 6.368626837059508938e-01 3.645909277794256997e-01 2.928908919714278269e+01
1.055281381091516035e+00 3.204421531428319758e-02 3.793363343411544264e+01 6.558018035179863370e-01 3.339980475819330219e-01 2.977591955112812627e+01
1.144443249672838281e+00 9.667980636675857498e-02 4.520523308323730305e+01 6.463897161504058575e-01 3.124070639884204414e-01 3.045841486694365585e+01
1.144443249672838281e+00 9.667980636675857498e-02 4.520523308323730305e+01 6.463897161504058575e-01 3.124070639884204414e-01 3.045841486694365585e+01
1.144443249672838281e+00 9.667980636675857498e-02 4.520523308323730305e+01 6.463897161504058575e-01 3.124070639884204414e-01 3.045841486694365585e+01
1.061351241765316145e+00 7.634113591180997915e-02 4.224633554873726382e+01 6.851945341357558172e-01 3.260656362052221091e-01 2.996781640361638210e+01
1.061351241765316145e+00 7.634113591180997915e-02 4.224633554873726382e+01 6.851945341357558172e-01 3.260656362052221091e-01 2.996781640361638210e+01
1.061351241765316145e+00 7.634113591180997915e-02 4.224633554873726382e+01 6.851945341357558172e-01 3.260656362052221091e-01 2.996781640361638210e+01
1.067079559230520669e+00 8.209162984298139232e-02 4.188270138072679316e+01 6.242554934860546911e-01 2.681773222715718719e-01 2.877098685421187696e+01
1.067079559230520669e+00 8.209162984298139232e-02 4.188270138072679316e+01 6.242554934860546911e-01 2.681773222715718719e-01 2.877098685421187696e+01
1.107661132937982185e+00 1.170118623344690856e-01 4.271269473928926175e+01 6.600434954393905596e-01 2.835725687704333531e-01 2.692060128158160026e+01
1.107661132937982185e+00 1.170118623344690856e-01 4.271269473928926175e+01 6.600434954393905596e-01 2.835725687704333531e-01 2.692060128158160026e+01
1.107661132937982185e+00 1.170118623344690856e-01 4.271269473928926175e+01 6.600434954393905596e-01 2.835725687704333531e-01 2.692060128158160026e+01
1.084994088453687056e+00 9.781026657291937154e-02 4.370520600166828729e+01 6.484674568702540887e-01 3.195603134871909390e-01 2.748561799430991570e+01
1.084994088453687056e+00 9.781026657291937154e-02 4.370520600166828729e+01 6.484674568702540887e-01 3.195603134871909390e-01 2.748561799430991570e+01
1.124795873484454312e+00 1.005195800653761740e-01 3.805594136889749279e+01 6.421302098312903217e-01 3.307658880067151363e-01 3.009786610556254516e+01
1.124795873484454312e+00 1.005195800653761740e-01 3.805594136889749279e+01 6.421302098312903217e-01 3.307658880067151363e-01 3.009786610556254516e+01
1.124795873484454312e+00 1.005195800653761740e-01 3.805594136889749279e+01 6.421302098312903217e-01 3.307658880067151363e-01 3.009786610556254516e+01
1.038867350356230013e+00 8.008638823867143819e-02 4.513621407000453445e+01 6.451712425457004629e-01 3.680486319939020312e-01 2.946071645298340513e+01
1.038867350356230013e+00 8.008638823867143819e-02 4.513621407000453445e+01 6.451712425457004629e-01 3.680486319939020312e-01 2.946071645298340513e+01
1.081994156294433518e+00 9.056820946326823996e-02 3.530904921615760372e+01 6.492871713209314999e-01 3.143193965108897481e-01 2.932209816174596995e+01
1.081994156294433518e+00 9.056820946326823996e-02 3.530904921615760372e+01 6.492871713209314999e-01 3.143193965108897481e-01 2.932209816174596995e+01
1.081994156294433518e+00 9.056820946326823996e-02 3.530904921615760372e+01 6.492871713209314999e-01 3.143193965108897481e-01 2.932209816174596995e+01
1.043212831837512233e+00 1.236815340776669693e-02 2.879057310729539054e+01 6.182239118729779825e-01 3.768977659390263524e-01 2.900438475114876269e+01
1.071579124187910237e+00 1.835445540584750013e-02 2.698394465902414296e+01 5.469848783790227653e-01 3.515812194167631244e-01 2.951769037988135125e+01
1.063686657704322247e+00 1.164199240196426080e-02 2.986228642054169313e+01 5.807280054411183556e-01 3.428109129644937858e-01 3.068004748745680033e+01
1.062318439716717133e+00 1.835184708137683335e-02 2.961756854021039587e+01 5.771565867629366853e-01 3.691885261276033892e-01 3.156249850452703498e+01
9.734624457718261681e-01 8.216498516701339905e-02 2.979233663871846005e+01 5.483113439282171209e-01 3.559799641103598700e-01 2.698635329030131658e+01
9.734624457718261681e-01 8.216498516701339905e-02 2.979233663871846005e+01 5.483113439282171209e-01 3.559799641103598700e-01 2.698635329030131658e+01
1.043439247185470764e+00 4.424493368289624667e-02 3.945067354958327144e+01 5.780860255040326523e-01 3.976134502735466647e-01 2.869299471335303764e+01
1.030416424164424471e+00 7.010985174158243516e-02 4.000710664665684391e+01 5.567906512983871181e-01 3.955836764584083620e-01 2.970140555179917996e+01
1.072006231046490177e+00 8.420560046519584563e-02 4.778095098069825042e+01 5.536160379318033620e-01 4.116532348599083457e-01 2.709811658434501780e+01
1.004449834698802890e+00 7.528254825293421992e-02 3.192067982846036855e+01 6.119921518846459518e-01 3.216546318286543360e-01 2.468781242219248995e+01
1.106152354661657844e+00 8.683522731076663559e-02 3.911847330474875406e+01 5.962838955960971798e-01 3.816214142402654663e-01 2.731634538758831354e+01
1.053075850011918613e+00 6.419487454369759982e-02 3.945363166193720872e+01 5.962509932505539734e-01 3.817518548957309910e-01 2.753098192323839299e+01
1.053075850011918613e+00 6.419487454369759982e-02 3.945363166193720872e+01 5.962509932505539734e-01 3.817518548957309910e-01 2.753098192323839299e+01
1.074541547464850977e+00 0.000000000000000000e+00 4.276438451467568314e+01 5.620349536323288042e-01 3.368627177494910030e-01 2.573189383448276502e+01
1.021821336315880790e+00 4.899908776966385715e-02 3.977861760970667149e+01 4.924473311172641310e-01 4.059626100770306056e-01 2.941106088008664088e+01
1.020778864549330756e+00 7.711240331626494082e-02 3.749297634885150643e+01 4.523193053797498475e-01 3.920169181342205711e-01 2.898076840917372010e+01
1.117216220473392196e+00 1.857040192089406613e-02 3.176669311534199736e+01 5.067514425725772043e-01 3.105169815908077058e-01 2.980252422247453126e+01
1.094100014064680160e+00 4.537543766366028408e-02 4.055781171742630420e+01 4.668168709775334380e-01 3.293864904880345890e-01 2.841879675099235669e+01
9.670271316033210995e-01 1.480554119619437448e-01 3.840144882511124536e+01 4.574233092389979882e-01 3.392274862525055945e-01 3.079991284969930732e+01
1.069824104579009783e+00 8.449975937664601366e-02 4.164009983732434250e+01 4.951967486356046999e-01 3.067322790739795968e-01 3.280445115177092674e+01
1.062250382549102090e+00 7.435050478806953800e-02 4.286266080559974512e+01 4.737535332088389506e-01 3.107219225430619125e-01 3.154061396625336045e+01
1.017848872488511525e+00 2.591213830118830469e-02 5.023766679662791290e+01 4.858531117109107234e-01 3.314288236933571330e-01 3.238198528298234891e+01
1.030020620883140614e+00 1.878669195559717203e-02 4.758507503697090613e+01 4.949323275637758091e-01 3.189299035088859480e-01 3.075647308428807847e+01
1.072760712122227567e+00 1.078902767754380196e-02 4.025697603311141393e+01 5.072440993442631774e-01 3.442032668538951845e-01 3.142493715653808550e+01
1.045088228877636194e+00 3.708583153128363480e-02 4.205529766612831111e+01 5.159768965153693765e-01 3.011834997781684953e-01 2.942311409069687045e+01
1.069889359933615225e+00 4.655035235819059147e-02 4.202750859303186814e+01 5.316331785557742995e-01 3.393842088050869621e-01 2.862217596557831101e+01
1.026836577121286176e+00 4.288118316558413995e-02 4.090190753647921440e+01 4.755289690597490626e-01 3.291393564466144617e-01 3.410853445253219007e+01
9.980556830275643110e-01 4.490308705805085704e-02 3.465847917902150499e+01 4.993423702940405495e-01 3.467854099391969314e-01 3.456683979488436620e+01
1.120294194716734415e+00 2.183103386249689998e-02 3.358918795366476928e+01 5.553881134482049342e-01 3.263885553161542386e-01 3.325246066029134084e+01
1.144920960904319829e+00 4.812797994583199040e-02 2.906207866156255193e+01 5.042417848268481162e-01 2.863326328151656330e-01 3.382472142211015864e+01
1.121175452397477290e+00 3.980895692492759930e-02 3.132153305722172476e+01 4.800833727659938877e-01 2.959108513350114378e-01 3.405419656166167641e+01
1.057866247228224088e+00 2.326699588253015524e-02 3.926263962610757119e+01 5.096394202724550127e-01 3.606532875333486876e-01 3.229281928405358570e+01
1.057562418918394309e+00 1.520722452740114541e-02 3.820278416322587134e+01 4.969159866553167770e-01 3.081510168948506934e-01 3.263862879431847830e+01
1.078471624547746144e+00 1.979503782584688537e-02 2.256512717569106030e+01 4.392253284657572365e-01 3.133853305846875936e-01 3.445717819715410712e+01
1.038410076636352652e+00 0.000000000000000000e+00 5.003378073587385444e+01 5.582956498147075841e-01 3.227552516525618032e-01 2.966128526693121259e+01
1.045472209895289772e+00 4.772140108657250968e-05 5.200000000000000000e+01 5.824759818031904901e-01 2.998763871162491990e-01 3.007701886476846909e+01
1.045472209895289772e+00 4.772140108657250968e-05 5.200000000000000000e+01 5.824759818031904901e-01 2.998763871162491990e-01 3.007701886476846909e+01
1.019529474350312048e+00 1.345135495349702656e-02 4.871127009214831105e+01 5.490700041133805831e-01 3.058239171635926956e-01 3.254554484424622984e+01
1.025168124894439536e+00 9.097397219812072833e-02 4.260507487895183232e+01 4.284739274742451753e-01 2.763876841304384602e-01 3.076963181246594559e+01
1.103277124426615963e+00 6.800966363140081850e-02 2.089475443487433282e+01 4.380878095515214898e-01 3.516605837320033179e-01 2.402944975262444416e+01
1.082004253753209966e+00 9.028533525156724748e-02 1.700275130722534556e+01 4.221855719550054453e-01 3.991792618655237712e-01 2.964725440699247372e+01
1.163122897680701318e+00 1.554483297992182989e-01 1.163286790764346357e+01 5.654588136769715945e-01 4.446319479507910288e-01 2.369010700137507541e+01
1.158363627786819894e+00 1.051555879317777609e-01 0.000000000000000000e+00 6.232308215608513002e-01 3.870153147702724006e-01 2.410183362603857304e+01
1.196326193027828166e+00 1.293488022974754736e-01 5.904442880381468584e+00 6.098582974468331752e-01 4.565164887251905168e-01 2.757912373803384654e+01
1.205198684641405338e+00 1.546843371366417030e-01 0.000000000000000000e+00 5.858800439905946789e-01 4.380152265505491416e-01 2.425695687007983281e+01
1.181099540712955198e+00 1.266844926046316600e-01 0.000000000000000000e+00 5.981514038668052091e-01 4.454957315681039032e-01 2.326806375555272055e+01
1.166821990243284590e+00 1.374438250041847553e-01 7.755290938830706970e+00 5.664952797173700150e-01 4.005797655151713266e-01 2.486165953211931523e+01
1.166821990243284590e+00 1.374438250041847553e-01 7.755290938830706970e+00 5.664952797173700150e-01 4.005797655151713266e-01 2.486165953211931523e+01
1.201933310014243528e+00 1.349528041880157792e-01 1.136434314742456309e+01 5.814554062697632197e-01 4.525233653942375422e-01 2.660370094862370749e+01
1.219277484609240902e+00 9.524732361238491540e-02 7.905660475762357642e+00 5.756249701062448043e-01 4.643470136590195363e-01 2.521236868243179075e+01
1.219277484609240902e+00 9.524732361238491540e-02 7.905660475762357642e+00 5.756249701062448043e-01 4.643470136590195363e-01 2.521236868243179075e+01
1.179483923668717793e+00 7.599191546871066072e-02 6.737559525727014886e+00 6.084416877991227768e-01 4.322556162875372809e-01 2.766887899010338714e+01
1.179483923668717793e+00 7.599191546871066072e-02 6.737559525727014886e+00 6.084416877991227768e-01 4.322556162875372809e-01 2.766887899010338714e+01
1.169106676610032869e+00 9.049199118011491683e-02 1.769120209094185014e+01 6.557859200656156462e-01 3.913066414411582872e-01 2.592931018240966523e+01
1.125215847951551051e+00 9.000061856697122442e-02 1.194038396597053797e+01 6.391008628869384589e-01 3.790031856583847003e-01 2.347953759455517542e+01
1.135321724810964827e+00 9.660215756431166090e-02 1.031598759088671002e+01 6.239815980630313286e-01 4.067617869936733799e-01 2.584642841534026658e+01
1.159681601979549503e+00 8.358448533134497926e-02 7.047654156870348796e-01 5.545444199881142122e-01 4.726788515607162067e-01 2.557616170505681197e+01
1.167290327988897092e+00 9.086975511348895085e-02 1.419170067578279770e+01 5.541215341102641023e-01 4.213062013566455932e-01 2.621493695691201253e+01
1.167290327988897092e+00 9.086975511348895085e-02 1.419170067578279770e+01 5.541215341102641023e-01 4.213062013566455932e-01 2.621493695691201253e+01
1.168686108961802805e+00 6.564934198578360747e-02 1.963447634247859241e+01 5.572516819112305342e-01 4.276435376463860738e-01 2.592768491055203128e+01
1.180970937198502879e+00 1.084435897817775385e-01 1.398894764782788158e+01 5.812595276760464946e-01 4.232269657749735403e-01 2.530728046409953080e+01
1.180970937198502879e+00 1.084435897817775385e-01 1.398894764782788158e+01 5.812595276760464946e-01 4.232269657749735403e-01 2.530728046409953080e+01
1.189360123109298728e+00 1.151519976114608879e-01 2.541030061775366988e+01 5.322476142026059120e-01 4.158763725292497493e-01 2.781781684578880487e+01
1.179810995532450502e+00 1.049129646073179434e-01 1.805532734786944005e+01 5.373554113953979972e-01 4.236940092023799842e-01 2.823644969674591110e+01
1.205446704817808357e+00 1.214455526213037012e-01 8.409240207261545308e+00 5.905575639224335260e-01 3.512678239504980482e-01 2.344609830307681264e+01
1.205446704817808357e+00 1.214455526213037012e-01 8.409240207261545308e+00 5.905575639224335260e-01 3.512678239504980482e-01 2.344609830307681264e+01
1.209833607396416211e+00 1.121371321231629387e-01 9.599421888995184560e+00 6.083367257692957608e-01 3.449965837253439194e-01 2.335389916540589539e+01
1.209833607396416211e+00 1.121371321231629387e-01 9.599421888995184560e+00 6.083367257692957608e-01 3.449965837253439194e-01 2.335389916540589539e+01
1.224857692035425938e+00 1.145559978728548228e-01 1.946161127982565375e+01 6.036400232771667040e-01 3.461886768048692553e-01 2.456904032052728226e+01
1.214751743460563471e+00 1.209660671463065190e-01 6.443438201683632016e+00 5.951225434932958525e-01 3.596534673631474610e-01 2.181168880881915939e+01
1.214751743460563471e+00 1.209660671463065190e-01 6.443438201683632016e+00 5.951225434932958525e-01 3.596534673631474610e-01 2.181168880881915939e+01
1.150564082746801553e+00 1.491775615863811522e-01 1.007221537922357690e+01 5.476672616452115117e-01 3.477684430407895211e-01 2.763913729735700286e+01
1.152610683556381632e+00 1.485371459863081001e-01 9.134607103681263496e+00 5.584754467196405558e-01 3.337033784814342208e-01 2.611959722061698130e+01
1.160091370569113378e+00 1.229189153218325503e-01 8.849319553171497432e+00 5.642586050590995272e-01 3.343408916257420982e-01 2.705672546985218574e+01
1.136873629271400787e+00 1.395093275072194217e-01 4.506264890897563546e+00 5.601915997620672272e-01 3.396093244695793101e-01 2.698784523483184117e+01
1.136873629271400787e+00 1.395093275072194217e-01 4.506264890897563546e+00 5.601915997620672272e-01 3.396093244695793101e-01 2.698784523483184117e+01
1.232608110987164274e+00 1.507725918781468444e-01 4.367046657393035325e+00 5.636014844881218622e-01 3.877504849324459602e-01 2.630756802937792571e+01
1.200363159835267313e+00 1.483900265200272239e-01 1.253307234873875231e+01 5.872093080886354732e-01 3.496029310753301922e-01 2.649644028713239763e+01
1.200363159835267313e+00 1.483900265200272239e-01 1.253307234873875231e+01 5.872093080886354732e-01 3.496029310753301922e-01 2.649644028713239763e+01
1.254189745264603584e+00 1.132538019924893558e-01 1.268083523057668316e+01 5.736873046090653627e-01 3.609506838661272754e-01 2.944939827137493538e+01
1.189969546651290511e+00 1.511609607144479006e-01 8.692842698543223889e+00 5.904929755526729940e-01 3.422103824428890384e-01 2.451459011404935495e+01
1.189969546651290511e+00 1.511609607144479006e-01 8.692842698543223889e+00 5.904929755526729940e-01 3.422103824428890384e-01 2.451459011404935495e+01
1.193113054468953216e+00 1.862888199675013512e-01 7.117886332636750524e+00 5.785979890805093007e-01 3.902795475423103677e-01 2.540559970691571579e+01
1.175138680764620247e+00 1.238767449190903702e-01 5.384671930696910636e+00 5.789306155042485136e-01 3.787336141658760313e-01 2.721191464610307875e+01
1.175138680764620247e+00 1.238767449190903702e-01 5.384671930696910636e+00 5.789306155042485136e-01 3.787336141658760313e-01 2.721191464610307875e+01
1.194474107381061412e+00 1.313990701546307316e-01 1.211822779231319025e+01 5.702066493230342203e-01 3.545573064130205232e-01 2.551948612715453280e+01
1.253505642784767726e+00 1.656547426518482080e-01 8.870909155126826207e+00 5.837542612077090132e-01 3.652387638886180343e-01 2.169663936467623699e+01
1.248010082195496695e+00 1.940834619481038026e-01 5.820139068457552689e+00 6.011784341538820575e-01 3.427402569081773320e-01 2.392986633774954086e+01
1.246993809516223850e+00 1.614334980797074715e-01 3.040591911230627886e-03 5.698141490942061349e-01 3.465804345843746526e-01 2.802148517709412090e+01
1.209295512448028909e+00 1.072814603102190678e-01 6.914855022243203031e+00 5.795267234838524795e-01 3.854382161638646997e-01 2.597955818523124449e+01
1.207685719539640656e+00 9.256282697038863139e-02 1.212506136301950121e+01 5.863400127946833962e-01 2.840957588141256873e-01 2.572833322776798326e+01
1.172377178993895042e+00 1.117374667103940844e-01 2.315131668654581887e+01 5.913435268061242311e-01 2.709112827448224015e-01 2.548420283582692747e+01
1.172377178993895042e+00 1.117374667103940844e-01 2.315131668654581887e+01 5.913435268061242311e-01 2.709112827448224015e-01 2.548420283582692747e+01
1.209738234590729045e+00 8.982457922330719380e-02 1.714227353929012310e+01 5.721410827355135620e-01 3.364737118728928222e-01 2.421614426471467851e+01
1.188739505935303420e+00 7.234949598637277490e-02 1.404716743317770167e+01 5.881534292041664669e-01 3.523319044568057334e-01 2.571040109984611632e+01
1.188739505935303420e+00 7.234949598637277490e-02 1.404716743317770167e+01 5.881534292041664669e-01 3.523319044568057334e-01 2.571040109984611632e+01
1.190836694766390425e+00 9.264001474741044573e-02 1.198001836130227460e+01 5.705587806588303668e-01 3.420059736159232755e-01 2.537178440640212784e+01
1.141401408806638651e+00 6.431835710572700315e-02 1.280766873766630098e+01 6.452065688239505548e-01 3.724050366113716426e-01 3.032851141700237818e+01
1.141401408806638651e+00 6.431835710572700315e-02 1.280766873766630098e+01 6.452065688239505548e-01 3.724050366113716426e-01 3.032851141700237818e+01
1.192088929132089525e+00 6.763750127765708400e-03 9.894459959749381639e+00 6.313605495729643913e-01 4.501736882960570840e-01 2.440550637857875671e+01
1.209787277159664276e+00 0.000000000000000000e+00 4.157021946520558231e+00 6.425880503191921944e-01 4.277768063033024482e-01 2.208488813976867959e+01
1.187067273461183792e+00 0.000000000000000000e+00 4.841227802831031823e+00 6.071730134572516091e-01 4.139449320404707811e-01 2.475532529339146848e+01
1.204566518434644795e+00 7.469473020178511724e-02 6.155314356637877182e+00 5.910584198255556254e-01 4.071391378353895751e-01 2.604866631590405390e+01
1.197882006536829191e+00 5.983606100013079410e-02 1.694858424188130996e+01 5.452814315926779454e-01 4.018075378521969721e-01 2.545110380481010282e+01
1.197882006536829191e+00 5.983606100013079410e-02 1.694858424188130996e+01 5.452814315926779454e-01 4.018075378521969721e-01 2.545110380481010282e+01
1.220946776366259146e+00 5.561917914955338132e-02 1.583850213691433950e+01 5.698127300043603904e-01 4.258639480684821566e-01 2.377937157689715875e+01
1.143499140210463949e+00 7.782288444503157598e-02 2.235653072504916850e+01 5.460867593834372036e-01 3.849029127565540276e-01 2.342308560676873697e+01
1.149068129263842053e+00 6.463455508855535381e-02 2.729846583137561566e+01 5.602762705757752260e-01 4.201351311633865215e-01 2.379093306779946815e+01
1.121673424133680541e+00 8.643545452634393556e-02 2.073888686284238148e+01 5.477139127352936843e-01 4.180569128040951821e-01 2.322527882351960571e+01
1.213487612718240127e+00 9.717401389633907594e-02 7.051810162758185285e+00 5.820505318299377118e-01 3.477339710578340459e-01 2.177918796406903468e+01
1.213487612718240127e+00 9.717401389633907594e-02 7.051810162758185285e+00 5.820505318299377118e-01 3.477339710578340459e-01 2.177918796406903468e+01
1.198252620858941908e+00 6.704757346240437788e-02 1.217755031240659669e+01 5.837768654313861827e-01 3.808027216859094510e-01 2.472347934794564850e+01
1.179726454513176703e+00 5.688867629838732787e-02 1.247184068997870554e+01 6.180603329602218921e-01 3.838887375853164974e-01 2.558458226835721661e+01
1.170078847469012029e+00 5.576863623834055206e-02 1.300203623578435597e+01 5.807922211736969986e-01 3.790010239457837771e-01 2.696106919867610685e+01
1.170078847469012029e+00 5.576863623834055206e-02 1.300203623578435597e+01 5.807922211736969986e-01 3.790010239457837771e-01 2.696106919867610685e+01
1.115185916655946796e+00 2.746159028078117015e-02 2.167052082193885809e+01 6.133766888952975060e-01 4.439816019419344784e-01 2.378510733031884072e+01
1.115185916655946796e+00 2.746159028078117015e-02 2.167052082193885809e+01 6.133766888952975060e-01 4.439816019419344784e-01 2.378510733031884072e+01
1.133125286549545141e+00 2.323639390819676187e-02 1.598791170519839966e+01 6.049787492828165858e-01 4.488990701029959562e-01 2.482872484578082606e+01
1.113045476509047393e+00 7.447093619768686140e-03 1.118440980653541672e+01 5.929460658449877686e-01 4.414361688726490818e-01 2.524588128871860349e+01
1.095047182717572509e+00 3.461857151720645898e-02 2.305557217106694257e+00 6.665930779204342072e-01 3.765496896395155724e-01 2.540232460539907677e+01
1.134582158454839895e+00 5.134988958616923393e-02 5.112024284768149407e+00 6.156777888017447298e-01 3.672772765875133572e-01 2.147385921774616335e+01
1.042295901241859335e+00 0.000000000000000000e+00 1.189427912249806774e+01 6.560297457472961113e-01 4.559031807604991271e-01 2.425961461589797707e+01
1.032677404972552893e+00 1.814493118496000694e-03 1.177360528818577556e+01 6.318245908245485598e-01 4.118266323563628539e-01 2.229562924241591304e+01
1.134080350092817380e+00 2.174371346428478208e-02 1.875596569556465809e+01 5.664037571111324443e-01 4.156069175006327221e-01 2.086112124643877763e+01
1.134080350092817380e+00 2.174371346428478208e-02 1.875596569556465809e+01 5.664037571111324443e-01 4.156069175006327221e-01 2.086112124643877763e+01
1.103152722243572637e+00 3.467689064804491562e-03 8.904924405512993246e+00 5.716148734453113667e-01 3.887686217884128159e-01 2.091142709146310708e+01
1.077915482154631732e+00 2.622917287924957964e-03 1.279034772672611098e+01 5.424018253877196383e-01 3.885958075817979029e-01 2.046726110860853609e+01
1.109227743775342612e+00 1.398002554557505918e-02 5.514171582069273825e+00 5.922219910818798949e-01 4.565022665413527303e-01 2.014409592342024524e+01
1.109227743775342612e+00 1.398002554557505918e-02 5.514171582069273825e+00 5.922219910818798949e-01 4.565022665413527303e-01 2.014409592342024524e+01
1.100498259982827465e+00 2.581446300549061074e-02 1.411389930598130782e+00 6.147988534981555508e-01 4.231020758425824702e-01 2.103134509539599151e+01
1.108388654124029316e+00 4.465305319339202966e-02 1.013734409101746259e+01 6.288694469292136491e-01 4.324214158642729622e-01 2.240157444126447217e+01
1.108388654124029316e+00 4.465305319339202966e-02 1.013734409101746259e+01 6.288694469292136491e-01 4.324214158642729622e-01 2.240157444126447217e+01
1.118265857700753818e+00 1.688481706636560387e-02 7.755853248024918045e+00 6.128988761244639205e-01 4.171287900676514671e-01 2.186940013661454785e+01
1.138718607439876296e+00 8.914465620619087260e-03 1.822963087563183926e+00 6.102330305148807588e-01 3.780126996077567414e-01 2.395493517972091979e+01
1.138718607439876296e+00 8.914465620619087260e-03 1.822963087563183926e+00 6.102330305148807588e-01 3.780126996077567414e-01 2.395493517972091979e+01
1.162991328207850561e+00 3.956981243814752108e-02 1.969963668783680077e+01 5.961730616483742473e-01 4.074176876277215142e-01 2.041385120844772416e+01
1.166570317617418695e+00 2.732840689144264840e-02 1.339053632356995749e+01 6.240648795110932401e-01 4.381844714091331361e-01 2.211059449163535362e+01
1.166570317617418695e+00 2.732840689144264840e-02 1.339053632356995749e+01 6.240648795110932401e-01 4.381844714091331361e-01 2.211059449163535362e+01
1.190775263409585172e+00 9.016892701363336815e-02 1.280417016479221104e+01 5.472253820413200964e-01 4.088772511189120440e-01 2.381941980114067547e+01
1.148461463822327833e+00 9.362462890164456597e-02 9.870610743682391330e+00 5.417197075202362377e-01 3.928529391228278156e-01 2.130316203709205425e+01
1.201443043980214620e+00 4.931287432883776911e-02 1.321750662545591837e+01 5.662882640452755467e-01 3.880852931015642548e-01 2.323216409541096539e+01
1.201443043980214620e+00 4.931287432883776911e-02 1.321750662545591837e+01 5.662882640452755467e-01 3.880852931015642548e-01 2.323216409541096539e+01
1.186306797743559516e+00 6.472626805109575610e-02 4.278216959032366873e+00 5.875600083934572337e-01 4.057440323093723378e-01 2.358676188437915755e+01
1.190081214225866324e+00 6.854947173344114186e-02 1.019991615896714876e+01 6.439649816307152497e-01 4.137261848206815751e-01 1.932400734654935093e+01
1.132396128830157833e+00 7.525032750459099973e-02 3.883704648082870747e+00 6.147482260571240920e-01 4.296041808036624721e-01 1.938224731719792260e+01
1.132396128830157833e+00 7.525032750459099973e-02 3.883704648082870747e+00 6.147482260571240920e-01 4.296041808036624721e-01 1.938224731719792260e+01
1.098623903396206858e+00 6.816055364615503098e-02 2.588262730397641764e+00 5.991470841518709012e-01 3.982164625650803091e-01 1.924855099974509187e+01
1.098623903396206858e+00 6.816055364615503098e-02 2.588262730397641764e+00 5.991470841518709012e-01 3.982164625650803091e-01 1.924855099974509187e+01
1.151466518941606898e+00 8.189943758993525891e-02 8.762648126386338276e+00 6.040142604377748414e-01 4.224674284442425098e-01 1.899978355914042893e+01
1.183920265262631055e+00 7.768831520413801983e-02 0.000000000000000000e+00 5.983568592006325293e-01 4.335607928785125131e-01 2.153265489989450643e+01
1.144873783488475683e+00 9.485899937000961957e-02 1.728483755845828540e+01 5.914629071338662891e-01 4.196642363882723270e-01 1.682912780925727958e+01
1.140812638792612521e+00 6.226851106664964275e-02 3.145035293586818881e+00 5.991553085955175773e-01 3.574350379366856290e-01 2.599849916527113081e+01
1.140812638792612521e+00 6.226851106664964275e-02 3.145035293586818881e+00 5.991553085955175773e-01 3.574350379366856290e-01 2.599849916527113081e+01
1.073565715944575727e+00 4.792559215169158587e-02 9.626967008167838458e+00 6.316099459551988149e-01 4.290636636310536378e-01 2.229913562072393418e+01
1.125984696192390055e+00 3.260184135495811097e-02 1.316458131204669080e+01 5.837738784277641813e-01 3.633154072214808683e-01 2.326286341529827695e+01
1.125984696192390055e+00 3.260184135495811097e-02 1.316458131204669080e+01 5.837738784277641813e-01 3.633154072214808683e-01 2.326286341529827695e+01
1.123561324320583754e+00 6.981794935484635090e-02 2.145553565361966974e+01 5.383647812268884669e-01 3.859556039194962929e-01 2.302027353803816112e+01
1.186886929732217100e+00 1.070578168368471333e-01 8.444106247658762499e+00 5.571573744364127778e-01 3.791732866816667769e-01 2.487169131864634153e+01
1.082005953996038050e+00 4.198582909148681347e-02 6.393157790753736691e+00 5.764484890312029375e-01 3.644430625098100118e-01 2.278584496807080839e+01
1.100540196557517225e+00 7.508027099843775365e-02 4.575654635828978023e+00 6.061172279697319976e-01 4.020595283510875473e-01 1.878551446070170527e+01
1.052567442911124918e+00 1.178950332144881319e-01 0.000000000000000000e+00 5.937162386425611782e-01 3.802694460474280724e-01 2.276369227937939499e+01
1.057908573205664560e+00 6.137001242339084998e-03 6.933250081022209521e+00 5.539785499680742742e-01 4.101922713535491871e-01 1.969250057815595056e+01
1.094996976767204977e+00 1.575091338443487029e-03 8.046663371640653040e+00 5.095950876500581206e-01 4.030125555067693432e-01 2.027539842054489938e+01
1.096528203958853531e+00 2.413270112131634879e-02 6.179754380312921569e+00 5.717723765712912076e-01 3.832399173388498781e-01 2.076244949868899781e+01
1.116105113110971381e+00 3.725555322119812607e-02 1.545244369795977590e+01 5.831089634333144200e-01 4.408059411553064688e-01 2.136896251777512035e+01
1.175023461755528853e+00 4.331430669460637622e-02 2.563730711617393254e+01 6.218371512465834527e-01 4.066470577101746198e-01 2.547719658545818078e+01
1.183858696689201073e+00 1.288024558172307099e-01 2.482145820977449446e+01 6.231269956270070187e-01 4.077952728482217015e-01 2.675112434451071763e+01
1.183858696689201073e+00 1.288024558172307099e-01 2.482145820977449446e+01 6.231269956270070187e-01 4.077952728482217015e-01 2.675112434451071763e+01
1.156690612276374042e+00 9.601304905132616863e-02 1.374543886610275756e+01 5.694829515926208563e-01 4.066033804666178697e-01 2.614240430847393526e+01
1.138484658293368090e+00 9.354253338978282817e-02 2.069748387543496904e+01 5.509822718071826220e-01 3.915240737449646180e-01 2.542692455706540855e+01
1.182906522600031041e+00 9.419186109757325676e-02 9.954927050325979465e+00 5.666943701286368817e-01 3.669742377673898548e-01 2.573407192782384101e+01
1.207350420261924295e+00 1.456877683232867815e-01 8.599045870769689515e+00 5.748472674631568413e-01 3.801618216462788746e-01 2.763328247599712739e+01
1.207350420261924295e+00 1.456877683232867815e-01 8.599045870769689515e+00 5.748472674631568413e-01 3.801618216462788746e-01 2.763328247599712739e+01
1.206307085994750894e+00 1.112109135545931160e-01 8.103636474491198172e+00 5.487532122206232321e-01 3.837361325376276722e-01 2.912027312763084552e+01
1.140687645044158538e+00 1.099009120832842024e-01 1.452256053354329701e+01 5.875616087507757879e-01 3.924998141880827740e-01 2.823604767447986319e+01
1.140687645044158538e+00 1.099009120832842024e-01 1.452256053354329701e+01 5.875616087507757879e-01 3.924998141880827740e-01 2.823604767447986319e+01
1.166741109500504248e+00 6.386754457238386085e-02 1.420756385928800825e+01 6.196164718049002040e-01 4.587081997900064323e-01 2.411958679921062654e+01
1.143049629821881963e+00 7.958547554550454706e-02 2.044166294848475118e+01 6.102593458634476553e-01 4.541608503566372246e-01 2.494797043253204905e+01
1.149282704622979212e+00 7.893939992806797701e-02 1.378928773053751122e+01 5.814796374843789195e-01 4.409754105580692696e-01 2.485975351801257816e+01
1.167007304494936948e+00 9.124131717346281589e-02 1.163401709746960755e+01 6.059230164116222728e-01 4.436119698938755795e-01 2.113698394427938609e+01
1.154886824525278799e+00 9.189276963376100116e-02 6.785880714763495192e+00 5.548264568554267528e-01 4.305800301768874516e-01 2.521480493378518162e+01
1.163889412426546865e+00 8.575541051907670242e-02 1.465313292910060516e+00 5.525666694239080856e-01 4.232123917998182883e-01 2.591562201351131733e+01
1.125067372951942479e+00 9.413185424844013049e-02 0.000000000000000000e+00 5.518442319387185657e-01 4.389808638464104407e-01 2.547508411737687695e+01
1.134004332133856430e+00 6.345304994906908469e-02 0.000000000000000000e+00 5.405159220160586919e-01 4.303367368046036034e-01 2.339034053901400156e+01
1.201580889424314513e+00 8.323876653345105292e-02 6.169399468277809717e+00 6.309907143458903800e-01 4.875493468832996502e-01 2.667480767083802817e+01
1.201580889424314513e+00 8.323876653345105292e-02 6.169399468277809717e+00 6.309907143458903800e-01 4.875493468832996502e-01 2.667480767083802817e+01
1.152695535849513453e+00 1.111764260938894328e-01 0.000000000000000000e+00 6.042459561341381180e-01 4.887348899908197097e-01 2.703902303509553917e+01
1.197512701338069530e+00 8.135287717613770564e-02 4.802364096037427643e+00 6.150595731495739349e-01 4.941087523061070130e-01 2.444074393688583058e+01
1.164112793981440408e+00 1.014648387154692549e-01 9.045601168744807907e+00 5.689938657274682399e-01 4.892377063960178796e-01 2.435008676915678194e+01
1.230011919955920074e+00 2.057533767587405027e-02 2.123857409216369341e+00 5.594997550663720620e-01 3.993389568763738851e-01 2.386926784055347284e+01
1.115231114997921269e+00 9.783981165254380941e-02 2.721823349607809028e+00 5.982556722665773874e-01 4.025586144838291247e-01 2.395024941751907832e+01
1.115231114997921269e+00 9.783981165254380941e-02 2.721823349607809028e+00 5.982556722665773874e-01 4.025586144838291247e-01 2.395024941751907832e+01
1.120778941770291137e+00 1.014533373166281727e-01 0.000000000000000000e+00 5.573099192515684752e-01 4.344030541427847947e-01 2.387571322142184016e+01
1.130606224826099737e+00 9.555328388873395029e-02 4.829574051934867995e+00 5.532105817815109461e-01 4.347526469915428682e-01 2.181542701985906874e+01
1.102248848694110439e+00 1.054397677532905170e-01 6.523183987575940534e+00 5.460131227732722969e-01 4.184370078427230299e-01 2.382662684057335767e+01
1.145424798238875885e+00 1.452002700414302128e-01 1.595147184849720290e+00 6.147646590922868359e-01 4.858107108629601267e-01 2.410211002361686994e+01
1.132340256514307697e+00 5.690547334574365401e-03 1.688313019254353264e+01 5.115102138110452223e-01 3.220454549087094498e-01 2.170872691679110034e+01
1.131850671499023964e+00 5.432256815630805841e-02 1.333940297720578627e+01 5.037993098356413624e-01 3.985746502418163750e-01 1.928926970133933949e+01
1.188453541524823187e+00 2.416982975931636357e-02 1.383245922533350125e+01 5.466052792429759721e-01 3.324321729678305082e-01 2.351209014448647139e+01
1.137904845836738899e+00 4.454655783873049529e-02 1.619336858956004122e+01 5.128529272177186904e-01 3.459761716983004165e-01 2.368094720757005689e+01
1.143008059832736567e+00 1.283944798817032024e-02 4.484851844623445771e+00 5.155643026036142995e-01 3.569409245399557951e-01 2.205139639455145328e+01
1.100804076794184017e+00 1.120293234605199417e-01 2.713499292051465339e+00 6.116136907620853824e-01 4.906377069937398749e-01 2.269869652494150714e+01
1.137143735901511077e+00 8.133366530673243056e-02 8.272883769326293546e-01 6.395657124066130850e-01 4.717599789022608459e-01 2.241848284019529203e+01
1.137143735901511077e+00 8.133366530673243056e-02 8.272883769326293546e-01 6.395657124066130850e-01 4.717599789022608459e-01 2.241848284019529203e+01
1.118851773113129777e+00 1.346527002282027485e-01 1.047099973826097852e+01 5.971254902353821947e-01 4.501096219053310477e-01 2.071889733671479661e+01
1.137345484439421961e+00 6.737237622379051161e-02 5.510200429099551656e+00 6.100248990146421857e-01 4.878519715086264696e-01 2.267007323260222407e+01
1.137345484439421961e+00 6.737237622379051161e-02 5.510200429099551656e+00 6.100248990146421857e-01 4.878519715086264696e-01 2.267007323260222407e+01
1.069380690804233369e+00 8.126020783443212159e-02 4.261463433271932999e+00 6.117395893194780276e-01 4.292730573406457473e-01 2.374535932686316642e+01
1.130189631360839497e+00 5.759024233393408854e-02 3.840703617627892186e+01 5.350119578886238791e-01 3.848952142943359300e-01 2.747758624340902145e+01
1.146902807833121596e+00 6.696927914985219277e-02 1.758431284327126676e+01 5.954036609792179302e-01 4.508244328597581507e-01 2.238043723200559398e+01
1.154742526683084636e+00 1.084468876673201493e-01 2.278162830227343605e+01 5.748917096757532041e-01 4.792572367290776625e-01 2.888976163152779009e+01
1.143036407857162207e+00 1.197689697354193950e-01 2.017472993187345054e+01 5.589923015347384450e-01 4.772933488055626783e-01 2.641738840410658895e+01
1.247460982226016979e+00 1.216345973792919560e-01 1.464935838259579803e+01 5.257524308035963490e-01 4.899599880108135852e-01 2.308814548764175711e+01
1.262465179927894310e+00 1.067714020788637225e-01 1.538259629205543355e+01 5.114602419570710712e-01 4.582837834386822018e-01 2.298643873410065552e+01
1.236725965108592007e+00 9.619839891788241337e-02 8.706053371700557264e+00 5.631165072845057962e-01 4.051934670872262556e-01 1.990601115200329119e+01
1.160359888617884971e+00 1.381100969857082805e-01 1.887845934154075422e+01 5.911408180994233152e-01 3.277980658187333862e-01 2.340272574628713187e+01
1.160359888617884971e+00 1.381100969857082805e-01 1.887845934154075422e+01 5.911408180994233152e-01 3.277980658187333862e-01 2.340272574628713187e+01
1.117533109402006231e+00 7.205260434216641252e-02 2.503016914758024569e+01 5.554062015718299605e-01 3.637740608643247886e-01 1.753301358308016944e+01
1.156283059161312021e+00 8.080400870801252022e-02 1.903760649871687249e+01 5.626595037168551361e-01 3.462615229385745397e-01 1.819166788618491282e+01
1.188699483739999563e+00 5.944853213144275089e-02 2.393447212875939201e+01 5.699574936222617794e-01 3.188823206400591137e-01 1.929886671327394865e+01
1.079852929548375418e+00 4.396518006283219732e-02 1.802507537909612623e+01 5.898308089982190472e-01 3.417669470875608906e-01 2.267167906673421740e+01
1.221389180654666617e+00 8.396261311778664693e-02 1.415822235766858483e+01 5.723082034259074913e-01 3.477565556165772565e-01 2.053404292274754894e+01
1.185852270626390093e+00 7.972245936978276937e-02 1.164017430717448676e+01 5.469764787544236784e-01 3.274591927433306848e-01 2.173545902103119687e+01
1.188576122660849999e+00 7.729252231552101449e-02 5.666019380837600039e+00 5.515870959740211132e-01 3.433977429702352868e-01 2.147266837657315719e+01
1.128492178717193539e+00 6.586390044956719203e-02 1.777195785415085183e+01 5.412077220246769294e-01 3.991388359722973789e-01 2.890493608263412995e+01
1.091872743991732397e+00 5.058112350059705553e-02 1.597547536467215856e+01 5.360783532179203004e-01 4.054415266042500354e-01 2.898941160218567958e+01
1.091872743991732397e+00 5.058112350059705553e-02 1.597547536467215856e+01 5.360783532179203004e-01 4.054415266042500354e-01 2.898941160218567958e+01
1.076767481411262883e+00 2.791480963183585323e-02 1.753045043029738537e+01 5.067888528751590682e-01 4.018384934151212895e-01 2.885628270690891739e+01
1.093021366677687345e+00 2.147071907010118449e-02 1.996402713699209075e-01 5.873192416076596922e-01 3.425772278179168850e-01 2.744073377341515396e+01
1.093972637327950137e+00 8.693725430420285588e-03 3.284631042347384788e+00 5.832789132321309911e-01 3.459975607989566604e-01 2.886511918842880320e+01
1.094776003634690964e+00 5.488016505081248775e-02 0.000000000000000000e+00 5.684292169215126034e-01 3.506030880778172043e-01 2.613589425436951785e+01
1.094776003634690964e+00 5.488016505081248775e-02 0.000000000000000000e+00 5.684292169215126034e-01 3.506030880778172043e-01 2.613589425436951785e+01
1.085940619920801264e+00 6.137204296808545373e-02 5.284100977410188804e+00 5.793692469328293182e-01 3.647029305986330128e-01 2.881299176853528721e+01
1.079770256775377302e+00 4.440355344578669067e-02 6.632886086945268822e+00 6.272106308330255287e-01 3.461656964839116002e-01 2.973392431596446528e+01
1.104601328504596580e+00 2.120310802608338374e-02 2.838991247249751382e+00 5.814810785101901525e-01 3.431746084243755823e-01 2.982172901266341114e+01
1.116428578565565877e+00 1.770780255259365998e-02 0.000000000000000000e+00 6.240871391280460312e-01 3.744302710428804026e-01 3.055257294753065622e+01
1.116428578565565877e+00 1.770780255259365998e-02 0.000000000000000000e+00 6.240871391280460312e-01 3.744302710428804026e-01 3.055257294753065622e+01
1.090164447015677940e+00 4.088699666148006007e-02 1.290318840494994568e+01 6.159206511356668523e-01 3.741633108212553682e-01 3.010113069195283231e+01
1.134878002051538770e+00 1.186666017696202946e-02 3.247588031526057506e+01 6.607768425143060176e-01 4.502122270565266926e-01 2.526387311303232153e+01
1.134878002051538770e+00 1.186666017696202946e-02 3.247588031526057506e+01 6.607768425143060176e-01 4.502122270565266926e-01 2.526387311303232153e+01
1.126864072299917252e+00 4.822261386815052120e-02 3.252747821392784289e+01 6.848249893148667944e-01 4.610293303598171355e-01 2.514924261727267307e+01
1.126864072299917252e+00 4.822261386815052120e-02 3.252747821392784289e+01 6.848249893148667944e-01 4.610293303598171355e-01 2.514924261727267307e+01
1.092193104397939374e+00 7.548962374933834707e-02 3.355107474898531450e+01 6.617741538906862786e-01 4.441121900712073356e-01 2.346813558079209372e+01
1.092193104397939374e+00 7.548962374933834707e-02 3.355107474898531450e+01 6.617741538906862786e-01 4.441121900712073356e-01 2.346813558079209372e+01
1.158550455356542441e+00 6.039812428252556292e-02 2.897070824222230101e+01 6.702156351112577015e-01 4.382203240878491668e-01 2.507933390956709729e+01
1.158550455356542441e+00 6.039812428252556292e-02 2.897070824222230101e+01 6.702156351112577015e-01 4.382203240878491668e-01 2.507933390956709729e+01
1.127333886799672724e+00 6.458924958351575096e-02 4.149732111289963399e+01 6.632204431258910127e-01 4.417843514131744587e-01 2.413485921993970607e+01
1.140477860070373328e+00 7.859748179646842969e-02 3.198740170806628313e+01 6.234542180856142979e-01 4.602339727533076297e-01 2.426758376941626594e+01
1.170063945770229097e+00 5.711833971795193809e-02 1.862684671942783154e+01 6.573738728469502579e-01 4.536673439726801038e-01 2.278253744316566554e+01
1.170063945770229097e+00 5.711833971795193809e-02 1.862684671942783154e+01 6.573738728469502579e-01 4.536673439726801038e-01 2.278253744316566554e+01
1.170063945770229097e+00 5.711833971795193809e-02 1.862684671942783154e+01 6.573738728469502579e-01 4.536673439726801038e-01 2.278253744316566554e+01
1.174212833632923392e+00 4.203845548961410855e-02 1.287127714747431817e+01 6.832306493868808284e-01 4.663611584302975177e-01 2.479891150005917311e+01
1.174212833632923392e+00 4.203845548961410855e-02 1.287127714747431817e+01 6.832306493868808284e-01 4.663611584302975177e-01 2.479891150005917311e+01
1.157479976703220670e+00 4.840426285759855118e-02 2.055089938559915552e+01 6.423197183105174846e-01 4.439436047737388980e-01 2.603324488666085301e+01
1.157479976703220670e+00 4.840426285759855118e-02 2.055089938559915552e+01 6.423197183105174846e-01 4.439436047737388980e-01 2.603324488666085301e+01
1.157479976703220670e+00 4.840426285759855118e-02 2.055089938559915552e+01 6.423197183105174846e-01 4.439436047737388980e-01 2.603324488666085301e+01
1.167494349768082085e+00 4.216720731073492212e-02 2.238847816829818527e+01 6.409200048622933910e-01 4.321728481511752373e-01 2.580462386459279145e+01
1.167494349768082085e+00 4.216720731073492212e-02 2.238847816829818527e+01 6.409200048622933910e-01 4.321728481511752373e-01 2.580462386459279145e+01
1.167494349768082085e+00 4.216720731073492212e-02 2.238847816829818527e+01 6.409200048622933910e-01 4.321728481511752373e-01 2.580462386459279145e+01
1.166852873936092383e+00 4.097386988330117830e-02 1.553930367027202131e+01 6.841434841159299562e-01 4.609203468061700004e-01 2.435940749593124721e+01
1.166852873936092383e+00 4.097386988330117830e-02 1.553930367027202131e+01 6.841434841159299562e-01 4.609203468061700004e-01 2.435940749593124721e+01
1.170377637118857228e+00 5.996087616463106895e-02 1.542114560535078382e+01 6.680106714969655801e-01 4.385853443982462574e-01 2.556440578361665672e+01
1.170377637118857228e+00 5.996087616463106895e-02 1.542114560535078382e+01 6.680106714969655801e-01 4.385853443982462574e-01 2.556440578361665672e+01
1.170377637118857228e+00 5.996087616463106895e-02 1.542114560535078382e+01 6.680106714969655801e-01 4.385853443982462574e-01 2.556440578361665672e+01
1.131691920200367907e+00 2.445799721896050119e-02 2.022617409360453777e+01 6.248277238122867949e-01 4.599640261525551610e-01 2.501124259235720615e+01
1.131691920200367907e+00 2.445799721896050119e-02 2.022617409360453777e+01 6.248277238122867949e-01 4.599640261525551610e-01 2.501124259235720615e+01
1.131691920200367907e+00 2.445799721896050119e-02 2.022617409360453777e+01 6.248277238122867949e-01 4.599640261525551610e-01 2.501124259235720615e+01
1.203791878228352763e+00 6.179202998676693037e-02 1.591339147712021074e+01 6.382528896501433735e-01 4.555785467364041330e-01 2.312734203471512728e+01
1.203791878228352763e+00 6.179202998676693037e-02 1.591339147712021074e+01 6.382528896501433735e-01 4.555785467364041330e-01 2.312734203471512728e+01
1.184110362784756676e+00 6.724856744543776521e-02 3.134633674652508972e+01 5.935564643973658683e-01 4.454239953230287874e-01 2.149138193312243317e+01
1.150248275273685783e+00 5.943380958532509806e-02 2.462812406318941072e+01 6.114510772399605054e-01 4.200808515074112015e-01 2.448942741318836269e+01
1.150248275273685783e+00 5.943380958532509806e-02 2.462812406318941072e+01 6.114510772399605054e-01 4.200808515074112015e-01 2.448942741318836269e+01
1.166010599636781109e+00 6.752765364138550719e-02 3.023605510027322651e+01 5.977019758505004443e-01 4.498294347441090246e-01 2.320187579255933130e+01
1.188336591812444887e+00 4.030729496544026985e-02 2.491187770464685869e+01 5.925189362122675885e-01 4.060593002653306027e-01 2.436484367217029856e+01
1.131190700010747507e+00 5.447186326831629510e-02 2.819766385919265517e+01 6.107107299635909925e-01 3.873290969603853107e-01 2.473698329091337911e+01
1.131190700010747507e+00 5.447186326831629510e-02 2.819766385919265517e+01 6.107107299635909925e-01 3.873290969603853107e-01 2.473698329091337911e+01
1.125355579655161087e+00 1.015875663974509374e-01 3.131119463705951844e+01 5.972531677489132385e-01 4.473914202603023194e-01 2.474295407206252406e+01
1.174942752870678175e+00 5.028335148620616257e-02 2.692511950172899304e+01 5.960768515474919038e-01 4.045236496465526854e-01 2.448015191566260995e+01
1.174942752870678175e+00 5.028335148620616257e-02 2.692511950172899304e+01 5.960768515474919038e-01 4.045236496465526854e-01 2.448015191566260995e+01
1.150915818764450815e+00 6.286781984020936576e-02 1.457442497129781422e+01 6.819232449774432769e-01 3.926700498691901298e-01 2.334759891996446157e+01
1.150915818764450815e+00 6.286781984020936576e-02 1.457442497129781422e+01 6.819232449774432769e-01 3.926700498691901298e-01 2.334759891996446157e+01
1.169718239894410816e+00 7.202430860477350427e-02 2.766865787454619152e+01 6.812981883350222034e-01 3.985600210435626956e-01 2.315323827092926123e+01
1.169718239894410816e+00 7.202430860477350427e-02 2.766865787454619152e+01 6.812981883350222034e-01 3.985600210435626956e-01 2.315323827092926123e+01
1.111042144855144631e+00 9.082160837249156349e-02 3.177465165528940361e+01 6.987461765041559358e-01 3.504027105768119377e-01 2.030172184202103125e+01
1.131855376810690705e+00 6.685327302684014594e-02 2.287429202063028200e+01 6.751523881080049305e-01 4.086164118686576585e-01 2.340560231645809353e+01
1.131855376810690705e+00 6.685327302684014594e-02 2.287429202063028200e+01 6.751523881080049305e-01 4.086164118686576585e-01 2.340560231645809353e+01
1.144392788900387981e+00 9.133981803898877372e-02 2.682283496975135861e+01 6.803380233496707508e-01 3.860765222682132625e-01 2.298059217413456423e+01
1.187729559184001360e+00 1.097857261909674087e-01 1.757347233853306534e+01 6.615608475204113326e-01 3.739829556970385438e-01 2.711322496204205734e+01
1.187729559184001360e+00 1.097857261909674087e-01 1.757347233853306534e+01 6.615608475204113326e-01 3.739829556970385438e-01 2.711322496204205734e+01
1.145117937721133572e+00 8.953923553306832039e-02 2.524492576052236714e+01 6.263234783380022819e-01 3.482901036298970410e-01 2.345419290956239777e+01
1.145117937721133572e+00 8.953923553306832039e-02 2.524492576052236714e+01 6.263234783380022819e-01 3.482901036298970410e-01 2.345419290956239777e+01
1.154392212080952218e+00 9.424828602974349989e-02 2.337321057644855671e+01 6.361663425867203348e-01 3.611043029541850524e-01 2.573094900974575694e+01
1.154392212080952218e+00 9.424828602974349989e-02 2.337321057644855671e+01 6.361663425867203348e-01 3.611043029541850524e-01 2.573094900974575694e+01
1.151978453710664319e+00 9.726744324105041084e-02 1.750824785822902285e+01 6.618692341075880226e-01 3.463164355699011598e-01 2.690861352528951045e+01
1.142599325736972871e+00 9.455939615452257918e-02 2.621704359556824926e+01 6.306157214495750063e-01 3.195732634650644832e-01 2.564411168425268173e+01
1.161328617821193232e+00 1.052147944780292554e-01 3.320500207758397693e+01 6.689750982624886877e-01 3.311767298833195317e-01 2.525555703908872118e+01
1.161328617821193232e+00 1.052147944780292554e-01 3.320500207758397693e+01 6.689750982624886877e-01 3.311767298833195317e-01 2.525555703908872118e+01
1.084754652805312691e+00 9.570774563636219590e-02 1.939521276268509808e+01 6.011315842159413725e-01 3.962923238320607000e-01 2.771792276899672558e+01
1.084754652805312691e+00 9.570774563636219590e-02 1.939521276268509808e+01 6.011315842159413725e-01 3.962923238320607000e-01 2.771792276899672558e+01
1.128804165157615502e+00 1.134946233745364602e-01 2.276376404518822127e+01 5.856267449001795189e-01 3.666802806672603277e-01 2.790462722669617790e+01
1.128804165157615502e+00 1.134946233745364602e-01 2.276376404518822127e+01 5.856267449001795189e-01 3.666802806672603277e-01 2.790462722669617790e+01
1.142950827081404608e+00 1.020334187089324690e-01 2.874811474931483701e+01 5.996882758315315032e-01 3.676125763981521466e-01 2.844182919388562780e+01
1.142950827081404608e+00 1.020334187089324690e-01 2.874811474931483701e+01 5.996882758315315032e-01 3.676125763981521466e-01 2.844182919388562780e+01
1.122721345487146527e+00 1.063777066602805133e-01 2.868977667300675094e+01 5.842272624489991406e-01 3.805902854781246791e-01 2.879025072690643938e+01
1.122721345487146527e+00 1.063777066602805133e-01 2.868977667300675094e+01 5.842272624489991406e-01 3.805902854781246791e-01 2.879025072690643938e+01
1.140702490579276418e+00 1.087228849126992969e-01 1.506282488394011843e+01 6.079579925446959576e-01 4.051278614767930830e-01 2.783478099560129237e+01
1.140702490579276418e+00 1.087228849126992969e-01 1.506282488394011843e+01 6.079579925446959576e-01 4.051278614767930830e-01 2.783478099560129237e+01
1.124410107744033382e+00 6.507321069157417925e-02 2.120457860679069029e+01 6.557346294239885243e-01 3.733177039079582094e-01 2.374043642242455121e+01
1.124410107744033382e+00 6.507321069157417925e-02 2.120457860679069029e+01 6.557346294239885243e-01 3.733177039079582094e-01 2.374043642242455121e+01
1.134621845691495157e+00 6.591187788446244145e-02 2.209016215040276876e+01 6.358954388515793976e-01 4.236999347663499838e-01 2.450172133668946373e+01
1.134621845691495157e+00 6.591187788446244145e-02 2.209016215040276876e+01 6.358954388515793976e-01 4.236999347663499838e-01 2.450172133668946373e+01
1.150762341958261770e+00 8.878871485926846663e-02 2.810155559792456259e+01 5.802311944492898332e-01 3.572780125541727414e-01 2.494650504462788021e+01
1.143629338997503408e+00 8.958899428518951602e-02 2.963942751130178266e+01 5.467128585881805281e-01 3.884525319660472875e-01 2.485683521705136201e+01
1.127954893841874418e+00 8.005590421853016336e-02 3.205817970328942579e+01 5.896494307244379840e-01 3.461089120613231040e-01 2.483269418613559765e+01
1.143124879595843302e+00 3.834819545217342529e-02 2.166578351408866965e+01 6.321065105426738606e-01 4.385436813363126074e-01 2.377558682413039293e+01
1.143124879595843302e+00 3.834819545217342529e-02 2.166578351408866965e+01 6.321065105426738606e-01 4.385436813363126074e-01 2.377558682413039293e+01
1.143124879595843302e+00 3.834819545217342529e-02 2.166578351408866965e+01 6.321065105426738606e-01 4.385436813363126074e-01 2.377558682413039293e+01
1.180698065307553835e+00 9.016917901424463533e-02 1.850976934989681766e+01 5.689835259584195004e-01 4.291739125234392271e-01 2.598744450893742552e+01
1.120849078401599197e+00 6.699645802092259184e-02 2.081875992475089632e+01 6.219306772956902929e-01 4.504044541792903145e-01 2.621166019026363969e+01
1.120849078401599197e+00 6.699645802092259184e-02 2.081875992475089632e+01 6.219306772956902929e-01 4.504044541792903145e-01 2.621166019026363969e+01
1.142244842470276467e+00 5.963755771114295778e-02 1.678094981473970293e+01 5.950428003073419125e-01 4.559278251944272609e-01 2.428472137206734516e+01
1.142244842470276467e+00 5.963755771114295778e-02 1.678094981473970293e+01 5.950428003073419125e-01 4.559278251944272609e-01 2.428472137206734516e+01
1.280742105232898442e+00 9.311641512490477501e-02 2.217858619787174135e+01 6.440962295149683658e-01 4.098183656420258947e-01 2.242180617683417054e+01
1.166782489671569056e+00 1.064788973889076729e-01 1.715293286551245799e+01 6.075368873402020586e-01 3.867673698947652894e-01 2.449236392772646553e+01
1.216276425242743375e+00 1.080918792954153329e-01 2.884856464688294153e+01 5.744336729701811084e-01 3.600827524415609604e-01 2.498785830404273867e+01
1.216276425242743375e+00 1.080918792954153329e-01 2.884856464688294153e+01 5.744336729701811084e-01 3.600827524415609604e-01 2.498785830404273867e+01
1.175888821898924297e+00 8.069703898909398598e-02 2.510840173289531307e+01 6.074556903340841973e-01 3.868566392353502414e-01 2.433142287890010280e+01
1.187062368252860045e+00 8.675655607141215253e-02 1.906604902460135875e+01 5.987537262398955340e-01 3.983092126733580596e-01 2.416083629859122084e+01
1.187062368252860045e+00 8.675655607141215253e-02 1.906604902460135875e+01 5.987537262398955340e-01 3.983092126733580596e-01 2.416083629859122084e+01
1.140615036126364945e+00 7.564349465670941464e-02 2.224103237302418279e+01 5.857032948802529670e-01 3.834398257774008223e-01 2.429926420287008071e+01
1.228469982818406914e+00 7.832691947591557957e-02 3.303861765970798103e+01 5.729858197933916930e-01 3.352796595057804252e-01 2.285188092499699763e+01
1.217386932205436478e+00 2.126926989976200832e-02 3.585602197210425146e+01 5.881235487314345756e-01 3.361404284668858544e-01 2.598059461781327784e+01
1.225493601794931164e+00 7.211340506430623243e-03 2.442793387552889328e+01 5.675856175128214387e-01 3.302110815507459662e-01 2.434778453849837732e+01
1.209997195394200364e+00 2.571690450215075377e-02 2.266909031334052216e+01 5.491564938293961307e-01 3.177358728412661426e-01 2.491363512118511991e+01
1.190309118207831585e+00 9.835500572468172664e-02 3.393833004081503901e+01 5.843175192082405989e-01 3.806213488682262946e-01 2.751455086595630561e+01
1.163358838925147909e+00 2.762681763934856857e-02 2.520869817558224923e+01 5.727565053424890085e-01 3.616030331458784941e-01 2.631196015986320447e+01
1.210682594634151954e+00 5.100393310126007801e-02 2.927768700849069461e+01 5.967921015147629182e-01 3.557142581741958298e-01 2.628370701796216835e+01
1.210682594634151954e+00 5.100393310126007801e-02 2.927768700849069461e+01 5.967921015147629182e-01 3.557142581741958298e-01 2.628370701796216835e+01
1.166766494338531190e+00 4.765081329111366809e-02 2.245114340895766958e+01 5.434700231658375902e-01 3.644368042470230162e-01 2.633401004077797580e+01
1.147983192168533728e+00 7.461282503748262185e-02 2.966122554200214978e+01 5.621022423333231766e-01 3.578368091956966590e-01 2.539676921358780959e+01
1.147983192168533728e+00 7.461282503748262185e-02 2.966122554200214978e+01 5.621022423333231766e-01 3.578368091956966590e-01 2.539676921358780959e+01
1.128599904651302888e+00 5.307307484070242221e-02 2.215491485475769196e+01 5.583123559055691576e-01 4.183636196960541231e-01 2.635911146393080173e+01
1.091598554170164048e+00 1.046528916954260480e-03 2.442750944147304537e+01 5.722296051313375820e-01 4.292194167099686042e-01 2.278134676590158136e+01
1.110488299765075793e+00 3.584558617392252788e-02 1.297346612252582787e+01 5.636186212742043677e-01 4.382263219615865069e-01 2.420868664931753855e+01
1.177598736964447834e+00 8.202508705767420916e-03 2.239670509738332527e+01 5.389151553846632803e-01 4.002672185868771382e-01 2.263354521999492519e+01
1.136023637171126310e+00 7.231805062500973325e-02 2.853451653939060861e+01 5.937400452940323481e-01 4.048192048409637867e-01 2.468858158829826266e+01
1.136023637171126310e+00 7.231805062500973325e-02 2.853451653939060861e+01 5.937400452940323481e-01 4.048192048409637867e-01 2.468858158829826266e+01
1.164243408799301216e+00 6.995432249853296425e-02 2.772635513679932373e+01 5.841734253847473690e-01 3.751359593126258885e-01 2.558810293951679427e+01
1.104166615739223145e+00 7.447789270054036570e-02 2.200712978327590719e+01 5.415176899330447213e-01 3.831116877552515065e-01 2.483536330249028978e+01
1.133622538049273265e+00 4.131833772443736091e-02 2.396156723764971375e+01 5.219971114047208260e-01 3.677865509487078799e-01 2.214805864842892191e+01
1.101023606669512489e+00 6.845182082663917034e-02 2.644291061163139389e+01 5.568439851081106173e-01 3.626225058341019936e-01 2.258763578349193679e+01
1.140564609374825622e+00 0.000000000000000000e+00 3.047914169344469570e+01 6.087840978978116269e-01 3.745768222758777410e-01 2.118236810288433247e+01
1.140564609374825622e+00 0.000000000000000000e+00 3.047914169344469570e+01 6.087840978978116269e-01 3.745768222758777410e-01 2.118236810288433247e+01
1.132233102008810555e+00 5.173194099387716516e-02 2.990312422799147640e+01 5.774641359538427166e-01 3.823268963415923372e-01 2.191122752276320185e+01
1.124101007212915171e+00 4.661351966251048307e-02 3.544206377003443009e+01 5.881167232235414710e-01 3.370641492014729290e-01 2.094055990799311573e+01
1.133435507804442688e+00 3.359729006722691341e-02 1.307998472208147334e+01 5.615130160691060857e-01 4.279415803853378053e-01 2.696997191501520774e+01
1.157144493085650927e+00 2.315204303497087751e-02 7.811535185941542281e+00 5.573154037124747884e-01 4.819635500765958036e-01 2.633413066203459252e+01
1.103945411635304907e+00 2.271422702110715425e-02 1.254440918008890193e+01 5.705798914330681981e-01 4.613033833303227249e-01 2.420673360236935423e+01
1.103945411635304907e+00 2.271422702110715425e-02 1.254440918008890193e+01 5.705798914330681981e-01 4.613033833303227249e-01 2.420673360236935423e+01
1.211347850964957340e+00 2.369669836977782509e-02 1.310866096453865914e+01 6.344281096449925217e-01 4.283873476303030059e-01 2.367303506285819736e+01
1.211347850964957340e+00 2.369669836977782509e-02 1.310866096453865914e+01 6.344281096449925217e-01 4.283873476303030059e-01 2.367303506285819736e+01
1.182350682528708896e+00 2.647609292006430914e-02 1.941870858539192923e+01 6.015903435522989007e-01 4.054584468209216919e-01 2.278272643570735312e+01
1.139604784512807667e+00 2.617141184618698019e-02 1.685445094187156911e+01 6.108104756567682703e-01 3.923420387700128353e-01 2.228271819710753121e+01
1.139604784512807667e+00 2.617141184618698019e-02 1.685445094187156911e+01 6.108104756567682703e-01 3.923420387700128353e-01 2.228271819710753121e+01
1.170321187099044646e+00 1.111999902090536792e-02 2.395631838986856366e+01 5.992643247566383780e-01 4.124754489801878976e-01 2.295701294544940652e+01
1.131891746603133519e+00 7.845053272182933579e-02 1.656973403889108454e+01 5.195885208956204648e-01 4.532271501802647151e-01 2.389420900412955007e+01
1.140197807754083748e+00 8.184684720482585107e-02 2.188470909914821760e+01 5.631792047414354574e-01 4.272965655482370284e-01 2.263179561209458512e+01
1.180652952706458203e+00 3.901314606163955312e-02 8.662973230317177809e+00 5.810110678018103325e-01 4.353268874627396201e-01 2.601386906439027058e+01
1.114933238261899717e+00 4.673424408663860025e-02 1.601201968443526624e+01 5.920913704029522329e-01 4.412908940265842239e-01 2.325163270688736361e+01
1.236239764746279501e+00 7.920809159833477886e-02 2.232348316116606313e+01 6.072305287862355128e-01 3.795827024777528869e-01 1.801218714493342432e+01
1.219862655001308749e+00 1.777382146395597995e-03 2.210870262357064320e+01 6.113320531073564990e-01 3.743989567355032744e-01 1.794393546439551557e+01
1.112919173420170216e+00 6.691363579480232027e-02 1.967086401504650439e+01 5.981298069132210404e-01 3.538684534684251592e-01 2.440593070321178715e+01
1.147407053793034537e+00 2.473480893889640903e-02 2.331823205940215260e+01 5.645475337924525938e-01 3.703779656223750161e-01 2.180273313798614865e+01
1.134237486904996262e+00 3.744761404393343041e-02 2.045659698674833038e+01 5.780532734333615474e-01 3.759013131804604946e-01 2.375813051589422997e+01
1.063508384566241194e+00 9.385168186322991046e-02 0.000000000000000000e+00 5.538705804760314377e-01 3.457272644318964971e-01 2.864835709720095025e+01
1.077375129028416589e+00 8.442767724952028596e-02 8.904296949347129342e+00 5.828523773474489911e-01 3.584761313721775977e-01 2.800541524749902322e+01
1.122680630201464469e+00 6.567506955192074780e-02 0.000000000000000000e+00 5.928602469292789667e-01 3.170342355248394473e-01 2.914309729492408962e+01
1.122680630201464469e+00 6.567506955192074780e-02 0.000000000000000000e+00 5.928602469292789667e-01 3.170342355248394473e-01 2.914309729492408962e+01
1.102152029842327519e+00 5.202708813528126447e-02 3.808388595916734953e+00 6.304973747607134360e-01 3.285943323045193432e-01 3.113002127764860916e+01
1.102152029842327519e+00 5.202708813528126447e-02 3.808388595916734953e+00 6.304973747607134360e-01 3.285943323045193432e-01 3.113002127764860916e+01
1.106459859180486616e+00 3.786306958405154244e-02 1.080133730250668300e+01 6.339302781815870924e-01 3.476261103077883385e-01 3.061384018560173814e+01
1.106459859180486616e+00 3.786306958405154244e-02 1.080133730250668300e+01 6.339302781815870924e-01 3.476261103077883385e-01 3.061384018560173814e+01
1.154997592405544227e+00 3.012887235244009546e-02 9.827223521447354670e+00 6.212136880080513235e-01 3.511329066589904402e-01 2.878542253116768990e+01
1.154997592405544227e+00 3.012887235244009546e-02 9.827223521447354670e+00 6.212136880080513235e-01 3.511329066589904402e-01 2.878542253116768990e+01
1.139570697716056014e+00 1.465736732708483314e-01 0.000000000000000000e+00 5.525199255658426178e-01 2.992241906477381974e-01 2.545150709485207585e+01
1.104709161600563094e+00 1.263064828587630029e-01 7.537903021478065568e+00 5.847585094893332780e-01 3.045829084610139348e-01 2.581555595624865873e+01
1.109083744743584177e+00 1.268013119237251241e-01 7.030113157940196977e+00 5.681787389093655438e-01 2.992578960520431153e-01 2.378390324075856910e+01
1.131364620439171409e+00 9.976055834724428806e-02 6.048363762333623939e-01 5.604968805098022866e-01 2.702646148662741221e-01 2.510996191607026518e+01
1.131364620439171409e+00 9.976055834724428806e-02 6.048363762333623939e-01 5.604968805098022866e-01 2.702646148662741221e-01 2.510996191607026518e+01
1.130941615232492259e+00 1.037689835783982412e-01 7.600299500730872460e+00 5.652408099565040533e-01 2.938588481557606880e-01 2.223397042539105684e+01
1.113763599995454712e+00 6.189407519721451534e-02 9.401735538138589199e-01 5.464960438468485782e-01 2.920343057361543537e-01 2.425277449173818312e+01
1.185518172763717626e+00 1.263357158299905636e-01 5.933009830368818349e+00 5.191603556282713416e-01 2.767412964392758634e-01 2.829898562626712533e+01
1.252066370933640371e+00 6.052300917467185598e-02 7.834102499745988268e+00 6.132348822099327190e-01 3.258670148643528774e-01 2.727583618658572107e+01
1.081424777570086260e+00 1.642009567822867375e-02 2.035168692380231015e+00 5.043692955353475948e-01 4.014055954673454440e-01 2.254002536214359154e+01
1.145064780044504404e+00 5.874783278980855866e-02 0.000000000000000000e+00 5.571589379806813902e-01 3.897094714141519090e-01 2.600161213472777177e+01
1.167562514349843816e+00 7.798010243482815518e-02 1.261846666642033199e+01 5.451312491148114781e-01 3.320983218109181401e-01 2.474764722433831565e+01
1.051448300473727171e+00 7.902690573653703421e-02 6.233220635266672360e+00 5.482740494211494342e-01 3.855350235008198068e-01 2.676315034893256239e+01
1.108640626061216938e+00 8.893142808901546847e-02 1.196954475632256276e+01 5.635901923085272491e-01 3.754172473311205294e-01 2.281834264807170598e+01
1.108640626061216938e+00 8.893142808901546847e-02 1.196954475632256276e+01 5.635901923085272491e-01 3.754172473311205294e-01 2.281834264807170598e+01
1.126075927056610526e+00 1.030866582270247439e-01 1.144552958090315897e+01 5.542987190413811716e-01 3.839240865568501748e-01 2.290688478677333606e+01
1.126075927056610526e+00 1.030866582270247439e-01 1.144552958090315897e+01 5.542987190413811716e-01 3.839240865568501748e-01 2.290688478677333606e+01
1.145587895666260625e+00 2.654068243716217398e-02 1.864848494492011355e+01 5.949418142245203045e-01 4.347143668758396973e-01 2.264607203192050378e+01
1.080552853155051007e+00 5.368267174980621143e-02 2.070536265061362258e+01 6.078409056645427411e-01 4.279502382582758835e-01 2.153295625100636457e+01
1.121381623543732386e+00 4.245114816129260532e-02 2.573137518117246891e+00 5.741028217239824150e-01 3.725866711039682033e-01 2.312803451794440335e+01
1.124203685685186693e+00 3.774157190588311311e-02 6.602821862656311325e+00 5.824267545910082333e-01 3.769774605989562599e-01 2.521836227762459259e+01
1.146141651266118444e+00 6.851359903476889057e-02 1.592151421831237368e+00 5.963116830543956359e-01 3.926317794852606791e-01 2.239135535370522589e+01
1.146141651266118444e+00 6.851359903476889057e-02 1.592151421831237368e+00 5.963116830543956359e-01 3.926317794852606791e-01 2.239135535370522589e+01
1.112592404892368991e+00 3.983434400894003691e-02 1.351564246254694801e+01 5.402175994611851939e-01 3.756499863151335772e-01 2.481961857981740494e+01
1.179193752512724291e+00 6.585603909247360332e-02 1.047332614639827142e+01 5.761029139170541491e-01 3.869044929096545071e-01 2.614461315401318942e+01
1.147626507654001093e+00 8.380301606849289986e-02 7.005979341120139203e+00 5.651094402971735819e-01 3.422974023980159819e-01 2.705519336988949775e+01
1.151578369318177586e+00 8.490327662948118914e-02 9.941962502634442700e-01 5.455301214445782421e-01 3.802364325082464580e-01 2.799210704823953932e+01
1.151578369318177586e+00 8.490327662948118914e-02 9.941962502634442700e-01 5.455301214445782421e-01 3.802364325082464580e-01 2.799210704823953932e+01
1.174208258723020926e+00 2.985226017227866901e-02 1.535775362333679439e+01 5.685621942971240683e-01 4.325734552851499548e-01 2.677444175824373929e+01
1.174329987671180797e+00 4.961589189689120244e-02 2.070008077107351596e+01 5.775224863630056271e-01 4.387917250684998938e-01 2.626637963283700472e+01
1.166755230622922523e+00 4.216796932028967632e-02 1.424054094422749905e+01 5.642806281701853166e-01 4.352577503923149016e-01 2.725115236907831573e+01
1.182230058894705005e+00 8.469518057135212719e-02 8.936471410426777950e+00 5.370458404862831214e-01 3.044950743540443261e-01 2.663476171688081706e+01
1.182230058894705005e+00 8.469518057135212719e-02 8.936471410426777950e+00 5.370458404862831214e-01 3.044950743540443261e-01 2.663476171688081706e+01
1.183883061974314588e+00 1.016969639243060775e-01 1.319040087849904985e+01 5.085772699399362384e-01 3.195294807698855766e-01 2.721426082235296562e+01
1.176804268161464773e+00 4.112618370884433411e-02 1.905271158474217330e+01 6.383775166206936413e-01 3.702646737830257440e-01 2.385447783251695597e+01
1.176804268161464773e+00 4.112618370884433411e-02 1.905271158474217330e+01 6.383775166206936413e-01 3.702646737830257440e-01 2.385447783251695597e+01
1.178340062228235841e+00 6.921524885356031276e-02 1.651146590744105680e+01 6.550669751830113796e-01 3.557329505775105316e-01 2.432609272596227612e+01
1.160282799541819898e+00 3.800753630982892095e-02 2.200324261410378313e+01 6.489456111816878092e-01 3.746023473031802054e-01 2.458666133600799242e+01
1.160282799541819898e+00 3.800753630982892095e-02 2.200324261410378313e+01 6.489456111816878092e-01 3.746023473031802054e-01 2.458666133600799242e+01
1.160282799541819898e+00 3.800753630982892095e-02 2.200324261410378313e+01 6.489456111816878092e-01 3.746023473031802054e-01 2.458666133600799242e+01
1.172675172156354417e+00 1.310551145966162151e-02 2.212581125068482635e+01 6.322275932272733989e-01 3.831201178095901549e-01 2.482586802856864949e+01
1.172675172156354417e+00 1.310551145966162151e-02 2.212581125068482635e+01 6.322275932272733989e-01 3.831201178095901549e-01 2.482586802856864949e+01
1.142089888279917753e+00 4.141829007752846625e-02 1.808228349286564551e+01 6.597533316329091679e-01 3.660261907675459447e-01 2.394460329914849339e+01
1.142089888279917753e+00 4.141829007752846625e-02 1.808228349286564551e+01 6.597533316329091679e-01 3.660261907675459447e-01 2.394460329914849339e+01
1.121658205019121723e+00 6.485626909987954325e-02 1.952937975493024680e+01 6.361181941016331720e-01 3.717532605405992618e-01 2.524914299891598546e+01
1.079516492713423315e+00 6.156946032430298671e-02 1.423388849817719404e-01 5.832554170985697617e-01 3.709806309636412003e-01 2.591854988797030757e+01
1.079516492713423315e+00 6.156946032430298671e-02 1.423388849817719404e-01 5.832554170985697617e-01 3.709806309636412003e-01 2.591854988797030757e+01
1.109877518166387134e+00 5.846071413200021327e-02 4.255616500494605603e+00 6.020089071410079651e-01 3.609042632758769353e-01 2.609444414526204525e+01
1.109877518166387134e+00 5.846071413200021327e-02 4.255616500494605603e+00 6.020089071410079651e-01 3.609042632758769353e-01 2.609444414526204525e+01
1.058434701883131046e+00 2.888216658600701800e-02 5.199267664568964165e+00 6.140492381837823199e-01 3.554457806094243333e-01 2.635691015179070007e+01
1.060561872718580601e+00 5.710677236239704996e-02 0.000000000000000000e+00 5.748645931513061136e-01 3.867319719682722479e-01 2.577861888216299135e+01
1.060561872718580601e+00 5.710677236239704996e-02 0.000000000000000000e+00 5.748645931513061136e-01 3.867319719682722479e-01 2.577861888216299135e+01
1.102763464313399222e+00 4.482702255309419653e-02 2.742244181292688765e+00 5.688075908278220627e-01 3.718790208101118155e-01 2.489650580739902352e+01
1.095704445327978949e+00 1.340843967850607714e-02 1.139296429758509177e+01 6.111587950386048185e-01 3.767388023028541699e-01 2.354376073478360354e+01
1.095704445327978949e+00 1.340843967850607714e-02 1.139296429758509177e+01 6.111587950386048185e-01 3.767388023028541699e-01 2.354376073478360354e+01
1.127450393082937818e+00 0.000000000000000000e+00 1.629055960393886338e+01 6.333494477758082608e-01 3.782035029759891476e-01 2.330050428235523441e+01
1.127450393082937818e+00 0.000000000000000000e+00 1.629055960393886338e+01 6.333494477758082608e-01 3.782035029759891476e-01 2.330050428235523441e+01
1.117802998109257429e+00 8.234052198451491736e-03 4.002208481819831576e+00 6.089183222048635269e-01 3.619353135080325967e-01 2.318439330239278817e+01
1.117802998109257429e+00 8.234052198451491736e-03 4.002208481819831576e+00 6.089183222048635269e-01 3.619353135080325967e-01 2.318439330239278817e+01
1.112354880394438084e+00 4.082719027084404095e-02 0.000000000000000000e+00 6.182407497410074004e-01 3.853525122824925098e-01 2.452023471045313840e+01
1.112354880394438084e+00 4.082719027084404095e-02 0.000000000000000000e+00 6.182407497410074004e-01 3.853525122824925098e-01 2.452023471045313840e+01
1.133789559877117492e+00 6.218247066060039047e-02 1.775875107401637454e+00 5.900658495763740907e-01 3.119348969919621961e-01 2.577916123738376797e+01
1.105924895159104970e+00 8.556030486864503459e-02 0.000000000000000000e+00 6.248171332156632340e-01 3.625252290020465895e-01 2.561879498788878351e+01
1.105924895159104970e+00 8.556030486864503459e-02 0.000000000000000000e+00 6.248171332156632340e-01 3.625252290020465895e-01 2.561879498788878351e+01
1.163045964256421039e+00 8.650160006210003139e-02 4.141744134194135896e+00 5.906759052857371017e-01 3.686769507923615130e-01 2.370208409045594422e+01
1.103435042944066247e+00 7.910633981522223121e-03 5.773714825666244721e+00 6.342840446175087576e-01 3.208443489971519735e-01 2.471964771951061124e+01
1.074528564648589368e+00 9.668662659804072232e-03 1.230611702822574927e+01 6.066433526980280488e-01 3.426491846580526079e-01 2.438556577138428949e+01
1.074528564648589368e+00 9.668662659804072232e-03 1.230611702822574927e+01 6.066433526980280488e-01 3.426491846580526079e-01 2.438556577138428949e+01
1.136517438611545749e+00 2.034206044840485353e-02 8.872435688293817790e+00 6.046042188229227010e-01 3.619110454313417269e-01 2.492106942873396846e+01
1.136517438611545749e+00 2.034206044840485353e-02 8.872435688293817790e+00 6.046042188229227010e-01 3.619110454313417269e-01 2.492106942873396846e+01
1.080171107675419018e+00 2.906963626254337185e-02 2.694655611753733471e-01 6.052113680465353029e-01 3.854865748133557979e-01 2.401150414713818293e+01
1.131078870925865232e+00 5.182122827560022710e-02 0.000000000000000000e+00 6.047439445842338612e-01 3.451356303128088610e-01 2.131836681438118219e+01
1.131078870925865232e+00 5.182122827560022710e-02 0.000000000000000000e+00 6.047439445842338612e-01 3.451356303128088610e-01 2.131836681438118219e+01
1.109646863398225491e+00 7.694086831671956284e-02 0.000000000000000000e+00 6.326145607320587949e-01 3.289851856972623723e-01 2.230743238237719694e+01
1.109646863398225491e+00 7.694086831671956284e-02 0.000000000000000000e+00 6.326145607320587949e-01 3.289851856972623723e-01 2.230743238237719694e+01
1.088886162975978955e+00 6.335449884918969987e-02 5.852445369993448665e-01 6.280636586748237216e-01 3.464271211801701056e-01 2.316421668526844613e+01
1.088886162975978955e+00 6.335449884918969987e-02 5.852445369993448665e-01 6.280636586748237216e-01 3.464271211801701056e-01 2.316421668526844613e+01
1.106569018399716997e+00 8.222273976266794571e-02 0.000000000000000000e+00 5.930914660165602648e-01 2.833260531844152830e-01 2.265587253449167804e+01
1.140581090788315599e+00 1.466599806733883127e-01 7.361183158597464526e+00 5.727676090438090784e-01 3.308944421338994024e-01 2.338211662370851585e+01
1.140581090788315599e+00 1.466599806733883127e-01 7.361183158597464526e+00 5.727676090438090784e-01 3.308944421338994024e-01 2.338211662370851585e+01
1.132972603717441684e+00 1.202109233920355957e-01 3.640344091987641750e+00 5.777914768799763401e-01 3.103231902536764397e-01 2.300839291316446378e+01
1.151093369799391253e+00 1.170520786649038858e-01 1.026833013329061117e+01 5.684446986230183851e-01 3.252369903313798716e-01 2.311929428307396250e+01
1.151093369799391253e+00 1.170520786649038858e-01 1.026833013329061117e+01 5.684446986230183851e-01 3.252369903313798716e-01 2.311929428307396250e+01
1.127256804074977303e+00 1.267080644438474402e-01 3.125941123441322578e+00 5.758546214005264563e-01 3.141974634077190909e-01 2.307531819632546899e+01
1.095214559086705508e+00 9.909164023789934772e-02 3.831997309906268079e+00 6.171318513312503695e-01 3.193368273796644563e-01 2.623415104508326223e+01
1.095214559086705508e+00 9.909164023789934772e-02 3.831997309906268079e+00 6.171318513312503695e-01 3.193368273796644563e-01 2.623415104508326223e+01
1.134276335715712403e+00 7.405560570363779738e-02 2.882881601118648440e+00 6.219542832597794169e-01 3.571276936985661177e-01 2.693524485373247757e+01
1.134276335715712403e+00 7.405560570363779738e-02 2.882881601118648440e+00 6.219542832597794169e-01 3.571276936985661177e-01 2.693524485373247757e+01
1.171744763046104643e+00 9.688447073230144202e-02 0.000000000000000000e+00 6.175003269913816872e-01 3.736384811349924839e-01 2.476357867479901032e+01
1.171744763046104643e+00 9.688447073230144202e-02 0.000000000000000000e+00 6.175003269913816872e-01 3.736384811349924839e-01 2.476357867479901032e+01
1.124145695346931983e+00 8.323549690527866363e-02 4.194269735137368116e+00 6.108507452783219493e-01 3.565479123986973198e-01 2.504551381127761900e+01
1.124145695346931983e+00 8.323549690527866363e-02 4.194269735137368116e+00 6.108507452783219493e-01 3.565479123986973198e-01 2.504551381127761900e+01
1.144181574372030497e+00 9.278521243065578072e-02 0.000000000000000000e+00 6.637259912540409701e-01 3.443943531613984366e-01 2.778342978351374981e+01
1.144181574372030497e+00 9.278521243065578072e-02 0.000000000000000000e+00 6.637259912540409701e-01 3.443943531613984366e-01 2.778342978351374981e+01
1.135240463915718534e+00 7.705825922928645488e-02 0.000000000000000000e+00 5.881053852415120131e-01 3.067308449545096405e-01 2.221750304333945891e+01
1.150475352979650534e+00 4.010784889387805641e-02 6.584889121633707987e+00 5.753771112046802694e-01 3.113739691961128209e-01 2.519163588631000650e+01
1.112245934166947725e+00 2.074944109250141666e-02 5.927176633440587317e+00 6.347313684603920203e-01 3.374511853115327309e-01 2.180285617294218170e+01
1.112245934166947725e+00 2.074944109250141666e-02 5.927176633440587317e+00 6.347313684603920203e-01 3.374511853115327309e-01 2.180285617294218170e+01
1.107158599951942657e+00 4.406277002177084318e-02 1.140601353956068387e+01 6.265330137248570352e-01 3.032628035306756953e-01 2.612400920334865972e+01
1.107158599951942657e+00 4.406277002177084318e-02 1.140601353956068387e+01 6.265330137248570352e-01 3.032628035306756953e-01 2.612400920334865972e+01
1.111072946100526204e+00 5.893527006429468557e-02 6.606047506375963607e+00 6.369624089395354849e-01 3.093337771730325647e-01 2.460971177648814034e+01
1.111072946100526204e+00 5.893527006429468557e-02 6.606047506375963607e+00 6.369624089395354849e-01 3.093337771730325647e-01 2.460971177648814034e+01
1.111072946100526204e+00 5.893527006429468557e-02 6.606047506375963607e+00 6.369624089395354849e-01 3.093337771730325647e-01 2.460971177648814034e+01
1.157046014049644578e+00 4.335537085164091475e-02 5.410989655318235059e+00 6.353198378843820660e-01 3.430758417809630090e-01 2.351429885310536250e+01
1.085480109277300098e+00 0.000000000000000000e+00 1.711075853132638258e+01 5.987358281754376899e-01 2.819918341031939502e-01 2.771752542829880639e+01
1.102599817491766165e+00 0.000000000000000000e+00 1.275396271035921103e+01 5.988611286498101149e-01 2.803378211018139887e-01 2.715926820415259613e+01
1.111403367747124449e+00 1.076862181333385071e-02 8.213397411241304624e+00 5.760134406713036670e-01 2.873555715228245377e-01 2.734341811517568743e+01
1.067508859362983786e+00 2.373733250067654871e-02 9.373607146601960594e+00 5.953785381687392020e-01 3.214462531690560620e-01 2.735616695421976630e+01
1.067508859362983786e+00 2.373733250067654871e-02 9.373607146601960594e+00 5.953785381687392020e-01 3.214462531690560620e-01 2.735616695421976630e+01
1.074090718662533916e+00 4.002445465005595102e-03 4.503263014970865896e+00 6.375635045952241509e-01 3.433506929724376988e-01 2.714700921767142106e+01
1.074090718662533916e+00 4.002445465005595102e-03 4.503263014970865896e+00 6.375635045952241509e-01 3.433506929724376988e-01 2.714700921767142106e+01
1.066495604622445859e+00 0.000000000000000000e+00 2.173167201467575804e+00 5.729572612684984412e-01 3.471416210345486530e-01 2.743880591872343544e+01
1.115221839777586821e+00 6.381086191255577571e-03 5.683374037660820832e+00 5.682618359928306440e-01 3.589516929406003642e-01 2.833185073353609340e+01
1.115221839777586821e+00 6.381086191255577571e-03 5.683374037660820832e+00 5.682618359928306440e-01 3.589516929406003642e-01 2.833185073353609340e+01
1.054817439436822157e+00 3.922662508196141096e-02 5.047897473358172959e+00 6.045689362872275208e-01 3.220183425991511306e-01 2.477926013338380784e+01
1.054817439436822157e+00 3.922662508196141096e-02 5.047897473358172959e+00 6.045689362872275208e-01 3.220183425991511306e-01 2.477926013338380784e+01
1.034723409999604771e+00 2.972414108057219381e-02 0.000000000000000000e+00 6.238066242474752388e-01 3.323774324499521038e-01 2.343306433481586026e+01
1.096046055248802942e+00 2.223286611520216768e-02 0.000000000000000000e+00 6.039927633850813438e-01 3.020891469104517446e-01 2.498051017455454925e+01
1.096046055248802942e+00 2.223286611520216768e-02 0.000000000000000000e+00 6.039927633850813438e-01 3.020891469104517446e-01 2.498051017455454925e+01
1.069925711859454287e+00 3.371173137242026996e-02 5.321580057410162823e+00 5.912910405880975606e-01 3.085785421627770808e-01 2.535701667429151485e+01
1.172953475674449741e+00 2.760570244781465968e-02 6.399786643515272822e+00 6.404697583423364371e-01 3.387108821215694121e-01 2.386917680861898461e+01
1.172953475674449741e+00 2.760570244781465968e-02 6.399786643515272822e+00 6.404697583423364371e-01 3.387108821215694121e-01 2.386917680861898461e+01
1.088155367848727240e+00 5.657070640341954615e-02 1.220571438725994717e-01 6.366647329834150826e-01 3.332580779198925369e-01 2.476444316623005903e+01
1.088155367848727240e+00 5.657070640341954615e-02 1.220571438725994717e-01 6.366647329834150826e-01 3.332580779198925369e-01 2.476444316623005903e+01
1.112882640185320904e+00 4.257269120966020171e-02 1.364746778408192185e+01 6.137992548470574405e-01 2.855652920450647003e-01 2.479256673670140643e+01
1.112882640185320904e+00 4.257269120966020171e-02 1.364746778408192185e+01 6.137992548470574405e-01 2.855652920450647003e-01 2.479256673670140643e+01
1.165364018849250005e+00 4.286435895621486247e-02 0.000000000000000000e+00 6.249597299259006533e-01 3.273499402402378355e-01 2.395931886281988454e+01
1.169309913693176384e+00 1.111881487062557627e-02 9.821199685191505324e+00 6.235610855709724509e-01 3.049549845309193485e-01 2.931832616896741328e+01
1.169309913693176384e+00 1.111881487062557627e-02 9.821199685191505324e+00 6.235610855709724509e-01 3.049549845309193485e-01 2.931832616896741328e+01
1.169309913693176384e+00 1.111881487062557627e-02 9.821199685191505324e+00 6.235610855709724509e-01 3.049549845309193485e-01 2.931832616896741328e+01
1.128338708230856913e+00 0.000000000000000000e+00 1.323640097117129599e+01 6.054189656989594770e-01 3.359918169320845194e-01 2.961270641552958693e+01
1.143609919473877801e+00 9.118496197393239147e-03 9.681521957426657110e+00 6.240443634773635839e-01 3.058218640315764070e-01 2.898880116301511833e+01
1.143609919473877801e+00 9.118496197393239147e-03 9.681521957426657110e+00 6.240443634773635839e-01 3.058218640315764070e-01 2.898880116301511833e+01
1.114044151571436547e+00 0.000000000000000000e+00 1.045853161941123766e+00 5.784946486334054949e-01 2.887289305673608752e-01 2.885780068882016991e+01
1.114044151571436547e+00 0.000000000000000000e+00 1.045853161941123766e+00 5.784946486334054949e-01 2.887289305673608752e-01 2.885780068882016991e+01
1.135903371107072957e+00 0.000000000000000000e+00 1.176047213542736891e+01 6.130760555624648056e-01 3.037355189479425399e-01 2.762256720056337400e+01
1.135903371107072957e+00 0.000000000000000000e+00 1.176047213542736891e+01 6.130760555624648056e-01 3.037355189479425399e-01 2.762256720056337400e+01
1.146486502235905203e+00 4.154724157277505520e-02 8.123472672740740919e+00 5.890131007876828750e-01 3.121457371046550411e-01 2.637119668599283884e+01
1.146486502235905203e+00 4.154724157277505520e-02 8.123472672740740919e+00 5.890131007876828750e-01 3.121457371046550411e-01 2.637119668599283884e+01
1.109224920302822159e+00 3.096877858068061012e-02 5.440430337313914677e+00 5.871286783531273201e-01 3.247753357761604120e-01 2.431537743494873993e+01
1.122178191034139294e+00 3.959695401307054829e-02 3.246877535832058292e+00 5.736115577748013283e-01 2.730393239473143940e-01 2.543548617505017617e+01
1.149691781652105727e+00 4.267549808635660163e-02 6.874815241134506039e+00 6.034078377949890770e-01 3.190665190837059240e-01 2.751469541269766594e+01
1.149691781652105727e+00 4.267549808635660163e-02 6.874815241134506039e+00 6.034078377949890770e-01 3.190665190837059240e-01 2.751469541269766594e+01
1.100425824107186035e+00 3.136386722247462566e-02 0.000000000000000000e+00 5.718525431314699370e-01 3.479761777100868758e-01 2.374642696858115087e+01
1.117997281545130450e+00 4.810757441767662956e-02 2.867912557518181416e+00 6.107430594878172636e-01 3.088276008071698109e-01 2.645399266141835071e+01
1.117997281545130450e+00 4.810757441767662956e-02 2.867912557518181416e+00 6.107430594878172636e-01 3.088276008071698109e-01 2.645399266141835071e+01
1.100932660682581998e+00 4.104393893418899208e-02 0.000000000000000000e+00 5.913714916650519848e-01 3.262846431267366620e-01 2.416742812616471525e+01
1.100932660682581998e+00 4.104393893418899208e-02 0.000000000000000000e+00 5.913714916650519848e-01 3.262846431267366620e-01 2.416742812616471525e+01
1.112635062563908095e+00 4.973402300467107129e-02 0.000000000000000000e+00 5.811302381443367304e-01 3.220340884082074084e-01 2.658442419802038259e+01
1.133427525915030154e+00 5.953795881787958544e-02 0.000000000000000000e+00 5.776405834376491244e-01 3.266066141270067003e-01 2.386744257314027351e+01
1.129219633771456621e+00 0.000000000000000000e+00 2.169366341135695819e+01 5.325891555417663348e-01 3.471111668139763018e-01 2.519316503865879042e+01
1.118599377967922415e+00 1.230929206600655385e-02 2.256880697946497349e+01 5.599454916674148075e-01 3.171357669942294066e-01 2.456041584699664782e+01
1.085067462421638984e+00 7.461569319229024652e-03 2.693108308692465869e+01 6.179514291786524227e-01 3.642512787792702711e-01 2.627447512573370147e+01
1.085067462421638984e+00 7.461569319229024652e-03 2.693108308692465869e+01 6.179514291786524227e-01 3.642512787792702711e-01 2.627447512573370147e+01
1.077883417452909498e+00 4.575615214972800215e-02 2.897927837766468073e+01 5.851564199430020485e-01 3.829812554547469272e-01 2.423760661996773180e+01
1.077883417452909498e+00 4.575615214972800215e-02 2.897927837766468073e+01 5.851564199430020485e-01 3.829812554547469272e-01 2.423760661996773180e+01
1.142333531672562907e+00 1.902892593116489034e-02 1.917202991964078507e+01 6.185995549343030753e-01 3.696712918897015476e-01 2.462369612173945299e+01
1.135557296828023643e+00 0.000000000000000000e+00 3.759217554362282954e+01 6.138055601323380017e-01 3.867858059087718736e-01 2.523965464599730879e+01
1.135557296828023643e+00 0.000000000000000000e+00 3.759217554362282954e+01 6.138055601323380017e-01 3.867858059087718736e-01 2.523965464599730879e+01
1.144677847134303095e+00 1.767826366126117044e-02 2.590456928198088704e+01 6.088449596187535118e-01 3.747276841400093428e-01 2.606528725608022512e+01
1.144677847134303095e+00 1.767826366126117044e-02 2.590456928198088704e+01 6.088449596187535118e-01 3.747276841400093428e-01 2.606528725608022512e+01
1.062450800033334142e+00 1.593177696843914304e-02 1.859641487364407197e+01 5.703583961102077771e-01 3.147400172390990569e-01 2.430337770619641802e+01
1.060776688775306287e+00 2.096369264816244637e-02 2.461899797446375970e+01 5.765014733237990852e-01 3.537928792181773696e-01 2.284187744690732202e+01
1.067425909306480625e+00 3.285087123091191830e-02 2.234345081049927728e+01 5.918168897608427903e-01 3.303891346437313192e-01 2.589954544133957626e+01
1.114177252120906569e+00 8.166998741136637097e-02 9.091216839651774961e+00 5.635481365730206083e-01 3.688218062423726518e-01 2.529089109898302823e+01
1.129584353503487737e+00 6.241983038144629375e-02 1.510102787681607595e+01 5.562521632636618918e-01 3.414195464503872457e-01 2.308965430120855444e+01
1.119219829680148992e+00 3.174891133671507715e-02 0.000000000000000000e+00 6.273236479941290966e-01 3.753286280218913196e-01 2.504071321251482019e+01
1.119219829680148992e+00 3.174891133671507715e-02 0.000000000000000000e+00 6.273236479941290966e-01 3.753286280218913196e-01 2.504071321251482019e+01
1.056402557740748538e+00 7.583280877631590200e-02 2.548408092168703121e+00 5.718121240183356990e-01 4.026187752326025882e-01 2.329911605440159050e+01
1.032944773344317557e+00 7.210554073156685839e-02 6.112534284064879309e+00 5.760438076126924711e-01 3.776818340895911619e-01 2.362779912574643504e+01
1.097010672680220900e+00 3.784162881158539826e-02 0.000000000000000000e+00 5.351537188037290838e-01 3.282524830764243506e-01 2.449396215081274875e+01
1.087414757701656853e+00 6.982635320030382287e-02 4.484525675496353614e-02 5.285369613123858112e-01 3.299191235137374223e-01 2.372550890934810042e+01
1.136563009216734255e+00 2.601266684149005498e-02 7.152724256611422859e+00 5.911234125641229298e-01 3.669701359189100343e-01 2.496125359934119459e+01
1.092329000383660986e+00 5.240957837208388981e-02 5.559986952843318342e+00 6.050739093461210416e-01 3.209077935487372191e-01 2.642250297808829274e+01
1.092329000383660986e+00 5.240957837208388981e-02 5.559986952843318342e+00 6.050739093461210416e-01 3.209077935487372191e-01 2.642250297808829274e+01
1.118285409266216668e+00 4.556492391069225101e-02 6.346056687269110874e+00 5.711690458113856117e-01 3.071430199894645829e-01 2.802977316753443304e+01
1.138827008574408550e+00 9.970733504969381267e-02 2.082002291358245216e+01 5.758290798237986063e-01 3.976730276115046370e-01 2.620972026540892230e+01
1.175758072805939358e+00 2.100280618411640154e-02 3.292485022388243721e+01 5.830779399515395589e-01 4.102483456019073160e-01 2.754514116592969586e+01
1.139694151614412343e+00 1.051755568252796258e-01 2.212546631049573520e+01 5.432114054595695851e-01 4.515694099393634531e-01 2.315244670587781428e+01
1.158732967159981531e+00 7.006305501644097267e-02 5.120071462993472267e+00 5.625745728039182048e-01 4.213827377799115315e-01 2.816864004158686896e+01
1.158732967159981531e+00 7.006305501644097267e-02 5.120071462993472267e+00 5.625745728039182048e-01 4.213827377799115315e-01 2.816864004158686896e+01
1.061503418870589632e+00 1.200205012434840852e-02 9.970344811957005504e+00 5.619457420872642217e-01 3.585120083494656162e-01 2.302859639758453625e+01
1.086690010678428964e+00 1.855591434478607443e-02 5.746989475964795702e+00 5.285090714198978912e-01 3.453883539451629292e-01 2.397404843115491246e+01
1.075879115467412994e+00 0.000000000000000000e+00 4.760710228011930667e+00 5.834966428266789018e-01 3.553515192269236511e-01 2.328080260404288993e+01
1.053086874556979469e+00 0.000000000000000000e+00 1.082716117536361899e+01 5.503087295526847278e-01 3.435066817786797122e-01 2.276222213159903518e+01
1.049276145526734316e+00 4.157950043579416999e-02 2.070023468785359366e+00 6.384561639254602294e-01 3.519900717342924201e-01 2.231846285636252603e+01
1.072323684990011516e+00 2.906003711690584301e-02 1.121898482353083759e+00 6.121128404846963855e-01 2.914952291198978362e-01 2.329717820328484734e+01
1.093192952034459431e+00 1.417106298630541918e-02 0.000000000000000000e+00 5.962920254282184640e-01 2.985592965054313930e-01 2.193392660212522927e+01
1.091020619562263816e+00 1.891575248162211120e-02 0.000000000000000000e+00 6.191500476203382064e-01 3.105072711734038760e-01 2.176087968760363722e+01
1.035158994166607505e+00 1.366454676077040464e-02 2.043211588268908141e+00 5.889768189245236929e-01 3.060132252977861289e-01 2.168506885903199688e+01
1.095033074474837331e+00 5.599646063086710646e-02 6.745367362383726473e+00 5.685790169194010479e-01 3.534422493376611074e-01 2.256464258114070986e+01
1.105431845658934487e+00 6.539200857079832674e-02 1.369485400583809387e+01 5.657596620714967495e-01 3.560206719828330479e-01 2.364042607629689741e+01
1.125543132465393281e+00 8.432378914555077598e-02 5.839592687262458170e+00 5.669429970316617329e-01 3.386910787625841968e-01 2.417312159821207729e+01
1.125543132465393281e+00 8.432378914555077598e-02 5.839592687262458170e+00 5.669429970316617329e-01 3.386910787625841968e-01 2.417312159821207729e+01
1.103622756136125371e+00 3.424583740170550339e-02 1.449067194960046479e+01 5.828998329217242036e-01 3.130332164273727513e-01 2.252608602565278062e+01
1.133187622462480171e+00 2.710172793969335692e-02 4.563356547790944795e+00 6.382897845136855652e-01 2.999070162740853362e-01 2.025531910756815890e+01
1.122332968314568635e+00 4.628313856378207108e-02 3.664094746368677491e+00 6.353751443578720126e-01 2.891427540150740549e-01 2.388212011554549363e+01
1.110644408172225095e+00 1.042902770511694166e-01 9.442721598812491735e+00 5.629984005555283000e-01 4.183742147125191213e-01 2.185661484943037536e+01
1.127398858520419100e+00 7.827902666948102772e-02 3.618684855466011818e+00 5.575179625689513641e-01 4.353209055799427962e-01 2.120750636394238597e+01
1.122615520912488396e+00 8.727347040351420004e-03 1.058409905400584883e+01 5.682454214012752081e-01 3.969937889650273499e-01 2.397222908654764595e+01
1.094463093667273901e+00 8.224792499645458554e-02 4.381744930488160605e-01 5.471452218766311715e-01 3.414539270876721377e-01 2.001651482735389465e+01
1.063542703714844162e+00 1.041411939018885846e-01 5.669189001322103572e-01 5.957493830984008643e-01 3.077838136055384144e-01 1.894037419131285915e+01
1.114532295636287085e+00 8.461901423981373419e-03 6.469620599549066320e+00 5.427997040804872775e-01 3.263926258539062153e-01 1.787171037124318218e+01
1.126569558097037627e+00 5.049336751799872458e-02 8.623566078244822464e+00 5.300697323225407320e-01 3.487599601251852310e-01 2.063984025168156222e+01
1.061394897336229937e+00 1.093239972258076009e-01 5.861219520217799683e+00 5.518172071656338717e-01 3.533306474719827284e-01 2.545473536927573122e+01
1.061394897336229937e+00 1.093239972258076009e-01 5.861219520217799683e+00 5.518172071656338717e-01 3.533306474719827284e-01 2.545473536927573122e+01
1.056895721834451241e+00 1.061747188939503733e-01 0.000000000000000000e+00 5.594165653208105216e-01 3.290868203744054532e-01 2.511654816102904419e+01
1.136031877895758990e+00 1.135382415683958007e-01 1.300500386066082648e+01 5.508242703916274019e-01 3.282510851230486804e-01 2.272329937224893115e+01
1.129527297636061967e+00 7.662306700636374590e-02 6.645763719607492348e+00 5.177663701818396857e-01 3.352678858468817746e-01 2.269550810839407617e+01
1.099323307636492997e+00 5.806974645540546875e-02 7.990853320743477539e+00 5.525401634662978623e-01 3.299166765266374757e-01 2.171452524943721940e+01
1.193662897445076032e+00 8.118111699998853403e-02 1.068035370622776981e+01 5.904607981524203630e-01 3.257726034138578863e-01 2.529640967720827049e+01
1.138627937807749513e+00 8.346349357496676835e-02 7.237688781175373620e+00 5.700145735283079773e-01 3.345949412147340429e-01 2.440713443621357470e+01
1.166605074808947595e+00 1.120563297953585807e-01 1.268822753551660831e+01 4.989406068346148304e-01 3.298872675285999256e-01 2.290500208305927288e+01
1.214457999229224372e+00 9.496116810962769439e-02 2.920222176565173910e+00 5.482166977545203101e-01 3.099831873595077503e-01 2.332857515852565911e+01
1.117101853700209757e+00 9.387982302362266052e-02 1.468638626068414510e+01 5.076650010436498661e-01 3.763500783237882508e-01 2.338255795833679684e+01
1.110156745743181128e+00 3.374652378390582963e-02 1.483591259514497196e+01 5.395049908935642957e-01 2.519352566186375264e-01 2.499180396702885076e+01
1.100925181345854487e+00 1.784497516332399919e-02 1.213041485630620286e+01 5.668844268400735631e-01 3.004511470117382510e-01 2.728997265373572034e+01
1.096406321036632381e+00 1.376516072142902267e-02 1.006294097244935415e+01 5.508483310037186609e-01 3.082815036205355241e-01 2.835871846338610780e+01
1.120282562128425363e+00 3.114424843350029060e-02 3.299142848191127086e+01 5.868420246047344468e-01 3.182791312358758118e-01 2.967121970194498459e+01
1.091667910945046671e+00 1.055341163173587476e-01 3.554573356095804826e+01 5.232425493603725108e-01 3.629579369731429916e-01 3.175919775172423343e+01
1.108438538354310943e+00 7.468057890089194184e-02 3.858878165423703166e+01 5.986239513895297293e-01 3.354945630000464307e-01 2.955703311740669292e+01
1.092452431774575849e+00 2.545728804183832947e-02 3.090722208117358960e+01 5.282398824183204278e-01 3.096009111640024014e-01 2.840079499970203969e+01
9.898806301850118228e-01 7.576013937954377553e-02 4.060826110466503991e+01 6.086133534752619090e-01 3.335337420587084489e-01 2.513509819330720774e+01
1.041084617646357735e+00 7.597131279188930331e-02 3.206550415747958027e+01 5.829620478709000020e-01 3.821136177324133132e-01 2.687017207440210953e+01
1.041084617646357735e+00 7.597131279188930331e-02 3.206550415747958027e+01 5.829620478709000020e-01 3.821136177324133132e-01 2.687017207440210953e+01
1.041142631629452087e+00 5.693936879453941752e-02 3.615193254160275416e+01 6.165374674210084560e-01 3.998188643197929659e-01 2.788049783094239942e+01
1.149718138916253629e+00 1.634393415517740034e-01 4.474668856451928889e+01 5.636085055175037439e-01 1.627209910256064429e-01 2.469247587467492266e+01
1.140227325149129056e+00 8.522369070047657036e-02 4.836742561123197959e+01 5.245076059280178171e-01 2.654120399946527931e-01 2.609025673462777561e+01
1.091586738460754491e+00 8.409674199405794970e-02 3.507803267907765132e+01 5.770595147493439159e-01 2.827934542292530606e-01 2.680765802522685703e+01
1.131359572196586338e+00 4.486234806757413707e-02 4.092976418914977899e+01 5.593647272942869897e-01 3.575943071886790725e-01 2.891835680732733138e+01
1.093705712693443299e+00 7.074967147344853047e-02 4.762627498937181514e+01 5.479367687076487359e-01 3.834968537909625441e-01 2.959224109375167799e+01
1.096755534937474685e+00 3.576395694997761693e-02 5.200000000000000000e+01 5.660623901478848419e-01 3.676816043168957826e-01 3.087471240894643287e+01
1.156813306679837172e+00 9.654670872215105615e-02 4.459766388903235423e+01 6.114164452089080326e-01 3.098867186572510923e-01 3.109057704257985577e+01
1.128530627196736802e+00 8.466679240914479210e-02 3.778794643439680101e+01 5.959198648856531833e-01 3.087957016286236311e-01 3.152407021562670764e+01
1.161999613105479945e+00 7.691225705351500963e-02 4.227656652444188978e+01 6.139324265827496019e-01 2.919943243131501442e-01 3.103926191102565468e+01
1.131891150221347786e+00 1.054671646703931737e-01 4.500724220928668728e+01 6.123699068952646041e-01 3.422707429533468071e-01 3.265286949675112993e+01
1.144303152014439995e+00 5.221121863360474874e-02 5.123597470511393936e+01 5.834312954105594917e-01 3.375008700583293497e-01 3.490611267195782119e+01
1.110368994488313055e+00 6.490004492801768055e-02 4.726969900896384047e+01 5.617335026315273261e-01 3.370717467318262717e-01 3.618872760837699332e+01
1.093188561007043758e+00 1.070179564878887685e-01 3.445287434704898999e+01 4.947387121150844114e-01 3.177397016280072428e-01 2.880663019193830010e+01
1.139860237390302622e+00 4.841571314201720266e-02 3.984251126358427797e+01 5.406375052345494536e-01 3.298833217560090403e-01 2.656519794564849946e+01
1.066231026963139650e+00 5.498429549967426277e-02 5.200000000000000000e+01 5.161416962382785467e-01 3.378865964570371139e-01 2.243294989027108244e+01
1.094466771253600479e+00 3.910833160222082494e-02 3.149758308878778834e+01 6.096221509863469779e-01 3.645694593279433238e-01 2.885226231128095620e+01
1.099924114811138054e+00 9.473541959192191553e-02 4.915940566235006770e+01 6.568331722387188432e-01 3.439565058304823730e-01 2.799855753697604044e+01
1.099924114811138054e+00 9.473541959192191553e-02 4.915940566235006770e+01 6.568331722387188432e-01 3.439565058304823730e-01 2.799855753697604044e+01
1.150753140688878462e+00 7.475108582655268230e-02 4.272293563866617916e+01 6.314809550294424589e-01 3.531010988696348663e-01 2.673634859044568657e+01
1.150753140688878462e+00 7.475108582655268230e-02 4.272293563866617916e+01 6.314809550294424589e-01 3.531010988696348663e-01 2.673634859044568657e+01
1.099590805762281187e+00 4.092765701420952862e-02 4.349869066665948480e+01 6.851891348255699787e-01 3.292564970445767125e-01 2.768358983061742506e+01
1.099590805762281187e+00 4.092765701420952862e-02 4.349869066665948480e+01 6.851891348255699787e-01 3.292564970445767125e-01 2.768358983061742506e+01
1.104273945145617830e+00 5.960654532819855550e-02 4.411214423710285359e+01 6.846042167570403070e-01 3.416877398439885916e-01 2.771887786577797641e+01
1.104273945145617830e+00 5.960654532819855550e-02 4.411214423710285359e+01 6.846042167570403070e-01 3.416877398439885916e-01 2.771887786577797641e+01
1.104273945145617830e+00 5.960654532819855550e-02 4.411214423710285359e+01 6.846042167570403070e-01 3.416877398439885916e-01 2.771887786577797641e+01
1.186269339894202357e+00 1.204576657426145170e-01 3.557434411971532029e+01 6.754918061374410865e-01 3.020637020434961406e-01 2.834140344021602331e+01
1.107283629218370979e+00 5.690750924034082558e-02 3.940943044430635922e+01 6.201731296482446698e-01 3.187532833225477646e-01 2.387269120006803647e+01
1.115501542428192883e+00 4.248931042331455243e-02 4.152695782446365769e+01 5.820163019204481758e-01 2.943904898487905153e-01 2.228088834388776007e+01
1.115501542428192883e+00 4.248931042331455243e-02 4.152695782446365769e+01 5.820163019204481758e-01 2.943904898487905153e-01 2.228088834388776007e+01
1.122519418816400716e+00 5.344508336041742247e-02 4.308901672073907463e+01 6.521084533968166674e-01 2.925230822817979637e-01 2.314383541598088456e+01
1.025702080962562768e+00 0.000000000000000000e+00 4.307665655492197487e+00 3.931545419354964821e-01 4.903100544138024319e-01 2.637772774054196034e+01
1.077593693979663980e+00 0.000000000000000000e+00 2.895856446236378190e+01 4.018774096997481671e-01 3.058023742546211454e-01 2.033290366207472744e+01
