Reff__FREE	eps1__FREE	phi1__FREE	theta__FREE	mult__FREE	r__FREE
1.000387370203983384e+00 7.181714095079604065e-02 2.387365771031109318e+01 4.520095905031945582e-01 3.228956526470613819e-01 2.781970801176158403e+01
1.045482346489698955e+00 2.129613468341403845e-02 2.730724083174607841e+01 4.737262301445864798e-01 2.965754194856997095e-01 2.530404083248693681e+01
1.051579822937413589e+00 3.641488586670272448e-02 2.992612847804673848e+01 5.429172232498900019e-01 2.665860953432822589e-01 2.440780042103133951e+01
1.050227747603612372e+00 3.620532468004794557e-02 2.775126646223923998e+01 4.239515414847035979e-01 3.250052577819474431e-01 2.538463527011195708e+01
1.080822074703600366e+00 0.000000000000000000e+00 1.946908308199670401e+01 2.090793152985788994e-01 2.841542153745519883e-01 3.776349447047238073e+01
1.075246153591203013e+00 0.000000000000000000e+00 2.482798396283187969e+01 2.591153355383787882e-01 2.418184275847284903e-01 3.438765525129790035e+01
1.075246153591203013e+00 0.000000000000000000e+00 2.482798396283187969e+01 2.591153355383787882e-01 2.418184275847284903e-01 3.438765525129790035e+01
1.055906841536269791e+00 1.604749179873875969e-02 1.902378940170747157e+01 2.367028130926398244e-01 2.930512422626364577e-01 3.770722168027700150e+01
1.064222161837603320e+00 2.579290814550972907e-02 2.693687582744722064e+01 2.595350046708069791e-01 3.007097562886862363e-01 3.540086684198385569e+01
1.064222161837603320e+00 2.579290814550972907e-02 2.693687582744722064e+01 2.595350046708069791e-01 3.007097562886862363e-01 3.540086684198385569e+01
1.090403054399392557e+00 0.000000000000000000e+00 1.750064172190912970e+01 2.668594961765893281e-01 2.601241289033840998e-01 3.629774475734936345e+01
1.055971063871157245e+00 0.000000000000000000e+00 2.271862340243722755e+01 2.663492753310140460e-01 2.892851414390251730e-01 3.543893780252815873e+01
1.055971063871157245e+00 0.000000000000000000e+00 2.271862340243722755e+01 2.663492753310140460e-01 2.892851414390251730e-01 3.543893780252815873e+01
1.016103593423790752e+00 0.000000000000000000e+00 1.831299344033765664e+01 2.205137580785015428e-01 2.342462535462727091e-01 3.818144355587195093e+01
1.030959027608607581e+00 3.455758871522089919e-03 2.208270013665217490e+01 2.785955922863319612e-01 2.993512946920529050e-01 3.687917049296350314e+01
1.030959027608607581e+00 3.455758871522089919e-03 2.208270013665217490e+01 2.785955922863319612e-01 2.993512946920529050e-01 3.687917049296350314e+01
1.072744672767755203e+00 7.951342039714832249e-03 2.187113823447294081e+01 3.813346323774706725e-01 2.638582723727982970e-01 2.888815137681796585e+01
1.056614929519027246e+00 1.834037315630735257e-02 2.109237562567710000e+01 3.760079878845460355e-01 2.577535054321816177e-01 2.905543686042501861e+01
1.056614929519027246e+00 1.834037315630735257e-02 2.109237562567710000e+01 3.760079878845460355e-01 2.577535054321816177e-01 2.905543686042501861e+01
1.102947671064913759e+00 8.849223830595268070e-02 2.119334050338293451e+01 3.809026641910896460e-01 3.554712845027181434e-01 2.858766459242974634e+01
1.101085458184640320e+00 9.602987124295613020e-02 2.475613396236443720e+01 3.048161873404740541e-01 3.714588727358573705e-01 2.776959814988430608e+01
1.128377454887851350e+00 4.479586676334412765e-02 3.199720879425024833e+01 3.271367312363549495e-01 2.523646212093744179e-01 2.830174749344744356e+01
1.180694355149146224e+00 1.157583537082691391e-02 3.028664124130126112e+01 3.517366814218997328e-01 1.820701294102654022e-01 3.092343032474745002e+01
1.076429116289997490e+00 8.100888605093968520e-02 3.188804499309217988e+01 4.232277056724243480e-01 2.749671710640704259e-01 3.047738895597174391e+01
1.048757957167346433e+00 9.767538905124183157e-02 2.655984873020321402e+01 2.719411055807073319e-01 2.288712238750068295e-01 3.424230398485308058e+01
1.048757957167346433e+00 9.767538905124183157e-02 2.655984873020321402e+01 2.719411055807073319e-01 2.288712238750068295e-01 3.424230398485308058e+01
1.080339746335253759e+00 5.878107895215628487e-02 2.064652655866990472e+01 3.672452889803825005e-01 2.377399385445145286e-01 3.249576968263510679e+01
1.080339746335253759e+00 5.878107895215628487e-02 2.064652655866990472e+01 3.672452889803825005e-01 2.377399385445145286e-01 3.249576968263510679e+01
1.065692534329538921e+00 5.115061384239869696e-02 2.256751794128851785e+01 4.917003118002598594e-01 2.613238217117035411e-01 3.248166006173677545e+01
1.065692534329538921e+00 5.115061384239869696e-02 2.256751794128851785e+01 4.917003118002598594e-01 2.613238217117035411e-01 3.248166006173677545e+01
1.103133991445927720e+00 5.866647963903019736e-02 2.268112192390300663e+01 3.550374167401703085e-01 2.675117041049111521e-01 3.899247117956123532e+01
1.096835180826707168e+00 5.809985326286343232e-02 2.091053427797585584e+01 3.031139256105553903e-01 2.710015494937644820e-01 3.703736747195210199e+01
1.013578169122725026e+00 1.249980498938243756e-01 2.774401859314432528e+01 3.580321925865375121e-01 2.873977294287334838e-01 3.479095517124213899e+01
1.013578169122725026e+00 1.249980498938243756e-01 2.774401859314432528e+01 3.580321925865375121e-01 2.873977294287334838e-01 3.479095517124213899e+01
1.001452749230215211e+00 4.137496348907500343e-02 2.590054489335218335e+01 3.164696865644851531e-01 3.672125531701095347e-01 3.640312943699105119e+01
9.693920181507185152e-01 5.879563238765615762e-02 2.687449689207401349e+01 2.474124245026883551e-01 3.585030281550563580e-01 3.436192784114036414e+01
9.899142904338317228e-01 1.753512487794148950e-02 2.348569095790390193e+01 2.784472996196846184e-01 3.831081056161891873e-01 3.690257142410481350e+01
9.899142904338317228e-01 1.753512487794148950e-02 2.348569095790390193e+01 2.784472996196846184e-01 3.831081056161891873e-01 3.690257142410481350e+01
9.691026792300434511e-01 7.184562057766286092e-02 2.867775940990082617e+01 3.017417892184229289e-01 2.921109200678339013e-01 3.885402614145637301e+01
1.217679774696739603e+00 1.123617451672951212e-01 8.566196640716521316e+00 5.361079738004985717e-01 2.417597040162514088e-01 2.774382505998691073e+01
1.144872902332598308e+00 1.225251599014767212e-01 2.493975365636138619e+01 3.149912393515010844e-01 5.357326276421040534e-01 2.799673339929358562e+01
1.144872902332598308e+00 1.225251599014767212e-01 2.493975365636138619e+01 3.149912393515010844e-01 5.357326276421040534e-01 2.799673339929358562e+01
1.278673812566324175e+00 1.356203322896852026e-01 1.908162472108282515e+01 5.454730116775718951e-01 4.147313176182235162e-01 3.057492428683256591e+01
1.278673812566324175e+00 1.356203322896852026e-01 1.908162472108282515e+01 5.454730116775718951e-01 4.147313176182235162e-01 3.057492428683256591e+01
1.320858008907605408e+00 1.253591428152922571e-01 1.919284252973750071e+01 5.718435795031225899e-01 3.910125717650271282e-01 3.420260163776109863e+01
1.145510979921434247e+00 1.052611661708824642e-01 1.428992683948756159e+01 2.700448485239683172e-01 3.162170931395005824e-01 2.126882022758105606e+01
1.074124649199076353e+00 3.728025460755764880e-02 4.014204288214700256e+01 3.205976064116494162e-01 5.034479748396861742e-01 2.454497889105505237e+01
1.074124649199076353e+00 3.728025460755764880e-02 4.014204288214700256e+01 3.205976064116494162e-01 5.034479748396861742e-01 2.454497889105505237e+01
1.010105250908518437e+00 4.280526305347519267e-02 4.984724116611209865e+01 2.395908920337173897e-01 3.987848617975975340e-01 2.764539394750722323e+01
1.010105250908518437e+00 4.280526305347519267e-02 4.984724116611209865e+01 2.395908920337173897e-01 3.987848617975975340e-01 2.764539394750722323e+01
1.043746886574422605e+00 9.528137966093846306e-03 5.200000000000000000e+01 2.885796760388990578e-01 4.110380104286973646e-01 2.846548966612051501e+01
1.069684723993360898e+00 5.362813330171729842e-02 5.200000000000000000e+01 2.751286864397074483e-01 4.323862610259722739e-01 2.647304358305376581e+01
1.069684723993360898e+00 5.362813330171729842e-02 5.200000000000000000e+01 2.751286864397074483e-01 4.323862610259722739e-01 2.647304358305376581e+01
1.144279108746071305e+00 1.271836099616758253e-01 2.771771328877455431e+01 3.830756538358388030e-01 2.278748934788263902e-01 3.254784210142211265e+01
9.742924832175907657e-01 1.020675012861533421e-01 3.689168081911554964e+01 2.260601693219907171e-01 2.357572380109627386e-01 3.332201959680088521e+01
9.742924832175907657e-01 1.020675012861533421e-01 3.689168081911554964e+01 2.260601693219907171e-01 2.357572380109627386e-01 3.332201959680088521e+01
1.033133110335692217e+00 2.263899080577097267e-01 4.147036971074940226e+01 4.259487751485885876e-01 2.483669075313887364e-01 3.577507312525774097e+01
1.008303863236655662e+00 2.280604611063619946e-01 3.611817898219554479e+01 3.816070335872231434e-01 2.824894946571723242e-01 3.665375187809858915e+01
1.030598936969891577e+00 2.169878068340300170e-01 3.394928145946519038e+01 4.008391468923385714e-01 2.305321383232464827e-01 3.306694960705015518e+01
1.030598936969891577e+00 2.169878068340300170e-01 3.394928145946519038e+01 4.008391468923385714e-01 2.305321383232464827e-01 3.306694960705015518e+01
1.017664886680664127e+00 2.282963503657879645e-01 4.211911539576556862e+01 3.924318105832241832e-01 2.448506768524706945e-01 3.151676381415264316e+01
1.030439321057994073e+00 1.849716882360530334e-01 3.803524095556475970e+01 4.144840229096191098e-01 2.502935380266796961e-01 3.072344190706688138e+01
1.030718771777478615e+00 1.988142428604723067e-01 3.786749064059844727e+01 4.017319319764521834e-01 2.220662738019609783e-01 3.234909725523336022e+01
9.825329621860060536e-01 1.990334109569765753e-01 3.531446591407963354e+01 4.051151096761232417e-01 1.962881729897025807e-01 3.346027437882491284e+01
9.825329621860060536e-01 1.990334109569765753e-01 3.531446591407963354e+01 4.051151096761232417e-01 1.962881729897025807e-01 3.346027437882491284e+01
1.033054152704304673e+00 2.103513786388949980e-01 4.456106041316667188e+01 3.791114469488298111e-01 1.730804908365355943e-01 3.350372041114879096e+01
9.849355973501715544e-01 2.134726672254904090e-01 3.568866881315852169e+01 3.840562566120660493e-01 2.006406084904006348e-01 3.178030733254744788e+01
9.849355973501715544e-01 2.134726672254904090e-01 3.568866881315852169e+01 3.840562566120660493e-01 2.006406084904006348e-01 3.178030733254744788e+01
1.132351812191676244e+00 4.595000330635770625e-02 4.177777301204788074e+01 3.813740580617703269e-01 2.430100596038203831e-01 1.960572886038474039e+01
1.132351812191676244e+00 4.595000330635770625e-02 4.177777301204788074e+01 3.813740580617703269e-01 2.430100596038203831e-01 1.960572886038474039e+01
8.740496630644779552e-01 4.595479306246959272e-02 4.670063198503409296e+01 3.431896134459461178e-01 4.030693756827016805e-01 2.513024110907978681e+01
9.276815776195330709e-01 5.396171755433158690e-02 3.426640817798465122e+01 1.542427136973902324e-01 3.587350785669069508e-01 2.142472250258931865e+01
9.477440190192097935e-01 5.690749987685085609e-02 3.931973454261424195e+01 9.895097625531788788e-02 3.787357816781248832e-01 2.157740270973370755e+01
1.001826378376734938e+00 6.437857300384927650e-02 2.976409401152837475e+01 1.112094368398812427e-01 3.879367142204221408e-01 2.346858070501874138e+01
9.853351580263056686e-01 1.569998849902866644e-01 4.952689655847548522e+01 4.078045645122201912e-01 3.559210151333725425e-01 2.820756385240740372e+01
9.106894771023995583e-01 5.588275924915321602e-02 3.768033895997317018e+01 1.703658935132054963e-01 3.926898821496633829e-01 3.179594348473981569e+01
9.106894771023995583e-01 5.588275924915321602e-02 3.768033895997317018e+01 1.703658935132054963e-01 3.926898821496633829e-01 3.179594348473981569e+01
9.135641638016904764e-01 5.095157133896621032e-02 3.906780277972428195e+01 1.762550126035249132e-01 4.194038592518943287e-01 3.089171474279792307e+01
9.135641638016904764e-01 5.095157133896621032e-02 3.906780277972428195e+01 1.762550126035249132e-01 4.194038592518943287e-01 3.089171474279792307e+01
9.118946033371151394e-01 1.563384780299249821e-02 3.866023844667844145e+01 2.218962312633975531e-01 3.799333402060345311e-01 2.819689040671378422e+01
8.679888997674197748e-01 1.059440407191490352e-01 3.715250370543932945e+01 2.383994680350805528e-01 3.684334125295697371e-01 2.762860736806844386e+01
9.061492596885979411e-01 1.163981752555512256e-01 3.911778814817660077e+01 2.319265549630051548e-01 3.873887151606310586e-01 2.719633648333288178e+01
9.061492596885979411e-01 1.163981752555512256e-01 3.911778814817660077e+01 2.319265549630051548e-01 3.873887151606310586e-01 2.719633648333288178e+01
9.582122835881906608e-01 6.860560675671401043e-02 3.658676087286000467e+01 2.215997636678419536e-01 3.449057198356458853e-01 2.711248661416049899e+01
9.236637924693159585e-01 5.460326763450317616e-02 3.962904768635916497e+01 1.984105565408368910e-01 3.301115525680262119e-01 2.714123284678369785e+01
9.236637924693159585e-01 5.460326763450317616e-02 3.962904768635916497e+01 1.984105565408368910e-01 3.301115525680262119e-01 2.714123284678369785e+01
9.731684243228115871e-01 4.695099139870348437e-02 4.060063229103029414e+01 1.965597722260439828e-01 3.557065832032418329e-01 2.986300048883216363e+01
9.731684243228115871e-01 4.695099139870348437e-02 4.060063229103029414e+01 1.965597722260439828e-01 3.557065832032418329e-01 2.986300048883216363e+01
9.822725185428498040e-01 6.534312170307103596e-02 4.293293362749973596e+01 2.601248754280151565e-01 3.618532041918816056e-01 2.811133188478037681e+01
9.031177720731002889e-01 8.139572425313358617e-02 3.588101909837084946e+01 2.726274721678315638e-01 4.502013353032169873e-01 3.363542996218061631e+01
9.373854875733754755e-01 4.028996618013622188e-02 3.523990872897440596e+01 2.429774881032910894e-01 4.966482918127381740e-01 3.549068736004247171e+01
9.373854875733754755e-01 4.028996618013622188e-02 3.523990872897440596e+01 2.429774881032910894e-01 4.966482918127381740e-01 3.549068736004247171e+01
9.090758993027188151e-01 3.195811433392869993e-02 3.308219017907302373e+01 2.583995595350473407e-01 4.675820230224941865e-01 3.367348056627437103e+01
9.090758993027188151e-01 3.195811433392869993e-02 3.308219017907302373e+01 2.583995595350473407e-01 4.675820230224941865e-01 3.367348056627437103e+01
9.184348102094092026e-01 8.143696287271122436e-02 3.456647042941239079e+01 2.419955993910253567e-01 4.621001002093891863e-01 3.408350708056607914e+01
9.539002756057880505e-01 5.073926472392646658e-02 3.785414219742450825e+01 1.698383883881841028e-01 4.423904695892962313e-01 2.277601665189628832e+01
1.132766848026459883e+00 4.585671971092981913e-02 3.395700213017684632e+01 5.654617026121351309e-01 2.767273162148514709e-01 2.585295764699242227e+01
1.157843649603508940e+00 4.193193365426325231e-02 3.025346108948817303e+01 6.194943523957369136e-01 2.957217453004469254e-01 2.395923855381418477e+01
1.157843649603508940e+00 4.193193365426325231e-02 3.025346108948817303e+01 6.194943523957369136e-01 2.957217453004469254e-01 2.395923855381418477e+01
1.093628776844332906e+00 4.208485368451103659e-02 2.353956250478604773e+01 4.780548049708472358e-01 2.777694061071112608e-01 2.715149358491654752e+01
1.156749160772275964e+00 4.089875262390135768e-02 2.238302834050073997e+01 5.108842912176336792e-01 2.768197636387798588e-01 2.961300254863997594e+01
1.100553779626161077e+00 3.048966296017930830e-03 4.556788491393331242e+01 3.367715370843932243e-01 2.249704658445361716e-01 3.676301373487785895e+01
9.503201123086936208e-01 2.210424113778857169e-01 4.577692965631690214e+01 3.007252371597415874e-01 3.229434522534491148e-01 3.435045066039524642e+01
9.199769680737324151e-01 2.096504228668915892e-01 4.301302754989858101e+01 2.940708628227580168e-01 3.653080587579319305e-01 3.770361802159327169e+01
9.199769680737324151e-01 2.096504228668915892e-01 4.301302754989858101e+01 2.940708628227580168e-01 3.653080587579319305e-01 3.770361802159327169e+01
1.038710623965106716e+00 1.610689179375801305e-01 5.200000000000000000e+01 3.629373719203349835e-01 3.233185897499722961e-01 3.448374337006492851e+01
1.016209568661543328e+00 1.195421074312245924e-01 4.911255930504499645e+01 4.249645900118730890e-01 3.044941584740356588e-01 3.347536253656092242e+01
1.016209568661543328e+00 1.195421074312245924e-01 4.911255930504499645e+01 4.249645900118730890e-01 3.044941584740356588e-01 3.347536253656092242e+01
9.324271425619354847e-01 1.320812127404525915e-01 5.200000000000000000e+01 2.328402555260987994e-01 2.988399282753164687e-01 3.735427764927874961e+01
1.028602835902030943e+00 1.379902105407855573e-01 4.613593916572278886e+01 4.592774772145849504e-01 3.633477437025139922e-01 3.381192464219791560e+01
1.047267054371268769e+00 1.497322172792649453e-01 4.867238262111375491e+01 4.372353173979813823e-01 3.761317242095497115e-01 3.425435950950142683e+01
1.047267054371268769e+00 1.497322172792649453e-01 4.867238262111375491e+01 4.372353173979813823e-01 3.761317242095497115e-01 3.425435950950142683e+01
1.026977318320903221e+00 1.484060296206478335e-01 4.646333414856771782e+01 4.411947462974469825e-01 3.095164909388077312e-01 3.778921750703896265e+01
1.053160588045157553e+00 1.422626937779187806e-01 4.550289822562184838e+01 4.602882905491089138e-01 3.742508558174132416e-01 3.552316144799204523e+01
1.053160588045157553e+00 1.422626937779187806e-01 4.550289822562184838e+01 4.602882905491089138e-01 3.742508558174132416e-01 3.552316144799204523e+01
1.060786799327865015e+00 1.447258111583438756e-01 4.642515279306368825e+01 4.710810788489984691e-01 3.662898883326480282e-01 3.612585903846974844e+01
1.060786799327865015e+00 1.447258111583438756e-01 4.642515279306368825e+01 4.710810788489984691e-01 3.662898883326480282e-01 3.612585903846974844e+01
1.049548063766019501e+00 1.748870840948626437e-01 3.430720540936344776e+01 3.278730697384404369e-01 1.249851068964841633e-01 3.406896401485666814e+01
1.049548063766019501e+00 1.748870840948626437e-01 3.430720540936344776e+01 3.278730697384404369e-01 1.249851068964841633e-01 3.406896401485666814e+01
1.091324914254739209e+00 1.229740815662106052e-01 3.565275890440100426e+01 5.722905549027728078e-01 2.384136230902705322e-01 2.960171641136542675e+01
1.128817083527047904e+00 1.206354362783131490e-01 4.216516953615525409e+01 5.464697239019489228e-01 2.043671246179544487e-01 2.695003601691688999e+01
1.134310392683401503e+00 1.980103076813894414e-01 2.529507239461556267e+01 4.204596840420086745e-01 2.045277318364770169e-01 3.290545977854905146e+01
1.134310392683401503e+00 1.980103076813894414e-01 2.529507239461556267e+01 4.204596840420086745e-01 2.045277318364770169e-01 3.290545977854905146e+01
1.116224280730799379e+00 1.996712044119929030e-01 2.383236670984984684e+01 3.889052462717315639e-01 2.336017509493426014e-01 3.324782369000323001e+01
1.077035774686087688e+00 1.670248375284315023e-01 2.883270398105723942e+01 4.032765525874606460e-01 2.311315595376625120e-01 3.740134106501893285e+01
1.077035774686087688e+00 1.670248375284315023e-01 2.883270398105723942e+01 4.032765525874606460e-01 2.311315595376625120e-01 3.740134106501893285e+01
1.064586325513815046e+00 1.190255309811961149e-01 2.657178695563684911e+01 3.005539956878107710e-01 1.709117142653670818e-01 3.896057230049942177e+01
1.110691786027548256e+00 1.155155281481235197e-01 3.443139233955800904e+01 3.683830456794235375e-01 1.785509061720602919e-01 3.654166130207090646e+01
1.071244039403910442e+00 1.533923350299119526e-01 3.365411058328811578e+01 3.421633402601169660e-01 1.541568004977791062e-01 3.515657225257805152e+01
1.077586623005238664e+00 1.265111566194580262e-01 3.554857585402469766e+01 2.977773028146976642e-01 1.448978744044048805e-01 3.498654198266095250e+01
1.094562716961200888e+00 1.442648606949499257e-01 3.975093694052497995e+01 3.496974894230953090e-01 1.546310856599970862e-01 3.453322478216431790e+01
1.024676395176631116e+00 1.361559770554423843e-01 3.156282631949570572e+01 5.405677251507118308e-01 1.670805138312652927e-01 3.654479024269996046e+01
1.024154974286443975e+00 1.138814236089745052e-01 3.669702084922543150e+01 4.455346770974275006e-01 4.049586099284093743e-01 3.512858907116416418e+01
1.024154974286443975e+00 1.138814236089745052e-01 3.669702084922543150e+01 4.455346770974275006e-01 4.049586099284093743e-01 3.512858907116416418e+01
1.030203553884279977e+00 1.335272800122394021e-01 3.097468931670713133e+01 3.725233535626533699e-01 4.395285229065273302e-01 3.903757269336091440e+01
1.030203553884279977e+00 1.335272800122394021e-01 3.097468931670713133e+01 3.725233535626533699e-01 4.395285229065273302e-01 3.903757269336091440e+01
1.045882989246777139e+00 1.726272587460938590e-01 3.415840032948099747e+01 4.532502154194656407e-01 3.965725569962134656e-01 3.627546209805944244e+01
1.045882989246777139e+00 1.726272587460938590e-01 3.415840032948099747e+01 4.532502154194656407e-01 3.965725569962134656e-01 3.627546209805944244e+01
1.032001329296358572e+00 1.409843803129340045e-01 3.541542710858335141e+01 4.044680478743725160e-01 3.985386682542147452e-01 3.613249614932149001e+01
1.032001329296358572e+00 1.409843803129340045e-01 3.541542710858335141e+01 4.044680478743725160e-01 3.985386682542147452e-01 3.613249614932149001e+01
9.886181754971388180e-01 1.311262914399544399e-01 3.996331161955697553e+01 4.436706315045778615e-01 4.173371718689338761e-01 3.758723875671007164e+01
9.886181754971388180e-01 1.311262914399544399e-01 3.996331161955697553e+01 4.436706315045778615e-01 4.173371718689338761e-01 3.758723875671007164e+01
1.005083660893601349e+00 1.396897657544212412e-01 3.319876055076183263e+01 4.265146892122403388e-01 3.852384751926359319e-01 3.478830273131279682e+01
1.013321606418834619e+00 1.435219834831172325e-01 3.914532113745678288e+01 4.386859618998017463e-01 4.021214024468613424e-01 3.745678059829077711e+01
1.013321606418834619e+00 1.435219834831172325e-01 3.914532113745678288e+01 4.386859618998017463e-01 4.021214024468613424e-01 3.745678059829077711e+01
1.099943264026499223e+00 1.458875533102133581e-01 3.187912469351749323e+01 5.143427394244812767e-01 3.867861335610764950e-01 3.072374737949275669e+01
1.098690107157921814e+00 1.182474953466402662e-01 3.418003551950736352e+01 4.943964614602224250e-01 3.453745173752167386e-01 3.040716127543827696e+01
1.033666981594702161e+00 1.055412508931002358e-01 3.650470297914268514e+01 4.520198937432208242e-01 1.992190588476460966e-01 3.536661012126374715e+01
1.093721408039917131e+00 1.265813424060111270e-01 3.376514858713091627e+01 4.618147471862004139e-01 2.181616874198248901e-01 3.089936530009807214e+01
1.093721408039917131e+00 1.265813424060111270e-01 3.376514858713091627e+01 4.618147471862004139e-01 2.181616874198248901e-01 3.089936530009807214e+01
1.125257726493275268e+00 1.211299244253895152e-01 3.583710815893493162e+01 3.235064139759182278e-01 2.147006449154944263e-01 3.576325592292851496e+01
1.101579205954655416e+00 1.775330747483842148e-02 3.417791455574478476e+01 4.042527304138329725e-01 3.288901091443985347e-01 3.297743146404462067e+01
1.101579205954655416e+00 1.775330747483842148e-02 3.417791455574478476e+01 4.042527304138329725e-01 3.288901091443985347e-01 3.297743146404462067e+01
1.064923690411957224e+00 8.783937183351320233e-02 3.768261962560270462e+01 4.839665987998396646e-01 1.447158374667229519e-01 3.154962490737518621e+01
1.069661611464657325e+00 8.440018911965990744e-02 4.269090436179573800e+01 4.581494959137620837e-01 1.858634441512835578e-01 3.164045389947899523e+01
1.069661611464657325e+00 8.440018911965990744e-02 4.269090436179573800e+01 4.581494959137620837e-01 1.858634441512835578e-01 3.164045389947899523e+01
1.069557847926891903e+00 7.240008587575828825e-02 4.183826508341920913e+01 4.713481766794552774e-01 1.740131993657284548e-01 3.088156294942084656e+01
1.040597338150734075e+00 7.204155640867851429e-02 4.537381112683782192e+01 4.420229677377902067e-01 1.697629105190628374e-01 3.146943364475323435e+01
1.040597338150734075e+00 7.204155640867851429e-02 4.537381112683782192e+01 4.420229677377902067e-01 1.697629105190628374e-01 3.146943364475323435e+01
1.070479137472531095e+00 7.330084222562273377e-02 3.861750004245617873e+01 4.436127055905103589e-01 2.135542816766388963e-01 3.301527751810414202e+01
1.061837384928367989e+00 7.618124147630775389e-02 4.258037708635122698e+01 4.850559860403602097e-01 2.098285466092098261e-01 3.086140350340752292e+01
1.061837384928367989e+00 7.618124147630775389e-02 4.258037708635122698e+01 4.850559860403602097e-01 2.098285466092098261e-01 3.086140350340752292e+01
1.085432892756525769e+00 6.155532129299896155e-02 3.982595065692032676e+01 4.242756617001793851e-01 2.029229970845582431e-01 3.254386120020430440e+01
1.141378566550346862e+00 9.835189279917500027e-03 3.962123280661193547e+01 4.994279120139159533e-01 3.471714132043348111e-01 3.445572954372980234e+01
1.141378566550346862e+00 9.835189279917500027e-03 3.962123280661193547e+01 4.994279120139159533e-01 3.471714132043348111e-01 3.445572954372980234e+01
1.163428691334742249e+00 3.978609823902571480e-02 4.062577162935785680e+01 4.704977026820496566e-01 3.534897959036762405e-01 3.397940164128027618e+01
1.163428691334742249e+00 3.978609823902571480e-02 4.062577162935785680e+01 4.704977026820496566e-01 3.534897959036762405e-01 3.397940164128027618e+01
1.163234587602568038e+00 0.000000000000000000e+00 4.266782895394631225e+01 4.993374978938584507e-01 3.577338839467876785e-01 3.161005191070103493e+01
1.127776890891865724e+00 8.359342750823253905e-04 3.804568530464939613e+01 4.649241541096144625e-01 3.446768678276487252e-01 3.372892323976832074e+01
1.089781931397665327e+00 6.218927996498486988e-02 3.732874761584793077e+01 1.801839387638504708e-01 3.171780616994123170e-01 3.281981163991822825e+01
1.089781931397665327e+00 6.218927996498486988e-02 3.732874761584793077e+01 1.801839387638504708e-01 3.171780616994123170e-01 3.281981163991822825e+01
1.103196383340510067e+00 3.965172464006125330e-02 3.358282231775608295e+01 1.956036934524266468e-01 3.579797387046110835e-01 3.214162823840589311e+01
9.749000423803694249e-01 4.948203008558194754e-02 3.334851246146157422e+01 3.882176148513580283e-01 3.587473281300866956e-01 3.958217346274282278e+01
1.170063610163121881e+00 5.449111537228525787e-02 3.224449857371060091e+01 3.478505411419582360e-01 2.676042974917393069e-01 3.416049955371595104e+01
1.170063610163121881e+00 5.449111537228525787e-02 3.224449857371060091e+01 3.478505411419582360e-01 2.676042974917393069e-01 3.416049955371595104e+01
9.826531094211816697e-01 1.224193381505920553e-01 5.200000000000000000e+01 2.732430204661430162e-01 3.444499848487386773e-01 2.280175202268166146e+01
1.033666432116260081e+00 7.672661969096349066e-02 4.731413519827922443e+01 2.897649909659348322e-01 3.381133938102450776e-01 2.575568077988218363e+01
9.727199369945793705e-01 1.007818629261603566e-01 5.200000000000000000e+01 2.620711927331708102e-01 3.925244975267838110e-01 2.313157468659857585e+01
9.727199369945793705e-01 1.007818629261603566e-01 5.200000000000000000e+01 2.620711927331708102e-01 3.925244975267838110e-01 2.313157468659857585e+01
1.054395756961320263e+00 1.246652018463033501e-01 4.725166231114945248e+01 5.813003682085554624e-01 2.988846275348045478e-01 2.218822580839802328e+01
1.054395756961320263e+00 1.246652018463033501e-01 4.725166231114945248e+01 5.813003682085554624e-01 2.988846275348045478e-01 2.218822580839802328e+01
1.024719901237031161e+00 1.515793970838222038e-01 4.303896475380906850e+01 2.681435234902863063e-01 2.113795283599591568e-01 3.237250956635711674e+01
1.066081603718045390e+00 1.581376563154324177e-01 4.183317597181977732e+01 3.187455267989885432e-01 1.923379325718282129e-01 3.056181586080757739e+01
9.190888809318078501e-01 2.351968777731145710e-01 4.489856348085510263e+01 2.466402199594953937e-01 2.831448650547075396e-01 3.138108589339690724e+01
9.190888809318078501e-01 2.351968777731145710e-01 4.489856348085510263e+01 2.466402199594953937e-01 2.831448650547075396e-01 3.138108589339690724e+01
9.193542863703534351e-01 2.530693970655166769e-01 4.748314650233027834e+01 2.680408090293129320e-01 2.912062280440564366e-01 2.978591411879504491e+01
1.168727460590329503e+00 1.371126031652962207e-01 5.060166150735363289e+01 1.770181498130717346e-01 2.304266925813847067e-01 3.023180618718905421e+01
1.168727460590329503e+00 1.371126031652962207e-01 5.060166150735363289e+01 1.770181498130717346e-01 2.304266925813847067e-01 3.023180618718905421e+01
1.152097823477606919e+00 2.001413802372008222e-01 5.193907346099239675e+01 1.837998641399472000e-01 2.408074410361759621e-01 3.063735792030599825e+01
1.140476101358474104e+00 1.341533658439399979e-01 4.837532341277919556e+01 2.879236195826831435e-01 3.079391768546849151e-01 2.797381981739173540e+01
1.076049546721227212e+00 1.879364331431107871e-01 5.026707863655370545e+01 2.701314745789032967e-01 3.786488266748115894e-01 3.415119772677851984e+01
1.052461635569017284e+00 1.655214619667583487e-01 4.883307997666525324e+01 2.920936991325979171e-01 3.260799419111012898e-01 3.315342713251035178e+01
1.052461635569017284e+00 1.655214619667583487e-01 4.883307997666525324e+01 2.920936991325979171e-01 3.260799419111012898e-01 3.315342713251035178e+01
1.073576106148314002e+00 1.715922631996433800e-01 5.200000000000000000e+01 3.242823454147182316e-01 4.017442010122997953e-01 3.178151937820325301e+01
9.948236361751225942e-01 1.646444478746554863e-01 4.692832609822616519e+01 3.321839414242515609e-01 3.609848754680847205e-01 2.976236347940353255e+01
1.036519131552860129e+00 1.796465650624181065e-01 5.200000000000000000e+01 3.188629319054280820e-01 3.831382340815018273e-01 3.165791255875952359e+01
1.036519131552860129e+00 1.796465650624181065e-01 5.200000000000000000e+01 3.188629319054280820e-01 3.831382340815018273e-01 3.165791255875952359e+01
1.087671927124643112e+00 1.552721418740387882e-01 4.872612054059788278e+01 2.882087714861233385e-01 3.160681568837555022e-01 3.107176476488189820e+01
1.059195943517798000e+00 1.572288637485254881e-01 5.135727312548805656e+01 3.670041137596217751e-01 3.628241624772129414e-01 3.166043803464464190e+01
1.059195943517798000e+00 1.572288637485254881e-01 5.135727312548805656e+01 3.670041137596217751e-01 3.628241624772129414e-01 3.166043803464464190e+01
1.011716181254317171e+00 1.875892757508672015e-01 4.807235101567812308e+01 4.015214954739386166e-01 3.747036862936830026e-01 3.002989480546410661e+01
9.767151838874228442e-01 2.211198043973257310e-01 4.909820034593887783e+01 3.570762643769186395e-01 3.046621096788796335e-01 2.795228259694938444e+01
9.767151838874228442e-01 2.211198043973257310e-01 4.909820034593887783e+01 3.570762643769186395e-01 3.046621096788796335e-01 2.795228259694938444e+01
9.993812912448583052e-01 1.765256071654618675e-01 4.227338490947467164e+01 3.073725901191698417e-01 3.616247554781710782e-01 2.990389683887119432e+01
1.029064667707444425e+00 2.136519871325705533e-01 4.937542605831779952e+01 2.924615757615410816e-01 3.657564967922327659e-01 3.025672418168784361e+01
1.029064667707444425e+00 2.136519871325705533e-01 4.937542605831779952e+01 2.924615757615410816e-01 3.657564967922327659e-01 3.025672418168784361e+01
1.000007065724713540e+00 2.212075347708486184e-01 4.066512072343387274e+01 3.672742078442963187e-01 3.362726214452097517e-01 2.715522516438912248e+01
1.000567633981156224e+00 2.261815658801043516e-01 4.676134136718783196e+01 3.303897229090349552e-01 3.129209141694901941e-01 2.913546880100164316e+01
1.000567633981156224e+00 2.261815658801043516e-01 4.676134136718783196e+01 3.303897229090349552e-01 3.129209141694901941e-01 2.913546880100164316e+01
1.107259685207472977e+00 1.251369137816178700e-01 3.326118029393091291e+01 2.449501625608710154e-01 3.447709590950832625e-01 2.751118597100105845e+01
1.082700354059141112e+00 9.727235812606518928e-02 3.620241428229331149e+01 2.808292866380920905e-01 3.787225372513844945e-01 2.762778767673271929e+01
1.068199065482661636e+00 6.982044143300590588e-02 3.340158477870629383e+01 4.776226565973672455e-01 2.862655575220944271e-01 3.486277134088518181e+01
1.021694921742838158e+00 8.730211303188457894e-02 3.479982690463124584e+01 4.072860199416628024e-01 3.797697611446421706e-01 3.503359820789935242e+01
1.021694921742838158e+00 8.730211303188457894e-02 3.479982690463124584e+01 4.072860199416628024e-01 3.797697611446421706e-01 3.503359820789935242e+01
1.038221280868563134e+00 1.325548529275341614e-01 2.625671045754367938e+01 3.803011038610052963e-01 4.542408087584130505e-01 2.833544352255772480e+01
1.198458144774932732e+00 1.940880639252471479e-02 4.390581604172012931e+01 3.127749314775202794e-01 2.981280253104721112e-01 1.754039203204877850e+01
1.198458144774932732e+00 1.940880639252471479e-02 4.390581604172012931e+01 3.127749314775202794e-01 2.981280253104721112e-01 1.754039203204877850e+01
1.114021002397375781e+00 6.591639227919537936e-02 3.801111261102233385e+01 4.529350685299562973e-01 2.924021990570768725e-01 2.103880857645703983e+01
1.046698247623829570e+00 0.000000000000000000e+00 4.227528118633122745e+01 2.545407688501599153e-01 3.216874987480161652e-01 3.348755965886712715e+01
9.871600134386621095e-01 2.279777719786904924e-02 4.381439270342482217e+01 2.885142645894622770e-01 3.758736831126487377e-01 3.106292973966597160e+01
9.871600134386621095e-01 2.279777719786904924e-02 4.381439270342482217e+01 2.885142645894622770e-01 3.758736831126487377e-01 3.106292973966597160e+01
1.157735000162591898e+00 2.499439219725115707e-02 4.228059726993294731e+01 3.317596186144629589e-01 2.942512492995593698e-01 3.215298561009823430e+01
1.171203441006112511e+00 1.413202594082902178e-02 4.348505208269121880e+01 2.350383296615835282e-01 3.496311342415689971e-01 2.910795561864838277e+01
1.171203441006112511e+00 1.413202594082902178e-02 4.348505208269121880e+01 2.350383296615835282e-01 3.496311342415689971e-01 2.910795561864838277e+01
1.138841518232735384e+00 1.630249110319597836e-02 5.060490631413712492e+01 2.070507709727014700e-01 3.323854302870674626e-01 2.913803368301616459e+01
1.184813653797587296e+00 0.000000000000000000e+00 4.875652165875237642e+01 2.531846185599621046e-01 3.546461247954938445e-01 3.027887823008655843e+01
1.184813653797587296e+00 0.000000000000000000e+00 4.875652165875237642e+01 2.531846185599621046e-01 3.546461247954938445e-01 3.027887823008655843e+01
1.137064209304369022e+00 0.000000000000000000e+00 3.694587061825671981e+01 2.170608436175849032e-01 3.331854315943028055e-01 2.625073904985735140e+01
1.187987630436518005e+00 1.688359845522667546e-02 4.846622453183149304e+01 2.138676175174917260e-01 3.126093679202218700e-01 3.088242199829245038e+01
1.187987630436518005e+00 1.688359845522667546e-02 4.846622453183149304e+01 2.138676175174917260e-01 3.126093679202218700e-01 3.088242199829245038e+01
1.123542385591125514e+00 0.000000000000000000e+00 4.332290131525684984e+01 2.442405800531670945e-01 3.480710338792144531e-01 2.812318038055944669e+01
1.123542385591125514e+00 0.000000000000000000e+00 4.332290131525684984e+01 2.442405800531670945e-01 3.480710338792144531e-01 2.812318038055944669e+01
1.165948775745232924e+00 0.000000000000000000e+00 4.689018976585796850e+01 2.763506043064499762e-01 3.012919536697971634e-01 3.061571529859553564e+01
1.132642029783864857e+00 1.462362579401423057e-02 4.643518657323426879e+01 3.107097506803980225e-01 3.114250661765056716e-01 2.740292162765203443e+01
1.132642029783864857e+00 1.462362579401423057e-02 4.643518657323426879e+01 3.107097506803980225e-01 3.114250661765056716e-01 2.740292162765203443e+01
1.083647406165998861e+00 2.879361005850370261e-02 4.456103004492452868e+01 2.681060373484179249e-01 2.969895874198750230e-01 2.718370937555969391e+01
1.098355916621715389e+00 0.000000000000000000e+00 4.103573350602941616e+01 2.749459459752401913e-01 3.349912013530103594e-01 2.794280625352326197e+01
1.198963080127298797e+00 3.935888328380694051e-02 4.425596397185345410e+01 3.606915239804366902e-01 3.087106773630120538e-01 3.114231950942421889e+01
1.188926899087913602e+00 7.887169744894881318e-02 4.004511525026789798e+01 3.647525489042802715e-01 3.408336355981858024e-01 3.618462109385196612e+01
1.059528229578023062e+00 7.940172566732892068e-02 4.425032098061912933e+01 3.634356250783590814e-01 3.275949250871287854e-01 3.141625579774893140e+01
1.059528229578023062e+00 7.940172566732892068e-02 4.425032098061912933e+01 3.634356250783590814e-01 3.275949250871287854e-01 3.141625579774893140e+01
1.063609074731745707e+00 4.546006743220594448e-02 4.631005895844105424e+01 3.414929863217643913e-01 3.597229598533154271e-01 3.052467764661409433e+01
1.088908519742321390e+00 6.510340497565851592e-02 4.767787016631972818e+01 4.019011264778306614e-01 3.846101799023085577e-01 3.181527797147644421e+01
1.088908519742321390e+00 6.510340497565851592e-02 4.767787016631972818e+01 4.019011264778306614e-01 3.846101799023085577e-01 3.181527797147644421e+01
1.085730078232580942e+00 5.908676756115377460e-02 4.081787239007050516e+01 3.645195817103001890e-01 3.311693705270253862e-01 3.137431532930771283e+01
1.085730078232580942e+00 5.908676756115377460e-02 4.081787239007050516e+01 3.645195817103001890e-01 3.311693705270253862e-01 3.137431532930771283e+01
1.108634342079666490e+00 0.000000000000000000e+00 5.200000000000000000e+01 2.346640792732459513e-01 3.005447312475454935e-01 2.915566393467731388e+01
1.087314457391931333e+00 0.000000000000000000e+00 4.770495343336028782e+01 3.583865565363375527e-01 3.095243045463952902e-01 2.713804951853435199e+01
1.107550842779897238e+00 4.181094149617528566e-02 5.200000000000000000e+01 2.690451285420727978e-01 3.238333503491775955e-01 2.893627949409550126e+01
1.081309280643332649e+00 1.691930267390887727e-02 4.903038346642939160e+01 3.174738416571706301e-01 2.835104984534471684e-01 2.674409952598904638e+01
1.243936469024064628e+00 1.392379241680512247e-02 5.149585920072778578e+01 3.485778516437507690e-01 2.133395599108297014e-01 3.523890298630350060e+01
1.243936469024064628e+00 1.392379241680512247e-02 5.149585920072778578e+01 3.485778516437507690e-01 2.133395599108297014e-01 3.523890298630350060e+01
1.224078882091813814e+00 4.700144915621116970e-02 4.987145285637063097e+01 2.677003861108238625e-01 2.666979943137494091e-01 3.387835671415554373e+01
1.172499703792039938e+00 2.161862172380453820e-02 4.428974723010517067e+01 2.416099957950067212e-01 2.214331515278440965e-01 4.000000000000000000e+01
1.156026930665703611e+00 2.560183523158066771e-02 4.670221014199955789e+01 2.752707595623713477e-01 2.678034764766309972e-01 3.770992717546273099e+01
1.116212830085470786e+00 4.333263675090089084e-02 4.553408434856436315e+01 1.239612767337049115e-01 3.142929070945326697e-01 3.427322109941631822e+01
1.101635929455441421e+00 3.199984877323792942e-02 3.998652432786904853e+01 2.576148548142973560e-01 3.223798498421173164e-01 3.705293698182995854e+01
1.080767158845216569e+00 2.185033195006505155e-02 3.418469114696183908e+01 2.513229830005560550e-01 3.071846667656900065e-01 3.618243375537306150e+01
1.063445812662001000e+00 7.442815656055436213e-02 4.840836478724085623e+01 4.190749356328032915e-01 3.764567182878257867e-01 3.128237676366626374e+01
1.063445812662001000e+00 7.442815656055436213e-02 4.840836478724085623e+01 4.190749356328032915e-01 3.764567182878257867e-01 3.128237676366626374e+01
1.061315422202901759e+00 6.549613518380538457e-02 3.987878507444555254e+01 4.300177622838444735e-01 4.101823368866976960e-01 2.472616090790317145e+01
1.074578280227286520e+00 1.023814579713717421e-01 4.535784782756775257e+01 3.894940471271073901e-01 3.695974688201205671e-01 3.236970920738821889e+01
1.118871980980259417e+00 1.182857914340608857e-01 3.931802935311415581e+01 4.599243384779235777e-01 3.446732027490518324e-01 2.934606488064519780e+01
1.109680893227380505e+00 1.088662735561069378e-01 4.311786401091152499e+01 4.015336248180758072e-01 3.576265259362327309e-01 2.816921303550243749e+01
1.122286727705074982e+00 8.643191683109643919e-02 3.660961568303880398e+01 4.222767252911301394e-01 3.325800001035079112e-01 2.999029556982964451e+01
1.132524223903592642e+00 8.691690658437750683e-02 4.007340520558703645e+01 4.199821163962489390e-01 3.718300165546550851e-01 3.423979839009264481e+01
1.122394018469069499e+00 9.061561430979792053e-02 3.610333062382139957e+01 4.111688745005057655e-01 3.417217076183295399e-01 2.930452933858145670e+01
1.122394018469069499e+00 9.061561430979792053e-02 3.610333062382139957e+01 4.111688745005057655e-01 3.417217076183295399e-01 2.930452933858145670e+01
1.126169276503520722e+00 6.352533630852116864e-02 3.817065301403360422e+01 4.527621062673077845e-01 3.343426018916222375e-01 3.056579486979938309e+01
1.093745511498131817e+00 8.632312835441854904e-02 3.916780011300070186e+01 4.440674447339886255e-01 3.149807423322736333e-01 3.305104759432231987e+01
1.093745511498131817e+00 8.632312835441854904e-02 3.916780011300070186e+01 4.440674447339886255e-01 3.149807423322736333e-01 3.305104759432231987e+01
1.072826143996936210e+00 3.376515670011509540e-02 4.013818118879563457e+01 4.066225074708334497e-01 3.353320166364615051e-01 3.278134682339432970e+01
1.072826143996936210e+00 3.376515670011509540e-02 4.013818118879563457e+01 4.066225074708334497e-01 3.353320166364615051e-01 3.278134682339432970e+01
1.096848931111823466e+00 4.859318208127608868e-02 4.068669343130104465e+01 4.664424984071106617e-01 2.878513929091803814e-01 3.280929458775724328e+01
1.076527474080284152e+00 8.429719190488363378e-02 3.611363486555393365e+01 4.839787786741499565e-01 3.158267666019125564e-01 3.723262902266819196e+01
1.076527474080284152e+00 8.429719190488363378e-02 3.611363486555393365e+01 4.839787786741499565e-01 3.158267666019125564e-01 3.723262902266819196e+01
1.060105092558721651e+00 6.302647460339258489e-02 3.995742039636350995e+01 4.863598028814310470e-01 3.157056067725053650e-01 3.491292411835191700e+01
1.060105092558721651e+00 6.302647460339258489e-02 3.995742039636350995e+01 4.863598028814310470e-01 3.157056067725053650e-01 3.491292411835191700e+01
1.111714667721966698e+00 1.369481348408791710e-01 4.418542571396807972e+01 5.220933711849061742e-01 3.513701465452185313e-01 2.608219808201616630e+01
1.120164259272886209e+00 5.314474956147224871e-02 3.557997706413156891e+01 3.767563063132906565e-01 4.089161352160864960e-01 4.000000000000000000e+01
1.120164259272886209e+00 5.314474956147224871e-02 3.557997706413156891e+01 3.767563063132906565e-01 4.089161352160864960e-01 4.000000000000000000e+01
1.053621823412781211e+00 0.000000000000000000e+00 3.943876706099003826e+01 3.771183113813851295e-01 3.647299797907854191e-01 4.000000000000000000e+01
1.125857743264558675e+00 3.774885852402433753e-03 3.774906804567923047e+01 3.619497152892128256e-01 3.660646718916137354e-01 4.000000000000000000e+01
1.098364941793354976e+00 1.299532407053421643e-02 3.297670789721424001e+01 4.125891726191087128e-01 2.578287296934070327e-01 3.132302119803397034e+01
1.102066655942033568e+00 2.603838332239766240e-02 3.727690588631329405e+01 3.636598162971176884e-01 2.894610441488065233e-01 2.383997874471324963e+01
1.089850042980919698e+00 2.779305968044621516e-02 3.606619424287131892e+01 3.536283429281701918e-01 2.963555881625204447e-01 2.352111213806498569e+01
1.089850042980919698e+00 2.779305968044621516e-02 3.606619424287131892e+01 3.536283429281701918e-01 2.963555881625204447e-01 2.352111213806498569e+01
1.082447875726527453e+00 2.278910066492269293e-02 3.594614022868132963e+01 3.663665686347115091e-01 3.218096811829723736e-01 2.440510394337245970e+01
1.089455750056643080e+00 4.333383382002634066e-02 3.528249108318124883e+01 1.297212635904166633e-01 1.921288797700538009e-01 3.360749639668502198e+01
1.057195334024484401e+00 1.008450499234910848e-02 3.690438619214251048e+01 3.339659913281121106e-01 2.031156437875428766e-01 2.576273000437255689e+01
1.066249776504340829e+00 8.048217147385822168e-03 4.477592267624469713e+01 3.074575707713870787e-01 2.313886977741767825e-01 2.426883485330009904e+01
1.066249776504340829e+00 8.048217147385822168e-03 4.477592267624469713e+01 3.074575707713870787e-01 2.313886977741767825e-01 2.426883485330009904e+01
1.095439230084422455e+00 1.114248749758649515e-01 4.874584745643193173e+01 3.273077335265252574e-01 2.782190430098945844e-01 3.026399924407256137e+01
1.075558128743209885e+00 1.072380257077735349e-01 4.847550387179425968e+01 3.416141821227398068e-01 2.782692732436218286e-01 2.673930220302427330e+01
1.083749503707120532e+00 5.518581649619287016e-03 5.200000000000000000e+01 2.352804368691973069e-01 2.929819483847875272e-01 2.931762334712248474e+01
1.103449106088164822e+00 0.000000000000000000e+00 5.034878203520105444e+01 2.909992998570081202e-01 3.036990704667065777e-01 2.795569613393286090e+01
1.103449106088164822e+00 0.000000000000000000e+00 5.034878203520105444e+01 2.909992998570081202e-01 3.036990704667065777e-01 2.795569613393286090e+01
9.835490126598710470e-01 9.221529296387856456e-02 4.349017975231485877e+01 4.338597830897973351e-01 3.025078888601864802e-01 2.205519945097353229e+01
1.048386692229012596e+00 1.212070865827252486e-01 4.238353217544582918e+01 4.342849285493276534e-01 2.228376094641313643e-01 2.088311483374103261e+01
1.026602593076245906e+00 9.431074666986626054e-02 4.106825274183798768e+01 3.937545709264208549e-01 2.918901224592091448e-01 2.221894636546198143e+01
1.029128781256403613e+00 9.915804818598833448e-02 4.964146836350534642e+01 2.984759322913057566e-01 2.373352080070401382e-01 2.299112255016984108e+01
9.945016310162859696e-01 8.349663677168049636e-02 4.360418998803122292e+01 5.642233213522749313e-01 2.225539294588001482e-01 3.297697531008550698e+01
9.945016310162859696e-01 8.349663677168049636e-02 4.360418998803122292e+01 5.642233213522749313e-01 2.225539294588001482e-01 3.297697531008550698e+01
1.023487425770670312e+00 1.197965175667419224e-01 4.013220133798142086e+01 6.037396104426263621e-01 2.064385271875543715e-01 2.951912828539350642e+01
1.012233981844510966e+00 6.105131575866638849e-02 3.208729682554815810e+01 2.573561709436442135e-01 3.015660413676330420e-01 2.632080976513145387e+01
1.001661886377220423e+00 1.059491908641238961e-01 3.199186835316938016e+01 2.554259160778468707e-01 3.577463285561842676e-01 2.455188615669769092e+01
1.029142658910628505e+00 1.035966408472758088e-01 3.151969841556044116e+01 1.469814186064374306e-01 3.663167139524968752e-01 2.526399419512525668e+01
1.050880780330889719e+00 7.841598411587967499e-02 3.729574507419453511e+01 3.363873000622178977e-01 3.756929896732211782e-01 2.221237264835518488e+01
1.065229519882006537e+00 1.573812382801555720e-01 3.202816676236250970e+01 3.164229096182960554e-01 3.301116680116382707e-01 2.479068550552862860e+01
1.167244731988027473e+00 1.085689062790519271e-01 4.282520284350804474e+01 3.514682903020551197e-01 1.252203571871046972e-01 2.301700593803409589e+01
1.167244731988027473e+00 1.085689062790519271e-01 4.282520284350804474e+01 3.514682903020551197e-01 1.252203571871046972e-01 2.301700593803409589e+01
1.167087204663223465e+00 1.200408928919594331e-01 4.360633773108470734e+01 3.776975828562422199e-01 2.413708788082070678e-01 2.284637491674331145e+01
1.066934007298109943e+00 1.438766513725168172e-01 4.536504931073057634e+01 3.287149393812750509e-01 2.565792083953258862e-01 2.420410741202583083e+01
1.077340963092831672e+00 1.668777323089068454e-01 4.591354453655781498e+01 4.057883282983817397e-01 2.558210235741367744e-01 2.457430963301892746e+01
1.073881239655671171e+00 1.783276177640673033e-01 4.106728599639676247e+01 3.908803515706386622e-01 2.753827298556005276e-01 2.745804456750803979e+01
1.228024090957885006e+00 9.326080627175722948e-02 3.505047526840555605e+01 3.250463633237923866e-01 2.687544085829757234e-01 3.310960167125187326e+01
1.228024090957885006e+00 9.326080627175722948e-02 3.505047526840555605e+01 3.250463633237923866e-01 2.687544085829757234e-01 3.310960167125187326e+01
1.211599411178980512e+00 5.684569482854489458e-02 3.008391457102088395e+01 3.032179635196308731e-01 3.235867340710544271e-01 3.412113006153203543e+01
1.175913966127613008e+00 8.561810096846371454e-02 3.832907011757751548e+01 3.132738700672740295e-01 3.244449349594794585e-01 3.262127229474044299e+01
1.175913966127613008e+00 8.561810096846371454e-02 3.832907011757751548e+01 3.132738700672740295e-01 3.244449349594794585e-01 3.262127229474044299e+01
1.208654896869905571e+00 7.308798426733446874e-02 4.098589381025282563e+01 3.747569237995927449e-01 3.032937812308145742e-01 3.264027857577039526e+01
1.208654896869905571e+00 7.308798426733446874e-02 4.098589381025282563e+01 3.747569237995927449e-01 3.032937812308145742e-01 3.264027857577039526e+01
1.210132222306675054e+00 7.110998199430230982e-02 3.483289451122909242e+01 3.389376099892082994e-01 2.828229193501224925e-01 3.661347021779157274e+01
1.161870137131533420e+00 2.023984287750174305e-01 3.365272548653419449e+01 2.908101151976231757e-01 3.844400022585863774e-01 2.362941773839620652e+01
1.161870137131533420e+00 2.023984287750174305e-01 3.365272548653419449e+01 2.908101151976231757e-01 3.844400022585863774e-01 2.362941773839620652e+01
1.186529911188259456e+00 1.593343281880772733e-01 3.416169512412380271e+01 2.477364507613969424e-01 4.180408707598466944e-01 2.389056942568691966e+01
1.143979145165437972e+00 1.870109883250920813e-01 4.772810247543262818e+01 1.988767431542060871e-01 2.429386108552276102e-01 2.633057144460347487e+01
1.097836338077210483e+00 1.533225852596132588e-01 4.960741592213015849e+01 4.304398800135706971e-01 2.642055926981955460e-01 3.826543697912239139e+01
1.125685239879596455e+00 1.594482379412794359e-01 4.068689566194071006e+01 4.140439298685180680e-01 2.448190456462556175e-01 3.455147799580229417e+01
1.125685239879596455e+00 1.594482379412794359e-01 4.068689566194071006e+01 4.140439298685180680e-01 2.448190456462556175e-01 3.455147799580229417e+01
1.080387892592243215e+00 1.589398933707835138e-01 4.664381409974195947e+01 4.383933207414313915e-01 2.487146923630683681e-01 3.284860328466908186e+01
1.054455456627863663e+00 1.545955196280601462e-01 4.354703212154135628e+01 4.343557465657729710e-01 2.629544210723132602e-01 3.518312237227816297e+01
1.098112976320342771e+00 1.768020476666528895e-01 4.642734987986689532e+01 4.298981134677307692e-01 2.427870088595111553e-01 3.397809116145344888e+01
1.098112976320342771e+00 1.768020476666528895e-01 4.642734987986689532e+01 4.298981134677307692e-01 2.427870088595111553e-01 3.397809116145344888e+01
1.116951225619452259e+00 1.601920067214340215e-01 5.046762250606413858e+01 4.280962338753226959e-01 2.647324552221043126e-01 3.579593333049776760e+01
1.183134235331122941e+00 1.696505103792296798e-01 4.925144621462094818e+01 3.950926373808056891e-01 3.497190256537605624e-01 3.466745549967962603e+01
1.065682312419675037e+00 1.468188991639998164e-01 4.789696702349011304e+01 3.933298701058174363e-01 3.945946951862843166e-01 3.573620951716181082e+01
1.065682312419675037e+00 1.468188991639998164e-01 4.789696702349011304e+01 3.933298701058174363e-01 3.945946951862843166e-01 3.573620951716181082e+01
1.319557847967003150e+00 9.700728178205364483e-02 4.220915511194353797e+01 1.158266205159805828e-01 1.638218906230091976e-01 3.106674607240813657e+01
1.303572954779626425e+00 8.982819594167755495e-02 5.157786834860116443e+01 3.404809837654206861e-01 2.887021413867503217e-01 2.824710073447662140e+01
1.287770247631740750e+00 9.215744243614723552e-02 5.200000000000000000e+01 3.605846034447162118e-01 2.756667038802754766e-01 2.773621196607375694e+01
1.243849730890945970e+00 9.049381348559115690e-02 3.934874099593495345e+01 4.715722060214701528e-01 2.666748733061721222e-01 2.428181213342677935e+01
1.314164389372554975e+00 1.596481013345647515e-01 4.093897267190580180e+01 4.702042424880177318e-01 1.984737402928920535e-01 2.901425495142966682e+01
1.245358925634576508e+00 1.316940462623605590e-01 3.449732841620903656e+01 4.230881293620550876e-01 2.258943571927836402e-01 2.997505729129447971e+01
1.301873196504238939e+00 1.839914501856633744e-01 3.497927386596127519e+01 5.025054380999955939e-01 2.348228699797720587e-01 3.014370156190460293e+01
1.170838618094202310e+00 1.757213094130851139e-01 5.081539214082306444e+01 3.520636019493662561e-01 3.400486333763025337e-01 3.598846628791299196e+01
1.170838618094202310e+00 1.757213094130851139e-01 5.081539214082306444e+01 3.520636019493662561e-01 3.400486333763025337e-01 3.598846628791299196e+01
1.304036696061219303e+00 8.443458600090619770e-02 5.051819889849691236e+01 3.870405458238014296e-01 2.492007294453775779e-01 3.609641394833521133e+01
1.305501714774329969e+00 4.834263976556318898e-02 5.127935118801527636e+01 4.096584563260771694e-01 3.031286097662045376e-01 3.548280688456184606e+01
1.305501714774329969e+00 4.834263976556318898e-02 5.127935118801527636e+01 4.096584563260771694e-01 3.031286097662045376e-01 3.548280688456184606e+01
1.324775769104243217e+00 5.325470782706018952e-02 5.190496739393740455e+01 3.541582917666328822e-01 3.350355097493735168e-01 3.708869203508795920e+01
1.218520426457768036e+00 1.201697902803549878e-01 2.918299507340069709e+01 3.596137263646027593e-01 2.613076681026189063e-01 3.446084691971267233e+01
1.204128940381191004e+00 1.548680202274448914e-01 3.191126549023773151e+01 3.371262650749232148e-01 2.580308514610556991e-01 3.319687855579846314e+01
1.191325574124832976e+00 1.276322684515269756e-01 2.994025255453137291e+01 3.009342108330419485e-01 2.565806166416881307e-01 3.508564909777015828e+01
1.241052518602431931e+00 1.295469239382008309e-01 3.196152999337002498e+01 3.243546011449957023e-01 3.073504960774002259e-01 3.234182899189573135e+01
1.255602160299017056e+00 1.855994678737274417e-01 2.864086167074969680e+01 3.658072202617145829e-01 2.415893783859992816e-01 3.120142208412130458e+01
1.285996438427355448e+00 8.903032375939948229e-02 4.147665353146515343e+01 5.362115503036951614e-01 2.806955378062589990e-01 3.069495106784090410e+01
1.346826939939529622e+00 6.869066680112549672e-02 4.526548959177303288e+01 5.009455480881185307e-01 2.862512681198950415e-01 2.769316861539247654e+01
1.335704135400737513e+00 1.211281343945480454e-01 3.272669916606091789e+01 3.162513530824779817e-01 2.941729674321212906e-01 3.235357957090575098e+01
1.335704135400737513e+00 1.211281343945480454e-01 3.272669916606091789e+01 3.162513530824779817e-01 2.941729674321212906e-01 3.235357957090575098e+01
1.336920113754109130e+00 4.277935703571389414e-02 4.744519415678930585e+01 3.402759517382342169e-01 4.287330189430967331e-01 3.283243195108859425e+01
1.278428799594365506e+00 5.063407741042115495e-02 5.200000000000000000e+01 3.215067171158005888e-01 3.775080437050869486e-01 3.435438752917421112e+01
1.278428799594365506e+00 5.063407741042115495e-02 5.200000000000000000e+01 3.215067171158005888e-01 3.775080437050869486e-01 3.435438752917421112e+01
1.357985435737504742e+00 8.345356333034525953e-02 4.906951895031271960e+01 3.024251162905808865e-01 3.754354944396297578e-01 3.313664648533919177e+01
1.339013203102920491e+00 9.045064556070132877e-02 5.200000000000000000e+01 2.875265180056125747e-01 3.194697035247237027e-01 3.316012554904527576e+01
1.303690757991196714e+00 1.041188390056375368e-01 5.200000000000000000e+01 2.388432062690212521e-01 3.820992378742639195e-01 3.191455366765478274e+01
1.303690757991196714e+00 1.041188390056375368e-01 5.200000000000000000e+01 2.388432062690212521e-01 3.820992378742639195e-01 3.191455366765478274e+01
1.251474766579839359e+00 1.332183049633653693e-01 4.646536523072062863e+01 4.423228557609254485e-01 2.988890859009146195e-01 3.543380312715024871e+01
1.275697222340737458e+00 1.272984197415934771e-01 3.749630662146223870e+01 4.406244465564868595e-01 2.670287896154536766e-01 3.541416196986649823e+01
1.266722349779700219e+00 8.987002880145682215e-02 3.752766750517717043e+01 5.509517010216783417e-01 3.276570792366083618e-01 3.532796971690614640e+01
1.324531419518477193e+00 1.087864177956493345e-01 2.310493138297180593e+01 2.740528798540195488e-01 3.502648583731788889e-01 2.852505313362861372e+01
1.315427520642063364e+00 1.060099993856929573e-01 2.738068224111884064e+01 2.694965703021857673e-01 3.221603993701354085e-01 2.625073212867077999e+01
1.335428883233545472e+00 1.328214335013593317e-01 2.280506575092140764e+01 3.027726294290543629e-01 3.424799825952291044e-01 2.936183774709673244e+01
1.335428883233545472e+00 1.328214335013593317e-01 2.280506575092140764e+01 3.027726294290543629e-01 3.424799825952291044e-01 2.936183774709673244e+01
1.372576569682653291e+00 2.294791099153743394e-03 3.113198856758538469e+01 4.921399980855571399e-01 2.140804921988456455e-01 2.687065922482556957e+01
1.372576569682653291e+00 2.294791099153743394e-03 3.113198856758538469e+01 4.921399980855571399e-01 2.140804921988456455e-01 2.687065922482556957e+01
1.370333428836650880e+00 0.000000000000000000e+00 2.964242684654878346e+01 4.622263027067973207e-01 2.359971132171728159e-01 2.628614848697153050e+01
1.321955724801160637e+00 3.514969528981649882e-02 3.287393336213239792e+01 3.037592734654018245e-01 1.421672819895191398e-01 2.845160517183969873e+01
1.360140826268359193e+00 6.197625674440548904e-02 3.123115309321756072e+01 4.372913543589677099e-01 1.891136684941476798e-01 2.775257597911625851e+01
1.355023295696174079e+00 4.656172713824714704e-02 2.488468068324474558e+01 4.473352783856739401e-01 1.933965607822797639e-01 2.804509713210048005e+01
1.157997195964419079e+00 1.384184907311789836e-01 3.369933099389286468e+01 3.532067373857760151e-01 3.933725880249299700e-01 2.640342027761828803e+01
1.157997195964419079e+00 1.384184907311789836e-01 3.369933099389286468e+01 3.532067373857760151e-01 3.933725880249299700e-01 2.640342027761828803e+01
1.146496994627237864e+00 7.940625249319879786e-02 3.583941066381048302e+01 3.739186443300891449e-01 3.570733601152403791e-01 2.557285225935889628e+01
1.144420516627033813e+00 7.211467337584671899e-02 3.829145084371366892e+01 3.735282717156537813e-01 3.719599484993862393e-01 2.733965138169015319e+01
1.144420516627033813e+00 7.211467337584671899e-02 3.829145084371366892e+01 3.735282717156537813e-01 3.719599484993862393e-01 2.733965138169015319e+01
1.128207522649897765e+00 6.646199534740070136e-02 3.474843560804332299e+01 3.340726876126891565e-01 3.744641679362733511e-01 2.627401462100653617e+01
1.154753842030353361e+00 5.791968497040442254e-02 3.646088922927216203e+01 3.824322641021172253e-01 4.125558090757461271e-01 2.051129849827032459e+01
1.159464414827476197e+00 9.321707614772038741e-02 3.744430333741275518e+01 3.503019687768308410e-01 4.245243550820544387e-01 2.231421242133797733e+01
1.159464414827476197e+00 9.321707614772038741e-02 3.744430333741275518e+01 3.503019687768308410e-01 4.245243550820544387e-01 2.231421242133797733e+01
1.119900578912823352e+00 3.957418072614035665e-02 3.699567006965642690e+01 3.525382683551705476e-01 3.968619102870045157e-01 2.069304585738230173e+01
1.141388466453995942e+00 7.563225411705720713e-02 4.141386820755955256e+01 3.353163343855196654e-01 4.074573257134545545e-01 2.060928070289691405e+01
1.116801732882465092e+00 1.569129148963368248e-01 3.720585464402248022e+01 4.084340656348225407e-01 3.436040149140655031e-01 2.665560610924407925e+01
1.226007468373175202e+00 1.354219009383278161e-01 3.412602525728178193e+01 4.678757269507825556e-01 3.233696971898137318e-01 2.433962082242125646e+01
1.205101213900166224e+00 1.441866442455256303e-01 2.969212355454845920e+01 3.583900724321849030e-01 3.458692417419805265e-01 2.805487243446164669e+01
1.205101213900166224e+00 1.441866442455256303e-01 2.969212355454845920e+01 3.583900724321849030e-01 3.458692417419805265e-01 2.805487243446164669e+01
1.243066898295846379e+00 2.081292639655241139e-01 3.556456039086797460e+01 3.521116104684857140e-01 3.270320420170589326e-01 2.737872342593389874e+01
1.243066898295846379e+00 2.081292639655241139e-01 3.556456039086797460e+01 3.521116104684857140e-01 3.270320420170589326e-01 2.737872342593389874e+01
1.247549812736755692e+00 1.521629466991649415e-01 3.146457047611324853e+01 3.764367511915736042e-01 3.184407738715807623e-01 2.933732971554756830e+01
1.259021915108923029e+00 1.843337945139064127e-01 3.282968001719067530e+01 5.040763461276744906e-01 3.138803085256488545e-01 2.925215779373951364e+01
1.252722603135334012e+00 1.869675179665475084e-01 3.108995344110378767e+01 5.082653543535282648e-01 3.169398924600124734e-01 3.124660607761749631e+01
1.252722603135334012e+00 1.869675179665475084e-01 3.108995344110378767e+01 5.082653543535282648e-01 3.169398924600124734e-01 3.124660607761749631e+01
1.267928034882344956e+00 2.196868576647576232e-01 3.264943851398297170e+01 5.386274058893778527e-01 2.983588921638046787e-01 2.792791237317540265e+01
1.267928034882344956e+00 2.196868576647576232e-01 3.264943851398297170e+01 5.386274058893778527e-01 2.983588921638046787e-01 2.792791237317540265e+01
9.789464681998359952e-01 1.306244122668730467e-01 4.501915133417415404e+01 3.434369456981955504e-01 2.433441281834087255e-01 2.473524671491511739e+01
1.005213037071762239e+00 4.090218190552697558e-02 3.092150526239640129e+01 4.704310544139255756e-01 2.484785658048830059e-01 3.579344248306210119e+01
9.759716444862140960e-01 9.355670350563304039e-02 5.115428684303067541e+01 3.900604150666343584e-01 2.048111277054222024e-01 3.205382098561938164e+01
1.029671476894140403e+00 1.180291077859873250e-01 4.498067762913703405e+01 4.203945048673534690e-01 2.516047778710968630e-01 3.166795093270701500e+01
1.016333014590628636e+00 1.342769950148199332e-01 4.621060047953320549e+01 3.436074198904596200e-01 3.196960324828476141e-01 2.441330800584035643e+01
9.585521134126481213e-01 1.351469172081875558e-01 4.313440007122960651e+01 2.938390808432262968e-01 3.800358725555459949e-01 2.410792001628873038e+01
9.653875348672293910e-01 1.069075491765135999e-01 4.650394145475200247e+01 3.079876072762691708e-01 3.458929579713438951e-01 2.390594845040416061e+01
1.050226401993596070e+00 8.423333203380913015e-02 4.220010861963459803e+01 2.543570965773744308e-01 3.114377072101572330e-01 2.865351448579863103e+01
1.030209944271727851e+00 1.082137488453219776e-01 3.903504636791575422e+01 2.309375555103680699e-01 3.185646895737716533e-01 2.916667044687544674e+01
1.030209944271727851e+00 1.082137488453219776e-01 3.903504636791575422e+01 2.309375555103680699e-01 3.185646895737716533e-01 2.916667044687544674e+01
1.078219379743802442e+00 1.213783565082914712e-01 4.374693115421485601e+01 2.953288838211849954e-01 3.032231295969879392e-01 3.369602556901831036e+01
1.078219379743802442e+00 1.213783565082914712e-01 4.374693115421485601e+01 2.953288838211849954e-01 3.032231295969879392e-01 3.369602556901831036e+01
9.965000420175611495e-01 1.145243690492634275e-01 4.503818504039193726e+01 2.388986718447622948e-01 3.315360520158281976e-01 2.853312207798983025e+01
1.043644637091851957e+00 1.046322764383088161e-01 3.839270632810107742e+01 3.371517021303589434e-01 3.551395013518117150e-01 2.875344523490423754e+01
1.008100123958725503e+00 9.244974269779918097e-02 4.136623898489735041e+01 2.613711561502106706e-01 3.015697509851077429e-01 2.678607429645510152e+01
1.008100123958725503e+00 9.244974269779918097e-02 4.136623898489735041e+01 2.613711561502106706e-01 3.015697509851077429e-01 2.678607429645510152e+01
1.050287478606869218e+00 1.386716636172437289e-01 5.068744158719664483e+01 2.347762253333994797e-01 3.495768166616906591e-01 2.673844411872385507e+01
1.055765003864223672e+00 1.361663949836075527e-01 5.200000000000000000e+01 2.267351304511830701e-01 3.341554155238813939e-01 2.740915991322286160e+01
1.069669041854734548e+00 1.397074303642999726e-01 5.087931867126683017e+01 1.269364267092277510e-01 3.183767999651061498e-01 2.620741770717462060e+01
1.069669041854734548e+00 1.397074303642999726e-01 5.087931867126683017e+01 1.269364267092277510e-01 3.183767999651061498e-01 2.620741770717462060e+01
1.046560096785649652e+00 1.416457457027220923e-01 4.704009411470531177e+01 2.397380937161087688e-01 3.286960267596285568e-01 2.662869168826154720e+01
1.000050755750902409e+00 1.741469818717416851e-01 5.028232040694268790e+01 4.587682186496911951e-01 3.713354076297022410e-01 3.321527963361518943e+01
1.043380006560617801e+00 1.857705611933410939e-01 4.157206444954752556e+01 3.951605919614199491e-01 3.676869161436381872e-01 3.545008465882730064e+01
1.024818481480162191e+00 1.633755014034025121e-01 4.272625006994264396e+01 2.079924517508080495e-01 3.392308986369644286e-01 2.476714713440408389e+01
9.928931047262212761e-01 6.844442429869185274e-02 2.483334043540109448e+01 3.036828989246164734e-01 4.035952368705050253e-01 2.503958478551767897e+01
9.744053160532543112e-01 7.857297868929483120e-02 3.490317534561349078e+01 2.905200636502548450e-01 4.614099022647888959e-01 2.556003086271095270e+01
9.726040869998328064e-01 6.067976622750393539e-02 3.803957147218336843e+01 3.822945993841875834e-01 4.769961321085606221e-01 2.519582958129071670e+01
1.008972245622133501e+00 5.619086327592457547e-02 3.296701080699783404e+01 3.533591486298722772e-01 4.601263924522748794e-01 2.799840567930812085e+01
9.910656787107171573e-01 1.025702064439845684e-01 4.398599458802037532e+01 1.609201359473250714e-01 2.686038857014004244e-01 3.140321772271154188e+01
9.499043297059078794e-01 6.794800549691368263e-02 3.610713364283128612e+01 1.493179889593359011e-01 2.471890569543930827e-01 3.103554164680128480e+01
9.499043297059078794e-01 6.794800549691368263e-02 3.610713364283128612e+01 1.493179889593359011e-01 2.471890569543930827e-01 3.103554164680128480e+01
9.361429054222508706e-01 7.610097698918702469e-02 3.952708916630071201e+01 2.925357974302502106e-01 2.557923260496681173e-01 2.842676254655666312e+01
9.245065286365148349e-01 8.845951947858904374e-02 4.849130572985553300e+01 1.601450564288157130e-01 2.951012872868248316e-01 2.989617376953477645e+01
8.902930078361770416e-01 1.505073778623199632e-01 4.014313153289850788e+01 2.747317034163203608e-01 3.057366502559011878e-01 3.622822781685155746e+01
8.657651250019930966e-01 1.133188161457858723e-01 4.276505120074229183e+01 2.747334236641397198e-01 3.343878439389733614e-01 3.732765252435947190e+01
9.279434209725107019e-01 1.204707587880793213e-01 3.700210104038899317e+01 2.697581492147195226e-01 2.631233953473511300e-01 3.593467895700543124e+01
1.015875437026867667e+00 9.326033240146824888e-02 4.308980587849615063e+01 3.780491763494097102e-01 3.081018028105485529e-01 3.271902829633700094e+01
1.055263542771815777e+00 4.243063363689547618e-02 3.701324706488529870e+01 3.067069510575478053e-01 2.603296444728754322e-01 3.282326668457962882e+01
1.055263542771815777e+00 4.243063363689547618e-02 3.701324706488529870e+01 3.067069510575478053e-01 2.603296444728754322e-01 3.282326668457962882e+01
1.016549875596342467e+00 5.019308089969203024e-02 3.965407961235464995e+01 3.488856461441894874e-01 2.435488610802480913e-01 3.175064870821493557e+01
1.134146212040536117e+00 1.030593161537501079e-01 3.161823212997132160e+01 2.602673260765155927e-01 2.628455869120109312e-01 3.127596448311212995e+01
1.134146212040536117e+00 1.030593161537501079e-01 3.161823212997132160e+01 2.602673260765155927e-01 2.628455869120109312e-01 3.127596448311212995e+01
1.083192188949313906e+00 6.614372714277155785e-02 3.818536959142915066e+01 3.287047351736035461e-01 2.812036749281814907e-01 3.105788846053979668e+01
9.265793828907422647e-01 5.875544867089620149e-02 3.322371751378503291e+01 1.994484280160454814e-01 4.712262388802921920e-01 3.111725572016481323e+01
1.006573562743733552e+00 1.335747264255532640e-01 2.585374603288259721e+01 1.939319421013460942e-01 3.197740749647579594e-01 3.038750057070811650e+01
1.006573562743733552e+00 1.335747264255532640e-01 2.585374603288259721e+01 1.939319421013460942e-01 3.197740749647579594e-01 3.038750057070811650e+01
9.514551305693798033e-01 5.567867995914373841e-02 4.941818084500494734e+01 1.745832609207852160e-02 4.296136439567542764e-01 3.187511219975547050e+01
9.435559154468230458e-01 5.642070320231521580e-02 4.655541413606134427e+01 6.762507421798311102e-02 3.905013068002238241e-01 3.417420637908761449e+01
1.048641873182170947e+00 6.034505584891875635e-02 4.781983137699727138e+01 6.890623497803231856e-02 4.155762625894715567e-01 3.279705703030771247e+01
9.938907458308756659e-01 7.055356964551477705e-02 4.667421224986352968e+01 1.209417123220894452e-01 4.592090294424833186e-01 3.441915021798860863e+01
9.938907458308756659e-01 7.055356964551477705e-02 4.667421224986352968e+01 1.209417123220894452e-01 4.592090294424833186e-01 3.441915021798860863e+01
9.708944788987378116e-01 7.472386184288254407e-02 4.995520772138410592e+01 9.229255494122583225e-02 4.502848184453451252e-01 3.255578554613244791e+01
9.708944788987378116e-01 7.472386184288254407e-02 4.995520772138410592e+01 9.229255494122583225e-02 4.502848184453451252e-01 3.255578554613244791e+01
1.003126995400697385e+00 6.174158216810442940e-02 4.950072571681168654e+01 1.520252068949501378e-01 4.189621477131111327e-01 3.192241358794384709e+01
8.946487303169825545e-01 1.090087793351826873e-01 5.200000000000000000e+01 2.968602528559076137e-01 3.436093291158883734e-01 3.609908085930498345e+01
9.379998976309296133e-01 1.562004508871161212e-01 4.697217190301518031e+01 2.539272062947280362e-01 3.786557789605320412e-01 3.713487352110951178e+01
9.379998976309296133e-01 1.562004508871161212e-01 4.697217190301518031e+01 2.539272062947280362e-01 3.786557789605320412e-01 3.713487352110951178e+01
9.495168895330597936e-01 1.268094300719171674e-01 4.647871706751257648e+01 2.266207169342956129e-01 3.332944780000947071e-01 3.629494585104962567e+01
9.495168895330597936e-01 1.268094300719171674e-01 4.647871706751257648e+01 2.266207169342956129e-01 3.332944780000947071e-01 3.629494585104962567e+01
9.324376823706382877e-01 8.852979604210450826e-02 3.643594756570706750e+01 1.677056628587905995e-01 3.841898088999703420e-01 3.683254278714557017e+01
9.324376823706382877e-01 8.852979604210450826e-02 3.643594756570706750e+01 1.677056628587905995e-01 3.841898088999703420e-01 3.683254278714557017e+01
9.783446450678742190e-01 8.926724844222888589e-02 3.592241977720396306e+01 2.437174472692366090e-01 3.833262121785878662e-01 3.494675415421054510e+01
9.341675128424068442e-01 7.119244679515987495e-02 3.981503430803490318e+01 1.991060486433256504e-01 3.861681269101992497e-01 3.742040025609303200e+01
9.591427428905697772e-01 1.047886043019491259e-01 3.825697503556558132e+01 2.235935832308285354e-01 3.793295243900627334e-01 3.734940067306011713e+01
9.591427428905697772e-01 1.047886043019491259e-01 3.825697503556558132e+01 2.235935832308285354e-01 3.793295243900627334e-01 3.734940067306011713e+01
1.054290500695979071e+00 1.158567042464431346e-01 4.100975198502658259e+01 1.928624602829877854e-01 3.400653345493796498e-01 3.665562802281966981e+01
9.990880586891447424e-01 1.674234837173232682e-01 4.802874841404248230e+01 4.645931900647845558e-01 2.600985772247249028e-01 2.445207544741802153e+01
9.990880586891447424e-01 1.674234837173232682e-01 4.802874841404248230e+01 4.645931900647845558e-01 2.600985772247249028e-01 2.445207544741802153e+01
9.766705344172889047e-01 1.247173895529087861e-01 4.702219676970388207e+01 4.245750827288404250e-01 3.302384602509038092e-01 2.980099657101404276e+01
9.766705344172889047e-01 1.247173895529087861e-01 4.702219676970388207e+01 4.245750827288404250e-01 3.302384602509038092e-01 2.980099657101404276e+01
9.749977423553496392e-01 1.288852514001165017e-01 5.012747826604653767e+01 4.511357008396202350e-01 3.295546279873419748e-01 3.157292562301118011e+01
9.749977423553496392e-01 1.288852514001165017e-01 5.012747826604653767e+01 4.511357008396202350e-01 3.295546279873419748e-01 3.157292562301118011e+01
9.436825513887272532e-01 1.056852888274589647e-01 4.319930301074447954e+01 4.421027349576446275e-01 3.388219252706675677e-01 3.007253567747770262e+01
9.576808781852055308e-01 1.200585830742769422e-01 5.028907485579259173e+01 3.479907010250722910e-01 3.271654081721423468e-01 3.103196389107119302e+01
9.576808781852055308e-01 1.200585830742769422e-01 5.028907485579259173e+01 3.479907010250722910e-01 3.271654081721423468e-01 3.103196389107119302e+01
1.060042432464388007e+00 4.796419398913950166e-04 1.107616124090288245e+01 1.082521215011455484e-01 5.266662665466399496e-01 2.444646834002008973e+01
1.058004871008958014e+00 0.000000000000000000e+00 1.127932663948153724e+01 1.363295367693558302e-01 5.788589151085162809e-01 2.362529124631728195e+01
1.017098490475222272e+00 3.895073366744247756e-02 2.480673963742704302e+01 1.726632028933875462e-01 3.193489709148455979e-01 2.425459484987148429e+01
1.038680915679232486e+00 1.082539505445401506e-01 2.677835474100217894e+01 1.971830964681074438e-01 4.049934278869568027e-01 2.210023922534093543e+01
1.032419333131151973e+00 6.866092902340086013e-02 2.162930161912390048e+01 2.312108610302074374e-01 4.682784434530342654e-01 2.859284352806724172e+01
1.032419333131151973e+00 6.866092902340086013e-02 2.162930161912390048e+01 2.312108610302074374e-01 4.682784434530342654e-01 2.859284352806724172e+01
1.087584606615839666e+00 5.920844925353179605e-02 2.041624338603801903e+01 1.977514592316164388e-01 5.433584224676806240e-01 2.699467629315086725e+01
1.032952716297737439e+00 6.161978919279140904e-02 2.544169977430851048e+01 2.899571527187255748e-01 5.138242901015467323e-01 2.709108875352133339e+01
1.032952716297737439e+00 6.161978919279140904e-02 2.544169977430851048e+01 2.899571527187255748e-01 5.138242901015467323e-01 2.709108875352133339e+01
1.085980551181953135e+00 3.452400389051869106e-02 2.285060285062357366e+01 3.334284742314606031e-01 4.917279753336556425e-01 2.969968515617138749e+01
9.852672681328703552e-01 1.957704145972025134e-01 3.003892048193398878e+01 2.376573201047685879e-01 4.935423194269116243e-01 2.413179115265889152e+01
9.852672681328703552e-01 1.957704145972025134e-01 3.003892048193398878e+01 2.376573201047685879e-01 4.935423194269116243e-01 2.413179115265889152e+01
1.003302069642827643e+00 8.765083124810535420e-02 2.039400784903840602e+01 1.916640490036652655e-01 4.237052422927727879e-01 2.590034068249344301e+01
1.003302069642827643e+00 8.765083124810535420e-02 2.039400784903840602e+01 1.916640490036652655e-01 4.237052422927727879e-01 2.590034068249344301e+01
9.935808403544930112e-01 7.581369940624650694e-02 1.897818433021265250e+01 1.635768201002357758e-01 4.329409219412203025e-01 2.371326873688790826e+01
1.175090459550676369e+00 1.628517896121153552e-01 2.285814160208556345e+01 3.630172300219268733e-01 4.551148106498901780e-01 2.952565298997746268e+01
1.175090459550676369e+00 1.628517896121153552e-01 2.285814160208556345e+01 3.630172300219268733e-01 4.551148106498901780e-01 2.952565298997746268e+01
1.091245295395866011e+00 1.267863671273007364e-01 2.432229286291357084e+01 3.473092383216060952e-01 4.634188862427202626e-01 2.822507852772878678e+01
1.139166219216648956e+00 1.385047189948154234e-01 2.537803875877426307e+01 3.611017650408984148e-01 4.301576796408605463e-01 2.870635694329990883e+01
1.139166219216648956e+00 1.385047189948154234e-01 2.537803875877426307e+01 3.611017650408984148e-01 4.301576796408605463e-01 2.870635694329990883e+01
1.153838655014682413e+00 1.302123705911075457e-01 2.380351259003820275e+01 2.738997142533564078e-01 4.417814741918975607e-01 2.850827282605037993e+01
1.153838655014682413e+00 1.302123705911075457e-01 2.380351259003820275e+01 2.738997142533564078e-01 4.417814741918975607e-01 2.850827282605037993e+01
1.178163425577672729e+00 1.421561613106241961e-01 2.236441257354861634e+01 3.511950883331599882e-01 4.113610998205822211e-01 2.870109191762388079e+01
1.033480244865624398e+00 4.895525022004760390e-02 1.101891310076962327e+01 1.014502181878030040e-01 4.035718082190662970e-01 3.386866397579474608e+01
1.017422475859808495e+00 9.193538634297261647e-02 1.850950797948344473e+01 1.017250098402822656e-01 4.151583499469411742e-01 3.305424696373040661e+01
1.073637203973370147e+00 1.409257405589088019e-01 2.020715721119390196e+01 1.397750809893512358e-01 4.579037696416002889e-01 3.263301288712986548e+01
1.073637203973370147e+00 1.409257405589088019e-01 2.020715721119390196e+01 1.397750809893512358e-01 4.579037696416002889e-01 3.263301288712986548e+01
1.062384942273046917e+00 9.881842916529229304e-02 1.606727141946046800e+01 6.572015675618461672e-02 4.179511730102894451e-01 3.473934009687067714e+01
1.000429201000040846e+00 5.764108851872820627e-02 1.377729095155701344e+01 1.540861207729848359e-01 4.191370824092270908e-01 3.475581437453551814e+01
9.826255576310101159e-01 5.409317842264255161e-02 8.107542755050324956e+00 1.527730280784624084e-01 4.089574304983848441e-01 4.000000000000000000e+01
9.826255576310101159e-01 5.409317842264255161e-02 8.107542755050324956e+00 1.527730280784624084e-01 4.089574304983848441e-01 4.000000000000000000e+01
1.034418167508766695e+00 6.501837464037467373e-02 5.166839393058515029e+00 1.947694175422374219e-01 4.032658435882572334e-01 3.727912259518556937e+01
1.034418167508766695e+00 6.501837464037467373e-02 5.166839393058515029e+00 1.947694175422374219e-01 4.032658435882572334e-01 3.727912259518556937e+01
1.035730422485873437e+00 9.715815667719018833e-02 1.108950556878174964e+01 1.378508193498547696e-01 3.548014563831158319e-01 3.685108763051444214e+01
1.068128490606694125e+00 5.263777869009558796e-02 1.104737054228087878e+01 1.935885207323906343e-01 3.627747526123965005e-01 3.562686426002491658e+01
1.068128490606694125e+00 5.263777869009558796e-02 1.104737054228087878e+01 1.935885207323906343e-01 3.627747526123965005e-01 3.562686426002491658e+01
9.932933852911012274e-01 5.379979290041164708e-02 1.112762342676172800e+01 1.695938561743450812e-01 4.372259857899145064e-01 3.707366839456069840e+01
9.932933852911012274e-01 5.379979290041164708e-02 1.112762342676172800e+01 1.695938561743450812e-01 4.372259857899145064e-01 3.707366839456069840e+01
1.037206848153548577e+00 6.961220160603082130e-02 1.703107332323776646e+01 2.132007432257001234e-01 3.771697369304282121e-01 3.714458436451954526e+01
9.952429706909726725e-01 8.980695666446797398e-02 1.239417388629502526e+01 1.781154477251482848e-01 4.097795565259165773e-01 3.556125020600298825e+01
9.952429706909726725e-01 8.980695666446797398e-02 1.239417388629502526e+01 1.781154477251482848e-01 4.097795565259165773e-01 3.556125020600298825e+01
1.004934528516765901e+00 3.844604659379396994e-02 2.213059656996876612e+01 2.372773849144354519e-01 4.075744198727824785e-01 3.737463510074618256e+01
1.004934528516765901e+00 3.844604659379396994e-02 2.213059656996876612e+01 2.372773849144354519e-01 4.075744198727824785e-01 3.737463510074618256e+01
1.056235858414257045e+00 2.230762341779202532e-02 1.240294036218961793e+01 2.368414768005562554e-01 3.655142852607096704e-01 3.712709263613628252e+01
1.056235858414257045e+00 2.230762341779202532e-02 1.240294036218961793e+01 2.368414768005562554e-01 3.655142852607096704e-01 3.712709263613628252e+01
1.192795949223016683e+00 1.507925655056112924e-01 1.714360028867706376e+01 1.847626634609386420e-01 3.714966329426702130e-01 2.889522087211143742e+01
1.119515508398723158e+00 9.054403128852445137e-02 1.730483465105458407e+01 1.997430312305094324e-01 4.092131136416853887e-01 3.321821212982939642e+01
1.178597581747391487e+00 1.228473760299718526e-01 1.119058469106332510e+01 1.720480146857031045e-01 3.930234666346129613e-01 3.251454444517293751e+01
1.164397569328388338e+00 1.365605720208669660e-01 1.541010380930486967e+01 2.047707013376635909e-01 4.128204594483366185e-01 3.214031453763447388e+01
1.164397569328388338e+00 1.365605720208669660e-01 1.541010380930486967e+01 2.047707013376635909e-01 4.128204594483366185e-01 3.214031453763447388e+01
1.168930604731595935e+00 1.245417525061405101e-01 2.104861196929766010e+01 2.123769739823435643e-01 4.042607738056014366e-01 3.044510095887135392e+01
1.158909259185444407e+00 1.564607639354854141e-01 2.071234312560235580e+01 2.253254112699086820e-01 3.505367097252778397e-01 3.140400768558311739e+01
1.092819351460627031e+00 1.379109697826466086e-01 6.407584421629689331e+00 3.260605227956102636e-01 5.345259390130977506e-01 3.583921083626190551e+01
1.092819351460627031e+00 1.379109697826466086e-01 6.407584421629689331e+00 3.260605227956102636e-01 5.345259390130977506e-01 3.583921083626190551e+01
1.044545075488956698e+00 9.916098253393522410e-02 1.231447776942628813e+01 2.972572882462531929e-01 5.226638708254545129e-01 3.889871835288589352e+01
1.044545075488956698e+00 9.916098253393522410e-02 1.231447776942628813e+01 2.972572882462531929e-01 5.226638708254545129e-01 3.889871835288589352e+01
1.039008077439711242e+00 1.154527387172656072e-01 8.256164629487473761e+00 3.565488765441288677e-01 4.889325515141332290e-01 3.734878221886626193e+01
1.039008077439711242e+00 1.154527387172656072e-01 8.256164629487473761e+00 3.565488765441288677e-01 4.889325515141332290e-01 3.734878221886626193e+01
9.828659383723441501e-01 1.023808357784383449e-01 8.856147832339445358e+00 2.656301181563057723e-01 5.323785867796799742e-01 3.893883032828221502e+01
1.043073298972949425e+00 7.417279065698414997e-02 1.240627295283452547e+01 2.286993438028664394e-01 4.898211828133184342e-01 3.736210148661977115e+01
1.043073298972949425e+00 7.417279065698414997e-02 1.240627295283452547e+01 2.286993438028664394e-01 4.898211828133184342e-01 3.736210148661977115e+01
1.230626349171200173e+00 2.114473942054027333e-01 1.729797050550109816e+01 3.921252972494587707e-01 3.116241408462493978e-01 2.453104513963640798e+01
1.230626349171200173e+00 2.114473942054027333e-01 1.729797050550109816e+01 3.921252972494587707e-01 3.116241408462493978e-01 2.453104513963640798e+01
1.279219506879710977e+00 2.033177001051979238e-01 1.703414763457166359e+01 3.582122973497294804e-01 3.239302750074725123e-01 2.721553987586870349e+01
1.176474227497030123e+00 2.283043331142841359e-01 1.271066519061229805e+01 3.893654761464885317e-01 4.431848215878119168e-01 2.640231250384702122e+01
1.176474227497030123e+00 2.283043331142841359e-01 1.271066519061229805e+01 3.893654761464885317e-01 4.431848215878119168e-01 2.640231250384702122e+01
1.158041178279853867e+00 3.931663134582459862e-01 2.806955304698515263e+01 2.877497354771459404e-01 3.569256628754253202e-01 2.891112282987022652e+01
1.099333922179782208e+00 3.571721805005734218e-01 3.029738217919679499e+01 2.617734263081354373e-01 3.653224102182319744e-01 2.822631635281596374e+01
1.152500421348899629e+00 3.296740843161626300e-01 2.706074772704345222e+01 2.619526557623827467e-01 3.447684121556902626e-01 3.035376217083130967e+01
1.152500421348899629e+00 3.296740843161626300e-01 2.706074772704345222e+01 2.619526557623827467e-01 3.447684121556902626e-01 3.035376217083130967e+01
1.160461043161408190e+00 3.373840222796349320e-01 2.167220185150955558e+01 2.389874861184680677e-01 3.564057198615160349e-01 2.898516284175708435e+01
1.160461043161408190e+00 3.373840222796349320e-01 2.167220185150955558e+01 2.389874861184680677e-01 3.564057198615160349e-01 2.898516284175708435e+01
1.122962084500080948e+00 3.338876293087528757e-01 2.614433939407591723e+01 1.646424912575716881e-01 3.149118887529669952e-01 3.024736010435738010e+01
1.127972306831964255e+00 3.074058310563296259e-01 3.057721724592739676e+01 3.023003693687160154e-01 3.510402917513957832e-01 2.882291076350886172e+01
1.128887028883502452e+00 2.343527508750585520e-01 9.347273963650025053e+00 1.288036191485534276e-01 5.225288582890031952e-01 3.067082086867379687e+01
1.128887028883502452e+00 2.343527508750585520e-01 9.347273963650025053e+00 1.288036191485534276e-01 5.225288582890031952e-01 3.067082086867379687e+01
1.116355525207380239e+00 2.086517175618718967e-01 8.191468365401565421e+00 7.900910654828385837e-02 5.351326964020910459e-01 2.972925921441688857e+01
1.116355525207380239e+00 2.086517175618718967e-01 8.191468365401565421e+00 7.900910654828385837e-02 5.351326964020910459e-01 2.972925921441688857e+01
1.121139064429609977e+00 1.978886602543424023e-01 1.250164842515118835e+01 1.883742883224347464e-01 5.385813468604876419e-01 3.033889327968067562e+01
1.066568157629610436e+00 1.959378701933526812e-01 1.122509735827374122e+01 2.086455790825449130e-01 5.396982438799000636e-01 2.893380989965889682e+01
1.136801934700873540e+00 1.842031186790167308e-01 1.065416097167121734e+01 2.249360923437055682e-01 5.558907446410243924e-01 3.042867067137889592e+01
1.136801934700873540e+00 1.842031186790167308e-01 1.065416097167121734e+01 2.249360923437055682e-01 5.558907446410243924e-01 3.042867067137889592e+01
9.861408504809384690e-01 1.230950988990395373e-01 3.398431356893554067e+01 2.230187901013638563e-01 3.789490017434778979e-01 2.877266277240003589e+01
9.861408504809384690e-01 1.230950988990395373e-01 3.398431356893554067e+01 2.230187901013638563e-01 3.789490017434778979e-01 2.877266277240003589e+01
1.121720609766389209e+00 6.994362778711356310e-02 2.319072905913746752e+01 3.545845515636128487e-01 4.411494796250012285e-01 2.741078287054133611e+01
1.058579705157450146e+00 9.113926978674401214e-02 1.987716571231473850e+01 3.623549982714119877e-01 4.561455719802203213e-01 2.456244052229432029e+01
1.113301108720505361e+00 1.016836162177829350e-01 1.636364624500145837e+01 4.041684635252760782e-01 4.572780207588859613e-01 2.732636771587409541e+01
1.083101767395345139e+00 7.080605364916831013e-02 2.324670451425905782e+01 3.989064925579489662e-01 4.827716120467199223e-01 2.605254736656609182e+01
1.083101767395345139e+00 7.080605364916831013e-02 2.324670451425905782e+01 3.989064925579489662e-01 4.827716120467199223e-01 2.605254736656609182e+01
1.018206564832398131e+00 2.525385740734518991e-02 2.234858708764604529e+01 3.121033927566703170e-01 4.595788505410855485e-01 3.356644020439078702e+01
9.989270793668520998e-01 2.300037989605003066e-02 2.919545136622264891e+01 4.431066533564167464e-01 3.949797607194108218e-01 2.811979270244151508e+01
1.032261397031332129e+00 1.023100875193377196e-02 2.896983603983190747e+01 5.443092448531664518e-01 4.148493070932706694e-01 2.406475164911528353e+01
1.082455031862842532e+00 1.401294072296664986e-02 2.865908938571329756e+01 5.173696704556646209e-01 4.485317176278904028e-01 2.472887613369382720e+01
1.056310569990741355e+00 4.057957455469823199e-02 1.956122693170224380e+01 4.697260994735044104e-01 4.899063713151721733e-01 2.451880819770988751e+01
1.026900942123798899e+00 4.004102262692228742e-02 2.126817018736971932e+01 4.215043128150159357e-01 5.068131690669730460e-01 2.673326577790480130e+01
1.133156929202840280e+00 1.401117083121403983e-01 2.049028269827355331e+01 2.653742243348221064e-01 1.918143962389068924e-01 2.033603541616196964e+01
1.119432874664264999e+00 1.355649184828801035e-01 1.912933915926214823e+01 3.492459295550371379e-01 2.212021299745883518e-01 2.213050081247554957e+01
1.148867990480868073e+00 1.494612378679290310e-01 2.757326579329757976e+01 3.119592152087523607e-01 2.052057925888267353e-01 2.027721858739990779e+01
1.147549961941619623e+00 1.048734376852620970e-01 2.073172523602500306e+01 2.823920937664329833e-01 1.844909297041464058e-01 1.859759960245420629e+01
1.083056957036303780e+00 7.170953878726837871e-02 3.751967164904029062e+01 2.958374603439197226e-01 2.208527497206094481e-01 2.655192138430135884e+01
1.086604664238115969e+00 8.168341428339360999e-02 3.793967104503902021e+01 3.142694380649901920e-01 2.574467190156897733e-01 2.470828482389647007e+01
1.061225558244638600e+00 1.198263603627323648e-01 4.051668345884596079e+01 2.789918558416326633e-01 2.185539492432554132e-01 2.495029465001452351e+01
1.048002885625248126e+00 1.096069465305079815e-01 3.988186638942524809e+01 2.592974266784151549e-01 2.286717184997478225e-01 2.342561736887610735e+01
1.067791722738692384e+00 1.333833298433665659e-01 4.223688673335818322e+01 4.371537183747273292e-01 1.864869615891783516e-01 2.763238918002926781e+01
1.025514108293901439e+00 1.067790454001810302e-01 4.306549892823587555e+01 4.860381361693822400e-01 2.546568915275822520e-01 2.538234084394962053e+01
1.025514108293901439e+00 1.067790454001810302e-01 4.306549892823587555e+01 4.860381361693822400e-01 2.546568915275822520e-01 2.538234084394962053e+01
1.005122438821735464e+00 1.421568400831800527e-01 4.224248164189621946e+01 4.627245564619147933e-01 1.999317848695655042e-01 2.795746886917308061e+01
9.889469138183926145e-01 1.113273394312282588e-01 3.875969495760120509e+01 4.673421207663980281e-01 2.201930639699486714e-01 2.897949816588104355e+01
1.038065175405239460e+00 8.881321850496882997e-02 3.369575932949488362e+01 4.528630285537494360e-01 2.207530650093617319e-01 2.960005012470293551e+01
9.579347008684053755e-01 1.031083082026269526e-01 3.413606139102245152e+01 2.374443260774865561e-01 2.539715866073029571e-01 2.920497908161256007e+01
1.061700290258139612e+00 1.168060102519530297e-01 4.013050614582510889e+01 2.612918491030625234e-01 4.012688531310775741e-01 3.144695690411589339e+01
1.061700290258139612e+00 1.168060102519530297e-01 4.013050614582510889e+01 2.612918491030625234e-01 4.012688531310775741e-01 3.144695690411589339e+01
1.083836236618095361e+00 1.031011466938636274e-02 3.325859710447632267e+01 3.867200408504639642e-01 4.817560903081276047e-01 3.197853922401466065e+01
1.083836236618095361e+00 1.031011466938636274e-02 3.325859710447632267e+01 3.867200408504639642e-01 4.817560903081276047e-01 3.197853922401466065e+01
1.087719013676135216e+00 0.000000000000000000e+00 3.323550599980858067e+01 3.391462327009553968e-01 4.205732373582357075e-01 2.914312258492576291e+01
1.135140346018066904e+00 0.000000000000000000e+00 2.832196326961508959e+01 3.598723764822064353e-01 3.877309059448411088e-01 2.641680427141774246e+01
1.135140346018066904e+00 0.000000000000000000e+00 2.832196326961508959e+01 3.598723764822064353e-01 3.877309059448411088e-01 2.641680427141774246e+01
1.061215896207515996e+00 2.710370765397164886e-02 2.703739951184869028e+01 3.594217335618658526e-01 3.993004929155602456e-01 2.854202381597380977e+01
1.123264038638363660e+00 5.091091065668267024e-02 3.319065379430474394e+01 3.187465248751258917e-01 3.526839151816257290e-01 2.873034754802569068e+01
1.073383387481156692e+00 2.461130519759951313e-02 2.699195081812948160e+01 3.049956867047120546e-01 3.575181698547429399e-01 3.020842042847658604e+01
1.084057536138288480e+00 3.315811976447676640e-02 3.282935932282199332e+01 2.797060739996384271e-01 3.574585278149756129e-01 2.762791168231041894e+01
1.096307575230200504e+00 8.484730073237706227e-02 3.657490592301431320e+01 2.349966057537342112e-01 3.284054725343046877e-01 2.595894519673367640e+01
1.053127948810922643e+00 7.670389564022248030e-02 4.217628368273356188e+01 2.975086100216554619e-01 2.801223639166505741e-01 2.818003795123039268e+01
1.112862382866334210e+00 2.984824761384122574e-02 4.257225920849235479e+01 1.582708528186546060e-01 3.492833730164983663e-01 3.226561912375237284e+01
9.446832345941960085e-01 5.609606089518985594e-02 4.608726586585521545e+01 4.247165509339324574e-01 4.694913265654543366e-01 3.380388925405473088e+01
1.024519863970345002e+00 6.017673170368931235e-02 4.311780339841955367e+01 4.140869303053255068e-01 4.135189004390879552e-01 3.482686251296216540e+01
1.024519863970345002e+00 6.017673170368931235e-02 4.311780339841955367e+01 4.140869303053255068e-01 4.135189004390879552e-01 3.482686251296216540e+01
1.028052080278548441e+00 8.212695065903194425e-02 4.616658154218124821e+01 4.294051912020190875e-01 4.543307527558320125e-01 3.573852865335158668e+01
9.617973217682581621e-01 7.965276366644960526e-02 4.478513314745659102e+01 4.766830373657492959e-01 4.558021174262579245e-01 3.595351669320584875e+01
9.757678071496882488e-01 4.693763069355533224e-02 4.042222635510255913e+01 4.240375318960559192e-01 4.598103102208168091e-01 3.404649944381656468e+01
9.757678071496882488e-01 4.693763069355533224e-02 4.042222635510255913e+01 4.240375318960559192e-01 4.598103102208168091e-01 3.404649944381656468e+01
1.004737570895820831e+00 6.989418668753456798e-02 4.272570151789931714e+01 4.164863029838268838e-01 4.406342199883672706e-01 3.462633013537649873e+01
1.053274420751173723e+00 4.626806779997520713e-02 3.814344602557164876e+01 4.511020269869007726e-01 4.735648765342818090e-01 3.293613981343384722e+01
1.053274420751173723e+00 4.626806779997520713e-02 3.814344602557164876e+01 4.511020269869007726e-01 4.735648765342818090e-01 3.293613981343384722e+01
1.033735622250173680e+00 4.373244634621201860e-02 3.640904024133492811e+01 4.045594410521003992e-01 4.809917013407401520e-01 3.292737070879004335e+01
1.033735622250173680e+00 4.373244634621201860e-02 3.640904024133492811e+01 4.045594410521003992e-01 4.809917013407401520e-01 3.292737070879004335e+01
1.086634012104450209e+00 1.021342068728480212e-01 4.687624054617113245e+01 4.846206359621229587e-01 4.367210178521050978e-01 3.041360318312406719e+01
1.133347215823348186e+00 7.471632878585565685e-02 4.417751631329866768e+01 6.153072708815039427e-01 4.382995142152789070e-01 2.799956298851892811e+01
1.149415472042658148e+00 6.434617039691352403e-02 4.453486640381488115e+01 5.619826647614254433e-01 4.459668815003718367e-01 3.230916000356482698e+01
1.130333570631909534e+00 9.116115314246379941e-02 5.062242912620549617e+01 5.442036170609885204e-01 5.109344790763633570e-01 2.987591127247303646e+01
9.953967787322155480e-01 1.482769050539249900e-01 4.512756864652904198e+01 4.888275302592072213e-01 4.083939026213087575e-01 3.489690551327549883e+01
1.099723536694399373e+00 1.150661822384724947e-01 4.247845908030669904e+01 4.119027757884441976e-01 4.473893726774262891e-01 3.363265036992853396e+01
1.080151370297512514e+00 9.918384620304421251e-02 4.476225976826754760e+01 3.585268847006040094e-01 4.002616202915574295e-01 3.245515382753723088e+01
1.120749857006424266e+00 1.013603633429416007e-01 4.983221722206027948e+01 3.916927565558082081e-01 4.582196544589023368e-01 3.642988687887399379e+01
1.041280996905519673e+00 1.021091834942599863e-01 4.013804318331378340e+01 4.091963197402644914e-01 4.572200751166113353e-01 3.425271291605073998e+01
1.082722102923624030e+00 1.014129443825160792e-01 4.824525655379664357e+01 4.127282025628468132e-01 4.163529957229010203e-01 3.614358493224811042e+01
1.082722102923624030e+00 1.014129443825160792e-01 4.824525655379664357e+01 4.127282025628468132e-01 4.163529957229010203e-01 3.614358493224811042e+01
1.037060531040750799e+00 7.808891448557364612e-02 4.358650403267745332e+01 3.998631342599185956e-01 4.186978774728284947e-01 3.514443825788023901e+01
1.087027570849572466e+00 9.482542695090724616e-02 4.688483865305178711e+01 4.246719736142623991e-01 4.113043177725388966e-01 3.347838882411650729e+01
1.087027570849572466e+00 9.482542695090724616e-02 4.688483865305178711e+01 4.246719736142623991e-01 4.113043177725388966e-01 3.347838882411650729e+01
1.095447736936125960e+00 1.715374492630120096e-02 4.758187358818994284e+01 3.604623351916029228e-01 4.525503176704696040e-01 3.852220213005122673e+01
1.095447736936125960e+00 1.715374492630120096e-02 4.758187358818994284e+01 3.604623351916029228e-01 4.525503176704696040e-01 3.852220213005122673e+01
1.118244978573975423e+00 0.000000000000000000e+00 4.837747407522764576e+01 3.047501178501548225e-01 4.455344596471746965e-01 3.774962188482011527e+01
1.073654290634550534e+00 7.336414326357571479e-03 4.828912073188399745e+01 3.103373730676541875e-01 4.290522215841343634e-01 3.981077777786140359e+01
1.073654290634550534e+00 7.336414326357571479e-03 4.828912073188399745e+01 3.103373730676541875e-01 4.290522215841343634e-01 3.981077777786140359e+01
1.082624240521671721e+00 2.113422638942924481e-02 3.664199167996169137e+01 1.446063717231638734e-01 3.933206602071568914e-01 3.593350798013734959e+01
1.082624240521671721e+00 2.113422638942924481e-02 3.664199167996169137e+01 1.446063717231638734e-01 3.933206602071568914e-01 3.593350798013734959e+01
1.100349118716996033e+00 6.038780820934879640e-02 3.518548553608008689e+01 1.857303696125094661e-01 4.121767765669774319e-01 3.678435259192993811e+01
1.100349118716996033e+00 6.038780820934879640e-02 3.518548553608008689e+01 1.857303696125094661e-01 4.121767765669774319e-01 3.678435259192993811e+01
1.087635315459538621e+00 9.134140406404996082e-02 3.505275856712854221e+01 2.980065623861132273e-01 4.259450002751506981e-01 3.475407746673742793e+01
1.023022034082977649e+00 4.015194173725486482e-02 4.570832880584908509e+01 1.396309408006349562e-01 4.554746222307221593e-01 2.948706599829713326e+01
1.023022034082977649e+00 4.015194173725486482e-02 4.570832880584908509e+01 1.396309408006349562e-01 4.554746222307221593e-01 2.948706599829713326e+01
1.099099957456812326e+00 7.318727331985069862e-02 5.200000000000000000e+01 1.119801150329265138e-01 4.414215851776190913e-01 2.897773825314208906e+01
1.074373019756776015e+00 6.176990914401624122e-02 4.625406302390807411e+01 2.308324877484836390e-01 3.834428298692284520e-01 2.837563011364440868e+01
1.071450840841905006e+00 2.981566299812728540e-02 4.565605436372826631e+01 3.588928286237729193e-01 3.600767111096055961e-01 2.912088575355171827e+01
1.124561816342414700e+00 8.666165100624137474e-02 4.784248495320159122e+01 2.914509149496251061e-01 3.402632161600699368e-01 2.782303898580537904e+01
1.045278040961030719e+00 4.632496432126600311e-02 4.969507887562018311e+01 3.265404058963242151e-01 3.545501545510749697e-01 2.979371124669995652e+01
1.063026849430052989e+00 3.696004593378857811e-02 4.108331336739203721e+01 4.656094616556001320e-01 3.993263496985274830e-01 2.816665951295207648e+01
1.032145711413213984e+00 1.203384756888457863e-01 3.967613650171568906e+01 5.083382790549909602e-01 2.294055875082256779e-01 2.964858273111478582e+01
9.763967601375632688e-01 1.582813301677318818e-01 3.373620792055067596e+01 4.576372694802230967e-01 2.627352000458483827e-01 2.883048617673312464e+01
1.073348828163973367e+00 9.366200525409565381e-02 3.579053382235065328e+01 4.664331114310665272e-01 2.961347511960215617e-01 3.420756364502934588e+01
1.073348828163973367e+00 9.366200525409565381e-02 3.579053382235065328e+01 4.664331114310665272e-01 2.961347511960215617e-01 3.420756364502934588e+01
1.030894094466935584e+00 9.593595152245724955e-02 3.932981664461645721e+01 5.114354343254036150e-01 2.549348582509604055e-01 3.501270276815260729e+01
1.123155574522111122e+00 1.394118981414210756e-01 3.804610603355825305e+01 5.280135214409307221e-01 2.490643153318450320e-01 2.275991940655260137e+01
1.124811571863936432e+00 1.108637982164635688e-01 3.362649506878635464e+01 4.674932033575995294e-01 1.990752949518590220e-01 2.619735182269285545e+01
1.124811571863936432e+00 1.108637982164635688e-01 3.362649506878635464e+01 4.674932033575995294e-01 1.990752949518590220e-01 2.619735182269285545e+01
1.037508052027140693e+00 3.257484957766061673e-02 4.064744332255055781e+01 3.642364227282220424e-01 2.900616705765726167e-01 2.658994189233383310e+01
1.052831474882784724e+00 3.552407298755562437e-02 4.711945088653469327e+01 5.051691811443536073e-01 2.655995008447515349e-01 2.670649436217307482e+01
1.047797628094399025e+00 4.768712818457720298e-02 4.062594214937066539e+01 4.146399085786863781e-01 3.194181005703530807e-01 2.702885659746688773e+01
1.036031149860718870e+00 4.848438860912372000e-02 4.268495539308963771e+01 4.746914643789862942e-01 3.170130534622385143e-01 2.726799208319182455e+01
1.010526562757235736e+00 1.904295438197984094e-02 4.448841914898070371e+01 4.184412825083284049e-01 3.007329133914234953e-01 2.956104887723057928e+01
9.996061298384980587e-01 3.331905753889294330e-02 3.945496860158352348e+01 4.227428565570683916e-01 3.148357327476409839e-01 2.881815190194936349e+01
1.059451181434968081e+00 3.197293903712528085e-02 4.685820111527247889e+01 4.502527798266014458e-01 2.959969900516327135e-01 2.607822835588461174e+01
1.020251043861628570e+00 2.200730408000350219e-02 3.889980574165058158e+01 4.627974767245369159e-01 3.463417900974316010e-01 2.867835651340019609e+01
1.055233703919721711e+00 2.481150367475612808e-02 4.698019446773302832e+01 4.317322718203736032e-01 4.023748215000305661e-01 2.931663799670693393e+01
1.143124629132736159e+00 8.019729905117685409e-02 3.144935763369088022e+01 2.990361372702126097e-01 2.814580371193581843e-01 2.951822215887669643e+01
1.143124629132736159e+00 8.019729905117685409e-02 3.144935763369088022e+01 2.990361372702126097e-01 2.814580371193581843e-01 2.951822215887669643e+01
1.118294480423176473e+00 5.335576660597590726e-02 3.465488536189659641e+01 3.416701970281174061e-01 2.964502485449891922e-01 2.881537214832129834e+01
1.118294480423176473e+00 5.335576660597590726e-02 3.465488536189659641e+01 3.416701970281174061e-01 2.964502485449891922e-01 2.881537214832129834e+01
1.117785109540905708e+00 7.632130965386416110e-02 3.622371848042834586e+01 3.459443931028581831e-01 2.602157677760679189e-01 2.746471512778578727e+01
1.024819837351852447e+00 1.473339440779613818e-01 4.377751507051028312e+01 4.796713774071192926e-01 2.377051472512765051e-01 3.498501375884447384e+01
9.860662604070878912e-01 1.594916591199862788e-01 4.646686470571558658e+01 4.532459801281701339e-01 2.680014959397334917e-01 3.650737410515941406e+01
9.860662604070878912e-01 1.594916591199862788e-01 4.646686470571558658e+01 4.532459801281701339e-01 2.680014959397334917e-01 3.650737410515941406e+01
9.609897369027309288e-01 1.301905411581105176e-01 3.533341077499673588e+01 4.543248334150179479e-01 2.691209393838541186e-01 3.730747545597047576e+01
9.963027969047361099e-01 1.773193670187905580e-01 4.479943188258219067e+01 4.247500410284111294e-01 2.713188641390665290e-01 3.822790156941581330e+01
9.963027969047361099e-01 1.773193670187905580e-01 4.479943188258219067e+01 4.247500410284111294e-01 2.713188641390665290e-01 3.822790156941581330e+01
9.989451236543508417e-01 1.612672995234534223e-01 4.761366433284515409e+01 4.899722139699465018e-01 2.704561375328238815e-01 3.699236773843529846e+01
9.989451236543508417e-01 1.612672995234534223e-01 4.761366433284515409e+01 4.899722139699465018e-01 2.704561375328238815e-01 3.699236773843529846e+01
1.025710529649205505e+00 1.502644748067446800e-01 4.185882230206380683e+01 4.778861752456159961e-01 2.823983217544889235e-01 3.566548765210979610e+01
9.879100852605623428e-01 1.747989778392948779e-01 4.029476485745977499e+01 5.138025669177508359e-01 2.840962472736681121e-01 3.550747495244447549e+01
9.879100852605623428e-01 1.747989778392948779e-01 4.029476485745977499e+01 5.138025669177508359e-01 2.840962472736681121e-01 3.550747495244447549e+01
1.010108663259095430e+00 1.556642615463809665e-01 3.406718410563260591e+01 4.155492715422536842e-01 2.594417590377572913e-01 3.265627158034697430e+01
1.011072728458407566e+00 1.492753891720672021e-01 3.231681643987615615e+01 4.299004237388499017e-01 2.559525184518264829e-01 3.108179113337559585e+01
1.091848737024926574e+00 9.527614230800794670e-02 3.270596821457178294e+01 3.678761184273630636e-01 3.589373196257079068e-01 2.981923282543085918e+01
1.134583748629857558e+00 6.294874228568878016e-02 3.218826034326904306e+01 3.097530591243228826e-01 3.482172558443279442e-01 3.038061002839435432e+01
1.134583748629857558e+00 6.294874228568878016e-02 3.218826034326904306e+01 3.097530591243228826e-01 3.482172558443279442e-01 3.038061002839435432e+01
1.177200282800258568e+00 7.711513696875703372e-02 3.157583811952470043e+01 3.078202552766656219e-01 3.728155599328967229e-01 2.666564233989289079e+01
1.131079661030581773e+00 0.000000000000000000e+00 3.203958505780145316e+01 3.212949108152070021e-01 3.936098052656630264e-01 2.896002447170506500e+01
1.131079661030581773e+00 0.000000000000000000e+00 3.203958505780145316e+01 3.212949108152070021e-01 3.936098052656630264e-01 2.896002447170506500e+01
1.077142182685909111e+00 1.328065077182839782e-02 3.582707903592309151e+01 2.474998916359246737e-01 4.068553223634621130e-01 2.891042151906905389e+01
1.131620493987570919e+00 0.000000000000000000e+00 3.442758927537572333e+01 3.320669204972862554e-01 3.997286634353418577e-01 3.008816976105174135e+01
1.131620493987570919e+00 0.000000000000000000e+00 3.442758927537572333e+01 3.320669204972862554e-01 3.997286634353418577e-01 3.008816976105174135e+01
1.051311289095880896e+00 4.460987935552575279e-02 2.630983163899773913e+01 2.942873823701849800e-01 3.635792888403987511e-01 4.000000000000000000e+01
1.051311289095880896e+00 4.460987935552575279e-02 2.630983163899773913e+01 2.942873823701849800e-01 3.635792888403987511e-01 4.000000000000000000e+01
1.115721086691503272e+00 2.836815675124141137e-02 2.553597752487821992e+01 3.146789453627856781e-01 3.031681586779210735e-01 3.777595356852641828e+01
1.115721086691503272e+00 2.836815675124141137e-02 2.553597752487821992e+01 3.146789453627856781e-01 3.031681586779210735e-01 3.777595356852641828e+01
1.075301411783117222e+00 0.000000000000000000e+00 3.256386942259972983e+01 2.890047823587381659e-01 3.224561030378599313e-01 3.783146178565586126e+01
1.126518103428806539e+00 1.247251113683883750e-02 3.366893552262529710e+01 3.535976526204953063e-01 3.476733501605338561e-01 3.869351312973122248e+01
1.126518103428806539e+00 1.247251113683883750e-02 3.366893552262529710e+01 3.535976526204953063e-01 3.476733501605338561e-01 3.869351312973122248e+01
1.066526988192649572e+00 4.319044202079572181e-02 3.475109249598865802e+01 2.394786986837927345e-01 3.121197637443484108e-01 4.000000000000000000e+01
1.066526988192649572e+00 4.319044202079572181e-02 3.475109249598865802e+01 2.394786986837927345e-01 3.121197637443484108e-01 4.000000000000000000e+01
1.109033425488525015e+00 3.338390134525053704e-02 3.821292871504073929e+01 3.304273944577686972e-01 3.354569085167671272e-01 3.701181651088911906e+01
1.319522418788827478e+00 1.947750957232385893e-01 1.028038535484887106e+01 1.560909195282295381e-01 4.240246649740816443e-01 2.577087215837611467e+01
1.319522418788827478e+00 1.947750957232385893e-01 1.028038535484887106e+01 1.560909195282295381e-01 4.240246649740816443e-01 2.577087215837611467e+01
1.302657111400986834e+00 1.784464598612043595e-01 1.890938195865603788e+01 1.968213902459281239e-01 4.691358209726871342e-01 2.494480182981078897e+01
1.247499850872509919e+00 1.302813436723194718e-01 1.069954748173732639e+01 2.489419574841313099e-01 3.982869728753978267e-01 2.852389556094343348e+01
1.247499850872509919e+00 1.302813436723194718e-01 1.069954748173732639e+01 2.489419574841313099e-01 3.982869728753978267e-01 2.852389556094343348e+01
1.272547416173396728e+00 1.641747499870046811e-01 9.316134620282852552e+00 1.734585438142312308e-01 4.234322474964169469e-01 2.685786418958137389e+01
1.258428387200920762e+00 1.525774403979275051e-01 1.386184415212071741e+01 1.990552391599839099e-01 3.465254723749878751e-01 3.019377018945185398e+01
1.261902378548925840e+00 1.544142759878379678e-01 1.108373184708256254e+01 2.580411987688452369e-01 3.087053008800025866e-01 3.173379517297289709e+01
1.390056618029392066e+00 1.918469232356881382e-01 2.289871555211452403e+01 1.413801312837941193e-01 3.114643378908817373e-01 2.868267698602170768e+01
1.165466354574699492e+00 1.452123994185543499e-01 2.109347415114022084e+01 1.856358925434819507e-01 4.015793074271792329e-01 3.035757100067067427e+01
1.117250727140404187e+00 2.301830125855037767e-01 2.823028368654815168e+01 4.216332566386555847e-01 5.150881008533217953e-01 2.994120206471632883e+01
1.010986055043679110e+00 2.680352502102003043e-01 3.391982934271016603e+01 4.053117330990370637e-01 3.917596061014919639e-01 3.030971629531002520e+01
1.010986055043679110e+00 2.680352502102003043e-01 3.391982934271016603e+01 4.053117330990370637e-01 3.917596061014919639e-01 3.030971629531002520e+01
9.988110199990017923e-01 2.420859487162373702e-01 3.312533002979575514e+01 2.774702788549331389e-01 3.709572668439705678e-01 2.820790587504184899e+01
9.988110199990017923e-01 2.420859487162373702e-01 3.312533002979575514e+01 2.774702788549331389e-01 3.709572668439705678e-01 2.820790587504184899e+01
1.033429687684081388e+00 2.225892386789162791e-01 3.017668697664068489e+01 3.901048468557435367e-01 3.728383105924152896e-01 2.934553366111426342e+01
1.033429687684081388e+00 2.225892386789162791e-01 3.017668697664068489e+01 3.901048468557435367e-01 3.728383105924152896e-01 2.934553366111426342e+01
1.020904690271911219e+00 2.250665513052008959e-01 3.250312410679852348e+01 2.923569605447304820e-01 3.818464389384656488e-01 2.943656202585418669e+01
9.720052976063368044e-01 9.702401754038958437e-02 2.657453594024577370e+01 2.037432085423081796e-01 2.155889521438077439e-01 2.238279644940612201e+01
1.071871749697718590e+00 1.202932400010366665e-01 3.251469019411455008e+01 5.323287957416008576e-01 3.601009106498710421e-01 2.792492691910400993e+01
9.579443292802684029e-01 2.090476899307602277e-01 3.730444869862306234e+01 5.028043497802995310e-01 3.080627575315613154e-01 2.957757784088068576e+01
8.866868035019124239e-01 2.166081955602655318e-01 3.915822047250628657e+01 4.244750025173006369e-01 2.559726582064462685e-01 2.689498679908279399e+01
9.961073187963563891e-01 6.289614028579254557e-02 3.987459905620471545e+01 6.037575263486228971e-01 3.637572546619831093e-01 3.634965163292616097e+01
9.961073187963563891e-01 6.289614028579254557e-02 3.987459905620471545e+01 6.037575263486228971e-01 3.637572546619831093e-01 3.634965163292616097e+01
1.052523554053354848e+00 1.181608547902242290e-02 3.973499609340495198e+01 5.971736965975047440e-01 3.768714093230763895e-01 3.812279039410210402e+01
1.052523554053354848e+00 1.181608547902242290e-02 3.973499609340495198e+01 5.971736965975047440e-01 3.768714093230763895e-01 3.812279039410210402e+01
9.532686796387104256e-01 1.043816207282929065e-01 3.865852544853537154e+01 1.800271865075827593e-01 4.062271307615458182e-01 3.127602557632865654e+01
9.532686796387104256e-01 1.043816207282929065e-01 3.865852544853537154e+01 1.800271865075827593e-01 4.062271307615458182e-01 3.127602557632865654e+01
9.818507475007873797e-01 7.582139917395011586e-02 3.755856616287411498e+01 2.444715175006075547e-01 3.764197532899175025e-01 3.140609274815369290e+01
9.862595947980450362e-01 6.536728797871736718e-02 3.908925540173011370e+01 1.771116463638919003e-01 3.512773224430901786e-01 3.474810889566430205e+01
1.021886133651503936e+00 5.599930745970094909e-02 3.597985372943650617e+01 1.619582252615375806e-01 3.154182282777689972e-01 3.217624692422499066e+01
1.021886133651503936e+00 5.599930745970094909e-02 3.597985372943650617e+01 1.619582252615375806e-01 3.154182282777689972e-01 3.217624692422499066e+01
8.797762581689763106e-01 6.789296519283150033e-02 4.120087149741026877e+01 5.057480205193749523e-01 3.574609327417144766e-01 3.708425962302888479e+01
1.035700937646938602e+00 9.699678149903891156e-02 3.784362269680790547e+01 3.956063144175757107e-01 2.104591464608248919e-01 3.395522930895082681e+01
9.663655922709758483e-01 8.589859427963754401e-02 5.076181111614423003e+01 5.544741299559076131e-01 3.280666219452363919e-01 3.129845959760510254e+01
9.961878461655971906e-01 5.941025926632233917e-02 3.002237697519450066e+01 3.071427553765453400e-01 3.675644321601413966e-01 2.547487249744263593e+01
9.961878461655971906e-01 5.941025926632233917e-02 3.002237697519450066e+01 3.071427553765453400e-01 3.675644321601413966e-01 2.547487249744263593e+01
9.777918228587086924e-01 8.186923554511323087e-02 3.080510313549531176e+01 3.442754329206253461e-01 2.817518863399914864e-01 2.653438920434039261e+01
1.044837142011805442e+00 1.141320664463247314e-01 2.314039064193185524e+01 2.679121521458184829e-01 2.464291823968040585e-01 2.341543587748200395e+01
1.126919418415915475e+00 2.293410410364600527e-01 2.417258038521268304e+01 3.258192142726448193e-01 4.345020841808103773e-01 3.721972892230591157e+01
1.126919418415915475e+00 2.293410410364600527e-01 2.417258038521268304e+01 3.258192142726448193e-01 4.345020841808103773e-01 3.721972892230591157e+01
1.167707047521040931e+00 1.121969822638246572e-01 7.776477533318089996e+00 4.156780766586953280e-01 3.247120445859376647e-01 2.991221252785412688e+01
1.148934316108504605e+00 9.074047465987160332e-02 1.496554959480262426e+01 4.194499112590672762e-01 2.943826087786035051e-01 3.030662469962691219e+01
1.214540856154938009e+00 8.646109708797151960e-02 7.159541928094451890e+00 3.755118061597985668e-01 3.016377551453049977e-01 3.077312004722974237e+01
1.214540856154938009e+00 8.646109708797151960e-02 7.159541928094451890e+00 3.755118061597985668e-01 3.016377551453049977e-01 3.077312004722974237e+01
1.175245259675985698e+00 6.642843928454947311e-02 1.187646851973451767e+01 3.606944433241920378e-01 2.670107491427908264e-01 3.005388061621179929e+01
1.133278021075178055e+00 1.796876312573172374e-01 2.815976843251267425e+01 4.062615566226345232e-01 4.474677372659042196e-01 3.062328679372300044e+01
1.141193834123963358e+00 1.567655347428763557e-01 3.021782525166319644e+01 2.840821644891359798e-01 4.270059213884117577e-01 3.155368098126419696e+01
1.102288472432736421e+00 1.279718469901615918e-01 3.194480512673617412e+01 3.385883821827571638e-01 4.123840544426352617e-01 3.178988537103739986e+01
1.096233307957170888e+00 4.777743389833580961e-02 2.611961872257772299e+01 3.099094832086295992e-01 4.137992322025586533e-01 3.036751040471355267e+01
1.130692331435981357e+00 6.201084274231201399e-02 2.233498454016789125e+01 2.942821560285013849e-01 4.049292150214832131e-01 3.076509480746506853e+01
1.084241497229424978e+00 6.128307218033027248e-02 2.702638100736989202e+01 3.654989772773666878e-01 4.919249848838423422e-01 2.998637756887107741e+01
1.084241497229424978e+00 6.128307218033027248e-02 2.702638100736989202e+01 3.654989772773666878e-01 4.919249848838423422e-01 2.998637756887107741e+01
1.117254875742679898e+00 5.757596899541551905e-02 1.951492585774720823e+01 1.523393620243646551e-01 3.498117429415708579e-01 3.237502574014609991e+01
1.109340864183270048e+00 7.401634881038809954e-02 1.976502785511083005e+01 2.035466518671329439e-01 3.347476112007196081e-01 3.363643065197138071e+01
1.109340864183270048e+00 7.401634881038809954e-02 1.976502785511083005e+01 2.035466518671329439e-01 3.347476112007196081e-01 3.363643065197138071e+01
1.080898127555393717e+00 9.052592994856395459e-02 2.102562603201142011e+01 2.206300532909334644e-01 3.326781138157599016e-01 3.433671301084710592e+01
1.080898127555393717e+00 9.052592994856395459e-02 2.102562603201142011e+01 2.206300532909334644e-01 3.326781138157599016e-01 3.433671301084710592e+01
1.072298754456016523e+00 3.048181039764287850e-02 2.347509240147296339e+01 1.905528918008845551e-01 3.309028168128408942e-01 3.169274746870181048e+01
1.082829884161800704e+00 8.203544058969754194e-02 2.036262886492864155e+01 1.556407586627075457e-01 3.372164710907232799e-01 3.461213294738342938e+01
1.082829884161800704e+00 8.203544058969754194e-02 2.036262886492864155e+01 1.556407586627075457e-01 3.372164710907232799e-01 3.461213294738342938e+01
1.134405088765324532e+00 5.535430293966656784e-02 2.153403604597966492e+01 2.137005649962956666e-01 3.601528098001685607e-01 3.303377055176687094e+01
1.145318918599392388e+00 4.407340394758878233e-02 2.297241650108212596e+01 1.883390028236859581e-01 3.403646484698950037e-01 3.255634596961492377e+01
1.145318918599392388e+00 4.407340394758878233e-02 2.297241650108212596e+01 1.883390028236859581e-01 3.403646484698950037e-01 3.255634596961492377e+01
1.080803642155843791e+00 4.799327335911753034e-02 2.050224658135388367e+01 1.196660667091203611e-01 3.579261445664492780e-01 3.294154074763532947e+01
1.153227225762668562e+00 5.906328780411557178e-02 2.536870417970432001e+01 3.083096907074356907e-01 4.004418123709798660e-01 3.164767194492849711e+01
1.153227225762668562e+00 5.906328780411557178e-02 2.536870417970432001e+01 3.083096907074356907e-01 4.004418123709798660e-01 3.164767194492849711e+01
1.118155074593035092e+00 6.051412164400450655e-02 3.312798158149596617e+01 3.161304567388287801e-01 3.903502290694244592e-01 3.091874786951010279e+01
1.162385729099077336e+00 7.924017567293493991e-02 3.348737974716006960e+01 2.763103730267847946e-01 4.504475244318466021e-01 3.136295210732821914e+01
1.191928564057963991e+00 8.745228926928727553e-02 2.993272688832921702e+01 3.013392226803964236e-01 4.018715596800169765e-01 3.238178284997243139e+01
1.170902680059079382e+00 9.223290545249132610e-02 2.661917929447077569e+01 2.663854392897778145e-01 3.632065004829719834e-01 3.023200728277467775e+01
1.110326674165648786e+00 9.496831046807255317e-02 2.821591048992049622e+01 3.306827444431530427e-01 4.176849522858958053e-01 3.112965807851324840e+01
1.110326674165648786e+00 9.496831046807255317e-02 2.821591048992049622e+01 3.306827444431530427e-01 4.176849522858958053e-01 3.112965807851324840e+01
1.034708883670205637e+00 1.681447440109947941e-02 2.576828963152670582e+01 3.885012034306653539e-01 2.926112578776058903e-01 3.521024468347997782e+01
1.082902948982222835e+00 9.902476931288349549e-02 3.051293665610619499e+01 1.888649958487780001e-01 3.639277789543315378e-01 3.875230253044274775e+01
1.057220247096411825e+00 6.722170527098601800e-02 3.023874321594714942e+01 2.088015017919497562e-01 4.124137258459847355e-01 3.766952499742477301e+01
1.012412365140631154e+00 3.324985257183551979e-02 3.424053931944661855e+01 2.192493295082755533e-01 3.143708445431383502e-01 3.750961060297520788e+01
1.023271570646949957e+00 8.610228989461438109e-02 2.992910750696093913e+01 3.765332422250341482e-01 3.775311132966723826e-01 3.763296962641621235e+01
9.379031273489093490e-01 6.495043452199250611e-02 3.000809639544455365e+01 3.156545441440698485e-01 3.374101041091839281e-01 3.061149150712098788e+01
9.685495381187130270e-01 4.972318259305447130e-02 3.237545140018696799e+01 3.778207673813910872e-01 3.356807707849921996e-01 3.300052664125400526e+01
9.996256458675445433e-01 6.893538709335492176e-02 3.660976168893095917e+01 3.630328880195246022e-01 3.494432556233860176e-01 3.014135244259077595e+01
9.996256458675445433e-01 6.893538709335492176e-02 3.660976168893095917e+01 3.630328880195246022e-01 3.494432556233860176e-01 3.014135244259077595e+01
1.007787014773246614e+00 9.471016993277339702e-02 3.779887825187893924e+01 2.971616070948456256e-01 2.951261238483574578e-01 3.226451033783519762e+01
1.007787014773246614e+00 9.471016993277339702e-02 3.779887825187893924e+01 2.971616070948456256e-01 2.951261238483574578e-01 3.226451033783519762e+01
9.954072802555505861e-01 8.527818283550868406e-02 3.474757001786814925e+01 3.761455345247051163e-01 3.317128719302468998e-01 3.065708728916167658e+01
1.013062400969700017e+00 4.125100492139393421e-02 3.771249245534661299e+01 2.903388658952316126e-01 2.965358648019216226e-01 3.463324673713550794e+01
9.749907901923517972e-01 6.264962558325362640e-02 3.450149557359380736e+01 3.625815228070023433e-01 3.128958775935979930e-01 3.032498310303247990e+01
9.749907901923517972e-01 6.264962558325362640e-02 3.450149557359380736e+01 3.625815228070023433e-01 3.128958775935979930e-01 3.032498310303247990e+01
9.582259364374807742e-01 7.222383277484013819e-02 3.802352671227571079e+01 3.186837811890927408e-01 3.222906248961217024e-01 3.085034418192825711e+01
1.022470583957582058e+00 6.344011944897372246e-02 3.222720794928354593e+01 3.235076521174374831e-01 3.309754226768873986e-01 3.107873543887641432e+01
1.022470583957582058e+00 6.344011944897372246e-02 3.222720794928354593e+01 3.235076521174374831e-01 3.309754226768873986e-01 3.107873543887641432e+01
9.268058948686425103e-01 6.378710684989613577e-02 3.031984711000286126e+01 2.971918470757137221e-01 3.045436182357905697e-01 3.028968719552643662e+01
1.047190899334544678e+00 6.993130356128595543e-03 2.580475766281332994e+01 2.820409228781392552e-01 2.927174835294811261e-01 3.445100652793952634e+01
1.038058699670023843e+00 2.593924868499014255e-02 2.692921747473288363e+01 2.671709768263126339e-01 3.037564547760950862e-01 3.428305294621004151e+01
1.011343925098891372e+00 1.685370109918704618e-02 3.228308082637759924e+01 2.527845197583179493e-01 3.295943779271779395e-01 3.485725198468418284e+01
1.058775700972983902e+00 2.356840024510118564e-02 2.904709340664745554e+01 2.419446350546896884e-01 2.952839055899209031e-01 3.450574242848409767e+01
1.090468953470052904e+00 3.041285313300514173e-02 2.019929916724504437e+01 3.349995201926359023e-01 3.163296209737451736e-01 3.387430896909309297e+01
1.090468953470052904e+00 3.041285313300514173e-02 2.019929916724504437e+01 3.349995201926359023e-01 3.163296209737451736e-01 3.387430896909309297e+01
1.041895959896195434e+00 1.014033673983806907e-02 1.916197526283269426e+01 3.135158434899168456e-01 3.362735877813303742e-01 3.841132467861167044e+01
1.041895959896195434e+00 1.014033673983806907e-02 1.916197526283269426e+01 3.135158434899168456e-01 3.362735877813303742e-01 3.841132467861167044e+01
1.133037500076789383e+00 3.908228519513353913e-03 1.845218112131248489e+01 3.101712533862654997e-01 3.313231898831162647e-01 3.512320414887764031e+01
1.065530770172624209e+00 0.000000000000000000e+00 1.839391119651333995e+01 3.148375507048035149e-01 3.535313326240947518e-01 3.704129581529942072e+01
1.059863628733332952e+00 4.017479146863929540e-02 2.451055996828579353e+01 2.371189129816755614e-01 3.447641306073150891e-01 3.592331935870920745e+01
1.124240930551298145e+00 0.000000000000000000e+00 2.659306582505969629e+01 2.634447976275589021e-01 3.595352909796055707e-01 3.483878397014377981e+01
1.124240930551298145e+00 0.000000000000000000e+00 2.659306582505969629e+01 2.634447976275589021e-01 3.595352909796055707e-01 3.483878397014377981e+01
1.089500288361682667e+00 4.430226898246177741e-03 1.872194739386201690e+01 2.495936509262460246e-01 3.661253860854929987e-01 3.428805010079098281e+01
1.089500288361682667e+00 4.430226898246177741e-03 1.872194739386201690e+01 2.495936509262460246e-01 3.661253860854929987e-01 3.428805010079098281e+01
1.072892400927322187e+00 5.371838070878463822e-02 2.190434666629757032e+01 4.076193684267708783e-01 3.757356960019236913e-01 3.465488320168943659e+01
1.127834633779449591e+00 2.211911973700808609e-02 2.769872418386501423e+01 4.761607194075545002e-01 4.084090378443001601e-01 3.778280124580042099e+01
1.127834633779449591e+00 2.211911973700808609e-02 2.769872418386501423e+01 4.761607194075545002e-01 4.084090378443001601e-01 3.778280124580042099e+01
1.094111049264039570e+00 5.788291321614603274e-02 2.080136064811014407e+01 4.756571385372970751e-01 4.100972900259179377e-01 3.414055646084254647e+01
1.094111049264039570e+00 5.788291321614603274e-02 2.080136064811014407e+01 4.756571385372970751e-01 4.100972900259179377e-01 3.414055646084254647e+01
9.651957459105264814e-01 1.472545462961097340e-01 4.760484885024717272e+01 4.637313242220068021e-01 3.851247575295675962e-01 3.286886508205485313e+01
1.014413897448077639e+00 1.049458221474479785e-01 4.983982541219560858e+01 5.001939294779381706e-01 3.593125935303772556e-01 3.247560401595288937e+01
1.014413897448077639e+00 1.049458221474479785e-01 4.983982541219560858e+01 5.001939294779381706e-01 3.593125935303772556e-01 3.247560401595288937e+01
9.975960068707353523e-01 1.226569799011180822e-01 5.101695292815669802e+01 5.128495699222140880e-01 3.526669210994051729e-01 3.382167424624095986e+01
9.975960068707353523e-01 1.226569799011180822e-01 5.101695292815669802e+01 5.128495699222140880e-01 3.526669210994051729e-01 3.382167424624095986e+01
9.944084641226478283e-01 1.247613085632743590e-01 4.702770058340664150e+01 5.018917569076313256e-01 3.510383767078492645e-01 3.372055178497645045e+01
9.944084641226478283e-01 1.247613085632743590e-01 4.702770058340664150e+01 5.018917569076313256e-01 3.510383767078492645e-01 3.372055178497645045e+01
9.703870735027911865e-01 1.271393368552206082e-01 3.624283981713988112e+01 4.615526678438743868e-01 3.642271059077240025e-01 3.391362581957169908e+01
9.334609653470665735e-01 1.337624463190199009e-01 4.513111239476115344e+01 3.975859094525522885e-01 3.031210789316560184e-01 3.024553031414045634e+01
9.384139785252605392e-01 1.688373143333544990e-01 4.729595675919328812e+01 4.036044901829942688e-01 3.265610287318029270e-01 3.134775940305293318e+01
9.605140415686753697e-01 1.464870694385533301e-01 4.398563698655102172e+01 3.970312993242205990e-01 3.223594282175045178e-01 3.331150066022343736e+01
9.035659027853127911e-01 1.454373047715302458e-01 4.192864914189836867e+01 4.246544958132002501e-01 3.623165026890998730e-01 3.204627908741773012e+01
9.035659027853127911e-01 1.454373047715302458e-01 4.192864914189836867e+01 4.246544958132002501e-01 3.623165026890998730e-01 3.204627908741773012e+01
9.529356125857756377e-01 4.751689011494610038e-02 3.361614294623103660e+01 2.556302299014355794e-01 3.177119190555082739e-01 3.867750188834352798e+01
9.689039112862871672e-01 5.769827550324551496e-02 3.151273478760600000e+01 3.153640486502324314e-01 3.349057432598581130e-01 4.000000000000000000e+01
9.689039112862871672e-01 5.769827550324551496e-02 3.151273478760600000e+01 3.153640486502324314e-01 3.349057432598581130e-01 4.000000000000000000e+01
9.635038485560883936e-01 7.645519037818361563e-02 3.635903454130399126e+01 5.348835285454961452e-01 4.128466933409329909e-01 3.476408570700485257e+01
1.037585392375672599e+00 9.929353005655294773e-02 3.943109630593161086e+01 5.204838012071577591e-01 3.845875518552716033e-01 3.180168446530098691e+01
1.014664612108409747e+00 9.651840828571832398e-02 3.994612616789147097e+01 5.362445273041791527e-01 4.153310134486412064e-01 3.286579325847318955e+01
1.014664612108409747e+00 9.651840828571832398e-02 3.994612616789147097e+01 5.362445273041791527e-01 4.153310134486412064e-01 3.286579325847318955e+01
1.126755577785750750e+00 2.028690776256664163e-02 2.349572496805716071e+01 3.695262913481822120e-01 2.501149784403594034e-01 2.976330398201693228e+01
1.088747093910880981e+00 4.809041213859815284e-02 2.436841753776031894e+01 4.221170732905543677e-01 2.201466515677051594e-01 3.069307938274563696e+01
1.126958927813974443e+00 1.288475159979990750e-02 2.790331240239133237e+01 4.017591214142740563e-01 2.739128981278477482e-01 2.843269830428864964e+01
1.040601544457041339e+00 1.847970604095683714e-02 3.162907584559491170e+01 4.188718090498664282e-01 2.232916299196646415e-01 2.929955179995344139e+01
1.040601544457041339e+00 1.847970604095683714e-02 3.162907584559491170e+01 4.188718090498664282e-01 2.232916299196646415e-01 2.929955179995344139e+01
1.069316249075200176e+00 2.090726935641041076e-02 3.381967739903888770e+01 2.920962957262928095e-01 3.190376512210467141e-01 3.235091079277871984e+01
1.069316249075200176e+00 2.090726935641041076e-02 3.381967739903888770e+01 2.920962957262928095e-01 3.190376512210467141e-01 3.235091079277871984e+01
1.082526237181508977e+00 1.862079189882461655e-02 3.085662912382611012e+01 2.450048447102894378e-01 3.114516599702867317e-01 3.171569130255815949e+01
1.072909277664414684e+00 3.179457513020916837e-02 3.136005370979178863e+01 3.425605793538447630e-01 3.078192009967743448e-01 2.898247885696098436e+01
1.072909277664414684e+00 3.179457513020916837e-02 3.136005370979178863e+01 3.425605793538447630e-01 3.078192009967743448e-01 2.898247885696098436e+01
1.052455783494171238e+00 5.267604625346013203e-02 3.093200919447779640e+01 2.374031909030539234e-01 3.211140500188629510e-01 2.912102839097214613e+01
1.052455783494171238e+00 5.267604625346013203e-02 3.093200919447779640e+01 2.374031909030539234e-01 3.211140500188629510e-01 2.912102839097214613e+01
1.050558484902712086e+00 5.128717112297216663e-02 3.357918416833646802e+01 2.904179875971478197e-01 2.673999626027913079e-01 3.253421537958389820e+01
1.131641210020822408e+00 3.871302981480839039e-02 3.515420414744816924e+01 2.488955452925729339e-01 3.049229081561726229e-01 3.139782813182361920e+01
1.016600150483365272e+00 1.159905184423987851e-01 3.514434332351053314e+01 4.564310341584930653e-01 4.005339805060598724e-01 3.807398731858629759e+01
1.070106981131300206e+00 9.274481024622355241e-02 4.666968774327860814e+01 6.242117969245214448e-01 3.401150180311908189e-01 3.760991498572639813e+01
1.021209146464543638e+00 1.498970687658196521e-01 4.633404913861568986e+01 5.626052759807118608e-01 3.631110129579419032e-01 4.000000000000000000e+01
9.684257269714111604e-01 1.290458850053755047e-01 3.963018208004735499e+01 3.318534792155087287e-01 4.215512309852417761e-01 3.004506079206304392e+01
9.698647151661168309e-01 1.211178547957815488e-01 3.694848250002264933e+01 2.784663213241250768e-01 4.077538845330010431e-01 2.690224369615776467e+01
9.913224419060062687e-01 9.956854129710526746e-02 4.644507914970220952e+01 3.347582636567048020e-01 3.867244303868483390e-01 3.210508417054143848e+01
9.453503487313739129e-01 1.334984193944697695e-01 4.716438566379898845e+01 2.544741488569565169e-01 4.280681491020154050e-01 3.359498656546737294e+01
9.453503487313739129e-01 1.334984193944697695e-01 4.716438566379898845e+01 2.544741488569565169e-01 4.280681491020154050e-01 3.359498656546737294e+01
9.617465128044834222e-01 1.476796759565733586e-01 4.814702029785267712e+01 2.495378828982311448e-01 3.789632493549303649e-01 3.166833853280157385e+01
9.617465128044834222e-01 1.476796759565733586e-01 4.814702029785267712e+01 2.495378828982311448e-01 3.789632493549303649e-01 3.166833853280157385e+01
9.201112373595126126e-01 1.180007430606005436e-01 4.338799662327252804e+01 3.030709043708956774e-01 4.152517895280941618e-01 3.471581395627107725e+01
1.025024752668329819e+00 1.493776204545367581e-01 3.233536542514562484e+01 3.704439553935358065e-01 2.358164161233437528e-01 3.650188366342452184e+01
1.025024752668329819e+00 1.493776204545367581e-01 3.233536542514562484e+01 3.704439553935358065e-01 2.358164161233437528e-01 3.650188366342452184e+01
1.063782637510778395e+00 1.870761931787656707e-01 3.327188403691069851e+01 3.153910033726063933e-01 2.662002487282997820e-01 3.546553981853497817e+01
9.835660419967962032e-01 1.108339616452863052e-01 3.055064551230876546e+01 3.175623062373235661e-01 2.187460947643265763e-01 3.813462730162800085e+01
1.072275845322735455e+00 1.501767712172128455e-01 2.760772767650466619e+01 3.616967436670432967e-01 2.504256524236768144e-01 3.741710392526579199e+01
1.072275845322735455e+00 1.501767712172128455e-01 2.760772767650466619e+01 3.616967436670432967e-01 2.504256524236768144e-01 3.741710392526579199e+01
1.046194627662487830e+00 1.570909830241863994e-02 3.221980273668875583e+01 3.119647774320937206e-01 3.080922220705126224e-01 3.707873565866532317e+01
1.047911366097702635e+00 5.404839108915310275e-02 3.754481095611792796e+01 2.302932618147783828e-01 3.030035800717200689e-01 3.826887740665277704e+01
1.047911366097702635e+00 5.404839108915310275e-02 3.754481095611792796e+01 2.302932618147783828e-01 3.030035800717200689e-01 3.826887740665277704e+01
1.076807007248199666e+00 3.764357990994434550e-02 3.003957262294567343e+01 2.502849238085108619e-01 3.183060544630699207e-01 3.827986735613202995e+01
9.831547965376276066e-01 4.000907654548603587e-02 3.390757419441288789e+01 3.718852655383456662e-01 2.949912325935117319e-01 3.629204967629434719e+01
1.084691884120809746e+00 9.248830164827845368e-02 3.477406594216817837e+01 2.966432353115334708e-01 3.040858060998588575e-01 3.416780676358198576e+01
1.084691884120809746e+00 9.248830164827845368e-02 3.477406594216817837e+01 2.966432353115334708e-01 3.040858060998588575e-01 3.416780676358198576e+01
1.086589253774317143e+00 3.264562937761578132e-02 3.512045142495009742e+01 3.762578238977009049e-01 2.421136202174040686e-01 3.108181905924372401e+01
1.065303736397619438e+00 2.909536096254706702e-02 3.326106553290443912e+01 3.252218380232073103e-01 2.347645961735294884e-01 3.148092961494959141e+01
1.050080744834007263e+00 4.261831534732615778e-02 2.759959134837581374e+01 3.225024700099680119e-01 2.597393736813745635e-01 3.225624975819182794e+01
1.023083053621697491e+00 2.700506232371978690e-02 3.284444634894136072e+01 2.886203118449337524e-01 2.299310187068372424e-01 3.170902536848324615e+01
1.082186988446618203e+00 6.151002713795563487e-03 3.504355006366711933e+01 3.282245689017087020e-01 2.813634259347363997e-01 3.274691432831490800e+01
1.082186988446618203e+00 6.151002713795563487e-03 3.504355006366711933e+01 3.282245689017087020e-01 2.813634259347363997e-01 3.274691432831490800e+01
1.074288464461173875e+00 0.000000000000000000e+00 3.077454478335971899e+01 4.651037220522812321e-01 3.187264349444935418e-01 3.225603176097462210e+01
1.073615718500392058e+00 0.000000000000000000e+00 3.186445051374003867e+01 4.556178864395215578e-01 3.600180509339431234e-01 3.014738392500735031e+01
1.073615718500392058e+00 0.000000000000000000e+00 3.186445051374003867e+01 4.556178864395215578e-01 3.600180509339431234e-01 3.014738392500735031e+01
1.086535615383734887e+00 1.140263937579282655e-02 3.062898633096269663e+01 4.393647509297600728e-01 3.281910901425784122e-01 3.371499197066813736e+01
1.086535615383734887e+00 1.140263937579282655e-02 3.062898633096269663e+01 4.393647509297600728e-01 3.281910901425784122e-01 3.371499197066813736e+01
1.111355971231418494e+00 9.548565267391633318e-03 3.686819107644332405e+01 3.508987413654318654e-01 3.073804049117238590e-01 3.223545820674726770e+01
1.009464600593604988e+00 8.450008956011439976e-02 3.718680433103155281e+01 3.401139489196204901e-01 3.452054128654899467e-01 3.841559013461276351e+01
1.064816615483161755e+00 6.311345017441133409e-02 3.120489150624498720e+01 5.575142492516119708e-01 3.515995974673649660e-01 2.830332628202527090e+01
1.039904017335587127e+00 3.961288429036296382e-02 3.608791046645923473e+01 6.189565969212003083e-01 3.659081971040019088e-01 2.825447100514718102e+01
1.039904017335587127e+00 3.961288429036296382e-02 3.608791046645923473e+01 6.189565969212003083e-01 3.659081971040019088e-01 2.825447100514718102e+01
1.062325693143337579e+00 9.569263569394524660e-02 3.916489350414441617e+01 4.645774427113821825e-01 3.204026805702622771e-01 3.062622643970360414e+01
1.060406916404287747e+00 4.179492808952857408e-02 3.002613298237915274e+01 5.180217761671105370e-01 3.050861039982677436e-01 3.126410276414943112e+01
1.058870295896729097e+00 1.197257589252961746e-01 3.062106325081973068e+01 4.547056729954447318e-01 3.316974882676103631e-01 2.986852843395151424e+01
1.012596980675470437e+00 5.392035789097374132e-02 2.528865106690938802e+01 3.810841762830142199e-01 3.993332507888173177e-01 2.950134167881128633e+01
1.034020498989550951e+00 5.774587908899063426e-02 3.978705894450703084e+01 3.456637076614842985e-01 3.096766481108400582e-01 2.985674773208630128e+01
1.034020498989550951e+00 5.774587908899063426e-02 3.978705894450703084e+01 3.456637076614842985e-01 3.096766481108400582e-01 2.985674773208630128e+01
1.004934836967424694e+00 5.248793179522324992e-02 4.080570283385836916e+01 3.434560073849274309e-01 2.981977389000861067e-01 3.175511377098706944e+01
1.004934836967424694e+00 5.248793179522324992e-02 4.080570283385836916e+01 3.434560073849274309e-01 2.981977389000861067e-01 3.175511377098706944e+01
9.849133253255927256e-01 3.660652986605675285e-02 3.698058825651198589e+01 3.889878205370728703e-01 3.053848371626763369e-01 3.232661632033494925e+01
1.046304203863366977e+00 7.002485307565503581e-02 3.368480633895399734e+01 3.817631735583750796e-01 2.753122723393237048e-01 3.246262628888272417e+01
1.021343128700471503e+00 1.122016734712881214e-01 4.507519608670261846e+01 2.832221899075531568e-01 4.744395047212207062e-01 2.977866940024832942e+01
1.058532143679528748e+00 9.810332101260993420e-02 4.027922718962207682e+01 2.654240056750727383e-01 4.115185400153469342e-01 3.393660649842986032e+01
1.058532143679528748e+00 9.810332101260993420e-02 4.027922718962207682e+01 2.654240056750727383e-01 4.115185400153469342e-01 3.393660649842986032e+01
1.005404890875981172e+00 9.256564810088939443e-02 4.284139627817710760e+01 2.814792436291531086e-01 4.558496114070803573e-01 3.348820076725329642e+01
1.053523659246111244e+00 9.194190047413537681e-02 4.746818485183140979e+01 2.814514317895072115e-01 4.626085304118812136e-01 3.093118316712516247e+01
1.036951442401255141e+00 9.931489106958867052e-02 4.396978533484011109e+01 3.072601775763623144e-01 4.744852233991277979e-01 3.134244662083061783e+01
1.036951442401255141e+00 9.931489106958867052e-02 4.396978533484011109e+01 3.072601775763623144e-01 4.744852233991277979e-01 3.134244662083061783e+01
1.005104209330164755e+00 1.109289948970909878e-01 3.772618613927026843e+01 2.819678069982233248e-01 4.670713010215524763e-01 3.259930088693830896e+01
9.710801944713536304e-01 1.159240065836845551e-01 3.984571435379501736e+01 3.149418029595034141e-01 4.192414968331416025e-01 3.187178752007649152e+01
9.710801944713536304e-01 1.159240065836845551e-01 3.984571435379501736e+01 3.149418029595034141e-01 4.192414968331416025e-01 3.187178752007649152e+01
1.077900714361599066e+00 9.584893932473895206e-02 3.775653367320033027e+01 3.728772005102182763e-01 3.360514520190762688e-01 2.665727166728128950e+01
1.077900714361599066e+00 9.584893932473895206e-02 3.775653367320033027e+01 3.728772005102182763e-01 3.360514520190762688e-01 2.665727166728128950e+01
1.053864729130481903e+00 1.123441542739671700e-01 3.051092661482562107e+01 4.025891520736185059e-01 3.962870945255825283e-01 2.930198422318259688e+01
9.884338004157967594e-01 1.570072944870902210e-01 3.318059767475858735e+01 3.647767349085295763e-01 3.643463768215952081e-01 2.720574725101522162e+01
9.884338004157967594e-01 1.570072944870902210e-01 3.318059767475858735e+01 3.647767349085295763e-01 3.643463768215952081e-01 2.720574725101522162e+01
9.856290327360966996e-01 1.418948862018812873e-01 3.528429338684966154e+01 4.391168635294240286e-01 3.733619176911981419e-01 2.578818890012273357e+01
1.011232068545012686e+00 1.233334889866222472e-01 3.110555198965684554e+01 4.509700202971287375e-01 3.937472083020959746e-01 2.807379589377013573e+01
1.011232068545012686e+00 1.233334889866222472e-01 3.110555198965684554e+01 4.509700202971287375e-01 3.937472083020959746e-01 2.807379589377013573e+01
1.027460048499474921e+00 1.236210868087510156e-01 3.079283444006984638e+01 3.947436161501643448e-01 3.614059458677952308e-01 2.805824427336188620e+01
1.027460048499474921e+00 1.236210868087510156e-01 3.079283444006984638e+01 3.947436161501643448e-01 3.614059458677952308e-01 2.805824427336188620e+01
9.661043931671139395e-01 1.597300489154702408e-01 3.548217476114884050e+01 4.091267864433500989e-01 4.330872399171774578e-01 3.011376457913563698e+01
9.598827959311189151e-01 6.573507767730644991e-02 3.383102123401042149e+01 3.486163454496384317e-01 3.668308890880755957e-01 3.226294781577908566e+01
9.871435170058332487e-01 5.990660679527965576e-02 3.137081047603317430e+01 3.485181162735808691e-01 3.932213673684704092e-01 3.268556620592143958e+01
1.007826221664031019e+00 6.122661144307741526e-02 3.189483479216589146e+01 3.457161862106318817e-01 3.530165557372733076e-01 3.349813868594398514e+01
1.109256584570094573e+00 9.953389514396031312e-02 4.287110831352656959e+01 2.962805910117987662e-01 2.623832991424531746e-01 2.800524834204187385e+01
1.112259467868821350e+00 7.712468415927839493e-02 3.471788121957108331e+01 2.784109683334513030e-01 2.869393956737476548e-01 2.852880047900251981e+01
1.067104577920257924e+00 3.524319612964636750e-02 3.796875980129746608e+01 3.440746599917687831e-01 4.202220200469039546e-01 3.213701799870518272e+01
1.067104577920257924e+00 3.524319612964636750e-02 3.796875980129746608e+01 3.440746599917687831e-01 4.202220200469039546e-01 3.213701799870518272e+01
1.050852477112524941e+00 6.359099832582429390e-02 3.094742141786666068e+01 3.459294768984691459e-01 4.341935179633965025e-01 3.282264092277348766e+01
1.034691577976232679e+00 2.395582979980578203e-02 3.115160133340664927e+01 3.579830306407162932e-01 4.266199361592054595e-01 3.352076766795326535e+01
1.093442826170585747e+00 3.955902643449703965e-02 3.014052696334790582e+01 3.933090819389832293e-01 3.437552829199738702e-01 3.541045222638223322e+01
1.091813304304050991e+00 1.925723442194187535e-02 2.867410055531668789e+01 3.682847737948669598e-01 3.120357704540967503e-01 3.762169292342841231e+01
1.073649989421897155e+00 5.869122808462295948e-02 2.460087326214295445e+01 3.598361707375873353e-01 3.625283267999462322e-01 3.907205167792295697e+01
1.060253188212158859e+00 7.204063032542974698e-02 3.880796382613996798e+01 6.337320558342931509e-01 2.117354750886520365e-01 2.833801279065457024e+01
1.060253188212158859e+00 7.204063032542974698e-02 3.880796382613996798e+01 6.337320558342931509e-01 2.117354750886520365e-01 2.833801279065457024e+01
1.058634645944045882e+00 1.114300768640608674e-01 4.074721846175261675e+01 5.583579014036301746e-01 1.782976185317579343e-01 3.140799625059464262e+01
1.183106003527062633e+00 8.531892476424293714e-02 2.412051424309682091e+01 5.244356551471586192e-01 2.480030338824494029e-01 3.503935874059611422e+01
1.200454548696662460e+00 9.436608545780827972e-02 2.507112469758522977e+01 5.325415887423456951e-01 2.316603351686701562e-01 3.562392534299121394e+01
1.181706067139967509e+00 8.358244231162109683e-02 1.953421160978123083e+01 5.749966821873406797e-01 2.859622684549310012e-01 3.643631471282641598e+01
1.222762615156166577e+00 7.866010767846214058e-02 2.512207650732487352e+01 4.796777665980659355e-01 2.880077308218354504e-01 3.491489628863509154e+01
1.222762615156166577e+00 7.866010767846214058e-02 2.512207650732487352e+01 4.796777665980659355e-01 2.880077308218354504e-01 3.491489628863509154e+01
1.053547748771318071e+00 0.000000000000000000e+00 3.656131872339143030e+01 2.317743095279731214e-01 3.228475893559447640e-01 3.422076158702147097e+01
1.053547748771318071e+00 0.000000000000000000e+00 3.656131872339143030e+01 2.317743095279731214e-01 3.228475893559447640e-01 3.422076158702147097e+01
9.658363208110134490e-01 9.182831620177840659e-02 3.983060687721368254e+01 3.167279347571655412e-01 3.311364429900590656e-01 3.711385638967976064e+01
9.644466293380242750e-01 8.800461678005340460e-02 3.652844265089657938e+01 3.138210635360847434e-01 3.542031106876526447e-01 4.000000000000000000e+01
9.546553379591822264e-01 1.422491539053426512e-01 3.701617010380038408e+01 3.149433902417280717e-01 3.135351406710241706e-01 4.000000000000000000e+01
9.877700524471240140e-01 1.228918056900711736e-01 3.388460650463838419e+01 3.076392376348451863e-01 3.553716282596832698e-01 4.000000000000000000e+01
9.877700524471240140e-01 1.228918056900711736e-01 3.388460650463838419e+01 3.076392376348451863e-01 3.553716282596832698e-01 4.000000000000000000e+01
9.602643470566154527e-01 1.144130669039394033e-01 3.574858732330183386e+01 2.622029950358182315e-01 3.589852925222676849e-01 3.940954888984818183e+01
9.885510057070691081e-01 7.394452531741614598e-02 3.243446009259979235e+01 3.064051485060711455e-01 3.839484228022672085e-01 3.835205074388097302e+01
9.885510057070691081e-01 7.394452531741614598e-02 3.243446009259979235e+01 3.064051485060711455e-01 3.839484228022672085e-01 3.835205074388097302e+01
1.058090271890213652e+00 9.309442891902580675e-02 4.016195357330170168e+01 1.669682005243105227e-01 4.843732240296252378e-01 2.379138066816000219e+01
1.101789864288463594e+00 1.088369851133614563e-01 3.487227862767359454e+01 1.356383499357577960e-01 4.452607087052837809e-01 2.355578984803937459e+01
1.108839875332394254e+00 6.093587955596723588e-02 2.996525512931988544e+01 2.456198938992734115e-01 4.677387033106616410e-01 2.360318922256340457e+01
1.025410206666383051e+00 3.841269629554203147e-02 2.453888699937344597e+01 4.903615882925410618e-01 3.715976399969684874e-01 2.517192692566815637e+01
1.025410206666383051e+00 3.841269629554203147e-02 2.453888699937344597e+01 4.903615882925410618e-01 3.715976399969684874e-01 2.517192692566815637e+01
1.056572743802962844e+00 0.000000000000000000e+00 2.207050778165919880e+01 5.237304290093176551e-01 3.623211026728287987e-01 2.756467811711038252e+01
9.021319405823121640e-01 2.177814376578231514e-01 3.439937061596400980e+01 2.861968319827232210e-01 3.445768185002675010e-01 3.079984404355145244e+01
9.376369186027176950e-01 2.326766971144531293e-01 2.945409146165104630e+01 1.895777265655476385e-01 3.915071279073004673e-01 2.756692963434952048e+01
9.736949164265822354e-01 1.857934071168289292e-01 3.505132392699488264e+01 2.722206767285341722e-01 3.458313248884798963e-01 2.965947371890369766e+01
9.770355694078992626e-01 2.481158629354586198e-01 2.979482327267126607e+01 2.512467905054123762e-01 4.206241331430064512e-01 2.746752101650312028e+01
1.012054413375320649e+00 7.422110434013222402e-02 2.872364518557122182e+01 4.033851959833834600e-01 2.918813616524275623e-01 2.924729912831046263e+01
1.029352325408849023e+00 1.081539941850096082e-01 3.367240526677061752e+01 4.245216343128601633e-01 3.099056597133956203e-01 2.957439316565335474e+01
1.072694138796405072e+00 1.457963495076735061e-01 3.461527428171328324e+01 2.639709546221095104e-01 2.144607518610787134e-01 2.065472521709669351e+01
1.129388022584896012e+00 4.821466541296447195e-02 1.666774489801443693e+01 3.847493908196502055e-01 3.201930841366902314e-01 2.693356310737714310e+01
1.129388022584896012e+00 4.821466541296447195e-02 1.666774489801443693e+01 3.847493908196502055e-01 3.201930841366902314e-01 2.693356310737714310e+01
1.104782759337276321e+00 7.906584734662386316e-02 1.937000593289175043e+01 3.973990190205760054e-01 2.871063818580709137e-01 2.934161125593689690e+01
1.160930358418571284e+00 5.867042016077193139e-02 2.304398414269801165e+01 4.435103318339577716e-01 3.196789140574812227e-01 2.901703484017001244e+01
1.116958356060703927e+00 6.471564040380753391e-02 1.608855571268444962e+01 4.832186204572542776e-01 3.029386333347227622e-01 2.798835882158126154e+01
1.123421982299497524e+00 3.695740814929975027e-02 2.130185953978336144e+01 4.329186814275076123e-01 3.316699784833874176e-01 2.974102852439303390e+01
1.123421982299497524e+00 3.695740814929975027e-02 2.130185953978336144e+01 4.329186814275076123e-01 3.316699784833874176e-01 2.974102852439303390e+01
1.121039010015301818e+00 2.947957463365354427e-02 2.337313614521623606e+01 5.405779159005773549e-01 3.685494609931418419e-01 2.865839713913512909e+01
1.072272519126429069e+00 9.858509336406048873e-02 3.527264805687984506e+01 3.907803918657747899e-01 3.598560963487087427e-01 3.317264165028542777e+01
1.072272519126429069e+00 9.858509336406048873e-02 3.527264805687984506e+01 3.907803918657747899e-01 3.598560963487087427e-01 3.317264165028542777e+01
1.048929102702271576e+00 9.666762054676911187e-02 3.640094199763972682e+01 4.174875125042051827e-01 3.844766401824513125e-01 3.460895680473378633e+01
1.048929102702271576e+00 9.666762054676911187e-02 3.640094199763972682e+01 4.174875125042051827e-01 3.844766401824513125e-01 3.460895680473378633e+01
1.091383336764367273e+00 5.149449967888605068e-02 2.964363079870497941e+01 3.967338894782385661e-01 3.588143113089439784e-01 3.151000968796377322e+01
1.040566131993838850e+00 9.686456301757045972e-02 4.509132635191800631e+01 3.414976026089720507e-01 3.145089249358951067e-01 2.500904727285973195e+01
1.030863664303031557e+00 5.313112968487134630e-02 4.479874750058421284e+01 3.156475502048207149e-01 2.970380394463127960e-01 2.560871058508220699e+01
1.037038933730574097e+00 1.624439218562244436e-01 3.832238249402499974e+01 1.955291510436880098e-01 2.669091946757531364e-01 2.932136347935375653e+01
1.069870307256561848e+00 1.267823188128397727e-01 3.749964530429728882e+01 2.246593489885404804e-01 2.921309936264905316e-01 2.929954121174109360e+01
1.048902005952298433e+00 1.081244069366135985e-01 2.961369452313890349e+01 2.089500319620840596e-01 2.666619681845294187e-01 3.161407590869977113e+01
9.895527364191984976e-01 1.344866154579657525e-01 4.090438812441535532e+01 2.562392917641578838e-01 3.581854789222435054e-01 2.890640939574299395e+01
9.834329565516417571e-01 1.005062407448734096e-01 4.397731638477939242e+01 2.864039753697117940e-01 3.165066843495680238e-01 2.950720538117638014e+01
9.834329565516417571e-01 1.005062407448734096e-01 4.397731638477939242e+01 2.864039753697117940e-01 3.165066843495680238e-01 2.950720538117638014e+01
9.622307299708565687e-01 1.127803286516233655e-01 4.561598509517673250e+01 2.054730996731589932e-01 2.901461745092516198e-01 2.724543064586615415e+01
9.966963972205906686e-01 1.003747616297026163e-01 4.266754166362673573e+01 2.694064389021649797e-01 3.499846377809718301e-01 2.471149009647690065e+01
9.966963972205906686e-01 1.003747616297026163e-01 4.266754166362673573e+01 2.694064389021649797e-01 3.499846377809718301e-01 2.471149009647690065e+01
9.625434706057960366e-01 1.368408871228198598e-01 3.795268851413442235e+01 3.221910748433206573e-01 3.450135097637979653e-01 2.722425423146730594e+01
9.987120957023141177e-01 9.187206528426682117e-02 2.754183173648175043e+01 2.361107491877813547e-01 3.611981749463046842e-01 2.992472083323047727e+01
1.031124894913705070e+00 2.608990249693488722e-02 3.328482516925222967e+01 2.786963331650020859e-01 3.558562838451930777e-01 2.925340607692949746e+01
1.031124894913705070e+00 2.608990249693488722e-02 3.328482516925222967e+01 2.786963331650020859e-01 3.558562838451930777e-01 2.925340607692949746e+01
1.021430210035249475e+00 3.279691459649861085e-02 4.003212796848535504e+01 2.813226092719658400e-01 2.797710154208070121e-01 2.994065510815478959e+01
1.003663987311865791e+00 6.458116681786236699e-03 4.105542406959311563e+01 2.298538671287206347e-01 3.096986622022953606e-01 3.243055165944144136e+01
9.846301412308817724e-01 0.000000000000000000e+00 3.776233943871513787e+01 2.790811833141620957e-01 3.456150933145810122e-01 3.182406912944864530e+01
9.846301412308817724e-01 0.000000000000000000e+00 3.776233943871513787e+01 2.790811833141620957e-01 3.456150933145810122e-01 3.182406912944864530e+01
1.168653625782717809e+00 7.310019562292890960e-02 3.112414058221913393e+01 2.107920735022968811e-02 3.318216404477914994e-01 2.892651318086294765e+01
1.113236892904449382e+00 8.535272754143208296e-02 2.787728318573635633e+01 1.833769881085905995e-01 3.079860028264546079e-01 2.473926510491840247e+01
1.123178880003899760e+00 1.012787588715313297e-01 1.596123962011217046e+01 1.310340439155690817e-01 3.289970014801393838e-01 2.582424544196953065e+01
1.181263841065429698e+00 8.422510904036965840e-02 1.594299144397778178e+01 6.087750198282635555e-02 3.618369421137780928e-01 2.681379505669765351e+01
1.092668990605884183e+00 8.038430503267070260e-02 3.411103263054465629e+01 3.589561326297149857e-01 2.721865054677986007e-01 3.387960455545086802e+01
1.142003197570606421e+00 7.216222806007405177e-02 3.229171527786775897e+01 4.473070641309231932e-01 2.752278791114882717e-01 3.314673984923156524e+01
1.147023003825643261e+00 9.519044461524815703e-02 2.886427375042447352e+01 4.282004734668268253e-01 2.972892685864834128e-01 3.155921031238332830e+01
1.097482045809493156e+00 4.577970032211368945e-02 2.804730358269444324e+01 3.897174661123047890e-01 2.415999281999127446e-01 3.487637884783435283e+01
1.097482045809493156e+00 4.577970032211368945e-02 2.804730358269444324e+01 3.897174661123047890e-01 2.415999281999127446e-01 3.487637884783435283e+01
1.050275450730093096e+00 5.139586628872054586e-02 4.166672851781806486e+01 2.769257310199634281e-01 2.774951725679197234e-01 3.215100313774031093e+01
1.050275450730093096e+00 5.139586628872054586e-02 4.166672851781806486e+01 2.769257310199634281e-01 2.774951725679197234e-01 3.215100313774031093e+01
1.000539525812282449e+00 2.833957667479279977e-02 3.810454163945709638e+01 3.322722466408364328e-01 2.671197535047544203e-01 3.268139508714057939e+01
1.048403253497806720e+00 3.374051047152687444e-02 2.731754596376475774e+01 3.432349610225476910e-01 2.597782431280658555e-01 3.338266387502010701e+01
1.024932241325639426e+00 4.132009278617210235e-02 3.189773405050146948e+01 3.345866386416977978e-01 2.848011571930214036e-01 3.174021925738231076e+01
1.024932241325639426e+00 4.132009278617210235e-02 3.189773405050146948e+01 3.345866386416977978e-01 2.848011571930214036e-01 3.174021925738231076e+01
1.065640237005851310e+00 3.319356875010300717e-02 3.651127079486609261e+01 3.259469270856266143e-01 2.424995822754547614e-01 3.235786789557628396e+01
1.187475565635720542e+00 2.427311859168283792e-02 2.361774727937337559e+01 2.608367864501664468e-01 2.659367820061838694e-01 3.811176884249272234e+01
1.102946709707846917e+00 1.915609635269606426e-02 2.136954677420599324e+01 2.205727246642729678e-01 2.498747118912031384e-01 3.618493521576314009e+01
1.162960126822250251e+00 2.482575133266642226e-02 2.234956177795583088e+01 2.220224467881012076e-01 2.310522507696528005e-01 3.692800971538792254e+01
1.162960126822250251e+00 2.482575133266642226e-02 2.234956177795583088e+01 2.220224467881012076e-01 2.310522507696528005e-01 3.692800971538792254e+01
1.145269033765146549e+00 2.347292401787589439e-02 1.973376347984059720e+01 2.711647658637356129e-01 2.690452642677010342e-01 3.687216114159235758e+01
1.224785510390117738e+00 4.194798300025407572e-02 1.990145631871264342e+01 2.695999702554384703e-01 2.195257825340641011e-01 3.672391124271642582e+01
1.224785510390117738e+00 4.194798300025407572e-02 1.990145631871264342e+01 2.695999702554384703e-01 2.195257825340641011e-01 3.672391124271642582e+01
1.178334337319717262e+00 5.559914100806723214e-02 2.081039480850397538e+01 2.441583788017653855e-01 2.302551127085058491e-01 3.618281456443616406e+01
1.065941259113647677e+00 3.503073432760590855e-02 6.466476938141194175e+00 1.967592451819992483e-01 4.375492028934210853e-01 3.396548582997163379e+01
1.088019406156081947e+00 6.144770977334994971e-03 1.054968069739723546e+01 2.004124685339445933e-01 4.689486990108825415e-01 3.631010623542811544e+01
1.088019406156081947e+00 6.144770977334994971e-03 1.054968069739723546e+01 2.004124685339445933e-01 4.689486990108825415e-01 3.631010623542811544e+01
1.118110240210842043e+00 2.971406448902241121e-02 1.204439073955335004e+01 2.104290991944088307e-01 4.323719361325756294e-01 3.717056036307010203e+01
1.097817447515873068e+00 3.286048003175402049e-02 8.834062621599620968e+00 2.542153113372026541e-01 4.139305398545943260e-01 3.604315248866249988e+01
1.076335717374973910e+00 1.313638426756826884e-02 1.923754823524576452e+01 2.271413917068012545e-01 3.016911836579189710e-01 3.678475397948923842e+01
1.038586161284686504e+00 6.429516793106332395e-02 3.719444383359989104e+01 4.352074581643989859e-01 4.105560969306022434e-01 3.197826255847741450e+01
1.038586161284686504e+00 6.429516793106332395e-02 3.719444383359989104e+01 4.352074581643989859e-01 4.105560969306022434e-01 3.197826255847741450e+01
1.024456597660601487e+00 9.680696590597305529e-02 3.991691914139246222e+01 4.037837151323770968e-01 4.016573802110914304e-01 3.244545460285035432e+01
1.024456597660601487e+00 9.680696590597305529e-02 3.991691914139246222e+01 4.037837151323770968e-01 4.016573802110914304e-01 3.244545460285035432e+01
1.085215843418672277e+00 0.000000000000000000e+00 3.817572234916767115e+01 4.452303529707184460e-01 3.222680075144215284e-01 2.580588976433653414e+01
1.081373811531984863e+00 0.000000000000000000e+00 3.671449387959193444e+01 4.719403847775670569e-01 3.281326704243622272e-01 2.881960279593924312e+01
1.054028010771707047e+00 0.000000000000000000e+00 3.216912136157421287e+01 4.197560925706472212e-01 3.114772443456748086e-01 2.917104547127587821e+01
1.093377251247374948e+00 1.788362340292148564e-02 3.171031066390240838e+01 4.622210848513147452e-01 2.835582733391290855e-01 2.749503081459379672e+01
1.079208947609337610e+00 0.000000000000000000e+00 3.607703574701953642e+01 4.338641892010956513e-01 3.049730680831871932e-01 3.371936420014388602e+01
1.079208947609337610e+00 0.000000000000000000e+00 3.607703574701953642e+01 4.338641892010956513e-01 3.049730680831871932e-01 3.371936420014388602e+01
1.108342165480183716e+00 0.000000000000000000e+00 1.860840321072758030e+01 8.380736279275449729e-02 2.492531092502482115e-01 3.516224885279002876e+01
1.095853689611895332e+00 3.749664469935896915e-02 2.009891261344423796e+01 1.982937352946314569e-01 2.913423304802693070e-01 3.396450662572775059e+01
1.095853689611895332e+00 3.749664469935896915e-02 2.009891261344423796e+01 1.982937352946314569e-01 2.913423304802693070e-01 3.396450662572775059e+01
1.040294241117359908e+00 1.673987272178139099e-02 2.517969694670928860e+01 1.706147747901561595e-01 2.701904532587229846e-01 3.633102339715819085e+01
1.040294241117359908e+00 1.673987272178139099e-02 2.517969694670928860e+01 1.706147747901561595e-01 2.701904532587229846e-01 3.633102339715819085e+01
1.127589434350334985e+00 6.723579310613687909e-03 1.882160807493702137e+01 2.220509351793172326e-01 2.368352019601088765e-01 3.445597279709843974e+01
1.051672419795441904e+00 2.999445085659432561e-02 1.790442775967954248e+01 1.932290385721455728e-01 2.490016299639804254e-01 3.811992012958597797e+01
1.051672419795441904e+00 2.999445085659432561e-02 1.790442775967954248e+01 1.932290385721455728e-01 2.490016299639804254e-01 3.811992012958597797e+01
1.089138709146870054e+00 0.000000000000000000e+00 2.249988260409835306e+01 1.322436661537509661e-01 2.403209455911045622e-01 3.692518863335368451e+01
1.089138709146870054e+00 0.000000000000000000e+00 2.249988260409835306e+01 1.322436661537509661e-01 2.403209455911045622e-01 3.692518863335368451e+01
1.128602099796201186e+00 0.000000000000000000e+00 2.073777609062598160e+01 1.236658843922310014e-01 2.598621472354536444e-01 3.494232321460223289e+01
1.151744628366517365e+00 2.745194688916071518e-02 1.800311973642946839e+01 2.210907081908559113e-01 2.256777854501240965e-01 3.449426454046756163e+01
1.151744628366517365e+00 2.745194688916071518e-02 1.800311973642946839e+01 2.210907081908559113e-01 2.256777854501240965e-01 3.449426454046756163e+01
1.164126750565874779e+00 1.639559255410085944e-03 2.095276352039971357e+01 2.660639240217671508e-01 1.561709689940330437e-01 3.523890266893541678e+01
1.173127732331687767e+00 1.809548284106089061e-02 1.683684110732364303e+01 2.528362334316308080e-01 1.873640046521717895e-01 3.616348728341235130e+01
1.173127732331687767e+00 1.809548284106089061e-02 1.683684110732364303e+01 2.528362334316308080e-01 1.873640046521717895e-01 3.616348728341235130e+01
1.064077792190374794e+00 0.000000000000000000e+00 3.521294621949379433e+01 3.569513382265588342e-01 3.412668581740330165e-01 3.558297073723985449e+01
1.048511589645186870e+00 9.593323071894452325e-02 3.269923875936775204e+01 4.142448551663528433e-01 2.185376938455857176e-01 3.179629853727458411e+01
1.041722667262601654e+00 4.796996159898753512e-03 3.954990933931517105e+01 3.151185224491988013e-01 2.446035492896747321e-01 2.996320762218154954e+01
1.041722667262601654e+00 4.796996159898753512e-03 3.954990933931517105e+01 3.151185224491988013e-01 2.446035492896747321e-01 2.996320762218154954e+01
1.102039115050595264e+00 2.551991666084058377e-02 3.857005652523812245e+01 3.579396484343348450e-01 2.796431798652809775e-01 3.032569431781512392e+01
9.972658492315564782e-01 3.146916764597907507e-02 2.734812608249726651e+01 3.993793885493928664e-01 2.914269128338709547e-01 3.118796254549414471e+01
9.972658492315564782e-01 3.146916764597907507e-02 2.734812608249726651e+01 3.993793885493928664e-01 2.914269128338709547e-01 3.118796254549414471e+01
1.030306019657182048e+00 4.973915942845039823e-02 3.596431514502336313e+01 3.268403432368605643e-01 2.969331135308932446e-01 3.281553013458093915e+01
9.922683216817109741e-01 1.209164915859667760e-01 3.832255999608396024e+01 3.713592047540239527e-01 4.454960496687331850e-01 2.365276781852274013e+01
1.032433147969318510e+00 9.108670472334820523e-02 3.711840844398506079e+01 3.764938716450713097e-01 3.626294272464652413e-01 2.482182123121190997e+01
9.512693143813611973e-01 1.109780912544765102e-01 4.008394640877705228e+01 4.012509028346165074e-01 3.680428414604469123e-01 2.442151154111214595e+01
9.512693143813611973e-01 1.109780912544765102e-01 4.008394640877705228e+01 4.012509028346165074e-01 3.680428414604469123e-01 2.442151154111214595e+01
9.543054572522836621e-01 1.368492932055409561e-01 3.324899600199648120e+01 4.181756758214681402e-01 4.043374325547067771e-01 2.297999505486722782e+01
1.009757208332437095e+00 7.091026680364986845e-02 4.215975284605423212e+01 4.050448304448062697e-01 3.700454283469961081e-01 2.573585352979434759e+01
9.947541666856485332e-01 3.952145485917344346e-03 3.913725195070053076e+01 4.318671092715428705e-01 4.755678810326842698e-01 3.522454445922194566e+01
1.144997169461344777e+00 3.935490558943696704e-02 4.552269763447885964e+01 4.209641137222686624e-01 3.177264753500939065e-01 3.493821259510821164e+01
1.131870796941331747e+00 2.357963278175036551e-02 4.401748941414911087e+01 5.265304429243937712e-01 3.680355064473439519e-01 3.327822951506360027e+01
1.131870796941331747e+00 2.357963278175036551e-02 4.401748941414911087e+01 5.265304429243937712e-01 3.680355064473439519e-01 3.327822951506360027e+01
1.125010704544142426e+00 6.502343875372887383e-02 4.967683747039603759e+01 4.512499327714667996e-01 3.222560112419755041e-01 3.498697431950388648e+01
1.125010704544142426e+00 6.502343875372887383e-02 4.967683747039603759e+01 4.512499327714667996e-01 3.222560112419755041e-01 3.498697431950388648e+01
1.148816814132526787e+00 2.389111454085391176e-02 4.705315467607785962e+01 3.648927138972990480e-01 3.864172025437825342e-01 3.621562003384920558e+01
1.111130810626677512e+00 1.616957325094348780e-02 4.881680793194683332e+01 4.528838189545904558e-01 4.141939739075224391e-01 3.234077513720558272e+01
1.192016589123101822e+00 5.714912281743617095e-03 4.840223463793698500e+01 4.483740319761215232e-01 3.456894304257625006e-01 3.640377620870964392e+01
1.192016589123101822e+00 5.714912281743617095e-03 4.840223463793698500e+01 4.483740319761215232e-01 3.456894304257625006e-01 3.640377620870964392e+01
1.116213364059435165e+00 2.512609455739664432e-02 5.113300332772695356e+01 4.781108300675502853e-01 3.600766558940393103e-01 3.489963588362066105e+01
1.116213364059435165e+00 2.512609455739664432e-02 5.113300332772695356e+01 4.781108300675502853e-01 3.600766558940393103e-01 3.489963588362066105e+01
1.088987860575287847e+00 6.743366473088929780e-02 3.184486471467759472e+01 3.069166266007365418e-01 3.415026284290528236e-01 2.935353385435621831e+01
1.098513210354753467e+00 5.037707696124002488e-02 3.294193595863519874e+01 3.731262093997687601e-01 3.859562519474276088e-01 2.901637433896556928e+01
1.130128514065824596e+00 6.287919298468852558e-02 3.465766971823370568e+01 3.437572714250700656e-01 3.479453298268144756e-01 3.067574858031556673e+01
1.130128514065824596e+00 6.287919298468852558e-02 3.465766971823370568e+01 3.437572714250700656e-01 3.479453298268144756e-01 3.067574858031556673e+01
1.183090867844523775e+00 8.207537605316439500e-02 3.212213876780512578e+01 3.569191704313538493e-01 3.221141193385086976e-01 2.935506650786006944e+01
1.092933311807146923e+00 8.445395826807988726e-02 3.520808291554081393e+01 3.297569004154859429e-01 3.049982100426977816e-01 2.942068183621170974e+01
1.092933311807146923e+00 8.445395826807988726e-02 3.520808291554081393e+01 3.297569004154859429e-01 3.049982100426977816e-01 2.942068183621170974e+01
1.114792736069294854e+00 6.712603274560056954e-02 3.343201280124191044e+01 3.687596975625812012e-01 3.492653734129856913e-01 3.059408334906222748e+01
1.114792736069294854e+00 6.712603274560056954e-02 3.343201280124191044e+01 3.687596975625812012e-01 3.492653734129856913e-01 3.059408334906222748e+01
1.137953268351904912e+00 6.659100670114198595e-02 3.623035541782149949e+01 2.754901212167824576e-01 3.363047087658023182e-01 2.990468626253613493e+01
1.127602056478037351e+00 6.611480916241287142e-02 2.858421581708703130e+01 3.022465960295855347e-01 3.858487968711421523e-01 2.215819486392489068e+01
1.009950458039179377e+00 4.389930106641862922e-02 3.407662907012576881e+01 3.723090481040245980e-01 2.809571520659275290e-01 2.921789494054900516e+01
1.042211877421101551e+00 8.142657200009752183e-02 3.574888211902612767e+01 3.461198456766413356e-01 2.832389400322579132e-01 2.892740027599936781e+01
1.026651185464211080e+00 8.187230874337918241e-02 3.377939169121054164e+01 3.287365079058058859e-01 3.184486978932080659e-01 2.660498018979226131e+01
1.026651185464211080e+00 8.187230874337918241e-02 3.377939169121054164e+01 3.287365079058058859e-01 3.184486978932080659e-01 2.660498018979226131e+01
9.987273994658292242e-01 1.400168643889113940e-01 2.839999644172812410e+01 2.993001582144008133e-01 2.991151508374226275e-01 2.664704091181537393e+01
1.010480908924992205e+00 1.154407705567094961e-01 3.026980865708623369e+01 3.272044012983350014e-01 3.043920617063280432e-01 2.654880841703966610e+01
9.871261010047256423e-01 1.286020538158176574e-01 3.242001748698603336e+01 3.391746111985088352e-01 3.104576776520319159e-01 2.467011770203534127e+01
1.001038819853476314e+00 2.235369092531142854e-01 3.826657234449938016e+01 3.680673550685000794e-01 2.688870023526249153e-01 2.742520498455798261e+01
9.796304074809435436e-01 1.750567392526459765e-01 4.103471118281624541e+01 2.989122935791537206e-01 2.508438318180006843e-01 3.386596856058518767e+01
9.796304074809435436e-01 1.750567392526459765e-01 4.103471118281624541e+01 2.989122935791537206e-01 2.508438318180006843e-01 3.386596856058518767e+01
9.773770415275818690e-01 2.078588459039021064e-01 4.564621499998487053e+01 3.685910746983794284e-01 2.502937319398236271e-01 3.396931494137115948e+01
9.759727279152732304e-01 1.612932661410643176e-01 4.157156651626256405e+01 3.046403184210930148e-01 2.389474810803189075e-01 3.226783466898692865e+01
9.767706147891220825e-01 1.611256308609309851e-01 4.062282270740961820e+01 3.559310560087226016e-01 2.684752817616402609e-01 2.962799552519631874e+01
9.866686755358053951e-01 9.540536792109069464e-02 3.770731186153732040e+01 1.518378805203974835e-01 2.415144873969814754e-01 3.482796975089249258e+01
9.866686755358053951e-01 9.540536792109069464e-02 3.770731186153732040e+01 1.518378805203974835e-01 2.415144873969814754e-01 3.482796975089249258e+01
1.175241959363622302e+00 1.876339750912993654e-01 2.097657431156561714e+01 2.325023247421852679e-01 2.967205975787736150e-01 3.224575763337702483e+01
1.160398501440041530e+00 1.387258597130591187e-01 3.095347924974581488e+01 3.043816622301580010e-01 3.549722032580641118e-01 2.986619868484712370e+01
1.157773257272120437e+00 1.286249217242042830e-01 3.058536767311040094e+01 3.726460510645634994e-01 2.893165948336153259e-01 2.787069741671687595e+01
1.157773257272120437e+00 1.286249217242042830e-01 3.058536767311040094e+01 3.726460510645634994e-01 2.893165948336153259e-01 2.787069741671687595e+01
1.157779570310739636e+00 1.290595433209393850e-01 3.042227870997636785e+01 3.574094975746559544e-01 2.526089536458205886e-01 3.036813968071597358e+01
1.125991636382710048e+00 1.437762654073805879e-01 3.027992546206445823e+01 2.781191617090471579e-01 3.177943665549479157e-01 2.930998785666255557e+01
1.125991636382710048e+00 1.437762654073805879e-01 3.027992546206445823e+01 2.781191617090471579e-01 3.177943665549479157e-01 2.930998785666255557e+01
9.983953266965607254e-01 1.731607923864672272e-01 4.787926775867933316e+01 3.891951093536358819e-01 3.896658224831306971e-01 3.023758115876426444e+01
1.052386535649224797e+00 1.623601983570285290e-01 4.878119755429996474e+01 5.327198272095787779e-01 2.591180943543315296e-01 2.754115826454998128e+01
1.077568768043595249e+00 4.578182518675359691e-02 4.256777425180882091e+01 3.952677647572508390e-01 4.043375024549499264e-01 2.537985930406616930e+01
1.070057979020706540e+00 7.602011404543508599e-02 4.836812433563650870e+01 4.544110691134409241e-01 4.038073055285862911e-01 2.918524867011413804e+01
1.003264613047751386e+00 1.535440421740763839e-01 5.186741035260356369e+01 3.065818641896577157e-01 2.161097605021197465e-01 3.357940954025098534e+01
9.951911010945261316e-01 1.446692903352200521e-01 5.200000000000000000e+01 2.613500228700149086e-01 2.376681117702758028e-01 3.627210177907578981e+01
9.951911010945261316e-01 1.446692903352200521e-01 5.200000000000000000e+01 2.613500228700149086e-01 2.376681117702758028e-01 3.627210177907578981e+01
9.910149707080900816e-01 1.712178335178429767e-01 4.936551034542223704e+01 3.638732827209381071e-01 2.279988376848131326e-01 3.485755706376963303e+01
9.910149707080900816e-01 1.712178335178429767e-01 4.936551034542223704e+01 3.638732827209381071e-01 2.279988376848131326e-01 3.485755706376963303e+01
1.028013826182267776e+00 7.597379852455000970e-02 3.845911008422886823e+01 2.923921506539665649e-01 1.930646242432956239e-01 2.989366488113911657e+01
9.827807106850482421e-01 7.516128398241857245e-02 3.288401069837617996e+01 3.024371337396613568e-01 1.696695724167777419e-01 2.817803675754383264e+01
9.456735488205912921e-01 1.504921136863502096e-01 4.103618988976683113e+01 3.307530798149849738e-01 2.164197523222294306e-01 2.249658279738307698e+01
9.456735488205912921e-01 1.504921136863502096e-01 4.103618988976683113e+01 3.307530798149849738e-01 2.164197523222294306e-01 2.249658279738307698e+01
8.715241314975449294e-01 1.268659205602666595e-01 4.195880040448358983e+01 2.356984820273121950e-01 1.900833717726482797e-01 2.643841034180489658e+01
9.541426398034626999e-01 1.213382445648408803e-01 4.373217063926501424e+01 3.125131957843276242e-01 2.599646492406270104e-01 2.411229002310435376e+01
1.004274720525809572e+00 1.532346190122403362e-01 3.408658267702710276e+01 2.684660141545590073e-01 3.951710538801723183e-01 3.646013816500099836e+01
1.004274720525809572e+00 1.532346190122403362e-01 3.408658267702710276e+01 2.684660141545590073e-01 3.951710538801723183e-01 3.646013816500099836e+01
1.029601765354513088e+00 1.583065886734022487e-01 3.569627793572696106e+01 2.086323471689793541e-01 3.679044710861108514e-01 3.571152357617478401e+01
1.029601765354513088e+00 1.583065886734022487e-01 3.569627793572696106e+01 2.086323471689793541e-01 3.679044710861108514e-01 3.571152357617478401e+01
1.007301340136305567e+00 1.763839762400896405e-01 2.707593239698131526e+01 1.923754342551368124e-01 4.171087407078659659e-01 3.509520824117674209e+01
1.007301340136305567e+00 1.763839762400896405e-01 2.707593239698131526e+01 1.923754342551368124e-01 4.171087407078659659e-01 3.509520824117674209e+01
1.020807678609338520e+00 1.245386965619440511e-01 1.983252537764465018e+01 2.264125720098426053e-01 4.798890640218628767e-01 3.571160001008670548e+01
1.009637870711509677e+00 7.528900438484210922e-02 1.634851314156378876e+01 2.534704862827075189e-01 4.630555589828470597e-01 3.608667232048811258e+01
1.054070946495700323e+00 8.924012915320528316e-02 1.822053826815876931e+01 2.188525461548607998e-01 4.177352979089073992e-01 3.633300287058079903e+01
1.074477552037240269e+00 1.137650306971580566e-01 2.187695813530649147e+01 1.974809229458301951e-01 3.499471287030743172e-01 3.901842257260246782e+01
1.074477552037240269e+00 1.137650306971580566e-01 2.187695813530649147e+01 1.974809229458301951e-01 3.499471287030743172e-01 3.901842257260246782e+01
1.088609085929866271e+00 1.058208603808268450e-01 1.437132461178751797e+01 2.427925090463228519e-01 3.271561648101097841e-01 3.494585013063925771e+01
1.065967883982264386e+00 3.703503823799226408e-02 2.938056062735552842e+01 1.732285417822834461e-01 4.076188964660900638e-01 2.537342790555127081e+01
8.934353386796253238e-01 7.382919059045428556e-02 3.822514529826489138e+01 3.221200735849877872e-01 3.739532163456923408e-01 3.115387124009806996e+01
8.887319482064437448e-01 1.421182837576528690e-01 3.393484823025313091e+01 4.328236623495598789e-01 4.009882923554918821e-01 3.069112650614845350e+01
9.836784828076716725e-01 8.435025516565972103e-02 2.671919409065005624e+01 2.312868167285935805e-01 4.734978796076462215e-01 3.242243474628133981e+01
9.264066478696019180e-01 8.258177446026890300e-02 2.914991477879610215e+01 1.909784249081078467e-01 5.256538842026527991e-01 3.203073785702287779e+01
9.264066478696019180e-01 8.258177446026890300e-02 2.914991477879610215e+01 1.909784249081078467e-01 5.256538842026527991e-01 3.203073785702287779e+01
1.000720747096613295e+00 1.172260442738762565e-01 2.939012823047367462e+01 2.391286591207833212e-01 4.753080574850537809e-01 3.499991688003291301e+01
1.000720747096613295e+00 1.172260442738762565e-01 2.939012823047367462e+01 2.391286591207833212e-01 4.753080574850537809e-01 3.499991688003291301e+01
9.616806802879014349e-01 8.456970876427268025e-02 3.256485304618941257e+01 1.965580545081822006e-01 5.170168648024917601e-01 3.403735252337510531e+01
9.616806802879014349e-01 8.456970876427268025e-02 3.256485304618941257e+01 1.965580545081822006e-01 5.170168648024917601e-01 3.403735252337510531e+01
1.008671307355779589e+00 1.154832368937669523e-01 2.616317641296796026e+01 2.503221456138258749e-01 5.135295648104974964e-01 3.235691672170937494e+01
9.892832022678996751e-01 7.713838502816888765e-02 2.965286269227324212e+01 1.750666047344243137e-01 5.242599791340072368e-01 3.350524014772587833e+01
9.892832022678996751e-01 7.713838502816888765e-02 2.965286269227324212e+01 1.750666047344243137e-01 5.242599791340072368e-01 3.350524014772587833e+01
1.000883269669561093e+00 5.212208857234679887e-02 3.400217365354278343e+01 2.514877355425138017e-01 3.385734894485018520e-01 3.013835176836177965e+01
1.000883269669561093e+00 5.212208857234679887e-02 3.400217365354278343e+01 2.514877355425138017e-01 3.385734894485018520e-01 3.013835176836177965e+01
9.856218736545601100e-01 4.122261367020149669e-02 3.167535646096558821e+01 3.295719180067845921e-01 3.412069275129510637e-01 3.316631648353374828e+01
1.001866119530123722e+00 5.224864732246557036e-02 2.638324508618923048e+01 3.669548320968843980e-01 3.641033219554531408e-01 3.412457964268774901e+01
1.001866119530123722e+00 5.224864732246557036e-02 2.638324508618923048e+01 3.669548320968843980e-01 3.641033219554531408e-01 3.412457964268774901e+01
9.871329450090806645e-01 2.281597317288116059e-02 3.069517169311701110e+01 2.927735647771755323e-01 3.445255815120557008e-01 3.009177584668319838e+01
9.871329450090806645e-01 2.281597317288116059e-02 3.069517169311701110e+01 2.927735647771755323e-01 3.445255815120557008e-01 3.009177584668319838e+01
9.931428569267896078e-01 3.765691151558496486e-02 2.397091901469774555e+01 2.971053910762807004e-01 3.136604958176438807e-01 2.921586781072908323e+01
1.062801041209791242e+00 5.722825780742703955e-03 2.853991968096620724e+01 3.813424041796591446e-01 3.636469510822775697e-01 3.351265951544890243e+01
1.019494607243483841e+00 3.006785561750500990e-02 3.496248843387061811e+01 4.426510465115600090e-01 3.076830171506376166e-01 3.536028255263943265e+01
1.019494607243483841e+00 3.006785561750500990e-02 3.496248843387061811e+01 4.426510465115600090e-01 3.076830171506376166e-01 3.536028255263943265e+01
1.010753492507424633e+00 2.192524901291238032e-02 3.134546671848191579e+01 4.046228739589818324e-01 3.468201226234019496e-01 3.546844443160304650e+01
1.010753492507424633e+00 2.192524901291238032e-02 3.134546671848191579e+01 4.046228739589818324e-01 3.468201226234019496e-01 3.546844443160304650e+01
1.004727878348413039e+00 5.358577026274727317e-02 3.246338038246250335e+01 3.931191993970737930e-01 3.185143838052812981e-01 3.511600429560142800e+01
1.004727878348413039e+00 5.358577026274727317e-02 3.246338038246250335e+01 3.931191993970737930e-01 3.185143838052812981e-01 3.511600429560142800e+01
1.041107917876513245e+00 4.484695592212354504e-02 3.362027002045035573e+01 3.980063069590858982e-01 2.996256925231807200e-01 3.238040530759783309e+01
1.041107917876513245e+00 4.484695592212354504e-02 3.362027002045035573e+01 3.980063069590858982e-01 2.996256925231807200e-01 3.238040530759783309e+01
1.024426364461335170e+00 2.879013104242331492e-02 3.585421664787097740e+01 5.004546049529370322e-01 5.145353343277623281e-01 2.654170008599802344e+01
9.987149671302012477e-01 2.629176794749581506e-02 3.173072705323974674e+01 5.367663705029572796e-01 4.997445986321494282e-01 2.675289001054271054e+01
9.987149671302012477e-01 2.629176794749581506e-02 3.173072705323974674e+01 5.367663705029572796e-01 4.997445986321494282e-01 2.675289001054271054e+01
9.982644040940882313e-01 9.923330664766372156e-02 3.799289577623797953e+01 4.327791099718692469e-01 4.028545517059438641e-01 3.229711664040267038e+01
9.542852012014910734e-01 8.542041074949668911e-02 4.525984653936922797e+01 3.063161658449116143e-01 4.449166959243776587e-01 3.080566927387563680e+01
9.754214899185552623e-01 6.546874153129825236e-02 4.361094178890438400e+01 3.008419809597614458e-01 4.496377729839375892e-01 3.177461613410276442e+01
9.174916321755356430e-01 1.106172801352751922e-01 3.624464654726217105e+01 3.465289355047885267e-01 4.920708557946174011e-01 2.563840422600587843e+01
8.884188755433458651e-01 1.363731651660682886e-01 2.939731096928280607e+01 3.503731706278427338e-01 4.914641258449480854e-01 2.498545057364730937e+01
8.884188755433458651e-01 1.363731651660682886e-01 2.939731096928280607e+01 3.503731706278427338e-01 4.914641258449480854e-01 2.498545057364730937e+01
9.366621429708119617e-01 1.038890042868808317e-01 3.834471265651533400e+01 3.262610326723121568e-01 3.836288849058010486e-01 2.671292884320648753e+01
9.121073015381658822e-01 8.942458789877652525e-02 3.551151917956366333e+01 3.810603045119762000e-01 4.292818974486431460e-01 2.469219291957121598e+01
9.124934278961066569e-01 1.072620316790003636e-01 3.853357509725374541e+01 3.499584539573220576e-01 4.972060190519987932e-01 2.510714341690311002e+01
1.034860826522214783e+00 2.991736878991852963e-02 3.106636594869127777e+01 3.870293202942647337e-01 4.003210535067713849e-01 3.290973386343632257e+01
9.792216736434160573e-01 1.290401549254138747e-01 3.098115843376215750e+01 1.865509418154239485e-01 3.240026787437315647e-01 2.798177327165399220e+01
9.912350247532913938e-01 7.421029267205751789e-02 3.237451242052056699e+01 2.292975185841232277e-01 3.432982035189409697e-01 2.776662123548651806e+01
9.809961817347776503e-01 1.064743211453817312e-01 3.014949975723046194e+01 1.826032630531865542e-01 2.777330040144467826e-01 2.647868357511273629e+01
9.809961817347776503e-01 1.064743211453817312e-01 3.014949975723046194e+01 1.826032630531865542e-01 2.777330040144467826e-01 2.647868357511273629e+01
1.040856714173014730e+00 5.928483736568457285e-02 3.577662707153607613e+01 2.643958717996076069e-01 3.761222954164010202e-01 3.023278843124224124e+01
1.040856714173014730e+00 5.928483736568457285e-02 3.577662707153607613e+01 2.643958717996076069e-01 3.761222954164010202e-01 3.023278843124224124e+01
9.625819738901402189e-01 5.704450971971805617e-02 3.076901142466343941e+01 2.532536728025323591e-01 3.632479669148931389e-01 2.995852956964036196e+01
1.024481318687075593e+00 7.387424627931454824e-02 3.335151176602408896e+01 3.637231945681702050e-01 3.631867979810725622e-01 3.265189082466004322e+01
9.614503305141192113e-01 8.296313959987740294e-02 3.040493569225036552e+01 3.369729666047643901e-01 3.324798678244538785e-01 3.021088583046034870e+01
9.614503305141192113e-01 8.296313959987740294e-02 3.040493569225036552e+01 3.369729666047643901e-01 3.324798678244538785e-01 3.021088583046034870e+01
9.549251268370594348e-01 7.677571805800464944e-02 2.733072529646972981e+01 4.161736146532266090e-01 3.590822184821369500e-01 3.199478098515207236e+01
9.209552244971513923e-01 9.611018834368694613e-03 2.763567731047130138e+01 3.393638273395314098e-01 5.336772251792005761e-01 2.973134192281690247e+01
1.021376969092269160e+00 2.506163568761640009e-02 4.562075795921645494e+01 1.587544773985955227e-01 4.745229387507865493e-01 3.324906037857650176e+01
1.027048654563150532e+00 1.728363863522703811e-02 4.254062357013342677e+01 1.787883526296682735e-01 4.842304233388928791e-01 3.626863459594044059e+01
9.745121600370696413e-01 5.891748281365766227e-02 4.464290870713655579e+01 1.608583111723433101e-01 4.734589420421186912e-01 3.583647424805383253e+01
9.981009933099886933e-01 4.975645594313896081e-02 3.880921261644393638e+01 3.687216059122823131e-01 4.377748466586571241e-01 2.929901177120539302e+01
1.109254290227006390e+00 8.160697306712620669e-02 1.643518525028871835e+01 3.009005167814904347e-01 3.581481283541873006e-01 2.989109390037713609e+01
1.046994971369357597e+00 7.066681835122765043e-02 7.070654684640428123e+00 1.898403626328106775e-01 4.095207656356120718e-01 3.016388216075175777e+01
1.066465190466486135e+00 6.279763965034977635e-02 1.043833286598971810e+01 2.447934248141837577e-01 3.913185895087514243e-01 2.666920474037586075e+01
1.055676746174956770e+00 1.012058715922337371e-01 1.096347904108014504e+01 2.275654938618233702e-01 4.031631074181045715e-01 2.994086364775052544e+01
1.046185842703997393e+00 1.034514168361760494e-01 1.351714919984902608e+01 2.672437853530040819e-01 3.916368391982047448e-01 2.895689397877264426e+01
1.006030028259244480e+00 8.991907011057104215e-02 2.768237879744805241e+01 2.945701819747651995e-01 3.262160032754599093e-01 3.371135282929814281e+01
1.027795242367476991e+00 0.000000000000000000e+00 2.260376863329842934e+01 3.531189018986720107e-01 3.858310295299891002e-01 3.163721108732244502e+01
1.027795242367476991e+00 0.000000000000000000e+00 2.260376863329842934e+01 3.531189018986720107e-01 3.858310295299891002e-01 3.163721108732244502e+01
9.559145122206024192e-01 7.659407307028220577e-03 2.288357983337535018e+01 2.188141789559883699e-01 3.981339015543231552e-01 2.563894717967944104e+01
9.962872937142409624e-01 0.000000000000000000e+00 2.534682361098763792e+01 2.628400602097297201e-01 4.013898859251684992e-01 3.014605056810725259e+01
1.019920571714048263e+00 2.063781801521787432e-02 2.505025248569151231e+01 3.349350317669416710e-01 3.804179390754106604e-01 2.886509597285173356e+01
1.017956351713228846e+00 0.000000000000000000e+00 2.734029505675486504e+01 3.091417543250742361e-01 4.267800158265495636e-01 3.057997218483611235e+01
1.017956351713228846e+00 0.000000000000000000e+00 2.734029505675486504e+01 3.091417543250742361e-01 4.267800158265495636e-01 3.057997218483611235e+01
1.006514486339228798e+00 1.438502310603840748e-02 2.475827825944254457e+01 2.919016716053429161e-01 3.879079081452325162e-01 2.713312082557065352e+01
9.837991860866169835e-01 0.000000000000000000e+00 2.775198759688597505e+01 2.363556674120654011e-01 4.590110693242921425e-01 2.965947117898345198e+01
9.837991860866169835e-01 0.000000000000000000e+00 2.775198759688597505e+01 2.363556674120654011e-01 4.590110693242921425e-01 2.965947117898345198e+01
1.061197337036188681e+00 8.297224365007034586e-02 3.681756719097545982e+01 2.224064577676369836e-01 4.351917472305842360e-01 3.391009691794273806e+01
1.013431376401129125e+00 5.465609527501069653e-02 3.766660909490918385e+01 2.541671064514249845e-01 4.394240525903514993e-01 3.238893258161303379e+01
1.013431376401129125e+00 5.465609527501069653e-02 3.766660909490918385e+01 2.541671064514249845e-01 4.394240525903514993e-01 3.238893258161303379e+01
1.023773114336354428e+00 8.122878038950906432e-02 3.596748783713339748e+01 2.925406963524838089e-01 4.212001192941522421e-01 3.394406056503940050e+01
1.039092504385454641e+00 4.926654316861894811e-02 3.983817637098897535e+01 2.617109495638846872e-01 4.338073001443840671e-01 3.547841392945088046e+01
1.039092504385454641e+00 4.926654316861894811e-02 3.983817637098897535e+01 2.617109495638846872e-01 4.338073001443840671e-01 3.547841392945088046e+01
1.031825275292388655e+00 7.192675693986060048e-02 3.977716540199192963e+01 1.734238435084807239e-01 4.028652365881114084e-01 3.345161202268765521e+01
8.125343477185044128e-01 1.539819268917009820e-01 3.101548514666595580e+01 1.315387638864171371e-01 5.088574962876062369e-01 2.798376218497024226e+01
9.686778047879472942e-01 7.838159287357499699e-03 3.733369586113420979e+01 1.801760078916331276e-01 3.716225726481586777e-01 3.620857662336612748e+01
9.865326344848590612e-01 1.436771372626347298e-01 3.159143179475321972e+01 3.334146419528757899e-01 4.856301210593828022e-01 3.223032045631194364e+01
9.865326344848590612e-01 1.436771372626347298e-01 3.159143179475321972e+01 3.334146419528757899e-01 4.856301210593828022e-01 3.223032045631194364e+01
9.784082598446236512e-01 1.269073223692313845e-01 3.558083391164601039e+01 3.206734143770947898e-01 3.880332514534182708e-01 3.240362790262853565e+01
1.016379264215471867e+00 1.363075034705428235e-01 3.182746530981660982e+01 3.324387294517632263e-01 4.627757644475189447e-01 3.592685015480402200e+01
9.960866079447134869e-01 1.275939561550157586e-01 3.159975935127927471e+01 2.768887005966871317e-01 4.512801556728942010e-01 3.187878101384775675e+01
9.960866079447134869e-01 1.275939561550157586e-01 3.159975935127927471e+01 2.768887005966871317e-01 4.512801556728942010e-01 3.187878101384775675e+01
9.435655192227434540e-01 1.251098992178251712e-01 3.910252161140869021e+01 3.517065307283641640e-01 4.336497183435865099e-01 3.143764981739916209e+01
1.028855533299890768e+00 5.484747240056809386e-02 2.997697421927236405e+01 3.087389334942870489e-01 3.242197792469554418e-01 2.990723149719487495e+01
1.019348057322020606e+00 6.216041756088458436e-02 3.204477133430276581e+01 2.532846129432204663e-01 2.904055265595376634e-01 2.933373707559643861e+01
1.053288138805981822e+00 3.842844788963242081e-02 3.419802368502660528e+01 2.713086232771432793e-01 2.915824801720833248e-01 3.164335626837879190e+01
1.053288138805981822e+00 3.842844788963242081e-02 3.419802368502660528e+01 2.713086232771432793e-01 2.915824801720833248e-01 3.164335626837879190e+01
9.092844758055265153e-01 1.413646583544335145e-01 3.278631162360456131e+01 2.525679032266105462e-01 3.671105293076973863e-01 3.009332869825260914e+01
8.246573521609921187e-01 1.611386800749932680e-01 3.128448608921083718e+01 3.177281583631071937e-01 3.617421758610223081e-01 3.121455549605908431e+01
8.952939806513376952e-01 1.242987711109324739e-01 3.251069449828432312e+01 2.881832126820607076e-01 3.245748793176586044e-01 3.005399214561960619e+01
8.952939806513376952e-01 1.242987711109324739e-01 3.251069449828432312e+01 2.881832126820607076e-01 3.245748793176586044e-01 3.005399214561960619e+01
8.591650814650775292e-01 1.473436245938611888e-01 3.557538172269359222e+01 2.656675443184982055e-01 3.597988117713264433e-01 2.991741997616963999e+01
9.754301581617054184e-01 1.517132633496777461e-02 3.133051100574822101e+01 2.810623561437928797e-01 3.577943231164933957e-01 3.834937834723358208e+01
1.003312843171164204e+00 8.282009295009622185e-02 2.727622595404267258e+01 2.974175330922300686e-01 2.699006509688094413e-01 3.208456166262672582e+01
1.005191095688849234e+00 5.095104377306218513e-02 4.537279712645936769e+01 2.958693197346843884e-01 2.756049559406010263e-01 2.131323394354890155e+01
1.057324137918468132e+00 7.381138654212800188e-02 4.667289987514595850e+01 2.861634220372957782e-01 3.467701564368663725e-01 1.455175041004383729e+01
1.034663907533074800e+00 1.215194905614647991e-01 2.585400406633732473e+01 2.701713604482303133e-01 2.859018269489532194e-01 3.839620942604940979e+01
8.856818960713140898e-01 1.468119234265174433e-01 4.457194493749768327e+01 2.490610305040466543e-01 2.406794748584171473e-01 2.966795886217729006e+01
8.355006508345621530e-01 2.067285500389295927e-01 4.546792034758669132e+01 2.997719161756809969e-01 2.478539785824181996e-01 3.142126285123467611e+01
8.355006508345621530e-01 2.067285500389295927e-01 4.546792034758669132e+01 2.997719161756809969e-01 2.478539785824181996e-01 3.142126285123467611e+01
9.077266808245728624e-01 2.195651563364716674e-01 4.792132034909207050e+01 3.079088401549290865e-01 2.380435287995492366e-01 2.753377828039228703e+01
9.077266808245728624e-01 2.195651563364716674e-01 4.792132034909207050e+01 3.079088401549290865e-01 2.380435287995492366e-01 2.753377828039228703e+01
8.871737023577566106e-01 2.243410177603091527e-01 4.712958041471517134e+01 2.561144961566729217e-01 2.893888836330082981e-01 2.966646036920008811e+01
9.518311826326139036e-01 2.131726266698238947e-01 4.809065422194387907e+01 3.068050754619251475e-01 2.560851920043374919e-01 3.095283876375268761e+01
9.270235419092188733e-01 2.077739467349067892e-01 4.987049917486582018e+01 2.983238599553394432e-01 2.855708759307534761e-01 2.925466697018464401e+01
9.188302290845303810e-01 2.529697713499947098e-01 5.200000000000000000e+01 2.870307088929626715e-01 2.673307573137405635e-01 3.018203730776942351e+01
9.188302290845303810e-01 2.529697713499947098e-01 5.200000000000000000e+01 2.870307088929626715e-01 2.673307573137405635e-01 3.018203730776942351e+01
9.379257153600299990e-01 1.672852501757940147e-01 3.902870547104728871e+01 2.317896827913940583e-01 4.541856618965401937e-01 2.382862808357364770e+01
9.379257153600299990e-01 1.672852501757940147e-01 3.902870547104728871e+01 2.317896827913940583e-01 4.541856618965401937e-01 2.382862808357364770e+01
9.684694973436983600e-01 1.398030117455661692e-01 4.037256375472587422e+01 2.533501653915153917e-01 4.716461268420202302e-01 2.251604826361551659e+01
1.102605522581347364e+00 7.093219670223875617e-02 2.953457814731298114e+01 5.233336120410856385e-01 2.413048722494729459e-01 2.758622102334765458e+01
1.102605522581347364e+00 7.093219670223875617e-02 2.953457814731298114e+01 5.233336120410856385e-01 2.413048722494729459e-01 2.758622102334765458e+01
1.137434992461506589e+00 8.168849529503556528e-02 3.831690591949492131e+01 5.437958618215423812e-01 1.858824873747695894e-01 2.809614713126875785e+01
1.032167188341019060e+00 1.208132368290979614e-01 3.657903598032483927e+01 4.406920319576664302e-01 2.654081537906455845e-01 3.423056223189608716e+01
1.097215544071723725e+00 1.326495104685957993e-01 2.787712788209718440e+01 4.343119721183559268e-01 2.709616992060311369e-01 3.429760350889606713e+01
1.097215544071723725e+00 1.326495104685957993e-01 2.787712788209718440e+01 4.343119721183559268e-01 2.709616992060311369e-01 3.429760350889606713e+01
1.060607189061517186e+00 1.120536541739880210e-01 3.540566850590288794e+01 4.814842327225950513e-01 2.747437147421154524e-01 3.406200402918352665e+01
1.154173581870510779e+00 6.206499256451539215e-02 2.925865897845183383e+01 5.305418295314853205e-01 3.998893131974194382e-01 3.118040846259982857e+01
1.154173581870510779e+00 6.206499256451539215e-02 2.925865897845183383e+01 5.305418295314853205e-01 3.998893131974194382e-01 3.118040846259982857e+01
1.093821679979316119e+00 5.369160016842385030e-02 2.851123582422178160e+01 4.464070223594370779e-01 3.856168627254446535e-01 3.043512639725728519e+01
1.128041262110451637e+00 3.844284143242074347e-02 3.365583431270821535e+01 5.077291663164300584e-01 4.158055758684966463e-01 3.238874574028142206e+01
1.128041262110451637e+00 3.844284143242074347e-02 3.365583431270821535e+01 5.077291663164300584e-01 4.158055758684966463e-01 3.238874574028142206e+01
1.090042041856492672e+00 9.086096393004164384e-02 2.603716629018703088e+01 5.219849837338897958e-01 4.268976458476944069e-01 3.228937218915119445e+01
1.025050498079416395e+00 9.979392998464547970e-02 4.410872400387120251e+01 6.839671729391152422e-01 2.705530232992927608e-01 3.339174257776907240e+01
1.025050498079416395e+00 9.979392998464547970e-02 4.410872400387120251e+01 6.839671729391152422e-01 2.705530232992927608e-01 3.339174257776907240e+01
9.553744874280127863e-01 0.000000000000000000e+00 4.166468637192166824e+01 6.323875180839449994e-01 2.494000454036104097e-01 3.747882130021235980e+01
1.074807418861997821e+00 2.480054830830659765e-02 3.739891276061904080e+01 6.183643846244567532e-01 2.654072380410607557e-01 3.445479845845317612e+01
1.034740536013531775e+00 3.076176778238454493e-02 3.870044448992648967e+01 6.909676260226521594e-01 2.457308933102175241e-01 3.597421353034214064e+01
9.784153232515687693e-01 1.409044251184048968e-01 3.883352600483203787e+01 4.522977091712485631e-01 3.521089340831941028e-01 3.114644706273753982e+01
9.619468005719148396e-01 1.285035956766870380e-01 4.043444306228134622e+01 6.088126932891110288e-01 2.784086293639504994e-01 2.272189313443875491e+01
9.913656232238757804e-01 1.000388891445246620e-01 4.286466069609283380e+01 5.691675246730131255e-01 2.525467658254422765e-01 2.380364391570319071e+01
9.913656232238757804e-01 1.000388891445246620e-01 4.286466069609283380e+01 5.691675246730131255e-01 2.525467658254422765e-01 2.380364391570319071e+01
1.074573670530769798e+00 5.197127208370926066e-02 3.080219032846457594e+01 5.462849005859298224e-01 3.669027300286200055e-01 3.360644272259001042e+01
1.096259587053396878e+00 4.603385085775987123e-02 3.580410107884917892e+01 5.950028260947352043e-01 3.631166390588557169e-01 3.096573604720255091e+01
1.146967072365846274e+00 8.096626623040450998e-02 3.381384734095839661e+01 6.999999999999999556e-01 3.939176277022092831e-01 2.945640925022342316e+01
1.146967072365846274e+00 8.096626623040450998e-02 3.381384734095839661e+01 6.999999999999999556e-01 3.939176277022092831e-01 2.945640925022342316e+01
1.163127531279947391e+00 8.208911144822617079e-02 3.213669194889596525e+01 6.557912095293321197e-01 3.875824957770951928e-01 2.967454189549841814e+01
1.094320788527877619e+00 7.615125802403324706e-02 2.846537295512094090e+01 6.778437919706183923e-01 3.334901546077447265e-01 2.942997417628757972e+01
1.094320788527877619e+00 7.615125802403324706e-02 2.846537295512094090e+01 6.778437919706183923e-01 3.334901546077447265e-01 2.942997417628757972e+01
1.276038283029449438e+00 1.784702407945855038e-02 1.410567533039204058e+01 2.603589799111286629e-01 3.024468206502705092e-01 2.812808892389844573e+01
1.105675007982464653e+00 6.187367059922609103e-02 3.133027667513852776e+01 4.552696024589611978e-01 3.921013431393234883e-01 3.088126350206569271e+01
1.107770692270110935e+00 2.036106744826732540e-01 3.135901445243339936e+01 4.825307348250535977e-01 3.646518897805814396e-01 3.599120669821238039e+01
1.116598460136522863e+00 1.723696045058166759e-01 3.201804905939705748e+01 3.491964940844857757e-01 2.412233820601609458e-01 2.888158279341402945e+01
1.050574723903619612e+00 1.869641136648141078e-01 3.478950091730383321e+01 3.030423652848946436e-01 3.668320643640178291e-01 3.015968084644538649e+01
1.088652242434739570e+00 1.634236994435281642e-01 3.338125918875417852e+01 4.253341399139992096e-01 3.994936466432757460e-01 3.093732226476125291e+01
1.088652242434739570e+00 1.634236994435281642e-01 3.338125918875417852e+01 4.253341399139992096e-01 3.994936466432757460e-01 3.093732226476125291e+01
1.034419652473841378e+00 1.779764860711438856e-01 3.296248401442951348e+01 3.471287208444375216e-01 3.806026784161041232e-01 3.235346822072101958e+01
1.049999290978843813e+00 1.742623936685829267e-01 3.097459238641822665e+01 2.702796979911182840e-01 3.798554892168768959e-01 3.173598592118020889e+01
1.055473903356280330e+00 1.571234093919672836e-01 3.743716834447538133e+01 2.977491106821508748e-01 3.870428631855780677e-01 3.061873048275563036e+01
1.055473903356280330e+00 1.571234093919672836e-01 3.743716834447538133e+01 2.977491106821508748e-01 3.870428631855780677e-01 3.061873048275563036e+01
9.638820792516689107e-01 1.872351105352242640e-01 3.277671637741005384e+01 1.535370308321461486e-01 3.815998205732757387e-01 3.763763120748246394e+01
1.040131616007325954e+00 1.874093817148861363e-01 3.913342268064990748e+01 2.592945532270225506e-01 2.806330830071911975e-01 3.611250907615986705e+01
1.285079523965575898e+00 6.109396913717680955e-02 3.152034972027927040e+01 3.358433988430569173e-01 3.152245933765016050e-01 3.758987881199348635e+01
1.117952942704038000e+00 1.251522473862949902e-01 3.310719545347699011e+01 3.519501235100468417e-01 2.712009036729092770e-01 3.552695021519321017e+01
1.171569653199149963e+00 9.032650062765555654e-02 4.303517791052839669e+01 4.341004822803701257e-01 2.423435836040074842e-01 3.221439483062140852e+01
1.188596442083432070e+00 8.532690758172213619e-02 4.224274230026580312e+01 4.225765113468142875e-01 2.201287193009092980e-01 3.280488202769137729e+01
1.188596442083432070e+00 8.532690758172213619e-02 4.224274230026580312e+01 4.225765113468142875e-01 2.201287193009092980e-01 3.280488202769137729e+01
1.152688042950569258e+00 7.247513342826825133e-02 4.572150274265064240e+01 4.037635182382883214e-01 1.728940522058637630e-01 3.146683059871256560e+01
1.237309977592373045e+00 8.660782084860592367e-02 4.672520242404547730e+01 4.011773965846755496e-01 2.087476068740826141e-01 3.059330880893674021e+01
1.237309977592373045e+00 8.660782084860592367e-02 4.672520242404547730e+01 4.011773965846755496e-01 2.087476068740826141e-01 3.059330880893674021e+01
1.267615612247974477e+00 1.382073871386948483e-01 5.200000000000000000e+01 2.377907067322237999e-01 2.737636016701688324e-01 3.810126341118497351e+01
1.169853048449244648e+00 7.882595401956984937e-02 2.892028341250771462e+01 2.541474802262435051e-01 3.460468295326945554e-01 3.794307986713565839e+01
1.158583206842229485e+00 5.320893622367821318e-02 3.771131639518853262e+01 2.909383935085800843e-01 3.084032757795343027e-01 4.000000000000000000e+01
1.177170509369526386e+00 8.393234187463410878e-02 3.987269141263379879e+01 2.710626595852477227e-01 1.450069334608324878e-01 2.837609722469584383e+01
1.210664105867932161e+00 6.604932579227432154e-02 3.582513563448070215e+01 3.361641873400668112e-01 1.339672295323785789e-01 2.996887702958188981e+01
1.211907175120320757e+00 1.010666172340080327e-01 3.507336651131040384e+01 3.183999111585586461e-01 1.884899018130218318e-01 3.146135578438389757e+01
1.103671342647463582e+00 4.676895700015465396e-02 3.675854118773607837e+01 3.022335864730167909e-01 2.026678258805627575e-01 3.107735225446602456e+01
1.103671342647463582e+00 4.676895700015465396e-02 3.675854118773607837e+01 3.022335864730167909e-01 2.026678258805627575e-01 3.107735225446602456e+01
1.156732928447613329e+00 1.086564498011018121e-01 3.911367317531957610e+01 3.093621798945125900e-01 1.864771635694752738e-01 3.053520680360890793e+01
1.156732928447613329e+00 1.086564498011018121e-01 3.911367317531957610e+01 3.093621798945125900e-01 1.864771635694752738e-01 3.053520680360890793e+01
1.357874254830342631e+00 1.115718872393441086e-01 1.855273501589355689e+01 4.349811727266847949e-01 3.757116635903030022e-01 3.354343505685525884e+01
1.302599889848213177e+00 1.101221522184107487e-01 1.409148999637556443e+01 3.504310453365963585e-01 3.128856185346121643e-01 3.134178334821811163e+01
1.240187380247482540e+00 8.360245721055881152e-02 1.512295901255596142e+01 3.981841023044479511e-01 3.496696466765287781e-01 3.019343214906402295e+01
1.240187380247482540e+00 8.360245721055881152e-02 1.512295901255596142e+01 3.981841023044479511e-01 3.496696466765287781e-01 3.019343214906402295e+01
1.306921636697138123e+00 1.339354094334303802e-01 1.507719478919157652e+01 3.396233414685588814e-01 3.849786596425979202e-01 2.938088792617263323e+01
1.249160739066687231e+00 9.559051759039174923e-02 1.256897774353849506e+01 3.411711281308063559e-01 2.953278970153240812e-01 2.921906408241545705e+01
1.330901107154952134e+00 1.279061514313603876e-01 1.647465498741886236e+01 3.760781955542719657e-01 3.593867694587671857e-01 3.178559864970515036e+01
1.324059680485313972e+00 4.435128250807478939e-02 8.995024797442201958e+00 3.506820058231212567e-01 4.074212722292944733e-01 3.336974167663646540e+01
1.340988807361604751e+00 5.200252460016731304e-02 1.048177841554722711e+01 4.309016944314265074e-01 3.595666119659332582e-01 3.668963740789079964e+01
1.340988807361604751e+00 5.200252460016731304e-02 1.048177841554722711e+01 4.309016944314265074e-01 3.595666119659332582e-01 3.668963740789079964e+01
1.269754738715348275e+00 5.076021310814389509e-02 1.798323624264327236e+01 4.029600323418404129e-01 3.516290691238171395e-01 2.791811674595859927e+01
1.267737416034481424e+00 5.443031302424300444e-02 1.376759865893282608e+01 4.050093473669185151e-01 3.716761391702744777e-01 2.922541635800213200e+01
1.267737416034481424e+00 5.443031302424300444e-02 1.376759865893282608e+01 4.050093473669185151e-01 3.716761391702744777e-01 2.922541635800213200e+01
1.266401139600001668e+00 8.813220150311031065e-02 1.835455688373176031e+01 3.182623325624043265e-01 3.314435718217716431e-01 2.895932984142089595e+01
1.266401139600001668e+00 8.813220150311031065e-02 1.835455688373176031e+01 3.182623325624043265e-01 3.314435718217716431e-01 2.895932984142089595e+01
1.374174142104802154e+00 1.101940234479895087e-01 1.124577050083461671e+01 4.429305914154573198e-01 4.542700988278380869e-01 3.412649564975104965e+01
1.344669691345905749e+00 1.067334014231524214e-01 1.158547632741828082e+01 3.183259386538385693e-01 3.929538697576954731e-01 3.550301748189682627e+01
1.344669691345905749e+00 1.067334014231524214e-01 1.158547632741828082e+01 3.183259386538385693e-01 3.929538697576954731e-01 3.550301748189682627e+01
1.215920052962560449e+00 2.498064220982879405e-02 1.093652685985892603e+01 4.521620037367125589e-01 3.627971642066593616e-01 2.541970925243506585e+01
1.250156249667037311e+00 1.834346599703692154e-02 1.450813319332485563e+01 4.459525736146398023e-01 3.601776863225064074e-01 2.263202103342638694e+01
1.259662143553714087e+00 6.608343598458438217e-03 2.207910241669890539e+01 4.086522317106845437e-01 3.854080270076963854e-01 2.436286424087534641e+01
1.259662143553714087e+00 6.608343598458438217e-03 2.207910241669890539e+01 4.086522317106845437e-01 3.854080270076963854e-01 2.436286424087534641e+01
1.253528068320601152e+00 4.563168534211794330e-02 2.729970583574023024e+01 4.028804214448959420e-01 3.118143987420782803e-01 2.234092166968385484e+01
1.188284236430014573e+00 3.329895104923301374e-02 3.418251768868505280e+01 2.805507910713295749e-01 1.717020579156043891e-01 2.348472926652365800e+01
1.188284236430014573e+00 3.329895104923301374e-02 3.418251768868505280e+01 2.805507910713295749e-01 1.717020579156043891e-01 2.348472926652365800e+01
1.196720201682062612e+00 4.223671382708927419e-02 3.551753324194145733e+01 2.984578671304902175e-01 2.202705555260466574e-01 2.406651064360622527e+01
1.218064539095007337e+00 2.382239852314534806e-02 1.955257240310482203e+01 3.458393470164668471e-01 2.343237886326632602e-01 3.464651355000628286e+01
1.213815911274226389e+00 4.090505437734592853e-02 2.941907203179066954e+01 2.775675618322467342e-01 2.639747289615020365e-01 3.572303282585927775e+01
1.186773096451844367e+00 1.201955468781110148e-02 1.776185124601339993e+01 2.494214790146531135e-01 2.402587556196086327e-01 3.484478456215301634e+01
1.225808027005946599e+00 1.519171880657685728e-02 2.574241802035797377e+01 3.304901777067907331e-01 3.011302641774273314e-01 3.336234404962431199e+01
1.225808027005946599e+00 1.519171880657685728e-02 2.574241802035797377e+01 3.304901777067907331e-01 3.011302641774273314e-01 3.336234404962431199e+01
1.175563433399779534e+00 3.766406798963806840e-02 1.727072575607603966e+01 3.880901578864319745e-01 2.597496154999057727e-01 3.638527338569856084e+01
1.234000909366589349e+00 4.606282831954568169e-02 2.055991684153042343e+01 4.411077475346522059e-01 2.953217005514245930e-01 3.701584005414957090e+01
1.234000909366589349e+00 4.606282831954568169e-02 2.055991684153042343e+01 4.411077475346522059e-01 2.953217005514245930e-01 3.701584005414957090e+01
1.228972135313363134e+00 4.045638757072229919e-02 2.481247028304694879e+01 4.082202451942418264e-01 2.921076440631296678e-01 3.968728550404420474e+01
1.228972135313363134e+00 4.045638757072229919e-02 2.481247028304694879e+01 4.082202451942418264e-01 2.921076440631296678e-01 3.968728550404420474e+01
1.217805417307400218e+00 4.040192842054266681e-02 2.319578773362347235e+01 3.821000944388613374e-01 2.542406462732140215e-01 3.902788101194062875e+01
1.217805417307400218e+00 4.040192842054266681e-02 2.319578773362347235e+01 3.821000944388613374e-01 2.542406462732140215e-01 3.902788101194062875e+01
1.199084017765855936e+00 4.466073731522985507e-02 2.079383258118197375e+01 3.893732958143100165e-01 2.748568672435069971e-01 4.000000000000000000e+01
1.231435422367685106e+00 3.631614798653742815e-02 2.254365346907596290e+01 3.575604505330801097e-01 3.063269115594312031e-01 3.795764528794816073e+01
1.231435422367685106e+00 3.631614798653742815e-02 2.254365346907596290e+01 3.575604505330801097e-01 3.063269115594312031e-01 3.795764528794816073e+01
1.198627829149791824e+00 8.290422253787506357e-02 2.703426042900245108e+01 3.677335594882186753e-01 2.445924307585768953e-01 3.975054901540186592e+01
1.254206414262409641e+00 6.967615594922713096e-02 2.548970135746115062e+01 3.188007465958319631e-01 2.405269755328693915e-01 3.872514440369219102e+01
1.187895216947128851e+00 0.000000000000000000e+00 3.344337445896312033e+01 3.191098498100667369e-01 2.525689548554577168e-01 3.155508165003436005e+01
1.205099980436194151e+00 0.000000000000000000e+00 3.743557642911039096e+01 3.701468269221508955e-01 2.907087056167102501e-01 3.458869412043362956e+01
1.259487628580408636e+00 2.541749179039783091e-02 3.045587420273393064e+01 3.445784006871844274e-01 2.343148920626875742e-01 3.187534260512256168e+01
1.216335323743308106e+00 4.630536066962155639e-02 1.756548461594647748e+01 3.074069090094485590e-01 2.458408014909467254e-01 4.000000000000000000e+01
1.209271505101318089e+00 0.000000000000000000e+00 3.195984956339149008e+01 2.623220354264668153e-01 3.240081429554448333e-01 3.598909604702854637e+01
1.255756819815983416e+00 3.142442671310896607e-02 3.523019850067717584e+01 5.056476032898699069e-01 3.858382392880937983e-01 3.667906788848598865e+01
1.197097497383117659e+00 5.134477956628085565e-02 3.187893695509856329e+01 3.626133198731615881e-01 3.565786901384225827e-01 3.309083916372593137e+01
1.307581342796243717e+00 5.996613207573937843e-02 3.621735130917723922e+01 6.051466272428160931e-01 3.548704539318675022e-01 3.758437640923683887e+01
1.307581342796243717e+00 5.996613207573937843e-02 3.621735130917723922e+01 6.051466272428160931e-01 3.548704539318675022e-01 3.758437640923683887e+01
1.264420984391434244e+00 7.004373932179536189e-02 2.940078323775667002e+01 4.331491279030972308e-01 2.873601103230924436e-01 3.552835395976605071e+01
1.264420984391434244e+00 7.004373932179536189e-02 2.940078323775667002e+01 4.331491279030972308e-01 2.873601103230924436e-01 3.552835395976605071e+01
1.270894048403482746e+00 7.458130680495828058e-02 3.089054765472240405e+01 5.263456814791842575e-01 3.155157061095612558e-01 3.324564874179622365e+01
1.225162891805441578e+00 5.064980126595065163e-02 2.895665197155828707e+01 5.512455620876791640e-01 2.818113351033116332e-01 3.330850530624537242e+01
1.273171171601564122e+00 5.079996631846456223e-02 2.857743959603320505e+01 4.423458376057682329e-01 3.140708634562487944e-01 3.280826776837985648e+01
1.273171171601564122e+00 5.079996631846456223e-02 2.857743959603320505e+01 4.423458376057682329e-01 3.140708634562487944e-01 3.280826776837985648e+01
1.152306927074232767e+00 5.078292247112008162e-02 1.419528769752767872e+01 3.019237308295132927e-01 2.748174778927732764e-01 2.403192178162478854e+01
1.280745687639236463e+00 1.216085284534022815e-01 2.384429276912214490e+01 3.830887146687054212e-01 2.815399835800986295e-01 3.465011845376655941e+01
1.080220587664683096e+00 2.688591902674820622e-01 3.467564068101823693e+01 2.766290902963322029e-01 3.019333127189272048e-01 3.483835214401158709e+01
1.080220587664683096e+00 2.688591902674820622e-01 3.467564068101823693e+01 2.766290902963322029e-01 3.019333127189272048e-01 3.483835214401158709e+01
1.104471996539592826e+00 2.779880273991917616e-01 3.144197499841775922e+01 2.771473424892110793e-01 2.884050644703805011e-01 3.309569074061584359e+01
1.066382620134796788e+00 2.651393004680311916e-01 2.976564573119036439e+01 2.593385528057123857e-01 2.636258801015755604e-01 3.181412022544040141e+01
1.023242737993626195e+00 1.518513517558890413e-01 4.336452001831703029e+01 2.810234278254998275e-01 3.939134366171286317e-01 2.935663465426803498e+01
1.023242737993626195e+00 1.518513517558890413e-01 4.336452001831703029e+01 2.810234278254998275e-01 3.939134366171286317e-01 2.935663465426803498e+01
1.028590998806532930e+00 1.370410316109159365e-01 3.980027668566914656e+01 2.941757621916181176e-01 3.777312443747871118e-01 2.817219513939792108e+01
1.028590998806532930e+00 1.370410316109159365e-01 3.980027668566914656e+01 2.941757621916181176e-01 3.777312443747871118e-01 2.817219513939792108e+01
1.009371385832963375e+00 1.639609206689522092e-01 4.647322424189330548e+01 3.148546981127187117e-01 4.156934822971555810e-01 2.582956731257421623e+01
8.989682977132646968e-01 1.730216984187727125e-01 4.234500429261935750e+01 2.961661401101548519e-01 4.845308007655191873e-01 2.701449105842478815e+01
8.989682977132646968e-01 1.730216984187727125e-01 4.234500429261935750e+01 2.961661401101548519e-01 4.845308007655191873e-01 2.701449105842478815e+01
9.113442636345869818e-01 1.568205638453825657e-01 4.936774122911006657e+01 2.947791120503191475e-01 4.841240868069929815e-01 2.586170788837590706e+01
9.199894712790621654e-01 2.181524899475697221e-01 4.704946849380026919e+01 2.741687854187559448e-01 4.684173503060939936e-01 2.790366019742778647e+01
9.161478540310036278e-01 1.899623023767809116e-01 4.492929171264536592e+01 2.519658160399235736e-01 5.113788206625866639e-01 2.804065902413415046e+01
9.226704820971969312e-01 1.612450172654950054e-01 4.951199741722635395e+01 3.165507040728018362e-01 4.331086922623911817e-01 2.897591708243237107e+01
9.226704820971969312e-01 1.612450172654950054e-01 4.951199741722635395e+01 3.165507040728018362e-01 4.331086922623911817e-01 2.897591708243237107e+01
9.255071468939234380e-01 2.009826046187485338e-01 4.474583675711954811e+01 3.301254093193808359e-01 4.888741859878779628e-01 2.884313046749770493e+01
1.007921480762287603e+00 2.119815151281463639e-02 3.783740992580240459e+01 4.164024870943098811e-01 2.620621428309742873e-01 1.394066157302564690e+01
1.014490799731595283e+00 1.908583012916284169e-02 3.713371497176174074e+01 3.813564594712497424e-01 2.538564868467916291e-01 1.621785961019854483e+01
1.054431367904098638e+00 0.000000000000000000e+00 4.127089359926053902e+01 6.885092207919596419e-02 3.365088821141075104e-01 2.918788817634829158e+01
9.873915020166824652e-01 2.537910022894569045e-02 3.854375673460250340e+01 1.509418539489169042e-01 2.994920235768407379e-01 2.915665510041519681e+01
1.006332565110807709e+00 2.232275522805643453e-02 4.330472856916196633e+01 9.631719901769922321e-02 3.756636378117124697e-01 2.895404483729221568e+01
1.006332565110807709e+00 2.232275522805643453e-02 4.330472856916196633e+01 9.631719901769922321e-02 3.756636378117124697e-01 2.895404483729221568e+01
1.036135371430676244e+00 0.000000000000000000e+00 3.444206662034620336e+01 7.138748592135275850e-02 3.127296353939207352e-01 3.011297476568195108e+01
1.072711415020278780e+00 6.404208613974036318e-03 4.603857236260314068e+01 5.566555912658294192e-02 3.319492640540648298e-01 2.985847864195989843e+01
1.072711415020278780e+00 6.404208613974036318e-03 4.603857236260314068e+01 5.566555912658294192e-02 3.319492640540648298e-01 2.985847864195989843e+01
1.019590591096620535e+00 1.063762318727712146e-02 4.118448786394178995e+01 1.491858973353852036e-01 3.237826945626302022e-01 2.916754183176212933e+01
9.902370353677789616e-01 9.726035448055868338e-02 5.055290612204660761e+01 1.697525566160802968e-01 1.761502950094638031e-01 3.092698154826265622e+01
1.005303740223113529e+00 1.197658560638572289e-01 4.280066864281921113e+01 3.146765829345936627e-01 2.054124247546094961e-01 2.969220453354306599e+01
1.018344438911491290e+00 7.656461303694397924e-02 4.814497853875100475e+01 2.766973755595478757e-01 1.772613328082407735e-01 2.961032158567608263e+01
1.018344438911491290e+00 7.656461303694397924e-02 4.814497853875100475e+01 2.766973755595478757e-01 1.772613328082407735e-01 2.961032158567608263e+01
1.038314376636855663e+00 9.803366261492411915e-02 4.444550410352396597e+01 2.585180680284523413e-01 1.623302668704149077e-01 3.308123378871378151e+01
1.036732097215321557e+00 9.352978552395224687e-02 4.762362101290594296e+01 2.938256989611603975e-01 2.143291007386281533e-01 3.013234218502951833e+01
1.036732097215321557e+00 9.352978552395224687e-02 4.762362101290594296e+01 2.938256989611603975e-01 2.143291007386281533e-01 3.013234218502951833e+01
1.096981676197100297e+00 1.492393320694606063e-01 4.176911765899708229e+01 2.835470363753070933e-01 1.924459839352428148e-01 2.910361693268754379e+01
1.039421682582484241e+00 1.312645936263676372e-01 4.642771582412802189e+01 1.334081958253427180e-01 2.642134432574657077e-01 3.444189228274635184e+01
1.073685278078912564e+00 1.206399383314949031e-01 4.614698965472216940e+01 1.452921870122420855e-01 2.380901827463407228e-01 3.184833576787615428e+01
1.073685278078912564e+00 1.206399383314949031e-01 4.614698965472216940e+01 1.452921870122420855e-01 2.380901827463407228e-01 3.184833576787615428e+01
1.014544517850435312e+00 8.512735770578436223e-02 5.088396410089077193e+01 9.918794633817581974e-02 2.599532205056264700e-01 3.424778295656268057e+01
1.012930497349424419e+00 1.118974538866617102e-01 4.461638822984216546e+01 1.758431783189648434e-01 2.587964591153041338e-01 3.512958257786565497e+01
1.001048313479802720e+00 1.156051996773836271e-01 4.291291428699423705e+01 7.676831634289345285e-02 2.788645387745871673e-01 3.310063199185653815e+01
1.080208847890095969e+00 2.395868171689891427e-02 4.215786101788962270e+01 6.116283553049343957e-02 2.175432626965219385e-01 2.824595497653438159e+01
1.024026798706966224e+00 6.419749979624879421e-02 4.234755506812238224e+01 1.948884640304612836e-01 3.370897878909115408e-01 2.739413149440239437e+01
1.079240438265525182e+00 9.023676006579303688e-02 3.210722926395813204e+01 2.002384164585610249e-01 3.405883849899745686e-01 3.149788972062894032e+01
1.079240438265525182e+00 9.023676006579303688e-02 3.210722926395813204e+01 2.002384164585610249e-01 3.405883849899745686e-01 3.149788972062894032e+01
1.028362457834305133e+00 5.165776377344419995e-02 3.015550361273093216e+01 1.231995528139756824e-01 3.661170185616541839e-01 3.536776006030407160e+01
9.900918618345420086e-01 4.187636564476352602e-02 3.082922856281321344e+01 1.036796006469926923e-01 3.824300282804394824e-01 3.213784049435187029e+01
9.900918618345420086e-01 4.187636564476352602e-02 3.082922856281321344e+01 1.036796006469926923e-01 3.824300282804394824e-01 3.213784049435187029e+01
1.103523004946654007e+00 2.556374600615576170e-02 3.589056162174370712e+01 2.441139333627324048e-01 4.043006594156459688e-01 3.843184577451157224e+01
1.103523004946654007e+00 2.556374600615576170e-02 3.589056162174370712e+01 2.441139333627324048e-01 4.043006594156459688e-01 3.843184577451157224e+01
1.092837838828524699e+00 4.340542492410093961e-02 4.260830772260947441e+01 2.284735035815234350e-01 3.678781490716710456e-01 3.520977302021252342e+01
1.092837838828524699e+00 4.340542492410093961e-02 4.260830772260947441e+01 2.284735035815234350e-01 3.678781490716710456e-01 3.520977302021252342e+01
1.082935020992469521e+00 1.197865514457996817e-03 3.248339828200958834e+01 1.906024538936880730e-01 4.759482586009205485e-01 3.806476064593120157e+01
1.095741938670765414e+00 3.868883999032094595e-02 3.223182168962803473e+01 1.843695525683794745e-01 4.096422509785256350e-01 3.642684951484118017e+01
1.095741938670765414e+00 3.868883999032094595e-02 3.223182168962803473e+01 1.843695525683794745e-01 4.096422509785256350e-01 3.642684951484118017e+01
1.055015403328158685e+00 0.000000000000000000e+00 3.585853792475875679e+01 2.125569354800704580e-01 4.628005287812425039e-01 3.911598938211803755e+01
1.055015403328158685e+00 0.000000000000000000e+00 3.585853792475875679e+01 2.125569354800704580e-01 4.628005287812425039e-01 3.911598938211803755e+01
1.084714727021847347e+00 4.488928418119825757e-03 3.676896512469892997e+01 2.910862383087472471e-01 4.396017740864284207e-01 3.762873487778829684e+01
1.084714727021847347e+00 4.488928418119825757e-03 3.676896512469892997e+01 2.910862383087472471e-01 4.396017740864284207e-01 3.762873487778829684e+01
1.092725118845792043e+00 1.639012698666085857e-02 2.914793475307297044e+01 2.513823616897150615e-01 4.637616676767234436e-01 4.000000000000000000e+01
1.092725118845792043e+00 1.639012698666085857e-02 2.914793475307297044e+01 2.513823616897150615e-01 4.637616676767234436e-01 4.000000000000000000e+01
1.063149832286824026e+00 3.424188190566842399e-02 3.485354081745325772e+01 2.028499011201417845e-01 4.366788072634915641e-01 3.900102499257970123e+01
1.063149832286824026e+00 3.424188190566842399e-02 3.485354081745325772e+01 2.028499011201417845e-01 4.366788072634915641e-01 3.900102499257970123e+01
1.085198913205315252e+00 1.024093101107792503e-02 3.200287649786593391e+01 2.378509041512794076e-01 4.247661008480755895e-01 4.000000000000000000e+01
1.088651889912261472e+00 8.433047559892461326e-03 3.787960885444556425e+01 2.142242282411284393e-01 4.103164449090421773e-01 4.000000000000000000e+01
1.088651889912261472e+00 8.433047559892461326e-03 3.787960885444556425e+01 2.142242282411284393e-01 4.103164449090421773e-01 4.000000000000000000e+01
1.044727943275739923e+00 2.254811796833609827e-02 4.003532658209747552e+01 1.838425998953415741e-01 4.607828406931002152e-01 3.183186837104841871e+01
1.043265154915601123e+00 4.860136471695597482e-02 3.760796763984582469e+01 2.536979654738200640e-01 4.900165926775884584e-01 3.096598967314839257e+01
1.043265154915601123e+00 4.860136471695597482e-02 3.760796763984582469e+01 2.536979654738200640e-01 4.900165926775884584e-01 3.096598967314839257e+01
1.069854363057803903e+00 8.102988366678654658e-03 4.583623172859419270e+01 1.868590983975815245e-01 4.725776111450719630e-01 3.151591375629760350e+01
1.069854363057803903e+00 8.102988366678654658e-03 4.583623172859419270e+01 1.868590983975815245e-01 4.725776111450719630e-01 3.151591375629760350e+01
1.088799142585662461e+00 3.147614814967712032e-02 4.084757342095124244e+01 2.038050176370617972e-01 4.751966818000826764e-01 3.040931888316713483e+01
1.036402779827298781e+00 1.043939090784778631e-02 3.958797680074533787e+01 1.759254115997210544e-01 4.767179469347955778e-01 3.154510934894700114e+01
1.036402779827298781e+00 1.043939090784778631e-02 3.958797680074533787e+01 1.759254115997210544e-01 4.767179469347955778e-01 3.154510934894700114e+01
1.032735983499726062e+00 8.759851093570372726e-02 3.542492234709726517e+01 4.164652654697542644e-01 4.313281157674970223e-01 3.959659541442206887e+01
1.035867900095560179e+00 9.563955062945826702e-02 4.026455229752022547e+01 4.239903679959528549e-01 4.483394039433570288e-01 3.723064350983365500e+01
1.086270031680808268e+00 7.409474143484402753e-02 3.881614323565806046e+01 3.806481880930081552e-01 4.249510116760328859e-01 4.000000000000000000e+01
1.026054387727449724e+00 1.096035954900232978e-01 3.525937247517195061e+01 4.849663332974017971e-01 4.426816575869393922e-01 3.847569698515086145e+01
1.026054387727449724e+00 1.096035954900232978e-01 3.525937247517195061e+01 4.849663332974017971e-01 4.426816575869393922e-01 3.847569698515086145e+01
1.056233327111903986e+00 1.045293557095547804e-01 4.063917053285017289e+01 4.041568032645107555e-01 4.382317281655449537e-01 3.816034472172788838e+01
1.056076161183360007e+00 1.215298894911076046e-02 3.625802928821163817e+01 2.798061334125945265e-01 4.471092021690923346e-01 3.743970473494666606e+01
1.124674197327676151e+00 2.619343837274116030e-02 3.192878080029894861e+01 3.115289188228382300e-01 4.555748500170321291e-01 3.704668846404973692e+01
1.124674197327676151e+00 2.619343837274116030e-02 3.192878080029894861e+01 3.115289188228382300e-01 4.555748500170321291e-01 3.704668846404973692e+01
1.132722034479873408e+00 7.346406830421638341e-03 3.250235557689818933e+01 3.413710225705862134e-01 4.254727695343592520e-01 3.913247616046003685e+01
1.038025489708149118e+00 1.026292537677579893e-02 3.502328274694219346e+01 3.189928333903181423e-01 4.750753275926867247e-01 4.000000000000000000e+01
1.038025489708149118e+00 1.026292537677579893e-02 3.502328274694219346e+01 3.189928333903181423e-01 4.750753275926867247e-01 4.000000000000000000e+01
1.042492711735178101e+00 3.290894168960588340e-02 3.791585742365903400e+01 3.624584531561590994e-01 3.859191023686610600e-01 3.885132895057805058e+01
1.071720942112835528e+00 2.402304734581829637e-02 3.339088901462443459e+01 3.596007438688911817e-01 4.005287082362811169e-01 3.749974473348643045e+01
1.082249717139694978e+00 3.492333078711470223e-02 3.589227862948185788e+01 3.504295346801905575e-01 4.253730603376627006e-01 3.924402053422855374e+01
1.082249717139694978e+00 3.492333078711470223e-02 3.589227862948185788e+01 3.504295346801905575e-01 4.253730603376627006e-01 3.924402053422855374e+01
1.126675031297008411e+00 3.125779318150952862e-02 3.553516569304229478e+01 3.606731569753487965e-01 4.067768701097084771e-01 3.833217002493589121e+01
1.126675031297008411e+00 3.125779318150952862e-02 3.553516569304229478e+01 3.606731569753487965e-01 4.067768701097084771e-01 3.833217002493589121e+01
1.026698175058237350e+00 5.082239341190480236e-02 3.978935847296753536e+01 3.496371892948270665e-01 3.916033591687164139e-01 3.988075744868191208e+01
1.114825723382249389e+00 1.531897320858640471e-02 4.298110235531881784e+01 3.706432336919848192e-01 3.753858781266257716e-01 3.850685038833142926e+01
1.073038921890715480e+00 3.128388216179207870e-02 4.829262044917764030e+01 3.309557304694923374e-01 3.126187026256519452e-01 3.356777743672844139e+01
1.015274768181815945e+00 4.662013621481906483e-02 4.332495079116963410e+01 1.655132438557230246e-01 2.637187343805460493e-01 2.846888226333310001e+01
9.829755373467954360e-01 1.320266148892015046e-01 3.839739077383331534e+01 9.865001524645454489e-02 3.120376861931561940e-01 2.800870412748362881e+01
9.762453812566782574e-01 5.688983044005599399e-02 3.957033081945665032e+01 1.045066294813091212e-01 2.826024932014692403e-01 2.838201525358762467e+01
9.762453812566782574e-01 5.688983044005599399e-02 3.957033081945665032e+01 1.045066294813091212e-01 2.826024932014692403e-01 2.838201525358762467e+01
1.088996093845176816e+00 2.407271876914941072e-02 4.111422747813907819e+01 3.502253212649414915e-01 3.391910053638227396e-01 2.432514326920784242e+01
1.124354895035493129e+00 1.443414890016117558e-01 4.446407055619638982e+01 2.644734545317744545e-01 2.328113957792005695e-01 2.680661320328909980e+01
1.046719801725370935e+00 4.732408201276644411e-02 2.963102482315212782e+01 2.734516553904130509e-01 3.294110362791838886e-01 2.970084921327907068e+01
1.039068475136877057e+00 2.887595918395014991e-02 3.431841509344580743e+01 2.106679286193019474e-01 4.049574100795393372e-01 2.730543524013205570e+01
1.039068475136877057e+00 2.887595918395014991e-02 3.431841509344580743e+01 2.106679286193019474e-01 4.049574100795393372e-01 2.730543524013205570e+01
1.029462891160803029e+00 6.038357987596197629e-02 3.217996324320461810e+01 2.292416673492890800e-01 3.500513846439699539e-01 2.901049735995513856e+01
1.077985573142348441e+00 9.017466629225243113e-02 3.307885109573889082e+01 2.847566818141332168e-01 3.694568085409628555e-01 2.844604461251439531e+01
1.077985573142348441e+00 9.017466629225243113e-02 3.307885109573889082e+01 2.847566818141332168e-01 3.694568085409628555e-01 2.844604461251439531e+01
1.095739244699426296e+00 3.273875431296597444e-02 2.804007059882266617e+01 1.375275035551383196e-01 3.152559657570133678e-01 3.060369389855628341e+01
1.066423978266931805e+00 5.789389184222047680e-02 3.876827495148360470e+01 2.408977434133920126e-01 4.428902266565684642e-01 2.753631818871370740e+01
1.066423978266931805e+00 5.789389184222047680e-02 3.876827495148360470e+01 2.408977434133920126e-01 4.428902266565684642e-01 2.753631818871370740e+01
1.050334687633518449e+00 3.229515520484649294e-02 3.594516677227565538e+01 3.565048172323344589e-01 4.754679901851761592e-01 2.418506220904093595e+01
1.050334687633518449e+00 3.229515520484649294e-02 3.594516677227565538e+01 3.565048172323344589e-01 4.754679901851761592e-01 2.418506220904093595e+01
1.090690920062389768e+00 3.787651391417343888e-02 3.262086169388626899e+01 1.866669915425448745e-01 2.695059494874366690e-01 2.807036891804177614e+01
1.030952523776031970e+00 2.253610919256270398e-02 3.008596748833874557e+01 1.542526739739538966e-01 2.584490374808724455e-01 2.980747966617390077e+01
1.043969804339570207e+00 3.939247563617996606e-02 3.711367648863894431e+01 1.901870813413799599e-01 2.677741076810913889e-01 2.544213554379211217e+01
1.024920247802002304e+00 4.322866025545941959e-02 3.446041004936142116e+01 1.633015904758872705e-01 2.885102243265842414e-01 2.151664867945488169e+01
9.841233475516094620e-01 7.964608144615431540e-02 3.949703280672376593e+01 2.081161660191678253e-01 3.095465025220967004e-01 2.809029031979991942e+01
9.841233475516094620e-01 7.964608144615431540e-02 3.949703280672376593e+01 2.081161660191678253e-01 3.095465025220967004e-01 2.809029031979991942e+01
1.015873987970367986e+00 6.775528653048223937e-02 3.825376198056629562e+01 2.321358413889927641e-01 3.084784552808708114e-01 2.444883808756644328e+01
1.015873987970367986e+00 6.775528653048223937e-02 3.825376198056629562e+01 2.321358413889927641e-01 3.084784552808708114e-01 2.444883808756644328e+01
1.006358258878891743e+00 2.301779676676016240e-02 3.513206027152058653e+01 1.942006486840733015e-01 2.843661350452844072e-01 2.671936986096569200e+01
9.680750168539956624e-01 8.082896218357799034e-02 4.656311846659336595e+01 3.225243494288608792e-01 2.914048516164537417e-01 3.167283124661306104e+01
1.054881456490750935e+00 8.455819596803013094e-02 4.619258498094111332e+01 2.766862190927090737e-01 2.663539105307644594e-01 3.182779377266698972e+01
1.021284463388467012e+00 7.295518317764115857e-02 4.403765815212616275e+01 2.605082346925692849e-01 2.781894226117976876e-01 3.313607237351067880e+01
9.814376488649707575e-01 1.987490231370127314e-01 3.927427794008902850e+01 5.393079290217525079e-01 3.925057272205441650e-01 3.335607721272175752e+01
1.199478932772883422e+00 1.771999216366892116e-01 3.506720630457866150e+01 4.770620694473496348e-01 2.838834021489818893e-01 2.859292131607946530e+01
1.199478932772883422e+00 1.771999216366892116e-01 3.506720630457866150e+01 4.770620694473496348e-01 2.838834021489818893e-01 2.859292131607946530e+01
1.204677405923977318e+00 1.617004936782425184e-01 3.647035768352166940e+01 4.453235237570786764e-01 2.573859883303045160e-01 2.603985227826511206e+01
1.246941561468293047e+00 1.653793674008081915e-01 3.578860883759779909e+01 4.360790453681286372e-01 2.771363323533921341e-01 3.013456952437563885e+01
1.246941561468293047e+00 1.653793674008081915e-01 3.578860883759779909e+01 4.360790453681286372e-01 2.771363323533921341e-01 3.013456952437563885e+01
1.046922852764891276e+00 9.232010018243040628e-02 5.200000000000000000e+01 4.439265710362878536e-01 2.907136670902852327e-01 2.584425306473657002e+01
9.712076650897949470e-01 7.454652759900751158e-02 4.748643560267833408e+01 4.002605288265750350e-01 2.685814261063211306e-01 2.845219514896643886e+01
9.945517844693256837e-01 9.457609531280140869e-02 4.263477420635324222e+01 3.935599151738806145e-01 2.578495826581690409e-01 2.248383867351817855e+01
9.936335192870399124e-01 4.299608973535954531e-02 4.030196023632266389e+01 3.003889211727968078e-01 3.285284940803922527e-01 2.566992480860766435e+01
9.836894324955672841e-01 1.027424530660746294e-01 3.891529940829382639e+01 4.236273598931071249e-01 3.099993883306966791e-01 2.396874384336181762e+01
9.808893156347650022e-01 6.909643571946387508e-02 4.282550817626775341e+01 3.376274488888000302e-01 3.014708993092948264e-01 2.465027773387426180e+01
1.063580659689820962e+00 4.790616992070288044e-02 4.616138603645972438e+01 3.363375390052729119e-01 3.498818822574146781e-01 2.635758152034206958e+01
1.049328677973443869e+00 8.409744965666385297e-02 4.022668235521965130e+01 3.675838086980435793e-01 3.237692242543820376e-01 3.469318519717608496e+01
1.049328677973443869e+00 8.409744965666385297e-02 4.022668235521965130e+01 3.675838086980435793e-01 3.237692242543820376e-01 3.469318519717608496e+01
1.000026829256390748e+00 6.114749229960701749e-02 2.544849412461532978e+01 3.998048129018042518e-01 3.202777340924788385e-01 3.382800693227708422e+01
1.058688327169310828e+00 8.937804828344797503e-02 3.940523355081811019e+01 3.469769905069280402e-01 4.088663282227211759e-01 3.306267800259902856e+01
1.072732953849802273e+00 1.356776931072614378e-01 5.200000000000000000e+01 5.050513343670082200e-01 2.733432090697458516e-01 4.000000000000000000e+01
1.097474919537201554e+00 1.304506874421059170e-01 5.200000000000000000e+01 5.287577098193552150e-01 2.969869575035456455e-01 3.817241456818180012e+01
1.097474919537201554e+00 1.304506874421059170e-01 5.200000000000000000e+01 5.287577098193552150e-01 2.969869575035456455e-01 3.817241456818180012e+01
1.083897510689596944e+00 1.314867034086304454e-01 5.200000000000000000e+01 5.099523224139365096e-01 2.558516475699958992e-01 4.000000000000000000e+01
1.083897510689596944e+00 1.314867034086304454e-01 5.200000000000000000e+01 5.099523224139365096e-01 2.558516475699958992e-01 4.000000000000000000e+01
1.124473247789739005e+00 1.122292440200177571e-01 4.088953290292170095e+01 5.026860969334234763e-01 2.778027029832716432e-01 3.854753068835334773e+01
1.083593552580225827e+00 1.221285773146559145e-01 3.843347123151545475e+01 4.577997727061182132e-01 2.332010715915036336e-01 3.977193323205804631e+01
1.073984188521663441e+00 1.484078348653068147e-01 5.200000000000000000e+01 4.413201851515288210e-01 2.017101569350983059e-01 3.379011186859110438e+01
1.073984188521663441e+00 1.484078348653068147e-01 5.200000000000000000e+01 4.413201851515288210e-01 2.017101569350983059e-01 3.379011186859110438e+01
1.105188901099684928e+00 1.587338422107473501e-01 4.816360764605107647e+01 5.107062881094953655e-01 2.031385466064020984e-01 3.176241544899685110e+01
1.105188901099684928e+00 1.587338422107473501e-01 4.816360764605107647e+01 5.107062881094953655e-01 2.031385466064020984e-01 3.176241544899685110e+01
1.058356109722967009e+00 1.356679591664942119e-01 5.157670449255780198e+01 4.798334213834917206e-01 1.993175270461945703e-01 2.979436532708887242e+01
1.022842242379216504e+00 1.304625910853871584e-01 4.204559125162830213e+01 5.262493616374812611e-01 2.934578410229891632e-01 3.074951456887485790e+01
1.022842242379216504e+00 1.304625910853871584e-01 4.204559125162830213e+01 5.262493616374812611e-01 2.934578410229891632e-01 3.074951456887485790e+01
9.762108510603620948e-01 1.219227761356228984e-01 4.370070601282583311e+01 5.603673249976034443e-01 3.147626540609419488e-01 3.129092594446687059e+01
9.851345834550929714e-01 1.172994378482307420e-01 4.309327932904905367e+01 5.808015591237190023e-01 3.480380097582290722e-01 3.043276970879247756e+01
1.053422055274900515e+00 1.729074383664597758e-01 3.229218697478754052e+01 4.740442346722837375e-01 3.656176725694643137e-01 3.203514882578097200e+01
9.817641214223336021e-01 1.844888479427651551e-01 3.661386447115187792e+01 4.520011077934356081e-01 3.733890281452077464e-01 3.165702610045168441e+01
9.691893990802189496e-01 1.311675200580468548e-01 4.064139081845280543e+01 5.079194431451146130e-01 3.537249452518726467e-01 3.163528167029144456e+01
9.691893990802189496e-01 1.311675200580468548e-01 4.064139081845280543e+01 5.079194431451146130e-01 3.537249452518726467e-01 3.163528167029144456e+01
9.833584112391556831e-01 1.744326871788771938e-01 3.860479262211252660e+01 4.700742623059670500e-01 3.765988669422135615e-01 3.085306569490298045e+01
9.794160621752721063e-01 1.497731904289643368e-01 3.799300486562709267e+01 5.360919456248579573e-01 3.506237254250466617e-01 3.217654998143590461e+01
9.794160621752721063e-01 1.497731904289643368e-01 3.799300486562709267e+01 5.360919456248579573e-01 3.506237254250466617e-01 3.217654998143590461e+01
9.701072656131645155e-01 1.599251357016051034e-01 3.394582100514460166e+01 4.655959787088321256e-01 3.364474047707339821e-01 3.326765591017674950e+01
1.033390534807281602e+00 1.397534096420000038e-01 3.019245410377189387e+01 5.275417425031287966e-01 4.076434763296599706e-01 3.398116529369154648e+01
1.033390534807281602e+00 1.397534096420000038e-01 3.019245410377189387e+01 5.275417425031287966e-01 4.076434763296599706e-01 3.398116529369154648e+01
9.549902390802835761e-01 1.497360707077213526e-01 3.523980621876380326e+01 4.803953179339616741e-01 3.353079269639229198e-01 3.102534994780056721e+01
9.933796234254467228e-01 1.531347700737291928e-01 3.682325204871818158e+01 5.243321670204575957e-01 3.223329456527845305e-01 3.505963788205121290e+01
9.933796234254467228e-01 1.531347700737291928e-01 3.682325204871818158e+01 5.243321670204575957e-01 3.223329456527845305e-01 3.505963788205121290e+01
9.811663083505367533e-01 1.843922258246241952e-01 3.441745221010643263e+01 4.903338014009038237e-01 3.306638859925692397e-01 3.527328316398787678e+01
9.528822612766856270e-01 1.421038084937887302e-01 4.776791607156225439e+01 3.025620729489336691e-01 3.427009235898952899e-01 2.356257193781686965e+01
9.177937591914466786e-01 1.271852646747154703e-01 4.814006769365146710e+01 3.746303745536734842e-01 3.727868161125739710e-01 2.039174929945689740e+01
9.177937591914466786e-01 1.271852646747154703e-01 4.814006769365146710e+01 3.746303745536734842e-01 3.727868161125739710e-01 2.039174929945689740e+01
9.552006447067170614e-01 1.424188296626903161e-01 4.406669359212700954e+01 2.799246884718671891e-01 3.532093199853192367e-01 2.348266458016280112e+01
1.008867819123152154e+00 7.843334409597738088e-02 2.650403877269642550e+01 2.139378928739222585e-01 3.227178125175779178e-01 2.872295448094529036e+01
9.602718518016315485e-01 9.965044246017060181e-02 2.879589823925917003e+01 2.185061649935415296e-01 2.756977238237191541e-01 2.703579888601914405e+01
1.053972358900747475e+00 9.217236264354383701e-02 4.183059856630302420e+01 2.496092229229785742e-01 3.027786127401103089e-01 2.801695851660630865e+01
1.062383509061596509e+00 7.861943301098373027e-02 4.595070838421405313e+01 1.864368600338267012e-01 2.155518838104269197e-01 2.913956423268288631e+01
1.062383509061596509e+00 7.861943301098373027e-02 4.595070838421405313e+01 1.864368600338267012e-01 2.155518838104269197e-01 2.913956423268288631e+01
9.736496259287249488e-01 1.116579390176321296e-03 5.156946310344416418e+01 1.432388731336293464e-01 2.303229036679015074e-01 2.947741177854500449e+01
9.736496259287249488e-01 1.116579390176321296e-03 5.156946310344416418e+01 1.432388731336293464e-01 2.303229036679015074e-01 2.947741177854500449e+01
1.061684544097998062e+00 1.748762188675499762e-02 5.200000000000000000e+01 2.142988094097315055e-01 2.252871040427985028e-01 2.825552235719690586e+01
1.084235903366203457e+00 9.519283856347297845e-02 3.534884765549151098e+01 2.344726345681287238e-01 2.975008059558972850e-01 2.544235364445311376e+01
9.874771221273738186e-01 2.637932045592072949e-02 4.358389131207020739e+01 3.084150923981476278e-01 2.893744986606519576e-01 2.696357805522409734e+01
9.874771221273738186e-01 2.637932045592072949e-02 4.358389131207020739e+01 3.084150923981476278e-01 2.893744986606519576e-01 2.696357805522409734e+01
1.029029090945631664e+00 0.000000000000000000e+00 4.048362010378635034e+01 3.107544139284660334e-01 3.329333413794103302e-01 2.783857866216414223e+01
1.084646603092406458e+00 1.593396067831957461e-03 4.184337802778910742e+01 2.313052585505015191e-01 3.952878773494552522e-01 2.581341526231934225e+01
1.084646603092406458e+00 1.593396067831957461e-03 4.184337802778910742e+01 2.313052585505015191e-01 3.952878773494552522e-01 2.581341526231934225e+01
1.003875344595877905e+00 7.264075928702747563e-03 4.114891246097177202e+01 3.254758110098250889e-01 3.776221788269993329e-01 2.478345921334794610e+01
1.052413767436296110e+00 3.572195840922798987e-02 4.592619667243275217e+01 3.048311638248768496e-01 3.507066842491525227e-01 2.551372018431987954e+01
1.052413767436296110e+00 3.572195840922798987e-02 4.592619667243275217e+01 3.048311638248768496e-01 3.507066842491525227e-01 2.551372018431987954e+01
1.103880966524694918e+00 0.000000000000000000e+00 4.090287740475947942e+01 2.623369984574602798e-01 3.218389679209804344e-01 3.056090031376479743e+01
1.050281817969773934e+00 2.396295224794450091e-02 4.548708020975969646e+01 3.159903136504056964e-01 3.224808039870710186e-01 2.690109339179558035e+01
1.050281817969773934e+00 2.396295224794450091e-02 4.548708020975969646e+01 3.159903136504056964e-01 3.224808039870710186e-01 2.690109339179558035e+01
1.072115608358604533e+00 4.542905698940569170e-02 4.396668083603449872e+01 2.426858285205095722e-01 3.441223868314154943e-01 2.543532716415388961e+01
1.007559982174779378e+00 3.085698908535262908e-02 2.976075102549638274e+01 2.189840711021564523e-01 4.503076558547428609e-01 2.615795805277471686e+01
1.007559982174779378e+00 3.085698908535262908e-02 2.976075102549638274e+01 2.189840711021564523e-01 4.503076558547428609e-01 2.615795805277471686e+01
1.018165464574217305e+00 0.000000000000000000e+00 3.225803236112763273e+01 1.415463016836670807e-01 4.402249204388496984e-01 2.732252011822623317e+01
1.071438416914645586e+00 3.364021646630530049e-02 4.180549565737269546e+01 9.098949150939726616e-02 2.840128138247241529e-01 2.693978777021074222e+01
1.114944231032450661e+00 0.000000000000000000e+00 4.181146271803565639e+01 1.237424430813756637e-01 3.046219331737184399e-01 2.392137329947077973e+01
1.114944231032450661e+00 0.000000000000000000e+00 4.181146271803565639e+01 1.237424430813756637e-01 3.046219331737184399e-01 2.392137329947077973e+01
1.103237436222472390e+00 2.882207812160849508e-02 4.228920807860868791e+01 8.373608965747354749e-02 2.724559831496855544e-01 2.475499005582318190e+01
1.082952576838388747e+00 2.037691080033614266e-02 3.866930444075385509e+01 1.418836919285852427e-01 2.763867194538015548e-01 2.463887258669603497e+01
1.082952576838388747e+00 2.037691080033614266e-02 3.866930444075385509e+01 1.418836919285852427e-01 2.763867194538015548e-01 2.463887258669603497e+01
1.084086940641685759e+00 0.000000000000000000e+00 4.327331383680642318e+01 9.095390943485352764e-02 2.975146959320466578e-01 2.718452520414346907e+01
9.754558713985634899e-01 9.060682152856547322e-03 3.555044953907177785e+01 8.389775339685345834e-02 3.660259077428316132e-01 2.664146346136621446e+01
1.075295424533265765e+00 6.261526331567433823e-02 4.909895040658312837e+01 1.406220630947731809e-01 4.572007071911919907e-01 2.225002588417690319e+01
1.035896637379916552e+00 5.285302095226337982e-02 3.219363596286793694e+01 3.310761882870345563e-01 3.720890898788968837e-01 2.987243185870574891e+01
1.090779387525186328e+00 5.580794399632762331e-02 3.571664261201828339e+01 3.503237672172217487e-01 3.676191808251659809e-01 2.807297676646859230e+01
1.072666370913734957e+00 2.985238343650454054e-02 3.956142504505306334e+01 3.287188941003491571e-01 3.503365270630119932e-01 2.684440889513979300e+01
1.072666370913734957e+00 2.985238343650454054e-02 3.956142504505306334e+01 3.287188941003491571e-01 3.503365270630119932e-01 2.684440889513979300e+01
1.057959790646435083e+00 9.596914295709545184e-03 3.759262803191184332e+01 3.543425288671038786e-01 3.777824215394838814e-01 2.843006182963379658e+01
8.824775127173001277e-01 1.841367678029001698e-01 4.113549356320237393e+01 3.037529288776280589e-01 2.484882882091384582e-01 3.218670980914293978e+01
8.824775127173001277e-01 1.841367678029001698e-01 4.113549356320237393e+01 3.037529288776280589e-01 2.484882882091384582e-01 3.218670980914293978e+01
8.685982887589702717e-01 1.825735856520703526e-01 4.016442917230322251e+01 3.144111577269742552e-01 2.317630186715875784e-01 3.464201508570813104e+01
9.154500581094666689e-01 2.047245736691295781e-01 3.922662518438228574e+01 2.607768399256997771e-01 2.836075611432264942e-01 3.839101793440202925e+01
9.154500581094666689e-01 2.047245736691295781e-01 3.922662518438228574e+01 2.607768399256997771e-01 2.836075611432264942e-01 3.839101793440202925e+01
9.206975587848501563e-01 1.484903764911510438e-01 4.087068453428417314e+01 3.451752414986253847e-01 2.891837775168286107e-01 3.481581938806684207e+01
9.206975587848501563e-01 1.484903764911510438e-01 4.087068453428417314e+01 3.451752414986253847e-01 2.891837775168286107e-01 3.481581938806684207e+01
9.414305071755569854e-01 1.714283777388972418e-01 3.686741544603065535e+01 2.984944910304981325e-01 3.372842251897852917e-01 3.617589853289010193e+01
9.029214803452638716e-01 1.702664226792865998e-01 3.731022890643814804e+01 2.800979749666302476e-01 3.286931498124578965e-01 3.439505837166789348e+01
9.029214803452638716e-01 1.702664226792865998e-01 3.731022890643814804e+01 2.800979749666302476e-01 3.286931498124578965e-01 3.439505837166789348e+01
9.634944229757238521e-01 1.844747138847344647e-01 3.324757993230101505e+01 2.578851560869456772e-01 3.413345696761596604e-01 3.643659460253611115e+01
9.432770056919945745e-01 1.214870598773497568e-01 3.398461844631777495e+01 3.033146239932038024e-01 3.139809552082228339e-01 3.428514256480568179e+01
9.432770056919945745e-01 1.214870598773497568e-01 3.398461844631777495e+01 3.033146239932038024e-01 3.139809552082228339e-01 3.428514256480568179e+01
1.056388055762604194e+00 2.345657330461561191e-02 3.168690857274474126e+01 3.642764556216091520e-01 2.429461008999460880e-01 1.921603634797266480e+01
1.043479585577269608e+00 1.921829002803761635e-02 3.506941061112232205e+01 3.347237255058107541e-01 2.590952384990511392e-01 2.399335507499409204e+01
1.043479585577269608e+00 1.921829002803761635e-02 3.506941061112232205e+01 3.347237255058107541e-01 2.590952384990511392e-01 2.399335507499409204e+01
1.038739197175412077e+00 0.000000000000000000e+00 2.953700093008414740e+01 3.356583535405497365e-01 2.766158162295001555e-01 2.414078601682801661e+01
9.959809664429117859e-01 3.726399824785558978e-02 2.241281531008443295e+01 2.253532366927311070e-01 3.252626510705452501e-01 2.920891228222478375e+01
9.689735085813089288e-01 1.204392678272325490e-01 3.249925206846786097e+01 4.865783872006564093e-02 3.119240781116053851e-01 2.917665262489439826e+01
9.007928922702678198e-01 9.246122657338123885e-02 4.293006114880666502e+01 4.755386852997131042e-01 3.012903698831289057e-01 2.763669342814247898e+01
1.085088817758700808e+00 5.119061585301847711e-02 4.238131907718055658e+01 3.270136783180935813e-01 1.958485581051344071e-01 2.762301654378066118e+01
1.085088817758700808e+00 5.119061585301847711e-02 4.238131907718055658e+01 3.270136783180935813e-01 1.958485581051344071e-01 2.762301654378066118e+01
1.074131444438993555e+00 5.730631645543891178e-02 4.465679732558750459e+01 3.402717929774665695e-01 2.417588959883817668e-01 3.103092349933354654e+01
9.750117238209957682e-01 6.497708775391189406e-02 4.656051899364118896e+01 2.842181323717802299e-01 2.808989532794232691e-01 2.975194017176698580e+01
9.562188852087061264e-01 1.857987729253737508e-01 3.147150234340166008e+01 3.812307995252492421e-01 3.205177522801416212e-01 2.347927641486516848e+01
9.807284767404064185e-01 8.221542570593746990e-02 3.926505082855059214e+01 2.047844183601588153e-01 3.534117896086678146e-01 2.374318057231288748e+01
1.122304664481688086e+00 9.688573633816073560e-02 2.747849173728058503e+01 3.631829504265172703e-01 3.461270890532002764e-01 3.361997559193097374e+01
1.047577070149994460e+00 1.845853683042575910e-01 2.915432287406367351e+01 3.544774177842113239e-01 4.239973114916390506e-01 2.937785368897586480e+01
1.047577070149994460e+00 1.845853683042575910e-01 2.915432287406367351e+01 3.544774177842113239e-01 4.239973114916390506e-01 2.937785368897586480e+01
1.073741057218823958e+00 1.092498370008359171e-01 3.221191793003080051e+01 3.135410622245222712e-01 3.526552115976579471e-01 2.946974270029990706e+01
1.068926025195235940e+00 6.270895063570583461e-02 3.318832897839411800e+01 3.740451728669665910e-01 3.305935206730488685e-01 2.681731335278389494e+01
1.027902837202534281e+00 6.631051794933405519e-02 4.204575032811836621e+01 3.178335960611786137e-01 3.635849488653802863e-01 2.355834602009700163e+01
1.023939423442877361e+00 5.151412530504838327e-02 3.819758899617893633e+01 3.079737285902512389e-01 3.400781363526966805e-01 2.488803018258850486e+01
1.023939423442877361e+00 5.151412530504838327e-02 3.819758899617893633e+01 3.079737285902512389e-01 3.400781363526966805e-01 2.488803018258850486e+01
9.938311936870199981e-01 7.055822205204637099e-02 4.108301370200627645e+01 4.012694833797334493e-01 3.677807837095019572e-01 3.004526541755189228e+01
1.027814924771494720e+00 4.621306937813315918e-02 3.145230952647953160e+01 2.698144395507195981e-01 3.249889082980861876e-01 3.191386135210538910e+01
1.027814924771494720e+00 4.621306937813315918e-02 3.145230952647953160e+01 2.698144395507195981e-01 3.249889082980861876e-01 3.191386135210538910e+01
1.133833049251606884e+00 2.119423748285570730e-01 2.922099445294781717e+01 4.120205813194394162e-01 3.902634389616994048e-01 3.542125308593630706e+01
1.133833049251606884e+00 2.119423748285570730e-01 2.922099445294781717e+01 4.120205813194394162e-01 3.902634389616994048e-01 3.542125308593630706e+01
1.136367807302105071e+00 1.985398711217996881e-01 2.705630995229036628e+01 4.021990709838275668e-01 4.112250555802392515e-01 3.224296059415232207e+01
1.136311604671431885e+00 1.783678464389002183e-01 3.140951294222193368e+01 3.739914005639071726e-01 4.044896418194193211e-01 3.124038418292198926e+01
1.136311604671431885e+00 1.783678464389002183e-01 3.140951294222193368e+01 3.739914005639071726e-01 4.044896418194193211e-01 3.124038418292198926e+01
1.093255615478469167e+00 1.633127369575136933e-01 3.589584576083201028e+01 3.899506961436544072e-01 3.809474927249313914e-01 2.924906540121019205e+01
1.094637019664298272e+00 1.848471615461250439e-01 3.027429091289943131e+01 4.465718757458982391e-01 4.047359489512018516e-01 3.029412951682727950e+01
1.094637019664298272e+00 1.848471615461250439e-01 3.027429091289943131e+01 4.465718757458982391e-01 4.047359489512018516e-01 3.029412951682727950e+01
1.096512452925403558e+00 1.762784283635811799e-01 3.461633789755296675e+01 4.092271102157520879e-01 3.602252897207194327e-01 3.063872173500777052e+01
1.096512452925403558e+00 1.762784283635811799e-01 3.461633789755296675e+01 4.092271102157520879e-01 3.602252897207194327e-01 3.063872173500777052e+01
1.093447418271551452e+00 1.959923169884388305e-01 3.195137862636900650e+01 3.681995694529826002e-01 3.796963210012821999e-01 3.150052276894902548e+01
1.093447418271551452e+00 1.959923169884388305e-01 3.195137862636900650e+01 3.681995694529826002e-01 3.796963210012821999e-01 3.150052276894902548e+01
1.066404882534977228e+00 3.537460198103331566e-02 4.093994445001084870e+01 3.662031049987505282e-01 3.578744419883705952e-01 2.044862723875136368e+01
1.109295287796654650e+00 9.166612371990606745e-02 2.521673916241806879e+01 3.015405750574850496e-01 3.728970779253062973e-01 1.776428009937331609e+01
1.064500634016474656e+00 8.701235116284225524e-02 2.720178325818872622e+01 3.183360225156842693e-01 4.192001680016945731e-01 1.735552221618931767e+01
1.167425562578552789e+00 1.775277107056561499e-01 1.927396657110178069e+01 3.111636962651077587e-01 3.623509071816973237e-01 3.660599169528705943e+01
1.167425562578552789e+00 1.775277107056561499e-01 1.927396657110178069e+01 3.111636962651077587e-01 3.623509071816973237e-01 3.660599169528705943e+01
1.174505611050857157e+00 1.367934805923995689e-01 2.463977259128223452e+01 3.698992822948100057e-01 4.099860889139836928e-01 3.445223267503440212e+01
1.179423575332926521e+00 1.230700998831968651e-01 2.758498095145290208e+01 3.886889145400975187e-01 3.315617012907937089e-01 3.420351417812821637e+01
1.179423575332926521e+00 1.230700998831968651e-01 2.758498095145290208e+01 3.886889145400975187e-01 3.315617012907937089e-01 3.420351417812821637e+01
1.138745110962203766e+00 1.776236521052192152e-01 2.633390829889938090e+01 3.063859302545633989e-01 3.526411081512566548e-01 3.708664810761880659e+01
1.146592716616247287e+00 6.979148012406426183e-02 2.796449690260211796e+01 5.078388297487473890e-01 4.012891878842574367e-01 2.654552553666988857e+01
1.211897684670716124e+00 1.144538552288314054e-01 3.641538155660635567e+01 5.004384059448985234e-01 2.850752486297001842e-01 2.791145856535536751e+01
1.202279148402847220e+00 1.081065029721073739e-01 3.548708209068844610e+01 4.532604589539563356e-01 2.734300307286177123e-01 2.713951398674874582e+01
1.172732597837241819e+00 1.156308341106836585e-01 3.456794107710772579e+01 5.090211489128360078e-01 3.285864372606439598e-01 2.887001108670267158e+01
1.166763718751180123e+00 1.281262009475957753e-01 3.250363207508378594e+01 5.510809161782409538e-01 3.232705749408386620e-01 2.791561597653128857e+01
1.119587798273629753e+00 1.164882966067905257e-01 3.226904298974470464e+01 3.077965787274307141e-01 3.065411058648573328e-01 2.904331191384661892e+01
1.119587798273629753e+00 1.164882966067905257e-01 3.226904298974470464e+01 3.077965787274307141e-01 3.065411058648573328e-01 2.904331191384661892e+01
1.167253036418297363e+00 1.018272580638904939e-01 2.759844538855175244e+01 5.484985716648201892e-01 4.620392459728154266e-01 2.509201214413204895e+01
1.200611750730004701e+00 5.270462539912465494e-02 3.153125356358282616e+01 4.539726652645049709e-01 4.959240169709094870e-01 2.428066206661395299e+01
1.173762203363706513e+00 7.561800240338470425e-02 3.194465139703655510e+01 4.307138629057638557e-01 4.567794938160308349e-01 2.450526094742571104e+01
1.173762203363706513e+00 7.561800240338470425e-02 3.194465139703655510e+01 4.307138629057638557e-01 4.567794938160308349e-01 2.450526094742571104e+01
1.159305374061483818e+00 8.335861601261262965e-02 2.936655072596685301e+01 3.924923032828523395e-01 3.993920560690928379e-01 2.484256915108764829e+01
1.028843247054792354e+00 1.056556113457949794e-02 1.610558515655708689e+01 3.992899717671774540e-01 4.129341629384112311e-01 3.440424708296340839e+01
1.081217487960324686e+00 4.537432543250299183e-02 1.734753338737501593e+01 5.337955490989172436e-01 3.968320176872113803e-01 2.777980910147721971e+01
1.097584507607604731e+00 5.273675944227151219e-02 2.044976022299880825e+01 5.517386267957345991e-01 4.029337140550259821e-01 2.567347437546246525e+01
1.109573429577767500e+00 9.341564721267965610e-03 3.264370402977755958e+01 4.348338451720082931e-01 3.195771383098190976e-01 3.384099842866746854e+01
1.109573429577767500e+00 9.341564721267965610e-03 3.264370402977755958e+01 4.348338451720082931e-01 3.195771383098190976e-01 3.384099842866746854e+01
1.109596296340450206e+00 5.274659535215835138e-02 2.754199291151637397e+01 4.476947504118152787e-01 3.294723208890824595e-01 3.586982827385866557e+01
1.109596296340450206e+00 5.274659535215835138e-02 2.754199291151637397e+01 4.476947504118152787e-01 3.294723208890824595e-01 3.586982827385866557e+01
1.120332744278546899e+00 0.000000000000000000e+00 2.998521502230874702e+01 4.138787117822060879e-01 3.145975779709316300e-01 3.386802509682336648e+01
1.014932737970472676e+00 1.066138815567000131e-01 4.122992679856651677e+01 5.018168746508067102e-01 3.520024962921605161e-01 3.160062083144115164e+01
1.014932737970472676e+00 1.066138815567000131e-01 4.122992679856651677e+01 5.018168746508067102e-01 3.520024962921605161e-01 3.160062083144115164e+01
1.022055210590620433e+00 9.219854825378839824e-02 3.522781408629671773e+01 5.217887839511828885e-01 3.735505717815761351e-01 3.109339647080216551e+01
1.022055210590620433e+00 9.219854825378839824e-02 3.522781408629671773e+01 5.217887839511828885e-01 3.735505717815761351e-01 3.109339647080216551e+01
1.064477485303085835e+00 9.256253311574570708e-02 4.158668788596101251e+01 4.797243125428529709e-01 3.550323965001427329e-01 3.122231964279476202e+01
1.043804973000414194e+00 8.405638743578575101e-02 3.579060127597268348e+01 4.842981631386256702e-01 3.361798071174632585e-01 2.924079353456469832e+01
1.043804973000414194e+00 8.405638743578575101e-02 3.579060127597268348e+01 4.842981631386256702e-01 3.361798071174632585e-01 2.924079353456469832e+01
1.017723088793125896e+00 1.035479841394949807e-01 4.112146425927038962e+01 4.972618622595786353e-01 3.480746317966554315e-01 3.069414127705221063e+01
1.017723088793125896e+00 1.035479841394949807e-01 4.112146425927038962e+01 4.972618622595786353e-01 3.480746317966554315e-01 3.069414127705221063e+01
1.071183992051043976e+00 2.473930438838123011e-02 2.713789645656967409e+01 4.688877705355330994e-01 3.779740117015153444e-01 3.552862433487948834e+01
1.124756555712733030e+00 4.933481443859455418e-02 2.725420713184134769e+01 3.596458416171496308e-01 4.531322580013085188e-01 3.554245839655148131e+01
1.116157526031304359e+00 7.952663134911845677e-02 2.879174190122993693e+01 3.210953937668867830e-01 4.218071809602179645e-01 3.276076412928919979e+01
1.170019444053403079e+00 6.748739194380247441e-02 3.217155333777496651e+01 3.657552242256835173e-01 4.602308947613971690e-01 3.311633772065598436e+01
1.099129444594413529e+00 1.014839462520750885e-01 3.540752617291295934e+01 3.205083951715494428e-01 4.280661616684742210e-01 3.349728223642573255e+01
1.098849110765551140e+00 6.437378590233723552e-02 2.986262639580975176e+01 4.002676626929460024e-01 5.029067855277694621e-01 3.331311203237878971e+01
1.098849110765551140e+00 6.437378590233723552e-02 2.986262639580975176e+01 4.002676626929460024e-01 5.029067855277694621e-01 3.331311203237878971e+01
1.063572344581346085e+00 5.009687085791594829e-03 2.493736547805274029e+01 3.843026894899475021e-01 5.237640438308488466e-01 3.216515332148620843e+01
1.063572344581346085e+00 5.009687085791594829e-03 2.493736547805274029e+01 3.843026894899475021e-01 5.237640438308488466e-01 3.216515332148620843e+01
1.113098848748717229e+00 4.075439794581644376e-02 2.111782222637037876e+01 4.058899622316707867e-01 4.817980318426585140e-01 3.144855750097384117e+01
1.031296186398764192e+00 3.597991745426444565e-03 2.508908435748500665e+01 3.543665159143258303e-01 4.855242550379145205e-01 3.917141172445092678e+01
1.106411830743675662e+00 6.448752675101152021e-02 2.705362212021277557e+01 3.707734317891551168e-01 4.863044266899356760e-01 3.351676986371120393e+01
1.089762352806417312e+00 2.632363659127185881e-02 2.817960126893223105e+01 4.197144597947588540e-01 4.766506406296370790e-01 3.667542023265053786e+01
1.089762352806417312e+00 2.632363659127185881e-02 2.817960126893223105e+01 4.197144597947588540e-01 4.766506406296370790e-01 3.667542023265053786e+01
1.102461531568764919e+00 5.895331972062073378e-02 2.545205628728182035e+01 4.035254649417926442e-01 4.816498276431252501e-01 3.324037477259358297e+01
1.151495698351392427e+00 7.191293191187048128e-02 1.488272868787282377e+01 3.089817197730677645e-01 2.624796775564559592e-01 2.302014477975137652e+01
1.094883605559096473e+00 6.187134313818662412e-02 2.204301579560910440e+01 7.052768277115012419e-02 2.451380504529816762e-01 2.476718774075293084e+01
1.094883605559096473e+00 6.187134313818662412e-02 2.204301579560910440e+01 7.052768277115012419e-02 2.451380504529816762e-01 2.476718774075293084e+01
1.096235432018166422e+00 3.270494625992599602e-02 1.833431779999473576e+01 2.898759942893125996e-01 2.390919945602058838e-01 2.711930647281337059e+01
1.111066586294836345e+00 3.400200806732054520e-02 1.824347192996465594e+01 2.450843539986423680e-01 2.250066866454312198e-01 2.965457865859450948e+01
1.185764390024756088e+00 1.963110009663436017e-01 4.167672294766664720e+01 3.460431718008025181e-01 1.315494149558169013e-01 2.975041719793028250e+01
1.194046252808636410e+00 1.767705641094214908e-01 4.816785171831865142e+01 3.739181818776318722e-01 1.755169980367597971e-01 2.903298006280062893e+01
1.211181054305449756e+00 1.951424509502649729e-01 4.764576800512197963e+01 2.863024347812774262e-01 1.016742420269885483e-01 3.177330593464547093e+01
1.046452734453525713e+00 1.230268206184562951e-01 3.686946035633697250e+01 3.614555988156016864e-01 2.920119736963209811e-01 2.607800797113753077e+01
1.130319164043189106e+00 5.681182733464650025e-02 4.466152718587125037e+01 3.783558438907534960e-01 3.432141934112890591e-01 2.832326104170296333e+01
1.130319164043189106e+00 5.681182733464650025e-02 4.466152718587125037e+01 3.783558438907534960e-01 3.432141934112890591e-01 2.832326104170296333e+01
1.161539350231886258e+00 8.267025416751926092e-02 3.843265055714897471e+01 3.972025620569861748e-01 2.615793016262265569e-01 3.959302425599283026e+01
1.242390072930629641e+00 6.504063139120393189e-02 4.009271118717571625e+01 4.061979416679304400e-01 2.827945418743173511e-01 3.902071032412354867e+01
1.208339337288993454e+00 9.502180101092606856e-02 3.862042034802770729e+01 3.660200586040056048e-01 2.570796534831082392e-01 3.733754286327575045e+01
1.208339337288993454e+00 9.502180101092606856e-02 3.862042034802770729e+01 3.660200586040056048e-01 2.570796534831082392e-01 3.733754286327575045e+01
1.210856765913230992e+00 4.294913282231151153e-02 4.000473346703753208e+01 3.571495095696000099e-01 2.732476216100684918e-01 3.821738410833009425e+01
1.181977232651807208e+00 9.213625779704687213e-02 4.097704332559924723e+01 4.864934471365732760e-01 2.227149590750594210e-01 3.889173992732563789e+01
1.181977232651807208e+00 9.213625779704687213e-02 4.097704332559924723e+01 4.864934471365732760e-01 2.227149590750594210e-01 3.889173992732563789e+01
1.241487010524703782e+00 1.107721175094630028e-01 4.249316318024751382e+01 3.904046279813629949e-01 2.716299050043143315e-01 3.568949005457797341e+01
1.213023416193705906e+00 1.011180579121661594e-01 3.591750608042063675e+01 3.824298432085272981e-01 2.761334297527375248e-01 3.358808585454629991e+01
1.197994509408163433e+00 7.096544735572905827e-02 4.798279777499558918e+01 3.407865641018408276e-01 2.589696817756508840e-01 3.840489439406455574e+01
1.197994509408163433e+00 7.096544735572905827e-02 4.798279777499558918e+01 3.407865641018408276e-01 2.589696817756508840e-01 3.840489439406455574e+01
1.276607336568180262e+00 7.535347650707925615e-02 4.481855886272189338e+01 3.626182586612841097e-01 2.646551661275207690e-01 3.711345485439817082e+01
1.149808282107296353e+00 1.223349572697865484e-01 4.431048578593608767e+01 3.526361210459582063e-01 3.077754092003038289e-01 3.047562437767984633e+01
1.174714456061596080e+00 1.124627008668788591e-01 3.982029800361947025e+01 3.889416636160868967e-01 3.007047701375442084e-01 2.877354938774718462e+01
1.156081401030157219e+00 1.242103033291973579e-01 4.734937995899413465e+01 3.703713580838724484e-01 2.531493162122029905e-01 2.828779984494584099e+01
1.156081401030157219e+00 1.242103033291973579e-01 4.734937995899413465e+01 3.703713580838724484e-01 2.531493162122029905e-01 2.828779984494584099e+01
1.194777504205909890e+00 1.423079793534881010e-01 4.911274509225992801e+01 3.191077038685756206e-01 2.274625248350710671e-01 3.001773458850643905e+01
1.176203689045515866e+00 7.952009503920227929e-02 4.611363596754069505e+01 3.709205029647726914e-01 1.977937952749558304e-01 2.861897734972663443e+01
1.206129755082635313e+00 5.912510761259419378e-02 4.305318964172242602e+01 3.482316586293169314e-01 2.911259269408644768e-01 2.977879330478214825e+01
1.053020318194342275e+00 1.261470818740266231e-01 4.093848099289537856e+01 3.439818656565764021e-01 3.656701614491881802e-01 3.040745947694841078e+01
1.103088136756556814e+00 1.366772559299345435e-01 3.511126728532796903e+01 4.262970980401666887e-01 3.025351808148745714e-01 3.084631879752911132e+01
1.103088136756556814e+00 1.366772559299345435e-01 3.511126728532796903e+01 4.262970980401666887e-01 3.025351808148745714e-01 3.084631879752911132e+01
1.143272979448177074e+00 1.541714975360539974e-01 3.880915389510512625e+01 3.614328037278647932e-01 2.873522462997464277e-01 3.394084190182436345e+01
1.110922119973586364e+00 1.329807864097475034e-01 3.226781528612104921e+01 3.592112590641408643e-01 2.925323296260426975e-01 3.380421457029916610e+01
1.110922119973586364e+00 1.329807864097475034e-01 3.226781528612104921e+01 3.592112590641408643e-01 2.925323296260426975e-01 3.380421457029916610e+01
1.075952967558156725e+00 1.577831872584348483e-01 3.556274079353732276e+01 3.024608827424268287e-01 3.032290234343044677e-01 3.279343611048542328e+01
1.099544176191693534e+00 1.374823489092078799e-01 3.606187732947048374e+01 4.280552886170753690e-01 3.108273581114309181e-01 3.504267276576750589e+01
1.099544176191693534e+00 1.374823489092078799e-01 3.606187732947048374e+01 4.280552886170753690e-01 3.108273581114309181e-01 3.504267276576750589e+01
1.079714720486647961e+00 1.456962488234813391e-01 3.719825111506978743e+01 3.765657452588138110e-01 3.128030652339029438e-01 3.146785941879505799e+01
1.079714720486647961e+00 1.456962488234813391e-01 3.719825111506978743e+01 3.765657452588138110e-01 3.128030652339029438e-01 3.146785941879505799e+01
1.177757824142647403e+00 1.686307520883864042e-01 3.898921585473744500e+01 5.728902237121143992e-01 3.409178464509717843e-01 3.577672337759169352e+01
1.192890357931854606e+00 7.195700338074720315e-02 3.874375837063367101e+01 3.934893833272115060e-01 1.368859726702137958e-01 2.857821843345604407e+01
1.208047815691129623e+00 8.149248127925537433e-02 3.807578158757973341e+01 4.278471252037234773e-01 2.183585325946121036e-01 3.127685020679324879e+01
1.169680393156610210e+00 1.135841998707888684e-01 4.213327345102592858e+01 4.682757089523094662e-01 1.729256823231949958e-01 3.085416155394745985e+01
1.169680393156610210e+00 1.135841998707888684e-01 4.213327345102592858e+01 4.682757089523094662e-01 1.729256823231949958e-01 3.085416155394745985e+01
1.211400253493749801e+00 1.058998571021678853e-01 3.684397338299532976e+01 4.047132806815715300e-01 1.626332385959064486e-01 3.148222622206976240e+01
1.211400253493749801e+00 1.058998571021678853e-01 3.684397338299532976e+01 4.047132806815715300e-01 1.626332385959064486e-01 3.148222622206976240e+01
1.130928257543026838e+00 7.894696279389339100e-02 3.760070125434314292e+01 4.601127002525484677e-01 1.637849273313931597e-01 3.141020623531602851e+01
1.171088760725728761e+00 8.719556514153897764e-02 3.720700002322585931e+01 4.036310407375298115e-01 1.440171484992540663e-01 3.114099937956044784e+01
1.158803270362513960e+00 1.708542534884037734e-01 3.706554980148969491e+01 3.493650447519036639e-01 1.972710314775266705e-01 3.356685850144100414e+01
1.158803270362513960e+00 1.708542534884037734e-01 3.706554980148969491e+01 3.493650447519036639e-01 1.972710314775266705e-01 3.356685850144100414e+01
1.110032238045899788e+00 1.595201316745537556e-01 4.523715226985902405e+01 5.055985225080172896e-01 2.029056210960907825e-01 2.702580848105686684e+01
1.110032238045899788e+00 1.595201316745537556e-01 4.523715226985902405e+01 5.055985225080172896e-01 2.029056210960907825e-01 2.702580848105686684e+01
1.106128390073175982e+00 1.680008622600302204e-01 4.181451637996950410e+01 4.828133402326821311e-01 1.954875510033058927e-01 2.868477006162138920e+01
1.139626573307458202e+00 1.452949501503663920e-01 3.878304477001169204e+01 4.410333247291100545e-01 2.156051103071713604e-01 2.953805211497871852e+01
1.139626573307458202e+00 1.452949501503663920e-01 3.878304477001169204e+01 4.410333247291100545e-01 2.156051103071713604e-01 2.953805211497871852e+01
1.121871000318484191e+00 1.555899307306044255e-01 4.504029057871601793e+01 4.521821480140044702e-01 2.306879239186031272e-01 2.855472368394133653e+01
1.129253107446348992e+00 1.633450641621261856e-01 4.177909218066486829e+01 4.959579758439114361e-01 2.000139552546686406e-01 2.780727711254125367e+01
1.129253107446348992e+00 1.633450641621261856e-01 4.177909218066486829e+01 4.959579758439114361e-01 2.000139552546686406e-01 2.780727711254125367e+01
1.144308729742807840e+00 1.543075459234322655e-01 4.459294211521191187e+01 4.260757727940314155e-01 2.342892847830503888e-01 2.782571596043460005e+01
1.212186108571728926e+00 1.358249686638108855e-01 2.301527890655782116e+01 4.066102586231998273e-01 3.329601927909084380e-01 2.741977441934740867e+01
1.161923523986750917e+00 1.660914917455394990e-01 3.774587771925214241e+01 4.261898596131973305e-01 2.137531501589451655e-01 2.682286349332801123e+01
1.161923523986750917e+00 1.660914917455394990e-01 3.774587771925214241e+01 4.261898596131973305e-01 2.137531501589451655e-01 2.682286349332801123e+01
1.136065850910671360e+00 2.068992879269211937e-01 4.679249778813972682e+01 5.148399421533766951e-01 2.343275758857237268e-01 2.700367068784250080e+01
1.260795149469107423e+00 1.836243163565752234e-01 2.691548881750691180e+01 2.744454917044236164e-01 3.142995552044311469e-01 3.084608470700950278e+01
1.260795149469107423e+00 1.836243163565752234e-01 2.691548881750691180e+01 2.744454917044236164e-01 3.142995552044311469e-01 3.084608470700950278e+01
1.114487516725542582e+00 2.909334825879306696e-01 3.442843303726833426e+01 2.649395761755067302e-01 1.731796986509268610e-01 3.362602589697937816e+01
1.114487516725542582e+00 2.909334825879306696e-01 3.442843303726833426e+01 2.649395761755067302e-01 1.731796986509268610e-01 3.362602589697937816e+01
1.140171628961666350e+00 2.453942246982953879e-01 3.928594392245354072e+01 3.184166623058672374e-01 1.455443621997882242e-01 3.423387623880966402e+01
1.187263885331518720e+00 7.156073069871934922e-02 4.863598346334535449e+01 3.561364380367839644e-01 2.507485530846859101e-01 3.236618710840084390e+01
1.187263885331518720e+00 7.156073069871934922e-02 4.863598346334535449e+01 3.561364380367839644e-01 2.507485530846859101e-01 3.236618710840084390e+01
1.162751012681509710e+00 6.665729206034422261e-02 4.863261726564861220e+01 2.406372609433869991e-01 2.275440367227418992e-01 3.151948029891267922e+01
1.157743876018874296e+00 1.100981243821000793e-01 4.528142415051139835e+01 3.423407077998142922e-01 2.291387584637463448e-01 3.138509018879064172e+01
1.192210670595627464e+00 4.339836087831046990e-02 4.197960429345884847e+01 1.975322567320947353e-01 2.921980040868645823e-01 2.870900845652672473e+01
1.185256505705555963e+00 5.020730056130573438e-02 4.717573077290062855e+01 3.803016109537460943e-01 3.170308435452602325e-01 3.020080878612581188e+01
1.126610872561416121e+00 6.450745953114987025e-03 5.031979082864466335e+01 2.577312479585495142e-01 3.660464030151028281e-01 3.417712913069200198e+01
1.098508769232820814e+00 5.254079073581632842e-02 4.118670066904338967e+01 3.011111532384267986e-01 3.532602149111712109e-01 3.680977912623480819e+01
1.152022017921042751e+00 1.423267602983445124e-01 4.418372111363689214e+01 4.037703138798767188e-01 3.252662945795481431e-01 3.271737473907495541e+01
1.204672391083260630e+00 7.885946692339131092e-02 4.494386739463442382e+01 4.250966258113612062e-01 2.754452857233999907e-01 3.690574701036118910e+01
1.234738882805483051e+00 1.040982142490388118e-01 3.648670284221856974e+01 4.231103993724982804e-01 2.425809007122514960e-01 3.779026349020239905e+01
1.194273946442628409e+00 9.908703063599363925e-02 4.304538782592797475e+01 3.893104020459671744e-01 2.380234497154553597e-01 3.767073975450850298e+01
1.216870081267507508e+00 1.598676332022663793e-02 2.710833574559625347e+01 2.572415441537759251e-01 2.370395210389217022e-01 3.535930840601031377e+01
1.159265057432206758e+00 6.693200839058861817e-02 2.962806593860063487e+01 3.136436351522695065e-01 3.068374725827850980e-01 3.087481678423667830e+01
1.159265057432206758e+00 6.693200839058861817e-02 2.962806593860063487e+01 3.136436351522695065e-01 3.068374725827850980e-01 3.087481678423667830e+01
1.171887201758702757e+00 5.761384948117516391e-02 2.791930888806253108e+01 3.154686645672107326e-01 2.683711761302963184e-01 3.008856123114336967e+01
1.111218129673128274e+00 1.072919841104394006e-01 3.977462149698967409e+01 2.466417841604647276e-01 3.168455455909617857e-01 3.351789215791207255e+01
1.154984953562758765e+00 4.302190807333512723e-02 3.005810273175579184e+01 3.141012670843458254e-01 2.540727502695093731e-01 3.475180849945368777e+01
1.154984953562758765e+00 4.302190807333512723e-02 3.005810273175579184e+01 3.141012670843458254e-01 2.540727502695093731e-01 3.475180849945368777e+01
1.144455500914381529e+00 6.005160003035068389e-02 2.877128581645849081e+01 3.075061876770818214e-01 2.598402220965251863e-01 3.444511262451122491e+01
1.143057387673643177e+00 3.600885528609265585e-03 2.848986167468950015e+01 3.919153417433799413e-01 2.546406898886560688e-01 3.576703359465034282e+01
1.143057387673643177e+00 3.600885528609265585e-03 2.848986167468950015e+01 3.919153417433799413e-01 2.546406898886560688e-01 3.576703359465034282e+01
1.196182292427811600e+00 6.250552630792863273e-02 4.134371092013348914e+01 3.268187002344297154e-01 2.005177267712164035e-01 3.340904715330290031e+01
1.156387983972511302e+00 5.050725055910908895e-02 3.362808772307547400e+01 3.418981524839869723e-01 2.293140118928201909e-01 3.460759182389676880e+01
1.156387983972511302e+00 5.050725055910908895e-02 3.362808772307547400e+01 3.418981524839869723e-01 2.293140118928201909e-01 3.460759182389676880e+01
1.188503871705319126e+00 5.554935421238507698e-02 2.823597653821436637e+01 3.121945171552306664e-01 3.090548700864294562e-01 3.321215848294563244e+01
1.131449505248219634e+00 2.436784394047266170e-02 4.658539871058284376e+01 3.680939968503882942e-01 3.162248054137919984e-01 3.134214942416829075e+01
1.059158825910202717e+00 4.966647249417599497e-02 4.303799541609924972e+01 3.037072292597922107e-01 2.919858307027516364e-01 2.353521483944843595e+01
1.233671464047296107e+00 6.526377614300922503e-02 3.578456964381278027e+01 3.677154207652705287e-01 3.041395926578329689e-01 3.339179577414888200e+01
1.233671464047296107e+00 6.526377614300922503e-02 3.578456964381278027e+01 3.677154207652705287e-01 3.041395926578329689e-01 3.339179577414888200e+01
1.211506544494694859e+00 3.393608193411416785e-02 3.384196965798169998e+01 2.418906776351063270e-01 3.588658256489017928e-01 3.219087284437247121e+01
1.238376930986821334e+00 6.071527441620972604e-02 3.662876738150960421e+01 2.802329299759067083e-01 2.992903079469306782e-01 3.404030539734198868e+01
1.238376930986821334e+00 6.071527441620972604e-02 3.662876738150960421e+01 2.802329299759067083e-01 2.992903079469306782e-01 3.404030539734198868e+01
1.216202947254306999e+00 4.713071673124491490e-02 3.723141973156897677e+01 2.858593980406430868e-01 3.396830995296026279e-01 3.293829352316792125e+01
1.216202947254306999e+00 4.713071673124491490e-02 3.723141973156897677e+01 2.858593980406430868e-01 3.396830995296026279e-01 3.293829352316792125e+01
1.241616561303716226e+00 3.575427671080420866e-02 3.704831236864176702e+01 2.211555785029200583e-01 3.204258856630290420e-01 3.402429992225488320e+01
1.259120246017986222e+00 6.349347839160056350e-02 3.408750240798525510e+01 2.926841892148145385e-01 3.716766404394236112e-01 3.311092255232637882e+01
1.237227557929984956e+00 0.000000000000000000e+00 3.170052951695260290e+01 3.567728285005042355e-01 3.794391025902288384e-01 3.023900954134780505e+01
1.237227557929984956e+00 0.000000000000000000e+00 3.170052951695260290e+01 3.567728285005042355e-01 3.794391025902288384e-01 3.023900954134780505e+01
1.275539347556324588e+00 2.068596351480388520e-02 2.935626860148838801e+01 3.129145207461486722e-01 3.536457871880314685e-01 3.042092300433337826e+01
1.275539347556324588e+00 2.068596351480388520e-02 2.935626860148838801e+01 3.129145207461486722e-01 3.536457871880314685e-01 3.042092300433337826e+01
1.266995301316971023e+00 6.223152168053969202e-02 3.120117423350949792e+01 3.518142355884528172e-01 4.132214919502581463e-01 3.142550674073225281e+01
1.308280101319884814e+00 1.128014585233357014e-02 3.289486202674167004e+01 2.740955615769768428e-01 3.596238680742950278e-01 3.077626464463112299e+01
1.290810078807981931e+00 0.000000000000000000e+00 3.026550271342614096e+01 3.260849255664103885e-01 3.637671157734499450e-01 3.152897172209415189e+01
1.290810078807981931e+00 0.000000000000000000e+00 3.026550271342614096e+01 3.260849255664103885e-01 3.637671157734499450e-01 3.152897172209415189e+01
1.268018923397167930e+00 1.120541423343469553e-02 3.200523574264214233e+01 4.254715467617443680e-01 3.717369584826055173e-01 3.046999594374097242e+01
1.268018923397167930e+00 1.120541423343469553e-02 3.200523574264214233e+01 4.254715467617443680e-01 3.717369584826055173e-01 3.046999594374097242e+01
1.126600052902787752e+00 1.790676493942185143e-01 4.413688215560988226e+01 3.540755622043489925e-01 2.373084406912485678e-01 3.587506636079689315e+01
1.126600052902787752e+00 1.790676493942185143e-01 4.413688215560988226e+01 3.540755622043489925e-01 2.373084406912485678e-01 3.587506636079689315e+01
1.195123542325171151e+00 5.651475179741462934e-02 3.708437877272763927e+01 3.807774914942352873e-01 2.719156374658637798e-01 3.859883223817347897e+01
1.105291282748731785e+00 2.629909581076042557e-02 3.425152420957940080e+01 3.370137688024756328e-01 3.883696582463511127e-01 4.000000000000000000e+01
1.084147865293799473e+00 5.791816850577378301e-02 3.232694545124846996e+01 3.595731367678376977e-01 4.204964871579579544e-01 3.930819765653665598e+01
1.073922090623613324e+00 7.634744330087470110e-02 3.445457617783214488e+01 3.402827109079590295e-01 3.576576131533764635e-01 3.767009628381814679e+01
1.133791272619547374e+00 4.933911690008076223e-02 3.822856737092358514e+01 3.549529240889286452e-01 3.518010418773649950e-01 3.794858584722831552e+01
1.010418708890338024e+00 2.111375211380263905e-01 3.922188811905331107e+01 2.008311895647685863e-01 3.485408264199437167e-01 3.352027267907450891e+01
1.052006888511250793e+00 2.018372123619958103e-01 3.744570537041386871e+01 2.398726197764656787e-01 3.988658146913255376e-01 3.259660098701775155e+01
1.052006888511250793e+00 2.018372123619958103e-01 3.744570537041386871e+01 2.398726197764656787e-01 3.988658146913255376e-01 3.259660098701775155e+01
1.050190363792693038e+00 1.652896615167786798e-01 2.900445944469766602e+01 1.453290455818579685e-01 3.862384608261333896e-01 3.104746861339284436e+01
1.051020962541681536e+00 1.814483328006004648e-01 3.721515915860714330e+01 2.043488869451103862e-01 3.570345156172795020e-01 3.261815327257567532e+01
1.007613610445046159e+00 1.655637727831972827e-01 5.057556573487153884e+01 2.946643867677279371e-01 4.006498598127855582e-01 3.416891427126927994e+01
9.788524606616352264e-01 1.601302482622654066e-01 4.037200185315948886e+01 3.146848474395425588e-01 3.814301886016605581e-01 3.390316213580699412e+01
1.129110909407787133e+00 0.000000000000000000e+00 3.465072240752579091e+01 3.066779446737440962e-01 3.919988947896772546e-01 3.423961498860905550e+01
1.112945238380229629e+00 1.441633533758485963e-01 3.175069850804304039e+01 2.309278855308751210e-01 2.626624356760498546e-01 3.224383773281426357e+01
1.181325182943615326e+00 1.350516559154981144e-01 2.420758772420394678e+01 3.062288804277494281e-01 3.036562645432641649e-01 3.370862378460854814e+01
1.181325182943615326e+00 1.350516559154981144e-01 2.420758772420394678e+01 3.062288804277494281e-01 3.036562645432641649e-01 3.370862378460854814e+01
1.164936260523816935e+00 6.896557807810485552e-02 3.612872820797566220e+01 4.442725677382114435e-01 3.625372409379276073e-01 3.455204906269305809e+01
1.123317133083451047e+00 6.083535856305141709e-02 4.007287619341346385e+01 3.588933287709225595e-01 3.672753942939879779e-01 3.512172840988102962e+01
1.105026394227314634e+00 1.751333800518007910e-01 4.529194817748873447e+01 3.500538315798847888e-01 2.285646746949817898e-01 3.653174629687714514e+01
1.105026394227314634e+00 1.751333800518007910e-01 4.529194817748873447e+01 3.500538315798847888e-01 2.285646746949817898e-01 3.653174629687714514e+01
1.100599324966734738e+00 1.881129322891282873e-01 4.795895038568858837e+01 3.713274324509801549e-01 2.189927250989093521e-01 3.437594091232868720e+01
1.151220390401284099e+00 1.654471211933147279e-01 3.890739083755176608e+01 4.026080109738466861e-01 2.582177072511181448e-01 3.459104177941869551e+01
1.151220390401284099e+00 1.654471211933147279e-01 3.890739083755176608e+01 4.026080109738466861e-01 2.582177072511181448e-01 3.459104177941869551e+01
1.128689378788846787e+00 1.459097587906829918e-01 4.183913300319231610e+01 3.667431047414931866e-01 2.653904514331093534e-01 3.568149911805103613e+01
1.177798549810707307e+00 1.639717051610346255e-01 4.258631419544364149e+01 3.988563674140632731e-01 2.826817478745625722e-01 3.478862715542883421e+01
1.065815444869715245e+00 1.528883513263573080e-01 4.272810448669718397e+01 4.929200244481417581e-01 3.229857004506543339e-01 3.585761009587126580e+01
1.065815444869715245e+00 1.528883513263573080e-01 4.272810448669718397e+01 4.929200244481417581e-01 3.229857004506543339e-01 3.585761009587126580e+01
1.088253798694207131e+00 1.278326372473414518e-01 4.371119868468666425e+01 4.728536709098880020e-01 3.192857549233745207e-01 3.601147634626173044e+01
1.088253798694207131e+00 1.278326372473414518e-01 4.371119868468666425e+01 4.728536709098880020e-01 3.192857549233745207e-01 3.601147634626173044e+01
1.110565913560603413e+00 1.370510296502394365e-01 4.751272698571970921e+01 4.848179632480446033e-01 3.058435647123019518e-01 3.578645347734827453e+01
9.261434686174554454e-01 1.449574069224725814e-01 4.515732658140891687e+01 1.495164194816963887e-01 2.861748125557676548e-01 2.673583154104108672e+01
9.261434686174554454e-01 1.449574069224725814e-01 4.515732658140891687e+01 1.495164194816963887e-01 2.861748125557676548e-01 2.673583154104108672e+01
9.918878913847464229e-01 1.091945220476325945e-01 4.740544970964793237e+01 1.200008205670090311e-01 2.616401654610380767e-01 2.797888988743533289e+01
9.396617978895556167e-01 1.153418458200101693e-01 4.904764806091572638e+01 4.126012662904884887e-02 2.783984331074289553e-01 2.877427363759141343e+01
9.133233365994973818e-01 1.322465603460032668e-01 5.199384654095798908e+01 1.234671842301841849e-01 2.732097448350137570e-01 2.794756235646256926e+01
1.026865835918003622e+00 1.591362189321701703e-01 5.070967682128273424e+01 2.635811609401569333e-01 1.905761083546435586e-01 1.977896310897531151e+01
1.043781697032481137e+00 9.161707421123055362e-02 4.622046739181334374e+01 2.813582751850251529e-01 2.023023987726132733e-01 1.979362361735773845e+01
9.830253963052545396e-01 8.508004016518470880e-02 4.759176399727590479e+01 2.053541392595334414e-01 3.479208063581135657e-01 2.741507709953393856e+01
9.730436659667400789e-01 1.057608662713070691e-01 4.657968315780506430e+01 2.603826957574176815e-01 3.236260159804965064e-01 3.111947007474433136e+01
9.887592884265167248e-01 7.752391792060832343e-02 3.189963099919111400e+01 4.808720013083676026e-01 3.053890871641440352e-01 3.149763368531550256e+01
9.887592884265167248e-01 7.752391792060832343e-02 3.189963099919111400e+01 4.808720013083676026e-01 3.053890871641440352e-01 3.149763368531550256e+01
9.636915528802012521e-01 9.453456855510605772e-02 3.126129061379418417e+01 5.335508906332313561e-01 3.344333949137833772e-01 3.150398275030219608e+01
1.027741999460682898e+00 1.413569450647946812e-01 3.219388257172592915e+01 5.805584195243934653e-01 3.344491780303633921e-01 3.168606528275759970e+01
1.027741999460682898e+00 1.413569450647946812e-01 3.219388257172592915e+01 5.805584195243934653e-01 3.344491780303633921e-01 3.168606528275759970e+01
9.696393713607471820e-01 1.421019882026589576e-01 3.034019582773159485e+01 5.054620497988319139e-01 3.352568868761404697e-01 3.316298140826246055e+01
9.696393713607471820e-01 1.421019882026589576e-01 3.034019582773159485e+01 5.054620497988319139e-01 3.352568868761404697e-01 3.316298140826246055e+01
8.993888008000354706e-01 1.636542626020128510e-01 3.597770827120185544e+01 1.416613755241842021e-01 3.670609972964005152e-01 2.536139962382959112e+01
9.448986712048615955e-01 1.984412496879684740e-01 3.918967695215202696e+01 2.547153990042309024e-01 3.476463412112900109e-01 2.051234235138564088e+01
1.000712722645829000e+00 0.000000000000000000e+00 3.207039568365997440e+01 2.710047411240561477e-01 4.512062902606929216e-01 2.269516405807909010e+01
1.012382784588295115e+00 0.000000000000000000e+00 3.465539259733220234e+01 3.414021527418365509e-01 3.776820349216855610e-01 2.084241226542707892e+01
1.010963847442929442e+00 1.687391141871368710e-02 3.464949180299085896e+01 2.865253762852796870e-01 4.874045861539280100e-01 2.571767852243662844e+01
1.037015324172485098e+00 2.288499995200163686e-02 2.914551920011255248e+01 2.143308773427732294e-01 4.842921633600525411e-01 2.491253294348444314e+01
1.035459363360372143e+00 0.000000000000000000e+00 2.870202096122898183e+01 3.141456437450501626e-01 4.374119778206307929e-01 2.632451278986104981e+01
1.035599879572862925e+00 3.024925760062301822e-02 3.187627819079415659e+01 3.185612431646178688e-01 4.405829820104185113e-01 2.728233046966093056e+01
1.425764389279166489e+00 1.943245477207157512e-02 4.003317851294368523e+01 5.637631286633244532e-01 1.726477903946745107e-01 2.550674379207339015e+01
1.418820779756243100e+00 0.000000000000000000e+00 4.043827900129902275e+01 5.038790848869421080e-01 1.734725253809136225e-01 2.376376895190920990e+01
1.384681728871608453e+00 2.299296006655499047e-02 4.324914071871778987e+01 5.600555317004801692e-01 1.585946428799897001e-01 2.448699921106516442e+01
1.384681728871608453e+00 2.299296006655499047e-02 4.324914071871778987e+01 5.600555317004801692e-01 1.585946428799897001e-01 2.448699921106516442e+01
1.346174403675233888e+00 2.315397330987960939e-02 4.411459983090207260e+01 6.089627485745368052e-01 1.595632574746951582e-01 2.363125197698183300e+01
1.346174403675233888e+00 2.315397330987960939e-02 4.411459983090207260e+01 6.089627485745368052e-01 1.595632574746951582e-01 2.363125197698183300e+01
1.067115320378913434e+00 1.912285314437368877e-01 4.792764921750767115e+01 3.992391362500903318e-01 3.120747632674301664e-01 3.666295216486737019e+01
1.069098068306137295e+00 1.513531270851833366e-01 3.849342303865221027e+01 4.314864277651750402e-01 3.074441587605896697e-01 3.957661853538803598e+01
1.070078466824795793e+00 1.770942292552162844e-01 4.916765689339948153e+01 4.343904738734676307e-01 3.024507075144172163e-01 3.507456542714455594e+01
1.069901830779300234e+00 1.944046701709722103e-01 4.871192992446881220e+01 4.222802968203362428e-01 2.754573577149650454e-01 3.817725106098592391e+01
9.189992380483775758e-01 1.859437918505990883e-01 3.472566410149677552e+01 3.408812505879825761e-01 3.262497798047626629e-01 3.261745386121243229e+01
9.189992380483775758e-01 1.859437918505990883e-01 3.472566410149677552e+01 3.408812505879825761e-01 3.262497798047626629e-01 3.261745386121243229e+01
9.648012930674682019e-01 2.151551088446668480e-01 3.848403143280501126e+01 3.346895690384674715e-01 3.196162760905542077e-01 3.431085213696415082e+01
9.571893971553400160e-01 1.778916103645084845e-01 3.723785262340015123e+01 3.515926410029908133e-01 2.940181647455713532e-01 3.332274035835350645e+01
9.571893971553400160e-01 1.778916103645084845e-01 3.723785262340015123e+01 3.515926410029908133e-01 2.940181647455713532e-01 3.332274035835350645e+01
1.040154435533146460e+00 2.051158346164338730e-01 3.235841921303246238e+01 3.813131823143673937e-01 2.609105957384584284e-01 2.510084529284894828e+01
1.030593800460965381e+00 1.838335194039681930e-01 3.219805652002447260e+01 3.653046022984201557e-01 2.861812519777689467e-01 2.561629257315665598e+01
1.058422383900700980e+00 1.472340278597941143e-01 3.647818057457906349e+01 3.550616714618891057e-01 2.890259812249293958e-01 2.448351248401061753e+01
9.545189531860973631e-01 2.815308202327568288e-01 3.827275758505561498e+01 2.809297746938402285e-01 2.781292493274883926e-01 4.000000000000000000e+01
1.050765595040853650e+00 2.077965901209469501e-01 4.430126329624049220e+01 1.203359648809235460e-01 3.181112973646105790e-01 3.328241536644902965e+01
1.049115597737597216e+00 2.106725132424298874e-01 4.295185992290276289e+01 1.519023336928508883e-01 3.385839880274827962e-01 3.565325393176916435e+01
1.049115597737597216e+00 2.106725132424298874e-01 4.295185992290276289e+01 1.519023336928508883e-01 3.385839880274827962e-01 3.565325393176916435e+01
9.669266971211618600e-01 2.129115745476803101e-01 4.668551483096541688e+01 1.089869431666343202e-01 3.105278678844681783e-01 3.428936892852138385e+01
9.669266971211618600e-01 2.129115745476803101e-01 4.668551483096541688e+01 1.089869431666343202e-01 3.105278678844681783e-01 3.428936892852138385e+01
1.046114680550159326e+00 2.750794189785707999e-01 3.875786342020150954e+01 2.284894449218014822e-01 3.683708202104055696e-01 3.983938340244266385e+01
1.025135434946703228e+00 2.693854834444505131e-01 3.330829407563893341e+01 1.887721503694367309e-01 4.243034182312958591e-01 3.904090959121570137e+01
1.002346414632226290e+00 2.223925582976288284e-01 3.690914377482688025e+01 3.199447139815343455e-01 3.561520937610191950e-01 3.957570143391055950e+01
1.002346414632226290e+00 2.223925582976288284e-01 3.690914377482688025e+01 3.199447139815343455e-01 3.561520937610191950e-01 3.957570143391055950e+01
1.126063302708904867e+00 1.322774176603372376e-01 4.460192550619032659e+01 4.514753143599648522e-01 2.687434691261949560e-01 2.770680291260855199e+01
1.136159900789508459e+00 1.508214547554725393e-01 4.261414599727369534e+01 4.728562457815308484e-01 3.220337071642796478e-01 2.692065048691339157e+01
1.106620973799052221e+00 1.062092228910133662e-01 4.329502319002364175e+01 4.711378750915403701e-01 2.662163978954701915e-01 2.519143095614568395e+01
1.106620973799052221e+00 1.062092228910133662e-01 4.329502319002364175e+01 4.711378750915403701e-01 2.662163978954701915e-01 2.519143095614568395e+01
1.087400781490403645e+00 1.113325067993893164e-01 3.749843655754701643e+01 5.282287863995864807e-01 2.956273468939082383e-01 2.653219043633094998e+01
1.084909633614151270e+00 8.228092123684863091e-02 3.967922010712676695e+01 4.221531719487713885e-01 2.818428074886639711e-01 2.843011416070078923e+01
1.084909633614151270e+00 8.228092123684863091e-02 3.967922010712676695e+01 4.221531719487713885e-01 2.818428074886639711e-01 2.843011416070078923e+01
1.108390594591880829e+00 1.508877093341607634e-01 4.589871422055392713e+01 4.825248391345950960e-01 3.061544819517482141e-01 2.915056804388469658e+01
1.108390594591880829e+00 1.508877093341607634e-01 4.589871422055392713e+01 4.825248391345950960e-01 3.061544819517482141e-01 2.915056804388469658e+01
1.181305894528171141e+00 1.788876135709923654e-01 4.587448773233356292e+01 5.389948742021880568e-01 3.015850840206109051e-01 3.027988906791837920e+01
1.070943554719724577e+00 1.204316721802401735e-01 4.752750521958896712e+01 5.796589577504839275e-01 3.571568929749558419e-01 2.673794151346976378e+01
1.070943554719724577e+00 1.204316721802401735e-01 4.752750521958896712e+01 5.796589577504839275e-01 3.571568929749558419e-01 2.673794151346976378e+01
1.082066099734077858e+00 1.230508908409388980e-01 4.591397452047196737e+01 5.149959433492770078e-01 3.242737957981418617e-01 2.819878903853760832e+01
1.082066099734077858e+00 1.230508908409388980e-01 4.591397452047196737e+01 5.149959433492770078e-01 3.242737957981418617e-01 2.819878903853760832e+01
1.045132203955209560e+00 1.987617337600118272e-01 3.694146072398827130e+01 4.914017818273529459e-01 3.431807869242456399e-01 2.417079231248013471e+01
9.753403280752885873e-01 1.912977293687566638e-01 4.429443503339905419e+01 4.954626064700907717e-01 3.688288653576053955e-01 2.324179957910876126e+01
9.753403280752885873e-01 1.912977293687566638e-01 4.429443503339905419e+01 4.954626064700907717e-01 3.688288653576053955e-01 2.324179957910876126e+01
9.946124609964686059e-01 1.725156748076373259e-01 3.741855390935078418e+01 4.582616932600431792e-01 3.973315195800940502e-01 2.439242261968311354e+01
1.033305661814570398e+00 1.614862943305543364e-01 3.887590947090723148e+01 4.788535530911970928e-01 3.679683911960794918e-01 2.396105955123018916e+01
1.033305661814570398e+00 1.614862943305543364e-01 3.887590947090723148e+01 4.788535530911970928e-01 3.679683911960794918e-01 2.396105955123018916e+01
1.098527266553486426e+00 6.599382401479947369e-02 3.989183706836902843e+01 2.540063677456371183e-01 2.674134381720643105e-01 2.410022697648977186e+01
1.062446078810438843e+00 7.896837522759930783e-02 3.193469089733376620e+01 2.576288629132849062e-01 2.637733065264160626e-01 2.265813881010763708e+01
1.110904742641188214e+00 0.000000000000000000e+00 3.471631522375649581e+01 3.165890497284257199e-01 2.955207272849434963e-01 2.490384526903221030e+01
1.123331890295647506e+00 5.456655905774609322e-02 3.945447799030252156e+01 3.250997083517901953e-01 3.359425266593932258e-01 2.300195969723954903e+01
1.122623209355429141e+00 3.757567088646125708e-02 3.379626103264166659e+01 3.346613339122497255e-01 3.316267779586909992e-01 2.407051248399940491e+01
1.060807329667950327e+00 5.987515722553177905e-02 3.632087606623145604e+01 4.047693142312442371e-01 3.559144079318299903e-01 2.418661878528040177e+01
1.079870541270077977e+00 4.894285277976318654e-02 3.029183526209243382e+01 3.726969048806452744e-01 3.650388282426960118e-01 2.247392994204549055e+01
1.011175297863981859e+00 1.684049261907890616e-01 3.375565672566233388e+01 5.138622385971459705e-01 3.181898768235376096e-01 2.823423608113804306e+01
1.040759761672043426e+00 9.189137616494651162e-02 3.562286711997744248e+01 6.283000140109628040e-01 3.324887778613814793e-01 2.007284818630394341e+01
1.021787258090938844e+00 2.977877595150772438e-01 4.013136229594809379e+01 2.303040612560260103e-01 1.647106183710955740e-01 2.906096138869288836e+01
1.260800686953152505e+00 6.664336831085226898e-02 3.109842408501451416e+01 4.188082333746128705e-01 2.556669986758291491e-01 2.800705328751377721e+01
1.260800686953152505e+00 6.664336831085226898e-02 3.109842408501451416e+01 4.188082333746128705e-01 2.556669986758291491e-01 2.800705328751377721e+01
1.309050057375108267e+00 7.593501802609715912e-02 2.942360567346461409e+01 4.536205284219088640e-01 2.175916056721661773e-01 2.764708713115281213e+01
1.217068269861408369e+00 1.933626143226858107e-01 3.417475395280562367e+01 4.074149745465672767e-01 2.527313860751093655e-01 2.952266748185427403e+01
1.184657328302839430e+00 1.811473076461505016e-01 3.035723872168751214e+01 3.678193429968795169e-01 2.480554199489685696e-01 2.829613753979836233e+01
1.184657328302839430e+00 1.811473076461505016e-01 3.035723872168751214e+01 3.678193429968795169e-01 2.480554199489685696e-01 2.829613753979836233e+01
1.278242662387597317e+00 9.617148040560108413e-02 3.628807843996457905e+01 5.595816324882434412e-01 2.612788023528759829e-01 3.404025619288511706e+01
1.278242662387597317e+00 9.617148040560108413e-02 3.628807843996457905e+01 5.595816324882434412e-01 2.612788023528759829e-01 3.404025619288511706e+01
1.265039228400839155e+00 9.736815518674274417e-02 3.342126487367221443e+01 5.456774140856632815e-01 2.600170286576782841e-01 3.271468894141630557e+01
1.265039228400839155e+00 9.736815518674274417e-02 3.342126487367221443e+01 5.456774140856632815e-01 2.600170286576782841e-01 3.271468894141630557e+01
1.207729165613405264e+00 8.199112780869365069e-02 3.813699891840538214e+01 5.909117345200899374e-01 3.365661798453843390e-01 3.001768526462176823e+01
9.870701200391314156e-01 1.928749710304887843e-01 4.546427805129600586e+01 4.415615233480085777e-01 2.894039760785707682e-01 3.494605742263533443e+01
9.987169572906821058e-01 1.822048208460042562e-01 3.925275418789615856e+01 4.021717030233821211e-01 2.911816662440568915e-01 3.562457937902225780e+01
9.827392874316135396e-01 2.095357453479195775e-01 4.074258906754878495e+01 3.376040754904665042e-01 2.892765454009221804e-01 3.515591017055105993e+01
1.022141781664178461e+00 1.298407073122218036e-01 4.223254919785635053e+01 3.986091039174102235e-01 2.716214368396940859e-01 3.045084718434203452e+01
1.022141781664178461e+00 1.298407073122218036e-01 4.223254919785635053e+01 3.986091039174102235e-01 2.716214368396940859e-01 3.045084718434203452e+01
1.020184296458491069e+00 1.241804057094408470e-01 3.929926995357639896e+01 3.950979941882538649e-01 3.003578977795303695e-01 3.446094798764540457e+01
9.914258157997555276e-01 1.703202672049799749e-01 4.420618686614007231e+01 3.555385226704724788e-01 2.917224526498692350e-01 3.592002366485934317e+01
9.914258157997555276e-01 1.703202672049799749e-01 4.420618686614007231e+01 3.555385226704724788e-01 2.917224526498692350e-01 3.592002366485934317e+01
1.029150946367761499e+00 1.112219892942120092e-01 3.994877032936754091e+01 3.917591071949377834e-01 2.858473919171672928e-01 3.403070423565709035e+01
1.029150946367761499e+00 1.112219892942120092e-01 3.994877032936754091e+01 3.917591071949377834e-01 2.858473919171672928e-01 3.403070423565709035e+01
1.031735850606749327e+00 1.536874202137929468e-01 4.165128156593637954e+01 3.495877908512587395e-01 2.940453117986094878e-01 3.028416883828760220e+01
1.031735850606749327e+00 1.536874202137929468e-01 4.165128156593637954e+01 3.495877908512587395e-01 2.940453117986094878e-01 3.028416883828760220e+01
1.086369552667272309e+00 1.620836472882277168e-01 3.758305378832975663e+01 4.061981310396752254e-01 3.060851829062229967e-01 3.499145911695536881e+01
1.037700846413588174e+00 1.671152672936207229e-01 3.449654176459812049e+01 3.869583235282698097e-01 2.849225287985262534e-01 3.687092777931838583e+01
1.037700846413588174e+00 1.671152672936207229e-01 3.449654176459812049e+01 3.869583235282698097e-01 2.849225287985262534e-01 3.687092777931838583e+01
1.036105926378739106e+00 1.651657902730786776e-01 4.228616123160727369e+01 3.359948107752975810e-01 2.669544485653305710e-01 2.977433596940781158e+01
9.731803628898634262e-01 1.992723777902163373e-01 4.105625802004967539e+01 3.398536205252022380e-01 2.551683003690519147e-01 3.230037922571268894e+01
1.009936459238600870e+00 1.224399297653108731e-01 3.926773262167236567e+01 3.299333958962272217e-01 2.713932005767578648e-01 3.053908621527618195e+01
9.882108391465449504e-01 1.688464252063407445e-01 3.740303884193186690e+01 3.263993993727604126e-01 2.852154272430370008e-01 3.330599752045939965e+01
1.145821284201948176e+00 1.597286743529338082e-01 4.137456958935850082e+01 3.870664698869115683e-01 2.395653315582948473e-01 2.993579062323129847e+01
1.145821284201948176e+00 1.597286743529338082e-01 4.137456958935850082e+01 3.870664698869115683e-01 2.395653315582948473e-01 2.993579062323129847e+01
1.055654586003942796e+00 1.377262431228080952e-01 3.320739665459902312e+01 2.889976765473001863e-01 2.522494296993725293e-01 2.954749392887867998e+01
1.066957142705247774e+00 1.077930029379303989e-01 3.336390089780594792e+01 3.378856029469836653e-01 2.610820624805887391e-01 3.111314629109546104e+01
1.075156587559921162e+00 1.329030456216696021e-01 3.376512521798127864e+01 2.534426952885708295e-01 2.934444132045748166e-01 3.169269454582060419e+01
1.075156587559921162e+00 1.329030456216696021e-01 3.376512521798127864e+01 2.534426952885708295e-01 2.934444132045748166e-01 3.169269454582060419e+01
1.112643549625450534e+00 1.336984568947598429e-01 3.342876637648124216e+01 3.133302301397414280e-01 2.683152725778087389e-01 3.034395879273331786e+01
1.112643549625450534e+00 1.336984568947598429e-01 3.342876637648124216e+01 3.133302301397414280e-01 2.683152725778087389e-01 3.034395879273331786e+01
1.084404595020199702e+00 1.658196445920130380e-01 3.853162086714412737e+01 4.075831884077496525e-01 2.999874070085954969e-01 3.055136603905439685e+01
1.069434020547823661e+00 1.420042260867309669e-01 3.894757952576485138e+01 3.386588940410644177e-01 2.704685009644152704e-01 2.918599947794518101e+01
1.069434020547823661e+00 1.420042260867309669e-01 3.894757952576485138e+01 3.386588940410644177e-01 2.704685009644152704e-01 2.918599947794518101e+01
1.084658953926862957e+00 1.434300142751540608e-01 3.377191794634536137e+01 3.095375837507369776e-01 2.498068468755799409e-01 3.430729378199949764e+01
1.237970399509859210e+00 1.556100098452135316e-01 3.386012350206971888e+01 5.419152903695731993e-01 2.150264635085226972e-01 3.419430171759081105e+01
1.172277872537922372e+00 1.700735887470732899e-01 3.277353479666565050e+01 4.675963612986555606e-01 2.135313819448274586e-01 3.507397709360938620e+01
1.172277872537922372e+00 1.700735887470732899e-01 3.277353479666565050e+01 4.675963612986555606e-01 2.135313819448274586e-01 3.507397709360938620e+01
1.180848425183176564e+00 1.793047685253047474e-01 3.198907369345897678e+01 4.612672949666813960e-01 2.038814663881469424e-01 3.405010864800310344e+01
1.242019207481243726e+00 1.786037677810234370e-01 2.981421929762480261e+01 5.955369888106657461e-01 2.601597192551761140e-01 3.463567555848731416e+01
1.062746230158424732e+00 1.518326871672890654e-01 3.113817650053951525e+01 3.377901053551189969e-01 1.651059762278400955e-01 3.148562998639337351e+01
1.056393630626808022e+00 1.629717485736645599e-01 3.672991886069596745e+01 1.365023089951637458e-01 4.446840735848558435e-01 3.474162471573202993e+01
1.056393630626808022e+00 1.629717485736645599e-01 3.672991886069596745e+01 1.365023089951637458e-01 4.446840735848558435e-01 3.474162471573202993e+01
1.061713495571533272e+00 1.460385422533806155e-01 3.795701134241405583e+01 1.921576169921735966e-01 4.082674767695684825e-01 4.000000000000000000e+01
1.061713495571533272e+00 1.460385422533806155e-01 3.795701134241405583e+01 1.921576169921735966e-01 4.082674767695684825e-01 4.000000000000000000e+01
1.062256382214382899e+00 1.808747035762111044e-01 3.692751706800871858e+01 9.402264986464269059e-02 4.053183268471267642e-01 3.756085284451698669e+01
1.119938403428088591e+00 1.582304681666615864e-01 3.824508680031690488e+01 4.439520458958745031e-01 1.961143109809022067e-01 2.667646858015958955e+01
1.119938403428088591e+00 1.582304681666615864e-01 3.824508680031690488e+01 4.439520458958745031e-01 1.961143109809022067e-01 2.667646858015958955e+01
1.071099712269095061e+00 1.832069488826791326e-01 3.628648933303614399e+01 4.668877294393669053e-01 2.279923114409292406e-01 2.933034735240665469e+01
1.083595905989801267e+00 1.864785577074225265e-01 4.014288421625436598e+01 3.850367045886694539e-01 1.510403781517804522e-01 2.972904301933941440e+01
1.091767902517529532e+00 1.353263987355547704e-01 3.795482819369735239e+01 4.294627935490772930e-01 2.227878708343324354e-01 2.768655691745156489e+01
1.091767902517529532e+00 1.353263987355547704e-01 3.795482819369735239e+01 4.294627935490772930e-01 2.227878708343324354e-01 2.768655691745156489e+01
1.049213088318586840e+00 1.261018579325914601e-01 4.414405375405820564e+01 2.784005281311430213e-01 4.297899202227672411e-01 2.632700126077935465e+01
9.805978429846079480e-01 1.186307209465052026e-01 4.928915447937651351e+01 2.918079943956430888e-01 3.666468837162206729e-01 3.079035924049315653e+01
1.202019715387544041e+00 1.582121432219352891e-02 4.952114566204201651e+01 4.001481218587333299e-01 2.290716776741977545e-01 3.575290582399612305e+01
1.151988890444798797e+00 8.760357309011357341e-02 3.920253364202009294e+01 4.896717964730068484e-01 2.359872709901477961e-01 2.617417068632199317e+01
1.230136576141382498e+00 8.469083152045078777e-02 2.878846288307584089e+01 3.662032159468059378e-01 2.366047852809649576e-01 2.896288779774278055e+01
1.251219124492507717e+00 6.519950315270846286e-02 2.199717953064784837e+01 3.720112585932289773e-01 2.322522595389286126e-01 2.815369619545212032e+01
1.251219124492507717e+00 6.519950315270846286e-02 2.199717953064784837e+01 3.720112585932289773e-01 2.322522595389286126e-01 2.815369619545212032e+01
1.220603584599479596e+00 5.305775145709385604e-02 2.827835741020605553e+01 3.544660802743609951e-01 2.117942703406975047e-01 3.068822230065381973e+01
1.220603584599479596e+00 5.305775145709385604e-02 2.827835741020605553e+01 3.544660802743609951e-01 2.117942703406975047e-01 3.068822230065381973e+01
1.267808647306436276e+00 4.784809214399138311e-02 2.884360112407997789e+01 3.319974275108260597e-01 2.209237727926650074e-01 2.843129033139247142e+01
1.268681181569618621e+00 7.584233125418023136e-02 2.748462063548010548e+01 3.609501862839894493e-01 1.998867449729297974e-01 3.077857275038926232e+01
1.268681181569618621e+00 7.584233125418023136e-02 2.748462063548010548e+01 3.609501862839894493e-01 1.998867449729297974e-01 3.077857275038926232e+01
1.203469027888554033e+00 7.600502218834744028e-02 2.997187632677306368e+01 4.225607382180149862e-01 2.025170884554552964e-01 3.303654971931972995e+01
1.286897472116747876e+00 6.163499723772685596e-02 3.300231527461763648e+01 3.598500987284075081e-01 2.431051163988293129e-01 2.966727228818366058e+01
1.168168956968121952e+00 1.077671155069023640e-01 3.447507139611155935e+01 3.807084846941112266e-01 3.510242282096385780e-01 3.775800435815835954e+01
1.168168956968121952e+00 1.077671155069023640e-01 3.447507139611155935e+01 3.807084846941112266e-01 3.510242282096385780e-01 3.775800435815835954e+01
1.195299938965886488e+00 8.308255909500193714e-02 3.590725404421993261e+01 2.941690588965740205e-01 3.228826453281213316e-01 3.431680484469600145e+01
1.195299938965886488e+00 8.308255909500193714e-02 3.590725404421993261e+01 2.941690588965740205e-01 3.228826453281213316e-01 3.431680484469600145e+01
1.185260755825445989e+00 9.341707581039196406e-02 3.818021947311473241e+01 2.591513952199038240e-01 2.886070044482866304e-01 3.837812602487374392e+01
1.132336353039950394e+00 7.698259131176592163e-02 3.136225391447289113e+01 3.290396042243967090e-01 3.448298633146528180e-01 3.505061272318014431e+01
1.132336353039950394e+00 7.698259131176592163e-02 3.136225391447289113e+01 3.290396042243967090e-01 3.448298633146528180e-01 3.505061272318014431e+01
1.113357314537443354e+00 8.459353102954889070e-02 3.582985085910767964e+01 2.349039943688265575e-01 3.194515827069436265e-01 3.692864835114605881e+01
1.149945306100122133e+00 1.604005578500103391e-02 4.308032616603838250e+01 4.226302941438845329e-01 3.928747277418749850e-01 3.713281589156628826e+01
1.147173037724004141e+00 1.230596830446543943e-01 3.800431747881761169e+01 4.606649567727325589e-01 3.739941547703293234e-01 4.000000000000000000e+01
1.174210914914246118e+00 8.697493006824201511e-02 4.004776096413681330e+01 4.411540266743202432e-01 4.751996317469399655e-01 3.673785379260817052e+01
1.181564946787726278e+00 7.380501294890969011e-02 3.721817335359709489e+01 4.893892917725847225e-01 4.020246708109872502e-01 3.935787533677921601e+01
1.175081516068236853e+00 9.873772946362927017e-02 4.475914768464301119e+01 3.854859881856089743e-01 3.515166233509445792e-01 4.000000000000000000e+01
1.175081516068236853e+00 9.873772946362927017e-02 4.475914768464301119e+01 3.854859881856089743e-01 3.515166233509445792e-01 4.000000000000000000e+01
1.182307677201677620e+00 9.281157185022358147e-02 3.644888520944768828e+01 4.119392078745404140e-01 3.531422419010667446e-01 3.770236871281668556e+01
1.182307677201677620e+00 9.281157185022358147e-02 3.644888520944768828e+01 4.119392078745404140e-01 3.531422419010667446e-01 3.770236871281668556e+01
1.158748580477528600e+00 8.567800849050023759e-02 4.094915032980622982e+01 4.228591192415441791e-01 3.776337847597384667e-01 3.833462357338401461e+01
1.218923729129412159e+00 9.032777842782468980e-02 4.130660754431112736e+01 3.866627586374993819e-01 3.520706425211864166e-01 3.807304830800969597e+01
1.228289767217404238e+00 9.315718389776750374e-02 3.809968965691958687e+01 4.098105539409119258e-01 4.032782608668522562e-01 3.902207763503215432e+01
1.164709307423089202e+00 3.572617572786799395e-02 3.332109734894320496e+01 3.818724489940520384e-01 3.640719818349953396e-01 3.453848697222466058e+01
1.187347560520443546e+00 4.607991245135201197e-02 3.965137840373150624e+01 4.352268526823982464e-01 3.341440159112504249e-01 3.390297041627944452e+01
1.209154458015045508e+00 3.240410832872838570e-02 3.455439724450026517e+01 4.115651773785827805e-01 3.712676479382497896e-01 3.509786507055795823e+01
1.239927429510365720e+00 8.388371298322143399e-02 4.813799402440492514e+01 2.418489189899160341e-01 3.266654724173118640e-01 3.831250846557811229e+01
1.216334775477677210e+00 4.209923723030436354e-02 4.518438783023118788e+01 3.582352979957093009e-01 2.967353604995011107e-01 3.803796950128833032e+01
1.216334775477677210e+00 4.209923723030436354e-02 4.518438783023118788e+01 3.582352979957093009e-01 2.967353604995011107e-01 3.803796950128833032e+01
1.196890214506814321e+00 3.081819190216783869e-02 4.490007218489999730e+01 2.428134955175441367e-01 3.160388820252568731e-01 4.000000000000000000e+01
1.208118285271950310e+00 6.054660891968695335e-02 4.236831933333284184e+01 2.605229389798509598e-01 3.103553181085201285e-01 4.000000000000000000e+01
1.240657648463049156e+00 7.594885824257334439e-02 4.253215373444548675e+01 3.070752683669987215e-01 3.378889637026634141e-01 3.542373468051833640e+01
1.142349708979434331e+00 7.314863111493338788e-02 4.036146331069338800e+01 2.926342465888505662e-01 2.969670992361777007e-01 3.681831566045232051e+01
1.142349708979434331e+00 7.314863111493338788e-02 4.036146331069338800e+01 2.926342465888505662e-01 2.969670992361777007e-01 3.681831566045232051e+01
1.204739289410090564e+00 7.722530371665133064e-02 4.689424182609475622e+01 2.658174660152775592e-01 3.346859528131485573e-01 3.233434788283590677e+01
1.148891526696286913e+00 1.008620899917278824e-01 4.853443868029910391e+01 2.731690519165637099e-01 3.269696633517316098e-01 3.502007736806595517e+01
1.197029900750300691e+00 9.339527584064886978e-02 4.865462515099306273e+01 2.722267557257738169e-01 2.854659977544960481e-01 3.204345151299089167e+01
1.197029900750300691e+00 9.339527584064886978e-02 4.865462515099306273e+01 2.722267557257738169e-01 2.854659977544960481e-01 3.204345151299089167e+01
1.195777873201761876e+00 6.864213577989862480e-02 5.033703241963947761e+01 2.309504659645014724e-01 3.124705893002461821e-01 2.994551233863348116e+01
1.247431993312453136e+00 1.083087448899505006e-01 3.673759154806270288e+01 3.843827401027464785e-01 2.778534836927208929e-01 3.571689163432550629e+01
1.247431993312453136e+00 1.083087448899505006e-01 3.673759154806270288e+01 3.843827401027464785e-01 2.778534836927208929e-01 3.571689163432550629e+01
1.123331248177042108e+00 1.115057578616797662e-01 2.808420322739553754e+01 3.662160793236288736e-01 2.900309582849548429e-01 3.609161560601396701e+01
1.181815582581476232e+00 7.929961261289648899e-02 3.572104925940605824e+01 3.718412751926007398e-01 3.878283637587708887e-01 3.616827269796936406e+01
1.173561277836281613e+00 1.099050586534577600e-01 3.738155874818683344e+01 3.712165237342356927e-01 3.313292065277825271e-01 3.488684090582480479e+01
1.173561277836281613e+00 1.099050586534577600e-01 3.738155874818683344e+01 3.712165237342356927e-01 3.313292065277825271e-01 3.488684090582480479e+01
1.056173684084836140e+00 2.063926982202219096e-01 3.069236837802007756e+01 4.423502326773338100e-01 3.485482970188100160e-01 2.740494973519814792e+01
1.056173684084836140e+00 2.063926982202219096e-01 3.069236837802007756e+01 4.423502326773338100e-01 3.485482970188100160e-01 2.740494973519814792e+01
1.044871381314596670e+00 1.680935703702690909e-01 3.620143752806627901e+01 3.570270549409831351e-01 3.411966394438959993e-01 2.813638104085800862e+01
1.011926158027621980e+00 1.563914943574342131e-01 4.190292617992966484e+01 1.430655136098197000e-01 4.120584965820432988e-01 3.703226732811803146e+01
1.011323476591363013e+00 2.163939074546482322e-01 4.205299948883769900e+01 1.283885547036710539e-01 2.468410579263463078e-01 3.254361640836572889e+01
9.781963487420146652e-01 2.155157261949210978e-01 3.900060747191670174e+01 1.031926562435730999e-01 2.345713709972498950e-01 3.196725615145843591e+01
9.781963487420146652e-01 2.155157261949210978e-01 3.900060747191670174e+01 1.031926562435730999e-01 2.345713709972498950e-01 3.196725615145843591e+01
9.828270449083603699e-01 2.175659842526707632e-01 3.909622356443983193e+01 1.747234047992062833e-01 2.333413704082629714e-01 3.018825646762681814e+01
9.828270449083603699e-01 2.175659842526707632e-01 3.909622356443983193e+01 1.747234047992062833e-01 2.333413704082629714e-01 3.018825646762681814e+01
1.025281211611960730e+00 2.000797933114486782e-01 3.699673301035043949e+01 1.178714621828801795e-01 2.097542035207294042e-01 3.266022093470698451e+01
9.535144597538777189e-01 2.620158721719128558e-01 3.768092339761298604e+01 3.556774836465891876e-01 1.834866283626066519e-01 2.832615188424109576e+01
9.640351993605323910e-01 3.051424679791272521e-01 3.786336259148243499e+01 3.542629694813204666e-01 2.135340174284173220e-01 3.029360762163518572e+01
9.533360326069216795e-01 2.490559531100632051e-01 3.913124421784822005e+01 3.496524818089691289e-01 2.331810405930565544e-01 2.871558835237597407e+01
9.533360326069216795e-01 2.490559531100632051e-01 3.913124421784822005e+01 3.496524818089691289e-01 2.331810405930565544e-01 2.871558835237597407e+01
9.325960973458767844e-01 2.798051569831764285e-01 4.356978202104166797e+01 4.242474711362726469e-01 2.548262719895266759e-01 2.975645734507092754e+01
9.325960973458767844e-01 2.798051569831764285e-01 4.356978202104166797e+01 4.242474711362726469e-01 2.548262719895266759e-01 2.975645734507092754e+01
1.196263224351950205e+00 1.866015141889100781e-01 2.926693732546715765e+01 4.390876041041750777e-01 2.870146644693561955e-01 4.000000000000000000e+01
1.119469088033627768e+00 0.000000000000000000e+00 2.146292315844061349e+01 3.961280054971699216e-01 3.320536860463347839e-01 2.897613568008572571e+01
1.029386503859029078e+00 5.449555728846392118e-03 3.730401969290391406e+01 3.009862233553592392e-01 2.499366718817155331e-01 3.053022691694332380e+01
1.130877428646024363e+00 1.097201125248791209e-01 3.271100119885883828e+01 3.872905856393879520e-01 2.141917453914257974e-01 3.063248793322437891e+01
1.067247649620442607e+00 7.380217354377265060e-02 2.795790274397980824e+01 3.503022559663312996e-01 3.138646547996700731e-01 2.630063371555325702e+01
1.093001364218370464e+00 7.550302396494047719e-02 3.010071667145114915e+01 2.865281995019246519e-01 2.911056071384887645e-01 2.748216436453497025e+01
1.125871437136333197e+00 5.060573522429048093e-02 3.097272754172604436e+01 3.545750384985137948e-01 2.030462781690212104e-01 2.823928514578773985e+01
1.115174206368160004e+00 8.074793901195126411e-02 3.009690798952579627e+01 4.066991536747066038e-01 2.726547306976120355e-01 2.841292306986668237e+01
1.115174206368160004e+00 8.074793901195126411e-02 3.009690798952579627e+01 4.066991536747066038e-01 2.726547306976120355e-01 2.841292306986668237e+01
1.078114026972984529e+00 2.770441371770436187e-02 3.592867045307296081e+01 3.591956997736426849e-01 3.629286409267385438e-01 3.273857623945260542e+01
1.116531385293930922e+00 6.778451782030965600e-03 2.948513411361636827e+01 3.815810407686710537e-01 2.792093473870169706e-01 3.322375750185396726e+01
1.059110592799691775e+00 0.000000000000000000e+00 3.297467093995808085e+01 3.805526283442519087e-01 2.580095087262513909e-01 3.421808217572894506e+01
1.100703445825101712e+00 2.157601785170128444e-03 3.326102085656617646e+01 4.129123908912508134e-01 2.975470981832691320e-01 3.100028514711971184e+01
1.116305284451826196e+00 1.445805864196980650e-02 3.611846848142531741e+01 4.340143363032263890e-01 2.896951415984486689e-01 3.242504931509259336e+01
1.100296970770610727e+00 2.245490626990752359e-02 3.594250007924550516e+01 4.295107718970502808e-01 3.100943509087176753e-01 3.249469419896070832e+01
1.100296970770610727e+00 2.245490626990752359e-02 3.594250007924550516e+01 4.295107718970502808e-01 3.100943509087176753e-01 3.249469419896070832e+01
1.044194790644602744e+00 7.605289894204400603e-02 3.409835267623423505e+01 3.379591679245188551e-01 2.702846339219500127e-01 3.172283392885531583e+01
1.022404852514323226e+00 8.010768400164536285e-02 3.686302208245255940e+01 2.717446479036658147e-01 2.484966756212946826e-01 3.037523525681996972e+01
1.075095057440677015e+00 4.301187442940568317e-02 2.796181259688637155e+01 3.289660352569871993e-01 2.798928744521860801e-01 3.664289385054156156e+01
1.064119583611765840e+00 5.110572085274577708e-02 3.917757637941728888e+01 3.005111017182614530e-01 2.789799940515898524e-01 3.741998976943882838e+01
1.064119583611765840e+00 5.110572085274577708e-02 3.917757637941728888e+01 3.005111017182614530e-01 2.789799940515898524e-01 3.741998976943882838e+01
1.198373988650647259e+00 3.732846767295096291e-02 1.326087967753705321e+01 2.318431346341567612e-01 2.926016890172550844e-01 3.716253355580811046e+01
1.195748351322082792e+00 6.559278700741866253e-02 1.350541652553184946e+01 2.177285094447400648e-01 2.813921335697216475e-01 3.838621621438057474e+01
1.148758504404299829e+00 4.863631066319103885e-02 1.292961687080380884e+01 1.744007566364116357e-01 3.031916786091467531e-01 3.660886042922238914e+01
1.173587145233682794e+00 4.873001778610364099e-02 1.355483557927576044e+01 1.914622097640418241e-01 2.666869286545910933e-01 3.695664039812723445e+01
1.173587145233682794e+00 4.873001778610364099e-02 1.355483557927576044e+01 1.914622097640418241e-01 2.666869286545910933e-01 3.695664039812723445e+01
1.175837353490040815e+00 7.201561977376118306e-02 1.470776445950721723e+01 1.820803319503335183e-01 2.587907222250792616e-01 3.767590524693213183e+01
1.175837353490040815e+00 7.201561977376118306e-02 1.470776445950721723e+01 1.820803319503335183e-01 2.587907222250792616e-01 3.767590524693213183e+01
1.156438250799226575e+00 4.999245671961492776e-02 1.484641756032866589e+01 2.063702060535931859e-01 2.868040458982394347e-01 3.752397660259782697e+01
1.160471258931603966e+00 2.956215735794155003e-02 3.684673327055894987e+01 2.855577857410893650e-01 3.141603577510532208e-01 3.929562189136032657e+01
1.160471258931603966e+00 2.956215735794155003e-02 3.684673327055894987e+01 2.855577857410893650e-01 3.141603577510532208e-01 3.929562189136032657e+01
1.063361052544658847e+00 5.267388759030400269e-02 3.752177135073511494e+01 2.545626163272154407e-01 3.370547968902321556e-01 4.000000000000000000e+01
1.042542474669907016e+00 4.386107620545842689e-02 3.632664625625789512e+01 2.584833980360471406e-01 3.576144748300771892e-01 4.000000000000000000e+01
1.103539293947315647e+00 2.089867320326960556e-02 3.540432326830349297e+01 4.477607861920039900e-01 3.223576872323482556e-01 2.757524048383052673e+01
1.103539293947315647e+00 2.089867320326960556e-02 3.540432326830349297e+01 4.477607861920039900e-01 3.223576872323482556e-01 2.757524048383052673e+01
1.171728361974948784e+00 7.818918979503483579e-02 2.788993898484960710e+01 3.645579585333414974e-01 2.696193980350439223e-01 2.924081896195607655e+01
1.132064279500645032e+00 6.996159763842188517e-02 2.742779016223494892e+01 4.249078187252491312e-01 2.780279538819496743e-01 2.846694895465574504e+01
1.132064279500645032e+00 6.996159763842188517e-02 2.742779016223494892e+01 4.249078187252491312e-01 2.780279538819496743e-01 2.846694895465574504e+01
1.154603884223056598e+00 4.117664697246134486e-02 3.338259167632602953e+01 3.573201315033960879e-01 2.856617554423368510e-01 3.222786270764180472e+01
1.166466366434489199e+00 4.805782909843758083e-02 2.552107928422199734e+01 4.389097908348851274e-01 3.516889446163201649e-01 2.991398763055583387e+01
1.166466366434489199e+00 4.805782909843758083e-02 2.552107928422199734e+01 4.389097908348851274e-01 3.516889446163201649e-01 2.991398763055583387e+01
1.137437567103066982e+00 5.171418453046902619e-02 3.764183135166781824e+01 3.692346401373628462e-01 2.937406191896677066e-01 3.079773222416688938e+01
1.144007514972509965e+00 8.805465067273804403e-02 2.980927931627431704e+01 3.798228833006827010e-01 3.121078175689235845e-01 3.170976106234671832e+01
1.144007514972509965e+00 8.805465067273804403e-02 2.980927931627431704e+01 3.798228833006827010e-01 3.121078175689235845e-01 3.170976106234671832e+01
1.094688094281426771e+00 3.513888776636873296e-02 2.966136999652944439e+01 3.037173993777382286e-01 3.492730772531493222e-01 2.974410448438972310e+01
1.067744036147921793e+00 7.479235710106485469e-02 2.921071990381588535e+01 3.561589073809263706e-01 3.071393915740236458e-01 3.042784792714563480e+01
1.142249840814447470e+00 6.188899042829305863e-02 2.942700505291933410e+01 4.660729469073871534e-01 2.349077464846928420e-01 3.105963628767124618e+01
1.137588777369830995e+00 7.412383051181456461e-02 3.264586269838333976e+01 4.757383902019475808e-01 2.540773156459897875e-01 2.947207670170146798e+01
1.137588777369830995e+00 7.412383051181456461e-02 3.264586269838333976e+01 4.757383902019475808e-01 2.540773156459897875e-01 2.947207670170146798e+01
1.193435470115665975e+00 4.754154735151795708e-02 2.898886887712729532e+01 4.334186296623467882e-01 2.458073205160493657e-01 3.088617023028482578e+01
1.193435470115665975e+00 4.754154735151795708e-02 2.898886887712729532e+01 4.334186296623467882e-01 2.458073205160493657e-01 3.088617023028482578e+01
1.073063250777477773e+00 2.211284203717510111e-01 4.037207201958160852e+01 4.027007745899259250e-01 2.500411693136718183e-01 3.151555272592255719e+01
1.073933328366774687e+00 2.228782747185455160e-01 4.260950145882546281e+01 4.228852437862706815e-01 2.227080735439517511e-01 3.316210204575166642e+01
1.073933328366774687e+00 2.228782747185455160e-01 4.260950145882546281e+01 4.228852437862706815e-01 2.227080735439517511e-01 3.316210204575166642e+01
1.122954532782034720e+00 2.592218568659392930e-01 4.068716155181100902e+01 4.215760006825315931e-01 2.222187617021557371e-01 3.280907229920005364e+01
1.122954532782034720e+00 2.592218568659392930e-01 4.068716155181100902e+01 4.215760006825315931e-01 2.222187617021557371e-01 3.280907229920005364e+01
1.110950690993387724e+00 2.092669771238398480e-01 3.988315265808518006e+01 3.946980146347150442e-01 2.365098953917737501e-01 3.248220210450965340e+01
1.061415764416481888e+00 2.470859013937709570e-01 4.231396737180762813e+01 3.189740870758193125e-01 2.122401916561930391e-01 3.040616504440910006e+01
1.061415764416481888e+00 2.470859013937709570e-01 4.231396737180762813e+01 3.189740870758193125e-01 2.122401916561930391e-01 3.040616504440910006e+01
1.108243680216478788e+00 2.372805155316014269e-01 4.473244537518937847e+01 6.219134515120566808e-01 2.865268940964395550e-01 3.354743919182948275e+01
1.097942275050539207e+00 2.211526975680231100e-01 4.103271165375853968e+01 5.956298854758430572e-01 2.944807622743575437e-01 3.464721128919374848e+01
1.097942275050539207e+00 2.211526975680231100e-01 4.103271165375853968e+01 5.956298854758430572e-01 2.944807622743575437e-01 3.464721128919374848e+01
1.080268212977544717e+00 2.381447050721279823e-01 4.292196324758214132e+01 5.397905044328800139e-01 2.785939941403401399e-01 3.038085863859958380e+01
1.055641517628397086e+00 2.323303448276422822e-01 4.038864523481728241e+01 4.537127539592177294e-01 3.523161841792533666e-01 3.411668834025766017e+01
1.055641517628397086e+00 2.323303448276422822e-01 4.038864523481728241e+01 4.537127539592177294e-01 3.523161841792533666e-01 3.411668834025766017e+01
1.020767610461012387e+00 3.772444606067140715e-02 9.987798299709169214e+00 3.554900905030279334e-01 4.149771010654262904e-01 1.998146739253819959e+01
1.257357078667482808e+00 2.196826897258715994e-01 1.944519452676167148e+01 3.550716269640953882e-01 3.688327469068971021e-01 2.478415389048945272e+01
1.257150611093246662e+00 1.983425042412909345e-01 1.728979970373424990e+01 2.993231115900255035e-01 4.234238904199270626e-01 2.482246394307037463e+01
1.349069893971945655e+00 1.791826684493928457e-01 2.572213973788453600e+01 2.864954442330470141e-01 3.283595440103671548e-01 2.486612428261199170e+01
1.268025636673835388e+00 2.112146120817441353e-01 2.864708905266882866e+01 2.788150468297289630e-01 3.975069023375342736e-01 2.475717760837730097e+01
1.282234654991225575e+00 2.063055245798071091e-01 2.880859626388811279e+01 3.073654358455822355e-01 3.690689130222633008e-01 2.741590273611526385e+01
1.287645153640766482e+00 1.716670723688703271e-01 2.820609496132653149e+01 2.648169209417167158e-01 3.938970117503070578e-01 2.685318831148891405e+01
1.308142999795915529e+00 1.846279943502320275e-01 2.874964785394040945e+01 3.033082327415224655e-01 3.410087208943353709e-01 2.789760236780190894e+01
1.292446620456928708e+00 1.749557772752398654e-01 2.565943983245091431e+01 2.749220609619221212e-01 3.711728297403921739e-01 2.482529722286135154e+01
1.170404041841553333e+00 1.874298477971598209e-01 2.713392198768371344e+01 2.038932180871039224e-01 4.591890195104353922e-01 3.241840484492463048e+01
1.194695847844413406e+00 1.646791505827587265e-01 2.901215565741577862e+01 3.329191885010541196e-01 5.428395302403929978e-01 2.615280012616993588e+01
1.194695847844413406e+00 1.646791505827587265e-01 2.901215565741577862e+01 3.329191885010541196e-01 5.428395302403929978e-01 2.615280012616993588e+01
1.189228512717601438e+00 1.893210935237034098e-01 2.984797550251462184e+01 3.103673139122680724e-01 5.301759777244683391e-01 2.496253621322012251e+01
1.151826496218034235e+00 1.717527696714675756e-01 2.729719329057573773e+01 3.145283930889236079e-01 5.534682113320360530e-01 2.869894849535817016e+01
1.151826496218034235e+00 1.717527696714675756e-01 2.729719329057573773e+01 3.145283930889236079e-01 5.534682113320360530e-01 2.869894849535817016e+01
1.146404825137509853e+00 1.973286825527649502e-01 2.871241601598863724e+01 3.590966119911513377e-01 5.206996419449614333e-01 2.699198411057730596e+01
1.144797969104223601e+00 1.737625757030046569e-01 2.287873936449466328e+01 2.874321164213511914e-01 4.936919526868047137e-01 2.460495747916795040e+01
1.123672460624612013e+00 2.017180523304223927e-01 2.789622729053570893e+01 3.742953716899235506e-01 5.046366313305183926e-01 2.565848043542837686e+01
1.173533666505259809e+00 3.583878389455037727e-02 2.861558944342856847e+01 4.810841572264138444e-01 2.349787011159913674e-01 3.267472708347031585e+01
1.114335986920043098e+00 1.240653590216196922e-01 3.704115671864539650e+01 3.220066007390335328e-01 1.434360857929457278e-01 3.027865745770820283e+01
1.153931432305748794e+00 1.250833028600998875e-01 3.537430512366651669e+01 3.383620196568888905e-01 1.429435975530368719e-01 2.936111864545466332e+01
1.215781122481067289e+00 7.320878001385260070e-02 2.871843055813520706e+01 3.690274267554896070e-01 2.896899616727498517e-01 3.210675884473903352e+01
1.144693257112536777e+00 6.068558501789430432e-02 3.093968159738676249e+01 2.664599128058303679e-01 3.086079689972305307e-01 3.232830614411415127e+01
1.144693257112536777e+00 6.068558501789430432e-02 3.093968159738676249e+01 2.664599128058303679e-01 3.086079689972305307e-01 3.232830614411415127e+01
1.277973095962180450e+00 4.538880639676643597e-02 2.471466254172654331e+01 4.323709343305940367e-01 2.147360204530641414e-01 3.182995514104310431e+01
1.277973095962180450e+00 4.538880639676643597e-02 2.471466254172654331e+01 4.323709343305940367e-01 2.147360204530641414e-01 3.182995514104310431e+01
1.250325249763545754e+00 6.940894734077755757e-02 2.935871654592362034e+01 4.489464813287061817e-01 2.475442558354949973e-01 3.441080212889035295e+01
1.202378953092113179e+00 9.264537165363738447e-02 3.309019558914963710e+01 4.951119650209075407e-01 3.347459896473278240e-01 1.844967725713281581e+01
1.250853343260266870e+00 7.331704564303001548e-02 3.609139999340262506e+01 5.163850421173232785e-01 2.533183369750908187e-01 2.025118535452363489e+01
1.250853343260266870e+00 7.331704564303001548e-02 3.609139999340262506e+01 5.163850421173232785e-01 2.533183369750908187e-01 2.025118535452363489e+01
1.240662256362522253e+00 6.340773206177510724e-02 4.593667062442698068e+01 3.606764636971451221e-01 3.128610350137046026e-01 2.895088125032081550e+01
1.199173953183949815e+00 8.243027965526106282e-02 4.402781931762481094e+01 2.916461964617163005e-01 2.991281054665643202e-01 2.759026380802225020e+01
1.077358079058951867e+00 9.749590381279127360e-02 3.911708688424661773e+01 2.153757930595961156e-01 3.799275715657908781e-01 2.471584422892093613e+01
1.134204156371509731e+00 3.571544058497757440e-02 2.470166843878644869e+01 4.308871630259509256e-01 2.672667806421882286e-01 2.931849928130366933e+01
1.135880957810554204e+00 0.000000000000000000e+00 2.187827720892176941e+01 2.839019721795494333e-01 3.027010618454016866e-01 2.866717113983132137e+01
1.135842012780321042e+00 1.960611336014976558e-02 2.524021549421285826e+01 3.227536917599067579e-01 3.131641550100592308e-01 2.874197578309709655e+01
1.271215696266861928e+00 1.266920272001801628e-01 1.616630749330149541e+01 9.456812384657242720e-02 3.484186793655301151e-01 2.101729110271109136e+01
1.059211581487440101e+00 1.169318540106794868e-01 2.794957977675432659e+01 2.297505701249697718e-01 4.378223374895204856e-01 2.523720054126820145e+01
1.084633398251340086e+00 1.114444154634203210e-01 3.206302830201855869e+01 2.455325023769263371e-01 4.569201261793152669e-01 2.582868624483581144e+01
1.084633398251340086e+00 1.114444154634203210e-01 3.206302830201855869e+01 2.455325023769263371e-01 4.569201261793152669e-01 2.582868624483581144e+01
1.164627274287267200e+00 1.283450151418523699e-01 2.987172177121631123e+01 2.960850419833252478e-01 5.006730208135401483e-01 3.441351104839606734e+01
1.105758259545246869e+00 8.329450111994461670e-02 2.764872200573824301e+01 4.052553036642927431e-01 3.981614234963725130e-01 2.851259396846099037e+01
1.105758259545246869e+00 8.329450111994461670e-02 2.764872200573824301e+01 4.052553036642927431e-01 3.981614234963725130e-01 2.851259396846099037e+01
1.088310068854700718e+00 8.381791317132415708e-02 3.027748056175241231e+01 4.612735664167388339e-01 3.915398403556497042e-01 2.590884847305908067e+01
1.118703946078684508e+00 8.257957370512544748e-02 2.770140892935616250e+01 3.368772706686389284e-01 3.736926143839717218e-01 2.345943958122747830e+01
1.119656781555967040e+00 2.945989423659091389e-02 3.318393699996974533e+01 2.243694585194377644e-01 4.114371457086044015e-01 3.019215874441415082e+01
1.129839847996535251e+00 4.782004865834715845e-02 2.775802080721400245e+01 2.153626586483995131e-01 4.273747909022554969e-01 2.661319340721760796e+01
1.129780518879959450e+00 3.168959096990162094e-02 2.857080109256063238e+01 1.908719164567235782e-01 4.163432109315884921e-01 2.826990868282986114e+01
1.129780518879959450e+00 3.168959096990162094e-02 2.857080109256063238e+01 1.908719164567235782e-01 4.163432109315884921e-01 2.826990868282986114e+01
1.159323464589896879e+00 0.000000000000000000e+00 2.338146791584212636e+01 3.007750236920599951e-01 4.270934681140809430e-01 2.830162717785024995e+01
1.165139162704823095e+00 5.663792641854178966e-02 2.885854866791448714e+01 3.468318265315426530e-01 4.133246473522129150e-01 2.703862006402705376e+01
1.128815358244300127e+00 2.338611460388732161e-02 1.434895002099023209e+01 4.112501137797920370e-01 2.152240951935137925e-01 2.935101255130712872e+01
1.128815358244300127e+00 2.338611460388732161e-02 1.434895002099023209e+01 4.112501137797920370e-01 2.152240951935137925e-01 2.935101255130712872e+01
1.149886193848757676e+00 6.492392360266004137e-03 1.196444593838085524e+01 3.998977297355295613e-01 1.803717925789678211e-01 2.916709922249285825e+01
1.205291368280670294e+00 7.102957946772568698e-02 3.027479967480775969e+01 3.769373866657065308e-01 1.373352335775179789e-01 2.948800620145556550e+01
1.258508511165029597e+00 1.794560325395618341e-02 2.472568465895549394e+01 3.545141319765064414e-01 1.016136332796944153e-01 3.172674940989664805e+01
1.154562461612727242e+00 7.677907847516932116e-02 3.839256632320496720e+01 4.487495080453549612e-01 2.532178147449187788e-01 3.189277947257508572e+01
1.154562461612727242e+00 7.677907847516932116e-02 3.839256632320496720e+01 4.487495080453549612e-01 2.532178147449187788e-01 3.189277947257508572e+01
1.157815931397802256e+00 5.122658571301533237e-02 2.934270912298860168e+01 4.847450690502542181e-01 2.012694386341899733e-01 3.128421993550920632e+01
1.141088799767027595e+00 9.104373589567828218e-02 3.507158941821737841e+01 4.704350504090783480e-01 2.152854137223852993e-01 2.918136304715631013e+01
1.178485327840126606e+00 7.526727420395604162e-02 3.832525785766709703e+01 5.084552367678446538e-01 2.197650531268874330e-01 2.933415170517771031e+01
1.178485327840126606e+00 7.526727420395604162e-02 3.832525785766709703e+01 5.084552367678446538e-01 2.197650531268874330e-01 2.933415170517771031e+01
1.160939413827127176e+00 1.051595879216069424e-01 3.218759258309552251e+01 4.511259024593925471e-01 2.384694913716187137e-01 3.195620912301772165e+01
1.160939413827127176e+00 1.051595879216069424e-01 3.218759258309552251e+01 4.511259024593925471e-01 2.384694913716187137e-01 3.195620912301772165e+01
1.133738924664629222e+00 9.821179246333207324e-02 2.855927669839568495e+01 4.441881490717081160e-01 2.245032914027552950e-01 3.200243194363817878e+01
1.017174642384155447e+00 5.022067025496298326e-02 3.932395199023131482e+01 3.301822767353698174e-01 2.381574262082209459e-01 2.687633967961841819e+01
1.038619045944793484e+00 2.747094302616886335e-02 3.204905751207094511e+01 3.052880938971605507e-01 2.055051456845137792e-01 2.637767659406125276e+01
1.221337782744417177e+00 1.039940371800899058e-02 4.606699006384533135e+01 3.678610525762131545e-01 2.033223101063095228e-01 2.851471650001700198e+01
1.221337782744417177e+00 1.039940371800899058e-02 4.606699006384533135e+01 3.678610525762131545e-01 2.033223101063095228e-01 2.851471650001700198e+01
1.233272084318437489e+00 2.874920517605402542e-02 4.622444376400240884e+01 4.440872304942999893e-01 2.062335311192215748e-01 2.808942138522242971e+01
1.187620797961649100e+00 0.000000000000000000e+00 4.893208293518667062e+01 4.415700668322249389e-01 2.095099085354069357e-01 3.365179081030994013e+01
1.187620797961649100e+00 0.000000000000000000e+00 4.893208293518667062e+01 4.415700668322249389e-01 2.095099085354069357e-01 3.365179081030994013e+01
1.217196561920165010e+00 1.920308366533402672e-02 5.200000000000000000e+01 4.274465709221375587e-01 1.668370263167315293e-01 2.987200287579174329e+01
1.190594384166586694e+00 3.233453473515714854e-02 4.384479222158701361e+01 4.603718732904437116e-01 2.207705808686554472e-01 2.931930209345745908e+01
1.147656273557597251e+00 5.453836599903995330e-02 4.754689449141184809e+01 4.399127068273376850e-01 3.474572480417575382e-01 2.426409119409283832e+01
1.147656273557597251e+00 5.453836599903995330e-02 4.754689449141184809e+01 4.399127068273376850e-01 3.474572480417575382e-01 2.426409119409283832e+01
1.135355284213777738e+00 4.260391411463822914e-02 3.843793159377967328e+01 4.356402011577669708e-01 3.165851099602119967e-01 2.471671632039486965e+01
1.176408764805062956e+00 8.606815016078339653e-02 4.295359965761680598e+01 3.071763511086835763e-01 3.445196163101317266e-01 2.145220724795807143e+01
1.054772709929442165e+00 1.512690669623157902e-01 4.217103274287094195e+01 3.354122969855986014e-01 3.505444407940735974e-01 3.710781573420243262e+01
1.061160401215502036e+00 1.286973249704347899e-01 4.003273296047623830e+01 3.610858858695866758e-01 3.143457444590661010e-01 3.642590443302566428e+01
1.061160401215502036e+00 1.286973249704347899e-01 4.003273296047623830e+01 3.610858858695866758e-01 3.143457444590661010e-01 3.642590443302566428e+01
1.011529816228096124e+00 9.577946534733361439e-02 3.499618680634573309e+01 1.985210304358973332e-01 2.485454384894265900e-01 3.723318112275926239e+01
1.011529816228096124e+00 9.577946534733361439e-02 3.499618680634573309e+01 1.985210304358973332e-01 2.485454384894265900e-01 3.723318112275926239e+01
9.966867945157276143e-01 1.463336868630174259e-01 3.652330227967107135e+01 1.932237982421066147e-01 2.366041529146540590e-01 3.525850964175374713e+01
9.966867945157276143e-01 1.463336868630174259e-01 3.652330227967107135e+01 1.932237982421066147e-01 2.366041529146540590e-01 3.525850964175374713e+01
1.118515410513384545e+00 1.441759783228497294e-01 2.966581328269436568e+01 2.626361860521399527e-01 2.806587717269274918e-01 2.444999934020689025e+01
1.118515410513384545e+00 1.441759783228497294e-01 2.966581328269436568e+01 2.626361860521399527e-01 2.806587717269274918e-01 2.444999934020689025e+01
1.127656982436448185e+00 1.390836529722861703e-01 2.977755891116322928e+01 2.670978246124452449e-01 2.510436598229888738e-01 2.234452678290801941e+01
1.114311996897332513e+00 1.315065019731665730e-01 3.252241977398213635e+01 2.468844407223158843e-01 2.642053110437676544e-01 2.292472244529879433e+01
1.127277408677707315e+00 3.603441990448214526e-03 1.398875612072485453e+01 3.718752202672714890e-01 2.742951601552592322e-01 3.237729088106056707e+01
1.146618976707908466e+00 8.637653275963386168e-03 2.632838992758921037e+01 3.322281251883951736e-01 3.059976951630897224e-01 3.567773065790400722e+01
1.100957598103180723e+00 0.000000000000000000e+00 2.794745779377752370e+01 2.686816709176547135e-01 2.439164632385327769e-01 3.063854488079488547e+01
1.160790532904078187e+00 7.772001272000977033e-04 1.858718370371251893e+01 3.908703870524507518e-01 3.481521395874425107e-01 2.913521475211999245e+01
1.149580338818152914e+00 0.000000000000000000e+00 1.428755172204180468e+01 3.847421286056372791e-01 3.847938978949418942e-01 3.121974418658899708e+01
1.111914761750110392e+00 0.000000000000000000e+00 2.020521410028051434e+01 3.392757520891724887e-01 3.499943995376416095e-01 2.980593688657843288e+01
1.111914761750110392e+00 0.000000000000000000e+00 2.020521410028051434e+01 3.392757520891724887e-01 3.499943995376416095e-01 2.980593688657843288e+01
1.219882103629513548e+00 0.000000000000000000e+00 1.830592317779234790e+01 3.611637110358547620e-01 3.563105104071142559e-01 3.053393827396533666e+01
1.091382053570309152e+00 9.038109903292353142e-03 9.288578963615123030e+00 4.003079671608776313e-01 3.773506746408174517e-01 2.869266567389587053e+01
1.060129452593293164e+00 4.559482934765415885e-02 6.544858640249736403e+00 3.623889574541406811e-01 3.887602433627276310e-01 2.848744227532247919e+01
1.118507468575565600e+00 0.000000000000000000e+00 9.003785829689270770e+00 3.285872443369301510e-01 3.824335465518742261e-01 2.960236849578127760e+01
1.151506569904433785e+00 5.716004284620847947e-03 1.392577370405709658e+01 3.501469875644920848e-01 3.669313949404580111e-01 2.848383088005610020e+01
1.219993012762334850e+00 1.271344293760936356e-02 2.243436211869428831e+01 4.481085661477261506e-01 3.071192849138127401e-01 3.564283036617867140e+01
1.219993012762334850e+00 1.271344293760936356e-02 2.243436211869428831e+01 4.481085661477261506e-01 3.071192849138127401e-01 3.564283036617867140e+01
1.286227626690492398e+00 6.534511599633205381e-02 2.959051393392897467e+01 4.420515236847166185e-01 3.132510702954086623e-01 3.602892726098939846e+01
1.286227626690492398e+00 6.534511599633205381e-02 2.959051393392897467e+01 4.420515236847166185e-01 3.132510702954086623e-01 3.602892726098939846e+01
1.254612651343399499e+00 3.709694645539746150e-02 2.083503755681592651e+01 4.504623314745143103e-01 2.870326811345940698e-01 3.670372893588408658e+01
1.171989363358671099e+00 0.000000000000000000e+00 1.872901494420637647e+01 4.420440116482082793e-01 3.539699862136034825e-01 3.525653148612658327e+01
1.171989363358671099e+00 0.000000000000000000e+00 1.872901494420637647e+01 4.420440116482082793e-01 3.539699862136034825e-01 3.525653148612658327e+01
1.145729479391317973e+00 0.000000000000000000e+00 2.811001680938681346e+01 3.908277565076699878e-01 3.981926506765059437e-01 3.064724681034153164e+01
1.145729479391317973e+00 0.000000000000000000e+00 2.811001680938681346e+01 3.908277565076699878e-01 3.981926506765059437e-01 3.064724681034153164e+01
1.169653414356731425e+00 5.561038659682855136e-03 2.595491913619071411e+01 3.715236552975880180e-01 3.970672567276340992e-01 3.247559341570929803e+01
1.144650074396842854e+00 0.000000000000000000e+00 1.713860335649319211e+01 3.276377556152424431e-01 2.968883995781422258e-01 3.318534375525614877e+01
1.144650074396842854e+00 0.000000000000000000e+00 1.713860335649319211e+01 3.276377556152424431e-01 2.968883995781422258e-01 3.318534375525614877e+01
1.171895508485338855e+00 2.882239779985159081e-02 2.551105486649827370e+01 3.522893299636817299e-01 2.863119945591118820e-01 3.373742743135802868e+01
1.218452023608253887e+00 0.000000000000000000e+00 1.989946930385672275e+01 2.907385821254517833e-01 2.640292070161620042e-01 3.255948286524037627e+01
1.173456425134717707e+00 1.141185208659407785e-01 1.248300183678797914e+01 3.713796174893209123e-01 2.773189735984971649e-01 2.862072752424321820e+01
1.173456425134717707e+00 1.141185208659407785e-01 1.248300183678797914e+01 3.713796174893209123e-01 2.773189735984971649e-01 2.862072752424321820e+01
1.117389469850964767e+00 6.498212789869552142e-02 3.686969106365042492e+00 4.918437611528948539e-01 1.651267931533858813e-01 3.160075500558410155e+01
1.143113233056226141e+00 6.501121527871552008e-02 3.998927186722801785e+00 4.092663481560517846e-01 2.130208649091462347e-01 3.169068092701835937e+01
1.143113233056226141e+00 6.501121527871552008e-02 3.998927186722801785e+00 4.092663481560517846e-01 2.130208649091462347e-01 3.169068092701835937e+01
1.159286954203894382e+00 6.518917559600148626e-02 2.038930999663062948e+01 2.386193016751231577e-01 3.361305144410308143e-01 2.599322140883711540e+01
1.165881186734972541e+00 8.240701457684365683e-02 2.299616648069619984e+01 1.850475917178903418e-01 3.595771932806612337e-01 2.749776452650344183e+01
1.165881186734972541e+00 8.240701457684365683e-02 2.299616648069619984e+01 1.850475917178903418e-01 3.595771932806612337e-01 2.749776452650344183e+01
1.217916495204947935e+00 7.167887618576074260e-02 6.610839734387415234e+00 3.616700912316016536e-01 3.697870211307492938e-01 3.405118277389427561e+01
1.163273947430895294e+00 9.646817105112785729e-02 5.003793908261282120e+00 4.043444153485408754e-01 3.189248240238898857e-01 3.498830930634615299e+01
1.163273947430895294e+00 9.646817105112785729e-02 5.003793908261282120e+00 4.043444153485408754e-01 3.189248240238898857e-01 3.498830930634615299e+01
1.171774099202272490e+00 5.959125191152526979e-02 0.000000000000000000e+00 3.274342241417576571e-01 3.429516086537598984e-01 2.592471184097414749e+01
1.171774099202272490e+00 5.959125191152526979e-02 0.000000000000000000e+00 3.274342241417576571e-01 3.429516086537598984e-01 2.592471184097414749e+01
1.146282592603506290e+00 1.337801954818744754e-01 0.000000000000000000e+00 4.085467853541565053e-01 3.330935290444290153e-01 2.701487902377012773e+01
1.118566466903118783e+00 3.443854106831698014e-02 3.737257962611041595e+00 3.445218952141903546e-01 3.873274705449220590e-01 3.118258454216811870e+01
1.118566466903118783e+00 3.443854106831698014e-02 3.737257962611041595e+00 3.445218952141903546e-01 3.873274705449220590e-01 3.118258454216811870e+01
1.154546164872215064e+00 2.130017019709469842e-03 7.828450795028459197e+00 3.511146680340287429e-01 2.886091881871982734e-01 2.849777530522813507e+01
1.206365568353766626e+00 2.843974859241016340e-02 2.260064952348517053e+01 4.038220017414461682e-01 3.061910701012880431e-01 2.852932622694021347e+01
1.243542946299700969e+00 1.821280524498678291e-02 2.556064100081671242e+01 3.048579830135973445e-01 2.458467598290380862e-01 2.869571157066840783e+01
1.243542946299700969e+00 1.821280524498678291e-02 2.556064100081671242e+01 3.048579830135973445e-01 2.458467598290380862e-01 2.869571157066840783e+01
1.194386964500733894e+00 1.601167866447283580e-02 2.512507954969023416e+01 3.562158904550838945e-01 2.588151314861195651e-01 2.852291511925737311e+01
1.243841702361209611e+00 6.017523068006629811e-02 1.801707462751330624e+01 5.056201948547729419e-01 2.247112530240785444e-01 2.135766878870483865e+01
1.243841702361209611e+00 6.017523068006629811e-02 1.801707462751330624e+01 5.056201948547729419e-01 2.247112530240785444e-01 2.135766878870483865e+01
1.188175168658393899e+00 0.000000000000000000e+00 3.781258308485297448e+01 4.664099268623232430e-01 3.680944685002983108e-01 1.821325501245883061e+01
1.106755991763183955e+00 0.000000000000000000e+00 4.173631527841725131e+01 4.723035889454378355e-01 3.729412096857259162e-01 1.905076900076470992e+01
1.087273579805374313e+00 9.853007959022167667e-03 3.892482077399794349e+01 4.474080345926476077e-01 3.462942243165937350e-01 2.124665703307527664e+01
1.087273579805374313e+00 9.853007959022167667e-03 3.892482077399794349e+01 4.474080345926476077e-01 3.462942243165937350e-01 2.124665703307527664e+01
1.105274286528179495e+00 2.714350634930573491e-02 4.489752625187651347e+01 5.301224423114939688e-01 4.293826844108835639e-01 1.903133047402160116e+01
1.167030827029054585e+00 1.113574126612420709e-02 4.393661325077550117e+01 4.698714132458797210e-01 3.920262510168340264e-01 1.622924793835074908e+01
1.162721740222124600e+00 1.653490072339338160e-02 4.862702282604200121e+01 5.552320087856256192e-01 3.820237770837752733e-01 1.736299776460048605e+01
1.162721740222124600e+00 1.653490072339338160e-02 4.862702282604200121e+01 5.552320087856256192e-01 3.820237770837752733e-01 1.736299776460048605e+01
9.727729292361051439e-01 5.010759806047391379e-02 3.350405030400514761e+01 3.921209890327801428e-01 4.499189764111978795e-01 2.980510767010125761e+01
1.089910828904367524e+00 6.715814388362817411e-02 4.311525689240481540e+01 5.339978802181885031e-01 4.647565718014791680e-01 2.276386286340096632e+01
1.061124284246962368e+00 3.786116476103241341e-02 5.091804508827632247e+01 3.454119877527730975e-01 5.646428230067427334e-01 2.623820414686643332e+01
1.061124284246962368e+00 3.786116476103241341e-02 5.091804508827632247e+01 3.454119877527730975e-01 5.646428230067427334e-01 2.623820414686643332e+01
1.018763767403670473e+00 4.535332155571351886e-02 5.109631344635995731e+01 4.241759438371563440e-01 5.593184745765306110e-01 2.808025503865621175e+01
1.052969160525127679e+00 5.444849140039560720e-02 5.200000000000000000e+01 3.692978457995573227e-01 4.741508349534817590e-01 2.637489539934031413e+01
1.056737883678402046e+00 6.811186126999840829e-02 5.127082058257927599e+01 3.870017595846126368e-01 4.900465159275129712e-01 2.940955051623667060e+01
1.056737883678402046e+00 6.811186126999840829e-02 5.127082058257927599e+01 3.870017595846126368e-01 4.900465159275129712e-01 2.940955051623667060e+01
1.046499550112424348e+00 8.058083041784833145e-02 2.968636461951401984e+01 4.071530274114286696e-01 4.734311710687576502e-01 2.291507636873656395e+01
9.807150845424856822e-01 3.958570668514672236e-02 3.323351658797333386e+01 3.714483051341666009e-01 3.936416956060105887e-01 2.864701271060835808e+01
1.074346025682534123e+00 5.396659610218491887e-02 3.777282604587841064e+01 5.254987847926834155e-01 3.589392512167233207e-01 2.183417216122241911e+01
1.098441615265323357e+00 4.873106557776190478e-02 3.926843192766106228e+01 5.765311803153938541e-01 3.769750522122566339e-01 1.930378762773680634e+01
1.098441615265323357e+00 4.873106557776190478e-02 3.926843192766106228e+01 5.765311803153938541e-01 3.769750522122566339e-01 1.930378762773680634e+01
1.090067859894569668e+00 2.668644746116782471e-02 2.513817036501511382e+01 4.528490381515177798e-01 4.176979133579656889e-01 2.522626345025066641e+01
1.179793793182682071e+00 0.000000000000000000e+00 1.819736210499169715e+01 5.191046673809781575e-01 4.274573787821712711e-01 2.405902371406594753e+01
1.179793793182682071e+00 0.000000000000000000e+00 1.819736210499169715e+01 5.191046673809781575e-01 4.274573787821712711e-01 2.405902371406594753e+01
1.132813798842600805e+00 1.568097216858047385e-02 2.416965423377406097e+01 3.977441607112751076e-01 4.647744539406710729e-01 2.383798404635057011e+01
1.003728104506458552e+00 6.521604135268786739e-02 4.203945657917104484e+01 4.890437175421475935e-01 3.957906838679202677e-01 2.869405938583908267e+01
1.119970892116107564e+00 9.159979728395159504e-02 4.514579147674635351e+01 4.524724402840215043e-01 3.916090524804558548e-01 2.588255740016322903e+01
1.043881722159593295e+00 3.765553697627779806e-02 4.055324490100933588e+01 3.704879775020245569e-01 3.504844146507736236e-01 2.765323167274323168e+01
1.043881722159593295e+00 3.765553697627779806e-02 4.055324490100933588e+01 3.704879775020245569e-01 3.504844146507736236e-01 2.765323167274323168e+01
1.097579095040189578e+00 4.660741787502703515e-02 4.185487522668697835e+01 4.597004851451878538e-01 3.613832562152081707e-01 2.414845818042144643e+01
1.019374946890855727e+00 9.842616364464204515e-02 4.189709493812210894e+01 5.445826183173769763e-01 4.019631568714393532e-01 2.540637808901462336e+01
1.019374946890855727e+00 9.842616364464204515e-02 4.189709493812210894e+01 5.445826183173769763e-01 4.019631568714393532e-01 2.540637808901462336e+01
9.831734048874140042e-01 1.017383692626554481e-01 4.156434759769339138e+01 4.010819377256624740e-01 3.606039184955311394e-01 2.486582966696774832e+01
1.088724578219019801e+00 2.756364595232896689e-02 4.265635309316174073e+01 3.984483124026182432e-01 4.565838430967854022e-01 2.290464062602270801e+01
1.080193925478302619e+00 1.845948535229229373e-02 4.689977736926729790e+01 3.423824127973267295e-01 5.113708728901886769e-01 2.380435818378883184e+01
1.049502500240096170e+00 3.674784304170469057e-02 4.580324299194471394e+01 3.298644302736577494e-01 4.879387220925736623e-01 2.039333080575595503e+01
9.778672998254666071e-01 4.510794456384914497e-02 3.853536890840067741e+01 2.325709605981220451e-01 3.999866857859033509e-01 2.526571235003580540e+01
9.778672998254666071e-01 4.510794456384914497e-02 3.853536890840067741e+01 2.325709605981220451e-01 3.999866857859033509e-01 2.526571235003580540e+01
1.027415520040607655e+00 5.200834044968931369e-02 3.739813185605632384e+01 2.779094325340730753e-01 3.529065949080400499e-01 2.428058260495883758e+01
1.005225485224294557e+00 1.001232556142437891e-01 4.325114492327917759e+01 2.627641190481428413e-01 3.399905877300128387e-01 2.470583573102512531e+01
9.543186486104882071e-01 6.448267814967875711e-02 4.316241504359680192e+01 2.273347517534144158e-01 3.371779127809590437e-01 2.951190502099983703e+01
9.543186486104882071e-01 6.448267814967875711e-02 4.316241504359680192e+01 2.273347517534144158e-01 3.371779127809590437e-01 2.951190502099983703e+01
9.929620423211681368e-01 8.753334892211725449e-02 4.126973007644787117e+01 2.797972535304695807e-01 3.552200687852445360e-01 2.567838499017549481e+01
9.929620423211681368e-01 8.753334892211725449e-02 4.126973007644787117e+01 2.797972535304695807e-01 3.552200687852445360e-01 2.567838499017549481e+01
1.047464979636291371e+00 1.076696812963482686e-01 2.565323608864436267e+01 3.391051842327522103e-01 3.022961647044903888e-01 2.797212859672054819e+01
1.047464979636291371e+00 1.076696812963482686e-01 2.565323608864436267e+01 3.391051842327522103e-01 3.022961647044903888e-01 2.797212859672054819e+01
9.984402258744455860e-01 5.915970587835550631e-02 2.885916639454406507e+01 2.434142425140724264e-01 2.799822881414542053e-01 2.543855607962739995e+01
9.785780789520400758e-01 0.000000000000000000e+00 2.068548878275152347e+01 2.645314351676206766e-01 3.114328809665583009e-01 2.277654882762713839e+01
9.738215134246871463e-01 0.000000000000000000e+00 2.082087250653348320e+01 2.818058139757565472e-01 3.001704169250740128e-01 2.134340684272160260e+01
1.053328056549847958e+00 3.372227998680900340e-02 3.227813509548820292e+01 3.249126323422536489e-01 2.540493106189836148e-01 2.653640383267416425e+01
1.008816255699246822e+00 8.379839243313381980e-02 3.174923355024084870e+01 4.200687360667340609e-01 1.701003521193837076e-01 2.451094768429982551e+01
1.008816255699246822e+00 8.379839243313381980e-02 3.174923355024084870e+01 4.200687360667340609e-01 1.701003521193837076e-01 2.451094768429982551e+01
1.000039761747717471e+00 9.408144983498253899e-02 2.578120362732972382e+01 4.325108203259320216e-01 1.472601637942125841e-01 2.252941514950653357e+01
1.023733421392971632e+00 8.133424197168734326e-02 2.903526963782019266e+01 2.765304789837293997e-01 2.544749192476904454e-01 2.540794247389095517e+01
1.050657746528104841e+00 4.250107566424273647e-02 2.812000738838825242e+01 3.694804079820978027e-01 2.219611141688587475e-01 2.716044339115109096e+01
1.234629513400383516e+00 1.438678389324235252e-01 3.294711822266603463e+01 6.598156494117725090e-01 3.083756327169854261e-01 3.302274902219774333e+01
1.136121877690090320e+00 6.424371841872233979e-02 4.286349101173397003e+01 4.968601189688519604e-01 2.774058356985391605e-01 2.576496034779639999e+01
1.136121877690090320e+00 6.424371841872233979e-02 4.286349101173397003e+01 4.968601189688519604e-01 2.774058356985391605e-01 2.576496034779639999e+01
1.067215722813603884e+00 2.693156427926334320e-02 3.209603559704259368e+01 4.192378423396944664e-01 2.619361453007283402e-01 2.536920832496899436e+01
1.118803534379556819e+00 2.454113936736969370e-02 3.468276317125304331e+01 4.249419212557378200e-01 2.925814273284392808e-01 2.388315876915359581e+01
1.118803534379556819e+00 2.454113936736969370e-02 3.468276317125304331e+01 4.249419212557378200e-01 2.925814273284392808e-01 2.388315876915359581e+01
1.075406540180584569e+00 5.482821752743688437e-02 2.863906260477082810e+01 4.313740661231777462e-01 2.734681056229785190e-01 3.129441435745710010e+01
9.753224079234454891e-01 9.453817797179545068e-02 3.367737771397126778e+01 3.728447245226040874e-01 3.372209136707935428e-01 2.050196319735658079e+01
9.763194071394973861e-01 1.004464276769172354e-01 3.740925595922733038e+01 3.268905334189806666e-01 3.460784406852446260e-01 2.276455865074493801e+01
1.055414517288361775e+00 2.376129438810523423e-02 4.201849305321030670e+01 5.515220010992633037e-01 4.211999889764397875e-01 2.230825094297671640e+01
1.059545552483611930e+00 5.338835487736899588e-03 4.496943519251519206e+01 4.692937178245593643e-01 3.814204075975891617e-01 2.437692734119696780e+01
1.059545552483611930e+00 5.338835487736899588e-03 4.496943519251519206e+01 4.692937178245593643e-01 3.814204075975891617e-01 2.437692734119696780e+01
9.882966815519593773e-01 1.382981860688043962e-01 3.478519390475891271e+01 4.171576011791695016e-01 2.954419691277866411e-01 1.849013903833115435e+01
1.009314706846608845e+00 9.833151283181934543e-02 2.828073272448411046e+01 3.766397088039711849e-01 3.904967623668101906e-01 1.728561256919946487e+01
1.122734316890371176e+00 2.275650175681059179e-02 2.860890694816663782e+01 2.325000219876866281e-01 3.850320448056615552e-01 2.443961208250127015e+01
1.113916028995663998e+00 2.917321043189254753e-02 2.280681169199528924e+01 2.400312257572760066e-01 3.259387469923826219e-01 2.387974602576352368e+01
1.113916028995663998e+00 2.917321043189254753e-02 2.280681169199528924e+01 2.400312257572760066e-01 3.259387469923826219e-01 2.387974602576352368e+01
1.073537923252350312e+00 0.000000000000000000e+00 2.608160504860240891e+01 2.988512084714601280e-01 3.668835247835361413e-01 2.454833348001329085e+01
1.102509172557751604e+00 4.491841369963467390e-02 2.591966418951166773e+01 3.520737293382316668e-01 3.678012147089038675e-01 2.498347752238757380e+01
1.120327125860255624e+00 3.494842421552898926e-02 3.005235647833536561e+01 3.180520415470661777e-01 3.656252905520223639e-01 2.810854816822036994e+01
1.120327125860255624e+00 3.494842421552898926e-02 3.005235647833536561e+01 3.180520415470661777e-01 3.656252905520223639e-01 2.810854816822036994e+01
1.140843098705985437e+00 0.000000000000000000e+00 2.856439646964627244e+01 4.018290550908082959e-01 3.678868345582519406e-01 2.644579883001000553e+01
1.140843098705985437e+00 0.000000000000000000e+00 2.856439646964627244e+01 4.018290550908082959e-01 3.678868345582519406e-01 2.644579883001000553e+01
1.129146924800162877e+00 2.906276185473807144e-02 2.712112594941090293e+01 4.505670230873607962e-01 3.585893306317257112e-01 2.400537226205517172e+01
1.118304466936094199e+00 8.844508103475021144e-03 2.542472558250807069e+01 3.858615709344861422e-01 3.378864683163386728e-01 2.718649676956525241e+01
1.118304466936094199e+00 8.844508103475021144e-03 2.542472558250807069e+01 3.858615709344861422e-01 3.378864683163386728e-01 2.718649676956525241e+01
1.110011832937007448e+00 1.988303292211990314e-02 3.245030826303315052e+01 4.210232697927335788e-01 3.550974736300778756e-01 2.535761860713081006e+01
1.056130031924071844e+00 1.430811088289243860e-01 3.158611188833458883e+01 2.591058224836164658e-01 4.564696390716667662e-01 3.242500950127034542e+01
1.056130031924071844e+00 1.430811088289243860e-01 3.158611188833458883e+01 2.591058224836164658e-01 4.564696390716667662e-01 3.242500950127034542e+01
1.011502069602274512e+00 1.355484828173890433e-01 3.162020555401996447e+01 2.705017508782480151e-01 3.873133252334040599e-01 3.379352194809263921e+01
1.026061964046561803e+00 1.361937450218197732e-01 3.215002456593325775e+01 2.424158505653952744e-01 4.207321344968020238e-01 3.313175100084077229e+01
1.026061964046561803e+00 1.361937450218197732e-01 3.215002456593325775e+01 2.424158505653952744e-01 4.207321344968020238e-01 3.313175100084077229e+01
9.908061468160699325e-01 1.149423172131709553e-01 3.721970957005799363e+01 2.614480156207910078e-01 3.833890584168929139e-01 3.297573545030009257e+01
1.029423664019622819e+00 9.734599130644461251e-02 3.488124866629736687e+01 2.044627278421617400e-01 3.773274441885558494e-01 3.295041907040226903e+01
1.029423664019622819e+00 9.734599130644461251e-02 3.488124866629736687e+01 2.044627278421617400e-01 3.773274441885558494e-01 3.295041907040226903e+01
1.034382335399648634e+00 1.468145570162486258e-01 3.306066363843821421e+01 2.665234965488251784e-01 4.242838705927240994e-01 3.319899102740549068e+01
1.028536521781818092e+00 1.276726306936847022e-01 3.373532917745176007e+01 3.101467592993897293e-01 4.325593345387999111e-01 3.576498251288334984e+01
1.028536521781818092e+00 1.276726306936847022e-01 3.373532917745176007e+01 3.101467592993897293e-01 4.325593345387999111e-01 3.576498251288334984e+01
1.073246273665789730e+00 8.335814985833679691e-02 2.836043412215700599e+01 3.435031846028070990e-01 4.130806511305424311e-01 3.154446095037659958e+01
1.073246273665789730e+00 8.335814985833679691e-02 2.836043412215700599e+01 3.435031846028070990e-01 4.130806511305424311e-01 3.154446095037659958e+01
1.013191333606264344e+00 1.657310939681499729e-01 3.271307082478497108e+01 3.338937869790753465e-01 3.783178315738089381e-01 3.242573177592748124e+01
9.468214013901202764e-01 2.099597427712916464e-01 4.768547815995435002e+01 3.572955678917454914e-01 4.560549583547076069e-01 2.217081788561527844e+01
9.174612168936053802e-01 2.016014825613832717e-01 4.651794856549058466e+01 3.645687986976088868e-01 4.519992829458247541e-01 2.066446308932470544e+01
1.015476503710940115e+00 1.885368832576909959e-01 4.982907506965396749e+01 6.139832078458987707e-01 4.612765101703508175e-01 2.258911609316994173e+01
1.159172565138828714e+00 8.715060747384881235e-02 2.731930544860849963e+01 3.449798958637785851e-01 2.961704694608617294e-01 3.021360206157164185e+01
1.218546458443030556e+00 8.075626182914355522e-02 3.009034525746234223e+01 2.981222160325310289e-01 3.299223534936599478e-01 3.458956860006004774e+01
1.218546458443030556e+00 8.075626182914355522e-02 3.009034525746234223e+01 2.981222160325310289e-01 3.299223534936599478e-01 3.458956860006004774e+01
1.246250516052501478e+00 6.722307810230147840e-02 2.098528539702199680e+01 3.047207886058019843e-01 2.634348849598830977e-01 3.215965006753551592e+01
1.272090269747525815e+00 6.849642384436226139e-02 2.265852982447817610e+01 3.071663725929333344e-01 2.888995179728414686e-01 2.878304320733563060e+01
1.272090269747525815e+00 6.849642384436226139e-02 2.265852982447817610e+01 3.071663725929333344e-01 2.888995179728414686e-01 2.878304320733563060e+01
1.211071740920856010e+00 3.941376156967044131e-02 2.564449659234389856e+01 3.468027321526921947e-01 2.819038575245125799e-01 3.122582659620566403e+01
1.124421371407026138e+00 5.500735418720065911e-02 2.404277577211792760e+01 3.303713786239338979e-01 3.159294331327991423e-01 3.114434835961321824e+01
1.199054135273913246e+00 7.847768526461768035e-03 3.893635096805933671e+01 3.469330872990627479e-01 1.928112531125965590e-01 2.978652637326663211e+01
1.134952335674751067e+00 5.892183198670386535e-02 3.949693652624237217e+01 3.122876039545898208e-01 1.342960178655271952e-01 2.821680729694203293e+01
1.190015041425822151e+00 4.689434085751383041e-02 3.941430485574709053e+01 4.421610650463126402e-01 2.052047099552772591e-01 2.572609658539865052e+01
1.140032959750298058e+00 4.936798101682230572e-02 2.936823782830016327e+01 6.060018650990250944e-01 2.209243203051255433e-01 1.861699486261452918e+01
1.193817654111926307e+00 4.902044256535816741e-02 2.850896695994005370e+01 6.050948866305007057e-01 2.522368593550002314e-01 1.784078298491973413e+01
1.222110151893523566e+00 3.290109373348756860e-02 2.548793842468655413e+01 5.915584428119025073e-01 2.139288286610071532e-01 1.846122619972829781e+01
1.024855190868805721e+00 3.543133431466483074e-02 4.235734126973687808e+01 3.451568578445526336e-01 1.888323316871637347e-01 2.843728701815081195e+01
1.119421160212678679e+00 4.037406222122408295e-02 3.310069083039681459e+01 2.700228775054132613e-01 2.986643039978575942e-01 3.608022017866456821e+01
1.032167631438160926e+00 1.245839706929131319e-01 4.438315358885744644e+01 6.645957052401607612e-01 2.988045085977431015e-01 2.801688122258976676e+01
1.032167631438160926e+00 1.245839706929131319e-01 4.438315358885744644e+01 6.645957052401607612e-01 2.988045085977431015e-01 2.801688122258976676e+01
9.792620723101327362e-01 2.666654518767208604e-02 4.091456438249867489e+01 3.397298263499399784e-01 3.474272261732388456e-01 3.076919058584148914e+01
9.750665735193061456e-01 4.497432684468848085e-02 3.870714538974144148e+01 2.890326083224147857e-01 3.161607149005239981e-01 2.849522904498444476e+01
1.083314906786684295e+00 3.701609563343177117e-02 3.737027479253293905e+01 2.839713463777246427e-01 2.834467147170963153e-01 3.003417835249284806e+01
1.083314906786684295e+00 3.701609563343177117e-02 3.737027479253293905e+01 2.839713463777246427e-01 2.834467147170963153e-01 3.003417835249284806e+01
1.006200794145929667e+00 6.247813163377438639e-02 2.998950257315702217e+01 2.523080159863076988e-01 2.339500623536391877e-01 2.863107857120428079e+01
1.104737720798413037e+00 8.357292345590980331e-02 3.203012045440093658e+01 3.005692276419542619e-01 2.710305848989107980e-01 2.981959615031033195e+01
1.075754798685500502e+00 8.107813196940598377e-02 3.290951917520434478e+01 3.388259250371560283e-01 2.686055840363137936e-01 2.723854307338819680e+01
1.075754798685500502e+00 8.107813196940598377e-02 3.290951917520434478e+01 3.388259250371560283e-01 2.686055840363137936e-01 2.723854307338819680e+01
1.030372624058689457e+00 1.526305896706080245e-01 3.699824642641209493e+01 5.135132648356652840e-01 3.388620456257239177e-01 3.311814639330231103e+01
1.030372624058689457e+00 1.526305896706080245e-01 3.699824642641209493e+01 5.135132648356652840e-01 3.388620456257239177e-01 3.311814639330231103e+01
1.048807866453555837e+00 1.083565714067234453e-01 3.623436964331862953e+01 5.309372028736714100e-01 3.394328690970122575e-01 3.408492872164428888e+01
1.157890331660505812e+00 7.641047306925276283e-02 3.752876854831091435e+01 5.655810453263577786e-01 2.788315185207712599e-01 2.326661902204056176e+01
1.070896252338845001e+00 4.900076296191507863e-02 3.117852212202516426e+01 2.603617077896313581e-01 3.829974664426825104e-01 3.496694979562989403e+01
1.081455913474859143e+00 8.607287402801647169e-02 3.609036964981880402e+01 1.907319897262070851e-01 4.012051251579310529e-01 3.330279718456769444e+01
1.090512505465404125e+00 1.092149644968485878e-01 3.754387202385316868e+01 3.125225978995922471e-01 4.560920692818265509e-01 2.670598413657103620e+01
1.057646217035615344e+00 1.043675107703349036e-01 3.466364559177215909e+01 3.184471949450033978e-01 4.509269239036628463e-01 2.945503694380987270e+01
1.057646217035615344e+00 1.043675107703349036e-01 3.466364559177215909e+01 3.184471949450033978e-01 4.509269239036628463e-01 2.945503694380987270e+01
1.043900049249647299e+00 5.702697501256499824e-02 3.951096163322553423e+01 2.999353417471505856e-01 4.739841752244643436e-01 2.949989063400157363e+01
1.057309223700671152e+00 6.786290317574908415e-02 4.095359582064773463e+01 3.067364883002863252e-01 4.602004904804519736e-01 2.767978862957838260e+01
1.057309223700671152e+00 6.786290317574908415e-02 4.095359582064773463e+01 3.067364883002863252e-01 4.602004904804519736e-01 2.767978862957838260e+01
1.074173114502310122e+00 1.099284206231846417e-01 3.543282920039487038e+01 2.595249818981579804e-01 4.919396779819660281e-01 2.846917175188521654e+01
1.084595567636413849e+00 7.832593477899811585e-02 3.633976855994358601e+01 4.455857861886337035e-01 3.670733145230149486e-01 2.944893526011648532e+01
1.106857498869913137e+00 6.842425426419078416e-02 3.193259734100843161e+01 4.467712992572687170e-01 3.586064813881481572e-01 3.193337691170579973e+01
1.075590313921487962e+00 6.739344593920515436e-02 3.400649281216201558e+01 4.688921904544533503e-01 4.233053564884783904e-01 3.013635731087322611e+01
1.086986475679617481e+00 7.817850796273310976e-02 3.605009302330471854e+01 4.281968928767225235e-01 3.688587207889491015e-01 3.018796250998549269e+01
1.114577609096053079e+00 8.924515573753588615e-02 3.398482167581807545e+01 4.773850449480147029e-01 3.918353759964191552e-01 3.004327083197392412e+01
1.114577609096053079e+00 8.924515573753588615e-02 3.398482167581807545e+01 4.773850449480147029e-01 3.918353759964191552e-01 3.004327083197392412e+01
9.902134921779889298e-01 7.623479460668142194e-02 4.278861741053664502e+01 4.155677782872777004e-01 3.491274411449473702e-01 3.061971089600240958e+01
9.902134921779889298e-01 7.623479460668142194e-02 4.278861741053664502e+01 4.155677782872777004e-01 3.491274411449473702e-01 3.061971089600240958e+01
1.045249554935245850e+00 9.167476320933642953e-02 4.170739557539252473e+01 3.972672746922917275e-01 3.386239396933542478e-01 3.031450061277518770e+01
1.161078457602201519e+00 4.399126935068728428e-02 5.076019351635919463e+01 2.604346660355670307e-01 3.836047165948756610e-01 3.137005058072346131e+01
1.155708530127641520e+00 0.000000000000000000e+00 4.700046683590029772e+01 2.982289049205644194e-01 3.497998698955488428e-01 2.885466618319222221e+01
1.126370977658744055e+00 8.207415106534622640e-02 4.725185691924726683e+01 4.402531025910836893e-01 3.138846594929556866e-01 2.652793774092138435e+01
1.083900720914807492e+00 5.458980272651454274e-02 5.110724971198789746e+01 3.976655912955470717e-01 3.800859283311130987e-01 2.751137935638192999e+01
1.142038479493342029e+00 5.836446167782555206e-02 2.885914377592904501e+01 4.512863981094050736e-01 2.811438088911056843e-01 2.842318735913900696e+01
1.075514638140726342e+00 6.869532267434198813e-02 4.628190911112380235e+01 4.396538499536944977e-01 3.206208349547157166e-01 3.405529414425850376e+01
1.075514638140726342e+00 6.869532267434198813e-02 4.628190911112380235e+01 4.396538499536944977e-01 3.206208349547157166e-01 3.405529414425850376e+01
1.070662048563318036e+00 7.725736885749089067e-02 5.071733932221873431e+01 4.670759852721068084e-01 2.842154465310802736e-01 3.383272053360042975e+01
1.037779328104337706e+00 4.844204829212724051e-02 4.719136847430452519e+01 4.288407342130047262e-01 3.190145118571174887e-01 3.434088900753690154e+01
1.041717017980322790e+00 4.443245003054209497e-02 3.799429551467738264e+01 4.534523996148997482e-01 2.976759408658525285e-01 3.209983938201961706e+01
1.092296583553560740e+00 6.881667903164394307e-02 4.784673652204583050e+01 3.916763605479287591e-01 3.182134215210069561e-01 3.402406791085630289e+01
1.092296583553560740e+00 6.881667903164394307e-02 4.784673652204583050e+01 3.916763605479287591e-01 3.182134215210069561e-01 3.402406791085630289e+01
1.054524748549180657e+00 8.726332814606534150e-02 4.177720594244900099e+01 4.448201734422814191e-01 3.203895965852403549e-01 3.517651318662558424e+01
1.054524748549180657e+00 8.726332814606534150e-02 4.177720594244900099e+01 4.448201734422814191e-01 3.203895965852403549e-01 3.517651318662558424e+01
1.090095499614963659e+00 6.591130180306115083e-02 4.225827589970924691e+01 5.040847233276671835e-01 2.827550494953624538e-01 2.917946245626733059e+01
1.064143747734890733e+00 4.884568201181273273e-02 4.595959881189430263e+01 5.142916837213105108e-01 2.907344091700821975e-01 2.772537441637517475e+01
1.056672435596119897e+00 7.160904071416436534e-02 4.253646691167129745e+01 3.970575184674479674e-01 2.882547638703470971e-01 2.812569096686631553e+01
1.090497301438601019e+00 4.688839844695540104e-02 4.647861018551680701e+01 4.368014137427018162e-01 3.205564432219997761e-01 2.683094720405221167e+01
1.076279439046620379e+00 2.883477808744557350e-02 3.692083981555314409e+01 2.375710512195239876e-01 2.041198226175917063e-01 2.025056852164115995e+01
1.031423295055824640e+00 1.599991429961888922e-01 3.593777896421020301e+01 4.656101566175658846e-01 3.273736952063247552e-01 2.983357338357136612e+01
1.012146098425549257e+00 1.479952064068667805e-01 2.916511919149398580e+01 2.237749765472244190e-01 2.207888936652808165e-01 2.770618363321988298e+01
1.012146098425549257e+00 1.479952064068667805e-01 2.916511919149398580e+01 2.237749765472244190e-01 2.207888936652808165e-01 2.770618363321988298e+01
1.078368688389640173e+00 1.172931828301632534e-01 3.454798391736009222e+01 1.661757502740153214e-01 2.647778862292192725e-01 2.788307694024713967e+01
1.060051104430370650e+00 7.296912558459256459e-02 4.491373731021474214e+01 3.546979371748214538e-01 2.717983524670207207e-01 2.558865474168415943e+01
1.065418216459877998e+00 3.136179749573874548e-02 3.979400915766493085e+01 3.642882307923808738e-01 3.757866153001995779e-01 1.945402059866809807e+01
1.053725969380049143e+00 8.444715500593312496e-02 4.058433879120951815e+01 4.982801394541939710e-01 2.808946669612811253e-01 2.083312623731903201e+01
1.053725969380049143e+00 8.444715500593312496e-02 4.058433879120951815e+01 4.982801394541939710e-01 2.808946669612811253e-01 2.083312623731903201e+01
1.122601450386055078e+00 9.836587871925341064e-02 4.351591799337997202e+01 5.136592201827240300e-01 2.699380660458345349e-01 2.157270361500304645e+01
1.068156592383368908e+00 9.645378572420276742e-02 3.794210058288989273e+01 4.582148714191372485e-01 3.220938512283826882e-01 2.086374750212002738e+01
1.136811899951983396e+00 1.054423684969957309e-01 2.856219596254757676e+01 4.675921148194442933e-01 3.573362777701201698e-01 2.656696775573068692e+01
1.039702566059292010e+00 7.599589850369697919e-02 4.935392168712278504e+01 2.805531099823023733e-01 2.379254155345096877e-01 3.260254386920896508e+01
1.039702566059292010e+00 7.599589850369697919e-02 4.935392168712278504e+01 2.805531099823023733e-01 2.379254155345096877e-01 3.260254386920896508e+01
1.035639513069883888e+00 6.999934061269326435e-02 4.590818940512507140e+01 3.335153234041348669e-01 2.345955106467662865e-01 3.026375410417136891e+01
1.053361825854641110e+00 1.066178838445631383e-01 4.392059309954821344e+01 3.055587406692961694e-01 2.540799902198107030e-01 3.172483310293618430e+01
1.053361825854641110e+00 1.066178838445631383e-01 4.392059309954821344e+01 3.055587406692961694e-01 2.540799902198107030e-01 3.172483310293618430e+01
1.076639291526465314e+00 5.956340802180178085e-02 5.075817025356616341e+01 3.235321843814715770e-01 2.193008383460827992e-01 3.091647167453386302e+01
1.036838335984440418e+00 0.000000000000000000e+00 5.017931176014512573e+01 1.534362505259374843e-01 3.225088768937550143e-01 3.156118851833225847e+01
1.127753474844443327e+00 0.000000000000000000e+00 5.083371338938505346e+01 2.693490471528663943e-01 2.115777320871101430e-01 3.271324824279864174e+01
1.127753474844443327e+00 0.000000000000000000e+00 5.083371338938505346e+01 2.693490471528663943e-01 2.115777320871101430e-01 3.271324824279864174e+01
1.146527372899475594e+00 9.453713623783954745e-02 2.955750611897272151e+01 4.515709748100933951e-01 3.370535102500413771e-01 2.990803841681566411e+01
1.144114018459390314e+00 3.691105517213090492e-02 2.464117752507367598e+01 4.348751702559326970e-01 3.657782196887736093e-01 3.031340162012622130e+01
1.153255704795928205e+00 6.562314948337516496e-02 2.947964774038439728e+01 4.999133342346816500e-01 4.057630070193737892e-01 3.108176701974776535e+01
1.129769200035149801e+00 6.694881564158550180e-02 3.174164602214434439e+01 3.780945674962799541e-01 3.279643901389588945e-01 2.653470862832504906e+01
1.129769200035149801e+00 6.694881564158550180e-02 3.174164602214434439e+01 3.780945674962799541e-01 3.279643901389588945e-01 2.653470862832504906e+01
1.142111353466423562e+00 6.976748948694143360e-02 3.197864237258506392e+01 3.034675896320094268e-01 3.828395258027587622e-01 2.584662894513567366e+01
1.111045189197046090e+00 2.416541435177323172e-02 3.103511738120353058e+01 3.462679093293477006e-01 3.160311190687135063e-01 2.601922237288052386e+01
1.111045189197046090e+00 2.416541435177323172e-02 3.103511738120353058e+01 3.462679093293477006e-01 3.160311190687135063e-01 2.601922237288052386e+01
1.090097520143249010e+00 4.386374166442531808e-02 4.407855267011499478e+01 3.928856046500266985e-01 3.787472448216636645e-01 2.718221900942507219e+01
1.133957837663829959e+00 3.692061917796680970e-02 4.346526832937117746e+01 3.036266436123946089e-01 2.854342598407542120e-01 2.241898137015321879e+01
1.121363954186680667e+00 0.000000000000000000e+00 4.576423523832166751e+01 3.395630840923715699e-01 3.447535592724040310e-01 2.440612643318770836e+01
1.133744527989173356e+00 2.920122651071176481e-02 4.815779573929499691e+01 3.385128666880309334e-01 3.048907656162569424e-01 2.127686042963509649e+01
1.174581016962987334e+00 3.153388972080729824e-02 4.848890261272678970e+01 2.989064819763236347e-01 2.798480363172693997e-01 3.108554634150100782e+01
1.114188333386258556e+00 1.129454070055146628e-02 4.513065306880071859e+01 2.064113456316721551e-01 2.757012244297497583e-01 3.099484108422628026e+01
1.114188333386258556e+00 1.129454070055146628e-02 4.513065306880071859e+01 2.064113456316721551e-01 2.757012244297497583e-01 3.099484108422628026e+01
1.196685143837940668e+00 1.476009459035106941e-01 4.810799580312269086e+01 3.954622904065970834e-01 3.450888465789686554e-01 2.709801223860578645e+01
1.177867479344257839e+00 3.118364432840763090e-02 4.429891636682606304e+01 2.253739341110002348e-01 2.257958867789350843e-01 2.933871672904081862e+01
1.116753189240933031e+00 4.512251775434282519e-02 3.964677664183624728e+01 2.583230441634055685e-01 2.961201543978811968e-01 2.984967218865737593e+01
1.134454871212716931e+00 2.238672548976346904e-02 3.745821721322312925e+01 2.735289892125722933e-01 3.787636157669901360e-01 3.187606245471448219e+01
1.151037585270355379e+00 7.723054817780936054e-02 3.602792739201491656e+01 2.354572269699957143e-01 3.571841261072132845e-01 2.793294908943925492e+01
1.185489204771128513e+00 3.908302383104578920e-02 3.674568606224183043e+01 3.999907273920575435e-01 3.292800878719474578e-01 2.931173933773177609e+01
1.221937748887769848e+00 6.430329907702544978e-02 3.801877694422087473e+01 4.112077324407491519e-01 3.629033923150665197e-01 2.835746480892548504e+01
1.221937748887769848e+00 6.430329907702544978e-02 3.801877694422087473e+01 4.112077324407491519e-01 3.629033923150665197e-01 2.835746480892548504e+01
1.186590938818000929e+00 4.056555517801251065e-02 4.068647906173810469e+01 3.518400207383433620e-01 3.254027367933289283e-01 3.116985995111088670e+01
1.188234173269761218e+00 5.842284122581185152e-02 3.557670962516922941e+01 3.653383653540292486e-01 3.506856702324980812e-01 3.485816333993038540e+01
1.188234173269761218e+00 5.842284122581185152e-02 3.557670962516922941e+01 3.653383653540292486e-01 3.506856702324980812e-01 3.485816333993038540e+01
1.127142476581670216e+00 1.039042642522647747e-01 3.484012753647179750e+01 2.568165802089922845e-01 2.082472554728319325e-01 3.503075563472899745e+01
1.127142476581670216e+00 1.039042642522647747e-01 3.484012753647179750e+01 2.568165802089922845e-01 2.082472554728319325e-01 3.503075563472899745e+01
1.192261868586911078e+00 0.000000000000000000e+00 4.707352967391771870e+01 4.176738176956860116e-01 2.477198978301875520e-01 3.132187296152109468e+01
1.122399928429948623e+00 8.634712151647921941e-02 4.240276320949200795e+01 4.501424758111131630e-01 3.144764629890088314e-01 2.635706192519608848e+01
1.075993634670100896e+00 1.117630184453916320e-01 4.036197174051883962e+01 4.794184198951452758e-01 2.923741238570649603e-01 2.721690469034516013e+01
1.075993634670100896e+00 1.117630184453916320e-01 4.036197174051883962e+01 4.794184198951452758e-01 2.923741238570649603e-01 2.721690469034516013e+01
1.074344611688486495e+00 6.585534674158878554e-02 5.119756014896412211e+01 4.971011049541981808e-01 3.494002551055276906e-01 2.795095235547148249e+01
1.160084563884967501e+00 8.115077012099600196e-02 4.607832654909759640e+01 4.811867859108256984e-01 2.732945622194880020e-01 2.464948309134187454e+01
1.150913216451653120e+00 7.630151765501227978e-02 3.692172220658053305e+01 4.253192789313988142e-01 2.664689785759002949e-01 3.084234675844069429e+01
1.148159939275731345e+00 1.038719768642243357e-01 4.078241444203880661e+01 5.367183871012970453e-01 2.737399676588680997e-01 3.024451732669701443e+01
1.148159939275731345e+00 1.038719768642243357e-01 4.078241444203880661e+01 5.367183871012970453e-01 2.737399676588680997e-01 3.024451732669701443e+01
1.147432382429269149e+00 5.351153333957500008e-02 2.112072786275183844e+01 3.955972500566168892e-01 3.989513936366949065e-01 1.362133659684046094e+01
1.025877409036552335e+00 1.125161600201168149e-01 2.690576505581898559e+01 3.465587561204750422e-01 4.094892099217499748e-01 2.945073790133602998e+01
1.025877409036552335e+00 1.125161600201168149e-01 2.690576505581898559e+01 3.465587561204750422e-01 4.094892099217499748e-01 2.945073790133602998e+01
1.061407125093119186e+00 1.776167194270419913e-01 2.904667558814974981e+01 3.884673242067414600e-01 3.998846954683401567e-01 2.967489945722031663e+01
1.122029327963691925e+00 1.760083704535957139e-01 2.275728809500833449e+01 3.803412579238644731e-01 3.198893494216119016e-01 2.227135181137625253e+01
1.172225780332954770e+00 1.019983239328274560e-01 3.602942663600958184e+01 3.515295228579327080e-01 3.016695084439311447e-01 2.180310153867484146e+01
1.164829003162344501e+00 1.007174863935286491e-01 4.048288685307844759e+01 3.176473079733536098e-01 2.971096898911873008e-01 2.397290670126075440e+01
1.002033339518086930e+00 1.749633732280393983e-01 3.526826982523038367e+01 3.305232511975437215e-01 3.011496436952944555e-01 3.175455087537995524e+01
1.002033339518086930e+00 1.749633732280393983e-01 3.526826982523038367e+01 3.305232511975437215e-01 3.011496436952944555e-01 3.175455087537995524e+01
1.008742051234553738e+00 1.795465212287857548e-01 3.626489602285812452e+01 3.208122720517733173e-01 2.933645199428218664e-01 3.309786669313395890e+01
1.008742051234553738e+00 1.795465212287857548e-01 3.626489602285812452e+01 3.208122720517733173e-01 2.933645199428218664e-01 3.309786669313395890e+01
9.783306410438711298e-01 1.644690683368580097e-01 3.788510322125016216e+01 3.469187584591987283e-01 3.093502923231636337e-01 2.929118352161204442e+01
9.783306410438711298e-01 1.644690683368580097e-01 3.788510322125016216e+01 3.469187584591987283e-01 3.093502923231636337e-01 2.929118352161204442e+01
1.040423535695615298e+00 1.101060276468220495e-01 2.852637126001527790e+01 1.970220813894984213e-01 3.698160872712785707e-01 2.349986374011449186e+01
1.044874540262692886e+00 9.528621330747892582e-02 3.480190265660237259e+01 2.084468110705558486e-01 3.552313486269223497e-01 2.518251034281352929e+01
1.044874540262692886e+00 9.528621330747892582e-02 3.480190265660237259e+01 2.084468110705558486e-01 3.552313486269223497e-01 2.518251034281352929e+01
1.083512386970364894e+00 5.465868897834925966e-02 3.058425336683132656e+01 1.733049264630581732e-01 3.585958990197559149e-01 2.602450166309298396e+01
1.056950530723235415e+00 8.697923807404402130e-02 3.190899149994732298e+01 1.515309022165682029e-01 3.610064295341472995e-01 2.574888564648736278e+01
1.056950530723235415e+00 8.697923807404402130e-02 3.190899149994732298e+01 1.515309022165682029e-01 3.610064295341472995e-01 2.574888564648736278e+01
1.071568661781995724e+00 1.141161686986766066e-01 3.105837513728266330e+01 5.333755983548199575e-01 2.858304632954148938e-01 2.209143198679345943e+01
9.870749369137693519e-01 1.368505495594999621e-01 4.472485432385997228e+01 5.003686241989159234e-01 3.061984891646276630e-01 2.904379001797153137e+01
1.133743024033150970e+00 7.833539605573816567e-02 2.764470035910278156e+01 5.613133517171513542e-01 4.207712129566134052e-01 2.982811206009724003e+01
1.133743024033150970e+00 7.833539605573816567e-02 2.764470035910278156e+01 5.613133517171513542e-01 4.207712129566134052e-01 2.982811206009724003e+01
1.118306916519091976e+00 1.131688423061084914e-01 2.507841175849807058e+01 5.069290334660336850e-01 3.792113598977145950e-01 3.072481801575405314e+01
9.914910583043214931e-01 1.354022882604898059e-01 4.651342443929787152e+01 5.401106167612611531e-01 4.307821455918501297e-01 3.240112322693671132e+01
9.914910583043214931e-01 1.354022882604898059e-01 4.651342443929787152e+01 5.401106167612611531e-01 4.307821455918501297e-01 3.240112322693671132e+01
9.706964745564025110e-01 1.274812326848718813e-01 4.320422351140345540e+01 5.373971206747353291e-01 3.921187146080118424e-01 3.150865267520038770e+01
9.706964745564025110e-01 1.274812326848718813e-01 4.320422351140345540e+01 5.373971206747353291e-01 3.921187146080118424e-01 3.150865267520038770e+01
1.005265869612364860e+00 1.294877113868487528e-01 3.667741011780445604e+01 6.606647436050295807e-01 3.294605307829298058e-01 3.064092614920179969e+01
1.033507324685855266e+00 1.500686003940046032e-01 3.493828265761655416e+01 6.385776849855943071e-01 3.130086409487573551e-01 2.808818639708923470e+01
1.037021090596104589e+00 1.904963055180318443e-01 4.049435448383955105e+01 6.738114296658039848e-01 3.173345434692455003e-01 2.483563771249344043e+01
1.039122737917946182e+00 1.054140973574062556e-01 4.125285346924741248e+01 4.991962178340343392e-01 3.837196784469678046e-01 2.451354844020786672e+01
1.066411986435633175e+00 1.193827880251887991e-01 3.832909105615227929e+01 5.344747378233003499e-01 3.722628510874997909e-01 2.553211773365656967e+01
1.031130909816751817e+00 1.107161673745210989e-01 3.414221995584598801e+01 5.676462205259380500e-01 4.034792740688213919e-01 2.666549207016782574e+01
1.027198096000005556e+00 1.158045821027488542e-01 4.214060196557310434e+01 3.412174775354686607e-01 4.708904875377678545e-01 2.688588049239536559e+01
1.065914627083177413e+00 7.782248361311165652e-02 3.836651510593225822e+01 3.171449010001975988e-01 4.256828641686640213e-01 2.452308013959687827e+01
1.035840702568678662e+00 8.078212503442064318e-02 4.225722071118545387e+01 3.736504352779717597e-01 4.580163299481712080e-01 2.513347152773659587e+01
1.037698950599820202e+00 1.484302072957146001e-01 5.109142483978221350e+01 3.774112382068589566e-01 4.066952190599732453e-01 2.238731142725391621e+01
1.031754004707708283e+00 1.078102187189124567e-01 4.588419017133310973e+01 3.279941455633761938e-01 4.064825286515451608e-01 2.057146720506970539e+01
1.034395058343310803e+00 1.211107803037687891e-01 4.861709606594983768e+01 3.894308152832925418e-01 3.839442945874694813e-01 2.129670884948147602e+01
1.034395058343310803e+00 1.211107803037687891e-01 4.861709606594983768e+01 3.894308152832925418e-01 3.839442945874694813e-01 2.129670884948147602e+01
1.047872500966906317e+00 1.160503503516859408e-01 4.885944086089804728e+01 4.522011324543003252e-01 3.825107776979094210e-01 2.013324390775041550e+01
9.502841482073125512e-01 1.075740814030336501e-01 2.774088878336662134e+01 3.289852181881275373e-01 3.722074556079890684e-01 2.277633717737670693e+01
1.012173340745619932e+00 1.074711785728698493e-01 3.042778101203978380e+01 2.822524907175645859e-01 3.908952666802357756e-01 2.485218981173290942e+01
1.102916270800517129e+00 1.254077770762097588e-01 3.943528594763609618e+01 3.831754936146458124e-01 3.372333056178146715e-01 2.663754430471588108e+01
1.056336118717116745e+00 9.042548129354033293e-02 3.783867637316451749e+01 3.380373311695019645e-01 3.154038434108891176e-01 2.635328080125788475e+01
1.056336118717116745e+00 9.042548129354033293e-02 3.783867637316451749e+01 3.380373311695019645e-01 3.154038434108891176e-01 2.635328080125788475e+01
1.007842767390372929e+00 1.046434690177734383e-01 3.639460525758550347e+01 3.603080545064707430e-01 3.288490610498027156e-01 2.681633146195005679e+01
1.007842767390372929e+00 1.046434690177734383e-01 3.639460525758550347e+01 3.603080545064707430e-01 3.288490610498027156e-01 2.681633146195005679e+01
1.144341192547708053e+00 4.704747805260616443e-03 2.831318664921688466e+01 3.528601895420537815e-01 4.029693739201651304e-01 2.252747993837141394e+01
1.109591845049158865e+00 0.000000000000000000e+00 2.606928755332066316e+01 2.977555872492061995e-01 4.023871455590973811e-01 2.444190628856430791e+01
1.109591845049158865e+00 0.000000000000000000e+00 2.606928755332066316e+01 2.977555872492061995e-01 4.023871455590973811e-01 2.444190628856430791e+01
1.124151279690499550e+00 3.071995742038081262e-02 2.819779587453874115e+01 2.482001591150330144e-01 3.684845681001825968e-01 2.098268822232695641e+01
1.095230770451989466e+00 0.000000000000000000e+00 3.079543849567850700e+01 2.876545986557543233e-01 4.119777208491762210e-01 2.410875464632792742e+01
1.095230770451989466e+00 0.000000000000000000e+00 3.079543849567850700e+01 2.876545986557543233e-01 4.119777208491762210e-01 2.410875464632792742e+01
1.085165319700418296e+00 0.000000000000000000e+00 2.828912108679834247e+01 2.302855628000636257e-01 4.145963122018966329e-01 2.195800741138738843e+01
1.084712051393758037e+00 1.539103770955426581e-02 2.102440984039292005e+01 4.668639329182497910e-01 4.689765347460735923e-01 2.449743446735315544e+01
1.084712051393758037e+00 1.539103770955426581e-02 2.102440984039292005e+01 4.668639329182497910e-01 4.689765347460735923e-01 2.449743446735315544e+01
1.136662208204903157e+00 7.444357923797374765e-02 3.647822092895436441e+01 3.594570245221352378e-01 4.410488789545518040e-01 2.728436930941495220e+01
1.095317155035694379e+00 8.488908782619690452e-02 3.326440982036135097e+01 4.705346600357303011e-01 4.711424865602397150e-01 2.835753542194538923e+01
1.095317155035694379e+00 8.488908782619690452e-02 3.326440982036135097e+01 4.705346600357303011e-01 4.711424865602397150e-01 2.835753542194538923e+01
1.167545031033966119e+00 8.362874524186611480e-02 2.528890053705396923e+01 3.965882917933845064e-01 3.664401956207160027e-01 2.438158559370309320e+01
1.186683311181288225e+00 4.201067483357825982e-02 2.912362589015300784e+01 4.801748836124261621e-01 3.630395558455143945e-01 2.415476829062461306e+01
1.186683311181288225e+00 4.201067483357825982e-02 2.912362589015300784e+01 4.801748836124261621e-01 3.630395558455143945e-01 2.415476829062461306e+01
1.062915219362647212e+00 1.229282549314491269e-01 3.618372522757807985e+01 3.654708114383573014e-01 3.972642303732983882e-01 2.552175239145497088e+01
1.062915219362647212e+00 1.229282549314491269e-01 3.618372522757807985e+01 3.654708114383573014e-01 3.972642303732983882e-01 2.552175239145497088e+01
1.015440683859099691e+00 1.305330571991055177e-01 3.468980055676532004e+01 4.429624360727808519e-01 3.819038504562386471e-01 2.543166191672310106e+01
1.065482155653920238e+00 7.653587745405442122e-02 2.742993046677018043e+01 3.248869943705426921e-01 3.454984635196101661e-01 3.159853398163430072e+01
1.020776320879050347e+00 5.736118087651534414e-02 3.864757371667782593e+01 3.843370274364815153e-01 2.959551208482270601e-01 2.042674890053392289e+01
1.044345046892131146e+00 7.965707878707282974e-02 3.597370493639396472e+01 2.763000228488853294e-01 3.001746406993168192e-01 2.081088797675899471e+01
1.045543374472531539e+00 7.486215710648447264e-02 3.367045016556085812e+01 3.525386687584267098e-01 2.516475868943068850e-01 2.045160546335042895e+01
1.045543374472531539e+00 7.486215710648447264e-02 3.367045016556085812e+01 3.525386687584267098e-01 2.516475868943068850e-01 2.045160546335042895e+01
1.351811343032107482e+00 1.419087096549135341e-01 1.798774592143309903e+01 3.764010949183292931e-01 3.239685764340338725e-01 2.778057997569006687e+01
1.351811343032107482e+00 1.419087096549135341e-01 1.798774592143309903e+01 3.764010949183292931e-01 3.239685764340338725e-01 2.778057997569006687e+01
1.341367485644286317e+00 1.468852355954115285e-01 2.522063855642644015e+01 2.865481008818616115e-01 2.916985217153812426e-01 2.890769875887835028e+01
1.259967035618180464e+00 1.216482650571100027e-01 1.804688198079474404e+01 3.460939643443583513e-01 2.674096821735794660e-01 2.884880461163252718e+01
1.254747171068600231e+00 1.549894978568750470e-01 1.603279843525311676e+01 3.480606699003730431e-01 2.371959136827269943e-01 2.800589913660430597e+01
1.260966743546663160e+00 2.333113129793038532e-01 2.973007659099935296e+01 2.348912241048896898e-01 2.271430918327915216e-01 2.353057002742971093e+01
1.006616515023430525e+00 2.694972979100294930e-02 4.742835164732954212e+01 3.361225208572763967e-01 4.621333262476215453e-01 2.450399016624014337e+01
1.064671056916376868e+00 8.553654699449278476e-02 3.392569444388458066e+01 3.195415099828657346e-01 3.592583439747417118e-01 3.144374104291615879e+01
1.064671056916376868e+00 8.553654699449278476e-02 3.392569444388458066e+01 3.195415099828657346e-01 3.592583439747417118e-01 3.144374104291615879e+01
1.098156735848504040e+00 1.304448479648333548e-01 3.567996046582566549e+01 3.174223548784581017e-01 3.575151351878906314e-01 3.344135317865104184e+01
1.050975284090561512e+00 9.265690534164537639e-02 3.645479709005603297e+01 3.835423148572182916e-01 3.425260460416558184e-01 3.295129273013330362e+01
1.050975284090561512e+00 9.265690534164537639e-02 3.645479709005603297e+01 3.835423148572182916e-01 3.425260460416558184e-01 3.295129273013330362e+01
1.020780011105734353e+00 1.051943923389071361e-01 3.761503976705377994e+01 3.104964235964361996e-01 3.935701317222162210e-01 3.105846393094416769e+01
1.024915807525676348e+00 8.319026167685683593e-02 4.075953289257711276e+01 3.560655972721207818e-01 3.891526615824562052e-01 3.127380614028822947e+01
1.045812127970005001e+00 1.124003148059998791e-01 4.486277975495715964e+01 3.470914018325340633e-01 3.508354227703533446e-01 3.307649019260762202e+01
1.045812127970005001e+00 1.124003148059998791e-01 4.486277975495715964e+01 3.470914018325340633e-01 3.508354227703533446e-01 3.307649019260762202e+01
9.589364053962915468e-01 1.536960957761388802e-01 3.787947395638035886e+01 5.023122974435070276e-01 2.739508453582377157e-01 2.703287007920586404e+01
1.046353176512581085e+00 9.888867871236391160e-02 2.526857849824729740e+01 3.800546976547838351e-01 4.494917265585795518e-01 2.595565854341448642e+01
1.077820930219685724e+00 8.969789946264987435e-02 3.299538947672527200e+01 3.343324912632872348e-01 2.994834658821696194e-01 2.068808681708220121e+01
1.068869640604505733e+00 5.617129153799307884e-02 2.665349958350168080e+01 3.662852201025282861e-01 3.479775958415965986e-01 3.064333001558791736e+01
9.994271735082340680e-01 1.032802269638357501e-01 3.092958412388437850e+01 4.756066162703949107e-01 4.592774907552318320e-01 2.758395598457555309e+01
1.043942328201903802e+00 8.219015727622966394e-02 3.339287634195096643e+01 3.377717503370632479e-01 3.966668440183531152e-01 2.418976708355571859e+01
1.015752621859506766e+00 8.158632291103400103e-02 3.547350154154383972e+01 3.657753873936094857e-01 4.028466590921445656e-01 2.652620706871336154e+01
1.102586428688691500e+00 8.859643307968721737e-02 3.430451093506526661e+01 3.907817763050199789e-01 4.146336106376332653e-01 2.780334119156339057e+01
1.102586428688691500e+00 8.859643307968721737e-02 3.430451093506526661e+01 3.907817763050199789e-01 4.146336106376332653e-01 2.780334119156339057e+01
1.119781691466895435e+00 1.020656647023349406e-01 1.829191655387687021e+01 3.263068228219151434e-01 3.144038029506005527e-01 3.153257657672028458e+01
1.119781691466895435e+00 1.020656647023349406e-01 1.829191655387687021e+01 3.263068228219151434e-01 3.144038029506005527e-01 3.153257657672028458e+01
1.158007614161741472e+00 1.087321524403861706e-01 1.592694920741283227e+01 2.488748301869255775e-01 2.852952437102269090e-01 3.026177946023249277e+01
1.158007614161741472e+00 1.087321524403861706e-01 1.592694920741283227e+01 2.488748301869255775e-01 2.852952437102269090e-01 3.026177946023249277e+01
1.136249972052546520e+00 1.203289835182769218e-01 1.952327965116220909e+01 3.483866655197417339e-01 3.056731545847606313e-01 2.848788501767166181e+01
1.119087705490339646e+00 1.113170341919355183e-01 1.338738433324654409e+01 2.440588559686714121e-01 2.996570211850163035e-01 2.998567168835825569e+01
1.119087705490339646e+00 1.113170341919355183e-01 1.338738433324654409e+01 2.440588559686714121e-01 2.996570211850163035e-01 2.998567168835825569e+01
1.137784242320043937e+00 8.519999179133458389e-02 2.837864980823485084e+01 3.044862597620966449e-01 2.917166219483118272e-01 2.983543006170386747e+01
1.137784242320043937e+00 8.519999179133458389e-02 2.837864980823485084e+01 3.044862597620966449e-01 2.917166219483118272e-01 2.983543006170386747e+01
1.134193092350411769e+00 3.473565702729913135e-02 3.158781413299081464e+01 3.571266254606348389e-01 2.146280485483820222e-01 2.504704665165817445e+01
1.244140614270487166e+00 2.991238774584091542e-02 3.334016273555585741e+01 4.494687063815416272e-01 2.058018809469842614e-01 2.202128314567144685e+01
1.212905891293342808e+00 3.912868211880913757e-03 3.466307956596417483e+01 4.228457053165429191e-01 2.812570872192480254e-01 2.253745076987829776e+01
1.165604950659168804e+00 4.559635029765291003e-02 3.949527035881644110e+01 4.428458433396597616e-01 3.081936244151551874e-01 2.084100409308328139e+01
1.165604950659168804e+00 4.559635029765291003e-02 3.949527035881644110e+01 4.428458433396597616e-01 3.081936244151551874e-01 2.084100409308328139e+01
1.209438887390903439e+00 5.610002541695464917e-02 3.421673030290470763e+01 4.938509298293501937e-01 3.367473606899994976e-01 2.025608243276516518e+01
1.214146769141185134e+00 5.397900936547216783e-02 4.234223618157296443e+01 3.951610924663948032e-01 3.369807683365241280e-01 1.799431581251158718e+01
1.335768891085504118e+00 5.801068618271573718e-02 2.872427110108508685e+01 5.247093090517352953e-01 3.915485550595651509e-01 2.658473486035683564e+01
1.335768891085504118e+00 5.801068618271573718e-02 2.872427110108508685e+01 5.247093090517352953e-01 3.915485550595651509e-01 2.658473486035683564e+01
1.188687846550897431e+00 7.551312050960706790e-02 3.486714759628793558e+01 3.536308901097211521e-01 3.591991360374868769e-01 2.453362138366284029e+01
1.155693279416210695e+00 8.391298093180801776e-02 3.682316760878181583e+01 3.654696488108484242e-01 3.638179173947025391e-01 2.942488428829223679e+01
1.155693279416210695e+00 8.391298093180801776e-02 3.682316760878181583e+01 3.654696488108484242e-01 3.638179173947025391e-01 2.942488428829223679e+01
1.186077713610457884e+00 9.641943718903636662e-02 3.315158824260758053e+01 3.841584001573117302e-01 3.589864905313326915e-01 3.223825628574240199e+01
1.188253804077792797e+00 7.221987997578738216e-02 3.239802049540620743e+01 4.154207568937806072e-01 3.229042573079874412e-01 3.008697205687171916e+01
1.218309676146229981e+00 7.590330350012818028e-02 3.138836105631329687e+01 3.766120098526644644e-01 3.340074734029910841e-01 2.262671444620507089e+01
9.464807172077258635e-01 1.697787161671494294e-01 4.306717687385162918e+01 3.530298386358484697e-01 4.148333831538490446e-01 2.862291243094558268e+01
8.889410720250838782e-01 1.468444019961109293e-01 4.598096047693562838e+01 4.637020608637848484e-01 4.808254918753653850e-01 2.592085985013991234e+01
9.316084500216604836e-01 1.506679046579679215e-01 4.554339858915271577e+01 3.879511894199244026e-01 4.287728988193181823e-01 2.786773732395178271e+01
9.316084500216604836e-01 1.506679046579679215e-01 4.554339858915271577e+01 3.879511894199244026e-01 4.287728988193181823e-01 2.786773732395178271e+01
8.582930980432144086e-01 1.635114790830891618e-01 4.214680219524108651e+01 4.402364650897125919e-01 4.295910693515048728e-01 2.783525199828518737e+01
8.582930980432144086e-01 1.635114790830891618e-01 4.214680219524108651e+01 4.402364650897125919e-01 4.295910693515048728e-01 2.783525199828518737e+01
9.828993141401656253e-01 1.186425713462307546e-01 3.789769126278741851e+01 4.853668082036544651e-01 3.287057410810607094e-01 3.231691671609816296e+01
9.819749590612293355e-01 1.040903088754581152e-01 3.938901966752208494e+01 4.961080720017223555e-01 3.150735005149980505e-01 3.305921474763874102e+01
1.016068692956320518e+00 6.205178972737405985e-02 3.442078516696633983e+01 4.734501617703335552e-01 3.622543201009381097e-01 3.182063658633200021e+01
1.032372095170154491e+00 8.778230040822466995e-02 4.609846456647782986e+01 4.697935404543359672e-01 3.595244710937642307e-01 3.063965216565812710e+01
1.032372095170154491e+00 8.778230040822466995e-02 4.609846456647782986e+01 4.697935404543359672e-01 3.595244710937642307e-01 3.063965216565812710e+01
1.107060844216297690e+00 1.767600569576236180e-01 3.428491463273233109e+01 4.428590698913258406e-01 3.528048518215564089e-01 3.210672630437460384e+01
1.066093978498380501e+00 1.221907613320210306e-01 3.592422899118847113e+01 5.186304894109257102e-01 3.201266857960033407e-01 2.833101437712677040e+01
1.066093978498380501e+00 1.221907613320210306e-01 3.592422899118847113e+01 5.186304894109257102e-01 3.201266857960033407e-01 2.833101437712677040e+01
1.066711561991446233e+00 1.272179165347174234e-01 3.279297461016894033e+01 4.594130855718144835e-01 3.592552125818095354e-01 2.960023403989832147e+01
1.104459455024546344e+00 1.465932454357296300e-01 2.904693685162322581e+01 4.758585427905723253e-01 3.178452339914968339e-01 2.968534247451932728e+01
1.104459455024546344e+00 1.465932454357296300e-01 2.904693685162322581e+01 4.758585427905723253e-01 3.178452339914968339e-01 2.968534247451932728e+01
1.072449462902326012e+00 1.178208944812349085e-01 3.484373833371250129e+01 5.110639067860417439e-01 3.191978689638002020e-01 2.955656997525075980e+01
1.072449462902326012e+00 1.178208944812349085e-01 3.484373833371250129e+01 5.110639067860417439e-01 3.191978689638002020e-01 2.955656997525075980e+01
1.063683001380200110e+00 1.377748198333466623e-01 3.850542144959926816e+01 4.527913780119941500e-01 3.351884320348478830e-01 2.867739212106111069e+01
1.113543344841359417e+00 1.470942747115789040e-01 3.169037160399124886e+01 5.246855709572016968e-01 3.431046911150979484e-01 2.874701789506223903e+01
9.123336412467167866e-01 1.272292354853838126e-01 3.828279136713587860e+01 2.837410557355313778e-01 3.912993757999836952e-01 2.706021705200822325e+01
9.081462706847598376e-01 1.068638414054356028e-01 3.787065991608972126e+01 2.890477771751671643e-01 4.055146338102734727e-01 2.615729341232175642e+01
1.131804439050382749e+00 5.072130357203810669e-02 2.521482046173761660e+01 5.400369454798054081e-01 3.001155694465925117e-01 2.460110748017303450e+01
1.106007214800405869e+00 8.059807350008382776e-02 3.294409359787943004e+01 5.578431452343588504e-01 2.827842810190663303e-01 2.417004400160890398e+01
1.047296786500710120e+00 7.214725014656878099e-02 4.266883310127816031e+01 4.756708318744424235e-01 2.817973151633800799e-01 2.526951619087867940e+01
1.122387031363512477e+00 4.915390459901547437e-02 3.592729835973219821e+01 4.566552489382094127e-01 3.136759469767326780e-01 2.177854726497916715e+01
1.122387031363512477e+00 4.915390459901547437e-02 3.592729835973219821e+01 4.566552489382094127e-01 3.136759469767326780e-01 2.177854726497916715e+01
1.127848420173450661e+00 4.405260454616755778e-02 4.020560329880057537e+01 4.169755433679374068e-01 3.187107390062060008e-01 2.039996554240080684e+01
1.099648567233680208e+00 2.632520332930080031e-01 3.821463585158261367e+01 5.217331648533873878e-01 3.055524849880238980e-01 2.655385058981595847e+01
1.014492065824692979e+00 2.822644066123660145e-01 4.587997376366990920e+01 5.698596509320303927e-01 2.975555542442872570e-01 2.347490137276959743e+01
1.112373162283489370e+00 1.594195279370173024e-01 3.083300252078191406e+01 3.921793583205195333e-01 2.883775399119470895e-01 1.228368715305655456e+01
1.183173325918335683e+00 1.686632326264385084e-01 3.484072922676344319e+01 3.443522941417640482e-01 2.752050866723872447e-01 2.593040408674979602e+01
1.241037164632630807e+00 1.285079337881246397e-01 2.677202032498877315e+01 3.809807323193145634e-01 3.637092663542245696e-01 2.738201101450328068e+01
1.218778468381056079e+00 1.166044820692166695e-01 1.940276280808340914e+01 4.177883706593290003e-01 3.383925978876267116e-01 2.416822997538552542e+01
1.201136713583558002e+00 5.703469437680570159e-02 2.332244486793403482e+01 5.575999106930966676e-01 3.709861050274309568e-01 2.957276934757842923e+01
1.226203729512396201e+00 4.702106598306221574e-02 1.890076891811097326e+01 6.042978546730235490e-01 4.241202232033822739e-01 2.734100328980325045e+01
1.216850713593976785e+00 1.397006714283593742e-01 2.606586323907628966e+01 4.383033714193241281e-01 3.448032851910233787e-01 2.276676349461725479e+01
9.865208340000540810e-01 1.954636575824603706e-01 3.797974102229103011e+01 5.572446618857651579e-01 4.646657285413126059e-01 2.836168402632957353e+01
9.849226084205945364e-01 1.495897536319415744e-01 5.148614248166775553e+01 4.644952022999618846e-01 4.082365658279046849e-01 2.815505588987491592e+01
1.032746195575671155e+00 1.903364550561330026e-01 4.464811557622319071e+01 5.093894516937996775e-01 4.190518628068045093e-01 2.688978084614355168e+01
1.068775079817953833e+00 1.605545762996763715e-01 5.200000000000000000e+01 5.997509361774160386e-01 4.877381802867215566e-01 3.220913972507398881e+01
1.126061637196705822e+00 1.839615585963658984e-01 5.164705029278329818e+01 6.063886639608924156e-01 4.210546591670666916e-01 3.029940041402872808e+01
1.050399545573317273e+00 1.295759174140422576e-01 3.590957260265827244e+01 4.105917601775387893e-01 3.115226331092253442e-01 2.598134562340429454e+01
1.067301437051202173e+00 9.326251349312703054e-02 3.662771321145280723e+01 3.827257925365279978e-01 3.289490694723053998e-01 3.015383968043276752e+01
1.235803235397705091e+00 6.293071356992013810e-02 2.643842009498715484e+01 5.427536539012254302e-01 3.645887690428251116e-01 2.726919409104345249e+01
1.119765067346232490e+00 6.631391506716383111e-02 3.905859532006834201e+01 2.617501325673903256e-01 2.432756647136606332e-01 2.036747920376426180e+01
1.225938232919451254e+00 7.982015940894898742e-02 3.697324981004909716e+01 2.644648868363704275e-01 2.488633191603074613e-01 1.932515903241295874e+01
1.099651846208436146e+00 7.327478763224479219e-02 4.152606854693688376e+01 3.979212687480219168e-01 2.352266167993213863e-01 1.841807328071267946e+01
1.142977690697993820e+00 0.000000000000000000e+00 3.982715239286160624e+01 4.492114142394819098e-01 2.009377145864676417e-01 2.531751503557818239e+01
1.239912493752598710e+00 5.609668493647124859e-03 3.907164543885230046e+01 2.391161324657826437e-01 2.770785970603534265e-01 2.473873052560876573e+01
1.239912493752598710e+00 5.609668493647124859e-03 3.907164543885230046e+01 2.391161324657826437e-01 2.770785970603534265e-01 2.473873052560876573e+01
1.176016418101483385e+00 2.138317682320866123e-02 3.483878095367725081e+01 2.277303745576821081e-01 2.586064522000783850e-01 2.801789982269974644e+01
1.169387564343537855e+00 3.292377573168310534e-03 3.534073076461536544e+01 4.953980962604975780e-01 2.700550613583451720e-01 2.226744281813104465e+01
1.187624344664560017e+00 6.443920702026702252e-02 4.445066866583118070e+01 5.236809105349509164e-01 3.490297990816570994e-01 2.286230637436344182e+01
1.249575511461133104e+00 3.606377998033589993e-02 3.918515450923936072e+01 6.153550441215530631e-01 3.940955726966792194e-01 2.187128463952811330e+01
1.185017524416265289e+00 8.821745078559617426e-02 4.393741949643741407e+01 5.371533788856077685e-01 2.931197166342673910e-01 2.286879879205704214e+01
1.185017524416265289e+00 8.821745078559617426e-02 4.393741949643741407e+01 5.371533788856077685e-01 2.931197166342673910e-01 2.286879879205704214e+01
1.221766089679272804e+00 6.624392607991738680e-02 4.392636512458459208e+01 5.698388987835900643e-01 3.663515408247192129e-01 2.416315909246711868e+01
1.281248061819010964e+00 4.607262902531460147e-02 4.084980724436222488e+01 6.016844258784390664e-01 3.932274401673168107e-01 2.564167483626545163e+01
1.011682613912234352e+00 7.548726890624167518e-02 1.332083216188664387e+01 1.478165178439602712e-01 3.073939558985571141e-01 2.327204280222486688e+01
1.124796217274624199e+00 1.029084619347546414e-01 2.078113810862380717e+01 1.495173272181404556e-01 2.416217198524836240e-01 2.394713784786119959e+01
1.135244129423010007e+00 9.123274433481459722e-02 1.868458870287669527e+01 1.853725758808303647e-01 2.308419229761512481e-01 2.543035998792965202e+01
1.135244129423010007e+00 9.123274433481459722e-02 1.868458870287669527e+01 1.853725758808303647e-01 2.308419229761512481e-01 2.543035998792965202e+01
1.121273413724847234e+00 4.969763078746750745e-02 2.041869299497162871e+01 2.074643380654962732e-01 2.197422026925526239e-01 2.318838786463670587e+01
1.154907564938061570e+00 8.848388985937047369e-02 1.828438367512112350e+01 2.279281045446465426e-01 2.980563062387809881e-01 2.633066532794673265e+01
9.984598967902263977e-01 5.805833552299868860e-04 4.045643767997029272e+01 3.330801450953473908e-01 3.453830837851288305e-01 2.731529056967276148e+01
9.577848398685885334e-01 1.332885393906897975e-01 4.240955857303057996e+01 3.853819303091595150e-01 3.780095231041843418e-01 2.920730830614550655e+01
9.849982942941246655e-01 1.286046792536358896e-01 4.145213111160757791e+01 4.200588889227029332e-01 3.216612346789504140e-01 2.406412948944155872e+01
9.926904619121864615e-01 1.270032340236380841e-01 4.583102596545053586e+01 4.301565414168265211e-01 3.190301094598493870e-01 2.335584067332109726e+01
9.926904619121864615e-01 1.270032340236380841e-01 4.583102596545053586e+01 4.301565414168265211e-01 3.190301094598493870e-01 2.335584067332109726e+01
9.762305518385292480e-01 1.486180983657885146e-01 3.572012542213114017e+01 3.250777873714447153e-01 3.398844580625693945e-01 2.275406058359611450e+01
1.065772428675707095e+00 9.482781196034849314e-02 4.327761092846571955e+01 3.914790118182683298e-01 2.213396585487370782e-01 2.522836370378472282e+01
1.065772428675707095e+00 9.482781196034849314e-02 4.327761092846571955e+01 3.914790118182683298e-01 2.213396585487370782e-01 2.522836370378472282e+01
1.049873422401621292e+00 5.290325602117575132e-02 4.056744021588819749e+01 3.866467964569964555e-01 2.246221764988587666e-01 2.400220798577571202e+01
1.082228753102680407e+00 8.154831226025305302e-02 4.568952456324194600e+01 4.284122158352304255e-01 2.454241594857316522e-01 2.388660485852172144e+01
1.082228753102680407e+00 8.154831226025305302e-02 4.568952456324194600e+01 4.284122158352304255e-01 2.454241594857316522e-01 2.388660485852172144e+01
1.037815493942700007e+00 3.281266336306661729e-02 3.745102327683653698e+01 3.675348330726125323e-01 3.653024860852546740e-01 2.590575877005845840e+01
1.071346739833348716e+00 5.367222747632404561e-02 3.664804276833253738e+01 4.751402464958204841e-01 4.415520088570930590e-01 2.789010861579047784e+01
1.066377918081042875e+00 4.201533384305062430e-02 3.743693591437512680e+01 4.854814279381646225e-01 4.277310528068450912e-01 2.408118576950507972e+01
1.066377918081042875e+00 4.201533384305062430e-02 3.743693591437512680e+01 4.854814279381646225e-01 4.277310528068450912e-01 2.408118576950507972e+01
1.065390348081770577e+00 3.723625667002752881e-02 3.278160154504456614e+01 4.405661509093116712e-01 4.267197449195040404e-01 2.661280548075344754e+01
1.065390348081770577e+00 3.723625667002752881e-02 3.278160154504456614e+01 4.405661509093116712e-01 4.267197449195040404e-01 2.661280548075344754e+01
1.070388293855544459e+00 5.513847691190491146e-02 3.200230447092143038e+01 4.174770530059842000e-01 4.103916875535658648e-01 2.231403743598389511e+01
1.070388293855544459e+00 5.513847691190491146e-02 3.200230447092143038e+01 4.174770530059842000e-01 4.103916875535658648e-01 2.231403743598389511e+01
1.130064498374728776e+00 6.358814274026160229e-02 3.354724953476275573e+01 4.315426726702914495e-01 4.250876815971243450e-01 2.056509801978135954e+01
1.003938807543243605e+00 1.287002544401810444e-01 4.481639170106831926e+01 5.436190459281154963e-01 3.276003989992310461e-01 2.062448178886252492e+01
1.003938807543243605e+00 1.287002544401810444e-01 4.481639170106831926e+01 5.436190459281154963e-01 3.276003989992310461e-01 2.062448178886252492e+01
1.070483286734393191e+00 1.765658210558452290e-01 3.812423715322581330e+01 4.910111668350994885e-01 2.748214175270367043e-01 2.070914684197544275e+01
1.027002704784453879e+00 1.112866752552399835e-01 4.439589924429179035e+01 5.074469287867681144e-01 3.460849546653823050e-01 2.615836052406292467e+01
1.027002704784453879e+00 1.112866752552399835e-01 4.439589924429179035e+01 5.074469287867681144e-01 3.460849546653823050e-01 2.615836052406292467e+01
1.049344071623960595e+00 3.110682976940320338e-02 5.200000000000000000e+01 5.088906411241727046e-01 3.217936601378802997e-01 2.329419597497713212e+01
1.080958539085640435e+00 4.353930081603432645e-02 4.209173413176125678e+01 4.467051675150123247e-01 3.603740058003043756e-01 2.435160488068116180e+01
1.080958539085640435e+00 4.353930081603432645e-02 4.209173413176125678e+01 4.467051675150123247e-01 3.603740058003043756e-01 2.435160488068116180e+01
1.085964980377760458e+00 1.118004213804990321e-01 4.868595158959330860e+01 3.674935790277125136e-01 2.245494958145330677e-01 2.455895799481996988e+01
1.130180618984936824e+00 6.700520419378083736e-02 4.666142962801034599e+01 4.432754309531542480e-01 2.445366927188419026e-01 2.762818497269921281e+01
1.063681301622807052e+00 7.508298560566706303e-02 5.023502979119896850e+01 4.299633013047620689e-01 2.148954439329024968e-01 2.627111519176639476e+01
1.063681301622807052e+00 7.508298560566706303e-02 5.023502979119896850e+01 4.299633013047620689e-01 2.148954439329024968e-01 2.627111519176639476e+01
1.114014346253546561e+00 5.470013218764565449e-02 5.172316273696191757e+01 3.837271466107447515e-01 2.333402899792671459e-01 2.781569694799422621e+01
1.114014346253546561e+00 5.470013218764565449e-02 5.172316273696191757e+01 3.837271466107447515e-01 2.333402899792671459e-01 2.781569694799422621e+01
1.037694635292939038e+00 7.246192400504004871e-02 3.654374037280200582e+01 3.352457201984282986e-01 3.168660720901495531e-01 2.314015691019041654e+01
1.030667617411264780e+00 0.000000000000000000e+00 4.719533450184224677e+01 3.220632352893786909e-01 2.425459725316281845e-01 2.265993317192925005e+01
1.030488707689127814e+00 1.854154876295177959e-02 4.873105605305962484e+01 2.739191327257202713e-01 2.657555561147060819e-01 2.312789805300662138e+01
1.030488707689127814e+00 1.854154876295177959e-02 4.873105605305962484e+01 2.739191327257202713e-01 2.657555561147060819e-01 2.312789805300662138e+01
1.065810734764195411e+00 2.875201179379071811e-02 4.614431004441585316e+01 3.995467365132880921e-01 2.501353547057967308e-01 2.712990879817371948e+01
1.065810734764195411e+00 2.875201179379071811e-02 4.614431004441585316e+01 3.995467365132880921e-01 2.501353547057967308e-01 2.712990879817371948e+01
1.047482264905421179e+00 5.053558567171328314e-02 4.493498942112633898e+01 3.910208279690811084e-01 2.272319714018700698e-01 2.582163193033121473e+01
1.069676861599568207e+00 2.900714531116027964e-02 4.794647221671183246e+01 4.132434511334970306e-01 3.087396937216339010e-01 2.570209122463073825e+01
1.020134040788682972e+00 4.245549092297049021e-02 4.517871896681516830e+01 4.309197504112259880e-01 2.154977068715164534e-01 2.851123460950884336e+01
1.157055676972849279e+00 5.470342897407749760e-02 3.666505195580387522e+01 5.408399693223485682e-01 2.410917965846436639e-01 2.453464934728145508e+01
1.075474586889252349e+00 6.962221720939219816e-02 2.675310773756946858e+01 3.132495847268245703e-01 3.348348458490185697e-01 3.034547326755680174e+01
1.154595532998401008e+00 6.795315071240218274e-02 1.737277005925671958e+01 3.768406058376312373e-01 2.438029703817004568e-01 2.617902326727289974e+01
1.154595532998401008e+00 6.795315071240218274e-02 1.737277005925671958e+01 3.768406058376312373e-01 2.438029703817004568e-01 2.617902326727289974e+01
1.244305964343917159e+00 6.496435398537579731e-02 1.155205124220493751e+01 3.297160265968113735e-01 2.162069247020023677e-01 2.324754664557611861e+01
1.227983742750412333e+00 5.431011655870943144e-02 1.699365050506648345e+01 3.364604196414330839e-01 2.217000367360468516e-01 2.508602977958989300e+01
1.227983742750412333e+00 5.431011655870943144e-02 1.699365050506648345e+01 3.364604196414330839e-01 2.217000367360468516e-01 2.508602977958989300e+01
1.191000643099288769e+00 5.258283509223919683e-02 1.297604030810721198e+01 3.412567117141269701e-01 2.229777322706175124e-01 2.271679245578624062e+01
1.097742593959982749e+00 3.562379918317738758e-02 3.748309196102227503e+01 2.756418396157564454e-01 3.172789382138734293e-01 2.602879626719445838e+01
1.097742593959982749e+00 3.562379918317738758e-02 3.748309196102227503e+01 2.756418396157564454e-01 3.172789382138734293e-01 2.602879626719445838e+01
1.155072434784078839e+00 1.010047542630028994e-01 4.585449036547214519e+01 3.321263653987509001e-01 3.886305449941359624e-01 2.387430914172526286e+01
1.155072434784078839e+00 1.010047542630028994e-01 4.585449036547214519e+01 3.321263653987509001e-01 3.886305449941359624e-01 2.387430914172526286e+01
1.136710451735059024e+00 7.505467876174852504e-02 4.572465152882163864e+01 3.091311536953698647e-01 3.575155370229802787e-01 2.949182292628313462e+01
1.169347642709412716e+00 8.544565631599135291e-02 4.339351367805256388e+01 2.986657522042622248e-01 4.001541061953385880e-01 2.968169139498600373e+01
1.169347642709412716e+00 8.544565631599135291e-02 4.339351367805256388e+01 2.986657522042622248e-01 4.001541061953385880e-01 2.968169139498600373e+01
1.121852490512281975e+00 9.879929213497644358e-02 3.157067278504985097e+01 3.445249899787788950e-01 3.528068825839569822e-01 2.747585387994312001e+01
1.078981264117845562e+00 4.292118641298615228e-02 4.140740267492591897e+01 3.695929077792965978e-01 3.898639582894709021e-01 2.671649624638645903e+01
1.080326954418543872e+00 6.131320616348833602e-02 3.638264502888160479e+01 4.417428205635413052e-01 4.143053567053603947e-01 2.274945239188248181e+01
1.130868961426317432e+00 5.612618074907468890e-02 3.702853395696746475e+01 3.846872874028243738e-01 3.934770590815001023e-01 2.351045366686900806e+01
1.130868961426317432e+00 5.612618074907468890e-02 3.702853395696746475e+01 3.846872874028243738e-01 3.934770590815001023e-01 2.351045366686900806e+01
1.196222774050351045e+00 7.800850899250733050e-02 4.361028209366495645e+01 3.208159033849672381e-01 3.150656247964404022e-01 3.130432676320257102e+01
1.141232065096635884e+00 4.289317120747859063e-02 3.652740258847037325e+01 2.487079761082670593e-01 2.673315338214722336e-01 2.694218943811047851e+01
1.141232065096635884e+00 4.289317120747859063e-02 3.652740258847037325e+01 2.487079761082670593e-01 2.673315338214722336e-01 2.694218943811047851e+01
1.144876658802694847e+00 1.790327322336664195e-02 3.489167804112091886e+01 2.310142617022909739e-01 2.336225545234458800e-01 3.024018995428592405e+01
1.174359595569453463e+00 2.631702178127194938e-02 4.202276165622237158e+01 2.663750655996084404e-01 3.039259839668149166e-01 2.770930735425893587e+01
1.172609910829486513e+00 2.769317005782546970e-02 3.586947592002234586e+01 2.332821505941813367e-01 2.886104949858326330e-01 3.025166531554788563e+01
1.172609910829486513e+00 2.769317005782546970e-02 3.586947592002234586e+01 2.332821505941813367e-01 2.886104949858326330e-01 3.025166531554788563e+01
1.160642845442111382e+00 4.328314962959244755e-02 3.753903724030386257e+01 2.689074740538716646e-01 2.644929634836535870e-01 2.769909478162458072e+01
9.730603696662295521e-01 1.631154087147130005e-01 3.411637920232031007e+01 3.053652250433423476e-01 3.188683982656789762e-01 2.989638222806938117e+01
9.730603696662295521e-01 1.631154087147130005e-01 3.411637920232031007e+01 3.053652250433423476e-01 3.188683982656789762e-01 2.989638222806938117e+01
1.007761644983640181e+00 2.520205157434386722e-02 3.390772549276051251e+01 2.543094169790638959e-01 2.375179375114720715e-01 2.540922571290769127e+01
1.023215062228941763e+00 8.668446195418619271e-02 3.490591986792330204e+01 2.207686799525002130e-01 2.827025777224139169e-01 2.696922458629251906e+01
1.023215062228941763e+00 8.668446195418619271e-02 3.490591986792330204e+01 2.207686799525002130e-01 2.827025777224139169e-01 2.696922458629251906e+01
9.994215476141449228e-01 3.246119707939264937e-02 3.193449224998192904e+01 1.964912324382304121e-01 2.706518060076669174e-01 2.662505788518636152e+01
1.062695412610296986e+00 3.479750210929664911e-02 3.315247263483635720e+01 2.483065334348679709e-01 3.095208863774034924e-01 2.439191012721850171e+01
8.453964128207612783e-01 1.212617178327334566e-01 4.516589918564290684e+01 3.209355314509750867e-01 4.104139065637988359e-01 3.888220925923981497e+01
1.038480065688399900e+00 1.421037901656586611e-01 4.971344499100458592e+01 3.985898015986892862e-01 3.418006652247700949e-01 3.569628811256557555e+01
8.782794091566601402e-01 1.784330262280517942e-01 4.560192275659458261e+01 3.008477316070062857e-01 3.136661452433274211e-01 3.395160747363588882e+01
8.782794091566601402e-01 1.784330262280517942e-01 4.560192275659458261e+01 3.008477316070062857e-01 3.136661452433274211e-01 3.395160747363588882e+01
7.975237391653259289e-01 1.922618850738820051e-01 4.271529507335020526e+01 3.310941947609697400e-01 3.543608513408706417e-01 3.253871688820725439e+01
8.738611669750507849e-01 2.067282835982439393e-01 4.108876488236082025e+01 3.788924848821447755e-01 2.707416287211948380e-01 3.252456826447470206e+01
8.354353361253915589e-01 2.174593040117308584e-01 4.227310964325489806e+01 2.594762281779791624e-01 3.328067532884582125e-01 3.040883545191603687e+01
8.354353361253915589e-01 2.174593040117308584e-01 4.227310964325489806e+01 2.594762281779791624e-01 3.328067532884582125e-01 3.040883545191603687e+01
8.463278484558183212e-01 1.848825865219022035e-01 3.941869302562386679e+01 3.370069765399721917e-01 3.410350446207720543e-01 3.081875633678851756e+01
9.106944045953484501e-01 2.031442772979377143e-01 3.591212562547177356e+01 3.554424293600901841e-01 3.168082267555594189e-01 3.378921277532659673e+01
9.106944045953484501e-01 2.031442772979377143e-01 3.591212562547177356e+01 3.554424293600901841e-01 3.168082267555594189e-01 3.378921277532659673e+01
9.349217979897685993e-01 1.635076887054662809e-01 4.125367714407090602e+01 2.397293768837225891e-01 3.619758348967400119e-01 2.549571614654839991e+01
1.066580463595768746e+00 7.076529410195664394e-02 3.404410112082899786e+01 9.697090574554891040e-02 4.301511137416661468e-01 2.671679875533902404e+01
9.657000359257874589e-01 2.844161547701652692e-02 3.961464702401799087e+01 2.525326579067734833e-01 3.642095286620358752e-01 3.715990826334797248e+01
9.657000359257874589e-01 2.844161547701652692e-02 3.961464702401799087e+01 2.525326579067734833e-01 3.642095286620358752e-01 3.715990826334797248e+01
1.001836449814216268e+00 1.561478949321386950e-02 3.030060338993763480e+01 3.628112938114469443e-01 5.017418305547309831e-01 3.781068706353352127e+01
1.001836449814216268e+00 1.561478949321386950e-02 3.030060338993763480e+01 3.628112938114469443e-01 5.017418305547309831e-01 3.781068706353352127e+01
1.031621373938712116e+00 3.475970238970389065e-02 2.567043609808923321e+01 3.377206301405823452e-01 5.029580015886568889e-01 3.425617375419307109e+01
1.019500138227833030e+00 3.545527662194990909e-02 3.002519180259404408e+01 3.847404540492451175e-01 5.403022211936250319e-01 3.595230435218565646e+01
1.019500138227833030e+00 3.545527662194990909e-02 3.002519180259404408e+01 3.847404540492451175e-01 5.403022211936250319e-01 3.595230435218565646e+01
1.024488635280436100e+00 6.526558030287472889e-02 2.812201794973921309e+01 4.030201032464991728e-01 4.810655595617708280e-01 3.577844550426351589e+01
9.731485711046354847e-01 2.927407453557393652e-02 2.984797293111166638e+01 2.722856583128813179e-01 5.366316573217265740e-01 3.608825629826947790e+01
9.731485711046354847e-01 2.927407453557393652e-02 2.984797293111166638e+01 2.722856583128813179e-01 5.366316573217265740e-01 3.608825629826947790e+01
9.795438508616427509e-01 6.602579863283342121e-02 3.683285070241827697e+01 3.715808575681894821e-01 4.081444935904007809e-01 3.931098962451719103e+01
1.057726262376913473e+00 4.776582101779232314e-02 3.966852077507373053e+01 3.729473309613617893e-01 3.873248142563406327e-01 3.713100915492042020e+01
1.057726262376913473e+00 4.776582101779232314e-02 3.966852077507373053e+01 3.729473309613617893e-01 3.873248142563406327e-01 3.713100915492042020e+01
1.010453428654500607e+00 4.410975112207960597e-02 3.478144426864295724e+01 3.378702619905761817e-01 3.778749959995035823e-01 4.000000000000000000e+01
1.010453428654500607e+00 4.410975112207960597e-02 3.478144426864295724e+01 3.378702619905761817e-01 3.778749959995035823e-01 4.000000000000000000e+01
1.042612151212244376e+00 4.194605496231541830e-02 3.274738701043711586e+01 3.597490725581604654e-01 3.272384821028690438e-01 3.664400185098540419e+01
1.042612151212244376e+00 4.194605496231541830e-02 3.274738701043711586e+01 3.597490725581604654e-01 3.272384821028690438e-01 3.664400185098540419e+01
1.018510870176752903e+00 5.493399082300076675e-02 2.641431795437134866e+01 3.811312001964181073e-01 3.368777300571723088e-01 3.562527015664171159e+01
1.018510870176752903e+00 5.493399082300076675e-02 2.641431795437134866e+01 3.811312001964181073e-01 3.368777300571723088e-01 3.562527015664171159e+01
1.025797298925281487e+00 5.592721620769219859e-02 3.364343677305625846e+01 4.005483560295908796e-01 3.457891590545242311e-01 3.684772071848168906e+01
1.025797298925281487e+00 5.592721620769219859e-02 3.364343677305625846e+01 4.005483560295908796e-01 3.457891590545242311e-01 3.684772071848168906e+01
1.000447875665301689e+00 4.069184144403538428e-02 3.113643847856047486e+01 3.507590598257911974e-01 3.063769637547131275e-01 3.731838393454563629e+01
9.798369901330028497e-01 8.500615015364895721e-02 2.945057102627906076e+01 4.773314104497623500e-01 2.722856895557992374e-01 3.732662521929458421e+01
9.746243655452206944e-01 5.212922372043277131e-02 3.899244216779105443e+01 3.306721697769553492e-01 4.094188759462039084e-01 3.765728206995241578e+01
9.746243655452206944e-01 5.212922372043277131e-02 3.899244216779105443e+01 3.306721697769553492e-01 4.094188759462039084e-01 3.765728206995241578e+01
9.821359818985248014e-01 4.942970211792390572e-02 3.831000721726677938e+01 3.736535428012244808e-01 3.431731349152280508e-01 3.772802415838373236e+01
9.679492273134332470e-01 4.984046913551599955e-02 4.144694489048100650e+01 3.145276079296028815e-01 3.804554704240081797e-01 3.906883135899073523e+01
9.679492273134332470e-01 4.984046913551599955e-02 4.144694489048100650e+01 3.145276079296028815e-01 3.804554704240081797e-01 3.906883135899073523e+01
1.027444567512188156e+00 1.703754518855890576e-02 4.223657815200103016e+01 3.481525786832759817e-01 4.198145125317196968e-01 3.584077381352866354e+01
1.027444567512188156e+00 1.703754518855890576e-02 4.223657815200103016e+01 3.481525786832759817e-01 4.198145125317196968e-01 3.584077381352866354e+01
1.022664714192877522e+00 3.985243718118349626e-02 3.957712029040608570e+01 4.215564796492594635e-01 3.765641194132525738e-01 3.319048441874394229e+01
1.022664714192877522e+00 3.985243718118349626e-02 3.957712029040608570e+01 4.215564796492594635e-01 3.765641194132525738e-01 3.319048441874394229e+01
1.013298186650444022e+00 8.389145631967034888e-02 4.436169726298594895e+01 2.672562183583654383e-01 3.781718568953617021e-01 3.835151160658491420e+01
1.007339613525212174e+00 4.814313813919451901e-02 3.806401950670213807e+01 3.306681054101102135e-01 4.245913557481879042e-01 3.645428424530510370e+01
1.007339613525212174e+00 4.814313813919451901e-02 3.806401950670213807e+01 3.306681054101102135e-01 4.245913557481879042e-01 3.645428424530510370e+01
1.026991869351105757e+00 8.312489369805672879e-02 3.794462975765418378e+01 2.967154679587792332e-01 4.246386089287567667e-01 3.862956383109703751e+01
9.595405434744962436e-01 5.862764534960197838e-02 4.074454381597175967e+01 4.008524736652873122e-01 4.428570910144946082e-01 3.707934076210624141e+01
9.888215991534361482e-01 1.593087282087226331e-01 3.853335143437689680e+01 4.005204548759778715e-01 5.071819724503839888e-01 2.968639559702718955e+01
9.696834425015619097e-01 1.518225800653428548e-01 4.887961132460826974e+01 2.541381733660475484e-01 2.459244607290599349e-01 3.164197249680041324e+01
9.696834425015619097e-01 1.518225800653428548e-01 4.887961132460826974e+01 2.541381733660475484e-01 2.459244607290599349e-01 3.164197249680041324e+01
9.540937910177189618e-01 8.497138448723118298e-02 4.551965724215616405e+01 2.880899475467397219e-01 2.825981503307359866e-01 3.203898342761900864e+01
9.540937910177189618e-01 8.497138448723118298e-02 4.551965724215616405e+01 2.880899475467397219e-01 2.825981503307359866e-01 3.203898342761900864e+01
9.330452851922184099e-01 1.352712671042123060e-01 4.390994148953203080e+01 2.754344004251840228e-01 3.109881321664415554e-01 3.298468975746724396e+01
9.207230821810934440e-01 1.355989899520777808e-01 4.612626098603101354e+01 2.204040142518074175e-01 2.910127886851286982e-01 3.455717186367107274e+01
9.207230821810934440e-01 1.355989899520777808e-01 4.612626098603101354e+01 2.204040142518074175e-01 2.910127886851286982e-01 3.455717186367107274e+01
8.953899386960403328e-01 9.679647352861137088e-02 2.970395020301773314e+01 2.961883908918268027e-01 3.871473298298350185e-01 3.745090833456033153e+01
8.953899386960403328e-01 9.679647352861137088e-02 2.970395020301773314e+01 2.961883908918268027e-01 3.871473298298350185e-01 3.745090833456033153e+01
9.024540701757302052e-01 1.445047219028564034e-01 3.297515156561157568e+01 2.755850856379948866e-01 3.365510089041698349e-01 3.680673556116507683e+01
9.024540701757302052e-01 1.445047219028564034e-01 3.297515156561157568e+01 2.755850856379948866e-01 3.365510089041698349e-01 3.680673556116507683e+01
8.563698216406446795e-01 2.499155461011328405e-01 4.710261834566458106e+01 3.373827636756357995e-01 1.991724137645490278e-01 2.900270322935981326e+01
8.563698216406446795e-01 2.499155461011328405e-01 4.710261834566458106e+01 3.373827636756357995e-01 1.991724137645490278e-01 2.900270322935981326e+01
8.694077486387764564e-01 2.612954381516915392e-01 4.574053786203152328e+01 3.143824600550513271e-01 2.120748979215741625e-01 3.035616381118037310e+01
8.694077486387764564e-01 2.612954381516915392e-01 4.574053786203152328e+01 3.143824600550513271e-01 2.120748979215741625e-01 3.035616381118037310e+01
9.456230057540486733e-01 1.680434863647033983e-01 5.094158193278273927e+01 3.687919375433957314e-01 2.889112223549266667e-01 3.937254085308649820e+01
9.343215591199439674e-01 1.694083924384894024e-01 5.101076771644027019e+01 3.873045408003096268e-01 3.013105903905192173e-01 4.000000000000000000e+01
1.002033154654379254e+00 1.727358752863117075e-01 4.786366790753184119e+01 3.807053276799304276e-01 2.827193780554027591e-01 3.895546791587918278e+01
1.011871510263167018e+00 2.088391218824927342e-01 5.092184386960693843e+01 4.111900720882578075e-01 2.433651061199063326e-01 3.888884105514742373e+01
9.637225682866515930e-01 1.662175587747969085e-01 4.550651125941117670e+01 4.163207089955067719e-01 2.488905747045360162e-01 3.839289027535706111e+01
9.637225682866515930e-01 1.662175587747969085e-01 4.550651125941117670e+01 4.163207089955067719e-01 2.488905747045360162e-01 3.839289027535706111e+01
9.527597275638162166e-01 1.724130061702588979e-01 5.117876238343634299e+01 3.709574409777491866e-01 2.699851913279777693e-01 3.906905885118504784e+01
9.628653660700747796e-01 1.949769142472847494e-01 4.932648421607500921e+01 3.282265303183199978e-01 2.558467734608196875e-01 3.765817925345994155e+01
1.021950461969026280e+00 2.253165373302679353e-01 5.200000000000000000e+01 4.897467012449562285e-01 3.058618184806362605e-01 3.164481798413493507e+01
9.651034128860918049e-01 2.165657258724509315e-01 5.051183943481992600e+01 5.934801331484956810e-01 3.000888732213635723e-01 3.380282353457129574e+01
8.585670437774332031e-01 1.955074147735324785e-01 4.274877273917907416e+01 4.079606059598365753e-01 2.370777223067339623e-01 3.872955145046912406e+01
8.346198323471402114e-01 1.568492927038701579e-01 4.153742688517732518e+01 3.919227918764772722e-01 2.357246895629362404e-01 3.665076089059628828e+01
9.097700652312276093e-01 1.959785667579588275e-01 3.951411242419339231e+01 3.908253032834401175e-01 2.358981835544151917e-01 3.847461528849973433e+01
9.097700652312276093e-01 1.959785667579588275e-01 3.951411242419339231e+01 3.908253032834401175e-01 2.358981835544151917e-01 3.847461528849973433e+01
8.580396587048704227e-01 1.482158027066785566e-01 3.640431333999930530e+01 4.415083749426256809e-01 2.538643235495321449e-01 4.000000000000000000e+01
9.529471219839218410e-01 2.450927996305600487e-01 4.459720652855054368e+01 4.627901009215001915e-01 2.162030806059361265e-01 4.000000000000000000e+01
1.022310291740997634e+00 7.826200864753979358e-02 4.317052312618729104e+01 4.367570163805205574e-01 4.419958466647628814e-01 1.804394812788534352e+01
1.013697064265355108e+00 1.141035542880122211e-01 3.582564542978688849e+01 3.567936797703692986e-01 3.147665107468798906e-01 2.658176855946078376e+01
1.004378981199552046e+00 1.122583657898840875e-01 3.967651668698354683e+01 3.792866459600486295e-01 3.484301513615858936e-01 2.484033368397610531e+01
1.004378981199552046e+00 1.122583657898840875e-01 3.967651668698354683e+01 3.792866459600486295e-01 3.484301513615858936e-01 2.484033368397610531e+01
1.014660451865849078e+00 1.071228410636785311e-01 3.833929694406645439e+01 4.451848381418421763e-01 3.756076899828707516e-01 2.623178014036762207e+01
1.016481458986302933e+00 7.486720026760416979e-02 3.488413778258527742e+01 4.128920481097957396e-01 3.376888558248855032e-01 2.682793315570003756e+01
9.695793867254992593e-01 9.786522128995146785e-02 3.776628721909727915e+01 4.302243213898179208e-01 3.473417381420362826e-01 2.786103198642999956e+01
9.695793867254992593e-01 9.786522128995146785e-02 3.776628721909727915e+01 4.302243213898179208e-01 3.473417381420362826e-01 2.786103198642999956e+01
1.032160955156284698e+00 1.221146178753189371e-01 2.880940992639174425e+01 3.373205780904454665e-01 4.061237027963378043e-01 3.315426437789803771e+01
1.060686850196119968e+00 9.256114866716647072e-02 3.172952567431993032e+01 2.974165626659301953e-01 4.370244866811779372e-01 3.273854091065863514e+01
1.062428472964231263e+00 1.042473570706964336e-01 3.002391303760661856e+01 3.797491725147832953e-01 3.973489081660517841e-01 3.137505183734905856e+01
1.062428472964231263e+00 1.042473570706964336e-01 3.002391303760661856e+01 3.797491725147832953e-01 3.973489081660517841e-01 3.137505183734905856e+01
1.058495631708094464e+00 8.069215824666545189e-02 3.239359511163757332e+01 3.112613896294650906e-01 3.668985716535163033e-01 3.324060486240791334e+01
1.058495631708094464e+00 8.069215824666545189e-02 3.239359511163757332e+01 3.112613896294650906e-01 3.668985716535163033e-01 3.324060486240791334e+01
1.089635577105695363e+00 1.310752509582930880e-01 2.884033326364441052e+01 3.295972628363056933e-01 3.911451798058777074e-01 3.157928262415906318e+01
1.032648761054924869e+00 1.159576015997654252e-01 2.709719717081642898e+01 3.731397719907285637e-01 4.086828819593227857e-01 3.056915012545021071e+01
1.032648761054924869e+00 1.159576015997654252e-01 2.709719717081642898e+01 3.731397719907285637e-01 4.086828819593227857e-01 3.056915012545021071e+01
9.980007004929175585e-01 1.097118101960535969e-01 2.908146917409648680e+01 3.797910214655156325e-01 3.319253957144204792e-01 3.264140777449718911e+01
1.066745276704291090e+00 3.452005813446806098e-02 3.957569233615723192e+01 2.447790506514640752e-01 5.004659531510933235e-01 3.143881059567850400e+01
1.066745276704291090e+00 3.452005813446806098e-02 3.957569233615723192e+01 2.447790506514640752e-01 5.004659531510933235e-01 3.143881059567850400e+01
1.029866948850496788e+00 7.714290982737268682e-03 3.499647464499265936e+01 2.157673239904780715e-01 5.071074020534054316e-01 3.054926854381908541e+01
1.091353479359052914e+00 4.766884038984511157e-02 3.422485973784768731e+01 2.528058501524116930e-01 5.129024061373824717e-01 3.217714273180282447e+01
1.091353479359052914e+00 4.766884038984511157e-02 3.422485973784768731e+01 2.528058501524116930e-01 5.129024061373824717e-01 3.217714273180282447e+01
1.083886050168585413e+00 1.376768489215828353e-02 3.698168408420522724e+01 2.458344426724403398e-01 5.202287780943928297e-01 3.206554501584218286e+01
1.070645232927032175e+00 2.455659867258706830e-02 4.040598742946193056e+01 2.777946974742115382e-01 5.361349111334263728e-01 3.050208720721560240e+01
1.077105190754260367e+00 8.642488946080079115e-03 3.592712624099191743e+01 1.951529923921510312e-01 5.073600199375242203e-01 3.057667902192655518e+01
1.077105190754260367e+00 8.642488946080079115e-03 3.592712624099191743e+01 1.951529923921510312e-01 5.073600199375242203e-01 3.057667902192655518e+01
1.043130392152464170e+00 3.216577162506192855e-02 3.311834765808266212e+01 2.332940440939497151e-01 5.057563475221904525e-01 3.214954770841767839e+01
1.043130392152464170e+00 3.216577162506192855e-02 3.311834765808266212e+01 2.332940440939497151e-01 5.057563475221904525e-01 3.214954770841767839e+01
1.011738660423962433e+00 7.889838320121590753e-02 2.609721376272116444e+01 1.931567341454898390e-01 2.802477748587480777e-01 2.248741163007118615e+01
1.039109989339088047e+00 7.451820396441492800e-02 2.812346672011955917e+01 2.177311426692300489e-01 2.480760335893782143e-01 2.092522679044720846e+01
9.357008932840022997e-01 2.177768051592930965e-01 3.211750869075608250e+01 3.252777043052245687e-01 4.019307443305690786e-01 2.433123808102904917e+01
9.357008932840022997e-01 2.177768051592930965e-01 3.211750869075608250e+01 3.252777043052245687e-01 4.019307443305690786e-01 2.433123808102904917e+01
9.018223744733899760e-01 1.995986557378062187e-01 3.657535153869049083e+01 1.977877564053380777e-01 4.266897724674442727e-01 2.428721173720667181e+01
8.889447169579932639e-01 1.687743299359818483e-01 3.531580140673524681e+01 2.231273214145042538e-01 4.025803903392998762e-01 2.372629994824497857e+01
8.889447169579932639e-01 1.687743299359818483e-01 3.531580140673524681e+01 2.231273214145042538e-01 4.025803903392998762e-01 2.372629994824497857e+01
8.203287105157677228e-01 2.062748338794794245e-01 3.981316599662366684e+01 3.271285764978520971e-01 3.916722983694355675e-01 2.230675093713940527e+01
8.624264977771501917e-01 2.307081535300161967e-01 4.275569939926745633e+01 2.700484143916691004e-01 4.134173917536798082e-01 2.342329404383132641e+01
8.812992555789045390e-01 2.100918667121466632e-01 3.151599525974415528e+01 2.132904034779307678e-01 3.266856773380020784e-01 2.893686172539768364e+01
8.500892490348905817e-01 2.375219342058562388e-01 3.709046738040861158e+01 2.059081481818407777e-01 3.836914296781590572e-01 2.592077319402419633e+01
9.817901123062768853e-01 1.891040853189214221e-01 3.871233703372274704e+01 1.322889428921759647e-01 2.872332082122420194e-01 3.269565248908423172e+01
9.817901123062768853e-01 1.891040853189214221e-01 3.871233703372274704e+01 1.322889428921759647e-01 2.872332082122420194e-01 3.269565248908423172e+01
9.788353318397305936e-01 1.937916313615971886e-01 3.442785690803599152e+01 1.555075802766029136e-01 3.178647164338548881e-01 2.945305462766000204e+01
9.185116091855465292e-01 2.067322223373950496e-01 3.130815639436149667e+01 1.182047099942988566e-01 3.059674937063221467e-01 3.395390811165786715e+01
9.185116091855465292e-01 2.067322223373950496e-01 3.130815639436149667e+01 1.182047099942988566e-01 3.059674937063221467e-01 3.395390811165786715e+01
9.401649106708354076e-01 2.094021111292037607e-01 3.333033438923918368e+01 1.722676962606655982e-01 2.888534253142505115e-01 3.125078538472441991e+01
9.324823832182836947e-01 1.893600704191784334e-01 2.972886925566503535e+01 1.930451467197664139e-01 2.640694380787538820e-01 3.352735318382737262e+01
9.661331968616043708e-01 1.664939952125779055e-01 3.454884510290688127e+01 2.067191178793511552e-01 3.617723336244761945e-01 2.277835503747693835e+01
1.022927979534656862e+00 1.651743157116019045e-01 3.246414843920216242e+01 2.174625563354250779e-01 3.332018158005710662e-01 2.331239342003303250e+01
9.240117705537834736e-01 1.476420441619724355e-01 3.130164462208704279e+01 2.186415208836933466e-01 3.540137777793236351e-01 1.880730416169544483e+01
9.989805950334158524e-01 1.705611420943206336e-01 2.642960246391376700e+01 2.637460954396667612e-01 3.444946295422448568e-01 1.901243482467886992e+01
1.063742001573567686e+00 9.624270092984806013e-02 2.737580775881698258e+01 1.276104135286597885e-01 3.216577891856321481e-01 3.377676671251255414e+01
1.018193992664619740e+00 4.006443970648572439e-02 3.321044039398787362e+01 2.097556901366921245e-01 4.928947701107503909e-01 3.084646433582185310e+01
9.961143018119218429e-01 5.398287668268693384e-02 3.423542312666476306e+01 1.917286272539496239e-01 4.520555755310444734e-01 2.900837788122823468e+01
9.961143018119218429e-01 5.398287668268693384e-02 3.423542312666476306e+01 1.917286272539496239e-01 4.520555755310444734e-01 2.900837788122823468e+01
1.003047951937125593e+00 0.000000000000000000e+00 3.479569224754222745e+01 1.077999615286435592e-01 3.995978307280518838e-01 2.804348263081270431e+01
1.013372589984020911e+00 1.604725890831664240e-02 4.211488118512392731e+01 7.880932167787953191e-02 3.750816550460201459e-01 2.601055032973808068e+01
1.056575927448266450e+00 1.527724656549631077e-02 4.271080618878207957e+01 5.749061271531649697e-02 4.076526300409079595e-01 2.888008464864055824e+01
1.056575927448266450e+00 1.527724656549631077e-02 4.271080618878207957e+01 5.749061271531649697e-02 4.076526300409079595e-01 2.888008464864055824e+01
1.009143796796715842e+00 0.000000000000000000e+00 4.095360351286448974e+01 8.770836821129343597e-02 3.760817525637893399e-01 2.615725402776217123e+01
1.052169594515119266e+00 6.957892292841483250e-02 2.941970231697682792e+01 1.117454898337760516e-01 4.228870438131954179e-01 3.295164021510353081e+01
1.080294867931715030e+00 4.606237100355244779e-02 2.387098024391604056e+01 2.044960450305708111e-01 3.838428592424192320e-01 2.944673696878728819e+01
1.119913019549972910e+00 4.158775598758431002e-02 2.223124663198722217e+01 3.277865400060795409e-01 3.519455376111518818e-01 2.880136320260697858e+01
1.132669556326213911e+00 7.133979311630778142e-02 2.189218345261522813e+01 2.043293661472447564e-01 3.759759313988521590e-01 2.993292778277389132e+01
1.138856272380401213e+00 5.686603313236907736e-02 2.626812426816365686e+01 2.766148899189843080e-01 3.283830460118007943e-01 2.942024938624221164e+01
1.141044378148114546e+00 2.607826768385922839e-02 3.186089753680476022e+01 2.088840399481490251e-01 4.540542296436329006e-01 3.375176414255070512e+01
1.084332275875370843e+00 4.648359649505018343e-02 3.489919314004301043e+01 2.555110569664096332e-01 4.615712574306305993e-01 3.260962313285303793e+01
1.125208298812033991e+00 5.553850567039495673e-02 3.197760615652399707e+01 2.056312667459015420e-01 3.948138566545352779e-01 2.867978324321804706e+01
1.161431530749805763e+00 7.899763013852867388e-02 3.284980876732964816e+01 2.274217096020220152e-01 4.741334394852242951e-01 3.135633666307930056e+01
1.042848565335642075e+00 6.910659170809764495e-02 3.764081044221206440e+01 3.554667411486935324e-01 4.312170533559354091e-01 1.464241950266516312e+01
1.055426954172760112e+00 6.229238960617396181e-05 3.829540553796893931e+01 1.197118652034666886e-01 4.758263877036588707e-01 2.288509532096950494e+01
1.055426954172760112e+00 6.229238960617396181e-05 3.829540553796893931e+01 1.197118652034666886e-01 4.758263877036588707e-01 2.288509532096950494e+01
1.054333869158526671e+00 4.338564527860973991e-02 3.497442835764127977e+01 1.536910955455982608e-01 4.902460257188805959e-01 2.319569156175706226e+01
1.074224064910910270e+00 9.710723534921790120e-03 3.605272886528310039e+01 1.767371637800991546e-01 4.416988893989159948e-01 2.276648813852144215e+01
1.074224064910910270e+00 9.710723534921790120e-03 3.605272886528310039e+01 1.767371637800991546e-01 4.416988893989159948e-01 2.276648813852144215e+01
9.192350378361016094e-01 1.871714093979996441e-01 3.694295262629140097e+01 2.865808691367947025e-01 3.620762986661757443e-01 3.336218825662227516e+01
1.000938251955617586e+00 8.266901874598858724e-02 3.341697195279483878e+01 4.976438964630032769e-01 2.963345885243002797e-01 2.674054109414899116e+01
1.169529414925219557e+00 8.929379900869406639e-02 1.974578281059042340e+01 4.599085657794002024e-01 2.433734847498844611e-01 3.199120792245285827e+01
1.210667353388941159e+00 8.548754112741267785e-02 1.718468101169791851e+01 5.225986540643847711e-01 2.440253556089204134e-01 3.021369456167386147e+01
1.203374367583361026e+00 1.127338920208077050e-01 1.847445449502615133e+01 5.172490806478128311e-01 2.638135553642210751e-01 3.334954900939226974e+01
1.129155195416422286e+00 4.546848551173439390e-03 2.120668694046725733e+01 4.011200482846387638e-01 2.353219125073704177e-01 3.173777028977697512e+01
1.129155195416422286e+00 4.546848551173439390e-03 2.120668694046725733e+01 4.011200482846387638e-01 2.353219125073704177e-01 3.173777028977697512e+01
1.015005302060832060e+00 0.000000000000000000e+00 3.133050726348777104e+01 3.201902379092387285e-01 2.666672767330992566e-01 2.191214074496894781e+01
1.136490723441564654e+00 7.142215322487607820e-02 1.777390993733326141e+01 3.706284563317846503e-01 2.094933530413808087e-01 2.856867548896311604e+01
1.122122542300233672e+00 5.091060950955905717e-02 2.555272235213691090e+01 3.216017045509167449e-01 1.841710597021718743e-01 2.365822456999469381e+01
1.122122542300233672e+00 5.091060950955905717e-02 2.555272235213691090e+01 3.216017045509167449e-01 1.841710597021718743e-01 2.365822456999469381e+01
1.254545373213505233e+00 1.040941363863432112e-01 1.926464853008612366e+01 3.426122063517002547e-01 2.920767444801016799e-01 2.985099609559375722e+01
1.254545373213505233e+00 1.040941363863432112e-01 1.926464853008612366e+01 3.426122063517002547e-01 2.920767444801016799e-01 2.985099609559375722e+01
1.231967957515917922e+00 1.085103181466019889e-01 2.176322881155542888e+01 3.566820560918724792e-01 3.274955958009863055e-01 2.911033268192625201e+01
1.283285400795113773e+00 9.434365082610911279e-02 2.021450370553558429e+01 4.209417973702879734e-01 2.838733993527539079e-01 2.766800943141066682e+01
1.293185031785771821e+00 1.013885686165838379e-01 1.455115907059731661e+01 3.775275572919328249e-01 2.769434359491329545e-01 2.792911649163263732e+01
1.322600315278819938e+00 8.920705820713618894e-02 1.717678820460740141e+01 3.952512690291913877e-01 2.297495361303102390e-01 2.937507330136636696e+01
1.322600315278819938e+00 8.920705820713618894e-02 1.717678820460740141e+01 3.952512690291913877e-01 2.297495361303102390e-01 2.937507330136636696e+01
1.234376392685657464e+00 1.252081715475175661e-01 2.025333427946105047e+01 3.752567608043219649e-01 2.786554042048612900e-01 2.890890611245469799e+01
1.234376392685657464e+00 1.252081715475175661e-01 2.025333427946105047e+01 3.752567608043219649e-01 2.786554042048612900e-01 2.890890611245469799e+01
1.209651004043553302e+00 1.161287616813094364e-01 1.926251262547218701e+01 4.860600870059286760e-01 2.612684968331480673e-01 2.852189383175653248e+01
1.230397020296541744e+00 8.247308332873215519e-02 2.279404778856872582e+01 4.267635754061402387e-01 2.639132943216783156e-01 2.851725452609174027e+01
1.230397020296541744e+00 8.247308332873215519e-02 2.279404778856872582e+01 4.267635754061402387e-01 2.639132943216783156e-01 2.851725452609174027e+01
1.211103883803734238e+00 1.197895752387638096e-01 1.663035119167660980e+01 3.774731774847628341e-01 2.857649032721888416e-01 3.205418608118074530e+01
1.211103883803734238e+00 1.197895752387638096e-01 1.663035119167660980e+01 3.774731774847628341e-01 2.857649032721888416e-01 3.205418608118074530e+01
1.149381129524136291e+00 3.725110198487350394e-02 1.017239023913049678e+01 2.984073112475584821e-01 2.482040219342756537e-01 3.012758661828385698e+01
1.149381129524136291e+00 3.725110198487350394e-02 1.017239023913049678e+01 2.984073112475584821e-01 2.482040219342756537e-01 3.012758661828385698e+01
1.134958233040972875e+00 4.157895357287718502e-02 1.934127784436582687e+01 3.457264092166792424e-01 2.429261366127293542e-01 2.925573494717968970e+01
1.129146458313480927e+00 7.233518828706278492e-04 8.866812004456683383e+00 3.574181394187209704e-01 2.240537207947354836e-01 2.966039012245378359e+01
1.137869549903848698e+00 3.666984010714430253e-02 2.546312898972448835e+01 4.562977146188021971e-01 2.973082426164148084e-01 2.518419390706681327e+01
1.137869549903848698e+00 3.666984010714430253e-02 2.546312898972448835e+01 4.562977146188021971e-01 2.973082426164148084e-01 2.518419390706681327e+01
1.100049557981656045e+00 2.632588978909741750e-02 2.727469297559235528e+01 4.233182990556147440e-01 3.324939427797244385e-01 2.414338098649887954e+01
1.125860921533960779e+00 3.328300368112613317e-02 2.229310000661545388e+01 4.138932359048115850e-01 2.978107156433830172e-01 2.334958283079475194e+01
1.125860921533960779e+00 3.328300368112613317e-02 2.229310000661545388e+01 4.138932359048115850e-01 2.978107156433830172e-01 2.334958283079475194e+01
1.129799115350213823e+00 3.005830955381820144e-02 1.731932372984309865e+01 3.546768892549320151e-01 2.949336907596560864e-01 2.071476112055156804e+01
1.010873115958360158e+00 9.263213060208945471e-02 1.805436372964388170e+01 3.035024991654460269e-01 3.093361661447199817e-01 2.867175311766031243e+01
1.010873115958360158e+00 9.263213060208945471e-02 1.805436372964388170e+01 3.035024991654460269e-01 3.093361661447199817e-01 2.867175311766031243e+01
1.063650316113568639e+00 7.353680124162428888e-02 2.383271000705486031e+01 4.578412906535528348e-01 2.762970414623464599e-01 2.594784254076976637e+01
1.119537202889042904e+00 2.647354210519761546e-03 2.840818035812253228e+01 3.922855286438327038e-01 3.162024902183115382e-01 2.602689341748696350e+01
1.119537202889042904e+00 2.647354210519761546e-03 2.840818035812253228e+01 3.922855286438327038e-01 3.162024902183115382e-01 2.602689341748696350e+01
1.113944942975138019e+00 0.000000000000000000e+00 2.466322032756658089e+01 4.505687930717337530e-01 2.866008843774814352e-01 2.513683443779156690e+01
1.097404792464109935e+00 8.652567989866044584e-02 3.347149851794377895e+01 4.618879329127331124e-01 4.880527697411470855e-01 2.962215554859489686e+01
1.097404792464109935e+00 8.652567989866044584e-02 3.347149851794377895e+01 4.618879329127331124e-01 4.880527697411470855e-01 2.962215554859489686e+01
1.063007694846834550e+00 2.126495880520830328e-02 3.215818854836876284e+01 4.899917699305288421e-01 4.320136114834911556e-01 3.006223258631939643e+01
1.123854824909811478e+00 1.521370481758658674e-02 2.422296995183407375e+01 5.029291412937990646e-01 3.863592527048965164e-01 2.424442922861945249e+01
1.142104393483299729e+00 7.193944652264164241e-02 2.591089396002207934e+01 4.807363443077112830e-01 4.155072964945777381e-01 2.405654728260926589e+01
1.142104393483299729e+00 7.193944652264164241e-02 2.591089396002207934e+01 4.807363443077112830e-01 4.155072964945777381e-01 2.405654728260926589e+01
1.083687769011493218e+00 7.275208206866792815e-03 2.653474964885352705e+01 4.592488532779583355e-01 3.646031562870983844e-01 2.717622112986519411e+01
1.088801766415762318e+00 0.000000000000000000e+00 3.006338289764427785e+01 5.643113046051422277e-01 3.472781684500087507e-01 2.628718062459840610e+01
1.085949387609921990e+00 4.277208361799875874e-02 2.993212216535421533e+01 5.537118595316627978e-01 3.710792362150979184e-01 2.878152679962342475e+01
1.130402094184963957e+00 0.000000000000000000e+00 2.726885253592071123e+01 5.330811275906816027e-01 3.770486936211547846e-01 2.448179065460329795e+01
1.119024873886716342e+00 7.652208309447872114e-02 3.302417172850323368e+01 5.045749250924763674e-01 4.820722632982250566e-01 2.163212606244300318e+01
1.119024873886716342e+00 7.652208309447872114e-02 3.302417172850323368e+01 5.045749250924763674e-01 4.820722632982250566e-01 2.163212606244300318e+01
1.106671861944171997e+00 7.944891127131945008e-02 3.866590733950429382e+01 5.716809505502657984e-01 4.410847569144779046e-01 2.283275970133895072e+01
1.150571210473243733e+00 6.365347476447083541e-02 3.455158136579199635e+01 5.291349614665173950e-01 4.308505449730060111e-01 2.121633564032536157e+01
1.150571210473243733e+00 6.365347476447083541e-02 3.455158136579199635e+01 5.291349614665173950e-01 4.308505449730060111e-01 2.121633564032536157e+01
1.108683191997107631e+00 5.294203646469628627e-02 3.392417986425945031e+01 5.164808160198267606e-01 4.599356226208871634e-01 2.245259622589896509e+01
1.110771789453928848e+00 4.762260157355629325e-02 3.131781818378054894e+01 5.757670764992008916e-01 4.557093175759618364e-01 2.200873076467638612e+01
1.110771789453928848e+00 4.762260157355629325e-02 3.131781818378054894e+01 5.757670764992008916e-01 4.557093175759618364e-01 2.200873076467638612e+01
1.073183306195727882e+00 1.160875391443434296e-01 2.529469207864584135e+01 4.041317422521243374e-01 3.671247653328688076e-01 2.244144742198171727e+01
1.091825099212047956e+00 7.504034470970014081e-02 2.013727183674105703e+01 2.721527849586720671e-01 4.013603208550752255e-01 2.945075773783560535e+01
1.119604213060879427e+00 3.799131288920311322e-02 2.569119762071999347e+01 3.646791169103246188e-01 3.519694787151059767e-01 2.788139222265964889e+01
1.119604213060879427e+00 3.799131288920311322e-02 2.569119762071999347e+01 3.646791169103246188e-01 3.519694787151059767e-01 2.788139222265964889e+01
1.140221909575158676e+00 5.033146443269008452e-02 2.284125742464394548e+01 3.545366980010719038e-01 3.411317953916209733e-01 2.974515721810887214e+01
1.111871350005712911e+00 3.911933539432839446e-02 2.450130932612115586e+01 2.780096692395764291e-01 3.541478365144919982e-01 3.014306235310908733e+01
1.100865855691709916e+00 3.056277447763352736e-02 2.675290773706942460e+01 2.415720929869051570e-01 3.692881703427003393e-01 3.161523793312496622e+01
1.132139152890756950e+00 8.232631298147102816e-02 3.133355719395102312e+01 2.761720626889412888e-01 3.833460711897593298e-01 3.012961525983720890e+01
1.132139152890756950e+00 8.232631298147102816e-02 3.133355719395102312e+01 2.761720626889412888e-01 3.833460711897593298e-01 3.012961525983720890e+01
1.233561908552091468e+00 1.222733916128238285e-01 2.546466270592484804e+01 4.046457001383466645e-01 3.432457462050111929e-01 2.872768396821135539e+01
1.243997355782580749e+00 1.608606828240862485e-01 2.721571968088829863e+01 3.853460748997140639e-01 3.293861539451939935e-01 2.912827842995101335e+01
1.218822773500888079e+00 1.219190402068921764e-01 3.110683856964985594e+01 3.344553513221614205e-01 3.318075458693146573e-01 3.066006856320640495e+01
1.236967545794134926e+00 1.338020210420424738e-01 2.572163196668146412e+01 3.826426993837364621e-01 2.933708297427247147e-01 2.955233448654115591e+01
1.226724567646949593e+00 8.585557467631269035e-02 2.926758426736622454e+01 4.264937804177499903e-01 3.442059882134101412e-01 3.159217323604441319e+01
1.286596207708097239e+00 1.511106414259254516e-01 2.596914537757463037e+01 3.712612034829034235e-01 2.807211627888625549e-01 3.186806887404859623e+01
1.245648264145402306e+00 1.383305973806598088e-01 3.154721978870049881e+01 3.391767970262555831e-01 3.108929177304179947e-01 3.196199305887391162e+01
1.102059071075030205e+00 4.952412201809312103e-02 3.192392494699429051e+01 3.623101246879881776e-01 3.921982324228887595e-01 2.429928319816385951e+01
1.128048237672905518e+00 7.152772712477545314e-02 3.616605054974702682e+01 4.830226338975959766e-01 4.466774617262282421e-01 2.631942784023694415e+01
1.128048237672905518e+00 7.152772712477545314e-02 3.616605054974702682e+01 4.830226338975959766e-01 4.466774617262282421e-01 2.631942784023694415e+01
1.111802266592656352e+00 1.798640912497065925e-01 3.043844464308012121e+01 5.808824026946562968e-01 3.932295842657115847e-01 2.548719110987408598e+01
1.111802266592656352e+00 1.798640912497065925e-01 3.043844464308012121e+01 5.808824026946562968e-01 3.932295842657115847e-01 2.548719110987408598e+01
1.175046535019620864e+00 1.545333844708212112e-01 3.382153244906364620e+01 5.891188170241128397e-01 3.652208354098945842e-01 2.714621065586750959e+01
1.175046535019620864e+00 1.545333844708212112e-01 3.382153244906364620e+01 5.891188170241128397e-01 3.652208354098945842e-01 2.714621065586750959e+01
1.181140709906778552e+00 1.552623486596183544e-01 3.161722795893521010e+01 5.789150771441701204e-01 3.696546875020668144e-01 2.305091487621032798e+01
1.133196565332548200e+00 1.514991624407243109e-01 3.693455661504209786e+01 5.067950526043700776e-01 4.370202089651546995e-01 2.539799947223978904e+01
1.145536240925135507e+00 1.609836109919957348e-01 3.314739751696183134e+01 4.870530243913933077e-01 4.224044020419585599e-01 2.851797526372350333e+01
1.051273665343180230e+00 1.665051516302356316e-01 3.470403363107648431e+01 3.136074090252681801e-01 4.631402722666232430e-01 2.924902582717350796e+01
1.067704651131228699e+00 7.856779329758784014e-02 4.043485876680574620e+01 4.386393375299442177e-01 3.991458703214516568e-01 2.650499239048843592e+01
1.067704651131228699e+00 7.856779329758784014e-02 4.043485876680574620e+01 4.386393375299442177e-01 3.991458703214516568e-01 2.650499239048843592e+01
1.093848957908098107e+00 9.940724388575851445e-02 4.466266805716393407e+01 5.480824735559157723e-01 3.430656145177025662e-01 2.745767881516347941e+01
1.043537740438809314e+00 9.226142602721421060e-02 3.871269039151972891e+01 5.673890445379138336e-01 3.594412843987992434e-01 2.630711518872428911e+01
1.033361939655396577e+00 7.129108175356096977e-02 4.408859517511111648e+01 5.335945128855761332e-01 3.746263975756596309e-01 2.784375387023129278e+01
1.044561894673071034e+00 1.025109872076520601e-01 3.705845612812873213e+01 5.248094498074963310e-01 4.007015466292025985e-01 2.784293065861186278e+01
1.044561894673071034e+00 1.025109872076520601e-01 3.705845612812873213e+01 5.248094498074963310e-01 4.007015466292025985e-01 2.784293065861186278e+01
9.948987611663293595e-01 1.025566496836675667e-01 4.000973138918909910e+01 5.106521970775507180e-01 4.037779211959338088e-01 2.918917679841679558e+01
1.099328531883163818e+00 1.101859909256911324e-01 4.091119402503071711e+01 5.688798087392998859e-01 4.032864628687614639e-01 2.798791844559183772e+01
1.099328531883163818e+00 1.101859909256911324e-01 4.091119402503071711e+01 5.688798087392998859e-01 4.032864628687614639e-01 2.798791844559183772e+01
1.046906300791194733e+00 3.354196526879763551e-01 3.628440653238480706e+01 5.542025753757278128e-01 2.749610909950554460e-01 3.245635108539610059e+01
9.972596679858684032e-01 3.033248339639302293e-01 3.391051089714820677e+01 6.067959789349015587e-01 2.724431232173387674e-01 3.268801565656446684e+01
9.972596679858684032e-01 3.033248339639302293e-01 3.391051089714820677e+01 6.067959789349015587e-01 2.724431232173387674e-01 3.268801565656446684e+01
1.043904011124857201e+00 3.199850129977518387e-01 3.579336755412425219e+01 6.508498281278529696e-01 2.704652009642543042e-01 2.902709384428728967e+01
1.210875874590788603e+00 1.326412374680697170e-01 3.598100281374433251e+01 6.135532443772462319e-01 3.230242444314839756e-01 2.962700123532630059e+01
1.210875874590788603e+00 1.326412374680697170e-01 3.598100281374433251e+01 6.135532443772462319e-01 3.230242444314839756e-01 2.962700123532630059e+01
9.706069750078537561e-01 1.348421386652157161e-01 3.823960287687894777e+01 5.759447961576799058e-01 2.696589140845555566e-01 2.759852774087310934e+01
9.706069750078537561e-01 1.348421386652157161e-01 3.823960287687894777e+01 5.759447961576799058e-01 2.696589140845555566e-01 2.759852774087310934e+01
1.013164368696357398e+00 1.073054375217206979e-01 3.760257949360614305e+01 2.434968049395430101e-01 3.242378164839780363e-01 1.917783768053119076e+01
1.089445372627466213e+00 4.374854849829844933e-02 4.244555225945614296e+01 3.031224230440948131e-01 3.365603050908713145e-01 2.167484271809794549e+01
1.076060595194881397e+00 6.874735587589271557e-02 4.630472215215230136e+01 2.321263314810813327e-01 2.285760167889668570e-01 2.632656984282565205e+01
1.056597158483764565e+00 5.664651048064919120e-02 4.777704601332629863e+01 4.008395987970939656e-01 3.358312080257587762e-01 3.057152592873866581e+01
1.050991014512176358e+00 5.695092603682085086e-02 4.805485845732625450e+01 4.220524936025488172e-01 2.945239377353192634e-01 2.793852916715909984e+01
1.077309189755907504e+00 3.134842738940812196e-02 3.629578144135962958e+01 2.293688234906179069e-01 3.906948602100692725e-01 2.786890362513825892e+01
1.077309189755907504e+00 3.134842738940812196e-02 3.629578144135962958e+01 2.293688234906179069e-01 3.906948602100692725e-01 2.786890362513825892e+01
9.868672355966993104e-01 5.942536937778707812e-02 3.233855887496907400e+01 1.620121861438968691e-01 3.787414365998354460e-01 3.073067454637968154e+01
1.041522525120715192e+00 6.219754682610444813e-02 3.957992583484602278e+01 2.490314317148393242e-01 3.795730261510398829e-01 2.772085540613301546e+01
1.052737099126997977e+00 5.572402275303591640e-02 3.151959561997996673e+01 2.177170353276018377e-01 3.829852138431290021e-01 2.940035059431652797e+01
1.081288354830747256e+00 7.813853018133551376e-02 3.171638624007329454e+01 2.788700771680699964e-01 2.868159720362497556e-01 2.199661397714750777e+01
1.109848543283864508e+00 1.095250980823632564e-01 3.198264850351385391e+01 3.780936839702609964e-01 2.994886286243157447e-01 2.272732453481112103e+01
1.109848543283864508e+00 1.095250980823632564e-01 3.198264850351385391e+01 3.780936839702609964e-01 2.994886286243157447e-01 2.272732453481112103e+01
1.115445770568986195e+00 1.138452764143040724e-01 2.940248234776345981e+01 3.460660967750106010e-01 2.897975031131992951e-01 2.318282312322211425e+01
1.076538850826006311e+00 1.189140532432043235e-01 3.383552591524128417e+01 3.682311189222542414e-01 3.031398247587190342e-01 2.164915404075485839e+01
1.076538850826006311e+00 1.189140532432043235e-01 3.383552591524128417e+01 3.682311189222542414e-01 3.031398247587190342e-01 2.164915404075485839e+01
1.033979127033632039e+00 8.670584873841191698e-02 3.766626492097921641e+01 2.357522865463663742e-01 3.882125563769950882e-01 2.340571355616267724e+01
9.915485207618933705e-01 1.094092754632173259e-01 3.389599627318764163e+01 2.308272450688083344e-01 3.802896672038050263e-01 2.226331995082419013e+01
9.915485207618933705e-01 1.094092754632173259e-01 3.389599627318764163e+01 2.308272450688083344e-01 3.802896672038050263e-01 2.226331995082419013e+01
1.033370200851707610e+00 9.606413766992179248e-02 3.797880833659095856e+01 3.597243809536897485e-01 3.397801960438638358e-01 2.316807526695969344e+01
1.042268891158416366e+00 4.466960964639687254e-02 4.124222241324182647e+01 2.972214318623916940e-01 3.642823366832073084e-01 2.748888424582834844e+01
1.042268891158416366e+00 4.466960964639687254e-02 4.124222241324182647e+01 2.972214318623916940e-01 3.642823366832073084e-01 2.748888424582834844e+01
1.054631997906860352e+00 7.364499807888542915e-02 3.616789180081761401e+01 2.774670741662585982e-01 3.304377852180404029e-01 2.727944840436329343e+01
1.025318447936722777e+00 7.606452132271820932e-02 4.513020027521947952e+01 1.987087807879011070e-01 3.486077381377551965e-01 2.462207937057311113e+01
1.025318447936722777e+00 7.606452132271820932e-02 4.513020027521947952e+01 1.987087807879011070e-01 3.486077381377551965e-01 2.462207937057311113e+01
1.070108298072655062e+00 5.708634541192398465e-02 3.913595425805547023e+01 2.884191353636418320e-01 3.140616585821009998e-01 2.700257233847647242e+01
9.738341154067604588e-01 1.679627468940073642e-01 3.529586667989128301e+01 4.514114854228061247e-01 3.336669658342037992e-01 2.083114389354171792e+01
1.033994633142912178e+00 1.797310414374367338e-01 3.015089020246234952e+01 4.506715251854464532e-01 3.598141454195635802e-01 2.358437964329870340e+01
1.085160073367238187e+00 1.412704419843997528e-01 3.125814840491173641e+01 5.669420143579679827e-01 2.644165821828758367e-01 2.609899979577331663e+01
1.040540390513820412e+00 1.743979399386958451e-01 4.142517827730559077e+01 5.760916607028740977e-01 3.190975315416151314e-01 2.730071247760610831e+01
1.099639028691113296e+00 1.310512381082628020e-01 3.008748575158396577e+01 5.453230135877575879e-01 2.840847395024427291e-01 2.515682126806686369e+01
1.099639028691113296e+00 1.310512381082628020e-01 3.008748575158396577e+01 5.453230135877575879e-01 2.840847395024427291e-01 2.515682126806686369e+01
1.097511831357738332e+00 2.060493161672473650e-01 4.148499691795181121e+01 6.063866562543799299e-01 3.186947156322413321e-01 2.784611971863852631e+01
1.181206017273001008e+00 2.057873117789068562e-01 4.310882321034810616e+01 6.174902526784240564e-01 3.457641018494639340e-01 2.776235120696660985e+01
1.127379225773416538e+00 2.093137366555698209e-01 4.543932807187904643e+01 5.779393400923468205e-01 3.536500163322965351e-01 2.785731939783714850e+01
1.043295677484342932e+00 1.698217449701011905e-01 4.951166854385202498e+01 2.389992580459713856e-01 2.452968754526881900e-01 2.824441360645429455e+01
9.566765661277235600e-01 1.849818364464752840e-01 4.188314675944440069e+01 1.890946114089845365e-01 2.939714321868922564e-01 3.131230826998226036e+01
9.617641573730957294e-01 2.014822369915506006e-01 3.807170550563576228e+01 3.722753837900522611e-01 2.958978580005626746e-01 2.998170758081519693e+01
9.909469855547610173e-01 1.919247401093722716e-01 4.347606564616928893e+01 3.494214930197401814e-01 2.143392519229772586e-01 2.994462822015344372e+01
9.909469855547610173e-01 1.919247401093722716e-01 4.347606564616928893e+01 3.494214930197401814e-01 2.143392519229772586e-01 2.994462822015344372e+01
9.693967117345535511e-01 1.642048477488186609e-01 4.119368726333860309e+01 3.497977322245447995e-01 2.662373778002415370e-01 3.135762751990374753e+01
9.918487337624736222e-01 2.019035826394283972e-01 4.171873190863743019e+01 3.501024643470159736e-01 2.598707072451525990e-01 3.069012115194254875e+01
9.918487337624736222e-01 2.019035826394283972e-01 4.171873190863743019e+01 3.501024643470159736e-01 2.598707072451525990e-01 3.069012115194254875e+01
9.682613558718791147e-01 1.996778109717014249e-01 4.229947392891638458e+01 3.319466318136978789e-01 2.638215382415072807e-01 3.076343178588403049e+01
9.682613558718791147e-01 1.996778109717014249e-01 4.229947392891638458e+01 3.319466318136978789e-01 2.638215382415072807e-01 3.076343178588403049e+01
1.050681547298990326e+00 1.496823280806506840e-01 3.515831311432695827e+01 4.871172450588157621e-01 3.738962673067640075e-01 3.179492931819581614e+01
1.097758839642779982e+00 1.561028222755720674e-01 3.180155489285672488e+01 5.157726804096727236e-01 4.004729984413056831e-01 2.964253324892541386e+01
1.044736638705726861e+00 1.064952325294437757e-01 3.696076210630627656e+01 3.079751079421495508e-01 4.959647966540640107e-01 3.266776768488054472e+01
1.046587540782471848e+00 1.315031683416593988e-01 4.191601823876915489e+01 1.920480410269368443e-01 4.984040245778688649e-01 2.570018713041916314e+01
1.062211902280288278e+00 1.298041815114466813e-01 4.053910687450291306e+01 1.580771071602145583e-01 4.393299772459044461e-01 2.901359052901709745e+01
1.062211902280288278e+00 1.298041815114466813e-01 4.053910687450291306e+01 1.580771071602145583e-01 4.393299772459044461e-01 2.901359052901709745e+01
1.037059452353750411e+00 1.262485783389758198e-01 3.508616072568433708e+01 2.088423965526439996e-01 5.004419792058953931e-01 2.440295062924367642e+01
1.072930178949980329e+00 1.363784922732321492e-01 3.964848296886835755e+01 2.147740956102641707e-01 4.654367338047697422e-01 2.803896485321133625e+01
1.075168943657319076e+00 1.037231303409975325e-01 4.076245113060308967e+01 1.655722198680636970e-01 4.801914518323517900e-01 2.698803377196547260e+01
1.075168943657319076e+00 1.037231303409975325e-01 4.076245113060308967e+01 1.655722198680636970e-01 4.801914518323517900e-01 2.698803377196547260e+01
1.005678112211686237e+00 1.462441608335732224e-01 4.147998905632037747e+01 4.036147403936246048e-01 3.582950885611963510e-01 3.087451993947330564e+01
1.030653874271874049e+00 1.728580585840241157e-01 3.624116273364580820e+01 2.542260756723757620e-01 2.782054483850051052e-01 2.963523699990895466e+01
9.957298139722722263e-01 2.043633128298374124e-01 3.600286731810498253e+01 2.460695326517806647e-01 2.705482970860765279e-01 3.101653159046816910e+01
9.755730696428339677e-01 1.376344799037655386e-01 4.416129747770223446e+01 3.155424572858493981e-01 3.114030204155506798e-01 2.927219122162424725e+01
9.755730696428339677e-01 1.376344799037655386e-01 4.416129747770223446e+01 3.155424572858493981e-01 3.114030204155506798e-01 2.927219122162424725e+01
1.000666733874095993e+00 1.520379350831440601e-01 4.207719273829521711e+01 3.237222191055558751e-01 3.652192385789775342e-01 2.418185590515593475e+01
1.000666733874095993e+00 1.520379350831440601e-01 4.207719273829521711e+01 3.237222191055558751e-01 3.652192385789775342e-01 2.418185590515593475e+01
9.584374136455787729e-01 1.274121603653995405e-01 4.240632384536660737e+01 4.221483973824561309e-01 3.893183342484105580e-01 2.359360892155689271e+01
9.584374136455787729e-01 1.274121603653995405e-01 4.240632384536660737e+01 4.221483973824561309e-01 3.893183342484105580e-01 2.359360892155689271e+01
1.008479681040610920e+00 7.395884187358441053e-02 4.384390123158713237e+01 3.269182932087164040e-01 3.140039106243326383e-01 2.507607438443379522e+01
9.962729840741914034e-01 9.555677430824084662e-02 4.058621927563544318e+01 2.884478526558670319e-01 3.191516496501452527e-01 1.949599144210652213e+01
9.962729840741914034e-01 9.555677430824084662e-02 4.058621927563544318e+01 2.884478526558670319e-01 3.191516496501452527e-01 1.949599144210652213e+01
9.681314650811695399e-01 1.330667036600249042e-01 4.691519663679600427e+01 3.210544666477436748e-01 4.492664235204393841e-01 2.709451409106102915e+01
9.535175591325033562e-01 1.095300651777140755e-01 4.655143277806381263e+01 2.523593190053494140e-01 4.358740747226817480e-01 2.556391802866881946e+01
1.006034512545135984e+00 9.111019271298427535e-02 4.405540734276100778e+01 2.143311518780289804e-01 4.971605255998761130e-01 2.644902395981130638e+01
1.006034512545135984e+00 9.111019271298427535e-02 4.405540734276100778e+01 2.143311518780289804e-01 4.971605255998761130e-01 2.644902395981130638e+01
1.013283622533387440e+00 1.065183268991769377e-01 4.782209415391199769e+01 2.452784504274955479e-01 4.547839136080906730e-01 2.495911578237153705e+01
9.539548162230276906e-01 1.790541844910339409e-01 4.178192012193415650e+01 3.145911259257466175e-01 4.408349703043703549e-01 2.746282275137609474e+01
9.943683892550714276e-01 4.109788006807101740e-02 5.022982098331540968e+00 3.279054254583693706e-01 4.449403861755270029e-01 2.793456118278498224e+01
1.111125514639562661e+00 5.041337606018105044e-02 1.317384518745534017e+01 2.778627673051419222e-01 4.667734693988107031e-01 2.427294313142565585e+01
1.091706977709142379e+00 5.830645779094527359e-02 1.397505731306006993e+01 2.501707993243437178e-01 3.963541255867389923e-01 2.631807840423946487e+01
1.070918854191051262e+00 4.102292930078231536e-02 8.051459913616509922e+00 2.609925194956180250e-01 4.333788860885289806e-01 2.461080345553778059e+01
1.070918854191051262e+00 4.102292930078231536e-02 8.051459913616509922e+00 2.609925194956180250e-01 4.333788860885289806e-01 2.461080345553778059e+01
1.142262227667489416e+00 5.311217515981150883e-02 9.939493767793029733e+00 2.850097232828595617e-01 4.907303956567199421e-01 2.531235124490267907e+01
1.119057961387925682e+00 5.705394635756975280e-02 8.291884313576822763e+00 2.716458775753841093e-01 4.513340200863137919e-01 2.407384633611952296e+01
1.119057961387925682e+00 5.705394635756975280e-02 8.291884313576822763e+00 2.716458775753841093e-01 4.513340200863137919e-01 2.407384633611952296e+01
1.089977074089713893e+00 1.398657785246624763e-01 1.618754697972661205e+01 3.105446312198932857e-01 3.969711872174981337e-01 2.161937091074786110e+01
1.137761340639411367e+00 1.725675561790105672e-01 1.516985324899492227e+01 3.137814781968560895e-01 3.703581372007200279e-01 2.053510653782144146e+01
1.059804889875964218e+00 1.026546791802508546e-01 1.550902758995240305e+01 2.946209768533876727e-01 3.864056164025073681e-01 2.029124369323131916e+01
9.319627768064850937e-01 1.691205021333883896e-01 4.222265088445715975e+01 2.499330689319389787e-01 3.030780626822140444e-01 3.187953298012785197e+01
9.319627768064850937e-01 1.691205021333883896e-01 4.222265088445715975e+01 2.499330689319389787e-01 3.030780626822140444e-01 3.187953298012785197e+01
9.290120654165821001e-01 1.372740012822771249e-01 4.407745528097618859e+01 2.362750735146040559e-01 2.848421173116628125e-01 1.908910820033990419e+01
8.997596578524441613e-01 1.635545139176386997e-01 4.249296611078754893e+01 1.275620789361344987e-01 2.888895660661932041e-01 3.099936356149786221e+01
1.051401888905000748e+00 1.946018691825613378e-01 4.798688899950177955e+01 3.375385823317481049e-01 2.117314626737149263e-01 2.565561519747269514e+01
1.051401888905000748e+00 1.946018691825613378e-01 4.798688899950177955e+01 3.375385823317481049e-01 2.117314626737149263e-01 2.565561519747269514e+01
9.932116284528089700e-01 1.621554648632905216e-01 4.185513071887315562e+01 4.335172534508034969e-01 3.833927994089980085e-01 3.313493889988193786e+01
9.837288190242190478e-01 1.923709757420409838e-01 3.972986621663407192e+01 5.032103283071338584e-01 3.857656175372845553e-01 3.116543058070787708e+01
9.837288190242190478e-01 1.923709757420409838e-01 3.972986621663407192e+01 5.032103283071338584e-01 3.857656175372845553e-01 3.116543058070787708e+01
1.032965434364933932e+00 1.566435761356060885e-01 3.579853277087557473e+01 5.034954488605785095e-01 4.043870209873989818e-01 2.920362932108645282e+01
1.002326532967843020e+00 1.686267129361326833e-01 3.779613373629339890e+01 5.478260416520297493e-01 3.402550921342459844e-01 2.888632451045551974e+01
1.026051419773074347e+00 1.939527662322771961e-01 4.164225946096290443e+01 4.682212108489902658e-01 3.976834193251900795e-01 3.064514431604152733e+01
1.009011172488714969e+00 1.956505563888413790e-01 3.535130845114593967e+01 4.099438288850111300e-01 3.917609408496934842e-01 3.048128100895571180e+01
1.016947858163503193e+00 1.588773602733948853e-01 3.972771687528586426e+01 5.169062261709832518e-01 3.623590158836106356e-01 3.047787765139348792e+01
1.016947858163503193e+00 1.588773602733948853e-01 3.972771687528586426e+01 5.169062261709832518e-01 3.623590158836106356e-01 3.047787765139348792e+01
9.704737556269921184e-01 1.461045802227721735e-01 3.482032403518181241e+01 2.660554064358379711e-01 5.267448618306322938e-01 3.019699851038654970e+01
9.861628480897990379e-01 1.682319066409883879e-01 4.161903764352548762e+01 3.201914373034355776e-01 3.862922959357077968e-01 3.663194595421438748e+01
8.788470839002633372e-01 1.719741835722649326e-01 4.117987684465705200e+01 4.393412758798619921e-01 4.356976575711342670e-01 2.432533039891623616e+01
8.788470839002633372e-01 1.719741835722649326e-01 4.117987684465705200e+01 4.393412758798619921e-01 4.356976575711342670e-01 2.432533039891623616e+01
8.766753029067703151e-01 1.524408273990457141e-01 4.224100389572328851e+01 3.938780569957738287e-01 3.952058695989432158e-01 2.548891185400818316e+01
1.041451781473329730e+00 1.770864892869470630e-01 3.516348712718463787e+01 4.775377134886303332e-01 2.558134391841680455e-01 3.438973319402540341e+01
1.046352832991333193e+00 1.959820444304251896e-01 3.439761295084524306e+01 5.413237397504816473e-01 1.893398995505889415e-01 3.611701723491761129e+01
1.045109077067134296e+00 2.105011711727741708e-01 3.450652819499570256e+01 4.937170891868116196e-01 2.506266740499890067e-01 3.470745459317003423e+01
1.124694648603251856e+00 1.960354755644521940e-01 3.360496031170742981e+01 4.741482900196706818e-01 2.012346379009051500e-01 3.120633599886759413e+01
1.124694648603251856e+00 1.960354755644521940e-01 3.360496031170742981e+01 4.741482900196706818e-01 2.012346379009051500e-01 3.120633599886759413e+01
1.022533114222584638e+00 1.949850007065527246e-01 3.116987020642309858e+01 5.479415858842731080e-01 2.181334551571696423e-01 3.322659059795790171e+01
1.047344210247696195e+00 2.023526590645184919e-01 3.089870501371817824e+01 5.095535615301800547e-01 2.131324835273105400e-01 3.474430685467766722e+01
1.047344210247696195e+00 2.023526590645184919e-01 3.089870501371817824e+01 5.095535615301800547e-01 2.131324835273105400e-01 3.474430685467766722e+01
1.123014729350755969e+00 1.010550840721668731e-01 2.441781881487070294e+01 3.514271060286240367e-01 2.370666419497096666e-01 2.635837351622000568e+01
1.222799514730755988e+00 2.319245735715039919e-02 1.979591595238603929e+01 3.976002768636839324e-01 3.195612483276214499e-01 2.796038280781480978e+01
1.182499671394702689e+00 5.101471777319171313e-02 1.710976749064314006e+01 4.498374175851637680e-01 2.552265360875336508e-01 2.970119575652646660e+01
1.182499671394702689e+00 5.101471777319171313e-02 1.710976749064314006e+01 4.498374175851637680e-01 2.552265360875336508e-01 2.970119575652646660e+01
1.162596853048036172e+00 5.136981520839287163e-04 8.445772570503846666e+00 3.898965734601534394e-01 2.918642025645920013e-01 2.788373027113314606e+01
1.118064520751489210e+00 0.000000000000000000e+00 9.190612043494772010e+00 4.325761546690762849e-01 2.835042469690891576e-01 2.761789522369622318e+01
1.072059578235183164e+00 5.117894061918197568e-02 2.311559007414424372e+01 4.128983670271114681e-01 2.359099462463360719e-01 3.266813034574747121e+01
1.164879122240392029e+00 7.663341572684358172e-02 1.754551503594852946e+01 2.505490414792780896e-01 2.640453007670473529e-01 2.846835218768914544e+01
1.178898156653315876e+00 9.072030937117839255e-02 1.404121279590052396e+01 2.914947050616564228e-01 2.931454757690469259e-01 3.126965376615458325e+01
1.182165225364642636e+00 1.091037178400484087e-01 1.905665047597592832e+01 2.218692686238874501e-01 3.234673186520728994e-01 2.973177106585007934e+01
1.182165225364642636e+00 1.091037178400484087e-01 1.905665047597592832e+01 2.218692686238874501e-01 3.234673186520728994e-01 2.973177106585007934e+01
1.102434098669782925e+00 8.266280351546941019e-02 2.609355936638610274e+01 2.853470173999327897e-01 4.444920967068289319e-01 2.099008617830680379e+01
1.132739840358488292e+00 9.479236526981513200e-02 2.942400367020729846e+01 3.271932967556606675e-01 4.158174877405896308e-01 2.010419353485810134e+01
1.052467110945597861e+00 1.022008804471954968e-01 2.740390189862329606e+01 2.820351265297215693e-01 3.675973585528740095e-01 2.137030994191464472e+01
1.165218353122539519e+00 5.690771409155245819e-02 2.613421858989451962e+01 4.768181537849920937e-01 3.724265803688309728e-01 2.703442262553443243e+01
1.162514486147130377e+00 9.024766653135887773e-02 2.872580973366579826e+01 5.263558972217255993e-01 3.795143831945568258e-01 2.912747579911954432e+01
1.162514486147130377e+00 9.024766653135887773e-02 2.872580973366579826e+01 5.263558972217255993e-01 3.795143831945568258e-01 2.912747579911954432e+01
1.161446956378780149e+00 7.157426407151326608e-02 2.595983976743164590e+01 4.136092083616914605e-01 4.101689906509840000e-01 2.935623248799434748e+01
1.077357167005878136e+00 6.715546001445212021e-02 3.947939159089164463e+01 4.212353225548266522e-01 2.716200689053041017e-01 2.784499013173332571e+01
1.077357167005878136e+00 6.715546001445212021e-02 3.947939159089164463e+01 4.212353225548266522e-01 2.716200689053041017e-01 2.784499013173332571e+01
1.065583718230821875e+00 1.228526330400871516e-02 2.816995613878191307e+01 5.806208479066314876e-01 2.820760834528157068e-01 2.564303707278613942e+01
1.142370037894130830e+00 4.456092225246996441e-02 3.381806388806076313e+01 5.331624721778681630e-01 2.983515217496884309e-01 2.375347409006746346e+01
1.142370037894130830e+00 4.456092225246996441e-02 3.381806388806076313e+01 5.331624721778681630e-01 2.983515217496884309e-01 2.375347409006746346e+01
1.041922352909872007e+00 5.026589832891443371e-02 2.525289279348450933e+01 4.737542555793740062e-01 4.406686062789119118e-01 2.397655386946856026e+01
1.057848949659360827e+00 8.228590931526323649e-02 2.329288873034894181e+01 4.973383841052131382e-01 4.371265218156428767e-01 2.522636356670266622e+01
1.057848949659360827e+00 8.228590931526323649e-02 2.329288873034894181e+01 4.973383841052131382e-01 4.371265218156428767e-01 2.522636356670266622e+01
1.056959570214544453e+00 7.830046448718662455e-02 2.888162937877604719e+01 4.997249856356100750e-01 4.347801119139015902e-01 2.691202686058683113e+01
1.086896726849378991e+00 4.681985414079938707e-02 2.984569759296466529e+01 4.904598224080240487e-01 4.280923399687757147e-01 2.533963203583601498e+01
1.177428231377255052e+00 4.290255194297121211e-02 3.707629326215948851e+01 5.313395304637514860e-01 3.115901608052787375e-01 3.209139248289911706e+01
1.026409688022530409e+00 4.982826245503736012e-02 4.101374884309778679e+01 4.129841698877254053e-01 3.590123976835142838e-01 2.700239418202023600e+01
1.026409688022530409e+00 4.982826245503736012e-02 4.101374884309778679e+01 4.129841698877254053e-01 3.590123976835142838e-01 2.700239418202023600e+01
1.021084143160797764e+00 3.172730048557198534e-02 3.829804369233584538e+01 2.789508105989025877e-01 3.873196185936691460e-01 2.869053728800646041e+01
1.045200305804013574e+00 2.516997072325063284e-02 4.246144979498869532e+01 3.433821680872146120e-01 4.339161703045485430e-01 3.020349374796539621e+01
1.045200305804013574e+00 2.516997072325063284e-02 4.246144979498869532e+01 3.433821680872146120e-01 4.339161703045485430e-01 3.020349374796539621e+01
9.843871140785793727e-01 3.528024060640556209e-02 4.373168515752594487e+01 3.589832087845304387e-01 4.299473200997541156e-01 2.713712621974828210e+01
1.032951830556446016e+00 4.473839855934289012e-02 4.697457151945521048e+01 3.450904500782832063e-01 3.995137209848015347e-01 2.858194097268054534e+01
1.009880901706998735e+00 2.662605042376237421e-02 3.208850324352253125e+01 5.251331980157319945e-01 5.108330049493099434e-01 3.278751963016225091e+01
1.019003202981266343e+00 1.393747475222933685e-01 3.578996108004089649e+01 5.327952651182642496e-01 3.980070543911973235e-01 3.134734771929234043e+01
1.041833840515458354e+00 1.331684515558794746e-01 3.582991814440114098e+01 5.698681523282461692e-01 3.176410251202402835e-01 3.047624009982051518e+01
1.041833840515458354e+00 1.331684515558794746e-01 3.582991814440114098e+01 5.698681523282461692e-01 3.176410251202402835e-01 3.047624009982051518e+01
1.065374402977821822e+00 1.123627919978261308e-01 3.524221308463852154e+01 4.967731757986574292e-01 3.347944442447632341e-01 2.950327537918238363e+01
1.097669006760265464e+00 1.308253797705574706e-01 2.943270301192416127e+01 4.628413409431290648e-01 2.981027461070201445e-01 3.315284917025469014e+01
1.053388606714912745e+00 1.511190445629383705e-01 2.852730528942116806e+01 4.438940625526647255e-01 3.857636120359050347e-01 3.027300110715608739e+01
1.053388606714912745e+00 1.511190445629383705e-01 2.852730528942116806e+01 4.438940625526647255e-01 3.857636120359050347e-01 3.027300110715608739e+01
1.090074923695403264e+00 1.109377670280056322e-01 3.098076913416790390e+01 4.885315592403782770e-01 4.017152002372577080e-01 2.918595216265101655e+01
1.045530146316563602e+00 9.301911327731393619e-02 3.889598363845024664e+01 2.724613853240433481e-01 2.949355228147155783e-01 2.614940796666231648e+01
1.087128153332544089e+00 4.260510290312627402e-02 2.961250914229109199e+01 4.547811532996405282e-01 4.593650884670351653e-01 2.943692446199629842e+01
1.033492049249214118e+00 2.856467529493908128e-02 2.721176676385250559e+01 4.639246861828125179e-01 4.878491425781005253e-01 2.899915807017631053e+01
1.097275715050140210e+00 6.645968292907622477e-02 3.323744620444193743e+01 4.013339062351152786e-01 3.222928912453638106e-01 3.522683707243950124e+01
1.097275715050140210e+00 6.645968292907622477e-02 3.323744620444193743e+01 4.013339062351152786e-01 3.222928912453638106e-01 3.522683707243950124e+01
1.094653726817251371e+00 2.862351328650497920e-02 3.782554506184803245e+01 3.499486097629463943e-01 2.973293581045593492e-01 3.164162618261316595e+01
1.172946611743464151e+00 6.491361524632313640e-02 3.341574664835268749e+01 4.495186912601947804e-01 2.866871630864209486e-01 1.888700067363789259e+01
1.196877361963922581e+00 2.864146554543335610e-02 1.080184318962000667e+01 1.023171861007732830e-01 2.824977375659626366e-01 2.638665254246954817e+01
1.196877361963922581e+00 2.864146554543335610e-02 1.080184318962000667e+01 1.023171861007732830e-01 2.824977375659626366e-01 2.638665254246954817e+01
1.175108453145449428e+00 4.108795957534534110e-02 5.890277914021647021e+00 1.436701057974340834e-01 2.202776834032703634e-01 2.769546096327450257e+01
1.254679280625957905e+00 2.481789302034715164e-02 1.170627772200643690e+01 2.181068975133982069e-01 2.267783187041940152e-01 2.320295892193419718e+01
1.269898677224940320e+00 4.165993777785235302e-02 2.274487050561192092e+01 7.070700671037717655e-02 1.962079808271949000e-01 2.548486844641419324e+01
1.334442870038489160e+00 2.848363548976526327e-02 1.265927738085400733e+01 1.531058831321157609e-01 2.173339872837327102e-01 2.442530324919646034e+01
1.334442870038489160e+00 2.848363548976526327e-02 1.265927738085400733e+01 1.531058831321157609e-01 2.173339872837327102e-01 2.442530324919646034e+01
1.314579638320364730e+00 2.525034391302104914e-02 1.184103717007629264e+01 1.618694845443502395e-01 2.379534999464424372e-01 2.537264379620801691e+01
1.259991574392621771e+00 4.779678476339101201e-02 1.323281734223441042e+01 1.461115282551582184e-01 2.560411447733112467e-01 2.546853634237225705e+01
1.259991574392621771e+00 4.779678476339101201e-02 1.323281734223441042e+01 1.461115282551582184e-01 2.560411447733112467e-01 2.546853634237225705e+01
1.202228984316434213e+00 7.845128206857675257e-02 1.082780692302714520e+01 3.811708571623443897e-01 3.523089251966891045e-01 2.637188746262017247e+01
1.242005019255010723e+00 8.831510330005226672e-02 9.470482584985646213e+00 5.167254266207865765e-01 4.080493833953042770e-01 2.764493476869609268e+01
1.295181476691933398e+00 3.571644307007635494e-02 2.499521870044352312e+01 5.272647778818130293e-01 3.470263655465725683e-01 2.087424039090808492e+01
1.295181476691933398e+00 3.571644307007635494e-02 2.499521870044352312e+01 5.272647778818130293e-01 3.470263655465725683e-01 2.087424039090808492e+01
1.312085476424212471e+00 1.125862087246387241e-02 2.027479952566893573e+01 4.790469155702096193e-01 3.064789668557377778e-01 2.477478355590885428e+01
1.345282263754665308e+00 5.118807684150213089e-02 2.487820481720593335e+01 5.208683707031631638e-01 3.271838035791226340e-01 2.509409034846105158e+01
1.179461411494227674e+00 5.257827089443685431e-02 2.092317116381267184e+01 4.633525047178129741e-01 3.462198460810245182e-01 2.398134696364940055e+01
1.144702738220004790e+00 2.819885221318657598e-02 2.285862421922142929e+01 5.179759508777216359e-01 3.771516093291673033e-01 2.138400835412800305e+01
1.213734444009985980e+00 5.304646464369049824e-02 2.326442615718459450e+01 5.130964121330859884e-01 3.963639348110714056e-01 2.035422499247597017e+01
1.267739534041732119e+00 5.221430014265224934e-02 2.335866571577729900e+01 5.492840245237313734e-01 3.052459914933930984e-01 3.275898585309705169e+01
1.267739534041732119e+00 5.221430014265224934e-02 2.335866571577729900e+01 5.492840245237313734e-01 3.052459914933930984e-01 3.275898585309705169e+01
1.161688668588751083e+00 8.812504593277667442e-02 3.620761656546031304e+01 3.668914987747206591e-01 3.385520222580335470e-01 2.877870151788986774e+01
1.126808157359955764e+00 1.152438626922208526e-01 4.195640674058071795e+01 3.550808613223339072e-01 3.813931551283311627e-01 2.787737595628938081e+01
1.129304378089760252e+00 9.211750781332633808e-02 4.425263798234444579e+01 4.145891313511896881e-01 3.379561528556780936e-01 2.996446587555833219e+01
1.131076257544673780e+00 1.436682400364655554e-01 4.192859185042922832e+01 3.732034783446116499e-01 3.047836148614230245e-01 2.882034821482242393e+01
1.100224422784384926e+00 1.100206837106032648e-01 4.231687470111961602e+01 3.739114007845639742e-01 3.203959941904934161e-01 2.967041051921026451e+01
1.100224422784384926e+00 1.100206837106032648e-01 4.231687470111961602e+01 3.739114007845639742e-01 3.203959941904934161e-01 2.967041051921026451e+01
1.121815921654662596e+00 1.040824839917184746e-01 5.200000000000000000e+01 2.796821992718686034e-01 3.083496727661815817e-01 3.198220797498006718e+01
1.165039436165924647e+00 7.369457008796100050e-02 3.398148279473749511e+01 5.301506142033688418e-01 1.863483196291011446e-01 3.115099782435008180e+01
1.165039436165924647e+00 7.369457008796100050e-02 3.398148279473749511e+01 5.301506142033688418e-01 1.863483196291011446e-01 3.115099782435008180e+01
1.168521585773502292e+00 6.761181230747892457e-02 3.782898314854932664e+01 4.527477307899644976e-01 1.837600468058320780e-01 3.432604287465913018e+01
1.130993456397281216e+00 1.165839368251766206e-01 4.213843757766466780e+01 4.122084344226452091e-01 1.401153373658686196e-01 3.468776911777275274e+01
1.130993456397281216e+00 1.165839368251766206e-01 4.213843757766466780e+01 4.122084344226452091e-01 1.401153373658686196e-01 3.468776911777275274e+01
1.199091590365029436e+00 7.096871646175889614e-02 4.010226118892023806e+01 4.920846557799099519e-01 1.057511598425818489e-01 3.135658995793281534e+01
1.096694296140881431e+00 1.747528084250633273e-01 3.508735375971730264e+01 3.262298894947608940e-01 2.672897514752426429e-01 3.534491510603517384e+01
1.096694296140881431e+00 1.747528084250633273e-01 3.508735375971730264e+01 3.262298894947608940e-01 2.672897514752426429e-01 3.534491510603517384e+01
1.158038520190177056e+00 1.133848755624326382e-01 3.950772129650629694e+01 3.549058585223134332e-01 3.072470284621212633e-01 3.563764993387270152e+01
1.158038520190177056e+00 1.133848755624326382e-01 3.950772129650629694e+01 3.549058585223134332e-01 3.072470284621212633e-01 3.563764993387270152e+01
1.166314206630159500e+00 1.224177502678573531e-01 3.392301973808974935e+01 3.319744634612765144e-01 2.552274068006191721e-01 3.702255310268943589e+01
1.150782675253721132e+00 1.619503133707853038e-01 3.367383586249463434e+01 4.304218833865737226e-01 2.625842123572212361e-01 3.809018659176047095e+01
1.150782675253721132e+00 1.619503133707853038e-01 3.367383586249463434e+01 4.304218833865737226e-01 2.625842123572212361e-01 3.809018659176047095e+01
1.126035203555573183e+00 1.443954488336555153e-01 3.169963347148050303e+01 3.249717025937399195e-01 2.710507112783892003e-01 3.369466987032133432e+01
1.155853562208715601e+00 1.654080990656613126e-01 3.404871539494423160e+01 2.758961826854854360e-01 3.063943674970893150e-01 3.430545154552724085e+01
1.155853562208715601e+00 1.654080990656613126e-01 3.404871539494423160e+01 2.758961826854854360e-01 3.063943674970893150e-01 3.430545154552724085e+01
1.130772352410521320e+00 1.582527151349361894e-01 3.603270159341354173e+01 3.126072509482499262e-01 3.168313820692268412e-01 3.403453201773625381e+01
8.114921280947346993e-01 2.866242917418364566e-01 3.798895714450745942e+01 2.485537668011198187e-01 5.590741223796696913e-01 2.916506047356094911e+01
8.114921280947346993e-01 2.866242917418364566e-01 3.798895714450745942e+01 2.485537668011198187e-01 5.590741223796696913e-01 2.916506047356094911e+01
8.156334489501377849e-01 2.549827918682688876e-01 3.725965221000394934e+01 3.151484880738965599e-01 5.880313290198898590e-01 3.114717405249630389e+01
8.081091646518371308e-01 2.767103121443734159e-01 3.572571185331837995e+01 3.427713735723524335e-01 5.884105233552868741e-01 3.226632188814758706e+01
9.068933235845558771e-01 2.660839943373469740e-01 3.465654083991751122e+01 2.719691294110315738e-01 5.820116104805824753e-01 3.371078019409060289e+01
9.068933235845558771e-01 2.660839943373469740e-01 3.465654083991751122e+01 2.719691294110315738e-01 5.820116104805824753e-01 3.371078019409060289e+01
8.213701874967015426e-01 2.430454036025820330e-01 3.175488417356966409e+01 3.167829734030035427e-01 5.674598843240706847e-01 3.199223043520920484e+01
8.633564056766400707e-01 2.766554936827524402e-01 3.429662553621309229e+01 2.652481130701065393e-01 5.664653056954459531e-01 3.239521273969402415e+01
9.803358893356103332e-01 2.257071308157484746e-01 4.867862624864013554e+01 2.871416176627654138e-01 2.989031613620239947e-01 2.521121984337609234e+01
1.044770460940178669e+00 7.921440333410421919e-02 3.340238614555436669e+01 3.053291777258846373e-01 3.797713925263355716e-01 3.087068828408051147e+01
1.059993063044598394e+00 1.972747795220537448e-01 3.168171872859310767e+01 3.809866492150979500e-01 2.266960358559753363e-01 3.625537947331123689e+01
1.031633319974383012e+00 1.995596384859816552e-01 4.363774360362110372e+01 3.697736994008573586e-01 2.217701420896651676e-01 3.675061076173012253e+01
1.074367717490100516e+00 2.225987289062091035e-01 3.685406028093219533e+01 3.017689393484480620e-01 2.249684043792513355e-01 3.990505960825199594e+01
1.024784186860935531e+00 1.386953092933791432e-01 3.366011244346874776e+01 4.705549954140402225e-01 2.617137118023814546e-01 3.312298526612089233e+01
1.024784186860935531e+00 1.386953092933791432e-01 3.366011244346874776e+01 4.705549954140402225e-01 2.617137118023814546e-01 3.312298526612089233e+01
1.149526674737533893e+00 6.701191563950524566e-02 2.283610926573693334e+01 2.563121049499067494e-01 2.471789500053612754e-01 2.549855415604356423e+01
1.038423785911464226e+00 5.686937303423276330e-02 3.702310934725743152e+01 1.520871900807356791e-01 3.567154088758262009e-01 2.426100601429642722e+01
1.038423785911464226e+00 5.686937303423276330e-02 3.702310934725743152e+01 1.520871900807356791e-01 3.567154088758262009e-01 2.426100601429642722e+01
1.029260178970351269e+00 5.291703573991626830e-02 3.465232540660198168e+01 1.593975844769773276e-01 3.594269356505253032e-01 2.748580797297836043e+01
1.029260178970351269e+00 5.291703573991626830e-02 3.465232540660198168e+01 1.593975844769773276e-01 3.594269356505253032e-01 2.748580797297836043e+01
9.665666136464389213e-01 6.146073077754703878e-03 3.799188707353404482e+01 2.652472128862514711e-01 4.188755344562101746e-01 2.682339981175748989e+01
1.174085729916179321e+00 6.706257376633320555e-02 1.508075788856074162e+01 2.879912023166934509e-01 3.631489200244341076e-01 2.821524462370970809e+01
1.100198746590692611e+00 7.663511174108438018e-02 1.872068844753287209e+01 2.984009889275128780e-01 3.935591990347776514e-01 2.753220888000686983e+01
1.148717570647048269e+00 2.366990187098905879e-02 3.615534774047431910e+01 3.675630545783984404e-01 2.882093769580476028e-01 2.433223244260969764e+01
1.080187961862260293e+00 8.933505415534614968e-03 2.602278274017411164e+01 3.175571102571647653e-01 3.189776945687600174e-01 2.971944572709298527e+01
1.080187961862260293e+00 8.933505415534614968e-03 2.602278274017411164e+01 3.175571102571647653e-01 3.189776945687600174e-01 2.971944572709298527e+01
1.061647079987558806e+00 4.720536921320112045e-02 2.939777538569070714e+01 2.964621964783822339e-01 2.855501331991081582e-01 2.908718619641587466e+01
1.099071131883106123e+00 5.456902484463815872e-02 2.443802720653910043e+01 3.413728722245040759e-01 3.101787334739507518e-01 2.936300832216550916e+01
1.099071131883106123e+00 5.456902484463815872e-02 2.443802720653910043e+01 3.413728722245040759e-01 3.101787334739507518e-01 2.936300832216550916e+01
1.086684286636603325e+00 0.000000000000000000e+00 2.386007293264468743e+01 3.825504021265668242e-01 2.869756476971178638e-01 3.392911462470159023e+01
1.086684286636603325e+00 0.000000000000000000e+00 2.386007293264468743e+01 3.825504021265668242e-01 2.869756476971178638e-01 3.392911462470159023e+01
1.146905222833835003e+00 6.116642892905867906e-02 2.343494290957608683e+01 2.877507010256736830e-01 3.277396882155619862e-01 2.798872596422386749e+01
1.179555609396464533e+00 6.763950510824445761e-02 3.029779761319111486e+01 3.052985983706828499e-01 3.453881449128310965e-01 2.958148375852968215e+01
1.158011602568752352e+00 8.042360848978125087e-02 1.914904714999833857e+01 2.561749926931131682e-01 3.204273056833463196e-01 2.923981673979636753e+01
1.158011602568752352e+00 8.042360848978125087e-02 1.914904714999833857e+01 2.561749926931131682e-01 3.204273056833463196e-01 2.923981673979636753e+01
1.114964871395590862e+00 5.988516485919239546e-02 1.721755497471485796e+01 2.690120631625462777e-01 3.654631274699840504e-01 2.999178672511139965e+01
1.114964871395590862e+00 5.988516485919239546e-02 1.721755497471485796e+01 2.690120631625462777e-01 3.654631274699840504e-01 2.999178672511139965e+01
1.146057605871264817e+00 3.954182990989740104e-02 1.441930567885736991e+01 2.350491678333176404e-01 3.740975509540365174e-01 2.722248011510718513e+01
1.188373689142042444e+00 7.942646494705216109e-02 1.698134324753732116e+01 2.269504101687512265e-01 3.452531934265293256e-01 3.023235127706248093e+01
1.188373689142042444e+00 7.942646494705216109e-02 1.698134324753732116e+01 2.269504101687512265e-01 3.452531934265293256e-01 3.023235127706248093e+01
8.861835471146083387e-01 2.107688071955650666e-01 4.433463871597076178e+01 4.281868926855837976e-01 2.657707331795024497e-01 1.905668556800509705e+01
1.025228679910189067e+00 4.147497499541549781e-02 1.807513602913523698e+01 1.796182548026108716e-01 3.749397105800490460e-01 3.043533942223171707e+01
9.455839189970633996e-01 2.775956678025247593e-01 3.685816723975354137e+01 4.857494261233498700e-01 3.874010712143177715e-01 3.438086670084638286e+01
8.993719811607513437e-01 1.588298521733066682e-01 4.252341248275980945e+01 3.635225171297376545e-01 3.542699067913458455e-01 3.310765586407989503e+01
9.478488758498117006e-01 1.398184257131789010e-01 3.939254899578723723e+01 3.283006470607334193e-01 2.509457099938354196e-01 3.255769431260218028e+01
1.042838015908452931e+00 1.125403418720040544e-01 4.473982765397303751e+01 3.577218568037716095e-01 3.228697752592133985e-01 3.073811036642959849e+01
1.006014413393000684e+00 1.190022013290685243e-01 4.773906965811623593e+01 4.162159807149776736e-01 4.947445478505159144e-01 3.494208055073033847e+01
1.006014413393000684e+00 1.190022013290685243e-01 4.773906965811623593e+01 4.162159807149776736e-01 4.947445478505159144e-01 3.494208055073033847e+01
1.036666014729669572e+00 2.086026755315585623e-01 4.141480333817766990e+01 3.993557515343397757e-01 4.117443399690478567e-01 3.175483328010681205e+01
1.014650326318737861e+00 1.644838350475228417e-01 4.443635359484246550e+01 4.790388581720874117e-01 4.025746852877538084e-01 3.206038715901458147e+01
1.014650326318737861e+00 1.644838350475228417e-01 4.443635359484246550e+01 4.790388581720874117e-01 4.025746852877538084e-01 3.206038715901458147e+01
1.003028618359819157e+00 2.018463754444843328e-01 4.703371838080617806e+01 4.611715169584516549e-01 3.856712057204105815e-01 3.156113385457360110e+01
9.585382488805249679e-01 2.135276864865301993e-01 3.559872131233711912e+01 4.436636785114548842e-01 3.367314924832979228e-01 3.071777549671874041e+01
9.585382488805249679e-01 2.135276864865301993e-01 3.559872131233711912e+01 4.436636785114548842e-01 3.367314924832979228e-01 3.071777549671874041e+01
1.096522848928472627e+00 1.572977596852943583e-01 3.252605011219500852e+01 4.728699851804307741e-01 3.771006518575489297e-01 3.156108215261889782e+01
1.096522848928472627e+00 1.572977596852943583e-01 3.252605011219500852e+01 4.728699851804307741e-01 3.771006518575489297e-01 3.156108215261889782e+01
1.103167861752440526e+00 1.367529492593731466e-01 4.077272611468844588e+01 5.505681819313906766e-01 3.837588036160392013e-01 3.037540923880981225e+01
1.076263239476125122e+00 1.617195383623658556e-01 4.603865306585887396e+01 5.486121897024315297e-01 3.836426611963129063e-01 3.341146633440941116e+01
1.055661235792719976e+00 1.218261457121466440e-01 3.450623862318978041e+01 4.902705821883611148e-01 3.692728298131617848e-01 3.294850000818829017e+01
1.055661235792719976e+00 1.218261457121466440e-01 3.450623862318978041e+01 4.902705821883611148e-01 3.692728298131617848e-01 3.294850000818829017e+01
1.099153396741273880e+00 1.520519354342887153e-01 4.089924652217891321e+01 5.379338399619395528e-01 4.246806582066736113e-01 3.173273386557078268e+01
8.952919311504760058e-01 1.059992951223818064e-01 3.708756983205108781e+01 5.493114988996437853e-02 3.473113313190820395e-01 2.626728973476021878e+01
9.389410010199742418e-01 9.726949998761230676e-02 3.181992048219353109e+01 7.115592651676821978e-02 4.030593425283713338e-01 2.803467672396169519e+01
1.026360306247408483e+00 8.744376942054861435e-02 3.359193990394416574e+01 2.358865772421439022e-01 2.754562290296066474e-01 2.941009674039446509e+01
1.049023474762578623e+00 2.078112569369763157e-02 3.455164326351209070e+01 3.065133688185605054e-01 5.389613359687872585e-01 2.784246120477497755e+01
9.779558060458619639e-01 1.130957520659461452e-01 3.433640429399686411e+01 2.921455209959229471e-01 4.398337289553843066e-01 3.122833690613775204e+01
9.581039173093612860e-01 9.880708862747238086e-02 3.249900748832246222e+01 3.221645685445069796e-01 4.527118756952692169e-01 3.083354597920388329e+01
9.229953651502171841e-01 1.422621421177955314e-01 3.259922463395660941e+01 3.000084032507938092e-01 4.454707820853004430e-01 3.312242770981754347e+01
1.003536404929145753e+00 0.000000000000000000e+00 2.902346002477166209e+01 1.685324875950852397e-01 5.538122217897879507e-01 2.890379576771875136e+01
9.538735848179910048e-01 1.895369304167089999e-02 2.417023924326272777e+01 1.723139779593259313e-01 5.547810119442292409e-01 2.683036315163833763e+01
1.005542594146738855e+00 0.000000000000000000e+00 2.656773762835630137e+01 1.788460800248508897e-01 6.118360364190114087e-01 2.841720757547345855e+01
9.823356017373047200e-01 9.107249553383475749e-03 2.884410735340624754e+01 1.588249123216897429e-01 5.744084082533212898e-01 2.872988409968777646e+01
1.027901987802600337e+00 0.000000000000000000e+00 3.411158548873986973e+01 1.657195354911228935e-01 5.387354316280736910e-01 2.681607117826118269e+01
1.027901987802600337e+00 0.000000000000000000e+00 3.411158548873986973e+01 1.657195354911228935e-01 5.387354316280736910e-01 2.681607117826118269e+01
9.755623974017363365e-01 2.821091535779469972e-02 3.802723408875944244e+01 9.856547611088740946e-02 4.656205926329686218e-01 2.329760152613754087e+01
1.038039211528195782e+00 8.984534934122648253e-02 2.063129149512628047e+01 1.882190114318267327e-01 4.598895205957418408e-01 2.166911751850010148e+01
1.029764793317843763e+00 1.009379819577532478e-01 2.294178462360818926e+01 1.231821554601948143e-01 4.444077164035523109e-01 2.222050797760779162e+01
1.057671123867541141e+00 1.080597504091335426e-01 2.465571786730989956e+01 1.726982239233503247e-01 4.098775821307613088e-01 2.468264068378673315e+01
1.047210534450018216e+00 2.607129260261439527e-02 3.127784511916784282e+01 1.954747429983944573e-01 4.468491762242248755e-01 2.352110371177311876e+01
1.077454062045724692e+00 4.309829151655025087e-02 3.048567448782539913e+01 2.305861203967560780e-01 4.420179363110446347e-01 2.859205486137733843e+01
1.089526411873853018e+00 6.454118396604824337e-02 3.483187566271094937e+01 2.122592885800895779e-01 4.515395895509932700e-01 2.712510776321321515e+01
8.911100250730039640e-01 1.312115354857958938e-01 4.201405311689535438e+01 1.327509014406760002e-01 4.270210795256429437e-01 2.705998185115287669e+01
9.053225364338874925e-01 1.286848035506481802e-01 4.197213435068658072e+01 7.234736819533553465e-02 3.757421083366802028e-01 2.788479827223454777e+01
8.628451381209485405e-01 1.317842421110383688e-01 4.407508012857417867e+01 5.701603286471660509e-02 4.097679932818545367e-01 2.882374168494968814e+01
9.963225536781430414e-01 5.275591300731616307e-02 3.525183599739114015e+01 3.826866920562798646e-01 4.368355690514166834e-01 3.288753295459602555e+01
9.649630830071969090e-01 4.544676163033573024e-02 2.940026492585670326e+01 4.150849056556735195e-01 4.739100483825494092e-01 3.274684665163437813e+01
9.835494721119473205e-01 7.918506439966015165e-02 3.463696361432398163e+01 3.097205208479607563e-01 4.039952011545087096e-01 2.611598900171753357e+01
9.139971099549358824e-01 1.063227621285560698e-01 3.759707292882428220e+01 3.255708355763481388e-01 3.992669615925177884e-01 3.177339783744984558e+01
9.139971099549358824e-01 1.063227621285560698e-01 3.759707292882428220e+01 3.255708355763481388e-01 3.992669615925177884e-01 3.177339783744984558e+01
9.467077840225377461e-01 1.299439635241702307e-01 3.380174822432579163e+01 4.315088047231391832e-01 4.202327231964011478e-01 3.174916170500326729e+01
9.467077840225377461e-01 1.299439635241702307e-01 3.380174822432579163e+01 4.315088047231391832e-01 4.202327231964011478e-01 3.174916170500326729e+01
9.433670442613526497e-01 1.824651444562173097e-01 3.488968007167612484e+01 3.552768240085146800e-01 4.060284161081793020e-01 3.077283103665223507e+01
9.775398662425104357e-01 7.350911520899967855e-02 3.795011081103469763e+01 3.980285623079515833e-01 3.733736709187533975e-01 2.929385527544565448e+01
9.775398662425104357e-01 7.350911520899967855e-02 3.795011081103469763e+01 3.980285623079515833e-01 3.733736709187533975e-01 2.929385527544565448e+01
9.304763277306755676e-01 1.371301302163117075e-01 4.005324498847906511e+01 3.485424287092919737e-01 3.756448512260506800e-01 2.860916171592698731e+01
9.304763277306755676e-01 1.371301302163117075e-01 4.005324498847906511e+01 3.485424287092919737e-01 3.756448512260506800e-01 2.860916171592698731e+01
9.352412980817447208e-01 0.000000000000000000e+00 3.806658463015311611e+01 3.450454994726985247e-01 4.363618777704436624e-01 3.046748151176934272e+01
9.717401640267412377e-01 6.169255343465487873e-02 2.859462821572713764e+01 2.999446459922191499e-01 4.696974195858410472e-01 3.168756744065823838e+01
9.996747197135341656e-01 5.357739747115823625e-02 3.718906560060359112e+01 2.433655278603596150e-01 4.676573879884355911e-01 3.452508842878581419e+01
1.042413586989080043e+00 5.844410863427126207e-02 3.125845499745966549e+01 2.825332501748695768e-01 4.066258926368261362e-01 2.998021410747774951e+01
1.042413586989080043e+00 5.844410863427126207e-02 3.125845499745966549e+01 2.825332501748695768e-01 4.066258926368261362e-01 2.998021410747774951e+01
1.066729789682680840e+00 7.640975367888373782e-02 3.285097076165724417e+01 3.139106356345524595e-01 4.115331473777696369e-01 3.264711989812430915e+01
1.066729789682680840e+00 7.640975367888373782e-02 3.285097076165724417e+01 3.139106356345524595e-01 4.115331473777696369e-01 3.264711989812430915e+01
1.094929621373620154e+00 7.889008040309730685e-02 3.187222055258077447e+01 2.920495577280581845e-01 4.107571053091307323e-01 3.184253101210730108e+01
1.049362113952610587e+00 8.238474953293523084e-02 3.223743205986054505e+01 2.694637126947493910e-01 3.642017399898884178e-01 3.282224909220490616e+01
1.049362113952610587e+00 8.238474953293523084e-02 3.223743205986054505e+01 2.694637126947493910e-01 3.642017399898884178e-01 3.282224909220490616e+01
1.076261432256324868e+00 6.939937505449086941e-02 2.987428156352328656e+01 3.229419577851194711e-01 3.935558657629958379e-01 2.921716028127556797e+01
1.076261432256324868e+00 6.939937505449086941e-02 2.987428156352328656e+01 3.229419577851194711e-01 3.935558657629958379e-01 2.921716028127556797e+01
9.989722275412301622e-01 6.719865124191141958e-02 2.536428213900878248e+01 1.580541753369371083e-01 4.383988088406672867e-01 2.915922707035423400e+01
1.027095642657941177e+00 3.876038988131986357e-02 3.452459295573714826e+01 2.976498491989982842e-01 3.385573180357262513e-01 3.118513698131296508e+01
1.025487555000489381e+00 0.000000000000000000e+00 3.023018649418669668e+01 2.333860087463424660e-01 3.510834773910951889e-01 3.189487726455990568e+01
1.025487555000489381e+00 0.000000000000000000e+00 3.023018649418669668e+01 2.333860087463424660e-01 3.510834773910951889e-01 3.189487726455990568e+01
9.836946335311639311e-01 1.879153713045360330e-02 2.519911035456549087e+01 2.902689815143565943e-01 3.500753340336576480e-01 3.140461635456307832e+01
9.767647511267070204e-01 6.801206599940238726e-03 2.689957929089026578e+01 1.853337997216294442e-01 3.459351870819971642e-01 3.033760137618566688e+01
9.767647511267070204e-01 6.801206599940238726e-03 2.689957929089026578e+01 1.853337997216294442e-01 3.459351870819971642e-01 3.033760137618566688e+01
9.880653721247143473e-01 1.427833613456987866e-02 3.531480715494635092e+01 1.992815576610235673e-01 3.598182094843198620e-01 3.013570142933020080e+01
9.970879999917467984e-01 0.000000000000000000e+00 3.349734673825567910e+01 1.988063840852008768e-01 3.635159142829581524e-01 3.158431062050601668e+01
9.970879999917467984e-01 0.000000000000000000e+00 3.349734673825567910e+01 1.988063840852008768e-01 3.635159142829581524e-01 3.158431062050601668e+01
9.586969921990652344e-01 2.071537224730156737e-02 2.521986314926888895e+01 1.864193857475301419e-01 3.555145799211633095e-01 3.104863678406463379e+01
1.050703309002321673e+00 4.880517801748310291e-02 2.665375323507145211e+01 1.635756293215442636e-01 3.767777934643180560e-01 3.135296805875120185e+01
1.050703309002321673e+00 4.880517801748310291e-02 2.665375323507145211e+01 1.635756293215442636e-01 3.767777934643180560e-01 3.135296805875120185e+01
9.703690292931863581e-01 0.000000000000000000e+00 2.863956122485755529e+01 2.368352615777005177e-01 3.689862794598022244e-01 3.057043466463338532e+01
9.703690292931863581e-01 0.000000000000000000e+00 2.863956122485755529e+01 2.368352615777005177e-01 3.689862794598022244e-01 3.057043466463338532e+01
9.853567852378252168e-01 0.000000000000000000e+00 2.818107178709035310e+01 2.221283967451305463e-01 3.325834012267716022e-01 3.140418344869614486e+01
9.655737156044912339e-01 1.540423504617727257e-02 3.495338934398908037e+01 2.826584327951339182e-01 3.664142264904102775e-01 2.961595094846574128e+01
9.391095437415688529e-01 1.557643139066350064e-03 3.845086549503148632e+01 2.960356899859803437e-01 2.980800207097775711e-01 2.526015706261438609e+01
1.063715169363010915e+00 0.000000000000000000e+00 2.933445596016606771e+01 2.312246463624351989e-01 3.312067768147765046e-01 2.779990750300752467e+01
1.063715169363010915e+00 0.000000000000000000e+00 2.933445596016606771e+01 2.312246463624351989e-01 3.312067768147765046e-01 2.779990750300752467e+01
1.097099629003888799e+00 0.000000000000000000e+00 2.513041789496318046e+01 2.496722462772858753e-01 3.330483139881253996e-01 3.282769398958740936e+01
1.077790419338577221e+00 0.000000000000000000e+00 2.423064521198317323e+01 2.591309946881799608e-01 3.315473806063890527e-01 3.069532145206007456e+01
1.077790419338577221e+00 0.000000000000000000e+00 2.423064521198317323e+01 2.591309946881799608e-01 3.315473806063890527e-01 3.069532145206007456e+01
1.093737063402896892e+00 1.795042458382607384e-02 2.130186730114542826e+01 2.745347175486007041e-01 2.948784620153591107e-01 3.288251418866693854e+01
1.093737063402896892e+00 1.795042458382607384e-02 2.130186730114542826e+01 2.745347175486007041e-01 2.948784620153591107e-01 3.288251418866693854e+01
1.116052474229057401e+00 3.224720565370557158e-04 2.685761749858419378e+01 2.399540433671817075e-01 3.361158257575315167e-01 3.108894150158787184e+01
1.079683866751114163e+00 0.000000000000000000e+00 3.081632107037892965e+01 2.345951627553244379e-01 3.057488948396377970e-01 2.741083250831349005e+01
1.079683866751114163e+00 0.000000000000000000e+00 3.081632107037892965e+01 2.345951627553244379e-01 3.057488948396377970e-01 2.741083250831349005e+01
9.501233593654192511e-01 1.100509497972676359e-01 3.459259272983825184e+01 1.370308624104841499e-01 2.867260965121028460e-01 3.268238512575462806e+01
9.501233593654192511e-01 1.100509497972676359e-01 3.459259272983825184e+01 1.370308624104841499e-01 2.867260965121028460e-01 3.268238512575462806e+01
9.291829795178051521e-01 9.450225219601958437e-02 3.807235125185584934e+01 9.612311211130009081e-02 2.739734519226039167e-01 3.063362858363301555e+01
9.540293119913209052e-01 1.181129433545476948e-01 3.690652017678959851e+01 1.159963306962162044e-01 2.893017992188416931e-01 3.357859052368482367e+01
9.540293119913209052e-01 1.181129433545476948e-01 3.690652017678959851e+01 1.159963306962162044e-01 2.893017992188416931e-01 3.357859052368482367e+01
9.729779402289466805e-01 1.185555187246045139e-01 3.394176485792568343e+01 1.361100707063907511e-01 3.158042498596707603e-01 3.248517722849876321e+01
9.729779402289466805e-01 1.185555187246045139e-01 3.394176485792568343e+01 1.361100707063907511e-01 3.158042498596707603e-01 3.248517722849876321e+01
9.916874610622751218e-01 1.377613350772301515e-01 1.942031931416719814e+01 1.660071966505989594e-01 4.271656955886554696e-01 2.811805868200273650e+01
1.032275987601322109e+00 1.215878200370066609e-01 2.752470521030764417e+01 1.678102086335555299e-01 4.737530882826728185e-01 2.774310171342359510e+01
1.050070735800171073e+00 1.103834760588120328e-01 2.682215433098756918e+01 1.441340595661240176e-01 3.702054882723441187e-01 2.878045074659528879e+01
1.060111989007644473e+00 2.147712322740192442e-02 3.411151590181212612e+01 2.035637646380660803e-01 3.678424445757914607e-01 3.194094838412551240e+01
1.060111989007644473e+00 2.147712322740192442e-02 3.411151590181212612e+01 2.035637646380660803e-01 3.678424445757914607e-01 3.194094838412551240e+01
1.058242050306638982e+00 1.439504265313422925e-02 3.779660049306885128e+01 2.043834800922232076e-01 3.700330942452764726e-01 3.169301756802918746e+01
1.066837556921067520e+00 4.449813614813776658e-02 2.871892292831664051e+01 2.027728999138458943e-01 3.704894543243045790e-01 3.187417223640812836e+01
1.066837556921067520e+00 4.449813614813776658e-02 2.871892292831664051e+01 2.027728999138458943e-01 3.704894543243045790e-01 3.187417223640812836e+01
9.634638485344184655e-01 3.248657231433105946e-02 3.128151401678103127e+01 1.553887933670013433e-01 3.733916426075964967e-01 3.260239050054824617e+01
9.948968545847095557e-01 3.522574025409586085e-02 2.638408443674657633e+01 1.878852893522641732e-01 4.265815098230736901e-01 3.465980293384426147e+01
9.529580751164881125e-01 3.812945583817233669e-02 3.378919031985498123e+01 0.000000000000000000e+00 4.689072667603816358e-01 2.670950012147613606e+01
9.770643433182746307e-01 2.654802524710911729e-02 3.272643093092482758e+01 4.463138641025275744e-02 5.312380628271267113e-01 3.188722605349328276e+01
9.770643433182746307e-01 2.654802524710911729e-02 3.272643093092482758e+01 4.463138641025275744e-02 5.312380628271267113e-01 3.188722605349328276e+01
1.062951167590521884e+00 5.346405690157980672e-02 3.652744246990815213e+01 3.864865126949382917e-02 5.305191028000880715e-01 3.533615634649888193e+01
9.594653591598755193e-01 3.119169649470569100e-02 3.448294240844106184e+01 1.173881842810544501e-01 5.494148330088323151e-01 3.472741958403611306e+01
9.594653591598755193e-01 3.119169649470569100e-02 3.448294240844106184e+01 1.173881842810544501e-01 5.494148330088323151e-01 3.472741958403611306e+01
1.107313686849292322e+00 6.677709770685727464e-02 2.435534566606958506e+01 3.470339722623150824e-01 3.819825591398964271e-01 2.931721197593255823e+01
1.079083325322809372e+00 4.574991885877839615e-02 2.504113803071919975e+01 3.235448304912666440e-01 4.317692208930562492e-01 3.001828723432395307e+01
1.079083325322809372e+00 4.574991885877839615e-02 2.504113803071919975e+01 3.235448304912666440e-01 4.317692208930562492e-01 3.001828723432395307e+01
1.128653915859939572e+00 4.871681911378120122e-02 2.113768353313204784e+01 3.106858119896133696e-01 4.472713912219904442e-01 3.325957634723464196e+01
1.128653915859939572e+00 4.871681911378120122e-02 2.113768353313204784e+01 3.106858119896133696e-01 4.472713912219904442e-01 3.325957634723464196e+01
1.021635408218715568e+00 2.634095075821555471e-02 2.602991714508880250e+01 3.168564245124174672e-01 4.988495987125921571e-01 3.246899821520211304e+01
1.075347100714024506e+00 3.781932642449912368e-02 1.923967215908523443e+01 3.252081273806769479e-01 4.245187593031695128e-01 3.229700002088712552e+01
1.075347100714024506e+00 3.781932642449912368e-02 1.923967215908523443e+01 3.252081273806769479e-01 4.245187593031695128e-01 3.229700002088712552e+01
1.034542744380080537e+00 4.303718756905720866e-02 1.886504158936543618e+01 3.004905382128263414e-01 3.575627965864087154e-01 3.449096951084534624e+01
1.048501316188253485e+00 5.938633446627242934e-02 2.337257794087233975e+01 3.468860892984437783e-01 4.321448666515942394e-01 2.797826501851495351e+01
1.048867133024095954e+00 2.083340665725459673e-02 2.403410447756637680e+01 3.401313000446769541e-01 4.848966986160544446e-01 3.177652680240026939e+01
1.048867133024095954e+00 2.083340665725459673e-02 2.403410447756637680e+01 3.401313000446769541e-01 4.848966986160544446e-01 3.177652680240026939e+01
9.547755226386281935e-01 0.000000000000000000e+00 3.232674888823764547e+01 3.004022964254822181e-01 4.325667505296257875e-01 3.057119444364964878e+01
9.547755226386281935e-01 0.000000000000000000e+00 3.232674888823764547e+01 3.004022964254822181e-01 4.325667505296257875e-01 3.057119444364964878e+01
9.845401217944896866e-01 8.912478360783498282e-03 2.424371732852009842e+01 3.274647459642586744e-01 4.505937466934406554e-01 3.276333507124062550e+01
1.010298478904461339e+00 2.838983660949212159e-02 1.896852612917356851e+01 3.330524498503806274e-01 4.272386128231778213e-01 3.465453333754503262e+01
1.010298478904461339e+00 2.838983660949212159e-02 1.896852612917356851e+01 3.330524498503806274e-01 4.272386128231778213e-01 3.465453333754503262e+01
1.021947554768773525e+00 4.098345169174705954e-02 2.389895932551580060e+01 3.183541990813529843e-01 4.119509794224998078e-01 3.232358771945676779e+01
1.205750630524551337e+00 1.259031328668223093e-01 3.197466241084634220e+01 4.879728157583786974e-01 3.636584438648752804e-01 2.848537346686974558e+01
1.205750630524551337e+00 1.259031328668223093e-01 3.197466241084634220e+01 4.879728157583786974e-01 3.636584438648752804e-01 2.848537346686974558e+01
1.024217131964656025e+00 2.350397554569905872e-02 3.347782575497967628e+01 5.336123329761037759e-01 2.952083177538775693e-01 3.509856846919638684e+01
9.857968751303586297e-01 1.801919394204542016e-02 3.429601559089540785e+01 5.770570807061974339e-01 2.745188048878978160e-01 3.522861328879198339e+01
1.050598238871798928e+00 4.132409481467138462e-02 3.884058852636857040e+01 4.926926338835943553e-01 2.825358220072927140e-01 3.833218644949793230e+01
1.074875918430174604e+00 6.635960944354733770e-02 3.541566387552780526e+01 5.373402895453632810e-01 2.973362396969699839e-01 3.587036636708244686e+01
1.074875918430174604e+00 6.635960944354733770e-02 3.541566387552780526e+01 5.373402895453632810e-01 2.973362396969699839e-01 3.587036636708244686e+01
1.105110009928977899e+00 3.309869808817371417e-02 3.492508475683355584e+01 6.589587883339397267e-01 2.838516081156094439e-01 3.444998559051356324e+01
1.158994220109567985e+00 7.123062002506760915e-02 2.326012465834808296e+01 4.396411445720340705e-01 3.684405847629488862e-01 3.412200866769879326e+01
1.158994220109567985e+00 7.123062002506760915e-02 2.326012465834808296e+01 4.396411445720340705e-01 3.684405847629488862e-01 3.412200866769879326e+01
1.095611289808190891e+00 7.215119585842706684e-02 2.142661702806027790e+01 4.347389765992049626e-01 3.207579123062346271e-01 3.486518916223024434e+01
1.136008540590033977e+00 1.075600938796999750e-01 2.264373711875112960e+01 4.112272105063536909e-01 3.346722330802592293e-01 3.256328471696851068e+01
1.139666600079303871e+00 6.030034564972108768e-02 1.891491898121968873e+01 4.495305954446801033e-01 3.472752376311977751e-01 3.222849237129262434e+01
1.139666600079303871e+00 6.030034564972108768e-02 1.891491898121968873e+01 4.495305954446801033e-01 3.472752376311977751e-01 3.222849237129262434e+01
1.111203030850044016e+00 6.412209710752601877e-02 2.225195572299652014e+01 4.272743988449881902e-01 3.273747996497003432e-01 3.147056222977566620e+01
1.074669120174690740e+00 4.306532332218818843e-02 2.625799994555130468e+01 4.841321244414960034e-01 3.553018081992052601e-01 3.523064727696901599e+01
1.073370787925364889e+00 7.385149970835053201e-02 2.467869763993778065e+01 4.027076475004979783e-01 3.360088668622298602e-01 3.469673845899357190e+01
1.073370787925364889e+00 7.385149970835053201e-02 2.467869763993778065e+01 4.027076475004979783e-01 3.360088668622298602e-01 3.469673845899357190e+01
1.050678355911138340e+00 7.072363151918135971e-03 2.834905556755413869e+01 3.673990316451585803e-01 2.998440710638027862e-01 2.999142842317785096e+01
1.004384949353910983e+00 0.000000000000000000e+00 2.381083541125747516e+01 2.862909873126071036e-01 3.868412948727051326e-01 3.711624606546058658e+01
1.004384949353910983e+00 0.000000000000000000e+00 2.381083541125747516e+01 2.862909873126071036e-01 3.868412948727051326e-01 3.711624606546058658e+01
9.808757618109641419e-01 4.690787658305508451e-02 2.062444653628624991e+01 3.697301717222005180e-01 3.477540828786560567e-01 3.425118514473507503e+01
1.026595012242034421e+00 2.998383407858210004e-02 7.475799406988487661e+00 2.857769262959936052e-01 3.710507652546017332e-01 2.846597234128453380e+01
1.050572498405762278e+00 1.076488855513126480e-01 3.073623191095967400e+01 3.112680125574153189e-01 3.451065661919522354e-01 2.870521675509086990e+01
1.082875139441009438e+00 9.706352220803335373e-02 3.263150809689621212e+01 3.659626649457040637e-01 3.389831102464888613e-01 2.927496189730368314e+01
1.082875139441009438e+00 9.706352220803335373e-02 3.263150809689621212e+01 3.659626649457040637e-01 3.389831102464888613e-01 2.927496189730368314e+01
1.024844881542455122e+00 1.204653752187477278e-01 3.711021267996559914e+01 3.363495531684282946e-01 3.478092709121892723e-01 3.050015624166785955e+01
1.040004019639520827e+00 1.126624802645086604e-01 3.527735974996976864e+01 3.547723484160609231e-01 3.305178424994983377e-01 2.848321345210841926e+01
1.040004019639520827e+00 1.126624802645086604e-01 3.527735974996976864e+01 3.547723484160609231e-01 3.305178424994983377e-01 2.848321345210841926e+01
1.093234083585010064e+00 1.039044416499124296e-01 3.021388638222465772e+01 3.797543792789931927e-01 3.654818671174892564e-01 2.931264665580089712e+01
1.088123813403638618e+00 9.027520086580786973e-02 1.265604377970392491e+01 5.253314065319927284e-01 3.662228072629953313e-01 3.126262908451016997e+01
1.121660532858426595e+00 9.930647316501353683e-02 1.350381533177146487e+01 5.692380570429261821e-01 4.200405985049137647e-01 3.172909762545213042e+01
1.025538467009755372e+00 6.910211311271183265e-02 2.075729526053447316e+01 3.902104062145616004e-01 4.715321482379455920e-01 3.482648487265775827e+01
9.896936948391217292e-01 7.131624860897400886e-02 1.644329333523818093e+01 4.385305940147704029e-01 4.959442947458171935e-01 3.539515218651508377e+01
1.014181160886723720e+00 1.519724050798583470e-02 3.914293626684455774e+01 3.756286446054921124e-01 4.012384000471159173e-01 3.063726769747745138e+01
1.014181160886723720e+00 1.519724050798583470e-02 3.914293626684455774e+01 3.756286446054921124e-01 4.012384000471159173e-01 3.063726769747745138e+01
1.031780658475071055e+00 1.650224235558025998e-02 2.951850530526221306e+01 3.905214144938665144e-01 4.186135978920011436e-01 3.401527460398141045e+01
1.188032555631427956e+00 9.189065358268509731e-02 2.047323814479986481e+01 5.272962550098724277e-01 2.732866004832317230e-01 3.914442728442545416e+01
1.158459035791080893e+00 8.278070318720172349e-02 2.203444619507721214e+01 4.782759997237720495e-01 2.865374315480458955e-01 3.942916106155327327e+01
1.158459035791080893e+00 8.278070318720172349e-02 2.203444619507721214e+01 4.782759997237720495e-01 2.865374315480458955e-01 3.942916106155327327e+01
1.129880047918605301e+00 1.186202404464741095e-01 2.159406208919672565e+01 4.665073869956321562e-01 2.726889486742525293e-01 3.907864184768526883e+01
1.129880047918605301e+00 1.186202404464741095e-01 2.159406208919672565e+01 4.665073869956321562e-01 2.726889486742525293e-01 3.907864184768526883e+01
1.141777852419107786e+00 7.404786091036377749e-02 2.436330335004399927e+01 5.112231225601400197e-01 3.303096677190564545e-01 3.841796455506671037e+01
1.105224798238879869e+00 3.289811659600330729e-02 3.010840953056750990e+01 4.436474979632563098e-01 3.285508579259042161e-01 3.739989652303831491e+01
1.019354746668673872e+00 3.102412719933355170e-02 2.931712599284872312e+01 4.257435781346739501e-01 4.121134129867314311e-01 3.539795185383178477e+01
9.524848153989537991e-01 1.144553364826125796e-02 3.097749224470918961e+01 4.500720791109845131e-01 4.424113130457149046e-01 3.416932581950851500e+01
1.058848421867035539e+00 7.860232846238396354e-02 2.639573269986764359e+01 5.284881208599625513e-01 5.278862360753218130e-01 3.022746016163885940e+01
1.058848421867035539e+00 7.860232846238396354e-02 2.639573269986764359e+01 5.284881208599625513e-01 5.278862360753218130e-01 3.022746016163885940e+01
1.001243611907110198e+00 1.658365931898578560e-01 4.460393284911261702e+01 6.199825963700128506e-01 2.749005493444087178e-01 2.713750955477941673e+01
9.358214893892944364e-01 1.359728783492365201e-01 2.500444318239572894e+01 5.151091634643111261e-01 3.421596837781108458e-01 3.156163570745017211e+01
9.601053468185444251e-01 1.294850132086899364e-01 3.051511225735434962e+01 4.965141459830360038e-01 3.100314593673995645e-01 2.664594344812346449e+01
9.601053468185444251e-01 1.294850132086899364e-01 3.051511225735434962e+01 4.965141459830360038e-01 3.100314593673995645e-01 2.664594344812346449e+01
1.162895466926925359e+00 9.437430842563371280e-02 1.372948493245346313e+01 3.414314789288692142e-01 4.407590556634940482e-01 2.785624160657123838e+01
1.170089338280979385e+00 8.793325292235287804e-02 1.471149803344701468e+01 3.412074043181892447e-01 4.107015465334320492e-01 3.119166355282370517e+01
1.170089338280979385e+00 8.793325292235287804e-02 1.471149803344701468e+01 3.412074043181892447e-01 4.107015465334320492e-01 3.119166355282370517e+01
1.224727814501060053e+00 1.092514522069306104e-01 1.329478833904910573e+01 3.483054468313539487e-01 4.628162857601499924e-01 3.120940079688692137e+01
1.185397851188844998e+00 6.598271675719170892e-02 1.337680924348724076e+01 4.173707665657364618e-01 4.352612255905948802e-01 3.004408607277117937e+01
1.185397851188844998e+00 6.598271675719170892e-02 1.337680924348724076e+01 4.173707665657364618e-01 4.352612255905948802e-01 3.004408607277117937e+01
1.203929384570170180e+00 1.065941168888884794e-01 1.246842128452711762e+01 3.997425018997348700e-01 4.587810239010454150e-01 3.040592446232588841e+01
1.174507384640093743e+00 6.477061954159221702e-02 1.229166325531234172e+01 3.870571846219116319e-01 3.711991716533183938e-01 2.862928058067200610e+01
1.174507384640093743e+00 6.477061954159221702e-02 1.229166325531234172e+01 3.870571846219116319e-01 3.711991716533183938e-01 2.862928058067200610e+01
1.221787343964692685e+00 9.126399288903631890e-02 1.671831149632303948e+01 3.599227626972645311e-01 4.673494435410085468e-01 3.294391766812600508e+01
1.201772093744415626e+00 1.785913295005060186e-01 1.823491833277536500e+01 3.659195836332447271e-01 5.545184320902606379e-01 2.821595959637356898e+01
1.171758143489443071e+00 1.479294123346453771e-01 1.797446165220075898e+01 3.908196139963405202e-01 5.648672154325631301e-01 2.698893660719354770e+01
1.171758143489443071e+00 1.479294123346453771e-01 1.797446165220075898e+01 3.908196139963405202e-01 5.648672154325631301e-01 2.698893660719354770e+01
1.153976362907035424e+00 1.597116834261118890e-01 2.385464731370179692e+01 3.265856203354619014e-01 5.027289506762147031e-01 2.896627735775834367e+01
1.197705277432829396e+00 1.569838299254794345e-01 2.634838269192091076e+01 3.569414740589352264e-01 5.745894814700860387e-01 3.112781012075748777e+01
1.178985609569791260e+00 1.652334850686089096e-01 2.100576421650175618e+01 3.257668960572293604e-01 5.809437143821091221e-01 2.702133974716615583e+01
1.104090794283019372e+00 1.795936552641054229e-01 2.591304282155645922e+01 3.177551232091243572e-01 5.145068800929414321e-01 2.570234455611132418e+01
1.121558140401242021e+00 6.296524297240388424e-02 2.413207466618992214e+01 1.379089923630782977e-01 3.893154771193280683e-01 3.771683954403657424e+01
9.628567172566543375e-01 2.192037916860475541e-03 1.183582366053139090e+01 1.810444727528700837e-01 4.152428072041025597e-01 3.350337048672422213e+01
9.628567172566543375e-01 2.192037916860475541e-03 1.183582366053139090e+01 1.810444727528700837e-01 4.152428072041025597e-01 3.350337048672422213e+01
1.064975343328724566e+00 3.710853819934231690e-02 2.443726434520845814e+01 3.713408582638572097e-01 2.954506890260878427e-01 2.611214992622479159e+01
1.015619491138347152e+00 4.131022801477512996e-02 3.381647152429001579e+01 3.353291418115678102e-01 2.760425916581128458e-01 2.544510912584008011e+01
9.995626211455785892e-01 2.274015673921457939e-02 2.828451242454435643e+01 3.470179190548347004e-01 2.581596903200809590e-01 2.613652867525757983e+01
1.001300977529191671e+00 0.000000000000000000e+00 3.204528989499209501e+01 3.533693565541242698e-01 2.669269754266249128e-01 2.578010505434760091e+01
1.036066165216298129e+00 8.251565481144479408e-02 2.166634880039465827e+01 3.100069879445780940e-01 2.965321240619908094e-01 2.976604121082626975e+01
9.503608418517183187e-01 7.845204602896084511e-02 4.782620439297107851e+01 1.940025013222694827e-01 3.021928492519641019e-01 2.396918370157285594e+01
1.018295772024756518e+00 2.685178051912569600e-03 3.874373820377338973e+01 4.808651497752309267e-01 3.179315681997531562e-01 3.214303834476991284e+01
1.044840904678403293e+00 8.658094547284768405e-02 2.292469807892929623e+01 3.829856391722492037e-01 3.606209876966281480e-01 3.373391028168895645e+01
1.021484494626613726e+00 1.013904824361295809e-01 2.804041259141320452e+01 3.494477270441586625e-01 3.427843024209725198e-01 3.578515477316996396e+01
9.608008966787914273e-01 1.590522533091069113e-01 4.067642317484158809e+01 2.708616844843884097e-01 3.538318048996578202e-01 2.793733446323907188e+01
9.701176163323924628e-01 1.309983808787777149e-01 4.047929893929364908e+01 2.825963919414065106e-01 3.547137621195018409e-01 2.910012737657783433e+01
9.701176163323924628e-01 1.309983808787777149e-01 4.047929893929364908e+01 2.825963919414065106e-01 3.547137621195018409e-01 2.910012737657783433e+01
9.412013969674504210e-01 1.491661190458331288e-01 3.747839220952603512e+01 2.743439605560881178e-01 3.620022900900591312e-01 2.901466047360470313e+01
9.648252493199555024e-01 1.048641300725846742e-01 3.908659677361514184e+01 3.387803707658237906e-01 3.546947252172858445e-01 3.463395076249677373e+01
9.648252493199555024e-01 1.048641300725846742e-01 3.908659677361514184e+01 3.387803707658237906e-01 3.546947252172858445e-01 3.463395076249677373e+01
1.043559319978166089e+00 3.149858523060604376e-02 2.874721601682119854e+01 3.392666074733793891e-01 3.716641216017977367e-01 3.505167519601457116e+01
1.070198415670051917e+00 3.426603574378738609e-02 2.861959485983356899e+01 3.450149924677380353e-01 4.303541649903220856e-01 3.511431292645217894e+01
1.044976149823177103e+00 0.000000000000000000e+00 3.149705942100522904e+01 3.769046243896789217e-01 4.269463723640700148e-01 3.668085891821381495e+01
1.117242630868233499e+00 4.925257057013555928e-02 2.656895279578292701e+01 3.538545387489885896e-01 4.096380691727813383e-01 3.599520544499034003e+01
1.117242630868233499e+00 4.925257057013555928e-02 2.656895279578292701e+01 3.538545387489885896e-01 4.096380691727813383e-01 3.599520544499034003e+01
1.094856692188094005e+00 0.000000000000000000e+00 2.537135912787634595e+01 3.545294768271008978e-01 3.936650349034406249e-01 3.823648908173816352e+01
1.118937735661984290e+00 0.000000000000000000e+00 3.002402290296468479e+01 3.368275248845151171e-01 3.602187140515749064e-01 3.613651622341078706e+01
1.118937735661984290e+00 0.000000000000000000e+00 3.002402290296468479e+01 3.368275248845151171e-01 3.602187140515749064e-01 3.613651622341078706e+01
1.123426456452594202e+00 1.698382383408693352e-02 2.969800577772586792e+01 3.734926416080063261e-01 3.473370063159906818e-01 3.376574293987268049e+01
1.123426456452594202e+00 1.698382383408693352e-02 2.969800577772586792e+01 3.734926416080063261e-01 3.473370063159906818e-01 3.376574293987268049e+01
1.137562999814881737e+00 8.055303066992987315e-03 3.092794028643676540e+01 3.583605785494432538e-01 3.737694855322127307e-01 3.984593016790738318e+01
1.116582085439280059e+00 4.811539083963832508e-02 2.759002482975729009e+01 4.088483348472399803e-01 3.162118117309372645e-01 3.653674093324856642e+01
1.116582085439280059e+00 4.811539083963832508e-02 2.759002482975729009e+01 4.088483348472399803e-01 3.162118117309372645e-01 3.653674093324856642e+01
1.040403403432781371e+00 7.662749653256457905e-02 3.483654290430892075e+01 1.113641772984439726e-01 4.782115559042321995e-01 3.995759001991113735e+01
1.003468508278966498e+00 7.702051740687490544e-02 3.340516063800121316e+01 2.031966628965135024e-01 4.732359544446775867e-01 3.834375605496876460e+01
1.034657462321382226e+00 9.760737131662160226e-02 3.030555574376164785e+01 1.443624790943133229e-01 4.631570500909630850e-01 3.907663447803980006e+01
1.034657462321382226e+00 9.760737131662160226e-02 3.030555574376164785e+01 1.443624790943133229e-01 4.631570500909630850e-01 3.907663447803980006e+01
9.906829218703990803e-01 1.186050313115237370e-01 3.792433247524802908e+01 1.545151966467158133e-01 4.449172005082417947e-01 3.877371639835183714e+01
1.065393335041724399e+00 7.371293258746340615e-02 3.647658660709102918e+01 1.577370626659449493e-01 4.604972165940097728e-01 3.677865194119641501e+01
1.032817343750942474e+00 0.000000000000000000e+00 4.007706353965839696e+01 2.239169291360720848e-01 4.841708890499328288e-01 3.905515903787249243e+01
1.032817343750942474e+00 0.000000000000000000e+00 4.007706353965839696e+01 2.239169291360720848e-01 4.841708890499328288e-01 3.905515903787249243e+01
1.035429258989027712e+00 9.941122247085968158e-03 3.864873209011225441e+01 1.882153208851241877e-01 4.698856475015189549e-01 3.863500193365948832e+01
1.035429258989027712e+00 9.941122247085968158e-03 3.864873209011225441e+01 1.882153208851241877e-01 4.698856475015189549e-01 3.863500193365948832e+01
9.795053017170763932e-01 0.000000000000000000e+00 3.953083609642776253e+01 2.261982387428206065e-01 4.853896084693115620e-01 3.859199829249360647e+01
9.795053017170763932e-01 0.000000000000000000e+00 3.953083609642776253e+01 2.261982387428206065e-01 4.853896084693115620e-01 3.859199829249360647e+01
1.113700839508789064e+00 9.080237729915500988e-03 2.268799963524628893e+01 2.433658990258609489e-01 4.180744506774811131e-01 3.661082368814379606e+01
1.029961324253225285e+00 2.932061256610749012e-02 3.868147778739110976e+01 1.422244671472586430e-01 3.467830363623097822e-01 3.758849071012897980e+01
1.029961324253225285e+00 2.932061256610749012e-02 3.868147778739110976e+01 1.422244671472586430e-01 3.467830363623097822e-01 3.758849071012897980e+01
1.079576348001031194e+00 5.931403945079333911e-02 3.386078380461277959e+01 1.823669198925370882e-01 3.678752786869260993e-01 3.645563810848141628e+01
1.079576348001031194e+00 5.931403945079333911e-02 3.386078380461277959e+01 1.823669198925370882e-01 3.678752786869260993e-01 3.645563810848141628e+01
1.071251213789813139e+00 4.304268895328601519e-02 4.131857532544677980e+01 8.948003462243260542e-02 3.604993631619179406e-01 3.571417987825090279e+01
1.099976916925087478e+00 3.842488895611782113e-02 4.055154540792651119e+01 1.392569201069194240e-01 3.937798137114003616e-01 3.363988707019223767e+01
1.099976916925087478e+00 3.842488895611782113e-02 4.055154540792651119e+01 1.392569201069194240e-01 3.937798137114003616e-01 3.363988707019223767e+01
9.948933908294119721e-01 1.090331675579606363e-01 3.140795591641382600e+01 2.030902630780817841e-01 3.956517941397941218e-01 3.394252751529440815e+01
1.041088506656534740e+00 6.300848874011388823e-02 3.254754843089256156e+01 2.012300871807235492e-01 4.061616777976478354e-01 3.092584450735533252e+01
1.027857372130390745e+00 2.546502049438516616e-02 2.227031201821219497e+01 2.587794760282577933e-01 4.068975285923555063e-01 3.391110579863855889e+01
1.027857372130390745e+00 2.546502049438516616e-02 2.227031201821219497e+01 2.587794760282577933e-01 4.068975285923555063e-01 3.391110579863855889e+01
1.020172334546126436e+00 4.229154418194429332e-02 2.411660549390680686e+01 2.921774424869597042e-01 3.846938784825028046e-01 3.162073993659819848e+01
1.048554735292437146e+00 1.962136560393360277e-02 1.547346021182652009e+01 1.913503872485407542e-01 3.082220356074342749e-01 3.476607565516446385e+01
1.048554735292437146e+00 1.962136560393360277e-02 1.547346021182652009e+01 1.913503872485407542e-01 3.082220356074342749e-01 3.476607565516446385e+01
1.049466795707660882e+00 5.833351515724018686e-03 1.902633372380633858e+01 2.622908783800543819e-01 3.221107882650948717e-01 3.427099843638491450e+01
1.049466795707660882e+00 5.833351515724018686e-03 1.902633372380633858e+01 2.622908783800543819e-01 3.221107882650948717e-01 3.427099843638491450e+01
1.071809139368938180e+00 1.206446497106130472e-03 1.509983929370016931e+01 2.452504726346730335e-01 3.289137798374647814e-01 3.556592370643814149e+01
1.046801013707954864e+00 0.000000000000000000e+00 1.178077879479272028e+01 2.208347447957156040e-01 3.185893501690641449e-01 3.608353328228596979e+01
1.046801013707954864e+00 0.000000000000000000e+00 1.178077879479272028e+01 2.208347447957156040e-01 3.185893501690641449e-01 3.608353328228596979e+01
1.088200252504896159e+00 0.000000000000000000e+00 1.160462185342572639e+01 2.468845278376648467e-01 3.005954866166492545e-01 3.236912685828354341e+01
1.088200252504896159e+00 0.000000000000000000e+00 1.160462185342572639e+01 2.468845278376648467e-01 3.005954866166492545e-01 3.236912685828354341e+01
1.101713232286935851e+00 4.992049529404245234e-02 2.652648089913503071e+01 1.438698293694898322e-01 4.034677535865203168e-01 2.953295891738240897e+01
1.068727367675406992e+00 3.806416447490940103e-02 2.453771898519627115e+01 2.090843043060732209e-01 3.813745058550405687e-01 2.897314138176014708e+01
1.068727367675406992e+00 3.806416447490940103e-02 2.453771898519627115e+01 2.090843043060732209e-01 3.813745058550405687e-01 2.897314138176014708e+01
1.107395583574675602e+00 3.303305248501967051e-02 2.648348059400248289e+01 2.145101975892694801e-01 3.948031794809092054e-01 2.763995058788284354e+01
1.005007041863477113e+00 0.000000000000000000e+00 1.143833035061092218e+01 3.107939693615234811e-01 4.642216747534183563e-01 3.875879581710344013e+01
1.005007041863477113e+00 0.000000000000000000e+00 1.143833035061092218e+01 3.107939693615234811e-01 4.642216747534183563e-01 3.875879581710344013e+01
9.930278168166571939e-01 1.100822018673364676e-02 1.135494873337264998e+01 2.616788673190618697e-01 4.032446887290154214e-01 3.632187400192001547e+01
1.084418967248784282e+00 2.485505631553684008e-02 1.077806652834439305e+01 3.045271217416867238e-01 4.339435383829488568e-01 3.447705085921970891e+01
1.084418967248784282e+00 2.485505631553684008e-02 1.077806652834439305e+01 3.045271217416867238e-01 4.339435383829488568e-01 3.447705085921970891e+01
1.041543152128634020e+00 4.710237255918514609e-02 3.190585994062008979e+01 3.176962733458705279e-01 4.042484124719554206e-01 2.191332964611865819e+01
1.002370518122550402e+00 8.397987440927853243e-04 3.487680551870303702e+01 4.485135514165777826e-01 3.629048708796856482e-01 2.273310684873195697e+01
1.002370518122550402e+00 8.397987440927853243e-04 3.487680551870303702e+01 4.485135514165777826e-01 3.629048708796856482e-01 2.273310684873195697e+01
1.075792097454072227e+00 0.000000000000000000e+00 3.426708609080374401e+01 4.475370766392152144e-01 4.155175699564280234e-01 1.988111470557661775e+01
1.064920080876303743e+00 3.653600135721787445e-03 3.143220004259994482e+01 4.933481819559552561e-01 3.693106178426327491e-01 2.098201743727961244e+01
1.109538362964395120e+00 5.468870637410391811e-02 3.661385299912378599e+01 5.909374699622489402e-01 3.600289345930166585e-01 2.049352666104971377e+01
1.121839791500206074e+00 2.428041767823018240e-02 3.496832181120306160e+01 5.585313061820501579e-01 3.388725994615319204e-01 1.983320240915257315e+01
1.147312389824444612e+00 1.555228865119613960e-02 3.086889148071308142e+01 5.531219923577013198e-01 2.847580785277999960e-01 2.242094359678919702e+01
1.147312389824444612e+00 1.555228865119613960e-02 3.086889148071308142e+01 5.531219923577013198e-01 2.847580785277999960e-01 2.242094359678919702e+01
1.117518589220087177e+00 3.354188093004537713e-02 3.784496396249746653e+01 5.635961191401578363e-01 3.101106467271287359e-01 1.836341571820183916e+01
1.128129178120471199e+00 3.352178770717980510e-02 2.490197325230154490e+01 4.701490106075628117e-01 3.195719720046502066e-01 2.764025029736088257e+01
1.128129178120471199e+00 3.352178770717980510e-02 2.490197325230154490e+01 4.701490106075628117e-01 3.195719720046502066e-01 2.764025029736088257e+01
1.174879495720647204e+00 0.000000000000000000e+00 2.521409698308742264e+01 5.694096262611845205e-01 3.468292601478378256e-01 2.314112230943143800e+01
1.174879495720647204e+00 0.000000000000000000e+00 2.521409698308742264e+01 5.694096262611845205e-01 3.468292601478378256e-01 2.314112230943143800e+01
1.136765993254961638e+00 1.715070077096465459e-02 1.972759202013862634e+01 4.878630956747575520e-01 3.487670329262114177e-01 2.330779662940461350e+01
1.152503113654550271e+00 5.043161670783555262e-02 2.380274332794217074e+01 4.837340434806788325e-01 3.466988145499111384e-01 2.676384644164753368e+01
1.152503113654550271e+00 5.043161670783555262e-02 2.380274332794217074e+01 4.837340434806788325e-01 3.466988145499111384e-01 2.676384644164753368e+01
1.157203909204709280e+00 5.461830976187274228e-02 2.789444107586771437e+01 5.981863584975408710e-01 3.577415939813667900e-01 2.147460158969014898e+01
1.056444582128218013e+00 6.479046871220819903e-02 1.446448086585385795e+01 3.953025503245959360e-01 3.584276292281664555e-01 2.146307725572173553e+01
9.405089089999729701e-01 9.226509815162706185e-02 2.768151057592753972e+01 3.173962975611694382e-01 5.089118415853715049e-01 3.505735654670188239e+01
1.006321024112075468e+00 1.073102003111753994e-01 3.194780610472939841e+01 3.272723698566690764e-01 5.424614470112169018e-01 3.474868479634050544e+01
9.735468469292817284e-01 3.755033624722581287e-02 2.289870777162055049e+01 3.033506927957067556e-01 5.232928947511188422e-01 3.860962655640428665e+01
9.249169385358273487e-01 5.635351549249695280e-02 3.510484755577590477e+01 2.893620544120351634e-01 5.040679290590869277e-01 3.277346915409216166e+01
9.103582009916953988e-01 5.560239209346386907e-02 3.326120781408221205e+01 3.570776516825999725e-01 5.570664404675764736e-01 3.518259031467817266e+01
1.057870013876965221e+00 6.463645039041085449e-02 3.016207717924784859e+01 2.332426225751648707e-01 4.755220420325403374e-01 3.413633793200623501e+01
1.057870013876965221e+00 6.463645039041085449e-02 3.016207717924784859e+01 2.332426225751648707e-01 4.755220420325403374e-01 3.413633793200623501e+01
1.083540043418752763e+00 6.615581073560709846e-02 3.898498559608501068e+01 3.309135293275416445e-01 4.687292793186505491e-01 3.928402504698111386e+01
1.082202024240966898e+00 5.033244852136713882e-02 3.136592430329333681e+01 4.291927637707493304e-01 4.879293140323715527e-01 3.728518446117446672e+01
1.082202024240966898e+00 5.033244852136713882e-02 3.136592430329333681e+01 4.291927637707493304e-01 4.879293140323715527e-01 3.728518446117446672e+01
9.962163320788467447e-01 4.758426409948877944e-02 3.583912761187637130e+01 4.525530292421448553e-01 5.068519949084121512e-01 3.487037417577764842e+01
1.052253048577743488e+00 3.694524425861797634e-02 3.888300821196833112e+01 4.642381266389246086e-01 4.865951516165196167e-01 3.437266612816179645e+01
1.052253048577743488e+00 3.694524425861797634e-02 3.888300821196833112e+01 4.642381266389246086e-01 4.865951516165196167e-01 3.437266612816179645e+01
9.546755248869874810e-01 1.154271979541663107e-01 4.816351994297765060e+01 2.763939808393431341e-01 4.580164915185787611e-01 3.261243235493676451e+01
9.939467050203307785e-01 3.738400927467942086e-02 3.708171364310724982e+01 2.248075855461149908e-01 4.906750941858065707e-01 2.492403239857051034e+01
9.808788343206832350e-01 1.980315995781595922e-02 3.086111528359317546e+01 1.446526117157180269e-01 4.966482889601119832e-01 3.397576192494264546e+01
9.875219961734215124e-01 1.086988144781683707e-01 3.141832177347389532e+01 1.886297328863559553e-01 4.622409442618408137e-01 2.740126257627384021e+01
1.015269504454330951e+00 5.114581972942686822e-02 3.005411925776066795e+01 2.471948302907582828e-01 4.933101771639075706e-01 2.480080097605672407e+01
1.035381735753758914e+00 5.281220361849031653e-02 2.690750848528096739e+01 2.000298001122530200e-01 4.751882408406883362e-01 2.181128447556984540e+01
1.015412031385285685e+00 4.312384396711653467e-02 2.401294863523688861e+01 2.221279220441554625e-01 4.602330967882169444e-01 2.164586929590456421e+01
1.045855350477446155e+00 9.951570142655946638e-02 2.307607970935389119e+01 2.386711082292745922e-01 4.784772458197049660e-01 2.400241821880428361e+01
1.044555944038478179e+00 6.176097518697043487e-02 2.273376824728635270e+01 1.857232056015480637e-01 4.834220682515856238e-01 2.584748285465510875e+01
9.026256069488665101e-01 7.114089302421668093e-02 4.538787569408808764e+01 1.897981481374979018e-01 4.309357667916882684e-01 2.657221134253524397e+01
9.880158821389488644e-01 6.139061160867424760e-02 4.223502112071029302e+01 1.765358317696812396e-01 4.419813550384218415e-01 2.599216613665872799e+01
9.641938094984849883e-01 1.073589824100407708e-01 3.646245847737210966e+01 3.072448025652551595e-01 4.274654244949352977e-01 3.034079425768678107e+01
9.641938094984849883e-01 1.073589824100407708e-01 3.646245847737210966e+01 3.072448025652551595e-01 4.274654244949352977e-01 3.034079425768678107e+01
1.042048524775305962e+00 7.751441182004936703e-02 1.870571128079380330e+01 2.129817931542604403e-01 4.411522456065448128e-01 2.887315434468823128e+01
1.064123386041153863e+00 9.098592831823368310e-02 1.721649075510565297e+01 2.625802796793712535e-01 4.447997508580422976e-01 2.425392524572244923e+01
1.064123386041153863e+00 9.098592831823368310e-02 1.721649075510565297e+01 2.625802796793712535e-01 4.447997508580422976e-01 2.425392524572244923e+01
1.018285039253086000e+00 1.621480312375143396e-01 3.638459417595306888e+01 5.650904283666779993e-01 2.950635152525535321e-01 3.902927133798045389e+01
1.029497189619792419e+00 1.554271654635471234e-01 3.270825854952958167e+01 5.605050542739468122e-01 2.848708754334782212e-01 3.989884829771607855e+01
9.811468098284260586e-01 1.645999958155375253e-01 3.079948997063549143e+01 5.590391437719223200e-01 3.066855123418666396e-01 3.935222691040825538e+01
9.922772238013481960e-01 1.310044179865403613e-01 3.065339911103194481e+01 5.360526725183473173e-01 2.947269349825751839e-01 3.676546777575706670e+01
1.139810812146300645e+00 1.447554807090946083e-01 3.283872652976157980e+01 6.806795986065474757e-01 4.186944346164622188e-01 3.862897423785077677e+01
1.139810812146300645e+00 1.447554807090946083e-01 3.283872652976157980e+01 6.806795986065474757e-01 4.186944346164622188e-01 3.862897423785077677e+01
1.146720277364795093e+00 1.487125607015281348e-01 2.993782736763977326e+01 5.975958569839046053e-01 4.627491081865202083e-01 3.853648939313520572e+01
1.146720277364795093e+00 1.487125607015281348e-01 2.993782736763977326e+01 5.975958569839046053e-01 4.627491081865202083e-01 3.853648939313520572e+01
1.158959533068412373e+00 1.422515623458612821e-01 3.429511235935506619e+01 5.892778198223598274e-01 4.632327467431852086e-01 3.598007708075218147e+01
1.123642225569273290e+00 1.530779992201837802e-01 3.546534065457195339e+01 5.746733302099484852e-01 4.406611403815711703e-01 3.847558279274338133e+01
1.106316649448322087e+00 1.877432916026169907e-01 2.887282404152106352e+01 6.818466100072768654e-01 4.384863259077167452e-01 3.849371841379851134e+01
1.106316649448322087e+00 1.877432916026169907e-01 2.887282404152106352e+01 6.818466100072768654e-01 4.384863259077167452e-01 3.849371841379851134e+01
1.104081041398208507e+00 1.202354600929073647e-01 2.854666892213200668e+01 6.301984637764213026e-01 4.310065858138429906e-01 3.474209436854488331e+01
1.046399236272509636e+00 4.913334750741246704e-02 3.341688962169913424e+01 6.732753975863893237e-01 3.896278474009076120e-01 3.451530434438634387e+01
1.045789489289880692e+00 1.023890358502420606e-01 3.096829164724956840e+01 6.576290678355450892e-01 4.955009214787259864e-01 3.151323103526391378e+01
1.045789489289880692e+00 1.023890358502420606e-01 3.096829164724956840e+01 6.576290678355450892e-01 4.955009214787259864e-01 3.151323103526391378e+01
1.091103359119256044e+00 8.395868444856346979e-02 3.176859916719717702e+01 6.688171062625727359e-01 4.359126630397992530e-01 3.446247485096324681e+01
9.079773997261810781e-01 1.807915455972952390e-01 3.844254484828374530e+01 4.342252661510683787e-01 3.487098521933710282e-01 2.569423403300015352e+01
9.311826980897045525e-01 1.708532276585111864e-01 3.081211553356223476e+01 4.744816156207424251e-01 2.889586589187810306e-01 2.577508907210955513e+01
9.093126307624627147e-01 2.078813823872678601e-01 3.452948547011507685e+01 5.174800914390883522e-01 3.368975148058060975e-01 2.485478702677551510e+01
9.093126307624627147e-01 2.078813823872678601e-01 3.452948547011507685e+01 5.174800914390883522e-01 3.368975148058060975e-01 2.485478702677551510e+01
9.545713637684251074e-01 1.742673483312208726e-01 3.322617628588813687e+01 5.741980260999356434e-01 3.107814280502794180e-01 2.450709663636272495e+01
1.011448498136684915e+00 3.772984465496537210e-02 2.772739012303653539e+01 5.208664819036162852e-01 4.237019919206013174e-01 2.024115515671220678e+01
1.056607870945939887e+00 9.916197178217606156e-02 4.537234909102902947e+01 4.916990773807242143e-01 3.582879374112198922e-01 2.507871101868668973e+01
1.056607870945939887e+00 9.916197178217606156e-02 4.537234909102902947e+01 4.916990773807242143e-01 3.582879374112198922e-01 2.507871101868668973e+01
9.241227061015150346e-01 1.459586950999554045e-01 3.093953836308374150e+01 4.369788521585197261e-01 4.809497523531504060e-01 3.650483957206314045e+01
9.116086434011804185e-01 1.203704374500307317e-01 3.282298223002916870e+01 4.696651113667174582e-01 4.790248564987401036e-01 3.430803904022230455e+01
8.938822676969740977e-01 1.254205494693979572e-01 3.385879598982897676e+01 5.182907185705026842e-01 4.497421061134755926e-01 3.862983780073096085e+01
1.118922913246120254e+00 2.120507878090240883e-01 5.200000000000000000e+01 6.708952413629681866e-01 3.067026804280854613e-01 3.294417480705763523e+01
1.079217819666018485e+00 1.844736973271956793e-01 5.035981012606755058e+01 6.742547363730614363e-01 3.324201743302457879e-01 3.213848805709695000e+01
1.105988618407694135e+00 1.949129845694717034e-01 5.200000000000000000e+01 6.999999999999999556e-01 3.795759615151624855e-01 3.213056655811382001e+01
1.124675391878858122e+00 1.786366776563838576e-01 5.200000000000000000e+01 6.850188071318239480e-01 3.357540300474134431e-01 3.200436836448044886e+01
1.147882962823742803e+00 9.347167783628582138e-02 1.128931389886074221e+01 5.799993011956297018e-01 2.668165273915081848e-01 3.117546871158898014e+01
1.147882962823742803e+00 9.347167783628582138e-02 1.128931389886074221e+01 5.799993011956297018e-01 2.668165273915081848e-01 3.117546871158898014e+01
1.103852710478732568e+00 8.844696060846143904e-02 1.711839216613040904e+01 5.184954683353111271e-01 3.846834183305772870e-01 2.863146342861762861e+01
1.103852710478732568e+00 8.844696060846143904e-02 1.711839216613040904e+01 5.184954683353111271e-01 3.846834183305772870e-01 2.863146342861762861e+01
1.091029468825956084e+00 4.888413257210222351e-02 2.216785104130304163e+01 5.022034127631707090e-01 3.563752031213313631e-01 2.894121599307717929e+01
1.139290065464224178e+00 5.846757277455612994e-02 1.802718900042683359e+01 5.169212146584573064e-01 3.321477665589419592e-01 2.975847719144070425e+01
1.139290065464224178e+00 5.846757277455612994e-02 1.802718900042683359e+01 5.169212146584573064e-01 3.321477665589419592e-01 2.975847719144070425e+01
1.134225279338873404e+00 3.742188007733560084e-02 2.108294577992715801e+01 4.434901864730542154e-01 3.695392865057884335e-01 2.945045731184965732e+01
1.189561542611326628e+00 8.176684758576949208e-02 1.438861688872151490e+01 4.715337433311325155e-01 3.344319276387921480e-01 2.990677802223618897e+01
1.189561542611326628e+00 8.176684758576949208e-02 1.438861688872151490e+01 4.715337433311325155e-01 3.344319276387921480e-01 2.990677802223618897e+01
1.106888011836064445e+00 6.022882153443867223e-03 1.973443408656054388e+01 5.163994590798882678e-01 3.375946604220806391e-01 2.700854001472699295e+01
1.106888011836064445e+00 6.022882153443867223e-03 1.973443408656054388e+01 5.163994590798882678e-01 3.375946604220806391e-01 2.700854001472699295e+01
1.148608653018464709e+00 2.909521877970263834e-02 2.009656871734064154e+01 5.516969547635456328e-01 3.180658945244881353e-01 2.556851270883814564e+01
1.104349692908891623e+00 2.445193431992013708e-02 1.835668102809623292e+01 5.002959103941816421e-01 2.899858370547874764e-01 2.705923516459105471e+01
1.177765441376777966e+00 9.858819321465595031e-02 1.292782699308476424e+01 4.811783535466906403e-01 3.476631769557209095e-01 2.700647386167552000e+01
1.177765441376777966e+00 9.858819321465595031e-02 1.292782699308476424e+01 4.811783535466906403e-01 3.476631769557209095e-01 2.700647386167552000e+01
1.206376631461760107e+00 1.204708310450454400e-01 1.989199491317785018e+01 5.014789702814089756e-01 3.370754521320515340e-01 2.629419008864925900e+01
1.206376631461760107e+00 1.204708310450454400e-01 1.989199491317785018e+01 5.014789702814089756e-01 3.370754521320515340e-01 2.629419008864925900e+01
1.160769455726456068e+00 1.037350509467690474e-01 1.865068509513295680e+01 4.910708785686593303e-01 3.457948072652372029e-01 2.639900769025855709e+01
1.141956812380096498e+00 7.891374747471500972e-02 1.972512129313659557e+01 4.316390425527902863e-01 3.408102494363318691e-01 2.623382076294655363e+01
1.141956812380096498e+00 7.891374747471500972e-02 1.972512129313659557e+01 4.316390425527902863e-01 3.408102494363318691e-01 2.623382076294655363e+01
1.166957275054074872e+00 9.953932471209769872e-02 1.776551888222043729e+01 5.191132813088737974e-01 3.319531696321619263e-01 2.655724367147133691e+01
1.060204670754332001e+00 4.840428496339307246e-03 1.831378038345577153e+01 5.827893625662476929e-01 3.694045561291188773e-01 3.081187653721685749e+01
1.060204670754332001e+00 4.840428496339307246e-03 1.831378038345577153e+01 5.827893625662476929e-01 3.694045561291188773e-01 3.081187653721685749e+01
1.061205212368533379e+00 5.541802310432002165e-02 1.566958228057992741e+01 5.526575847724950474e-01 3.757759981472905131e-01 2.742544206058944667e+01
1.061205212368533379e+00 5.541802310432002165e-02 1.566958228057992741e+01 5.526575847724950474e-01 3.757759981472905131e-01 2.742544206058944667e+01
1.050201304177453610e+00 6.252711339668723389e-02 1.969534779411239356e+01 5.748561904855470361e-01 3.952821966012824983e-01 3.074719660200811333e+01
1.082688163379880608e+00 5.340724584905404138e-02 2.437196537018928311e+01 4.354044359976006473e-01 3.228220173122511305e-01 2.839484131648518073e+01
1.062432985760783266e+00 1.273136519566694935e-02 2.039167922489438567e+01 3.689776370249238657e-01 2.736402253792594719e-01 2.866131273989243056e+01
1.113613683135734389e+00 2.800102850892704706e-02 2.175050986437442191e+01 3.426138037599447128e-01 3.186840450479127562e-01 2.850378977595453733e+01
1.128343770479790731e+00 2.417340843857276531e-02 1.948816791809167270e+01 4.290665044987742593e-01 3.619241845705702398e-01 2.941062419153616858e+01
1.128343770479790731e+00 2.417340843857276531e-02 1.948816791809167270e+01 4.290665044987742593e-01 3.619241845705702398e-01 2.941062419153616858e+01
1.066502720349373101e+00 8.642799529522640634e-02 2.401514240055799121e+01 4.720047815532667501e-01 3.934820828999383013e-01 3.018098983110108691e+01
1.087337750419155258e+00 7.690951208989109389e-02 2.552328836887888031e+01 4.200029665530932155e-01 4.242539937271881945e-01 2.723309590850896811e+01
1.152173030797550846e+00 5.653110421862806573e-02 1.509750489823403541e+01 3.953080252493960112e-01 3.593040558665668849e-01 4.000000000000000000e+01
1.023896585615337917e+00 4.216366755097321339e-02 1.428858807210733062e+01 4.968852124628742595e-01 4.180779460704022177e-01 3.262615185737664092e+01
9.265929210362129353e-01 3.061148778199523912e-02 6.345742258428055393e+00 4.259655911082780300e-01 3.844276134913775511e-01 2.981946204377690890e+01
9.703585293938321588e-01 1.867476544172492342e-02 1.183633495047966022e+01 4.289002818217524937e-01 3.812072028544908342e-01 3.064673571030970578e+01
9.867285117081735502e-01 3.401482403607389293e-02 5.265296047973675897e+00 3.482099409860827666e-01 4.067310322682126111e-01 3.081142092354852835e+01
1.021495239758800855e+00 1.087942961487904300e-02 8.390527738005772562e+00 3.967843931120800249e-01 3.967458085403909318e-01 3.415679958296618679e+01
1.051555043835807002e+00 4.009693789408958625e-02 2.444768197758897799e+01 3.546891321355199467e-01 4.420981258511039735e-01 3.522142420882137515e+01
1.064027308240545810e+00 3.326689709446391252e-02 2.571738797124839593e+01 3.518489491637877276e-01 4.258140635082514058e-01 3.493775022447830025e+01
1.064027308240545810e+00 3.326689709446391252e-02 2.571738797124839593e+01 3.518489491637877276e-01 4.258140635082514058e-01 3.493775022447830025e+01
1.063228390911023169e+00 3.196010364748372995e-02 2.098483555301152492e+01 4.395544648255568787e-01 4.655843242748058386e-01 3.314451930534606561e+01
1.063228390911023169e+00 3.196010364748372995e-02 2.098483555301152492e+01 4.395544648255568787e-01 4.655843242748058386e-01 3.314451930534606561e+01
1.067618259162864680e+00 5.275229101696193856e-02 2.090319224898439643e+01 4.068190933502973672e-01 4.346853274387657562e-01 3.463968655769325977e+01
1.019437660440486004e+00 1.387399181293483968e-02 2.422330757066816176e+01 3.191958210020557907e-01 4.642613179768614873e-01 3.395331920163364714e+01
1.019437660440486004e+00 1.387399181293483968e-02 2.422330757066816176e+01 3.191958210020557907e-01 4.642613179768614873e-01 3.395331920163364714e+01
1.123953479143222856e+00 8.694091739054196633e-02 1.405587849295470448e+01 3.519694735090804771e-01 3.839167475778911820e-01 3.675922759370198634e+01
1.123953479143222856e+00 8.694091739054196633e-02 1.405587849295470448e+01 3.519694735090804771e-01 3.839167475778911820e-01 3.675922759370198634e+01
1.143584451128837109e+00 9.580428003230953560e-02 1.793077284679326056e+01 3.240709320665358106e-01 4.250719425726898204e-01 3.516162779746586864e+01
1.171390053707201062e+00 6.599595798992523299e-02 1.425194284822116231e+01 3.135539359335056675e-01 3.645188599236808269e-01 3.660464353192467968e+01
1.171390053707201062e+00 6.599595798992523299e-02 1.425194284822116231e+01 3.135539359335056675e-01 3.645188599236808269e-01 3.660464353192467968e+01
1.092951210754570246e+00 1.331024236848217246e-01 1.867365860860680371e+01 3.231602477194497891e-01 4.216991109765473311e-01 3.707380460332891658e+01
1.092951210754570246e+00 1.331024236848217246e-01 1.867365860860680371e+01 3.231602477194497891e-01 4.216991109765473311e-01 3.707380460332891658e+01
1.083003602341883864e+00 5.279280372978325392e-02 1.792673989533785672e+01 1.796176544015992971e-01 4.135653647977358682e-01 3.173980877716883242e+01
1.083003602341883864e+00 5.279280372978325392e-02 1.792673989533785672e+01 1.796176544015992971e-01 4.135653647977358682e-01 3.173980877716883242e+01
1.057656129818864477e+00 6.138872718892519897e-02 1.217721141970834964e+01 2.176464323212418672e-01 4.681282740877843462e-01 3.347595479816004627e+01
1.081073348876237183e+00 7.141576500723284537e-02 2.122489207218458063e+01 2.163781189858052234e-01 4.762766591811631867e-01 3.323479123755402043e+01
1.007996006258040422e+00 9.200020960158455940e-02 2.406199759518181835e+01 2.517821361093359189e-01 4.096542090659829882e-01 2.969661692842448630e+01
1.007996006258040422e+00 9.200020960158455940e-02 2.406199759518181835e+01 2.517821361093359189e-01 4.096542090659829882e-01 2.969661692842448630e+01
9.337650797831046345e-01 1.023982006216261897e-01 2.882288761144416966e+01 3.510902208580785056e-01 4.234443655117995919e-01 3.348450275928889397e+01
9.493796287439925097e-01 1.292127928948897941e-01 3.155119983180887999e+01 3.616124837753071919e-01 3.922619208122753998e-01 3.295714827819816151e+01
9.818294740779140994e-01 1.242908882830774941e-01 2.445267139340607798e+01 3.675667649539673398e-01 4.207655733433086076e-01 3.387817117720486237e+01
9.287594110637507061e-01 1.021194716260255125e-01 2.975339127637733938e+01 2.960660045322504041e-01 3.852212138562549626e-01 2.933802787902234499e+01
9.403099296262774631e-01 1.072762329821052296e-01 2.846009816153672034e+01 3.160383320595395173e-01 4.029488100815006857e-01 3.216303700755364048e+01
1.010352241550027896e+00 9.543572360847064895e-02 3.269200597810924336e+01 4.447205994229554982e-01 3.502056297857032430e-01 3.214365511183577695e+01
1.010352241550027896e+00 9.543572360847064895e-02 3.269200597810924336e+01 4.447205994229554982e-01 3.502056297857032430e-01 3.214365511183577695e+01
1.065213106169248691e+00 1.149136807529719251e-01 3.501956319285961428e+01 4.132594595303967222e-01 3.092393289388655209e-01 3.237531883606867211e+01
1.082831873396630229e+00 1.023628072052288063e-01 3.915455105228030419e+01 4.417919572058213173e-01 3.105290983471222788e-01 3.304188143407947820e+01
1.057637341339532577e+00 1.071201263809334336e-01 3.911424137639356502e+01 4.104197452787947120e-01 3.284828994919503642e-01 3.347420442699092291e+01
1.080031713352286982e+00 1.096882714016186866e-01 2.969846964198531936e+01 4.585721836297228515e-01 3.624290110391766295e-01 3.228865332085575091e+01
1.052262557896271433e+00 9.878345468952814956e-02 3.408468810035920882e+01 5.003410034026023467e-01 2.765999383046682247e-01 3.106740629065279791e+01
1.033424292646459186e+00 7.570750950316137984e-02 3.041720322064681525e+01 4.998866594307532774e-01 4.317302192477419087e-01 3.140709378064942214e+01
1.024540591355309616e+00 7.658387513580199035e-02 3.147982170769067167e+01 4.318740195048354491e-01 4.748581025172259329e-01 3.129583105846451829e+01
1.100201867886304585e+00 0.000000000000000000e+00 2.282304259512887157e+01 4.783045624109759641e-01 4.026776054511869152e-01 2.905538866354440586e+01
1.100201867886304585e+00 0.000000000000000000e+00 2.282304259512887157e+01 4.783045624109759641e-01 4.026776054511869152e-01 2.905538866354440586e+01
1.146996879784665246e+00 4.599621445296598471e-02 2.064234148011999892e+01 3.502206133937031396e-01 3.897151507526958603e-01 3.179987154868469190e+01
1.072458774981481122e+00 2.062035742659720436e-02 2.223777738730282394e+01 4.576566016816283056e-01 4.190861992742232478e-01 3.207807936657761871e+01
1.099105837646072281e+00 1.256181297745446492e-02 1.944778451940001673e+01 4.030979415035514379e-01 4.267274173230936607e-01 2.968712508250325399e+01
1.206360137555189338e+00 1.755962761786759169e-02 1.843695736223799386e+01 5.207803196063771622e-01 3.814045761628357400e-01 3.043988424691458050e+01
1.206360137555189338e+00 1.755962761786759169e-02 1.843695736223799386e+01 5.207803196063771622e-01 3.814045761628357400e-01 3.043988424691458050e+01
9.971756575374396414e-01 9.757680040391673859e-02 3.529285490757478527e+01 5.531929146018644827e-01 4.384015080181121182e-01 3.247454929985983796e+01
1.002243829485289561e+00 1.590118259207585483e-01 3.116700380170166440e+01 4.748350524222580971e-01 4.786940496551010393e-01 3.361216642955577072e+01
1.094659826751031462e+00 1.277370102326569890e-01 4.041708928526588096e+01 4.680427728438226742e-01 3.639282138981653203e-01 3.104302032880546847e+01
1.044359636782544287e+00 9.773761779731245103e-02 3.783276075804072747e+01 5.350483242502229730e-01 4.009681133447977608e-01 3.022851232411848343e+01
1.044359636782544287e+00 9.773761779731245103e-02 3.783276075804072747e+01 5.350483242502229730e-01 4.009681133447977608e-01 3.022851232411848343e+01
1.058275577756810470e+00 1.043732407426738312e-01 3.365769543743639503e+01 5.173910171261831836e-01 4.168119903215012356e-01 3.001684773407358620e+01
9.892095131489523352e-01 8.815680621349820945e-02 3.605402923425866391e+01 3.602448376720206458e-01 3.765498282045231515e-01 3.986235603718091625e+01
9.892095131489523352e-01 8.815680621349820945e-02 3.605402923425866391e+01 3.602448376720206458e-01 3.765498282045231515e-01 3.986235603718091625e+01
1.036563632864500706e+00 1.374080818883379185e-01 4.202918699016198190e+01 4.110167767983908815e-01 3.703857952739171289e-01 3.761583134079038615e+01
1.022760398577065022e+00 7.492570192431131926e-02 4.397591992792324334e+01 4.417330066203444816e-01 3.715766121325856375e-01 4.000000000000000000e+01
1.022760398577065022e+00 7.492570192431131926e-02 4.397591992792324334e+01 4.417330066203444816e-01 3.715766121325856375e-01 4.000000000000000000e+01
1.032856739696690784e+00 5.953122121249642545e-02 3.607949007745615688e+01 4.000591321600217576e-01 3.633737533078831294e-01 3.947195521949834784e+01
1.032856739696690784e+00 5.953122121249642545e-02 3.607949007745615688e+01 4.000591321600217576e-01 3.633737533078831294e-01 3.947195521949834784e+01
1.013556951611965795e+00 7.979619338745336243e-02 3.486418750983523296e+01 3.626642758513788922e-01 3.461151281506991140e-01 4.000000000000000000e+01
1.013556951611965795e+00 7.979619338745336243e-02 3.486418750983523296e+01 3.626642758513788922e-01 3.461151281506991140e-01 4.000000000000000000e+01
1.028708744990729951e+00 1.466256591685969612e-01 4.090212461227088170e+01 4.224167813680076988e-01 3.975012474134221874e-01 4.000000000000000000e+01
9.951438870791937674e-01 6.917302039109823886e-02 3.487023852059208906e+01 3.989581264846597808e-01 3.711906669801218750e-01 4.000000000000000000e+01
9.951438870791937674e-01 6.917302039109823886e-02 3.487023852059208906e+01 3.989581264846597808e-01 3.711906669801218750e-01 4.000000000000000000e+01
1.054082613448295902e+00 9.477270459828887605e-02 3.768177485194256349e+01 4.477291739090748512e-01 3.630439367539535778e-01 4.000000000000000000e+01
1.054082613448295902e+00 9.477270459828887605e-02 3.768177485194256349e+01 4.477291739090748512e-01 3.630439367539535778e-01 4.000000000000000000e+01
9.400263698764628195e-01 8.150840011396758011e-02 2.744255028117082418e+01 3.862966747080926466e-01 4.400152723086783180e-01 3.270730789692433405e+01
1.013243223040075414e+00 1.096294196922676656e-01 3.049953905238610830e+01 4.305722021140467870e-01 4.344849036288153665e-01 3.529788997425507802e+01
1.122356110338614599e+00 6.681738959709448977e-02 3.252116386884510746e+01 4.820972862048848451e-01 3.954765517528917029e-01 3.813163496785591633e+01
1.122356110338614599e+00 6.681738959709448977e-02 3.252116386884510746e+01 4.820972862048848451e-01 3.954765517528917029e-01 3.813163496785591633e+01
1.048294177793707815e+00 7.343010421198731263e-02 2.942377710820271730e+01 4.479332086418657544e-01 4.572628393430664961e-01 3.442604351415646136e+01
1.048294177793707815e+00 7.343010421198731263e-02 2.942377710820271730e+01 4.479332086418657544e-01 4.572628393430664961e-01 3.442604351415646136e+01
1.060274288189924530e+00 8.697976942730706318e-02 2.540604378788743745e+01 4.797733311503733500e-01 4.281795778136845421e-01 3.497062422936934212e+01
1.030266516294956025e+00 8.235476137150886389e-02 2.833959477556678408e+01 4.510990511458505270e-01 4.338614125999096238e-01 3.399994556161814785e+01
1.044708106740283915e+00 4.439977206201058124e-02 3.333733805296472497e+01 4.855155432363921775e-01 4.716261460815900919e-01 3.414646135055640030e+01
1.044708106740283915e+00 4.439977206201058124e-02 3.333733805296472497e+01 4.855155432363921775e-01 4.716261460815900919e-01 3.414646135055640030e+01
1.068234082862010492e+00 8.250733404662724535e-02 2.542297400467026591e+01 4.680428456982482777e-01 4.840866030714456869e-01 3.591751104702679953e+01
1.068234082862010492e+00 8.250733404662724535e-02 2.542297400467026591e+01 4.680428456982482777e-01 4.840866030714456869e-01 3.591751104702679953e+01
1.102689122813260703e+00 3.528591036393077807e-02 2.634949703168162927e+01 3.640017087454009981e-01 4.616036903085436460e-01 3.344282572883884086e+01
1.102689122813260703e+00 3.528591036393077807e-02 2.634949703168162927e+01 3.640017087454009981e-01 4.616036903085436460e-01 3.344282572883884086e+01
1.005837689811723612e+00 1.218883474617152435e-01 2.994391157084823618e+01 4.601006615750416473e-01 4.000934303567107442e-01 3.705957843564770826e+01
9.756050561772151575e-01 1.138973327940150659e-01 3.211984376958267262e+01 4.147914796907343771e-01 5.201893770355410229e-01 3.629005562546400654e+01
1.033547783562462907e+00 9.611469535722608204e-02 3.575397428988030413e+01 4.443192668920232236e-01 4.162913163482773182e-01 3.364091896021488282e+01
1.033547783562462907e+00 9.611469535722608204e-02 3.575397428988030413e+01 4.443192668920232236e-01 4.162913163482773182e-01 3.364091896021488282e+01
9.929478889063569902e-01 1.258278821697411121e-01 3.746850026500288777e+01 5.150276661262013222e-01 4.091472018886895823e-01 3.418634823089813324e+01
9.929478889063569902e-01 1.258278821697411121e-01 3.746850026500288777e+01 5.150276661262013222e-01 4.091472018886895823e-01 3.418634823089813324e+01
1.004067248399439283e+00 5.140597417027113064e-02 3.535546079507255257e+01 5.430006282153816421e-01 4.298846093088040110e-01 3.800951522403219940e+01
9.777604978802686420e-01 1.003172395109420412e-01 3.359102129459473929e+01 4.603205821076272741e-01 4.271698452352735709e-01 3.594181612794186265e+01
9.777604978802686420e-01 1.003172395109420412e-01 3.359102129459473929e+01 4.603205821076272741e-01 4.271698452352735709e-01 3.594181612794186265e+01
1.063814382694383776e+00 1.694550134149873655e-01 2.911627794739017006e+01 2.270649928881893764e-01 3.543947376234897195e-01 3.534929504691304203e+01
1.043863755704508511e+00 1.305485964173633828e-01 3.416771266326048107e+01 1.969770765878507968e-01 3.584576367097686012e-01 3.844160474044515752e+01
1.037873213042642240e+00 4.355757690386303366e-02 3.205472908585677061e+01 3.418529067719956460e-01 4.361527873728505700e-01 3.427763672887734003e+01
1.037873213042642240e+00 4.355757690386303366e-02 3.205472908585677061e+01 3.418529067719956460e-01 4.361527873728505700e-01 3.427763672887734003e+01
1.067401245529554954e+00 3.211925270481810757e-02 2.841440518991816333e+01 3.333354583239836466e-01 5.108886051748958712e-01 3.348868206490505628e+01
1.029192829324561798e+00 4.108462075967744820e-02 1.394135627162291158e+01 3.216218567210812895e-01 4.335442106357060843e-01 3.456672480540709813e+01
1.076019853327274900e+00 4.062452960177745376e-02 2.620259936592834649e+01 5.307609828959408693e-01 3.502581191933174520e-01 3.064388437126100229e+01
1.039905725225273248e+00 4.366817383968390337e-02 3.056263299273475553e+01 4.641292989576806804e-01 3.185375032460541767e-01 2.953918545392473760e+01
1.039905725225273248e+00 4.366817383968390337e-02 3.056263299273475553e+01 4.641292989576806804e-01 3.185375032460541767e-01 2.953918545392473760e+01
9.945897546656184973e-01 6.630118230744026786e-02 2.983267210050049911e+01 5.077792429792515883e-01 2.939909978198179674e-01 3.249142808859165399e+01
9.978317071721828357e-01 2.224157912899116241e-02 3.729361330483158099e+01 4.468192167318616459e-01 4.898604782985899742e-01 3.122786791753263458e+01
9.978317071721828357e-01 2.224157912899116241e-02 3.729361330483158099e+01 4.468192167318616459e-01 4.898604782985899742e-01 3.122786791753263458e+01
1.023865299284403285e+00 3.190474621640083941e-02 2.830218863119450035e+01 3.132182766518900041e-01 5.192331062206148040e-01 3.088085100394278726e+01
9.874122604904146394e-01 2.455195390541837705e-02 2.636093843831409700e+01 4.543801537998341522e-01 4.472559544113580143e-01 2.760819244239713299e+01
1.034209969905880211e+00 3.562396377233404549e-02 3.197466012123135215e+01 4.016688935564673990e-01 4.833598594723878539e-01 2.931444283391890693e+01
1.034209969905880211e+00 3.562396377233404549e-02 3.197466012123135215e+01 4.016688935564673990e-01 4.833598594723878539e-01 2.931444283391890693e+01
1.109538565839120583e+00 2.046856281193172589e-02 1.959692566180427775e+01 4.676868905525017328e-01 5.134299809347576682e-01 3.452473358017979166e+01
1.027688843460337065e+00 2.892374076127213547e-02 2.467487302293439910e+01 4.901701258242164294e-01 5.216807890869421538e-01 3.109733838203876033e+01
1.114460319676366717e+00 0.000000000000000000e+00 2.993612700903450019e+01 5.514726618860559260e-01 3.518992480516731636e-01 2.719475425545925873e+01
1.042578159720417785e+00 5.735413908330657534e-02 2.835402991366282777e+01 5.496174751748672538e-01 4.046961955663302968e-01 3.313021027395047469e+01
1.042578159720417785e+00 5.735413908330657534e-02 2.835402991366282777e+01 5.496174751748672538e-01 4.046961955663302968e-01 3.313021027395047469e+01
1.043608437854004034e+00 2.611674403529613830e-03 2.946703111229543026e+01 3.069961800787773809e-01 4.465996465193439180e-01 2.820229669203118661e+01
1.028915615147632190e+00 1.026035606306293507e-02 2.483827146986695311e+01 3.378138409965002475e-01 4.380847686208744207e-01 2.922375579502705989e+01
9.898593482984561209e-01 2.085538094321993247e-02 2.517184207188432410e+01 3.983843919812571910e-01 4.177083731534262379e-01 2.988277128102270197e+01
1.052536303515340332e+00 6.337569805262149858e-03 1.648953054741427948e+01 5.867407829416581011e-01 5.802164485412150130e-01 2.444911715085608606e+01
1.066363932820687088e+00 2.948622156306552472e-02 1.599445578960838255e+01 5.574328524345923963e-01 6.019295431303880450e-01 2.460293006041001007e+01
1.061797081177977775e+00 4.698900555289638181e-02 9.238661263454105210e+00 4.767607791348488222e-01 5.262645888317858400e-01 2.479912325899666570e+01
1.049238038647324789e+00 3.238723269644060848e-02 4.234718776786903049e+01 4.694559185175765093e-01 5.018434349117821824e-01 3.121448412224893687e+01
1.092451279871394787e+00 7.417498648797424265e-02 3.786969826638077308e+01 3.588076378057498128e-01 4.966238450293077866e-01 2.811031345965999506e+01
1.072785269144972187e+00 3.334227163529029231e-02 3.007820405220464011e+01 3.179949005433809761e-01 3.815928523384063964e-01 2.464042435508712714e+01
1.017132772547078234e+00 9.430477385305148508e-02 3.565164948812185486e+01 3.202758402103874080e-01 4.266807979315026533e-01 3.580193490215390995e+01
1.017132772547078234e+00 9.430477385305148508e-02 3.565164948812185486e+01 3.202758402103874080e-01 4.266807979315026533e-01 3.580193490215390995e+01
1.044882185420417331e+00 6.469313278423645397e-02 3.121199633285897690e+01 3.046884473440968355e-01 3.865705133090271972e-01 3.744731442366786212e+01
1.044355359352713286e+00 6.908265724258404183e-02 3.604562934017516795e+01 3.143144373284877391e-01 4.192115726850493274e-01 3.387877134867938622e+01
1.044355359352713286e+00 6.908265724258404183e-02 3.604562934017516795e+01 3.143144373284877391e-01 4.192115726850493274e-01 3.387877134867938622e+01
1.022961234468677816e+00 2.322651076848482321e-02 3.144370320076556169e+01 2.762791054673147673e-01 4.166874390663918293e-01 3.638371244258375015e+01
1.022961234468677816e+00 2.322651076848482321e-02 3.144370320076556169e+01 2.762791054673147673e-01 4.166874390663918293e-01 3.638371244258375015e+01
1.015598521237069285e+00 4.328994904678755418e-02 3.397758780463575334e+01 2.953480087304877211e-01 4.407319897949102394e-01 3.634324144504276433e+01
1.015598521237069285e+00 4.328994904678755418e-02 3.397758780463575334e+01 2.953480087304877211e-01 4.407319897949102394e-01 3.634324144504276433e+01
1.007523224178834109e+00 6.983401634657671053e-02 2.840636039588117256e+01 3.170053298830675104e-01 4.568245558195206391e-01 3.349195554488743909e+01
1.087042831174426905e+00 6.680683113895449776e-02 3.489358747532747884e+01 3.277930853565987901e-01 4.003501856055137198e-01 3.789099812802007250e+01
1.087042831174426905e+00 6.680683113895449776e-02 3.489358747532747884e+01 3.277930853565987901e-01 4.003501856055137198e-01 3.789099812802007250e+01
1.071192942643873547e+00 7.617032939527945690e-02 3.348785566787879020e+01 2.774220822200812453e-01 4.448299800073677313e-01 3.724436839073205618e+01
1.071192942643873547e+00 7.617032939527945690e-02 3.348785566787879020e+01 2.774220822200812453e-01 4.448299800073677313e-01 3.724436839073205618e+01
1.015703777810257114e+00 7.560083565972182396e-02 9.662934859768755658e+00 3.749049412883779797e-01 4.451023478143877887e-01 3.087272977105855176e+01
1.066734408018279012e+00 7.247988556765530554e-02 1.028334780254916225e+01 4.875296158360526433e-01 4.741837617308441444e-01 3.438370096052641856e+01
1.050238220992526061e+00 7.050141499652566590e-02 1.375061536845187504e+00 3.739614294829753383e-01 4.425384103350262777e-01 3.241407649158645654e+01
1.050238220992526061e+00 7.050141499652566590e-02 1.375061536845187504e+00 3.739614294829753383e-01 4.425384103350262777e-01 3.241407649158645654e+01
1.189184548746000658e+00 1.469569946742620148e-01 7.659220032177143977e+00 4.076833024651600468e-01 2.697499689274142631e-01 2.510011188597050591e+01
1.189184548746000658e+00 1.469569946742620148e-01 7.659220032177143977e+00 4.076833024651600468e-01 2.697499689274142631e-01 2.510011188597050591e+01
1.129418066141247623e+00 4.349128659242245537e-02 2.828654629245868080e+01 4.465258251578176907e-01 3.465379459194276590e-01 2.870135778122308778e+01
1.099336005491679868e+00 6.674684910264534754e-02 2.764105287186144722e+01 4.372354118599554584e-01 3.035913031732975775e-01 2.941772065653903212e+01
1.099336005491679868e+00 6.674684910264534754e-02 2.764105287186144722e+01 4.372354118599554584e-01 3.035913031732975775e-01 2.941772065653903212e+01
1.151132624065375420e+00 5.899231887348194842e-02 2.792446918574478687e+01 4.276723346886525667e-01 3.583065946762001852e-01 2.881122126202001965e+01
1.106208184805383077e+00 5.631118209214247550e-02 2.587835947367284462e+01 3.931829969198482599e-01 2.674947210620647886e-01 3.069720560199270665e+01
1.163071173387676405e+00 5.713966776009651166e-02 2.627289332245935682e+01 4.417443419270989935e-01 3.070435785339314383e-01 2.972506487858694513e+01
1.163071173387676405e+00 5.713966776009651166e-02 2.627289332245935682e+01 4.417443419270989935e-01 3.070435785339314383e-01 2.972506487858694513e+01
1.082074166333948373e+00 8.686216950718826657e-02 2.769412759863418927e+01 4.679181133552816618e-01 2.976858545034865577e-01 2.834390585064300794e+01
1.124220487459362872e+00 5.332068710278632662e-02 2.455349368735537041e+01 4.446093817870986897e-01 3.205146483798965162e-01 2.966893168059619867e+01
1.124220487459362872e+00 5.332068710278632662e-02 2.455349368735537041e+01 4.446093817870986897e-01 3.205146483798965162e-01 2.966893168059619867e+01
1.176921041121248068e+00 4.034670184997320164e-02 2.457074572074892060e+01 6.208309811022914015e-01 3.250323872110441048e-01 3.894155012777711988e+01
1.204243381267283919e+00 7.404436562710053904e-02 2.110853863016471266e+01 6.490051316296512329e-01 3.466891007812508696e-01 3.543378732180497082e+01
1.204243381267283919e+00 7.404436562710053904e-02 2.110853863016471266e+01 6.490051316296512329e-01 3.466891007812508696e-01 3.543378732180497082e+01
1.201809088759093536e+00 3.683780899851924612e-02 1.554690571638509766e+01 5.596825686433012370e-01 3.106972574391424491e-01 3.646637302110338652e+01
1.179986188598703301e+00 3.685041126727621463e-02 2.194077682490899406e+01 6.049988083795101446e-01 2.961884805751520133e-01 3.682955800695462045e+01
1.179986188598703301e+00 3.685041126727621463e-02 2.194077682490899406e+01 6.049988083795101446e-01 2.961884805751520133e-01 3.682955800695462045e+01
1.237508063224763921e+00 3.478012548595872666e-02 2.230723451274553071e+01 5.650872513296379962e-01 2.781211856218532286e-01 3.418617937832638631e+01
1.237508063224763921e+00 3.478012548595872666e-02 2.230723451274553071e+01 5.650872513296379962e-01 2.781211856218532286e-01 3.418617937832638631e+01
1.209490724689734842e+00 3.651885332099734371e-02 2.510127036447061855e+01 6.455937361756298731e-01 3.628582637908228103e-01 3.579229971984916858e+01
1.170175729945969412e+00 5.617213106642229836e-02 2.270544872013758919e+01 6.232866871042722634e-01 3.011473078925109848e-01 3.692215171493261749e+01
1.170175729945969412e+00 5.617213106642229836e-02 2.270544872013758919e+01 6.232866871042722634e-01 3.011473078925109848e-01 3.692215171493261749e+01
1.175097522178725873e+00 5.737699840571479359e-02 1.855150599130967137e+01 5.835579497160483520e-01 3.536334437759148797e-01 3.808467838775960246e+01
1.148256559451779291e+00 8.474068536801687701e-03 2.111148249020269674e+01 5.615082303784760809e-01 2.682145845601972556e-01 3.942083799092576157e+01
1.148408165110698542e+00 3.011671866451445800e-02 2.480285336552790199e+01 5.796897152956599353e-01 2.768171490395818779e-01 3.879043223862781531e+01
1.148408165110698542e+00 3.011671866451445800e-02 2.480285336552790199e+01 5.796897152956599353e-01 2.768171490395818779e-01 3.879043223862781531e+01
1.138974287213835312e+00 2.196068819654437704e-02 2.033952558244289222e+01 5.528204298708033759e-01 2.719281290903676762e-01 4.000000000000000000e+01
1.138974287213835312e+00 2.196068819654437704e-02 2.033952558244289222e+01 5.528204298708033759e-01 2.719281290903676762e-01 4.000000000000000000e+01
1.133059911891142857e+00 5.077598241339190133e-02 2.088810769583207616e+01 5.352370017114452816e-01 2.857326770387529358e-01 3.723498610861992830e+01
1.133059911891142857e+00 5.077598241339190133e-02 2.088810769583207616e+01 5.352370017114452816e-01 2.857326770387529358e-01 3.723498610861992830e+01
1.103381699729618193e+00 5.888229569955324982e-02 3.157342480849632693e+01 5.942390204393148689e-01 3.536793258755618896e-01 3.994894653259067496e+01
1.103381699729618193e+00 5.888229569955324982e-02 3.157342480849632693e+01 5.942390204393148689e-01 3.536793258755618896e-01 3.994894653259067496e+01
1.123192672419648153e+00 2.475359262705781327e-02 3.135826573639164749e+01 5.803117470685733581e-01 3.626407895070621890e-01 3.712855847410034471e+01
1.123192672419648153e+00 2.475359262705781327e-02 3.135826573639164749e+01 5.803117470685733581e-01 3.626407895070621890e-01 3.712855847410034471e+01
1.125105406202176139e+00 5.551321301527560592e-02 2.960234925639667836e+01 6.141766185365650221e-01 3.425371127243757030e-01 3.771374033834440809e+01
1.125105406202176139e+00 5.551321301527560592e-02 2.960234925639667836e+01 6.141766185365650221e-01 3.425371127243757030e-01 3.771374033834440809e+01
1.102616234569351317e+00 2.133844122831279194e-02 3.339698482029180582e+01 6.017556520720407365e-01 3.686416735869975647e-01 3.803705503240784935e+01
1.090218752450861084e+00 6.743923679740125576e-02 2.106118937339662978e+01 5.372743760137784763e-01 3.279655959375499252e-01 2.600617648339691712e+01
1.071011912717416026e+00 1.288309280392969935e-01 1.580345500411598714e+01 4.937258390847313883e-01 4.579855750232176281e-01 2.770244094109053279e+01
1.094066643592262578e+00 7.084257662826156862e-03 2.358674075982398222e+01 2.875608134284284856e-01 3.002408048801371576e-01 3.083473359406592351e+01
1.133604201421835711e+00 0.000000000000000000e+00 2.697081668274136490e+01 3.325882539490554457e-01 3.022671212708122335e-01 3.053289990242502228e+01
1.133604201421835711e+00 0.000000000000000000e+00 2.697081668274136490e+01 3.325882539490554457e-01 3.022671212708122335e-01 3.053289990242502228e+01
1.121588984877637918e+00 1.417917618826258774e-03 1.847997361312943809e+01 2.830146309229344959e-01 2.797611584006153285e-01 3.038882888037298358e+01
1.119641660089424118e+00 5.491214360876102776e-03 1.792223230203168072e+01 3.199358548662399881e-01 3.599870786651015453e-01 3.079643176637710411e+01
1.146337189425838954e+00 2.887683843517632049e-02 2.065400594955417546e+01 2.627656735127774090e-01 2.584186695313331339e-01 3.235851341862031916e+01
1.111633522639957850e+00 5.447730972296564722e-02 1.642438792198279884e+01 3.332801092805974807e-01 3.284070438401374692e-01 3.215953026065483300e+01
1.111633522639957850e+00 5.447730972296564722e-02 1.642438792198279884e+01 3.332801092805974807e-01 3.284070438401374692e-01 3.215953026065483300e+01
1.142083317974542434e+00 4.278515959551686815e-02 1.690727989562805789e+01 3.601126966738116830e-01 3.362417264037641518e-01 3.323404638286005053e+01
1.084142515876331370e+00 0.000000000000000000e+00 1.577919265592989895e+01 4.086839073668941946e-01 2.782294264134369532e-01 3.327939216388843846e+01
1.030496604459165466e+00 3.682216366083265746e-02 1.637958534683464151e+01 3.653903483831741905e-01 3.691720035673548561e-01 2.843796087225598868e+01
1.107699802423782742e+00 4.851032994683537186e-02 1.400702542250613547e+01 3.612527062704223302e-01 3.958195124513905205e-01 2.910241619983934669e+01
1.024739567000201301e+00 1.264410650036554978e-02 1.052196822905744789e+01 3.901188656126651777e-01 4.257810149516347842e-01 3.065882792136658352e+01
1.024739567000201301e+00 1.264410650036554978e-02 1.052196822905744789e+01 3.901188656126651777e-01 4.257810149516347842e-01 3.065882792136658352e+01
9.102255247601556132e-01 1.152233822312186545e-01 3.788496120979381487e+01 2.652067160529821832e-01 3.599955640561477987e-01 3.255405630414730922e+01
9.102255247601556132e-01 1.152233822312186545e-01 3.788496120979381487e+01 2.652067160529821832e-01 3.599955640561477987e-01 3.255405630414730922e+01
9.497780033624452223e-01 1.086562142895767802e-01 4.005800069090749105e+01 1.100750668365951396e-01 4.074935793318314459e-01 2.423545679593948066e+01
9.403021168687669684e-01 7.969252477520068212e-02 3.748702430132517804e+01 1.202690846897636612e-01 3.790346145575589909e-01 2.377173874825290412e+01
9.628703779397985718e-01 7.623335430543611013e-02 4.206674283190842090e+01 1.013033739011361956e-01 3.996668693922756366e-01 2.390934566290473029e+01
9.628703779397985718e-01 7.623335430543611013e-02 4.206674283190842090e+01 1.013033739011361956e-01 3.996668693922756366e-01 2.390934566290473029e+01
9.159008904100344184e-01 1.170053512072444790e-01 3.381561484741438761e+01 3.167292174795877657e-01 3.451445015324879906e-01 2.922313673253339772e+01
8.585022496039659279e-01 1.373839846420945587e-01 3.497119603151431022e+01 2.997702716900008113e-01 3.123193308224148090e-01 3.025439365803602598e+01
9.071512067658759060e-01 1.099676603773809963e-01 3.431538855513829844e+01 3.095555524295154903e-01 3.646004919117322163e-01 3.112431398425423623e+01
9.071512067658759060e-01 1.099676603773809963e-01 3.431538855513829844e+01 3.095555524295154903e-01 3.646004919117322163e-01 3.112431398425423623e+01
1.016325117232165010e+00 1.355515741233284943e-01 2.611879595187594560e+01 3.811038005934700434e-01 3.395714275765611689e-01 3.091304063859239903e+01
1.016325117232165010e+00 1.355515741233284943e-01 2.611879595187594560e+01 3.811038005934700434e-01 3.395714275765611689e-01 3.091304063859239903e+01
1.055174456225493440e+00 1.173190042720134579e-01 2.562595887775268011e+01 3.430912699813545852e-01 3.568680715271027037e-01 2.667582947419320760e+01
1.055174456225493440e+00 1.173190042720134579e-01 2.562595887775268011e+01 3.430912699813545852e-01 3.568680715271027037e-01 2.667582947419320760e+01
9.923268450186114586e-01 5.948899072573091140e-02 4.354852915798657165e+01 1.292016855556127330e-01 3.288679519469940860e-01 3.252674997732643902e+01
9.447145365512386039e-01 3.829009100362054663e-02 4.309407164235458509e+01 2.496384442160236583e-01 3.649440536427447368e-01 2.832193698744369570e+01
9.749550956588158845e-01 6.225946533389228182e-02 3.900946343744988809e+01 2.894677662249180994e-01 3.455616950269492782e-01 3.202057510730902123e+01
1.037086695417013038e+00 6.148481050561544620e-02 3.486710076455613461e+01 3.072972643876693000e-01 4.006403970776971635e-01 2.878243485958280701e+01
1.037086695417013038e+00 6.148481050561544620e-02 3.486710076455613461e+01 3.072972643876693000e-01 4.006403970776971635e-01 2.878243485958280701e+01
9.895722496656174094e-01 6.504863286141610024e-02 3.581225371622509357e+01 3.936894894307008119e-01 3.633108678109894241e-01 3.312645977497565042e+01
1.010893756863307846e+00 6.006056367803024737e-02 3.280185230154007314e+01 3.939437388087532743e-01 3.610226503502079187e-01 3.243377172017936516e+01
1.021858018507454835e+00 9.683263996537350149e-02 2.966447227235618911e+01 3.475830966199243144e-01 3.707312433512095495e-01 3.266226575149723743e+01
9.400385531450574650e-01 5.140607312761352743e-02 4.172517241486384165e+01 2.419673433495090897e-01 4.469632275000283705e-01 2.660331370156442432e+01
8.146678450133524318e-01 7.373614078783090331e-02 4.115383837065780881e+01 3.085389237141610841e-01 5.125764144731032035e-01 2.536596646128093369e+01
8.753532702882310668e-01 8.212541974885700924e-02 4.357927487485628859e+01 2.990113543892298220e-01 5.289148669072536446e-01 2.647406045247749873e+01
8.753532702882310668e-01 8.212541974885700924e-02 4.357927487485628859e+01 2.990113543892298220e-01 5.289148669072536446e-01 2.647406045247749873e+01
9.304578276615518284e-01 8.536133216907104693e-02 3.107934234938334939e+01 3.339229239400091087e-01 3.280145346880731783e-01 2.703253341658947662e+01
1.003610856868066614e+00 7.066042175034085993e-02 3.224050285405703420e+01 2.485046732465465980e-01 3.885926549087276860e-01 2.534115433027713493e+01
1.003610856868066614e+00 7.066042175034085993e-02 3.224050285405703420e+01 2.485046732465465980e-01 3.885926549087276860e-01 2.534115433027713493e+01
1.056758320923510741e+00 7.696334603051577239e-02 3.139149629435339151e+01 3.064298863127506989e-01 4.246319379654968085e-01 2.323997156802062491e+01
9.429292248905740692e-01 7.927875943924098112e-02 3.930394923744404423e+01 1.705985475317577382e-01 3.368562330138788474e-01 2.526909369970244157e+01
9.429292248905740692e-01 7.927875943924098112e-02 3.930394923744404423e+01 1.705985475317577382e-01 3.368562330138788474e-01 2.526909369970244157e+01
1.008291442453497222e+00 7.959815736570403921e-02 2.606867281789718049e+01 1.932444621763525772e-01 3.946625268658847663e-01 2.423519601964131098e+01
1.030505344446031701e+00 6.096124359653048302e-02 3.400121068867142782e+01 2.369450534897952487e-01 3.740227850279045918e-01 2.678660310416431400e+01
1.030505344446031701e+00 6.096124359653048302e-02 3.400121068867142782e+01 2.369450534897952487e-01 3.740227850279045918e-01 2.678660310416431400e+01
9.794783151754772321e-01 2.915687288753777626e-02 3.636100150862895930e+01 2.001325616208382840e-01 4.169601874355301496e-01 2.715187142769288897e+01
9.984976370211843255e-01 5.877074552451953815e-02 3.390469801134106831e+01 2.379256811190348375e-01 3.752220554134106933e-01 2.637772700636025291e+01
9.984976370211843255e-01 5.877074552451953815e-02 3.390469801134106831e+01 2.379256811190348375e-01 3.752220554134106933e-01 2.637772700636025291e+01
9.873376801699390581e-01 1.108350814449518690e-01 4.645656573589381111e+01 2.733379706645988616e-01 3.632226466752970229e-01 2.690498631534011409e+01
9.871043582138098182e-01 1.318786181624083120e-01 4.728237947051927392e+01 2.549195339604231614e-01 3.773531354622485789e-01 2.907979488388107825e+01
9.360169433071848788e-01 1.097985191070293826e-01 4.464307953351092095e+01 2.169394826074980687e-01 3.471073604841513061e-01 2.462615581394452491e+01
9.360169433071848788e-01 1.097985191070293826e-01 4.464307953351092095e+01 2.169394826074980687e-01 3.471073604841513061e-01 2.462615581394452491e+01
9.864158440780299575e-01 1.226182497079133238e-01 4.563419192920399325e+01 2.499718089736944204e-01 3.392095906206878397e-01 2.859588383684830148e+01
9.864158440780299575e-01 1.226182497079133238e-01 4.563419192920399325e+01 2.499718089736944204e-01 3.392095906206878397e-01 2.859588383684830148e+01
9.471631240030221610e-01 8.511839055880898730e-02 3.881503543326699202e+01 1.631565437814784247e-01 3.623672584000662833e-01 2.496079034148640829e+01
9.486056481371809568e-01 1.116081524860195323e-01 4.907547402104512457e+01 3.994045812295995979e-01 3.896852827941430508e-01 2.780733678522454255e+01
9.273527487309141115e-01 1.038729450338164439e-01 4.108050108526654753e+01 3.600973950796180767e-01 4.138359448602259572e-01 2.497015730669049560e+01
9.419273456117257526e-01 1.133892349413860995e-01 4.547377477210750385e+01 3.393166889317741908e-01 4.079555838734433282e-01 2.796917681785668464e+01
9.114104538319526272e-01 1.411471289171301602e-01 3.646400257950907786e+01 2.602436916045899884e-01 3.693721412921679992e-01 2.615769926177896565e+01
9.114104538319526272e-01 1.411471289171301602e-01 3.646400257950907786e+01 2.602436916045899884e-01 3.693721412921679992e-01 2.615769926177896565e+01
9.350054365171003301e-01 2.072461921494249404e-01 3.412587119015376658e+01 1.897516262925796893e-01 3.519100259886623339e-01 3.094353052018638905e+01
9.217785837156587947e-01 2.334754858033949998e-01 3.473056637068211217e+01 2.452608450770631665e-01 3.104410452707196399e-01 3.015841249969557225e+01
8.899478219702059434e-01 2.175188105902593760e-01 3.236721732719981048e+01 2.141112161954311921e-01 3.538288718946801525e-01 3.184351427377133348e+01
8.810005511060993166e-01 2.594542336711837538e-01 3.378245234260297991e+01 1.475662909415668134e-01 3.797405543500775860e-01 2.931615874282827505e+01
8.810005511060993166e-01 2.594542336711837538e-01 3.378245234260297991e+01 1.475662909415668134e-01 3.797405543500775860e-01 2.931615874282827505e+01
9.201467862657423114e-01 1.763835119170542309e-01 3.741621685810400777e+01 2.602163875059607667e-01 4.321988798406902754e-01 2.985794879806422486e+01
9.555938547761535506e-01 1.123493117440261535e-01 2.683682778464829255e+01 2.076175938044266256e-01 4.554006127526016301e-01 3.032801165508016794e+01
9.357343558745671031e-01 1.265407474927220111e-01 4.431349044354946187e+01 2.865270870181705898e-01 3.181105677097861850e-01 3.005204681170568293e+01
9.773574785949921129e-01 6.280726157731673920e-02 4.030581181742596897e+01 1.888240927440544559e-01 3.620916483656285711e-01 3.134244867509840660e+01
9.773574785949921129e-01 6.280726157731673920e-02 4.030581181742596897e+01 1.888240927440544559e-01 3.620916483656285711e-01 3.134244867509840660e+01
1.020795661335095694e+00 5.734012878111187372e-02 4.460568956505006355e+01 3.635222054653157175e-01 3.940331945575759054e-01 2.642261818850171551e+01
1.040402078482760340e+00 5.790226313226966987e-02 3.127564135525586408e+01 3.872906801525983767e-01 1.655433659808016877e-01 2.869177466767380480e+01
1.038969984077128039e+00 1.163536429046880538e-01 3.706142650948626027e+01 5.264574236032487642e-01 2.339840815602587387e-01 2.078942895260370705e+01
1.038969984077128039e+00 1.163536429046880538e-01 3.706142650948626027e+01 5.264574236032487642e-01 2.339840815602587387e-01 2.078942895260370705e+01
1.005535066673486577e+00 1.006738337812735917e-01 3.703647368471577295e+01 4.283885039173253029e-01 2.475994875468457979e-01 2.522283004039012866e+01
1.049167621936835104e+00 8.000471607057228762e-02 3.780817727972081599e+01 4.679968293166554272e-01 3.087580583637843934e-01 2.538954661432160265e+01
1.049167621936835104e+00 8.000471607057228762e-02 3.780817727972081599e+01 4.679968293166554272e-01 3.087580583637843934e-01 2.538954661432160265e+01
1.071014526925973209e+00 7.131384762459422322e-02 4.929375699665921218e+01 4.768902634095327220e-01 1.512964286759237165e-01 3.475192696971827644e+01
1.103341582497397555e+00 6.381844071673799246e-02 4.983690511233821496e+01 4.080933134392061290e-01 1.322537759423881298e-01 3.674623499280247785e+01
1.060330688742118666e+00 5.676136284207001365e-02 5.200000000000000000e+01 4.085135119772166923e-01 1.897906864544112449e-01 3.739791887644850021e+01
1.060330688742118666e+00 5.676136284207001365e-02 5.200000000000000000e+01 4.085135119772166923e-01 1.897906864544112449e-01 3.739791887644850021e+01
1.112220681249439957e+00 0.000000000000000000e+00 5.200000000000000000e+01 4.684404484639307364e-01 1.459396067026539623e-01 3.671411313159573808e+01
1.112220681249439957e+00 0.000000000000000000e+00 5.200000000000000000e+01 4.684404484639307364e-01 1.459396067026539623e-01 3.671411313159573808e+01
1.099040044846414155e+00 1.125644714677377922e-01 2.225776015703143784e+01 3.098878100883862285e-01 3.326130793128925234e-01 2.482350329262651201e+01
1.097025145417796610e+00 1.289456628997495136e-01 2.676993153452099250e+01 3.406359475205701370e-01 3.296353375722722578e-01 2.658847835274130844e+01
9.680229757887087727e-01 4.763225759038635515e-02 4.965720173330032594e+01 2.539313954039504329e-01 3.909117813390433072e-01 3.719451890297487751e+01
1.050332283607012807e+00 6.933834964304948223e-02 4.341885512148351722e+01 2.256761100556566590e-01 4.387996715486248145e-01 3.648610952934582485e+01
1.054240510749031356e+00 4.825510394344718207e-02 4.325864536312450781e+01 2.274351212955406654e-01 4.163988461160919585e-01 3.345433209317969414e+01
1.054240510749031356e+00 4.825510394344718207e-02 4.325864536312450781e+01 2.274351212955406654e-01 4.163988461160919585e-01 3.345433209317969414e+01
1.034310422734274093e+00 4.888136192133358399e-02 4.626821799138319591e+01 2.227982818567140200e-01 3.958824969498748736e-01 3.505659998140183831e+01
9.360026280124287279e-01 1.569103153328111344e-01 3.211730143830681072e+01 2.563709371436297957e-01 4.277830877016690625e-01 2.601391958268326832e+01
1.092793291425575131e+00 5.209503472724170275e-02 4.151332574082272231e+01 3.281281703837209962e-01 3.765099530348156032e-01 3.372346656996946734e+01
1.092793291425575131e+00 5.209503472724170275e-02 4.151332574082272231e+01 3.281281703837209962e-01 3.765099530348156032e-01 3.372346656996946734e+01
1.016580328172253189e+00 6.200288788969395004e-02 4.201588000413464385e+01 3.242788489069132196e-01 3.528491921244141794e-01 3.394120680766997111e+01
1.042571672295906637e+00 4.569835123574206293e-02 4.101387330354963012e+01 2.921765571275872220e-01 3.626218615787831778e-01 3.224967813780029502e+01
1.042571672295906637e+00 4.569835123574206293e-02 4.101387330354963012e+01 2.921765571275872220e-01 3.626218615787831778e-01 3.224967813780029502e+01
1.039866170434458059e+00 5.089413995224054132e-02 4.054389918661416203e+01 3.385581686495093834e-01 3.791510933523063454e-01 3.203496075408567378e+01
1.039866170434458059e+00 5.089413995224054132e-02 4.054389918661416203e+01 3.385581686495093834e-01 3.791510933523063454e-01 3.203496075408567378e+01
1.060030377987108974e+00 5.980424906918684058e-02 4.509711380548230153e+01 2.606269421047857082e-01 3.173262245570174223e-01 2.983988679146035494e+01
1.044553302480057511e+00 4.916200448093506481e-02 4.279113364618340398e+01 3.058366620196634189e-01 3.114948669755311927e-01 3.333137174349348442e+01
1.044553302480057511e+00 4.916200448093506481e-02 4.279113364618340398e+01 3.058366620196634189e-01 3.114948669755311927e-01 3.333137174349348442e+01
9.877601527483319543e-01 1.983396166977160341e-02 4.431458593399953827e+01 1.975468748054182710e-01 4.099481123848923714e-01 3.209494098313457755e+01
1.011835624966914482e+00 4.192904943365092368e-02 3.950853986136667118e+01 2.732220047968054732e-01 4.440199266866093342e-01 2.900368468795415922e+01
1.011835624966914482e+00 4.192904943365092368e-02 3.950853986136667118e+01 2.732220047968054732e-01 4.440199266866093342e-01 2.900368468795415922e+01
1.036882952936932112e+00 6.266076053732103079e-02 3.408081481803172608e+01 2.756231304043220698e-01 4.200455820099163740e-01 2.966465566855982416e+01
1.036882952936932112e+00 6.266076053732103079e-02 3.408081481803172608e+01 2.756231304043220698e-01 4.200455820099163740e-01 2.966465566855982416e+01
9.928865020922601481e-01 0.000000000000000000e+00 3.451110753769137318e+01 2.979191679077398125e-01 4.348644009423996426e-01 2.559426177227545196e+01
9.928865020922601481e-01 0.000000000000000000e+00 3.451110753769137318e+01 2.979191679077398125e-01 4.348644009423996426e-01 2.559426177227545196e+01
9.963908408475218303e-01 6.661375969738328462e-02 4.541979782896652296e+01 3.123118892501990373e-01 1.638719019181015812e-01 3.337983263196800010e+01
9.963908408475218303e-01 6.661375969738328462e-02 4.541979782896652296e+01 3.123118892501990373e-01 1.638719019181015812e-01 3.337983263196800010e+01
1.055540898365889380e+00 1.272779844753723077e-01 4.642746133877731296e+01 3.146010498500400043e-01 1.780994765516983325e-01 3.174582038647360704e+01
1.070450157522550239e+00 2.262945184624162720e-02 4.721611530536161183e+01 3.252478713672034560e-01 1.485210733145191087e-01 3.437088397225942060e+01
1.070450157522550239e+00 2.262945184624162720e-02 4.721611530536161183e+01 3.252478713672034560e-01 1.485210733145191087e-01 3.437088397225942060e+01
1.044505229201236451e+00 9.191583468970107584e-02 4.781322935723444800e+01 3.891685481161151761e-01 1.327433810116799284e-01 3.157510628858488033e+01
1.042992398286659350e+00 9.178989415895826010e-02 4.479834510538994152e+01 2.470203628467687595e-01 1.885757569850958215e-01 3.195799965823409039e+01
1.004483020167173946e+00 1.157646557652556030e-01 4.488730322074422219e+01 3.456439141404658022e-01 1.419953845744589827e-01 3.062271955504052912e+01
9.977600390056199364e-01 7.147772295006096788e-02 4.650778357817399922e+01 2.689224764922035771e-01 2.762550206530836050e-01 2.895491673023594004e+01
1.019983338899146164e+00 1.119453636676715283e-02 4.804885794125108589e+01 3.055312175583648759e-01 2.879906341189252261e-01 2.940100385620076651e+01
9.884344309824028008e-01 1.123714277110206827e-01 4.324754321918052113e+01 3.938776971484884148e-01 3.891522987796045552e-01 2.688368113709963581e+01
1.095582177215089548e+00 4.695574653101517587e-02 4.823456960777326685e+01 4.151856990755546928e-01 3.533488104696483334e-01 2.670621002497186680e+01
1.103881802689713920e+00 1.905734694085885195e-02 4.255448362763819858e+01 3.643540083492082804e-01 4.033591767349286594e-01 3.487916454271712752e+01
1.073361074909410684e+00 2.250919119398178680e-01 3.168594222606637700e+01 3.866126708301236281e-01 2.181343144170085624e-01 3.241602385825886046e+01
1.073361074909410684e+00 2.250919119398178680e-01 3.168594222606637700e+01 3.866126708301236281e-01 2.181343144170085624e-01 3.241602385825886046e+01
1.174852051805746367e+00 8.849800764882568421e-03 3.159177128901543341e+01 3.353389065712255590e-01 1.707988268773437679e-01 2.192293432020444044e+01
1.120972327827266302e+00 2.022577469896511687e-02 4.264203590945751898e+01 2.829859048157065127e-01 2.500817729106602494e-01 2.315789691743070478e+01
1.179513555252017509e+00 1.732689861494728784e-03 3.763697241823843598e+01 2.780765298884833037e-01 1.992330277234969915e-01 2.150325466257314488e+01
1.124649841189259147e+00 0.000000000000000000e+00 3.443395575978125578e+01 3.837965435469627984e-01 2.123610170366457273e-01 2.464704421145978941e+01
1.124649841189259147e+00 0.000000000000000000e+00 3.443395575978125578e+01 3.837965435469627984e-01 2.123610170366457273e-01 2.464704421145978941e+01
1.108693069252559615e+00 1.169882322192077467e-01 3.256648110993113221e+01 3.578554371555052738e-01 1.177021648471702070e-01 2.607605089168743717e+01
1.080447248831948759e+00 1.283839279373504283e-01 2.993352579974291672e+01 3.483016076461994959e-01 1.292019266511190423e-01 2.817980014626959573e+01
1.036667846605719978e+00 1.341400968054564657e-01 3.132944827865635062e+01 5.133991818174081789e-01 2.714900249057691228e-01 3.318391379588180712e+01
1.036667846605719978e+00 1.341400968054564657e-01 3.132944827865635062e+01 5.133991818174081789e-01 2.714900249057691228e-01 3.318391379588180712e+01
9.670262192494870623e-01 2.273315098226491859e-01 3.963374579728687053e+01 4.545195793695160913e-01 2.438460755983974382e-01 3.600498396684859870e+01
9.796269087849243107e-01 2.366278324149994061e-01 3.474130453224263704e+01 4.154626441477110577e-01 2.718209360915303519e-01 3.438627631891870351e+01
1.064742443183973819e+00 1.065701203657989510e-01 4.129064256321325388e+01 2.467949887518907925e-01 3.152178084450829032e-01 2.246360079125154385e+01
1.033321072095696236e+00 1.352268299097030835e-01 3.942186131263374449e+01 2.344333158291112829e-01 2.916686350853165965e-01 2.283373301073356032e+01
1.082159304627076990e+00 1.467204970181858470e-01 3.644499667448335600e+01 2.315696519435940237e-01 3.204910454750215520e-01 2.400610040641711507e+01
1.092761414786548979e+00 1.036818202095866059e-01 4.569394662788664618e+01 5.191825519321340010e-02 3.706539146566049103e-01 2.674215951143703762e+01
1.112626802968126993e+00 1.520154387128337947e-01 4.072742944892348049e+01 5.627120949049985166e-02 2.982078698151872098e-01 2.842565543118630700e+01
1.112350962556740264e+00 1.210932392843819538e-01 3.904030165166271615e+01 4.896989089601786610e-02 3.400836364700737802e-01 2.735220465825110026e+01
1.057565657063006315e+00 1.314779174150581265e-01 3.959084680984378934e+01 7.476725540795348124e-02 3.382056973413996026e-01 2.705726138219837296e+01
1.122786658155284334e+00 9.612506328645686882e-02 3.022250638986741578e+01 1.875961789432746829e-01 4.095677794514823722e-01 2.881908095842058870e+01
1.092782784551162401e+00 1.425300236551185484e-01 2.704037105787930173e+01 1.413062059724670694e-01 4.130984468570462198e-01 3.097880762823661982e+01
1.096581144085867932e+00 1.042180580482829633e-01 3.101209789021301333e+01 1.780852205857383075e-01 3.912190964752881861e-01 3.257010375882036612e+01
1.079128085276425564e+00 1.717737561227530851e-01 4.003262985624520809e+01 3.794866110183327534e-01 3.964569904376148424e-01 2.470112255840364313e+01
1.043903807700284014e+00 1.587643621059283416e-01 3.532734094635792133e+01 3.480422295915240882e-01 3.949476406242623527e-01 2.523900282186915689e+01
1.043903807700284014e+00 1.587643621059283416e-01 3.532734094635792133e+01 3.480422295915240882e-01 3.949476406242623527e-01 2.523900282186915689e+01
1.085587299907801784e+00 1.502725677867765008e-01 3.842882855888864668e+01 3.845918327079914656e-01 3.717040476740438582e-01 2.463745051419094167e+01
1.048089125286287171e+00 1.815423204108160549e-01 4.031563489145574408e+01 3.814212967564922230e-01 4.412581436225507248e-01 2.663962200685750048e+01
1.050401336852631040e+00 1.374723640813743653e-01 3.691734357589024285e+01 4.409617052106188373e-01 4.048382914933849608e-01 2.431779237116687753e+01
1.050401336852631040e+00 1.374723640813743653e-01 3.691734357589024285e+01 4.409617052106188373e-01 4.048382914933849608e-01 2.431779237116687753e+01
1.151852594821252573e+00 8.112479351614175493e-02 2.958131149307802588e+01 4.921786677723591352e-01 2.572540035997202823e-01 3.175431282106317354e+01
1.067163631071756713e+00 2.516500034736202096e-01 3.789978654224912447e+01 4.643510814508323703e-01 2.947538812602816805e-01 3.409279669394283019e+01
1.064458062806090677e+00 2.498087213078953317e-01 4.490793293473807779e+01 4.384388623848245459e-01 2.138992929083454730e-01 3.518340437613669280e+01
1.058713138396692788e+00 2.366601220174081310e-01 3.792537384348821661e+01 4.676841261667148419e-01 3.083102934618690005e-01 3.449786673613064636e+01
1.086713871549805033e+00 2.334464917202889733e-01 3.756614620994645293e+01 4.560801440844893806e-01 2.283023296737681229e-01 3.287903226128314316e+01
1.094653985879014746e+00 1.943227306595025627e-01 4.324924305138371494e+01 5.063043244949899657e-01 2.570173622655414492e-01 2.881946256654654448e+01
1.126347120922796430e+00 1.895164760297055051e-01 4.133374451204907984e+01 5.364033599812506603e-01 2.459975726743527102e-01 2.757465605211559634e+01
1.043136897204876234e+00 1.699441666913906190e-01 4.345423071186046116e+01 4.915705664384438234e-01 2.473104693450747238e-01 3.240016408022211891e+01
9.630865919821460785e-01 2.068396972761572250e-01 4.768308175822012629e+01 3.323656827803747049e-01 3.839728633861121954e-01 2.983509446272287491e+01
1.026390909294522036e+00 1.849553619603612753e-01 4.323569444398645345e+01 2.809230566451432209e-01 3.966238023125124856e-01 2.826893996959339361e+01
1.026390909294522036e+00 1.849553619603612753e-01 4.323569444398645345e+01 2.809230566451432209e-01 3.966238023125124856e-01 2.826893996959339361e+01
9.626714767713476784e-01 1.479161858562288434e-01 4.377171543961842559e+01 3.899032610528683218e-01 3.636363746466115821e-01 2.944428112721275781e+01
9.685040288697079891e-01 1.683709610811103818e-01 4.419559151097775640e+01 3.887163935978157903e-01 3.808341758785829256e-01 2.948806667870352527e+01
9.992874154213298166e-01 1.677704125208163144e-01 5.016169644254600257e+01 3.655290005367952677e-01 3.675437266632653466e-01 2.885528523854350880e+01
1.171781774555654687e+00 9.487464213855298367e-02 3.408301313299799062e+01 3.735842894195013919e-01 3.291451189878477623e-01 3.045226683859790029e+01
1.152872189524310143e+00 4.566400270603369893e-02 3.518724628285894340e+01 3.386754070478746326e-01 3.441290407261984319e-01 2.711856103486436709e+01
1.152872189524310143e+00 4.566400270603369893e-02 3.518724628285894340e+01 3.386754070478746326e-01 3.441290407261984319e-01 2.711856103486436709e+01
1.163107077494255348e+00 2.987500011699564806e-02 3.665038747257956686e+01 2.612507223702261738e-01 3.104247292283112691e-01 2.514344494791534501e+01
1.163107077494255348e+00 2.987500011699564806e-02 3.665038747257956686e+01 2.612507223702261738e-01 3.104247292283112691e-01 2.514344494791534501e+01
1.171847395965176286e+00 4.187238824182574343e-02 3.772971836261998391e+01 4.034759294851885114e-01 3.078412945167201542e-01 2.621419352564226912e+01
1.174625351758197267e+00 3.793936984906910725e-02 3.548704541504658749e+01 3.664979368692843908e-01 3.124641418305330043e-01 2.821216794565563646e+01
1.174625351758197267e+00 3.793936984906910725e-02 3.548704541504658749e+01 3.664979368692843908e-01 3.124641418305330043e-01 2.821216794565563646e+01
1.094795812120026968e+00 1.335665541591421479e-01 4.447980977063277663e+01 4.623525506135476859e-01 2.438761204375146097e-01 3.435218384281849069e+01
